ticker,date,stat,threshold,mu_sim,dist,p_sim,p_nb,y,p_play
KXNBAPTS-26APR12ORLBOS-ORLDBANE3-10,2026-04-12,pts,9.5,14.38275,-4.88275,0.751,0.7417401774726937,0.0,1.0
KXNBAPTS-26APR12ORLBOS-ORLDBANE3-15,2026-04-12,pts,14.5,14.38275,0.1172500000000003,0.45225,0.43896950507688914,0.0,1.0
KXNBAPTS-26APR12ORLBOS-ORLDBANE3-20,2026-04-12,pts,19.5,14.38275,5.11725,0.21125,0.20877634412202117,0.0,1.0
KXNBAPTS-26APR12ORLBOS-ORLDBANE3-25,2026-04-12,pts,24.5,14.38275,10.11725,0.08125,0.08428949016970044,0.0,1.0
KXNBAPTS-26APR12ORLBOS-ORLDBANE3-30,2026-04-12,pts,29.5,14.38275,15.11725,0.0245,0.030087459909334924,0.0,1.0
KXNBAPTS-26APR12ORLBOS-ORLFWAGNER22-10,2026-04-12,pts,9.5,12.34425,-2.8442500000000006,0.63975,0.6413296778611303,1.0,1.0
KXNBAPTS-26APR12ORLBOS-ORLFWAGNER22-15,2026-04-12,pts,14.5,12.34425,2.1557499999999994,0.33725,0.31747643252375846,1.0,1.0
KXNBAPTS-26APR12ORLBOS-ORLFWAGNER22-20,2026-04-12,pts,19.5,12.34425,7.155749999999999,0.137,0.12272778723791322,1.0,1.0
KXNBAPTS-26APR12ORLBOS-ORLFWAGNER22-25,2026-04-12,pts,24.5,12.34425,12.15575,0.04225,0.03971860380054382,0.0,1.0
KXNBAPTS-26APR12ORLBOS-ORLFWAGNER22-30,2026-04-12,pts,29.5,12.34425,17.155749999999998,0.0115,0.011281383434239567,0.0,1.0
KXNBAPTS-26APR12ORLBOS-ORLJSUGGS4-10,2026-04-12,pts,9.5,11.08525,-1.5852500000000003,0.5675,0.5625880333509616,1.0,1.0
KXNBAPTS-26APR12ORLBOS-ORLJSUGGS4-15,2026-04-12,pts,14.5,11.08525,3.4147499999999997,0.25775,0.2405985134664742,1.0,1.0
KXNBAPTS-26APR12ORLBOS-ORLJSUGGS4-20,2026-04-12,pts,19.5,11.08525,8.41475,0.087,0.07888008474524277,1.0,1.0
KXNBAPTS-26APR12ORLBOS-ORLJSUGGS4-25,2026-04-12,pts,24.5,11.08525,13.41475,0.02275,0.021465147901264414,0.0,1.0
KXNBAPTS-26APR12ORLBOS-ORLPBANCHERO5-10,2026-04-12,pts,9.5,16.63,-7.129999999999999,0.8485,0.8202805661992341,1.0,1.0
KXNBAPTS-26APR12ORLBOS-ORLPBANCHERO5-15,2026-04-12,pts,14.5,16.63,-2.129999999999999,0.598,0.5578479694204763,1.0,1.0
KXNBAPTS-26APR12ORLBOS-ORLPBANCHERO5-20,2026-04-12,pts,19.5,16.63,2.870000000000001,0.30875,0.31396464495062415,1.0,1.0
KXNBAPTS-26APR12ORLBOS-ORLPBANCHERO5-25,2026-04-12,pts,24.5,16.63,7.870000000000001,0.129,0.15227108371193354,0.0,1.0
KXNBAPTS-26APR12ORLBOS-ORLPBANCHERO5-30,2026-04-12,pts,29.5,16.63,12.870000000000001,0.0425,0.065832312579167,0.0,1.0
KXNBAPTS-26APR12ORLBOS-ORLWCARTER34-10,2026-04-12,pts,9.5,8.962,0.5380000000000003,0.41725,0.4004612784548295,0.0,1.0
KXNBAPTS-26APR12ORLBOS-ORLWCARTER34-15,2026-04-12,pts,14.5,8.962,5.538,0.1445,0.12186233717761419,0.0,1.0
KXNBAPTS-26APR12ORLBOS-ORLWCARTER34-20,2026-04-12,pts,19.5,8.962,10.538,0.03525,0.027533363529233523,0.0,1.0
KXNBAREB-26APR12ORLBOS-ORLFWAGNER22-10,2026-04-12,reb,9.5,3.588,5.912,0.01075,0.013087429273409779,0.0,1.0
KXNBAREB-26APR12ORLBOS-ORLFWAGNER22-2,2026-04-12,reb,1.5,3.588,-2.088,0.82975,0.8311217321378628,1.0,1.0
KXNBAREB-26APR12ORLBOS-ORLFWAGNER22-4,2026-04-12,reb,3.5,3.588,-0.08800000000000008,0.46625,0.46315490534434445,1.0,1.0
KXNBAREB-26APR12ORLBOS-ORLFWAGNER22-6,2026-04-12,reb,5.5,3.588,1.912,0.183,0.18061022884032674,0.0,1.0
KXNBAREB-26APR12ORLBOS-ORLFWAGNER22-8,2026-04-12,reb,7.5,3.588,3.912,0.054,0.053787925383484425,0.0,1.0
KXNBAREB-26APR12ORLBOS-ORLJSUGGS4-2,2026-04-12,reb,1.5,3.549,-2.049,0.84675,0.8271890820454446,1.0,1.0
KXNBAREB-26APR12ORLBOS-ORLJSUGGS4-4,2026-04-12,reb,3.5,3.549,-0.04899999999999993,0.46375,0.4560644370917242,1.0,1.0
KXNBAREB-26APR12ORLBOS-ORLJSUGGS4-5,2026-04-12,reb,4.5,3.549,0.9510000000000001,0.2885,0.2941592005083462,1.0,1.0
KXNBAREB-26APR12ORLBOS-ORLJSUGGS4-6,2026-04-12,reb,5.5,3.549,1.951,0.16,0.1754703211312424,1.0,1.0
KXNBAREB-26APR12ORLBOS-ORLJSUGGS4-8,2026-04-12,reb,7.5,3.549,3.951,0.03825,0.0514975404056881,0.0,1.0
KXNBAREB-26APR12ORLBOS-ORLPBANCHERO5-10,2026-04-12,reb,9.5,6.88375,2.61625,0.17525,0.20482594962486933,1.0,1.0
KXNBAREB-26APR12ORLBOS-ORLPBANCHERO5-12,2026-04-12,reb,11.5,6.88375,4.61625,0.06575,0.09621447327064125,0.0,1.0
KXNBAREB-26APR12ORLBOS-ORLPBANCHERO5-4,2026-04-12,reb,3.5,6.88375,-3.38375,0.88875,0.8464256062056464,1.0,1.0
KXNBAREB-26APR12ORLBOS-ORLPBANCHERO5-6,2026-04-12,reb,5.5,6.88375,-1.38375,0.656,0.6214240291301266,1.0,1.0
KXNBAREB-26APR12ORLBOS-ORLPBANCHERO5-8,2026-04-12,reb,7.5,6.88375,0.61625,0.3865,0.38454132140178277,1.0,1.0
KXNBAREB-26APR12ORLBOS-ORLWCARTER34-10,2026-04-12,reb,9.5,6.02225,3.4777500000000003,0.1165,0.13192185915063803,0.0,1.0
KXNBAREB-26APR12ORLBOS-ORLWCARTER34-12,2026-04-12,reb,11.5,6.02225,5.47775,0.04,0.05351650363114058,0.0,1.0
KXNBAREB-26APR12ORLBOS-ORLWCARTER34-4,2026-04-12,reb,3.5,6.02225,-2.5222499999999997,0.80925,0.7839937484665228,1.0,1.0
KXNBAREB-26APR12ORLBOS-ORLWCARTER34-6,2026-04-12,reb,5.5,6.02225,-0.5222499999999997,0.533,0.520722751496081,1.0,1.0
KXNBAREB-26APR12ORLBOS-ORLWCARTER34-8,2026-04-12,reb,7.5,6.02225,1.4777500000000003,0.27675,0.284472818755369,1.0,1.0
KXNBAAST-26APR12ORLBOS-ORLJSUGGS4-10,2026-04-12,ast,9.5,4.08375,5.41625,0.017,0.024600402517453657,0.0,1.0
KXNBAAST-26APR12ORLBOS-ORLJSUGGS4-12,2026-04-12,ast,11.5,4.08375,7.41625,0.00275,0.0059915519766999825,0.0,1.0
KXNBAAST-26APR12ORLBOS-ORLJSUGGS4-6,2026-04-12,ast,5.5,4.08375,1.4162499999999998,0.24175,0.24834011778367993,0.0,1.0
KXNBAAST-26APR12ORLBOS-ORLJSUGGS4-7,2026-04-12,ast,6.5,4.08375,2.41625,0.138,0.1507170085111601,0.0,1.0
KXNBAAST-26APR12ORLBOS-ORLJSUGGS4-8,2026-04-12,ast,7.5,4.08375,3.41625,0.07125,0.08640847635961602,0.0,1.0
KXNBAAST-26APR12ORLBOS-ORLPBANCHERO5-10,2026-04-12,ast,9.5,3.7215,5.7785,0.00825,0.015265297510141274,1.0,1.0
KXNBAAST-26APR12ORLBOS-ORLPBANCHERO5-2,2026-04-12,ast,1.5,3.7215,-2.2215,0.87825,0.8459014193867809,1.0,1.0
KXNBAAST-26APR12ORLBOS-ORLPBANCHERO5-4,2026-04-12,ast,3.5,3.7215,-0.2214999999999998,0.503,0.48804703200363575,1.0,1.0
KXNBAAST-26APR12ORLBOS-ORLPBANCHERO5-6,2026-04-12,ast,5.5,3.7215,1.7785000000000002,0.177,0.19752878627641135,1.0,1.0
KXNBAAST-26APR12ORLBOS-ORLPBANCHERO5-8,2026-04-12,ast,7.5,3.7215,3.7785,0.04425,0.06087697099607403,1.0,1.0
KXNBA3PT-26APR12ORLBOS-ORLDBANE3-1,2026-04-12,fg3m,0.5,1.5135,-1.0135,0.7605,0.7486088091518237,1.0,1.0
KXNBA3PT-26APR12ORLBOS-ORLDBANE3-2,2026-04-12,fg3m,1.5,1.5135,-0.013500000000000068,0.44325,0.43108350714420585,0.0,1.0
KXNBA3PT-26APR12ORLBOS-ORLDBANE3-3,2026-04-12,fg3m,2.5,1.5135,0.9864999999999999,0.20225,0.204285502385829,0.0,1.0
KXNBA3PT-26APR12ORLBOS-ORLDBANE3-4,2026-04-12,fg3m,3.5,1.5135,1.9865,0.0755,0.08378035110165627,0.0,1.0
KXNBA3PT-26APR12ORLBOS-ORLDBANE3-5,2026-04-12,fg3m,4.5,1.5135,2.9865,0.0225,0.030774352606587452,0.0,1.0
KXNBA3PT-26APR12ORLBOS-ORLFWAGNER22-1,2026-04-12,fg3m,0.5,0.895,-0.395,0.58125,0.571002450795365,1.0,1.0
KXNBA3PT-26APR12ORLBOS-ORLFWAGNER22-2,2026-04-12,fg3m,1.5,0.895,0.605,0.22375,0.22734210186728876,1.0,1.0
KXNBA3PT-26APR12ORLBOS-ORLFWAGNER22-3,2026-04-12,fg3m,2.5,0.895,1.605,0.0665,0.07166072942852186,0.0,1.0
KXNBA3PT-26APR12ORLBOS-ORLFWAGNER22-4,2026-04-12,fg3m,3.5,0.895,2.605,0.01875,0.01919818290981956,0.0,1.0
KXNBA3PT-26APR12ORLBOS-ORLFWAGNER22-5,2026-04-12,fg3m,4.5,0.895,3.605,0.00375,0.004562428680891628,0.0,1.0
KXNBA3PT-26APR12ORLBOS-ORLJSUGGS4-1,2026-04-12,fg3m,0.5,1.71425,-1.21425,0.8095,0.7870007156322395,1.0,1.0
KXNBA3PT-26APR12ORLBOS-ORLJSUGGS4-2,2026-04-12,fg3m,1.5,1.71425,-0.21425000000000005,0.503,0.48882666899294125,1.0,1.0
KXNBA3PT-26APR12ORLBOS-ORLJSUGGS4-3,2026-04-12,fg3m,2.5,1.71425,0.78575,0.245,0.2527820286989142,1.0,1.0
KXNBA3PT-26APR12ORLBOS-ORLJSUGGS4-4,2026-04-12,fg3m,3.5,1.71425,1.78575,0.10525,0.1137791037663386,1.0,1.0
KXNBA3PT-26APR12ORLBOS-ORLJSUGGS4-5,2026-04-12,fg3m,4.5,1.71425,2.78575,0.03775,0.04601389836951664,1.0,1.0
KXNBA3PT-26APR12ORLBOS-ORLPBANCHERO5-1,2026-04-12,fg3m,0.5,0.97525,-0.47524999999999995,0.6135,0.6006019389912725,0.0,1.0
KXNBA3PT-26APR12ORLBOS-ORLPBANCHERO5-2,2026-04-12,fg3m,1.5,0.97525,0.52475,0.2575,0.2552148565271868,0.0,1.0
KXNBA3PT-26APR12ORLBOS-ORLPBANCHERO5-3,2026-04-12,fg3m,2.5,0.97525,1.52475,0.08075,0.08631128272874644,0.0,1.0
KXNBA3PT-26APR12ORLBOS-ORLPBANCHERO5-4,2026-04-12,fg3m,3.5,0.97525,2.52475,0.02075,0.02486762267030329,0.0,1.0
KXNBA3PT-26APR12ORLBOS-ORLPBANCHERO5-5,2026-04-12,fg3m,4.5,0.97525,3.52475,0.00275,0.006363506703356614,0.0,1.0
KXNBAAST-26APR12WASCLE-WASBCARRINGTON7-10,2026-04-12,ast,9.5,4.58,4.92,0.03275,0.04255812376691226,0.0,1.0
KXNBAAST-26APR12WASCLE-WASBCARRINGTON7-2,2026-04-12,ast,1.5,4.58,-3.08,0.92225,0.9072151587411657,1.0,1.0
KXNBAAST-26APR12WASCLE-WASBCARRINGTON7-4,2026-04-12,ast,3.5,4.58,-1.08,0.64925,0.6253124717579465,1.0,1.0
KXNBAAST-26APR12WASCLE-WASBCARRINGTON7-6,2026-04-12,ast,5.5,4.58,0.9199999999999999,0.31925,0.3206016262322112,1.0,1.0
KXNBAAST-26APR12WASCLE-WASBCARRINGTON7-8,2026-04-12,ast,7.5,4.58,2.92,0.11,0.12862373176778563,1.0,1.0
KXNBAPTS-26APR12CHIDAL-DALCFLAGG32-25,2026-04-12,pts,24.5,21.1345,3.365500000000001,0.31375,0.32002269620314505,0.0,1.0
KXNBAPTS-26APR12CHIDAL-DALCFLAGG32-30,2026-04-12,pts,29.5,21.1345,8.3655,0.13725,0.18024572499177327,0.0,1.0
KXNBAPTS-26APR12CHIDAL-DALCFLAGG32-35,2026-04-12,pts,34.5,21.1345,13.3655,0.04775,0.09371849566565915,0.0,1.0
KXNBAPTS-26APR12CHIDAL-DALCFLAGG32-40,2026-04-12,pts,39.5,21.1345,18.3655,0.01425,0.04565369294617627,0.0,1.0
KXNBAREB-26APR12CHIDAL-DALCFLAGG32-10,2026-04-12,reb,9.5,5.77325,3.72675,0.0845,0.11326437359409802,0.0,1.0
KXNBAREB-26APR12CHIDAL-DALCFLAGG32-12,2026-04-12,reb,11.5,5.77325,5.72675,0.0275,0.04376508273167645,0.0,1.0
KXNBAREB-26APR12CHIDAL-DALCFLAGG32-6,2026-04-12,reb,5.5,5.77325,-0.27325,0.50575,0.48855433715230756,0.0,1.0
KXNBAREB-26APR12CHIDAL-DALCFLAGG32-8,2026-04-12,reb,7.5,5.77325,1.72675,0.23125,0.25583249167278244,0.0,1.0
KXNBAREB-26APR12CHIDAL-DALCFLAGG32-9,2026-04-12,reb,8.5,5.77325,2.72675,0.1415,0.17346477655246695,0.0,1.0
KXNBA3PT-26APR12CHIDAL-DALCFLAGG32-1,2026-04-12,fg3m,0.5,1.155,-0.655,0.66675,0.6588873852448625,0.0,1.0
KXNBA3PT-26APR12CHIDAL-DALCFLAGG32-2,2026-04-12,fg3m,1.5,1.155,0.345,0.32275,0.3166800031504705,0.0,1.0
KXNBA3PT-26APR12CHIDAL-DALCFLAGG32-3,2026-04-12,fg3m,2.5,1.155,1.345,0.121,0.12254065073437992,0.0,1.0
KXNBA3PT-26APR12CHIDAL-DALCFLAGG32-4,2026-04-12,fg3m,3.5,1.155,2.3449999999999998,0.03425,0.04061059122937827,0.0,1.0
KXNBA3PT-26APR12CHIDAL-DALCFLAGG32-5,2026-04-12,fg3m,4.5,1.155,3.3449999999999998,0.00775,0.01198687690335476,0.0,1.0
KXNBAPTS-26APR12MEMHOU-HOURSHEPPARD15-15,2026-04-12,pts,14.5,12.32425,2.1757500000000007,0.3355,0.3162513208773997,1.0,1.0
KXNBAPTS-26APR12MEMHOU-HOURSHEPPARD15-20,2026-04-12,pts,19.5,12.32425,7.175750000000001,0.128,0.12196516162508086,0.0,1.0
KXNBAPTS-26APR12MEMHOU-HOURSHEPPARD15-25,2026-04-12,pts,24.5,12.32425,12.17575,0.04075,0.03937310084285417,0.0,1.0
KXNBAPTS-26APR12MEMHOU-HOURSHEPPARD15-30,2026-04-12,pts,29.5,12.32425,17.17575,0.0075,0.01115448738824143,0.0,1.0
KXNBAPTS-26APR12MEMHOU-HOUTEASON17-10,2026-04-12,pts,9.5,10.856,-1.3559999999999999,0.551,0.5467984812829577,1.0,1.0
KXNBAPTS-26APR12MEMHOU-HOUTEASON17-15,2026-04-12,pts,14.5,10.856,3.644,0.24125,0.2268387707293923,1.0,1.0
KXNBAPTS-26APR12MEMHOU-HOUTEASON17-20,2026-04-12,pts,19.5,10.856,8.644,0.08075,0.07189462115486478,1.0,1.0
KXNBAPTS-26APR12MEMHOU-HOUTEASON17-25,2026-04-12,pts,24.5,10.856,13.644,0.02175,0.018883861650650147,0.0,1.0
KXNBAREB-26APR12MEMHOU-HOUTEASON17-10,2026-04-12,reb,9.5,6.41425,3.08575,0.13625,0.16366509624695103,0.0,1.0
KXNBAREB-26APR12MEMHOU-HOUTEASON17-12,2026-04-12,reb,11.5,6.41425,5.08575,0.04775,0.07125075814694115,0.0,1.0
KXNBAREB-26APR12MEMHOU-HOUTEASON17-4,2026-04-12,reb,3.5,6.41425,-2.91425,0.85025,0.8149904934617109,1.0,1.0
KXNBAREB-26APR12MEMHOU-HOUTEASON17-6,2026-04-12,reb,5.5,6.41425,-0.91425,0.60375,0.5686617580019699,1.0,1.0
KXNBAREB-26APR12MEMHOU-HOUTEASON17-8,2026-04-12,reb,7.5,6.41425,1.08575,0.3225,0.33007099368527937,1.0,1.0
KXNBAAST-26APR12MEMHOU-HOURSHEPPARD15-10,2026-04-12,ast,9.5,3.35625,6.14375,0.0065,0.008681539062416088,0.0,1.0
KXNBAAST-26APR12MEMHOU-HOURSHEPPARD15-2,2026-04-12,ast,1.5,3.35625,-1.8562500000000002,0.828,0.8083026337050646,1.0,1.0
KXNBAAST-26APR12MEMHOU-HOURSHEPPARD15-4,2026-04-12,ast,3.5,3.35625,0.14374999999999982,0.42775,0.42084136856558585,0.0,1.0
KXNBAAST-26APR12MEMHOU-HOURSHEPPARD15-6,2026-04-12,ast,5.5,3.35625,2.14375,0.14,0.14968014931429818,0.0,1.0
KXNBAAST-26APR12MEMHOU-HOURSHEPPARD15-8,2026-04-12,ast,7.5,3.35625,4.14375,0.02925,0.04007479513700851,0.0,1.0
KXNBA3PT-26APR12MEMHOU-HOURSHEPPARD15-2,2026-04-12,fg3m,1.5,2.5465,-1.0465,0.71925,0.6768185044464383,1.0,1.0
KXNBA3PT-26APR12MEMHOU-HOURSHEPPARD15-3,2026-04-12,fg3m,2.5,2.5465,-0.046499999999999986,0.46375,0.4477836011984533,1.0,1.0
KXNBA3PT-26APR12MEMHOU-HOURSHEPPARD15-4,2026-04-12,fg3m,3.5,2.5465,0.9535,0.2515,0.263807829763524,1.0,1.0
KXNBA3PT-26APR12MEMHOU-HOURSHEPPARD15-5,2026-04-12,fg3m,4.5,2.5465,1.9535,0.12275,0.14146666257909113,0.0,1.0
KXNBA3PT-26APR12MEMHOU-HOURSHEPPARD15-6,2026-04-12,fg3m,5.5,2.5465,2.9535,0.04925,0.07026199816328138,0.0,1.0
KXNBA3PT-26APR12MEMHOU-HOUTEASON17-1,2026-04-12,fg3m,0.5,1.35175,-0.85175,0.727,0.711929727261383,1.0,1.0
KXNBA3PT-26APR12MEMHOU-HOUTEASON17-2,2026-04-12,fg3m,1.5,1.35175,0.14825,0.38825,0.38111173758530503,0.0,1.0
KXNBA3PT-26APR12MEMHOU-HOUTEASON17-3,2026-04-12,fg3m,2.5,1.35175,1.14825,0.15925,0.16627309394980372,0.0,1.0
KXNBA3PT-26APR12MEMHOU-HOUTEASON17-4,2026-04-12,fg3m,3.5,1.35175,2.14825,0.0535,0.06248651987778808,0.0,1.0
KXNBA3PT-26APR12MEMHOU-HOUTEASON17-5,2026-04-12,fg3m,4.5,1.35175,3.14825,0.01725,0.020979364010400015,0.0,1.0
KXNBAPTS-26APR12DETIND-DETATHOMPSON9-10,2026-04-12,pts,9.5,8.537,0.9629999999999992,0.3875,0.36443181639445477,0.0,1.0
KXNBAPTS-26APR12DETIND-DETATHOMPSON9-15,2026-04-12,pts,14.5,8.537,5.962999999999999,0.1025,0.10162098740872894,0.0,1.0
KXNBAPTS-26APR12DETIND-DETATHOMPSON9-20,2026-04-12,pts,19.5,8.537,10.963,0.021,0.020903850544889413,0.0,1.0
KXNBAPTS-26APR12DETIND-DETATHOMPSON9-25,2026-04-12,pts,24.5,8.537,15.963,0.00275,0.003508487073290656,0.0,1.0
KXNBAPTS-26APR12DETIND-DETCCUNNINGHAM2-10,2026-04-12,pts,9.5,16.325,-6.824999999999999,0.79725,0.8112647686679174,0.0,1.0
KXNBAPTS-26APR12DETIND-DETCCUNNINGHAM2-15,2026-04-12,pts,14.5,16.325,-1.8249999999999993,0.569,0.5428915286505823,0.0,1.0
KXNBAPTS-26APR12DETIND-DETCCUNNINGHAM2-20,2026-04-12,pts,19.5,16.325,3.1750000000000007,0.322,0.2995112996251075,0.0,1.0
KXNBAPTS-26APR12DETIND-DETCCUNNINGHAM2-25,2026-04-12,pts,24.5,16.325,8.175,0.14675,0.14210541077500372,0.0,1.0
KXNBAPTS-26APR12DETIND-DETCCUNNINGHAM2-30,2026-04-12,pts,29.5,16.325,13.175,0.059,0.060035586372803484,0.0,1.0
KXNBAPTS-26APR12DETIND-DETTHARRIS12-10,2026-04-12,pts,9.5,9.824,-0.32399999999999984,0.48125,0.4703516803171024,1.0,1.0
KXNBAPTS-26APR12DETIND-DETTHARRIS12-15,2026-04-12,pts,14.5,9.824,4.676,0.19125,0.16718941782198848,1.0,1.0
KXNBAPTS-26APR12DETIND-DETTHARRIS12-20,2026-04-12,pts,19.5,9.824,9.676,0.0575,0.04470437530055993,1.0,1.0
KXNBAREB-26APR12DETIND-DETATHOMPSON9-10,2026-04-12,reb,9.5,5.12925,4.37075,0.04525,0.07138276198655424,0.0,1.0
KXNBAREB-26APR12DETIND-DETATHOMPSON9-2,2026-04-12,reb,1.5,5.12925,-3.62925,0.94875,0.9308079829492828,1.0,1.0
KXNBAREB-26APR12DETIND-DETATHOMPSON9-4,2026-04-12,reb,3.5,5.12925,-1.6292499999999999,0.72975,0.6940538429355285,1.0,1.0
KXNBAREB-26APR12DETIND-DETATHOMPSON9-6,2026-04-12,reb,5.5,5.12925,0.37075000000000014,0.40875,0.4001519001307918,0.0,1.0
KXNBAREB-26APR12DETIND-DETATHOMPSON9-8,2026-04-12,reb,7.5,5.12925,2.37075,0.163,0.18475967786193725,0.0,1.0
KXNBAREB-26APR12DETIND-DETCCUNNINGHAM2-2,2026-04-12,reb,1.5,4.23875,-2.7387499999999996,0.87775,0.8846777910221932,1.0,1.0
KXNBAREB-26APR12DETIND-DETCCUNNINGHAM2-4,2026-04-12,reb,3.5,4.23875,-0.7387499999999996,0.5805,0.572837010892051,1.0,1.0
KXNBAREB-26APR12DETIND-DETCCUNNINGHAM2-5,2026-04-12,reb,4.5,4.23875,0.2612500000000004,0.41525,0.40843076528841404,1.0,1.0
KXNBAREB-26APR12DETIND-DETCCUNNINGHAM2-6,2026-04-12,reb,5.5,4.23875,1.2612500000000004,0.2775,0.2713593422874604,1.0,1.0
KXNBAREB-26APR12DETIND-DETCCUNNINGHAM2-8,2026-04-12,reb,7.5,4.23875,3.2612500000000004,0.09675,0.10016479721086113,1.0,1.0
KXNBAREB-26APR12DETIND-DETTHARRIS12-2,2026-04-12,reb,1.5,4.48925,-2.98925,0.90375,0.9002597761545705,1.0,1.0
KXNBAREB-26APR12DETIND-DETTHARRIS12-4,2026-04-12,reb,3.5,4.48925,-0.9892500000000002,0.6185,0.6103528269226853,1.0,1.0
KXNBAREB-26APR12DETIND-DETTHARRIS12-5,2026-04-12,reb,4.5,4.48925,0.010749999999999815,0.4525,0.44832591866545135,0.0,1.0
KXNBAREB-26APR12DETIND-DETTHARRIS12-6,2026-04-12,reb,5.5,4.48925,1.0107499999999998,0.3065,0.30769402954066105,0.0,1.0
KXNBAREB-26APR12DETIND-DETTHARRIS12-8,2026-04-12,reb,7.5,4.48925,3.01075,0.1205,0.12180821083335369,0.0,1.0
KXNBAAST-26APR12DETIND-DETATHOMPSON9-10,2026-04-12,ast,9.5,2.71475,6.78525,0.00075,0.002452540643571921,0.0,1.0
KXNBAAST-26APR12DETIND-DETATHOMPSON9-2,2026-04-12,ast,1.5,2.71475,-1.21475,0.73775,0.7185181631570914,1.0,1.0
KXNBAAST-26APR12DETIND-DETATHOMPSON9-4,2026-04-12,ast,3.5,2.71475,0.78525,0.29125,0.2948438738629233,1.0,1.0
KXNBAAST-26APR12DETIND-DETATHOMPSON9-6,2026-04-12,ast,5.5,2.71475,2.78525,0.06775,0.0787509598789553,0.0,1.0
KXNBAAST-26APR12DETIND-DETATHOMPSON9-8,2026-04-12,ast,7.5,2.71475,4.78525,0.01,0.015522716949935345,0.0,1.0
KXNBAAST-26APR12DETIND-DETCCUNNINGHAM2-10,2026-04-12,ast,9.5,6.283,3.2169999999999996,0.142,0.15094291939496596,1.0,1.0
KXNBAAST-26APR12DETIND-DETCCUNNINGHAM2-12,2026-04-12,ast,11.5,6.283,5.217,0.05175,0.06329338881476998,1.0,1.0
KXNBAAST-26APR12DETIND-DETCCUNNINGHAM2-6,2026-04-12,ast,5.5,6.283,-0.7830000000000004,0.57525,0.554820804649262,1.0,1.0
KXNBAAST-26APR12DETIND-DETCCUNNINGHAM2-8,2026-04-12,ast,7.5,6.283,1.2169999999999996,0.3175,0.31421405735075936,1.0,1.0
KXNBAAST-26APR12DETIND-DETCCUNNINGHAM2-9,2026-04-12,ast,8.5,6.283,2.2169999999999996,0.22425,0.2218908085642497,1.0,1.0
KXNBAAST-26APR12DETIND-DETTHARRIS12-2,2026-04-12,ast,1.5,1.90875,-0.40874999999999995,0.54525,0.5477361035808156,0.0,1.0
KXNBAAST-26APR12DETIND-DETTHARRIS12-3,2026-04-12,ast,2.5,1.90875,0.59125,0.30675,0.2999475951374302,0.0,1.0
KXNBAAST-26APR12DETIND-DETTHARRIS12-4,2026-04-12,ast,3.5,1.90875,1.59125,0.1435,0.14115594615875326,0.0,1.0
KXNBAAST-26APR12DETIND-DETTHARRIS12-6,2026-04-12,ast,5.5,1.90875,3.59125,0.02075,0.02224283442508157,0.0,1.0
KXNBAAST-26APR12DETIND-DETTHARRIS12-8,2026-04-12,ast,7.5,1.90875,5.5912500000000005,0.0025,0.0025254884627065044,0.0,1.0
KXNBA3PT-26APR12DETIND-DETCCUNNINGHAM2-1,2026-04-12,fg3m,0.5,1.44475,-0.94475,0.753,0.733705880691992,1.0,1.0
KXNBA3PT-26APR12DETIND-DETCCUNNINGHAM2-2,2026-04-12,fg3m,1.5,1.44475,0.05525000000000002,0.416,0.4102041224631028,0.0,1.0
KXNBA3PT-26APR12DETIND-DETCCUNNINGHAM2-3,2026-04-12,fg3m,2.5,1.44475,1.05525,0.182,0.18796304996519775,0.0,1.0
KXNBA3PT-26APR12DETIND-DETCCUNNINGHAM2-4,2026-04-12,fg3m,3.5,1.44475,2.05525,0.065,0.07438942330769593,0.0,1.0
KXNBA3PT-26APR12DETIND-DETCCUNNINGHAM2-5,2026-04-12,fg3m,4.5,1.44475,3.05525,0.0195,0.026340496866324004,0.0,1.0
KXNBAPTS-26APR12GSWLAC-GSWSCURRY30-15,2026-04-12,pts,14.5,17.35075,-2.8507500000000014,0.6255,0.5916355420228794,1.0,1.0
KXNBAPTS-26APR12GSWLAC-GSWSCURRY30-20,2026-04-12,pts,19.5,17.35075,2.1492499999999986,0.35225,0.3479891768531611,1.0,1.0
KXNBAPTS-26APR12GSWLAC-GSWSCURRY30-25,2026-04-12,pts,24.5,17.35075,7.1492499999999986,0.16125,0.17721406922458427,0.0,1.0
KXNBAPTS-26APR12GSWLAC-GSWSCURRY30-30,2026-04-12,pts,29.5,17.35075,12.149249999999999,0.06075,0.08066012318032456,0.0,1.0
KXNBAPTS-26APR12GSWLAC-GSWSCURRY30-35,2026-04-12,pts,34.5,17.35075,17.14925,0.019,0.03361276863286078,0.0,1.0
KXNBAPTS-26APR12GSWLAC-LACDGARLAND10-10,2026-04-12,pts,9.5,17.39825,-7.898250000000001,0.8665,0.8410364637578546,1.0,1.0
KXNBAPTS-26APR12GSWLAC-LACDGARLAND10-15,2026-04-12,pts,14.5,17.39825,-2.898250000000001,0.62825,0.5937850669197902,1.0,1.0
KXNBAPTS-26APR12GSWLAC-LACDGARLAND10-20,2026-04-12,pts,19.5,17.39825,2.101749999999999,0.3595,0.3502197575252165,0.0,1.0
KXNBAPTS-26APR12GSWLAC-LACDGARLAND10-25,2026-04-12,pts,24.5,17.39825,7.101749999999999,0.16975,0.17889867488596156,0.0,1.0
KXNBAPTS-26APR12GSWLAC-LACDGARLAND10-30,2026-04-12,pts,29.5,17.39825,12.10175,0.05525,0.08169154120587507,0.0,1.0
KXNBAAST-26APR12GSWLAC-GSWSCURRY30-10,2026-04-12,ast,9.5,3.07175,6.42825,0.00125,0.005207293778880184,0.0,1.0
KXNBAAST-26APR12GSWLAC-GSWSCURRY30-2,2026-04-12,ast,1.5,3.07175,-1.5717500000000002,0.80825,0.7726716100809414,1.0,1.0
KXNBAAST-26APR12GSWLAC-GSWSCURRY30-4,2026-04-12,ast,3.5,3.07175,0.4282499999999998,0.37,0.36578668760653543,0.0,1.0
KXNBAAST-26APR12GSWLAC-GSWSCURRY30-6,2026-04-12,ast,5.5,3.07175,2.42825,0.0905,0.11581205707303432,0.0,1.0
KXNBAAST-26APR12GSWLAC-GSWSCURRY30-8,2026-04-12,ast,7.5,3.07175,4.42825,0.01375,0.027358453530026416,0.0,1.0
KXNBAAST-26APR12GSWLAC-LACDGARLAND10-10,2026-04-12,ast,9.5,5.92675,3.57325,0.09075,0.12282190033904161,0.0,1.0
KXNBAAST-26APR12GSWLAC-LACDGARLAND10-12,2026-04-12,ast,11.5,5.92675,5.57325,0.02725,0.04815024013305824,0.0,1.0
KXNBAAST-26APR12GSWLAC-LACDGARLAND10-4,2026-04-12,ast,3.5,5.92675,-2.42675,0.82325,0.7786079030149371,1.0,1.0
KXNBAAST-26APR12GSWLAC-LACDGARLAND10-6,2026-04-12,ast,5.5,5.92675,-0.4267500000000002,0.53125,0.5099261394079309,1.0,1.0
KXNBAAST-26APR12GSWLAC-LACDGARLAND10-8,2026-04-12,ast,7.5,5.92675,1.5732499999999998,0.25625,0.272538284569687,0.0,1.0
KXNBA3PT-26APR12GSWLAC-GSWSCURRY30-3,2026-04-12,fg3m,2.5,2.903,-0.403,0.55025,0.5213036152891195,1.0,1.0
KXNBA3PT-26APR12GSWLAC-GSWSCURRY30-4,2026-04-12,fg3m,3.5,2.903,0.597,0.329,0.3322805224693127,1.0,1.0
KXNBA3PT-26APR12GSWLAC-GSWSCURRY30-5,2026-04-12,fg3m,4.5,2.903,1.597,0.174,0.19383409921550576,0.0,1.0
KXNBA3PT-26APR12GSWLAC-GSWSCURRY30-6,2026-04-12,fg3m,5.5,2.903,2.597,0.078,0.10508326308728655,0.0,1.0
KXNBA3PT-26APR12GSWLAC-GSWSCURRY30-7,2026-04-12,fg3m,6.5,2.903,3.597,0.03375,0.05359657561117759,0.0,1.0
KXNBA3PT-26APR12GSWLAC-LACDGARLAND10-1,2026-04-12,fg3m,0.5,2.818,-2.318,0.928,0.9091406329060275,1.0,1.0
KXNBA3PT-26APR12GSWLAC-LACDGARLAND10-2,2026-04-12,fg3m,1.5,2.818,-1.318,0.762,0.7221339496227148,0.0,1.0
KXNBA3PT-26APR12GSWLAC-LACDGARLAND10-3,2026-04-12,fg3m,2.5,2.818,-0.31800000000000006,0.53225,0.5044746850674632,0.0,1.0
KXNBA3PT-26APR12GSWLAC-LACDGARLAND10-4,2026-04-12,fg3m,3.5,2.818,0.6819999999999999,0.31475,0.31602184882648565,0.0,1.0
KXNBA3PT-26APR12GSWLAC-LACDGARLAND10-5,2026-04-12,fg3m,4.5,2.818,1.682,0.16275,0.18094490575449984,0.0,1.0
KXNBAPTS-26APR12UTALAL-UTAABAILEY19-15,2026-04-12,pts,14.5,16.944,-2.443999999999999,0.607,0.5728376795498483,1.0,1.0
KXNBAPTS-26APR12UTALAL-UTAABAILEY19-20,2026-04-12,pts,19.5,16.944,2.556000000000001,0.331,0.3288212401462991,0.0,1.0
KXNBAPTS-26APR12UTALAL-UTAABAILEY19-25,2026-04-12,pts,24.5,16.944,7.556000000000001,0.15425,0.16298807390540349,0.0,1.0
KXNBAPTS-26APR12UTALAL-UTAABAILEY19-30,2026-04-12,pts,29.5,16.944,12.556000000000001,0.05575,0.07209996834001164,0.0,1.0
KXNBAPTS-26APR12UTALAL-UTAABAILEY19-35,2026-04-12,pts,34.5,16.944,17.556,0.01425,0.029175277851618553,0.0,1.0
KXNBAREB-26APR12UTALAL-LALLJAMES23-10,2026-04-12,reb,9.5,5.9145,3.5854999999999997,0.08825,0.1236938636751792,0.0,1.0
KXNBAREB-26APR12UTALAL-LALLJAMES23-12,2026-04-12,reb,11.5,5.9145,5.5855,0.0255,0.049151924847755435,0.0,1.0
KXNBAREB-26APR12UTALAL-LALLJAMES23-4,2026-04-12,reb,3.5,5.9145,-2.4145000000000003,0.82225,0.7746336644107187,1.0,1.0
KXNBAREB-26APR12UTALAL-LALLJAMES23-6,2026-04-12,reb,5.5,5.9145,-0.4145000000000003,0.53225,0.506958609269781,0.0,1.0
KXNBAREB-26APR12UTALAL-LALLJAMES23-8,2026-04-12,reb,7.5,5.9145,1.5854999999999997,0.258,0.2720305204691187,0.0,1.0
KXNBAREB-26APR12UTALAL-UTAABAILEY19-10,2026-04-12,reb,9.5,4.7985,4.7015,0.038,0.053817569015502165,0.0,1.0
KXNBAREB-26APR12UTALAL-UTAABAILEY19-2,2026-04-12,reb,1.5,4.7985,-3.2984999999999998,0.937,0.9164961126207706,1.0,1.0
KXNBAREB-26APR12UTALAL-UTAABAILEY19-4,2026-04-12,reb,3.5,4.7985,-1.2984999999999998,0.674,0.6529482720114923,0.0,1.0
KXNBAREB-26APR12UTALAL-UTAABAILEY19-6,2026-04-12,reb,5.5,4.7985,0.7015000000000002,0.35575,0.3526536825423121,0.0,1.0
KXNBAREB-26APR12UTALAL-UTAABAILEY19-8,2026-04-12,reb,7.5,4.7985,2.7015000000000002,0.132,0.1509992312676547,0.0,1.0
KXNBAAST-26APR12UTALAL-LALLJAMES23-10,2026-04-12,ast,9.5,6.7775,2.7225,0.16025,0.193589295190145,0.0,1.0
KXNBAAST-26APR12UTALAL-LALLJAMES23-12,2026-04-12,ast,11.5,6.7775,4.7225,0.05625,0.08829588070915118,0.0,1.0
KXNBAAST-26APR12UTALAL-LALLJAMES23-14,2026-04-12,ast,13.5,6.7775,6.7225,0.019,0.0361126183885645,0.0,1.0
KXNBAAST-26APR12UTALAL-LALLJAMES23-6,2026-04-12,ast,5.5,6.7775,-1.2774999999999999,0.64925,0.6123086058534353,1.0,1.0
KXNBAAST-26APR12UTALAL-LALLJAMES23-8,2026-04-12,ast,7.5,6.7775,0.7225000000000001,0.374,0.3722823786884907,0.0,1.0
KXNBAAST-26APR12UTALAL-UTAABAILEY19-2,2026-04-12,ast,1.5,2.056,-0.556,0.60225,0.5846143169036083,0.0,1.0
KXNBAAST-26APR12UTALAL-UTAABAILEY19-3,2026-04-12,ast,2.5,2.056,0.44399999999999995,0.337,0.33653520352741184,0.0,1.0
KXNBAAST-26APR12UTALAL-UTAABAILEY19-4,2026-04-12,ast,3.5,2.056,1.444,0.1645,0.1672616371638741,0.0,1.0
KXNBAAST-26APR12UTALAL-UTAABAILEY19-6,2026-04-12,ast,5.5,2.056,3.444,0.0215,0.029598594142738133,0.0,1.0
KXNBAAST-26APR12UTALAL-UTAABAILEY19-8,2026-04-12,ast,7.5,2.056,5.444,0.0015,0.0037901991907803856,0.0,1.0
KXNBAPTS-26APR12ATLMIA-MIAAWIGGINS22-15,2026-04-12,pts,14.5,12.29875,2.20125,0.322,0.314689007459405,0.0,1.0
KXNBAPTS-26APR12ATLMIA-MIAAWIGGINS22-20,2026-04-12,pts,19.5,12.29875,7.20125,0.12375,0.12099563351651987,0.0,1.0
KXNBAPTS-26APR12ATLMIA-MIAAWIGGINS22-25,2026-04-12,pts,24.5,12.29875,12.20125,0.033,0.038935218452498144,0.0,1.0
KXNBAPTS-26APR12ATLMIA-MIAAWIGGINS22-30,2026-04-12,pts,29.5,12.29875,17.20125,0.008,0.010994158912671637,0.0,1.0
KXNBAPTS-26APR12ATLMIA-MIABADEBAYO13-15,2026-04-12,pts,14.5,18.67,-4.170000000000002,0.7015,0.6478100826900579,1.0,1.0
KXNBAPTS-26APR12ATLMIA-MIABADEBAYO13-20,2026-04-12,pts,19.5,18.67,0.8299999999999983,0.4235,0.4089992514405847,1.0,1.0
KXNBAPTS-26APR12ATLMIA-MIABADEBAYO13-25,2026-04-12,pts,24.5,18.67,5.829999999999998,0.212,0.22547408717445605,1.0,1.0
KXNBAPTS-26APR12ATLMIA-MIABADEBAYO13-30,2026-04-12,pts,29.5,18.67,10.829999999999998,0.08475,0.1116306188678976,0.0,1.0
KXNBAPTS-26APR12ATLMIA-MIABADEBAYO13-35,2026-04-12,pts,34.5,18.67,15.829999999999998,0.0235,0.050746348784334705,0.0,1.0
KXNBAPTS-26APR12ATLMIA-MIATHERRO14-20,2026-04-12,pts,19.5,17.470908329845123,2.0290916701548767,0.35872750104646295,0.3536280208469379,0.0,0.59725
KXNBAPTS-26APR12ATLMIA-MIATHERRO14-25,2026-04-12,pts,24.5,17.470908329845123,7.029091670154877,0.1636668061950607,0.18148441379084201,0.0,0.59725
KXNBAPTS-26APR12ATLMIA-MIATHERRO14-30,2026-04-12,pts,29.5,17.470908329845123,12.029091670154877,0.0640435328589368,0.08328189208811576,0.0,0.59725
KXNBAPTS-26APR12ATLMIA-MIATHERRO14-35,2026-04-12,pts,34.5,17.470908329845123,17.029091670154877,0.018836333193804938,0.03499936410764859,0.0,0.59725
KXNBAREB-26APR12ATLMIA-MIAAWIGGINS22-10,2026-04-12,reb,9.5,4.11725,5.38275,0.018,0.026498837207256987,0.0,1.0
KXNBAREB-26APR12ATLMIA-MIAAWIGGINS22-12,2026-04-12,reb,11.5,4.11725,7.38275,0.003,0.00668225273058487,0.0,1.0
KXNBAREB-26APR12ATLMIA-MIAAWIGGINS22-6,2026-04-12,reb,5.5,4.11725,1.3827499999999997,0.23925,0.2538973776505983,0.0,1.0
KXNBAREB-26APR12ATLMIA-MIAAWIGGINS22-7,2026-04-12,reb,6.5,4.11725,2.3827499999999997,0.1365,0.1557203577535079,0.0,1.0
KXNBAREB-26APR12ATLMIA-MIAAWIGGINS22-8,2026-04-12,reb,7.5,4.11725,3.3827499999999997,0.075,0.09038322617721728,0.0,1.0
KXNBAREB-26APR12ATLMIA-MIABADEBAYO13-10,2026-04-12,reb,9.5,9.30125,0.19875000000000043,0.45175,0.4367391828547882,1.0,1.0
KXNBAREB-26APR12ATLMIA-MIABADEBAYO13-12,2026-04-12,reb,11.5,9.30125,2.1987500000000004,0.2515,0.2728110045639718,0.0,1.0
KXNBAREB-26APR12ATLMIA-MIABADEBAYO13-14,2026-04-12,reb,13.5,9.30125,4.19875,0.1105,0.15578974235144782,0.0,1.0
KXNBAREB-26APR12ATLMIA-MIABADEBAYO13-16,2026-04-12,reb,15.5,9.30125,6.19875,0.03925,0.08232886042762289,0.0,1.0
KXNBAREB-26APR12ATLMIA-MIABADEBAYO13-8,2026-04-12,reb,7.5,9.30125,-1.8012499999999996,0.68175,0.6311030302185026,1.0,1.0
KXNBAREB-26APR12ATLMIA-MIATHERRO14-10,2026-04-12,reb,9.5,4.250732524068648,5.249267475931352,0.01381331100879029,0.03092279247424523,1.0,0.59725
KXNBAREB-26APR12ATLMIA-MIATHERRO14-2,2026-04-12,reb,1.5,4.250732524068648,-2.750732524068648,0.9141900376726664,0.8854784951157594,1.0,0.59725
KXNBAREB-26APR12ATLMIA-MIATHERRO14-4,2026-04-12,reb,3.5,4.250732524068648,-0.7507325240686482,0.6002511511092508,0.574692979321735,1.0,0.59725
KXNBAREB-26APR12ATLMIA-MIATHERRO14-6,2026-04-12,reb,5.5,4.250732524068648,1.2492674759313518,0.2645458350774383,0.2730889634803544,1.0,0.59725
KXNBAREB-26APR12ATLMIA-MIATHERRO14-8,2026-04-12,reb,7.5,4.250732524068648,3.249267475931352,0.07450816241105065,0.10115561833436337,1.0,0.59725
KXNBAAST-26APR12ATLMIA-MIABADEBAYO13-10,2026-04-12,ast,9.5,3.3225,6.1775,0.00425,0.00819993339149161,0.0,1.0
KXNBAAST-26APR12ATLMIA-MIABADEBAYO13-2,2026-04-12,ast,1.5,3.3225,-1.8224999999999998,0.83425,0.8043882183157179,1.0,1.0
KXNBAAST-26APR12ATLMIA-MIABADEBAYO13-4,2026-04-12,ast,3.5,3.3225,0.1775000000000002,0.41975,0.4144163316839874,0.0,1.0
KXNBAAST-26APR12ATLMIA-MIABADEBAYO13-6,2026-04-12,ast,5.5,3.3225,2.1775,0.131,0.14548786520992718,0.0,1.0
KXNBAAST-26APR12ATLMIA-MIABADEBAYO13-8,2026-04-12,ast,7.5,3.3225,4.1775,0.02425,0.038407786335738825,0.0,1.0
KXNBAAST-26APR12ATLMIA-MIATHERRO14-2,2026-04-12,ast,1.5,3.712013394725827,-2.212013394725827,0.8702385935537882,0.8450271803620578,1.0,0.59725
KXNBAAST-26APR12ATLMIA-MIATHERRO14-4,2026-04-12,ast,3.5,3.712013394725827,-0.21201339472582692,0.5094181665969024,0.4863608981656373,1.0,0.59725
KXNBAAST-26APR12ATLMIA-MIATHERRO14-5,2026-04-12,ast,4.5,3.712013394725827,0.7879866052741731,0.3327752197572206,0.32125302321350835,1.0,0.59725
KXNBAAST-26APR12ATLMIA-MIATHERRO14-6,2026-04-12,ast,5.5,3.712013394725827,1.787986605274173,0.18794474675596484,0.19623604332826883,1.0,0.59725
KXNBAAST-26APR12ATLMIA-MIATHERRO14-8,2026-04-12,ast,7.5,3.712013394725827,3.787986605274173,0.03976559229803265,0.060272971846223045,1.0,0.59725
KXNBA3PT-26APR12ATLMIA-MIATHERRO14-1,2026-04-12,fg3m,0.5,2.1506906655504396,-1.6506906655504396,0.8706571787358728,0.8496517154760699,1.0,0.59725
KXNBA3PT-26APR12ATLMIA-MIATHERRO14-2,2026-04-12,fg3m,1.5,2.1506906655504396,-0.6506906655504396,0.6282963583089158,0.597375488063198,0.0,0.59725
KXNBA3PT-26APR12ATLMIA-MIATHERRO14-3,2026-04-12,fg3m,2.5,2.1506906655504396,0.34930933444956036,0.36333193804939307,0.357996080510232,0.0,0.59725
KXNBA3PT-26APR12ATLMIA-MIATHERRO14-4,2026-04-12,fg3m,3.5,2.1506906655504396,1.3493093344495604,0.17496860611134366,0.1890287515960103,0.0,0.59725
KXNBA3PT-26APR12ATLMIA-MIATHERRO14-5,2026-04-12,fg3m,4.5,2.1506906655504396,2.3493093344495604,0.07241523650062788,0.09029361883697773,0.0,0.59725
KXNBAPTS-26APR12NOPMIN-NOPDQUEEN22-10,2026-04-12,pts,9.5,10.24325,-0.7432499999999997,0.5005,0.5024388599136371,1.0,1.0
KXNBAPTS-26APR12NOPMIN-NOPDQUEEN22-15,2026-04-12,pts,14.5,10.24325,4.25675,0.229,0.19087083019479267,1.0,1.0
KXNBAPTS-26APR12NOPMIN-NOPDQUEEN22-20,2026-04-12,pts,19.5,10.24325,9.25675,0.07125,0.05489046104761208,1.0,1.0
KXNBAPTS-26APR12NOPMIN-NOPDQUEEN22-25,2026-04-12,pts,24.5,10.24325,14.25675,0.0205,0.013027640796250184,1.0,1.0
KXNBAPTS-26APR12NOPMIN-NOPDQUEEN22-30,2026-04-12,pts,29.5,10.24325,19.25675,0.005,0.0026935398666244614,1.0,1.0
KXNBAREB-26APR12NOPMIN-NOPDQUEEN22-10,2026-04-12,reb,9.5,5.87275,3.62725,0.12525,0.1205682120390188,1.0,1.0
KXNBAREB-26APR12NOPMIN-NOPDQUEEN22-12,2026-04-12,reb,11.5,5.87275,5.62725,0.0485,0.0475201996184379,1.0,1.0
KXNBAREB-26APR12NOPMIN-NOPDQUEEN22-14,2026-04-12,reb,13.5,5.87275,7.62725,0.015,0.016774950061499982,1.0,1.0
KXNBAREB-26APR12NOPMIN-NOPDQUEEN22-6,2026-04-12,reb,5.5,5.87275,-0.3727499999999999,0.50175,0.5015606231391948,1.0,1.0
KXNBAREB-26APR12NOPMIN-NOPDQUEEN22-8,2026-04-12,reb,7.5,5.87275,1.62725,0.27975,0.2672279570143261,1.0,1.0
KXNBAAST-26APR12NOPMIN-NOPDQUEEN22-10,2026-04-12,ast,9.5,3.00575,6.49425,0.007,0.004576827337830269,0.0,1.0
KXNBAAST-26APR12NOPMIN-NOPDQUEEN22-2,2026-04-12,ast,1.5,3.00575,-1.50575,0.74475,0.763500671938542,1.0,1.0
KXNBAAST-26APR12NOPMIN-NOPDQUEEN22-4,2026-04-12,ast,3.5,3.00575,0.4942500000000001,0.3615,0.3527736402306042,1.0,1.0
KXNBAAST-26APR12NOPMIN-NOPDQUEEN22-6,2026-04-12,ast,5.5,3.00575,2.49425,0.1125,0.10847125476277908,0.0,1.0
KXNBAAST-26APR12NOPMIN-NOPDQUEEN22-8,2026-04-12,ast,7.5,3.00575,4.49425,0.031,0.02483466448822713,0.0,1.0
KXNBAPTS-26APR12CHANYK-CHABMILLER24-15,2026-04-12,pts,14.5,16.93875,-2.438749999999999,0.61575,0.5725904753581597,1.0,1.0
KXNBAPTS-26APR12CHANYK-CHABMILLER24-20,2026-04-12,pts,19.5,16.93875,2.561250000000001,0.334,0.3285731777015264,0.0,1.0
KXNBAPTS-26APR12CHANYK-CHABMILLER24-25,2026-04-12,pts,24.5,16.93875,7.561250000000001,0.1365,0.1628069104431531,0.0,1.0
KXNBAPTS-26APR12CHANYK-CHABMILLER24-30,2026-04-12,pts,29.5,16.93875,12.561250000000001,0.04275,0.07199270881195752,0.0,1.0
KXNBAPTS-26APR12CHANYK-CHAKKNUEPPEL7-15,2026-04-12,pts,14.5,14.42975,0.0702499999999997,0.469,0.4416469106196531,0.0,1.0
KXNBAPTS-26APR12CHANYK-CHAKKNUEPPEL7-20,2026-04-12,pts,19.5,14.42975,5.07025,0.21,0.21090964571306814,0.0,1.0
KXNBAPTS-26APR12CHANYK-CHAKKNUEPPEL7-25,2026-04-12,pts,24.5,14.42975,10.07025,0.0735,0.0855265640223335,0.0,1.0
KXNBAPTS-26APR12CHANYK-CHAKKNUEPPEL7-30,2026-04-12,pts,29.5,14.42975,15.07025,0.0195,0.03066902126855542,0.0,1.0
KXNBAPTS-26APR12CHANYK-CHALBALL1-20,2026-04-12,pts,19.5,18.74925,0.75075,0.43675,0.4125869852414905,0.0,1.0
KXNBAPTS-26APR12CHANYK-CHALBALL1-25,2026-04-12,pts,24.5,18.74925,5.75075,0.2195,0.2284532584935851,0.0,1.0
KXNBAPTS-26APR12CHANYK-CHALBALL1-30,2026-04-12,pts,29.5,18.74925,10.75075,0.088,0.11363614083767537,0.0,1.0
KXNBAPTS-26APR12CHANYK-CHALBALL1-35,2026-04-12,pts,34.5,18.74925,15.75075,0.027,0.051909352971817535,0.0,1.0
KXNBAPTS-26APR12CHANYK-CHAMBRIDGES0-10,2026-04-12,pts,9.5,12.96125,-3.4612499999999997,0.69475,0.675091753062329,0.0,1.0
KXNBAPTS-26APR12CHANYK-CHAMBRIDGES0-15,2026-04-12,pts,14.5,12.96125,1.5387500000000003,0.3715,0.3550939010272839,0.0,1.0
KXNBAPTS-26APR12CHANYK-CHAMBRIDGES0-20,2026-04-12,pts,19.5,12.96125,6.53875,0.13825,0.1471551227598914,0.0,1.0
KXNBAPTS-26APR12CHANYK-CHAMBRIDGES0-25,2026-04-12,pts,24.5,12.96125,11.53875,0.038,0.05126908649114437,0.0,1.0
KXNBAPTS-26APR12CHANYK-CHAMDIABATE14-10,2026-04-12,pts,9.5,6.659,2.841,0.219,0.20228999338167208,0.0,1.0
KXNBAPTS-26APR12CHANYK-CHAMDIABATE14-15,2026-04-12,pts,14.5,6.659,7.841,0.04375,0.034133006264809085,0.0,1.0
KXNBAPTS-26APR12CHANYK-CHAMDIABATE14-20,2026-04-12,pts,19.5,6.659,12.841000000000001,0.005,0.004129571139130261,0.0,1.0
KXNBAREB-26APR12CHANYK-CHABMILLER24-10,2026-04-12,reb,9.5,4.4305,5.0695,0.01925,0.03758697330973948,0.0,1.0
KXNBAREB-26APR12CHANYK-CHABMILLER24-2,2026-04-12,reb,1.5,4.4305,-2.9305000000000003,0.92875,0.8968155531697162,1.0,1.0
KXNBAREB-26APR12CHANYK-CHABMILLER24-4,2026-04-12,reb,3.5,4.4305,-0.9305000000000003,0.635,0.6017967824283423,0.0,1.0
KXNBAREB-26APR12CHANYK-CHABMILLER24-6,2026-04-12,reb,5.5,4.4305,1.0694999999999997,0.28625,0.299148317100964,0.0,1.0
KXNBAREB-26APR12CHANYK-CHABMILLER24-8,2026-04-12,reb,7.5,4.4305,3.0694999999999997,0.09375,0.11656135719777383,0.0,1.0
KXNBAREB-26APR12CHANYK-CHAKKNUEPPEL7-10,2026-04-12,reb,9.5,4.591,4.909,0.032,0.044235291409106425,0.0,1.0
KXNBAREB-26APR12CHANYK-CHAKKNUEPPEL7-2,2026-04-12,reb,1.5,4.591,-3.091,0.929,0.9059415426014559,1.0,1.0
KXNBAREB-26APR12CHANYK-CHAKKNUEPPEL7-4,2026-04-12,reb,3.5,4.591,-1.0910000000000002,0.657,0.6248195378161452,1.0,1.0
KXNBAREB-26APR12CHANYK-CHAKKNUEPPEL7-6,2026-04-12,reb,5.5,4.591,0.9089999999999998,0.31175,0.3225046194737782,1.0,1.0
KXNBAREB-26APR12CHANYK-CHAKKNUEPPEL7-8,2026-04-12,reb,7.5,4.591,2.909,0.10275,0.131129436216458,0.0,1.0
KXNBAREB-26APR12CHANYK-CHALBALL1-2,2026-04-12,reb,1.5,4.34225,-2.84225,0.916,0.8914049787558329,1.0,1.0
KXNBAREB-26APR12CHANYK-CHALBALL1-4,2026-04-12,reb,3.5,4.34225,-0.8422499999999999,0.6125,0.5886649451566421,1.0,1.0
KXNBAREB-26APR12CHANYK-CHALBALL1-5,2026-04-12,reb,4.5,4.34225,0.15775000000000006,0.44325,0.4250670897514427,1.0,1.0
KXNBAREB-26APR12CHANYK-CHALBALL1-6,2026-04-12,reb,5.5,4.34225,1.15775,0.28325,0.28633334765355856,1.0,1.0
KXNBAREB-26APR12CHANYK-CHALBALL1-8,2026-04-12,reb,7.5,4.34225,3.15775,0.0845,0.10887356582729935,0.0,1.0
KXNBAREB-26APR12CHANYK-CHAMBRIDGES0-10,2026-04-12,reb,9.5,4.7835,4.7165,0.034,0.05308749987902117,0.0,1.0
KXNBAREB-26APR12CHANYK-CHAMBRIDGES0-2,2026-04-12,reb,1.5,4.7835,-3.2835,0.937,0.9157768209105474,0.0,1.0
KXNBAREB-26APR12CHANYK-CHAMBRIDGES0-4,2026-04-12,reb,3.5,4.7835,-1.2835,0.68525,0.6509762107934725,0.0,1.0
KXNBAREB-26APR12CHANYK-CHAMBRIDGES0-6,2026-04-12,reb,5.5,4.7835,0.7164999999999999,0.35325,0.35047989202775676,0.0,1.0
KXNBAREB-26APR12CHANYK-CHAMBRIDGES0-8,2026-04-12,reb,7.5,4.7835,2.7165,0.1265,0.14952631210177791,0.0,1.0
KXNBAREB-26APR12CHANYK-CHAMDIABATE14-10,2026-04-12,reb,9.5,7.51575,1.9842500000000003,0.241,0.26400554710597113,0.0,1.0
KXNBAREB-26APR12CHANYK-CHAMDIABATE14-12,2026-04-12,reb,11.5,7.51575,3.9842500000000003,0.1015,0.13567420523605978,0.0,1.0
KXNBAREB-26APR12CHANYK-CHAMDIABATE14-14,2026-04-12,reb,13.5,7.51575,5.98425,0.034,0.06304598597293587,0.0,1.0
KXNBAREB-26APR12CHANYK-CHAMDIABATE14-6,2026-04-12,reb,5.5,7.51575,-2.0157499999999997,0.73425,0.684237563747895,1.0,1.0
KXNBAREB-26APR12CHANYK-CHAMDIABATE14-8,2026-04-12,reb,7.5,7.51575,-0.01574999999999971,0.469,0.4557953074391152,1.0,1.0
KXNBAAST-26APR12CHANYK-CHABMILLER24-10,2026-04-12,ast,9.5,2.74225,6.75775,0.00025,0.0026123143142355865,0.0,1.0
KXNBAAST-26APR12CHANYK-CHABMILLER24-2,2026-04-12,ast,1.5,2.74225,-1.2422499999999999,0.75175,0.7231040649742666,1.0,1.0
KXNBAAST-26APR12CHANYK-CHABMILLER24-4,2026-04-12,ast,3.5,2.74225,0.7577500000000001,0.292,0.3003348087390897,0.0,1.0
KXNBAAST-26APR12CHANYK-CHABMILLER24-6,2026-04-12,ast,5.5,2.74225,2.75775,0.06175,0.08136453475130323,0.0,1.0
KXNBAAST-26APR12CHANYK-CHABMILLER24-8,2026-04-12,ast,7.5,2.74225,4.75775,0.008,0.01628083432473748,0.0,1.0
KXNBAAST-26APR12CHANYK-CHAKKNUEPPEL7-10,2026-04-12,ast,9.5,2.66125,6.83875,0.00025,0.0021632905422753756,0.0,1.0
KXNBAAST-26APR12CHANYK-CHAKKNUEPPEL7-2,2026-04-12,ast,1.5,2.66125,-1.16125,0.73725,0.7093849279498459,1.0,1.0
KXNBAAST-26APR12CHANYK-CHAKKNUEPPEL7-4,2026-04-12,ast,3.5,2.66125,0.8387500000000001,0.276,0.2841669223696399,1.0,1.0
KXNBAAST-26APR12CHANYK-CHAKKNUEPPEL7-6,2026-04-12,ast,5.5,2.66125,2.83875,0.06375,0.07378887306431658,0.0,1.0
KXNBAAST-26APR12CHANYK-CHAKKNUEPPEL7-8,2026-04-12,ast,7.5,2.66125,4.83875,0.005,0.014117246750442458,0.0,1.0
KXNBAAST-26APR12CHANYK-CHALBALL1-10,2026-04-12,ast,9.5,5.98125,3.51875,0.088,0.12696317232506305,0.0,1.0
KXNBAAST-26APR12CHANYK-CHALBALL1-12,2026-04-12,ast,11.5,5.98125,5.51875,0.02525,0.0503088363799129,0.0,1.0
KXNBAAST-26APR12CHANYK-CHALBALL1-4,2026-04-12,ast,3.5,5.98125,-2.48125,0.83825,0.7833830012969805,1.0,1.0
KXNBAAST-26APR12CHANYK-CHALBALL1-6,2026-04-12,ast,5.5,5.98125,-0.4812500000000002,0.54525,0.5169731696979232,1.0,1.0
KXNBAAST-26APR12CHANYK-CHALBALL1-8,2026-04-12,ast,7.5,5.98125,1.5187499999999998,0.2585,0.2788760838669099,0.0,1.0
KXNBAAST-26APR12CHANYK-CHAMBRIDGES0-2,2026-04-12,ast,1.5,2.48525,-0.9852500000000002,0.7055,0.6772892594511737,1.0,1.0
KXNBAAST-26APR12CHANYK-CHAMBRIDGES0-3,2026-04-12,ast,2.5,2.48525,0.014749999999999819,0.4535,0.439210558315855,0.0,1.0
KXNBAAST-26APR12CHANYK-CHAMBRIDGES0-4,2026-04-12,ast,3.5,2.48525,1.0147499999999998,0.24375,0.249211799289217,0.0,1.0
KXNBAAST-26APR12CHANYK-CHAMBRIDGES0-6,2026-04-12,ast,5.5,2.48525,3.01475,0.04175,0.05864022108860234,0.0,1.0
KXNBAAST-26APR12CHANYK-CHAMBRIDGES0-8,2026-04-12,ast,7.5,2.48525,5.014749999999999,0.006,0.010112446065477343,0.0,1.0
KXNBA3PT-26APR12CHANYK-CHAKKNUEPPEL7-2,2026-04-12,fg3m,1.5,2.58825,-1.08825,0.722,0.6842423257978394,1.0,1.0
KXNBA3PT-26APR12CHANYK-CHAKKNUEPPEL7-3,2026-04-12,fg3m,2.5,2.58825,-0.08824999999999994,0.478,0.45678317029090276,1.0,1.0
KXNBA3PT-26APR12CHANYK-CHAKKNUEPPEL7-4,2026-04-12,fg3m,3.5,2.58825,0.9117500000000001,0.26075,0.27183609626608696,0.0,1.0
KXNBA3PT-26APR12CHANYK-CHAKKNUEPPEL7-5,2026-04-12,fg3m,4.5,2.58825,1.91175,0.12225,0.14734321100449443,0.0,1.0
KXNBA3PT-26APR12CHANYK-CHAKKNUEPPEL7-6,2026-04-12,fg3m,5.5,2.58825,2.91175,0.05275,0.07399906818436419,0.0,1.0
KXNBA3PT-26APR12CHANYK-CHALBALL1-3,2026-04-12,fg3m,2.5,3.524,-1.024,0.67775,0.6304937817085887,1.0,1.0
KXNBA3PT-26APR12CHANYK-CHALBALL1-4,2026-04-12,fg3m,3.5,3.524,-0.02400000000000002,0.466,0.44657727998966146,1.0,1.0
KXNBA3PT-26APR12CHANYK-CHALBALL1-5,2026-04-12,fg3m,4.5,3.524,0.976,0.27975,0.2921563675417438,1.0,1.0
KXNBA3PT-26APR12CHANYK-CHALBALL1-6,2026-04-12,fg3m,5.5,3.524,1.976,0.154,0.17867740189882575,0.0,1.0
KXNBA3PT-26APR12CHANYK-CHALBALL1-7,2026-04-12,fg3m,6.5,3.524,2.976,0.0735,0.10321051974398976,0.0,1.0
KXNBA3PT-26APR12CHANYK-CHAMBRIDGES0-1,2026-04-12,fg3m,0.5,1.39775,-0.89775,0.74175,0.7229426942469017,0.0,1.0
KXNBA3PT-26APR12CHANYK-CHAMBRIDGES0-2,2026-04-12,fg3m,1.5,1.39775,0.10224999999999995,0.408,0.3956202948945251,0.0,1.0
KXNBA3PT-26APR12CHANYK-CHAMBRIDGES0-3,2026-04-12,fg3m,2.5,1.39775,1.10225,0.16825,0.17693758113816183,0.0,1.0
KXNBA3PT-26APR12CHANYK-CHAMBRIDGES0-4,2026-04-12,fg3m,3.5,1.39775,2.1022499999999997,0.058,0.06825531777541882,0.0,1.0
KXNBA3PT-26APR12CHANYK-CHAMBRIDGES0-5,2026-04-12,fg3m,4.5,1.39775,3.1022499999999997,0.016,0.023540041466299955,0.0,1.0
KXNBAPTS-26APR12PHXOKC-OKCLDORT5-10,2026-04-12,pts,9.5,7.8735,1.6265,0.3295,0.3069297732350361,0.0,1.0
KXNBAPTS-26APR12PHXOKC-OKCLDORT5-15,2026-04-12,pts,14.5,7.8735,6.6265,0.098,0.07341430145343086,0.0,1.0
KXNBAPTS-26APR12PHXOKC-OKCLDORT5-20,2026-04-12,pts,19.5,7.8735,11.6265,0.01825,0.012823899918255943,0.0,1.0
KXNBAPTS-26APR12PHXOKC-OKCLDORT5-25,2026-04-12,pts,24.5,7.8735,16.6265,0.00375,0.0018197664269646863,0.0,1.0
KXNBAPTS-26APR12MILPHI-PHIPGEORGE8-10,2026-04-12,pts,9.5,14.51225,-5.01225,0.764,0.7470975399587395,1.0,1.0
KXNBAPTS-26APR12MILPHI-PHIPGEORGE8-15,2026-04-12,pts,14.5,14.51225,-0.012249999999999872,0.46875,0.44632911533272623,0.0,1.0
KXNBAPTS-26APR12MILPHI-PHIPGEORGE8-20,2026-04-12,pts,19.5,14.51225,4.98775,0.21,0.21466556652169932,0.0,1.0
KXNBAPTS-26APR12MILPHI-PHIPGEORGE8-25,2026-04-12,pts,24.5,14.51225,9.98775,0.07025,0.08771931596915017,0.0,1.0
KXNBAPTS-26APR12MILPHI-PHIPGEORGE8-30,2026-04-12,pts,29.5,14.51225,14.98775,0.021,0.03170683857093648,0.0,1.0
KXNBAPTS-26APR12MILPHI-PHITMAXEY0-25,2026-04-12,pts,24.5,21.09375,3.40625,0.31725,0.3184491545102981,0.0,1.0
KXNBAPTS-26APR12MILPHI-PHITMAXEY0-30,2026-04-12,pts,29.5,21.09375,8.40625,0.13525,0.17902241886755788,0.0,1.0
KXNBAPTS-26APR12MILPHI-PHITMAXEY0-35,2026-04-12,pts,34.5,21.09375,13.40625,0.04775,0.09289925194733972,0.0,1.0
KXNBAPTS-26APR12MILPHI-PHITMAXEY0-40,2026-04-12,pts,39.5,21.09375,18.40625,0.0145,0.04516295471464771,0.0,1.0
KXNBAPTS-26APR12MILPHI-PHIVEDGECOMBE77-15,2026-04-12,pts,14.5,14.53575,-0.03575000000000017,0.4675,0.4476587045787088,0.0,1.0
KXNBAPTS-26APR12MILPHI-PHIVEDGECOMBE77-20,2026-04-12,pts,19.5,14.53575,4.96425,0.20575,0.2157379893492678,0.0,1.0
KXNBAPTS-26APR12MILPHI-PHIVEDGECOMBE77-25,2026-04-12,pts,24.5,14.53575,9.96425,0.07025,0.08834885000530268,0.0,1.0
KXNBAPTS-26APR12MILPHI-PHIVEDGECOMBE77-30,2026-04-12,pts,29.5,14.53575,14.96425,0.018,0.0320064292275255,0.0,1.0
KXNBAREB-26APR12MILPHI-PHIPGEORGE8-10,2026-04-12,reb,9.5,4.83725,4.66275,0.038,0.05573048531361069,0.0,1.0
KXNBAREB-26APR12MILPHI-PHIPGEORGE8-12,2026-04-12,reb,11.5,4.83725,6.66275,0.009,0.017361014310914857,0.0,1.0
KXNBAREB-26APR12MILPHI-PHIPGEORGE8-6,2026-04-12,reb,5.5,4.83725,0.66275,0.36175,0.35826339027064447,0.0,1.0
KXNBAREB-26APR12MILPHI-PHIPGEORGE8-7,2026-04-12,reb,6.5,4.83725,1.66275,0.23375,0.24164583674120943,0.0,1.0
KXNBAREB-26APR12MILPHI-PHIPGEORGE8-8,2026-04-12,reb,7.5,4.83725,2.66275,0.13275,0.15482928038202892,0.0,1.0
KXNBAREB-26APR12MILPHI-PHIVEDGECOMBE77-10,2026-04-12,reb,9.5,5.3695,4.1305,0.05975,0.08586329737004383,0.0,1.0
KXNBAREB-26APR12MILPHI-PHIVEDGECOMBE77-2,2026-04-12,reb,1.5,5.3695,-3.8695000000000004,0.965,0.9395569576907371,1.0,1.0
KXNBAREB-26APR12MILPHI-PHIVEDGECOMBE77-4,2026-04-12,reb,3.5,5.3695,-1.8695000000000004,0.7655,0.7211474775837814,1.0,1.0
KXNBAREB-26APR12MILPHI-PHIVEDGECOMBE77-6,2026-04-12,reb,5.5,5.3695,0.13049999999999962,0.43775,0.4338954619721974,1.0,1.0
KXNBAREB-26APR12MILPHI-PHIVEDGECOMBE77-8,2026-04-12,reb,7.5,5.3695,2.1304999999999996,0.182,0.21060072348396175,0.0,1.0
KXNBAAST-26APR12MILPHI-PHIPGEORGE8-2,2026-04-12,ast,1.5,3.4575,-1.9575,0.8425,0.8195764513399351,1.0,1.0
KXNBAAST-26APR12MILPHI-PHIPGEORGE8-4,2026-04-12,ast,3.5,3.4575,0.04249999999999998,0.451,0.43991476856526657,0.0,1.0
KXNBAAST-26APR12MILPHI-PHIPGEORGE8-5,2026-04-12,ast,4.5,3.4575,1.0425,0.26975,0.27843562036066494,0.0,1.0
KXNBAAST-26APR12MILPHI-PHIPGEORGE8-6,2026-04-12,ast,5.5,3.4575,2.0425,0.147,0.16250985597509626,0.0,1.0
KXNBAAST-26APR12MILPHI-PHIPGEORGE8-8,2026-04-12,ast,7.5,3.4575,4.0425,0.03175,0.04533475656804831,0.0,1.0
KXNBAAST-26APR12MILPHI-PHITMAXEY0-10,2026-04-12,ast,9.5,5.64625,3.85375,0.06475,0.10250714906298142,0.0,1.0
KXNBAAST-26APR12MILPHI-PHITMAXEY0-12,2026-04-12,ast,11.5,5.64625,5.85375,0.01275,0.037940864372652316,0.0,1.0
KXNBAAST-26APR12MILPHI-PHITMAXEY0-4,2026-04-12,ast,3.5,5.64625,-2.14625,0.80975,0.7524235284137519,0.0,1.0
KXNBAAST-26APR12MILPHI-PHITMAXEY0-6,2026-04-12,ast,5.5,5.64625,-0.1462500000000002,0.49025,0.47270412486392377,0.0,1.0
KXNBAAST-26APR12MILPHI-PHITMAXEY0-8,2026-04-12,ast,7.5,5.64625,1.8537499999999998,0.21575,0.2402827045096757,0.0,1.0
KXNBAAST-26APR12MILPHI-PHIVEDGECOMBE77-10,2026-04-12,ast,9.5,4.10225,5.39775,0.012,0.025159410794269088,1.0,1.0
KXNBAAST-26APR12MILPHI-PHIVEDGECOMBE77-2,2026-04-12,ast,1.5,4.10225,-2.6022499999999997,0.912,0.8771022395860235,1.0,1.0
KXNBAAST-26APR12MILPHI-PHIVEDGECOMBE77-4,2026-04-12,ast,3.5,4.10225,-0.6022499999999997,0.58025,0.5527729854604766,1.0,1.0
KXNBAAST-26APR12MILPHI-PHIVEDGECOMBE77-6,2026-04-12,ast,5.5,4.10225,1.3977500000000003,0.237,0.2509959061267094,1.0,1.0
KXNBAAST-26APR12MILPHI-PHIVEDGECOMBE77-8,2026-04-12,ast,7.5,4.10225,3.3977500000000003,0.0665,0.0878379499013967,1.0,1.0
KXNBA3PT-26APR12MILPHI-PHITMAXEY0-2,2026-04-12,fg3m,1.5,2.254,-0.754,0.66225,0.6197621237678387,1.0,1.0
KXNBA3PT-26APR12MILPHI-PHITMAXEY0-3,2026-04-12,fg3m,2.5,2.254,0.246,0.3895,0.3821357544159909,0.0,1.0
KXNBA3PT-26APR12MILPHI-PHITMAXEY0-4,2026-04-12,fg3m,3.5,2.254,1.246,0.18725,0.20818552877851737,0.0,1.0
KXNBA3PT-26APR12MILPHI-PHITMAXEY0-5,2026-04-12,fg3m,4.5,2.254,2.246,0.07575,0.10276907917760203,0.0,1.0
KXNBA3PT-26APR12MILPHI-PHITMAXEY0-6,2026-04-12,fg3m,5.5,2.254,3.246,0.0265,0.046855716544166204,0.0,1.0
KXNBA3PT-26APR12MILPHI-PHIVEDGECOMBE77-1,2026-04-12,fg3m,0.5,1.66325,-1.16325,0.80975,0.7779172159410725,1.0,1.0
KXNBA3PT-26APR12MILPHI-PHIVEDGECOMBE77-2,2026-04-12,fg3m,1.5,1.66325,-0.1632499999999999,0.49675,0.47462177908584113,0.0,1.0
KXNBA3PT-26APR12MILPHI-PHIVEDGECOMBE77-3,2026-04-12,fg3m,2.5,1.66325,0.8367500000000001,0.23025,0.24038803052599345,0.0,1.0
KXNBA3PT-26APR12MILPHI-PHIVEDGECOMBE77-4,2026-04-12,fg3m,3.5,1.66325,1.83675,0.09075,0.10582103624848849,0.0,1.0
KXNBA3PT-26APR12MILPHI-PHIVEDGECOMBE77-5,2026-04-12,fg3m,4.5,1.66325,2.8367500000000003,0.0265,0.0418209351199017,0.0,1.0
KXNBAPTS-26APR12SACPOR-PORDAVDIJA8-30,2026-04-12,pts,29.5,19.56675,9.933250000000001,0.10825,0.135182195753504,0.0,1.0
KXNBAPTS-26APR12SACPOR-PORDAVDIJA8-35,2026-04-12,pts,34.5,19.56675,14.933250000000001,0.0375,0.06477809310699345,0.0,1.0
KXNBAPTS-26APR12SACPOR-PORDAVDIJA8-40,2026-04-12,pts,39.5,19.56675,19.93325,0.0105,0.029018222882520317,0.0,1.0
KXNBAPTS-26APR12SACPOR-PORDAVDIJA8-45,2026-04-12,pts,44.5,19.56675,24.93325,0.0025,0.012300630263881063,0.0,1.0
KXNBAPTS-26APR12SACPOR-PORDAVDIJA8-50,2026-04-12,pts,49.5,19.56675,29.93325,0.00075,0.004980157087614123,0.0,1.0
KXNBAPTS-26APR12SACPOR-PORDCLINGAN23-10,2026-04-12,pts,9.5,10.36725,-0.8672500000000003,0.532,0.5116643884782307,1.0,1.0
KXNBAPTS-26APR12SACPOR-PORDCLINGAN23-15,2026-04-12,pts,14.5,10.36725,4.13275,0.19975,0.19803485439519508,0.0,1.0
KXNBAPTS-26APR12SACPOR-PORDCLINGAN23-20,2026-04-12,pts,19.5,10.36725,9.13275,0.05275,0.058131126064857264,0.0,1.0
KXNBAPTS-26APR12SACPOR-PORDCLINGAN23-25,2026-04-12,pts,24.5,10.36725,14.13275,0.01125,0.014094566453463298,0.0,1.0
KXNBAPTS-26APR12SACPOR-PORJHOLIDAY5-15,2026-04-12,pts,14.5,14.6225,-0.1225000000000005,0.47675,0.45255077787340103,1.0,1.0
KXNBAPTS-26APR12SACPOR-PORJHOLIDAY5-20,2026-04-12,pts,19.5,14.6225,4.8774999999999995,0.21175,0.21970625390417786,1.0,1.0
KXNBAPTS-26APR12SACPOR-PORJHOLIDAY5-25,2026-04-12,pts,24.5,14.6225,9.8775,0.07475,0.09069154385219946,0.0,1.0
KXNBAPTS-26APR12SACPOR-PORJHOLIDAY5-30,2026-04-12,pts,29.5,14.6225,14.8775,0.02,0.0331276444517794,0.0,1.0
KXNBAPTS-26APR12SACPOR-PORTCAMARA33-10,2026-04-12,pts,9.5,12.328,-2.8279999999999994,0.64925,0.6403984869946474,1.0,1.0
KXNBAPTS-26APR12SACPOR-PORTCAMARA33-15,2026-04-12,pts,14.5,12.328,2.1720000000000006,0.33225,0.31648104541359523,1.0,1.0
KXNBAPTS-26APR12SACPOR-PORTCAMARA33-20,2026-04-12,pts,19.5,12.328,7.172000000000001,0.125,0.12210800620996753,0.0,1.0
KXNBAPTS-26APR12SACPOR-PORTCAMARA33-25,2026-04-12,pts,24.5,12.328,12.172,0.034,0.03943774430167124,0.0,1.0
KXNBAPTS-26APR12SACPOR-SACPACHIUWA9-10,2026-04-12,pts,9.5,12.4515,-2.9514999999999993,0.6615,0.6474208383566107,1.0,1.0
KXNBAPTS-26APR12SACPOR-SACPACHIUWA9-15,2026-04-12,pts,14.5,12.4515,2.0485000000000007,0.33975,0.32404197075731045,1.0,1.0
KXNBAPTS-26APR12SACPOR-SACPACHIUWA9-20,2026-04-12,pts,19.5,12.4515,7.048500000000001,0.1225,0.12685010014472753,1.0,1.0
KXNBAPTS-26APR12SACPOR-SACPACHIUWA9-25,2026-04-12,pts,24.5,12.4515,12.0485,0.03225,0.041602354876614234,1.0,1.0
KXNBAREB-26APR12SACPOR-PORDAVDIJA8-10,2026-04-12,reb,9.5,6.1165,3.3834999999999997,0.10875,0.13930304225296453,0.0,1.0
KXNBAREB-26APR12SACPOR-PORDAVDIJA8-12,2026-04-12,reb,11.5,6.1165,5.3835,0.0325,0.057515357890468355,0.0,1.0
KXNBAREB-26APR12SACPOR-PORDAVDIJA8-14,2026-04-12,reb,13.5,6.1165,7.3835,0.00675,0.021297997623970777,0.0,1.0
KXNBAREB-26APR12SACPOR-PORDAVDIJA8-16,2026-04-12,reb,15.5,6.1165,9.3835,0.0015,0.0072081389211118285,0.0,1.0
KXNBAREB-26APR12SACPOR-PORDAVDIJA8-8,2026-04-12,reb,7.5,6.1165,1.3834999999999997,0.28375,0.2954014603008932,0.0,1.0
KXNBAREB-26APR12SACPOR-PORDCLINGAN23-10,2026-04-12,reb,9.5,9.45475,0.045249999999999346,0.472,0.4510829492320495,1.0,1.0
KXNBAREB-26APR12SACPOR-PORDCLINGAN23-12,2026-04-12,reb,11.5,9.45475,2.0452499999999993,0.25775,0.28562317797570635,0.0,1.0
KXNBAREB-26APR12SACPOR-PORDCLINGAN23-13,2026-04-12,reb,12.5,9.45475,3.0452499999999993,0.17125,0.2196711839625055,0.0,1.0
KXNBAREB-26APR12SACPOR-PORDCLINGAN23-14,2026-04-12,reb,13.5,9.45475,4.045249999999999,0.1065,0.1654948341874839,0.0,1.0
KXNBAREB-26APR12SACPOR-PORDCLINGAN23-16,2026-04-12,reb,15.5,9.45475,6.045249999999999,0.04025,0.08879514199150806,0.0,1.0
KXNBAREB-26APR12SACPOR-PORJHOLIDAY5-2,2026-04-12,reb,1.5,4.25375,-2.75375,0.91975,0.8856792115147739,1.0,1.0
KXNBAREB-26APR12SACPOR-PORJHOLIDAY5-4,2026-04-12,reb,3.5,4.25375,-0.7537500000000001,0.594,0.5751593862152524,1.0,1.0
KXNBAREB-26APR12SACPOR-PORJHOLIDAY5-5,2026-04-12,reb,4.5,4.25375,0.24624999999999986,0.413,0.41085409693604835,1.0,1.0
KXNBAREB-26APR12SACPOR-PORJHOLIDAY5-6,2026-04-12,reb,5.5,4.25375,1.2462499999999999,0.26875,0.2735247044578092,1.0,1.0
KXNBAREB-26APR12SACPOR-PORJHOLIDAY5-8,2026-04-12,reb,7.5,4.25375,3.24625,0.07925,0.10140585742441433,0.0,1.0
KXNBAREB-26APR12SACPOR-SACPACHIUWA9-10,2026-04-12,reb,9.5,7.058,2.442,0.2085,0.22079108348907117,1.0,1.0
KXNBAREB-26APR12SACPOR-SACPACHIUWA9-12,2026-04-12,reb,11.5,7.058,4.442,0.08475,0.10645778338998468,0.0,1.0
KXNBAREB-26APR12SACPOR-SACPACHIUWA9-4,2026-04-12,reb,3.5,7.058,-3.558,0.8915,0.8566910742272197,1.0,1.0
KXNBAREB-26APR12SACPOR-SACPACHIUWA9-6,2026-04-12,reb,5.5,7.058,-1.5579999999999998,0.6765,0.6396809772457455,1.0,1.0
KXNBAREB-26APR12SACPOR-SACPACHIUWA9-8,2026-04-12,reb,7.5,7.058,0.44200000000000017,0.40625,0.40450188547690735,1.0,1.0
KXNBAAST-26APR12SACPOR-PORDAVDIJA8-10,2026-04-12,ast,9.5,5.1705,4.3295,0.043,0.0722126573395746,1.0,1.0
KXNBAAST-26APR12SACPOR-PORDAVDIJA8-12,2026-04-12,ast,11.5,5.1705,6.3295,0.01025,0.023992740473728902,0.0,1.0
KXNBAAST-26APR12SACPOR-PORDAVDIJA8-4,2026-04-12,ast,3.5,5.1705,-1.6704999999999997,0.7505,0.7013955487447814,1.0,1.0
KXNBAAST-26APR12SACPOR-PORDAVDIJA8-6,2026-04-12,ast,5.5,5.1705,0.32950000000000035,0.412,0.40640987755283586,1.0,1.0
KXNBAAST-26APR12SACPOR-PORDAVDIJA8-8,2026-04-12,ast,7.5,5.1705,2.3295000000000003,0.15625,0.18773629519874502,1.0,1.0
KXNBAAST-26APR12SACPOR-PORDCLINGAN23-2,2026-04-12,ast,1.5,1.81325,-0.31325000000000003,0.53975,0.5223677732354461,0.0,1.0
KXNBAAST-26APR12SACPOR-PORDCLINGAN23-3,2026-04-12,ast,2.5,1.81325,0.68675,0.2735,0.2760868327228856,0.0,1.0
KXNBAAST-26APR12SACPOR-PORDCLINGAN23-4,2026-04-12,ast,3.5,1.81325,1.68675,0.11125,0.12501828409951288,0.0,1.0
KXNBAAST-26APR12SACPOR-PORDCLINGAN23-6,2026-04-12,ast,5.5,1.81325,3.68675,0.0095,0.018159414120247575,0.0,1.0
KXNBAAST-26APR12SACPOR-PORDCLINGAN23-8,2026-04-12,ast,7.5,1.81325,5.68675,0.0,0.0018954200982820302,0.0,1.0
KXNBAAST-26APR12SACPOR-PORJHOLIDAY5-10,2026-04-12,ast,9.5,4.9275,4.5725,0.0365,0.058914000780796005,0.0,1.0
KXNBAAST-26APR12SACPOR-PORJHOLIDAY5-12,2026-04-12,ast,11.5,4.9275,6.5725,0.0075,0.01841730737509284,0.0,1.0
KXNBAAST-26APR12SACPOR-PORJHOLIDAY5-6,2026-04-12,ast,5.5,4.9275,0.5724999999999998,0.368,0.3713940749772381,0.0,1.0
KXNBAAST-26APR12SACPOR-PORJHOLIDAY5-7,2026-04-12,ast,6.5,4.9275,1.5724999999999998,0.231,0.25212417518774477,0.0,1.0
KXNBAAST-26APR12SACPOR-PORJHOLIDAY5-8,2026-04-12,ast,7.5,4.9275,2.5725,0.1365,0.16242412585494914,0.0,1.0
KXNBA3PT-26APR12SACPOR-PORDAVDIJA8-1,2026-04-12,fg3m,0.5,1.424,-0.9239999999999999,0.7565,0.729013454618979,1.0,1.0
KXNBA3PT-26APR12SACPOR-PORDAVDIJA8-2,2026-04-12,fg3m,1.5,1.424,0.07600000000000007,0.40625,0.40379598217583834,1.0,1.0
KXNBA3PT-26APR12SACPOR-PORDAVDIJA8-3,2026-04-12,fg3m,2.5,1.424,1.076,0.178,0.18308058985222264,1.0,1.0
KXNBA3PT-26APR12SACPOR-PORDAVDIJA8-4,2026-04-12,fg3m,3.5,1.424,2.076,0.0605,0.07165194134022423,1.0,1.0
KXNBA3PT-26APR12SACPOR-PORDAVDIJA8-5,2026-04-12,fg3m,4.5,1.424,3.076,0.0175,0.025081095062051695,1.0,1.0
KXNBAPTS-26APR12DENSAS-DENNJOKIC15-15,2026-04-12,pts,14.5,23.53172329103561,-9.031723291035611,0.8755628325828899,0.7980142708244994,1.0,0.61075
KXNBAPTS-26APR12DENSAS-DENNJOKIC15-20,2026-04-12,pts,19.5,23.53172329103561,-4.031723291035611,0.6745804338927548,0.6041092080034538,1.0,0.61075
KXNBAPTS-26APR12DENSAS-DENNJOKIC15-25,2026-04-12,pts,24.5,23.53172329103561,0.9682767089643889,0.42365943512075316,0.4109965563956166,0.0,0.61075
KXNBAPTS-26APR12DENSAS-DENNJOKIC15-30,2026-04-12,pts,29.5,23.53172329103561,5.968276708964389,0.22595169873106835,0.25546655160971965,0.0,0.61075
KXNBAPTS-26APR12DENSAS-SASDFOX4-10,2026-04-12,pts,9.5,15.432,-5.932,0.79875,0.7820560957867112,1.0,1.0
KXNBAPTS-26APR12DENSAS-SASDFOX4-15,2026-04-12,pts,14.5,15.432,-0.9320000000000004,0.521,0.49690572738226824,1.0,1.0
KXNBAPTS-26APR12DENSAS-SASDFOX4-20,2026-04-12,pts,19.5,15.432,4.068,0.2565,0.2573168926475391,1.0,1.0
KXNBAPTS-26APR12DENSAS-SASDFOX4-25,2026-04-12,pts,24.5,15.432,9.068,0.097,0.11391400666031326,0.0,1.0
KXNBAPTS-26APR12DENSAS-SASDFOX4-30,2026-04-12,pts,29.5,15.432,14.068,0.0285,0.04475780709644184,0.0,1.0
KXNBAREB-26APR12DENSAS-DENNJOKIC15-10,2026-04-12,reb,9.5,10.925910765452313,-1.425910765452313,0.6295538272615636,0.5785031092129702,0.0,0.61075
KXNBAREB-26APR12DENSAS-DENNJOKIC15-12,2026-04-12,reb,11.5,10.925910765452313,0.5740892345476869,0.40769545640605814,0.4092322179173411,0.0,0.61075
KXNBAREB-26APR12DENSAS-DENNJOKIC15-14,2026-04-12,reb,13.5,10.925910765452313,2.574089234547687,0.23291035611952518,0.2673597922413863,0.0,0.61075
KXNBAREB-26APR12DENSAS-DENNJOKIC15-6,2026-04-12,reb,5.5,10.925910765452313,-5.425910765452313,0.9484240687679083,0.8875025078369356,1.0,0.61075
KXNBAREB-26APR12DENSAS-DENNJOKIC15-8,2026-04-12,reb,7.5,10.925910765452313,-3.425910765452313,0.8346295538272616,0.7495246028425842,1.0,0.61075
KXNBAREB-26APR12DENSAS-SASDFOX4-10,2026-04-12,reb,9.5,3.213,6.287,0.00375,0.0071036413661197395,0.0,1.0
KXNBAREB-26APR12DENSAS-SASDFOX4-2,2026-04-12,reb,1.5,3.213,-1.713,0.81025,0.7891824567753758,1.0,1.0
KXNBAREB-26APR12DENSAS-SASDFOX4-4,2026-04-12,reb,3.5,3.213,0.2869999999999999,0.39475,0.39298882564127147,1.0,1.0
KXNBAREB-26APR12DENSAS-SASDFOX4-6,2026-04-12,reb,5.5,3.213,2.287,0.12525,0.13330529812734837,1.0,1.0
KXNBAREB-26APR12DENSAS-SASDFOX4-8,2026-04-12,reb,7.5,3.213,4.287,0.026,0.03413904262455525,0.0,1.0
KXNBAAST-26APR12DENSAS-DENNJOKIC15-10,2026-04-12,ast,9.5,8.634056487924683,0.865943512075317,0.37781416291444947,0.37276957359045926,0.0,0.61075
KXNBAAST-26APR12DENSAS-DENNJOKIC15-12,2026-04-12,ast,11.5,8.634056487924683,2.865943512075317,0.17683176422431438,0.21661437183317966,0.0,0.61075
KXNBAAST-26APR12DENSAS-DENNJOKIC15-6,2026-04-12,ast,5.5,8.634056487924683,-3.134056487924683,0.8419975440032746,0.7770424148971035,0.0,0.61075
KXNBAAST-26APR12DENSAS-DENNJOKIC15-8,2026-04-12,ast,7.5,8.634056487924683,-1.134056487924683,0.6119525173966435,0.5731793803304113,0.0,0.61075
KXNBAAST-26APR12DENSAS-DENNJOKIC15-9,2026-04-12,ast,8.5,8.634056487924683,-0.13405648792468305,0.49733933688088416,0.46923043147252286,0.0,0.61075
KXNBAAST-26APR12DENSAS-SASDFOX4-10,2026-04-12,ast,9.5,5.197,4.303,0.0495,0.07375406153009711,0.0,1.0
KXNBAAST-26APR12DENSAS-SASDFOX4-12,2026-04-12,ast,11.5,5.197,6.303,0.009,0.024662038591949265,0.0,1.0
KXNBAAST-26APR12DENSAS-SASDFOX4-4,2026-04-12,ast,3.5,5.197,-1.697,0.74025,0.7044698687154346,1.0,1.0
KXNBAAST-26APR12DENSAS-SASDFOX4-6,2026-04-12,ast,5.5,5.197,0.30299999999999994,0.4195,0.41018949810315686,0.0,1.0
KXNBAAST-26APR12DENSAS-SASDFOX4-8,2026-04-12,ast,7.5,5.197,2.303,0.172,0.19056802984995347,0.0,1.0
KXNBA3PT-26APR12DENSAS-DENNJOKIC15-1,2026-04-12,fg3m,0.5,1.3933688088415883,-0.8933688088415883,0.7544003274662301,0.7219145634773098,1.0,0.61075
KXNBA3PT-26APR12DENSAS-DENNJOKIC15-2,2026-04-12,fg3m,1.5,1.3933688088415883,0.10663119115841169,0.39255014326647564,0.3942483369087887,0.0,0.61075
KXNBA3PT-26APR12DENSAS-DENNJOKIC15-3,2026-04-12,fg3m,2.5,1.3933688088415883,1.1066311911584117,0.16741711011051985,0.1759161707362651,0.0,0.61075
KXNBA3PT-26APR12DENSAS-DENNJOKIC15-4,2026-04-12,fg3m,3.5,1.3933688088415883,2.106631191158412,0.05935325419566107,0.06769573994751188,0.0,0.61075
KXNBA3PT-26APR12DENSAS-DENNJOKIC15-5,2026-04-12,fg3m,4.5,1.3933688088415883,3.106631191158412,0.01637331150225133,0.023288496234796674,0.0,0.61075
KXNBA3PT-26APR12DENSAS-SASDFOX4-1,2026-04-12,fg3m,0.5,1.45125,-0.9512499999999999,0.75225,0.7351568425652257,1.0,1.0
KXNBA3PT-26APR12DENSAS-SASDFOX4-2,2026-04-12,fg3m,1.5,1.45125,0.04875000000000007,0.4225,0.41220146773049526,1.0,1.0
KXNBA3PT-26APR12DENSAS-SASDFOX4-3,2026-04-12,fg3m,2.5,1.45125,1.04875,0.1825,0.18949702241113475,1.0,1.0
KXNBA3PT-26APR12DENSAS-SASDFOX4-4,2026-04-12,fg3m,3.5,1.45125,2.04875,0.06325,0.07525635122812402,1.0,1.0
KXNBA3PT-26APR12DENSAS-SASDFOX4-5,2026-04-12,fg3m,4.5,1.45125,3.04875,0.0215,0.02674251352611834,0.0,1.0
KXNBAPTS-26APR12BKNTOR-TORIQUICKLEY5-10,2026-04-12,pts,9.5,12.907718120805368,-3.4077181208053684,0.6895973154362416,0.6722838275010448,0.0,0.149
KXNBAPTS-26APR12BKNTOR-TORIQUICKLEY5-15,2026-04-12,pts,14.5,12.907718120805368,1.5922818791946316,0.36577181208053694,0.3518487065124014,0.0,0.149
KXNBAPTS-26APR12BKNTOR-TORIQUICKLEY5-20,2026-04-12,pts,19.5,12.907718120805368,6.592281879194632,0.1493288590604027,0.14497043039116886,0.0,0.149
KXNBAPTS-26APR12BKNTOR-TORIQUICKLEY5-25,2026-04-12,pts,24.5,12.907718120805368,11.592281879194632,0.04697986577181208,0.050198687038617296,0.0,0.149
KXNBAPTS-26APR12BKNTOR-TORSBARNES4-10,2026-04-12,pts,9.5,14.938,-5.438000000000001,0.79825,0.7639364792483406,1.0,1.0
KXNBAPTS-26APR12BKNTOR-TORSBARNES4-15,2026-04-12,pts,14.5,14.938,-0.4380000000000006,0.493,0.47012273609968314,1.0,1.0
KXNBAPTS-26APR12BKNTOR-TORSBARNES4-20,2026-04-12,pts,19.5,14.938,4.561999999999999,0.228,0.23425246649271014,0.0,1.0
KXNBAPTS-26APR12BKNTOR-TORSBARNES4-25,2026-04-12,pts,24.5,14.938,9.562,0.08025,0.09945590348500644,0.0,1.0
KXNBAPTS-26APR12BKNTOR-TORSBARNES4-30,2026-04-12,pts,29.5,14.938,14.562,0.019,0.0374090089885768,0.0,1.0
KXNBAREB-26APR12BKNTOR-TORIQUICKLEY5-10,2026-04-12,reb,9.5,3.5201342281879193,5.979865771812081,0.0050335570469798654,0.011807843022571318,0.0,0.149
KXNBAREB-26APR12BKNTOR-TORIQUICKLEY5-2,2026-04-12,reb,1.5,3.5201342281879193,-2.0201342281879193,0.8557046979865772,0.82421793157782,1.0,0.149
KXNBAREB-26APR12BKNTOR-TORIQUICKLEY5-4,2026-04-12,reb,3.5,3.5201342281879193,-0.020134228187919323,0.4848993288590604,0.4507828570983976,0.0,0.149
KXNBAREB-26APR12BKNTOR-TORIQUICKLEY5-6,2026-04-12,reb,5.5,3.5201342281879193,1.9798657718120807,0.1610738255033557,0.17169555798651237,0.0,0.149
KXNBAREB-26APR12BKNTOR-TORIQUICKLEY5-8,2026-04-12,reb,7.5,3.5201342281879193,3.9798657718120807,0.03691275167785235,0.04983916004316469,0.0,0.149
KXNBAREB-26APR12BKNTOR-TORSBARNES4-10,2026-04-12,reb,9.5,6.10625,3.39375,0.114,0.13849222369556125,1.0,1.0
KXNBAREB-26APR12BKNTOR-TORSBARNES4-12,2026-04-12,reb,11.5,6.10625,5.39375,0.0335,0.057072291148713705,1.0,1.0
KXNBAREB-26APR12BKNTOR-TORSBARNES4-4,2026-04-12,reb,3.5,6.10625,-2.60625,0.83075,0.7910314997240725,1.0,1.0
KXNBAREB-26APR12BKNTOR-TORSBARNES4-6,2026-04-12,reb,5.5,6.10625,-0.6062500000000002,0.55675,0.531281803400294,1.0,1.0
KXNBAREB-26APR12BKNTOR-TORSBARNES4-8,2026-04-12,reb,7.5,6.10625,1.3937499999999998,0.28425,0.29421127538094916,1.0,1.0
KXNBAAST-26APR12BKNTOR-TORIQUICKLEY5-10,2026-04-12,ast,9.5,4.104026845637584,5.395973154362416,0.016778523489932886,0.025213537537624675,0.0,0.149
KXNBAAST-26APR12BKNTOR-TORIQUICKLEY5-2,2026-04-12,ast,1.5,4.104026845637584,-2.604026845637584,0.9043624161073825,0.8772314110613453,1.0,0.149
KXNBAAST-26APR12BKNTOR-TORIQUICKLEY5-4,2026-04-12,ast,3.5,4.104026845637584,-0.6040268456375841,0.5553691275167785,0.5530610192087508,1.0,0.149
KXNBAAST-26APR12BKNTOR-TORIQUICKLEY5-6,2026-04-12,ast,5.5,4.104026845637584,1.3959731543624159,0.24664429530201343,0.25125122205144224,0.0,0.149
KXNBAAST-26APR12BKNTOR-TORIQUICKLEY5-8,2026-04-12,ast,7.5,4.104026845637584,3.395973154362416,0.06879194630872483,0.08797586631064636,0.0,0.149
KXNBAAST-26APR12BKNTOR-TORSBARNES4-10,2026-04-12,ast,9.5,5.0965,4.4035,0.04,0.06800261453139789,1.0,1.0
KXNBAAST-26APR12BKNTOR-TORSBARNES4-12,2026-04-12,ast,11.5,5.0965,6.4035,0.00825,0.02218850857613064,1.0,1.0
KXNBAAST-26APR12BKNTOR-TORSBARNES4-4,2026-04-12,ast,3.5,5.0965,-1.5964999999999998,0.73825,0.6926601433698956,1.0,1.0
KXNBAAST-26APR12BKNTOR-TORSBARNES4-6,2026-04-12,ast,5.5,5.0965,0.4035000000000002,0.39725,0.3958112702851072,1.0,1.0
KXNBAAST-26APR12BKNTOR-TORSBARNES4-8,2026-04-12,ast,7.5,5.0965,2.4035,0.15625,0.17989962061645115,1.0,1.0
KXNBAPTS-26APR10CLEATL-ATLCMCCOLLUM3-15,2026-04-10,pts,14.5,16.50925,-2.0092500000000015,0.58525,0.5519731993349903,1.0,1.0
KXNBAPTS-26APR10CLEATL-ATLCMCCOLLUM3-20,2026-04-10,pts,19.5,16.50925,2.9907499999999985,0.3165,0.3082437857031285,1.0,1.0
KXNBAPTS-26APR10CLEATL-ATLCMCCOLLUM3-25,2026-04-10,pts,24.5,16.50925,7.9907499999999985,0.1305,0.14821656209821654,1.0,1.0
KXNBAPTS-26APR10CLEATL-ATLCMCCOLLUM3-30,2026-04-10,pts,29.5,16.50925,12.990749999999998,0.03575,0.0635027347740682,0.0,1.0
KXNBAPTS-26APR10CLEATL-ATLDDANIELS5-10,2026-04-10,pts,9.5,11.151,-1.6509999999999998,0.5985,0.5670341451468437,1.0,1.0
KXNBAPTS-26APR10CLEATL-ATLDDANIELS5-15,2026-04-10,pts,14.5,11.151,3.349,0.24425,0.24456762369219343,0.0,1.0
KXNBAPTS-26APR10CLEATL-ATLDDANIELS5-20,2026-04-10,pts,19.5,11.151,8.349,0.06675,0.08094405194072007,0.0,1.0
KXNBAPTS-26APR10CLEATL-ATLDDANIELS5-25,2026-04-10,pts,24.5,11.151,13.349,0.01175,0.022246273522292026,0.0,1.0
KXNBAPTS-26APR10CLEATL-ATLJJOHNSON1-20,2026-04-10,pts,19.5,18.41025,1.0897499999999987,0.4075,0.3971700114420723,0.0,1.0
KXNBAPTS-26APR10CLEATL-ATLJJOHNSON1-25,2026-04-10,pts,24.5,18.41025,6.089749999999999,0.19125,0.21576266772369856,0.0,1.0
KXNBAPTS-26APR10CLEATL-ATLJJOHNSON1-30,2026-04-10,pts,29.5,18.41025,11.089749999999999,0.0655,0.10516700452209293,0.0,1.0
KXNBAPTS-26APR10CLEATL-ATLJJOHNSON1-35,2026-04-10,pts,34.5,18.41025,16.08975,0.0195,0.04704039291634976,0.0,1.0
KXNBAPTS-26APR10CLEATL-ATLJKUMINGA0-10,2026-04-10,pts,9.5,10.551,-1.0510000000000002,0.5325,0.5251055500353974,1.0,1.0
KXNBAPTS-26APR10CLEATL-ATLJKUMINGA0-15,2026-04-10,pts,14.5,10.551,3.949,0.22725,0.20876579213192192,1.0,1.0
KXNBAPTS-26APR10CLEATL-ATLJKUMINGA0-20,2026-04-10,pts,19.5,10.551,8.949,0.07275,0.06312192530147076,0.0,1.0
KXNBAPTS-26APR10CLEATL-ATLJKUMINGA0-25,2026-04-10,pts,24.5,10.551,13.949,0.016,0.015784017769833292,0.0,1.0
KXNBAPTS-26APR10CLEATL-ATLNALEXANDERWALKER7-15,2026-04-10,pts,14.5,19.01425,-4.5142500000000005,0.71425,0.6612840074392345,1.0,1.0
KXNBAPTS-26APR10CLEATL-ATLNALEXANDERWALKER7-20,2026-04-10,pts,19.5,19.01425,0.48574999999999946,0.44425,0.4245067539265681,0.0,1.0
KXNBAPTS-26APR10CLEATL-ATLNALEXANDERWALKER7-25,2026-04-10,pts,24.5,19.01425,5.4857499999999995,0.2215,0.23846418922032697,0.0,1.0
KXNBAPTS-26APR10CLEATL-ATLNALEXANDERWALKER7-30,2026-04-10,pts,29.5,19.01425,10.48575,0.08725,0.12045242480870677,0.0,1.0
KXNBAPTS-26APR10CLEATL-ATLOOKONGWU17-10,2026-04-10,pts,9.5,12.70025,-3.2002500000000005,0.67675,0.6611856792165642,0.0,1.0
KXNBAPTS-26APR10CLEATL-ATLOOKONGWU17-15,2026-04-10,pts,14.5,12.70025,1.7997499999999995,0.34725,0.3392330610808736,0.0,1.0
KXNBAPTS-26APR10CLEATL-ATLOOKONGWU17-20,2026-04-10,pts,19.5,12.70025,6.7997499999999995,0.13075,0.13661658262857834,0.0,1.0
KXNBAPTS-26APR10CLEATL-ATLOOKONGWU17-25,2026-04-10,pts,24.5,12.70025,11.79975,0.0365,0.046172505251726226,0.0,1.0
KXNBAPTS-26APR10CLEATL-CLEEMOBLEY4-15,2026-04-10,pts,14.5,14.78125,-0.28125,0.484,0.4614362837246436,0.0,1.0
KXNBAPTS-26APR10CLEATL-CLEEMOBLEY4-20,2026-04-10,pts,19.5,14.78125,4.71875,0.2185,0.22700433247072682,0.0,1.0
KXNBAPTS-26APR10CLEATL-CLEEMOBLEY4-25,2026-04-10,pts,24.5,14.78125,9.71875,0.067,0.09505417618942269,0.0,1.0
KXNBAPTS-26APR10CLEATL-CLEEMOBLEY4-30,2026-04-10,pts,29.5,14.78125,14.71875,0.01775,0.035241881457026114,0.0,1.0
KXNBAPTS-26APR10CLEATL-CLEJHARDEN1-15,2026-04-10,pts,14.5,16.5775,-2.0775000000000006,0.5935,0.555301233766257,1.0,1.0
KXNBAPTS-26APR10CLEATL-CLEJHARDEN1-20,2026-04-10,pts,19.5,16.5775,2.9224999999999994,0.316,0.31147765038248965,1.0,1.0
KXNBAPTS-26APR10CLEATL-CLEJHARDEN1-25,2026-04-10,pts,24.5,16.5775,7.922499999999999,0.12525,0.15050353711144993,0.0,1.0
KXNBAPTS-26APR10CLEATL-CLEJHARDEN1-30,2026-04-10,pts,29.5,16.5775,12.9225,0.04425,0.06481390118428598,0.0,1.0
KXNBAREB-26APR10CLEATL-ATLDDANIELS5-10,2026-04-10,reb,9.5,6.2845,3.2154999999999996,0.11225,0.15286247245601936,1.0,1.0
KXNBAREB-26APR10CLEATL-ATLDDANIELS5-12,2026-04-10,reb,11.5,6.2845,5.2155,0.038,0.06506060196102958,0.0,1.0
KXNBAREB-26APR10CLEATL-ATLDDANIELS5-6,2026-04-10,reb,5.5,6.2845,-0.7845000000000004,0.59225,0.5531754177408902,1.0,1.0
KXNBAREB-26APR10CLEATL-ATLDDANIELS5-7,2026-04-10,reb,6.5,6.2845,0.21549999999999958,0.4315,0.4266136096282137,1.0,1.0
KXNBAREB-26APR10CLEATL-ATLDDANIELS5-8,2026-04-10,reb,7.5,6.2845,1.2154999999999996,0.2975,0.31494876012704487,1.0,1.0
KXNBAREB-26APR10CLEATL-ATLJJOHNSON1-10,2026-04-10,reb,9.5,8.9365,0.5634999999999994,0.4045,0.4020804600971092,0.0,1.0
KXNBAREB-26APR10CLEATL-ATLJJOHNSON1-12,2026-04-10,reb,11.5,8.9365,2.5634999999999994,0.2055,0.24275242540221087,0.0,1.0
KXNBAREB-26APR10CLEATL-ATLJJOHNSON1-14,2026-04-10,reb,13.5,8.9365,4.5634999999999994,0.08475,0.13367939168432075,0.0,1.0
KXNBAREB-26APR10CLEATL-ATLJJOHNSON1-6,2026-04-10,reb,5.5,8.9365,-3.4365000000000006,0.86025,0.7932849272914264,1.0,1.0
KXNBAREB-26APR10CLEATL-ATLJJOHNSON1-8,2026-04-10,reb,7.5,8.9365,-1.4365000000000006,0.64925,0.5990434866243095,1.0,1.0
KXNBAREB-26APR10CLEATL-ATLJKUMINGA0-10,2026-04-10,reb,9.5,4.69575,4.80425,0.0405,0.04893324730808546,0.0,1.0
KXNBAREB-26APR10CLEATL-ATLJKUMINGA0-2,2026-04-10,reb,1.5,4.69575,-3.1957500000000003,0.92475,0.9114355196624168,1.0,1.0
KXNBAREB-26APR10CLEATL-ATLJKUMINGA0-4,2026-04-10,reb,3.5,4.69575,-1.1957500000000003,0.6545,0.6392487213508022,1.0,1.0
KXNBAREB-26APR10CLEATL-ATLJKUMINGA0-6,2026-04-10,reb,5.5,4.69575,0.8042499999999997,0.32875,0.3377420863777141,0.0,1.0
KXNBAREB-26APR10CLEATL-ATLJKUMINGA0-8,2026-04-10,reb,7.5,4.69575,2.8042499999999997,0.136,0.14102138505111028,0.0,1.0
KXNBAREB-26APR10CLEATL-ATLNALEXANDERWALKER7-10,2026-04-10,reb,9.5,3.3925,6.1075,0.002,0.00964472136870298,0.0,1.0
KXNBAREB-26APR10CLEATL-ATLNALEXANDERWALKER7-2,2026-04-10,reb,1.5,3.3925,-1.8925,0.84225,0.8104408631476094,0.0,1.0
KXNBAREB-26APR10CLEATL-ATLNALEXANDERWALKER7-4,2026-04-10,reb,3.5,3.3925,0.10749999999999993,0.44125,0.4271032644639253,0.0,1.0
KXNBAREB-26APR10CLEATL-ATLNALEXANDERWALKER7-6,2026-04-10,reb,5.5,3.3925,2.1075,0.133,0.1553280294207473,0.0,1.0
KXNBAREB-26APR10CLEATL-ATLNALEXANDERWALKER7-8,2026-04-10,reb,7.5,3.3925,4.1075,0.02525,0.0428830668198632,0.0,1.0
KXNBAREB-26APR10CLEATL-ATLOOKONGWU17-10,2026-04-10,reb,9.5,6.82425,2.67575,0.16575,0.19945077559811064,0.0,1.0
KXNBAREB-26APR10CLEATL-ATLOOKONGWU17-12,2026-04-10,reb,11.5,6.82425,4.67575,0.06375,0.0928346904626266,0.0,1.0
KXNBAREB-26APR10CLEATL-ATLOOKONGWU17-4,2026-04-10,reb,3.5,6.82425,-3.32425,0.88475,0.842754938675299,1.0,1.0
KXNBAREB-26APR10CLEATL-ATLOOKONGWU17-6,2026-04-10,reb,5.5,6.82425,-1.3242500000000001,0.6565,0.6150251035226475,0.0,1.0
KXNBAREB-26APR10CLEATL-ATLOOKONGWU17-8,2026-04-10,reb,7.5,6.82425,0.6757499999999999,0.3825,0.3776842882989917,0.0,1.0
KXNBAREB-26APR10CLEATL-CLEEMOBLEY4-10,2026-04-10,reb,9.5,7.77225,1.7277500000000003,0.27425,0.2887805584783464,0.0,1.0
KXNBAREB-26APR10CLEATL-CLEEMOBLEY4-12,2026-04-10,reb,11.5,7.77225,3.7277500000000003,0.10875,0.15337315831279497,0.0,1.0
KXNBAREB-26APR10CLEATL-CLEEMOBLEY4-4,2026-04-10,reb,3.5,7.77225,-4.27225,0.93575,0.8920372697903655,1.0,1.0
KXNBAREB-26APR10CLEATL-CLEEMOBLEY4-6,2026-04-10,reb,5.5,7.77225,-2.2722499999999997,0.7655,0.7070936370011011,1.0,1.0
KXNBAREB-26APR10CLEATL-CLEEMOBLEY4-8,2026-04-10,reb,7.5,7.77225,-0.27224999999999966,0.50775,0.48361610015915635,0.0,1.0
KXNBAREB-26APR10CLEATL-CLEJHARDEN1-2,2026-04-10,reb,1.5,4.3725,-2.8724999999999996,0.925,0.8932924119969872,0.0,1.0
KXNBAREB-26APR10CLEATL-CLEJHARDEN1-4,2026-04-10,reb,3.5,4.3725,-0.8724999999999996,0.62475,0.5932040219289617,0.0,1.0
KXNBAREB-26APR10CLEATL-CLEJHARDEN1-5,2026-04-10,reb,4.5,4.3725,0.1275000000000004,0.44525,0.4298903302634486,0.0,1.0
KXNBAREB-26APR10CLEATL-CLEJHARDEN1-6,2026-04-10,reb,5.5,4.3725,1.1275000000000004,0.27975,0.2907221718606462,0.0,1.0
KXNBAREB-26APR10CLEATL-CLEJHARDEN1-8,2026-04-10,reb,7.5,4.3725,3.1275000000000004,0.08125,0.11148209404534737,0.0,1.0
KXNBAAST-26APR10CLEATL-ATLCMCCOLLUM3-2,2026-04-10,ast,1.5,3.5915,-2.0915,0.867,0.8334681239952886,1.0,1.0
KXNBAAST-26APR10CLEATL-ATLCMCCOLLUM3-4,2026-04-10,ast,3.5,3.5915,-0.09149999999999991,0.479,0.46465155280805803,1.0,1.0
KXNBAAST-26APR10CLEATL-ATLCMCCOLLUM3-5,2026-04-10,ast,4.5,3.5915,0.9085000000000001,0.299,0.30095592377330294,0.0,1.0
KXNBAAST-26APR10CLEATL-ATLCMCCOLLUM3-6,2026-04-10,ast,5.5,3.5915,1.9085,0.161,0.18002478610109585,0.0,1.0
KXNBAAST-26APR10CLEATL-ATLCMCCOLLUM3-8,2026-04-10,ast,7.5,3.5915,3.9085,0.032,0.05289430316454358,0.0,1.0
KXNBAAST-26APR10CLEATL-ATLJJOHNSON1-10,2026-04-10,ast,9.5,5.92375,3.57625,0.08575,0.12259571313384188,0.0,1.0
KXNBAAST-26APR10CLEATL-ATLJJOHNSON1-12,2026-04-10,ast,11.5,5.92375,5.57625,0.01975,0.04803307691224523,0.0,1.0
KXNBAAST-26APR10CLEATL-ATLJJOHNSON1-4,2026-04-10,ast,3.5,5.92375,-2.42375,0.83,0.7783421796598768,0.0,1.0
KXNBAAST-26APR10CLEATL-ATLJJOHNSON1-6,2026-04-10,ast,5.5,5.92375,-0.42375000000000007,0.5415,0.5095364180723043,0.0,1.0
KXNBAAST-26APR10CLEATL-ATLJJOHNSON1-8,2026-04-10,ast,7.5,5.92375,1.57625,0.25375,0.27218996157262787,0.0,1.0
KXNBAAST-26APR10CLEATL-ATLNALEXANDERWALKER7-10,2026-04-10,ast,9.5,3.15725,6.3427500000000006,0.002,0.006117219662262197,0.0,1.0
KXNBAAST-26APR10CLEATL-ATLNALEXANDERWALKER7-2,2026-04-10,ast,1.5,3.15725,-1.65725,0.81875,0.7840272173362981,0.0,1.0
KXNBAAST-26APR10CLEATL-ATLNALEXANDERWALKER7-4,2026-04-10,ast,3.5,3.15725,0.3427500000000001,0.389,0.38252749315762624,0.0,1.0
KXNBAAST-26APR10CLEATL-ATLNALEXANDERWALKER7-6,2026-04-10,ast,5.5,3.15725,2.34275,0.102,0.12562424138181583,0.0,1.0
KXNBAAST-26APR10CLEATL-ATLNALEXANDERWALKER7-8,2026-04-10,ast,7.5,3.15725,4.3427500000000006,0.01875,0.030863744911385882,0.0,1.0
KXNBAAST-26APR10CLEATL-ATLOOKONGWU17-2,2026-04-10,ast,1.5,2.45425,-0.95425,0.688,0.6712980081358708,0.0,1.0
KXNBAAST-26APR10CLEATL-ATLOOKONGWU17-3,2026-04-10,ast,2.5,2.45425,0.04574999999999996,0.45125,0.432075073981145,0.0,1.0
KXNBAAST-26APR10CLEATL-ATLOOKONGWU17-4,2026-04-10,ast,3.5,2.45425,1.04575,0.237,0.2431019887407736,0.0,1.0
KXNBAAST-26APR10CLEATL-ATLOOKONGWU17-6,2026-04-10,ast,5.5,2.45425,3.04575,0.04425,0.056163307869193546,0.0,1.0
KXNBAAST-26APR10CLEATL-ATLOOKONGWU17-8,2026-04-10,ast,7.5,2.45425,5.04575,0.0055,0.009500501029529262,0.0,1.0
KXNBAAST-26APR10CLEATL-CLEJHARDEN1-10,2026-04-10,ast,9.5,5.59,3.91,0.057,0.09864397546780401,0.0,1.0
KXNBAAST-26APR10CLEATL-CLEJHARDEN1-12,2026-04-10,ast,11.5,5.59,5.91,0.01525,0.0360736679578314,0.0,1.0
KXNBAAST-26APR10CLEATL-CLEJHARDEN1-6,2026-04-10,ast,5.5,5.59,-0.08999999999999986,0.49025,0.465058656769077,0.0,1.0
KXNBAAST-26APR10CLEATL-CLEJHARDEN1-7,2026-04-10,ast,6.5,5.59,0.9100000000000001,0.32825,0.3379547676274596,0.0,1.0
KXNBAAST-26APR10CLEATL-CLEJHARDEN1-8,2026-04-10,ast,7.5,5.59,1.9100000000000001,0.20425,0.23390679610076437,0.0,1.0
KXNBA3PT-26APR10CLEATL-ATLCMCCOLLUM3-1,2026-04-10,fg3m,0.5,2.0135,-1.5135,0.865,0.8325396425399428,1.0,1.0
KXNBA3PT-26APR10CLEATL-ATLCMCCOLLUM3-2,2026-04-10,fg3m,1.5,2.0135,-0.5135000000000001,0.5895,0.5657333170572103,1.0,1.0
KXNBA3PT-26APR10CLEATL-ATLCMCCOLLUM3-3,2026-04-10,fg3m,2.5,2.0135,0.48649999999999993,0.329,0.3253452868829435,1.0,1.0
KXNBA3PT-26APR10CLEATL-ATLCMCCOLLUM3-4,2026-04-10,fg3m,3.5,2.0135,1.4865,0.152,0.1642306315142511,1.0,1.0
KXNBA3PT-26APR10CLEATL-ATLCMCCOLLUM3-5,2026-04-10,fg3m,4.5,2.0135,2.4865,0.05575,0.07483623857189003,1.0,1.0
KXNBA3PT-26APR10CLEATL-ATLJJOHNSON1-1,2026-04-10,fg3m,0.5,1.48875,-0.98875,0.7635,0.7433551936472841,1.0,1.0
KXNBA3PT-26APR10CLEATL-ATLJJOHNSON1-2,2026-04-10,fg3m,1.5,1.48875,0.011249999999999982,0.44275,0.4236300365993899,1.0,1.0
KXNBA3PT-26APR10CLEATL-ATLJJOHNSON1-3,2026-04-10,fg3m,2.5,1.48875,1.01125,0.18875,0.19838576854889156,0.0,1.0
KXNBA3PT-26APR10CLEATL-ATLJJOHNSON1-4,2026-04-10,fg3m,3.5,1.48875,2.01125,0.06725,0.08034387227982187,0.0,1.0
KXNBA3PT-26APR10CLEATL-ATLJJOHNSON1-5,2026-04-10,fg3m,4.5,1.48875,3.01125,0.01975,0.029131884637852656,0.0,1.0
KXNBA3PT-26APR10CLEATL-ATLNALEXANDERWALKER7-2,2026-04-10,fg3m,1.5,2.99725,-1.4972500000000002,0.79725,0.7484589796615698,1.0,1.0
KXNBA3PT-26APR10CLEATL-ATLNALEXANDERWALKER7-3,2026-04-10,fg3m,2.5,2.99725,-0.4972500000000002,0.5805,0.5394355521507599,1.0,1.0
KXNBA3PT-26APR10CLEATL-ATLNALEXANDERWALKER7-4,2026-04-10,fg3m,3.5,2.99725,0.5027499999999998,0.345,0.3501936751683967,0.0,1.0
KXNBA3PT-26APR10CLEATL-ATLNALEXANDERWALKER7-5,2026-04-10,fg3m,4.5,2.99725,1.5027499999999998,0.1845,0.2083556898622455,0.0,1.0
KXNBA3PT-26APR10CLEATL-ATLNALEXANDERWALKER7-6,2026-04-10,fg3m,5.5,2.99725,2.50275,0.08375,0.11531097735518059,0.0,1.0
KXNBA3PT-26APR10CLEATL-CLEJHARDEN1-1,2026-04-10,fg3m,0.5,2.41825,-1.91825,0.89975,0.8776347036497818,1.0,1.0
KXNBA3PT-26APR10CLEATL-CLEJHARDEN1-2,2026-04-10,fg3m,1.5,2.41825,-0.91825,0.695,0.6529142020067418,1.0,1.0
KXNBA3PT-26APR10CLEATL-CLEJHARDEN1-3,2026-04-10,fg3m,2.5,2.41825,0.08174999999999999,0.43525,0.4195362984354424,0.0,1.0
KXNBA3PT-26APR10CLEATL-CLEJHARDEN1-4,2026-04-10,fg3m,3.5,2.41825,1.08175,0.2285,0.23924188756749099,0.0,1.0
KXNBA3PT-26APR10CLEATL-CLEJHARDEN1-5,2026-04-10,fg3m,4.5,2.41825,2.08175,0.105,0.12393431800861787,0.0,1.0
KXNBAPTS-26APR10NOPBOS-BOSDWHITE9-10,2026-04-10,pts,9.5,14.12725,-4.62725,0.75275,0.7308365389440352,0.0,1.0
KXNBAPTS-26APR10NOPBOS-BOSDWHITE9-15,2026-04-10,pts,14.5,14.12725,0.3727499999999999,0.44775,0.4242922325412133,0.0,1.0
KXNBAPTS-26APR10NOPBOS-BOSDWHITE9-20,2026-04-10,pts,19.5,14.12725,5.37275,0.191,0.19726731130277708,0.0,1.0
KXNBAPTS-26APR10NOPBOS-BOSDWHITE9-25,2026-04-10,pts,24.5,14.12725,10.37275,0.06025,0.07772103158408628,0.0,1.0
KXNBAPTS-26APR10NOPBOS-BOSDWHITE9-30,2026-04-10,pts,29.5,14.12725,15.37275,0.01425,0.027048181108763725,0.0,1.0
KXNBAPTS-26APR10NOPBOS-BOSJBROWN7-25,2026-04-10,pts,24.5,23.969217970049918,0.5307820299500818,0.4459234608985025,0.4270515363919871,0.0,0.601
KXNBAPTS-26APR10NOPBOS-BOSJBROWN7-30,2026-04-10,pts,29.5,23.969217970049918,5.530782029950082,0.23211314475873543,0.26964878279034754,0.0,0.601
KXNBAPTS-26APR10NOPBOS-BOSJBROWN7-35,2026-04-10,pts,34.5,23.969217970049918,10.530782029950082,0.09400998336106489,0.158148932628012,0.0,0.601
KXNBAPTS-26APR10NOPBOS-BOSJBROWN7-40,2026-04-10,pts,39.5,23.969217970049918,15.530782029950082,0.0370216306156406,0.08724966988416394,0.0,0.601
KXNBAPTS-26APR10NOPBOS-BOSNQUETA88-10,2026-04-10,pts,9.5,9.9595,-0.45950000000000024,0.502,0.4808699223623739,0.0,1.0
KXNBAPTS-26APR10NOPBOS-BOSNQUETA88-15,2026-04-10,pts,14.5,9.9595,4.5405,0.171,0.17474447149624106,0.0,1.0
KXNBAPTS-26APR10NOPBOS-BOSNQUETA88-20,2026-04-10,pts,19.5,9.9595,9.5405,0.04125,0.04786556086655103,0.0,1.0
KXNBAPTS-26APR10NOPBOS-BOSNQUETA88-25,2026-04-10,pts,24.5,9.9595,14.5405,0.0085,0.01079996575853237,0.0,1.0
KXNBAPTS-26APR10NOPBOS-BOSPPRITCHARD11-10,2026-04-10,pts,9.5,15.685,-6.1850000000000005,0.8065,0.7907778386671735,1.0,1.0
KXNBAPTS-26APR10NOPBOS-BOSPPRITCHARD11-15,2026-04-10,pts,14.5,15.685,-1.1850000000000005,0.515,0.5102596286380827,1.0,1.0
KXNBAPTS-26APR10NOPBOS-BOSPPRITCHARD11-20,2026-04-10,pts,19.5,15.685,3.8149999999999995,0.275,0.2692272640117839,1.0,1.0
KXNBAPTS-26APR10NOPBOS-BOSPPRITCHARD11-25,2026-04-10,pts,24.5,15.685,8.815,0.11675,0.1216455522013895,0.0,1.0
KXNBAPTS-26APR10NOPBOS-BOSPPRITCHARD11-30,2026-04-10,pts,29.5,15.685,13.815,0.03925,0.04882675827232541,0.0,1.0
KXNBAPTS-26APR10NOPBOS-BOSSHAUSER30-10,2026-04-10,pts,9.5,8.7015,0.7985000000000007,0.387,0.37847579021898925,1.0,1.0
KXNBAPTS-26APR10NOPBOS-BOSSHAUSER30-15,2026-04-10,pts,14.5,8.7015,5.798500000000001,0.13975,0.10926863510901896,1.0,1.0
KXNBAPTS-26APR10NOPBOS-BOSSHAUSER30-20,2026-04-10,pts,19.5,8.7015,10.7985,0.03575,0.023329993119238557,1.0,1.0
KXNBAPTS-26APR10NOPBOS-BOSSHAUSER30-25,2026-04-10,pts,24.5,8.7015,15.7985,0.00575,0.0040687178223108855,0.0,1.0
KXNBAPTS-26APR10NOPBOS-NOPDQUEEN22-10,2026-04-10,pts,9.5,9.3045,0.19549999999999912,0.4365,0.42880522185704717,1.0,1.0
KXNBAPTS-26APR10NOPBOS-NOPDQUEEN22-15,2026-04-10,pts,14.5,9.3045,5.195499999999999,0.163,0.13925044058431024,1.0,1.0
KXNBAPTS-26APR10NOPBOS-NOPDQUEEN22-20,2026-04-10,pts,19.5,9.3045,10.1955,0.04825,0.03374985503382433,1.0,1.0
KXNBAPTS-26APR10NOPBOS-NOPDQUEEN22-25,2026-04-10,pts,24.5,9.3045,15.1955,0.01075,0.0067083516183867875,1.0,1.0
KXNBAREB-26APR10NOPBOS-BOSJBROWN7-10,2026-04-10,reb,9.5,5.78910149750416,3.71089850249584,0.08860232945091515,0.1144140328952461,0.0,0.601
KXNBAREB-26APR10NOPBOS-BOSJBROWN7-12,2026-04-10,reb,11.5,5.78910149750416,5.71089850249584,0.029118136439267885,0.04435071999881912,0.0,0.601
KXNBAREB-26APR10NOPBOS-BOSJBROWN7-6,2026-04-10,reb,5.5,5.78910149750416,-0.28910149750416014,0.5116472545757071,0.490639532453084,0.0,0.601
KXNBAREB-26APR10NOPBOS-BOSJBROWN7-7,2026-04-10,reb,6.5,5.78910149750416,0.7108985024958399,0.3548252911813644,0.363867562097433,0.0,0.601
KXNBAREB-26APR10NOPBOS-BOSJBROWN7-8,2026-04-10,reb,7.5,5.78910149750416,1.7108985024958399,0.23793677204658903,0.25764277323566265,0.0,0.601
KXNBAREB-26APR10NOPBOS-BOSNQUETA88-10,2026-04-10,reb,9.5,7.18075,2.3192500000000003,0.198,0.23221725587656572,1.0,1.0
KXNBAREB-26APR10NOPBOS-BOSNQUETA88-12,2026-04-10,reb,11.5,7.18075,4.31925,0.07575,0.11397381602795864,0.0,1.0
KXNBAREB-26APR10NOPBOS-BOSNQUETA88-4,2026-04-10,reb,3.5,7.18075,-3.6807499999999997,0.9105,0.8635073097894053,1.0,1.0
KXNBAREB-26APR10NOPBOS-BOSNQUETA88-6,2026-04-10,reb,5.5,7.18075,-1.6807499999999997,0.70525,0.6521108058762283,1.0,1.0
KXNBAREB-26APR10NOPBOS-BOSNQUETA88-8,2026-04-10,reb,7.5,7.18075,0.31925000000000026,0.4215,0.41843550326588463,1.0,1.0
KXNBAREB-26APR10NOPBOS-NOPDQUEEN22-10,2026-04-10,reb,9.5,5.7315,3.7685000000000004,0.11375,0.11026206670184702,1.0,1.0
KXNBAREB-26APR10NOPBOS-NOPDQUEEN22-12,2026-04-10,reb,11.5,5.7315,5.7685,0.03875,0.04224542237690676,0.0,1.0
KXNBAREB-26APR10NOPBOS-NOPDQUEEN22-14,2026-04-10,reb,13.5,5.7315,7.7685,0.01225,0.014485382087252918,0.0,1.0
KXNBAREB-26APR10NOPBOS-NOPDQUEEN22-16,2026-04-10,reb,15.5,5.7315,9.7685,0.00425,0.004533276247408957,0.0,1.0
KXNBAREB-26APR10NOPBOS-NOPDQUEEN22-18,2026-04-10,reb,17.5,5.7315,11.7685,0.001,0.0013146567031668832,0.0,1.0
KXNBAAST-26APR10NOPBOS-BOSDWHITE9-10,2026-04-10,ast,9.5,4.47425,5.02575,0.019,0.03820515452555073,0.0,1.0
KXNBAAST-26APR10NOPBOS-BOSDWHITE9-2,2026-04-10,ast,1.5,4.47425,-2.9742499999999996,0.93175,0.9012896240300328,1.0,1.0
KXNBAAST-26APR10NOPBOS-BOSDWHITE9-4,2026-04-10,ast,3.5,4.47425,-0.9742499999999996,0.651,0.6101105378620701,1.0,1.0
KXNBAAST-26APR10NOPBOS-BOSDWHITE9-6,2026-04-10,ast,5.5,4.47425,1.0257500000000004,0.2945,0.30509679616582497,0.0,1.0
KXNBAAST-26APR10NOPBOS-BOSDWHITE9-8,2026-04-10,ast,7.5,4.47425,3.0257500000000004,0.0885,0.1189859342885069,0.0,1.0
KXNBAAST-26APR10NOPBOS-BOSJBROWN7-10,2026-04-10,ast,9.5,4.602745424292845,4.897254575707155,0.019550748752079867,0.04353233634858544,0.0,0.601
KXNBAAST-26APR10NOPBOS-BOSJBROWN7-2,2026-04-10,ast,1.5,4.602745424292845,-3.102745424292845,0.9351081530782029,0.908440194132386,0.0,0.601
KXNBAAST-26APR10NOPBOS-BOSJBROWN7-4,2026-04-10,ast,3.5,4.602745424292845,-1.102745424292845,0.6668053244592346,0.628518650654921,0.0,0.601
KXNBAAST-26APR10NOPBOS-BOSJBROWN7-6,2026-04-10,ast,5.5,4.602745424292845,0.897254575707155,0.3302828618968386,0.3239373215003438,0.0,0.601
KXNBAAST-26APR10NOPBOS-BOSJBROWN7-8,2026-04-10,ast,7.5,4.602745424292845,2.897254575707155,0.10357737104825292,0.13073863366593752,0.0,0.601
KXNBAAST-26APR10NOPBOS-BOSPPRITCHARD11-10,2026-04-10,ast,9.5,4.344,5.156,0.018,0.033239921979370646,1.0,1.0
KXNBAAST-26APR10NOPBOS-BOSPPRITCHARD11-2,2026-04-10,ast,1.5,4.344,-2.8440000000000003,0.90675,0.8934421194520107,1.0,1.0
KXNBAAST-26APR10NOPBOS-BOSPPRITCHARD11-4,2026-04-10,ast,3.5,4.344,-0.8440000000000003,0.616,0.5907171479744133,1.0,1.0
KXNBAAST-26APR10NOPBOS-BOSPPRITCHARD11-6,2026-04-10,ast,5.5,4.344,1.1559999999999997,0.28975,0.2860423125736493,1.0,1.0
KXNBAAST-26APR10NOPBOS-BOSPPRITCHARD11-8,2026-04-10,ast,7.5,4.344,3.1559999999999997,0.0845,0.10757535549672426,1.0,1.0
KXNBAAST-26APR10NOPBOS-NOPDQUEEN22-10,2026-04-10,ast,9.5,2.7155,6.7844999999999995,0.00175,0.0024567960936147104,0.0,1.0
KXNBAAST-26APR10NOPBOS-NOPDQUEEN22-2,2026-04-10,ast,1.5,2.7155,-1.2155,0.716,0.7186442044945593,1.0,1.0
KXNBAAST-26APR10NOPBOS-NOPDQUEEN22-4,2026-04-10,ast,3.5,2.7155,0.7845,0.30575,0.2949936134302349,1.0,1.0
KXNBAAST-26APR10NOPBOS-NOPDQUEEN22-6,2026-04-10,ast,5.5,2.7155,2.7845,0.07925,0.07882167591508837,0.0,1.0
KXNBAAST-26APR10NOPBOS-NOPDQUEEN22-8,2026-04-10,ast,7.5,2.7155,4.7844999999999995,0.0115,0.015543068746232125,0.0,1.0
KXNBA3PT-26APR10NOPBOS-BOSDWHITE9-2,2026-04-10,fg3m,1.5,2.27,-0.77,0.66375,0.623121406144032,1.0,1.0
KXNBA3PT-26APR10NOPBOS-BOSDWHITE9-3,2026-04-10,fg3m,2.5,2.27,0.22999999999999998,0.39275,0.3858344925197883,1.0,1.0
KXNBA3PT-26APR10NOPBOS-BOSDWHITE9-4,2026-04-10,fg3m,3.5,2.27,1.23,0.19525,0.2111823596314798,0.0,1.0
KXNBA3PT-26APR10NOPBOS-BOSDWHITE9-5,2026-04-10,fg3m,4.5,2.27,2.23,0.0895,0.10476143577640185,0.0,1.0
KXNBA3PT-26APR10NOPBOS-BOSDWHITE9-6,2026-04-10,fg3m,5.5,2.27,3.23,0.03,0.04800645336457421,0.0,1.0
KXNBA3PT-26APR10NOPBOS-BOSJBROWN7-1,2026-04-10,fg3m,0.5,1.6593178036605658,-1.1593178036605658,0.8086522462562395,0.7771988647080676,1.0,0.601
KXNBA3PT-26APR10NOPBOS-BOSJBROWN7-2,2026-04-10,fg3m,1.5,1.6593178036605658,-0.1593178036605658,0.49126455906821964,0.4735132979111849,1.0,0.601
KXNBA3PT-26APR10NOPBOS-BOSJBROWN7-3,2026-04-10,fg3m,2.5,1.6593178036605658,0.8406821963394342,0.23086522462562395,0.2394337266377924,0.0,0.601
KXNBA3PT-26APR10NOPBOS-BOSJBROWN7-4,2026-04-10,fg3m,3.5,1.6593178036605658,1.8406821963394342,0.08901830282861897,0.10521646748581381,0.0,0.601
KXNBA3PT-26APR10NOPBOS-BOSJBROWN7-5,2026-04-10,fg3m,4.5,1.6593178036605658,2.840682196339434,0.029950083194675542,0.04150666726199803,0.0,0.601
KXNBA3PT-26APR10NOPBOS-BOSPPRITCHARD11-1,2026-04-10,fg3m,0.5,2.50075,-2.00075,0.91025,0.8850365571333888,1.0,1.0
KXNBA3PT-26APR10NOPBOS-BOSPPRITCHARD11-2,2026-04-10,fg3m,1.5,2.50075,-1.00075,0.69225,0.6684839744912547,1.0,1.0
KXNBA3PT-26APR10NOPBOS-BOSPPRITCHARD11-3,2026-04-10,fg3m,2.5,2.50075,-0.0007500000000000284,0.43725,0.43780947708631224,1.0,1.0
KXNBA3PT-26APR10NOPBOS-BOSPPRITCHARD11-4,2026-04-10,fg3m,3.5,2.50075,0.99925,0.25275,0.25502416716684295,1.0,1.0
KXNBA3PT-26APR10NOPBOS-BOSPPRITCHARD11-5,2026-04-10,fg3m,4.5,2.50075,1.99925,0.12075,0.13511951853780713,1.0,1.0
KXNBAPTS-26APR10DETCHA-CHABMILLER24-10,2026-04-10,pts,9.5,17.70075,-8.20075,0.88175,0.8484968976119438,1.0,1.0
KXNBAPTS-26APR10DETCHA-CHABMILLER24-15,2026-04-10,pts,14.5,17.70075,-3.2007499999999993,0.6485,0.607250255155363,1.0,1.0
KXNBAPTS-26APR10DETCHA-CHABMILLER24-20,2026-04-10,pts,19.5,17.70075,1.7992500000000007,0.3775,0.3643767802411222,1.0,1.0
KXNBAPTS-26APR10DETCHA-CHABMILLER24-25,2026-04-10,pts,24.5,17.70075,6.799250000000001,0.1715,0.18973181090667157,0.0,1.0
KXNBAPTS-26APR10DETCHA-CHABMILLER24-30,2026-04-10,pts,29.5,17.70075,11.79925,0.05825,0.08841217920606537,0.0,1.0
KXNBAPTS-26APR10DETCHA-CHAKKNUEPPEL7-15,2026-04-10,pts,14.5,15.62875,-1.1287500000000001,0.5375,0.5073124419079502,0.0,1.0
KXNBAPTS-26APR10DETCHA-CHAKKNUEPPEL7-20,2026-04-10,pts,19.5,15.62875,3.87125,0.26425,0.26657487058940277,0.0,1.0
KXNBAPTS-26APR10DETCHA-CHAKKNUEPPEL7-25,2026-04-10,pts,24.5,15.62875,8.87125,0.105,0.11990825719770759,0.0,1.0
KXNBAPTS-26APR10DETCHA-CHAKKNUEPPEL7-30,2026-04-10,pts,29.5,15.62875,13.87125,0.031,0.047904259467290156,0.0,1.0
KXNBAPTS-26APR10DETCHA-CHALBALL1-15,2026-04-10,pts,14.5,19.379,-4.879000000000001,0.72125,0.6750407556279209,1.0,1.0
KXNBAPTS-26APR10DETCHA-CHALBALL1-20,2026-04-10,pts,19.5,19.379,0.12099999999999866,0.4495,0.440707103507453,1.0,1.0
KXNBAPTS-26APR10DETCHA-CHALBALL1-25,2026-04-10,pts,24.5,19.379,5.120999999999999,0.2475,0.25234954154026523,1.0,1.0
KXNBAPTS-26APR10DETCHA-CHALBALL1-30,2026-04-10,pts,29.5,19.379,10.120999999999999,0.111,0.13010103172031595,0.0,1.0
KXNBAPTS-26APR10DETCHA-CHAMBRIDGES0-10,2026-04-10,pts,9.5,14.161,-4.661,0.758,0.7323026119625047,1.0,1.0
KXNBAPTS-26APR10DETCHA-CHAMBRIDGES0-15,2026-04-10,pts,14.5,14.161,0.3390000000000004,0.44725,0.4262425754513298,0.0,1.0
KXNBAPTS-26APR10DETCHA-CHAMBRIDGES0-20,2026-04-10,pts,19.5,14.161,5.339,0.19175,0.19877864238725496,0.0,1.0
KXNBAPTS-26APR10DETCHA-CHAMBRIDGES0-25,2026-04-10,pts,24.5,14.161,10.339,0.05775,0.07857337209508086,0.0,1.0
KXNBAPTS-26APR10DETCHA-CHAMDIABATE14-10,2026-04-10,pts,9.5,6.94575,2.5542499999999997,0.251,0.2264747729388048,0.0,1.0
KXNBAPTS-26APR10DETCHA-CHAMDIABATE14-15,2026-04-10,pts,14.5,6.94575,7.55425,0.0505,0.04188611773109552,0.0,1.0
KXNBAPTS-26APR10DETCHA-CHAMDIABATE14-20,2026-04-10,pts,19.5,6.94575,12.55425,0.0065,0.005578571282774947,0.0,1.0
KXNBAPTS-26APR10DETCHA-DETATHOMPSON9-10,2026-04-10,pts,9.5,8.0175,1.4825,0.3305,0.3194869737569819,1.0,1.0
KXNBAPTS-26APR10DETCHA-DETATHOMPSON9-15,2026-04-10,pts,14.5,8.0175,6.4825,0.087,0.07915759931101263,0.0,1.0
KXNBAPTS-26APR10DETCHA-DETATHOMPSON9-20,2026-04-10,pts,19.5,8.0175,11.4825,0.016,0.014354211387885174,0.0,1.0
KXNBAPTS-26APR10DETCHA-DETATHOMPSON9-25,2026-04-10,pts,24.5,8.0175,16.4825,0.002,0.002116563697002416,0.0,1.0
KXNBAPTS-26APR10DETCHA-DETCCUNNINGHAM2-15,2026-04-10,pts,14.5,15.6945,-1.1944999999999997,0.537,0.5107561341877024,0.0,1.0
KXNBAPTS-26APR10DETCHA-DETCCUNNINGHAM2-20,2026-04-10,pts,19.5,15.6945,3.8055000000000003,0.3005,0.26967543934997185,0.0,1.0
KXNBAPTS-26APR10DETCHA-DETCCUNNINGHAM2-25,2026-04-10,pts,24.5,15.6945,8.8055,0.12975,0.12193997824725322,0.0,1.0
KXNBAPTS-26APR10DETCHA-DETCCUNNINGHAM2-30,2026-04-10,pts,29.5,15.6945,13.8055,0.04275,0.04898356337665355,0.0,1.0
KXNBAPTS-26APR10DETCHA-DETDROBINSON55-10,2026-04-10,pts,9.5,9.62125,-0.12124999999999986,0.46325,0.45436041513132974,1.0,1.0
KXNBAPTS-26APR10DETCHA-DETDROBINSON55-15,2026-04-10,pts,14.5,9.62125,4.87875,0.1735,0.15608119434461465,1.0,1.0
KXNBAPTS-26APR10DETCHA-DETDROBINSON55-20,2026-04-10,pts,19.5,9.62125,9.87875,0.04325,0.04020907241871441,0.0,1.0
KXNBAPTS-26APR10DETCHA-DETDROBINSON55-25,2026-04-10,pts,24.5,9.62125,14.87875,0.00775,0.008513112434376247,0.0,1.0
KXNBAPTS-26APR10DETCHA-DETTHARRIS12-10,2026-04-10,pts,9.5,9.6305,-0.13049999999999962,0.451,0.4550964029386876,0.0,1.0
KXNBAPTS-26APR10DETCHA-DETTHARRIS12-15,2026-04-10,pts,14.5,9.6305,4.8695,0.18475,0.15658257005501164,0.0,1.0
KXNBAPTS-26APR10DETCHA-DETTHARRIS12-20,2026-04-10,pts,19.5,9.6305,9.8695,0.064,0.040408024677355936,0.0,1.0
KXNBAREB-26APR10DETCHA-CHABMILLER24-2,2026-04-10,reb,1.5,4.41875,-2.91875,0.929,0.8961118189970333,1.0,1.0
KXNBAREB-26APR10DETCHA-CHABMILLER24-4,2026-04-10,reb,3.5,4.41875,-0.9187500000000002,0.6435,0.6000677193803904,0.0,1.0
KXNBAREB-26APR10DETCHA-CHABMILLER24-5,2026-04-10,reb,4.5,4.41875,0.08124999999999982,0.453,0.4372284262429137,0.0,1.0
KXNBAREB-26APR10DETCHA-CHABMILLER24-6,2026-04-10,reb,5.5,4.41875,1.0812499999999998,0.285,0.2974402897622841,0.0,1.0
KXNBAREB-26APR10DETCHA-CHABMILLER24-8,2026-04-10,reb,7.5,4.41875,3.08125,0.08675,0.11552420480742265,0.0,1.0
KXNBAREB-26APR10DETCHA-CHAKKNUEPPEL7-2,2026-04-10,reb,1.5,4.65575,-3.1557500000000003,0.9335,0.909378672951586,1.0,1.0
KXNBAREB-26APR10DETCHA-CHAKKNUEPPEL7-4,2026-04-10,reb,3.5,4.65575,-1.1557500000000003,0.67025,0.6337941538919489,1.0,1.0
KXNBAREB-26APR10DETCHA-CHAKKNUEPPEL7-5,2026-04-10,reb,4.5,4.65575,-0.15575000000000028,0.49175,0.47408074411542545,0.0,1.0
KXNBAREB-26APR10DETCHA-CHAKKNUEPPEL7-6,2026-04-10,reb,5.5,4.65575,0.8442499999999997,0.32725,0.33192634624260486,0.0,1.0
KXNBAREB-26APR10DETCHA-CHAKKNUEPPEL7-8,2026-04-10,reb,7.5,4.65575,2.8442499999999997,0.1165,0.13720969199948585,0.0,1.0
KXNBAREB-26APR10DETCHA-CHALBALL1-2,2026-04-10,reb,1.5,4.32075,-2.8207500000000003,0.91225,0.890042212102408,1.0,1.0
KXNBAREB-26APR10DETCHA-CHALBALL1-4,2026-04-10,reb,3.5,4.32075,-0.8207500000000003,0.61125,0.5854148795633978,1.0,1.0
KXNBAREB-26APR10DETCHA-CHALBALL1-5,2026-04-10,reb,4.5,4.32075,0.1792499999999997,0.43375,0.42162794670249304,1.0,1.0
KXNBAREB-26APR10DETCHA-CHALBALL1-6,2026-04-10,reb,5.5,4.32075,1.1792499999999997,0.2785,0.28321700062022304,0.0,1.0
KXNBAREB-26APR10DETCHA-CHALBALL1-8,2026-04-10,reb,7.5,4.32075,3.1792499999999997,0.0845,0.10703675457924045,0.0,1.0
KXNBAREB-26APR10DETCHA-CHAMBRIDGES0-10,2026-04-10,reb,9.5,4.823,4.677,0.027,0.055022518655205244,0.0,1.0
KXNBAREB-26APR10DETCHA-CHAMBRIDGES0-2,2026-04-10,reb,1.5,4.823,-3.3230000000000004,0.9445,0.9176570072721033,1.0,1.0
KXNBAREB-26APR10DETCHA-CHAMBRIDGES0-4,2026-04-10,reb,3.5,4.823,-1.3230000000000004,0.699,0.6561489045794793,1.0,1.0
KXNBAREB-26APR10DETCHA-CHAMBRIDGES0-6,2026-04-10,reb,5.5,4.823,0.6769999999999996,0.3535,0.35620150490181524,1.0,1.0
KXNBAREB-26APR10DETCHA-CHAMBRIDGES0-8,2026-04-10,reb,7.5,4.823,2.6769999999999996,0.125,0.1534166557544886,1.0,1.0
KXNBAREB-26APR10DETCHA-CHAMDIABATE14-10,2026-04-10,reb,9.5,7.7345,1.7655000000000003,0.26325,0.28511727512516927,0.0,1.0
KXNBAREB-26APR10DETCHA-CHAMDIABATE14-12,2026-04-10,reb,11.5,7.7345,3.7655000000000003,0.11425,0.1507134839826313,0.0,1.0
KXNBAREB-26APR10DETCHA-CHAMDIABATE14-6,2026-04-10,reb,5.5,7.7345,-2.2344999999999997,0.76025,0.7038228423106361,1.0,1.0
KXNBAREB-26APR10DETCHA-CHAMDIABATE14-8,2026-04-10,reb,7.5,7.7345,-0.2344999999999997,0.50275,0.4795689460042717,0.0,1.0
KXNBAREB-26APR10DETCHA-CHAMDIABATE14-9,2026-04-10,reb,8.5,7.7345,0.7655000000000003,0.371,0.3757011978333734,0.0,1.0
KXNBAREB-26APR10DETCHA-DETATHOMPSON9-2,2026-04-10,reb,1.5,4.54825,-3.0482500000000003,0.93175,0.9035970663857282,1.0,1.0
KXNBAREB-26APR10DETCHA-DETATHOMPSON9-4,2026-04-10,reb,3.5,4.54825,-1.0482500000000003,0.6465,0.6187956332379536,1.0,1.0
KXNBAREB-26APR10DETCHA-DETATHOMPSON9-5,2026-04-10,reb,4.5,4.54825,-0.04825000000000035,0.4675,0.45752744424347647,1.0,1.0
KXNBAREB-26APR10DETCHA-DETATHOMPSON9-6,2026-04-10,reb,5.5,4.54825,0.9517499999999997,0.31175,0.3162816498212139,0.0,1.0
KXNBAREB-26APR10DETCHA-DETATHOMPSON9-8,2026-04-10,reb,7.5,4.54825,2.9517499999999997,0.10475,0.12717771228908104,0.0,1.0
KXNBAREB-26APR10DETCHA-DETCCUNNINGHAM2-10,2026-04-10,reb,9.5,3.68925,5.8107500000000005,0.0115,0.015171900193072574,0.0,1.0
KXNBAREB-26APR10DETCHA-DETCCUNNINGHAM2-2,2026-04-10,reb,1.5,3.68925,-2.18925,0.844,0.8409077423928012,1.0,1.0
KXNBAREB-26APR10DETCHA-DETCCUNNINGHAM2-4,2026-04-10,reb,3.5,3.68925,-0.18924999999999992,0.48225,0.48131062378736333,0.0,1.0
KXNBAREB-26APR10DETCHA-DETCCUNNINGHAM2-6,2026-04-10,reb,5.5,3.68925,1.81075,0.197,0.1941547429112902,0.0,1.0
KXNBAREB-26APR10DETCHA-DETCCUNNINGHAM2-8,2026-04-10,reb,7.5,3.68925,3.81075,0.061,0.06000001330772531,0.0,1.0
KXNBAREB-26APR10DETCHA-DETTHARRIS12-10,2026-04-10,reb,9.5,3.91625,5.58375,0.018,0.02065310810545795,0.0,1.0
KXNBAREB-26APR10DETCHA-DETTHARRIS12-2,2026-04-10,reb,1.5,3.91625,-2.41625,0.8515,0.8607777459471376,1.0,1.0
KXNBAREB-26APR10DETCHA-DETTHARRIS12-4,2026-04-10,reb,3.5,3.91625,-0.4162499999999998,0.52975,0.520607543306845,1.0,1.0
KXNBAREB-26APR10DETCHA-DETTHARRIS12-6,2026-04-10,reb,5.5,3.91625,1.5837500000000002,0.23075,0.22542088197356291,1.0,1.0
KXNBAREB-26APR10DETCHA-DETTHARRIS12-8,2026-04-10,reb,7.5,3.91625,3.58375,0.08125,0.07530126619322342,0.0,1.0
KXNBAAST-26APR10DETCHA-CHABMILLER24-2,2026-04-10,ast,1.5,2.97525,-1.47525,0.7985,0.759139437989125,0.0,1.0
KXNBAAST-26APR10DETCHA-CHABMILLER24-3,2026-04-10,ast,2.5,2.97525,-0.47524999999999995,0.56125,0.5444915813615269,0.0,1.0
KXNBAAST-26APR10DETCHA-CHABMILLER24-4,2026-04-10,ast,3.5,2.97525,0.52475,0.34475,0.3467376203083502,0.0,1.0
KXNBAAST-26APR10DETCHA-CHABMILLER24-6,2026-04-10,ast,5.5,2.97525,2.52475,0.087,0.10515033088970438,0.0,1.0
KXNBAAST-26APR10DETCHA-CHABMILLER24-8,2026-04-10,ast,7.5,2.97525,4.52475,0.01325,0.02372119097827885,0.0,1.0
KXNBAAST-26APR10DETCHA-CHAKKNUEPPEL7-2,2026-04-10,ast,1.5,2.86375,-1.36375,0.76725,0.7425092197126807,0.0,1.0
KXNBAAST-26APR10DETCHA-CHAKKNUEPPEL7-3,2026-04-10,ast,2.5,2.86375,-0.36375,0.545,0.5218524508395055,0.0,1.0
KXNBAAST-26APR10DETCHA-CHAKKNUEPPEL7-4,2026-04-10,ast,3.5,2.86375,0.63625,0.33275,0.32457869004960616,0.0,1.0
KXNBAAST-26APR10DETCHA-CHAKKNUEPPEL7-6,2026-04-10,ast,5.5,2.86375,2.63625,0.071,0.09340979273391425,0.0,1.0
KXNBAAST-26APR10DETCHA-CHAKKNUEPPEL7-8,2026-04-10,ast,7.5,2.86375,4.63625,0.01075,0.01992925257816025,0.0,1.0
KXNBAAST-26APR10DETCHA-CHALBALL1-10,2026-04-10,ast,9.5,6.10325,3.39675,0.105,0.13644952602931293,0.0,1.0
KXNBAAST-26APR10DETCHA-CHALBALL1-12,2026-04-10,ast,11.5,6.10325,5.39675,0.0295,0.05534804936414106,0.0,1.0
KXNBAAST-26APR10DETCHA-CHALBALL1-4,2026-04-10,ast,3.5,6.10325,-2.60325,0.83225,0.7937197903789432,1.0,1.0
KXNBAAST-26APR10DETCHA-CHALBALL1-6,2026-04-10,ast,5.5,6.10325,-0.6032500000000001,0.562,0.5325177040467922,1.0,1.0
KXNBAAST-26APR10DETCHA-CHALBALL1-8,2026-04-10,ast,7.5,6.10325,1.39675,0.278,0.2931222323776995,1.0,1.0
KXNBAAST-26APR10DETCHA-CHAMBRIDGES0-2,2026-04-10,ast,1.5,2.588,-1.088,0.721,0.696416011285842,1.0,1.0
KXNBAAST-26APR10DETCHA-CHAMBRIDGES0-3,2026-04-10,ast,2.5,2.588,-0.08800000000000008,0.478,0.4624855010396979,1.0,1.0
KXNBAAST-26APR10DETCHA-CHAMBRIDGES0-4,2026-04-10,ast,3.5,2.588,0.9119999999999999,0.264,0.26957609988861597,0.0,1.0
KXNBAAST-26APR10DETCHA-CHAMBRIDGES0-6,2026-04-10,ast,5.5,2.588,2.912,0.0515,0.06726228114643762,0.0,1.0
KXNBAAST-26APR10DETCHA-CHAMBRIDGES0-8,2026-04-10,ast,7.5,2.588,4.912,0.00525,0.012337863597524534,0.0,1.0
KXNBAAST-26APR10DETCHA-DETATHOMPSON9-2,2026-04-10,ast,1.5,2.48825,-0.9882499999999999,0.69925,0.6778635560793644,1.0,1.0
KXNBAAST-26APR10DETCHA-DETATHOMPSON9-3,2026-04-10,ast,2.5,2.48825,0.01175000000000015,0.45225,0.439898371528737,1.0,1.0
KXNBAAST-26APR10DETCHA-DETATHOMPSON9-4,2026-04-10,ast,3.5,2.48825,1.0117500000000001,0.25075,0.24980404154886893,1.0,1.0
KXNBAAST-26APR10DETCHA-DETATHOMPSON9-6,2026-04-10,ast,5.5,2.48825,3.01175,0.0445,0.05888300528660506,1.0,1.0
KXNBAAST-26APR10DETCHA-DETATHOMPSON9-8,2026-04-10,ast,7.5,2.48825,5.01175,0.00525,0.01017309805824762,0.0,1.0
KXNBAAST-26APR10DETCHA-DETCCUNNINGHAM2-10,2026-04-10,ast,9.5,5.89375,3.60625,0.112,0.1203441310361294,0.0,1.0
KXNBAAST-26APR10DETCHA-DETCCUNNINGHAM2-12,2026-04-10,ast,11.5,5.89375,5.60625,0.03225,0.04687095793791729,0.0,1.0
KXNBAAST-26APR10DETCHA-DETCCUNNINGHAM2-6,2026-04-10,ast,5.5,5.89375,-0.3937499999999998,0.52225,0.5056289136709551,1.0,1.0
KXNBAAST-26APR10DETCHA-DETCCUNNINGHAM2-8,2026-04-10,ast,7.5,5.89375,1.6062500000000002,0.2675,0.2687100845042917,0.0,1.0
KXNBAAST-26APR10DETCHA-DETCCUNNINGHAM2-9,2026-04-10,ast,8.5,5.89375,2.60625,0.175,0.18333040608524986,0.0,1.0
KXNBAAST-26APR10DETCHA-DETTHARRIS12-10,2026-04-10,ast,9.5,1.817,7.683,0.0,0.0001590173289484076,0.0,1.0
KXNBAAST-26APR10DETCHA-DETTHARRIS12-2,2026-04-10,ast,1.5,1.817,-0.31699999999999995,0.52325,0.5233855602103203,0.0,1.0
KXNBAAST-26APR10DETCHA-DETTHARRIS12-4,2026-04-10,ast,3.5,1.817,1.683,0.12925,0.12563885080597104,0.0,1.0
KXNBAAST-26APR10DETCHA-DETTHARRIS12-6,2026-04-10,ast,5.5,1.817,3.683,0.018,0.018309824658233498,0.0,1.0
KXNBAAST-26APR10DETCHA-DETTHARRIS12-8,2026-04-10,ast,7.5,1.817,5.683,0.00125,0.0019176364123079104,0.0,1.0
KXNBA3PT-26APR10DETCHA-CHAKKNUEPPEL7-2,2026-04-10,fg3m,1.5,2.822,-1.322,0.76375,0.7227511608616624,1.0,1.0
KXNBA3PT-26APR10DETCHA-CHAKKNUEPPEL7-3,2026-04-10,fg3m,2.5,2.822,-0.32200000000000006,0.53775,0.5052766872081859,0.0,1.0
KXNBA3PT-26APR10DETCHA-CHAKKNUEPPEL7-4,2026-04-10,fg3m,3.5,2.822,0.6779999999999999,0.31725,0.3167887118025965,0.0,1.0
KXNBA3PT-26APR10DETCHA-CHAKKNUEPPEL7-5,2026-04-10,fg3m,4.5,2.822,1.678,0.15725,0.18154657133381502,0.0,1.0
KXNBA3PT-26APR10DETCHA-CHAKKNUEPPEL7-6,2026-04-10,fg3m,5.5,2.822,2.678,0.07375,0.09661595819966895,0.0,1.0
KXNBA3PT-26APR10DETCHA-CHALBALL1-3,2026-04-10,fg3m,2.5,3.6195,-1.1195,0.6885,0.6451726078291755,1.0,1.0
KXNBA3PT-26APR10DETCHA-CHALBALL1-4,2026-04-10,fg3m,3.5,3.6195,-0.11949999999999994,0.47275,0.4631607680956291,1.0,1.0
KXNBA3PT-26APR10DETCHA-CHALBALL1-5,2026-04-10,fg3m,4.5,3.6195,0.8805000000000001,0.3015,0.3075296838869537,1.0,1.0
KXNBA3PT-26APR10DETCHA-CHALBALL1-6,2026-04-10,fg3m,5.5,3.6195,1.8805,0.1735,0.19105893065681578,1.0,1.0
KXNBA3PT-26APR10DETCHA-CHALBALL1-7,2026-04-10,fg3m,6.5,3.6195,2.8805,0.089,0.11217851139176316,0.0,1.0
KXNBA3PT-26APR10DETCHA-CHAMBRIDGES0-1,2026-04-10,fg3m,0.5,1.517,-1.017,0.776,0.749341881598143,1.0,1.0
KXNBA3PT-26APR10DETCHA-CHAMBRIDGES0-2,2026-04-10,fg3m,1.5,1.517,-0.016999999999999904,0.446,0.43213173648952563,0.0,1.0
KXNBA3PT-26APR10DETCHA-CHAMBRIDGES0-3,2026-04-10,fg3m,2.5,1.517,0.9830000000000001,0.20425,0.20512174562556262,0.0,1.0
KXNBA3PT-26APR10DETCHA-CHAMBRIDGES0-4,2026-04-10,fg3m,3.5,1.517,1.983,0.06625,0.08427126978758948,0.0,1.0
KXNBA3PT-26APR10DETCHA-CHAMBRIDGES0-5,2026-04-10,fg3m,4.5,1.517,2.983,0.0175,0.031010825711965118,0.0,1.0
KXNBA3PT-26APR10DETCHA-DETCCUNNINGHAM2-1,2026-04-10,fg3m,0.5,1.3685,-0.8685,0.72625,0.7159962159597055,0.0,1.0
KXNBA3PT-26APR10DETCHA-DETCCUNNINGHAM2-2,2026-04-10,fg3m,1.5,1.3685,0.13149999999999995,0.3925,0.38642111869927953,0.0,1.0
KXNBA3PT-26APR10DETCHA-DETCCUNNINGHAM2-3,2026-04-10,fg3m,2.5,1.3685,1.1315,0.173,0.17014067069480487,0.0,1.0
KXNBA3PT-26APR10DETCHA-DETCCUNNINGHAM2-4,2026-04-10,fg3m,3.5,1.3685,2.1315,0.0555,0.06455970668467947,0.0,1.0
KXNBA3PT-26APR10DETCHA-DETCCUNNINGHAM2-5,2026-04-10,fg3m,4.5,1.3685,3.1315,0.01725,0.021891242562009028,0.0,1.0
KXNBA3PT-26APR10DETCHA-DETDROBINSON55-1,2026-04-10,fg3m,0.5,2.15325,-1.6532499999999999,0.8865,0.8499515869557311,1.0,1.0
KXNBA3PT-26APR10DETCHA-DETDROBINSON55-2,2026-04-10,fg3m,1.5,2.15325,-0.6532499999999999,0.63325,0.5979448351022845,1.0,1.0
KXNBA3PT-26APR10DETCHA-DETDROBINSON55-3,2026-04-10,fg3m,2.5,2.15325,0.3467500000000001,0.362,0.3585991755487985,1.0,1.0
KXNBA3PT-26APR10DETCHA-DETDROBINSON55-4,2026-04-10,fg3m,3.5,2.15325,1.3467500000000001,0.172,0.18949885671320932,0.0,1.0
KXNBA3PT-26APR10DETCHA-DETDROBINSON55-5,2026-04-10,fg3m,4.5,2.15325,2.34675,0.06725,0.09059429524032137,0.0,1.0
KXNBA3PT-26APR10DETCHA-DETTHARRIS12-1,2026-04-10,fg3m,0.5,0.88775,-0.38775000000000004,0.56825,0.5682083663665101,1.0,1.0
KXNBA3PT-26APR10DETCHA-DETTHARRIS12-2,2026-04-10,fg3m,1.5,0.88775,0.61225,0.2305,0.22481980249137845,0.0,1.0
KXNBA3PT-26APR10DETCHA-DETTHARRIS12-3,2026-04-10,fg3m,2.5,0.88775,1.61225,0.0685,0.07039038228953332,0.0,1.0
KXNBA3PT-26APR10DETCHA-DETTHARRIS12-4,2026-04-10,fg3m,3.5,0.88775,2.61225,0.01725,0.01872736755585791,0.0,1.0
KXNBA3PT-26APR10DETCHA-DETTHARRIS12-5,2026-04-10,fg3m,4.5,0.88775,3.61225,0.003,0.0044192508249930595,0.0,1.0
KXNBAPTS-26APR10ORLCHI-ORLABLACK0-10,2026-04-10,pts,9.5,9.40975,0.09024999999999928,0.43975,0.43737094903827767,0.0,1.0
KXNBAPTS-26APR10ORLCHI-ORLABLACK0-15,2026-04-10,pts,14.5,9.40975,5.090249999999999,0.18675,0.14476776467996755,0.0,1.0
KXNBAPTS-26APR10ORLCHI-ORLABLACK0-20,2026-04-10,pts,19.5,9.40975,10.09025,0.07025,0.035820014297655356,0.0,1.0
KXNBAPTS-26APR10ORLCHI-ORLABLACK0-25,2026-04-10,pts,24.5,9.40975,15.09025,0.01775,0.007273681103104113,0.0,1.0
KXNBAPTS-26APR10ORLCHI-ORLDBANE3-15,2026-04-10,pts,14.5,16.0075,-1.5075000000000003,0.559,0.5269118858215704,0.0,1.0
KXNBAPTS-26APR10ORLCHI-ORLDBANE3-20,2026-04-10,pts,19.5,16.0075,3.4924999999999997,0.284,0.28446983446367446,0.0,1.0
KXNBAPTS-26APR10ORLCHI-ORLDBANE3-25,2026-04-10,pts,24.5,16.0075,8.4925,0.10625,0.13180049370432223,0.0,1.0
KXNBAPTS-26APR10ORLCHI-ORLDBANE3-30,2026-04-10,pts,29.5,16.0075,13.4925,0.032,0.05431182637396448,0.0,1.0
KXNBAPTS-26APR10ORLCHI-ORLFWAGNER22-10,2026-04-10,pts,9.5,12.36925,-2.869249999999999,0.6395,0.6427580130819799,1.0,1.0
KXNBAPTS-26APR10ORLCHI-ORLFWAGNER22-15,2026-04-10,pts,14.5,12.36925,2.130750000000001,0.33975,0.3190075104914376,1.0,1.0
KXNBAPTS-26APR10ORLCHI-ORLFWAGNER22-20,2026-04-10,pts,19.5,12.36925,7.130750000000001,0.146,0.12368378674294767,1.0,1.0
KXNBAPTS-26APR10ORLCHI-ORLFWAGNER22-25,2026-04-10,pts,24.5,12.36925,12.13075,0.0485,0.04015303683263316,1.0,1.0
KXNBAPTS-26APR10ORLCHI-ORLJSUGGS4-10,2026-04-10,pts,9.5,11.958,-2.458,0.62775,0.6186001511265391,1.0,1.0
KXNBAPTS-26APR10ORLCHI-ORLJSUGGS4-15,2026-04-10,pts,14.5,11.958,2.542,0.308,0.29379572429284584,0.0,1.0
KXNBAPTS-26APR10ORLCHI-ORLJSUGGS4-20,2026-04-10,pts,19.5,11.958,7.542,0.1115,0.10835316713867593,0.0,1.0
KXNBAPTS-26APR10ORLCHI-ORLJSUGGS4-25,2026-04-10,pts,24.5,11.958,12.542,0.02675,0.03336665442578246,0.0,1.0
KXNBAPTS-26APR10ORLCHI-ORLPBANCHERO5-20,2026-04-10,pts,19.5,17.67875,1.8212499999999991,0.37325,0.3633502266292461,0.0,1.0
KXNBAPTS-26APR10ORLCHI-ORLPBANCHERO5-25,2026-04-10,pts,24.5,17.67875,6.821249999999999,0.158,0.1889380732116338,0.0,1.0
KXNBAPTS-26APR10ORLCHI-ORLPBANCHERO5-30,2026-04-10,pts,29.5,17.67875,11.82125,0.051,0.08791463904598307,0.0,1.0
KXNBAPTS-26APR10ORLCHI-ORLPBANCHERO5-35,2026-04-10,pts,34.5,17.67875,16.82125,0.01475,0.03747985217821759,0.0,1.0
KXNBAPTS-26APR10ORLCHI-ORLWCARTER34-10,2026-04-10,pts,9.5,9.1595,0.34050000000000047,0.43625,0.4168901179643233,1.0,1.0
KXNBAPTS-26APR10ORLCHI-ORLWCARTER34-15,2026-04-10,pts,14.5,9.1595,5.3405000000000005,0.14925,0.13177996589372387,0.0,1.0
KXNBAPTS-26APR10ORLCHI-ORLWCARTER34-20,2026-04-10,pts,19.5,9.1595,10.3405,0.03675,0.031021333090154868,0.0,1.0
KXNBAREB-26APR10ORLCHI-ORLFWAGNER22-10,2026-04-10,reb,9.5,3.60575,5.8942499999999995,0.01125,0.013437466647191032,0.0,1.0
KXNBAREB-26APR10ORLCHI-ORLFWAGNER22-2,2026-04-10,reb,1.5,3.60575,-2.10575,0.8285,0.8328810429075642,1.0,1.0
KXNBAREB-26APR10ORLCHI-ORLFWAGNER22-4,2026-04-10,reb,3.5,3.60575,-0.10575000000000001,0.47175,0.46636438201946406,0.0,1.0
KXNBAREB-26APR10ORLCHI-ORLFWAGNER22-6,2026-04-10,reb,5.5,3.60575,1.89425,0.19,0.1829642432448072,0.0,1.0
KXNBAREB-26APR10ORLCHI-ORLFWAGNER22-8,2026-04-10,reb,7.5,3.60575,3.89425,0.05075,0.054849252365596346,0.0,1.0
KXNBAREB-26APR10ORLCHI-ORLJSUGGS4-2,2026-04-10,reb,1.5,3.89325,-2.39325,0.887,0.8588871286873081,0.0,1.0
KXNBAREB-26APR10ORLCHI-ORLJSUGGS4-4,2026-04-10,reb,3.5,3.89325,-0.3932500000000001,0.536,0.51671829318725,0.0,1.0
KXNBAREB-26APR10ORLCHI-ORLJSUGGS4-5,2026-04-10,reb,4.5,3.89325,0.6067499999999999,0.35225,0.3516824314247715,0.0,1.0
KXNBAREB-26APR10ORLCHI-ORLJSUGGS4-6,2026-04-10,reb,5.5,3.89325,1.60675,0.20775,0.22220417086539912,0.0,1.0
KXNBAREB-26APR10ORLCHI-ORLJSUGGS4-8,2026-04-10,reb,7.5,3.89325,3.60675,0.05525,0.07366586563730204,0.0,1.0
KXNBAREB-26APR10ORLCHI-ORLPBANCHERO5-10,2026-04-10,reb,9.5,7.16025,2.3397500000000004,0.1975,0.23029959979974535,0.0,1.0
KXNBAREB-26APR10ORLCHI-ORLPBANCHERO5-12,2026-04-10,reb,11.5,7.16025,4.33975,0.0745,0.1127017578480426,0.0,1.0
KXNBAREB-26APR10ORLCHI-ORLPBANCHERO5-4,2026-04-10,reb,3.5,7.16025,-3.6602499999999996,0.91375,0.8623920339501049,1.0,1.0
KXNBAREB-26APR10ORLCHI-ORLPBANCHERO5-6,2026-04-10,reb,5.5,7.16025,-1.6602499999999996,0.705,0.6500596683354527,1.0,1.0
KXNBAREB-26APR10ORLCHI-ORLPBANCHERO5-8,2026-04-10,reb,7.5,7.16025,0.33975000000000044,0.424,0.4161166623720405,1.0,1.0
KXNBAREB-26APR10ORLCHI-ORLWCARTER34-10,2026-04-10,reb,9.5,6.06475,3.43525,0.12025,0.13522944644414214,0.0,1.0
KXNBAREB-26APR10ORLCHI-ORLWCARTER34-12,2026-04-10,reb,11.5,6.06475,5.43525,0.0395,0.05529880038929014,0.0,1.0
KXNBAREB-26APR10ORLCHI-ORLWCARTER34-4,2026-04-10,reb,3.5,6.06475,-2.56475,0.8095,0.7875824722838953,1.0,1.0
KXNBAREB-26APR10ORLCHI-ORLWCARTER34-6,2026-04-10,reb,5.5,6.06475,-0.5647500000000001,0.54025,0.5260841455406002,1.0,1.0
KXNBAREB-26APR10ORLCHI-ORLWCARTER34-8,2026-04-10,reb,7.5,6.06475,1.43525,0.28825,0.2893964045722627,0.0,1.0
KXNBAAST-26APR10ORLCHI-ORLABLACK0-2,2026-04-10,ast,1.5,2.2305,-0.7305000000000001,0.614,0.624878238781355,1.0,1.0
KXNBAAST-26APR10ORLCHI-ORLABLACK0-3,2026-04-10,ast,2.5,2.2305,0.26949999999999985,0.39,0.37917848049814795,0.0,1.0
KXNBAAST-26APR10ORLCHI-ORLABLACK0-4,2026-04-10,ast,3.5,2.2305,1.2694999999999999,0.2115,0.19974392178114053,0.0,1.0
KXNBAAST-26APR10ORLCHI-ORLABLACK0-6,2026-04-10,ast,5.5,2.2305,3.2695,0.04425,0.04003141801121579,0.0,1.0
KXNBAAST-26APR10ORLCHI-ORLABLACK0-8,2026-04-10,ast,7.5,2.2305,5.2695,0.00675,0.005835352468787858,0.0,1.0
KXNBAAST-26APR10ORLCHI-ORLJSUGGS4-10,2026-04-10,ast,9.5,4.515,4.985,0.02275,0.039848218149620585,0.0,1.0
KXNBAAST-26APR10ORLCHI-ORLJSUGGS4-12,2026-04-10,ast,11.5,4.515,6.985,0.004,0.011116021504678164,0.0,1.0
KXNBAAST-26APR10ORLCHI-ORLJSUGGS4-6,2026-04-10,ast,5.5,4.515,0.9850000000000003,0.302,0.31106976581440904,0.0,1.0
KXNBAAST-26APR10ORLCHI-ORLJSUGGS4-7,2026-04-10,ast,6.5,4.515,1.9850000000000003,0.172,0.20074321986761456,0.0,1.0
KXNBAAST-26APR10ORLCHI-ORLJSUGGS4-8,2026-04-10,ast,7.5,4.515,2.9850000000000003,0.0915,0.12266121430565857,0.0,1.0
KXNBAAST-26APR10ORLCHI-ORLPBANCHERO5-2,2026-04-10,ast,1.5,3.94675,-2.44675,0.8975,0.8652335716435398,1.0,1.0
KXNBAAST-26APR10ORLCHI-ORLPBANCHERO5-4,2026-04-10,ast,3.5,3.94675,-0.4467500000000002,0.54625,0.5270516773431614,1.0,1.0
KXNBAAST-26APR10ORLCHI-ORLPBANCHERO5-5,2026-04-10,ast,4.5,3.94675,0.5532499999999998,0.362,0.36065361334109325,1.0,1.0
KXNBAAST-26APR10ORLCHI-ORLPBANCHERO5-6,2026-04-10,ast,5.5,3.94675,1.5532499999999998,0.213,0.2288314880224389,1.0,1.0
KXNBAAST-26APR10ORLCHI-ORLPBANCHERO5-8,2026-04-10,ast,7.5,3.94675,3.55325,0.055,0.07619568330663196,0.0,1.0
KXNBA3PT-26APR10ORLCHI-ORLDBANE3-1,2026-04-10,fg3m,0.5,1.691,-1.191,0.81575,0.7829128765816724,0.0,1.0
KXNBA3PT-26APR10ORLCHI-ORLDBANE3-2,2026-04-10,fg3m,1.5,1.691,-0.19100000000000006,0.5,0.4823905558844497,0.0,1.0
KXNBA3PT-26APR10ORLCHI-ORLDBANE3-3,2026-04-10,fg3m,2.5,1.691,0.8089999999999999,0.24325,0.2471284321460232,0.0,1.0
KXNBA3PT-26APR10ORLCHI-ORLDBANE3-4,2026-04-10,fg3m,3.5,1.691,1.809,0.0925,0.11012457846224155,0.0,1.0
KXNBA3PT-26APR10ORLCHI-ORLDBANE3-5,2026-04-10,fg3m,4.5,1.691,2.809,0.03,0.0440755280171552,0.0,1.0
KXNBA3PT-26APR10ORLCHI-ORLFWAGNER22-1,2026-04-10,fg3m,0.5,0.863,-0.363,0.5575,0.5585137142139995,1.0,1.0
KXNBA3PT-26APR10ORLCHI-ORLFWAGNER22-2,2026-04-10,fg3m,1.5,0.863,0.637,0.221,0.21620956101256317,1.0,1.0
KXNBA3PT-26APR10ORLCHI-ORLFWAGNER22-3,2026-04-10,fg3m,2.5,0.863,1.637,0.067,0.06612371800027117,1.0,1.0
KXNBA3PT-26APR10ORLCHI-ORLFWAGNER22-4,2026-04-10,fg3m,3.5,0.863,2.637,0.01475,0.017171454229739314,0.0,1.0
KXNBA3PT-26APR10ORLCHI-ORLFWAGNER22-5,2026-04-10,fg3m,4.5,0.863,3.637,0.00275,0.003953663957820819,0.0,1.0
KXNBA3PT-26APR10ORLCHI-ORLJSUGGS4-1,2026-04-10,fg3m,0.5,1.79425,-1.29425,0.8195,0.8004155327487266,1.0,1.0
KXNBA3PT-26APR10ORLCHI-ORLJSUGGS4-2,2026-04-10,fg3m,1.5,1.79425,-0.2942499999999999,0.53075,0.5104634071586651,1.0,1.0
KXNBA3PT-26APR10ORLCHI-ORLJSUGGS4-3,2026-04-10,fg3m,2.5,1.79425,0.7057500000000001,0.2705,0.27225424377456475,1.0,1.0
KXNBA3PT-26APR10ORLCHI-ORLJSUGGS4-4,2026-04-10,fg3m,3.5,1.79425,1.70575,0.117,0.12667611869570317,1.0,1.0
KXNBA3PT-26APR10ORLCHI-ORLJSUGGS4-5,2026-04-10,fg3m,4.5,1.79425,2.70575,0.04025,0.053023735408311845,0.0,1.0
KXNBA3PT-26APR10ORLCHI-ORLPBANCHERO5-1,2026-04-10,fg3m,0.5,1.03175,-0.53175,0.6415,0.6200563925168612,1.0,1.0
KXNBA3PT-26APR10ORLCHI-ORLPBANCHERO5-2,2026-04-10,fg3m,1.5,1.03175,0.46825000000000006,0.27575,0.27472438996239257,0.0,1.0
KXNBA3PT-26APR10ORLCHI-ORLPBANCHERO5-3,2026-04-10,fg3m,2.5,1.03175,1.46825,0.08775,0.0972289821146245,0.0,1.0
KXNBA3PT-26APR10ORLCHI-ORLPBANCHERO5-4,2026-04-10,fg3m,3.5,1.03175,2.4682500000000003,0.022,0.02936444256412185,0.0,1.0
KXNBA3PT-26APR10ORLCHI-ORLPBANCHERO5-5,2026-04-10,fg3m,4.5,1.03175,3.4682500000000003,0.00425,0.007883579970843657,0.0,1.0
KXNBAPTS-26APR10OKCDEN-OKCLDORT5-10,2026-04-10,pts,9.5,7.0005,2.4995000000000003,0.26175,0.2311486992338534,0.0,1.0
KXNBAPTS-26APR10OKCDEN-OKCLDORT5-15,2026-04-10,pts,14.5,7.0005,7.4995,0.06575,0.04347466837191827,0.0,1.0
KXNBAPTS-26APR10OKCDEN-OKCLDORT5-20,2026-04-10,pts,19.5,7.0005,12.499500000000001,0.01075,0.0058930747456336086,0.0,1.0
KXNBAPTS-26APR10OKCDEN-OKCLDORT5-25,2026-04-10,pts,24.5,7.0005,17.4995,0.0015,0.0006452816575261977,0.0,1.0
KXNBAAST-26APR10OKCDEN-OKCLDORT5-10,2026-04-10,ast,9.5,1.05,8.45,0.0,2.1392661366803623e-06,0.0,1.0
KXNBAAST-26APR10OKCDEN-OKCLDORT5-2,2026-04-10,ast,1.5,1.05,0.44999999999999996,0.27975,0.2815374720130158,0.0,1.0
KXNBAAST-26APR10OKCDEN-OKCLDORT5-4,2026-04-10,ast,3.5,1.05,2.45,0.0295,0.028462744276212648,0.0,1.0
KXNBAAST-26APR10OKCDEN-OKCLDORT5-6,2026-04-10,ast,5.5,1.05,4.45,0.00075,0.001646522168476383,0.0,1.0
KXNBAAST-26APR10OKCDEN-OKCLDORT5-8,2026-04-10,ast,7.5,1.05,6.45,0.0,6.702083296050709e-05,0.0,1.0
KXNBAPTS-26APR10MINHOU-HOUASENGUN28-15,2026-04-10,pts,14.5,16.9315,-2.4314999999999998,0.62825,0.5722489066166316,1.0,1.0
KXNBAPTS-26APR10MINHOU-HOUASENGUN28-20,2026-04-10,pts,19.5,16.9315,2.5685000000000002,0.326,0.32823059271963895,1.0,1.0
KXNBAPTS-26APR10MINHOU-HOUASENGUN28-25,2026-04-10,pts,24.5,16.9315,7.5685,0.128,0.16255683967354395,0.0,1.0
KXNBAPTS-26APR10MINHOU-HOUASENGUN28-30,2026-04-10,pts,29.5,16.9315,12.5685,0.04275,0.07184472533613895,0.0,1.0
KXNBAPTS-26APR10MINHOU-HOUATHOMPSON1-15,2026-04-10,pts,14.5,15.844,-1.3439999999999994,0.56025,0.5185220167845062,1.0,1.0
KXNBAPTS-26APR10MINHOU-HOUATHOMPSON1-20,2026-04-10,pts,19.5,15.844,3.6560000000000006,0.264,0.276735612259949,1.0,1.0
KXNBAPTS-26APR10MINHOU-HOUATHOMPSON1-25,2026-04-10,pts,24.5,15.844,8.656,0.088,0.12661141792186703,1.0,1.0
KXNBAPTS-26APR10MINHOU-HOUATHOMPSON1-30,2026-04-10,pts,29.5,15.844,13.656,0.02025,0.051489374407550415,1.0,1.0
KXNBAPTS-26APR10MINHOU-HOUJSMITH10-10,2026-04-10,pts,9.5,13.581,-4.0809999999999995,0.724,0.7059808914076007,1.0,1.0
KXNBAPTS-26APR10MINHOU-HOUJSMITH10-15,2026-04-10,pts,14.5,13.581,0.9190000000000005,0.41525,0.3922768748430877,1.0,1.0
KXNBAPTS-26APR10MINHOU-HOUJSMITH10-20,2026-04-10,pts,19.5,13.581,5.9190000000000005,0.16875,0.17323922218107335,0.0,1.0
KXNBAPTS-26APR10MINHOU-HOUJSMITH10-25,2026-04-10,pts,24.5,13.581,10.919,0.05025,0.06459240600996097,0.0,1.0
KXNBAPTS-26APR10MINHOU-HOUKDURANT7-20,2026-04-10,pts,19.5,21.52125,-2.0212499999999984,0.57875,0.5301844750848544,1.0,1.0
KXNBAPTS-26APR10MINHOU-HOUKDURANT7-25,2026-04-10,pts,24.5,21.52125,2.9787500000000016,0.326,0.3349341138506431,1.0,1.0
KXNBAPTS-26APR10MINHOU-HOUKDURANT7-30,2026-04-10,pts,29.5,21.52125,7.978750000000002,0.14475,0.19197096306217354,1.0,1.0
KXNBAPTS-26APR10MINHOU-HOUKDURANT7-35,2026-04-10,pts,34.5,21.52125,12.978750000000002,0.049,0.10166105446588514,0.0,1.0
KXNBAPTS-26APR10MINHOU-HOURSHEPPARD15-10,2026-04-10,pts,9.5,12.033,-2.5329999999999995,0.6295,0.6231114790955543,1.0,1.0
KXNBAPTS-26APR10MINHOU-HOURSHEPPARD15-15,2026-04-10,pts,14.5,12.033,2.4670000000000005,0.31675,0.2983951343949396,0.0,1.0
KXNBAPTS-26APR10MINHOU-HOURSHEPPARD15-20,2026-04-10,pts,19.5,12.033,7.4670000000000005,0.117,0.11108463924161005,0.0,1.0
KXNBAPTS-26APR10MINHOU-MINDDIVINCENZO0-10,2026-04-10,pts,9.5,10.951,-1.4510000000000005,0.54975,0.5533956518181922,1.0,1.0
KXNBAPTS-26APR10MINHOU-MINDDIVINCENZO0-15,2026-04-10,pts,14.5,10.951,3.5489999999999995,0.25925,0.2325246941797826,1.0,1.0
KXNBAPTS-26APR10MINHOU-MINDDIVINCENZO0-20,2026-04-10,pts,19.5,10.951,8.549,0.0825,0.07474922690995489,0.0,1.0
KXNBAPTS-26APR10MINHOU-MINDDIVINCENZO0-25,2026-04-10,pts,24.5,10.951,13.549,0.01975,0.019926910644721074,0.0,1.0
KXNBAPTS-26APR10MINHOU-MINJMCDANIELS3-10,2026-04-10,pts,9.5,13.204,-3.7040000000000006,0.69475,0.6875424216220487,1.0,1.0
KXNBAPTS-26APR10MINHOU-MINJMCDANIELS3-15,2026-04-10,pts,14.5,13.204,1.2959999999999994,0.3925,0.36974940717896887,1.0,1.0
KXNBAPTS-26APR10MINHOU-MINJMCDANIELS3-20,2026-04-10,pts,19.5,13.204,6.295999999999999,0.169,0.15720438181056517,0.0,1.0
KXNBAPTS-26APR10MINHOU-MINJMCDANIELS3-25,2026-04-10,pts,24.5,13.204,11.296,0.0535,0.05628446760055539,0.0,1.0
KXNBAREB-26APR10MINHOU-HOUASENGUN28-10,2026-04-10,reb,9.5,7.68275,1.8172499999999996,0.2555,0.28010389675773084,0.0,1.0
KXNBAREB-26APR10MINHOU-HOUASENGUN28-12,2026-04-10,reb,11.5,7.68275,3.8172499999999996,0.10825,0.14709748675863388,0.0,1.0
KXNBAREB-26APR10MINHOU-HOUASENGUN28-6,2026-04-10,reb,5.5,7.68275,-2.1827500000000004,0.75125,0.6992872191023061,1.0,1.0
KXNBAREB-26APR10MINHOU-HOUASENGUN28-8,2026-04-10,reb,7.5,7.68275,-0.1827500000000004,0.5035,0.47399360969103776,0.0,1.0
KXNBAREB-26APR10MINHOU-HOUASENGUN28-9,2026-04-10,reb,8.5,7.68275,0.8172499999999996,0.374,0.3702415530389238,0.0,1.0
KXNBAREB-26APR10MINHOU-HOUATHOMPSON1-10,2026-04-10,reb,9.5,7.208,2.292,0.19825,0.23477187631860275,0.0,1.0
KXNBAREB-26APR10MINHOU-HOUATHOMPSON1-12,2026-04-10,reb,11.5,7.208,4.292,0.07375,0.11567502354279091,0.0,1.0
KXNBAREB-26APR10MINHOU-HOUATHOMPSON1-4,2026-04-10,reb,3.5,7.208,-3.708,0.91275,0.864975748509243,1.0,1.0
KXNBAREB-26APR10MINHOU-HOUATHOMPSON1-6,2026-04-10,reb,5.5,7.208,-1.7080000000000002,0.713,0.6548220089824596,1.0,1.0
KXNBAREB-26APR10MINHOU-HOUATHOMPSON1-8,2026-04-10,reb,7.5,7.208,0.2919999999999998,0.4295,0.42151253704359626,1.0,1.0
KXNBAREB-26APR10MINHOU-HOUJSMITH10-10,2026-04-10,reb,9.5,6.3515,3.1485000000000003,0.1215,0.15840625261151842,0.0,1.0
KXNBAREB-26APR10MINHOU-HOUJSMITH10-12,2026-04-10,reb,11.5,6.3515,5.1485,0.035,0.06821784233091188,0.0,1.0
KXNBAREB-26APR10MINHOU-HOUJSMITH10-6,2026-04-10,reb,5.5,6.3515,-0.8514999999999997,0.59175,0.5612202441790113,1.0,1.0
KXNBAREB-26APR10MINHOU-HOUJSMITH10-7,2026-04-10,reb,6.5,6.3515,0.1485000000000003,0.44275,0.4349216909801019,0.0,1.0
KXNBAREB-26APR10MINHOU-HOUJSMITH10-8,2026-04-10,reb,7.5,6.3515,1.1485000000000003,0.3,0.32275688296384386,0.0,1.0
KXNBAREB-26APR10MINHOU-HOUKDURANT7-10,2026-04-10,reb,9.5,5.0545,4.4455,0.0355,0.06716943740965864,0.0,1.0
KXNBAREB-26APR10MINHOU-HOUKDURANT7-2,2026-04-10,reb,1.5,5.0545,-3.5545,0.95625,0.9278183457739356,1.0,1.0
KXNBAREB-26APR10MINHOU-HOUKDURANT7-4,2026-04-10,reb,3.5,5.0545,-1.5545,0.7355,0.6851566940971969,1.0,1.0
KXNBAREB-26APR10MINHOU-HOUKDURANT7-6,2026-04-10,reb,5.5,5.0545,0.4455,0.39325,0.38950609741909337,1.0,1.0
KXNBAREB-26APR10MINHOU-HOUKDURANT7-8,2026-04-10,reb,7.5,5.0545,2.4455,0.15025,0.17692929268070445,0.0,1.0
KXNBAAST-26APR10MINHOU-HOUASENGUN28-10,2026-04-10,ast,9.5,5.12725,4.37275,0.04425,0.06973514839630912,0.0,1.0
KXNBAAST-26APR10MINHOU-HOUASENGUN28-2,2026-04-10,ast,1.5,5.12725,-3.62725,0.9605,0.9324369444763259,1.0,1.0
KXNBAAST-26APR10MINHOU-HOUASENGUN28-4,2026-04-10,ast,3.5,5.12725,-1.62725,0.744,0.6963170906097064,1.0,1.0
KXNBAAST-26APR10MINHOU-HOUASENGUN28-6,2026-04-10,ast,5.5,5.12725,0.3727499999999999,0.406,0.4002230687863597,1.0,1.0
KXNBAAST-26APR10MINHOU-HOUASENGUN28-8,2026-04-10,ast,7.5,5.12725,2.37275,0.15375,0.1831431552922146,1.0,1.0
KXNBAAST-26APR10MINHOU-HOUATHOMPSON1-10,2026-04-10,ast,9.5,4.793,4.707,0.02625,0.052209696584657905,0.0,1.0
KXNBAAST-26APR10MINHOU-HOUATHOMPSON1-2,2026-04-10,ast,1.5,4.793,-3.293,0.95175,0.9180449774414376,1.0,1.0
KXNBAAST-26APR10MINHOU-HOUATHOMPSON1-4,2026-04-10,ast,3.5,4.793,-1.2930000000000001,0.70275,0.6544607753014478,1.0,1.0
KXNBAAST-26APR10MINHOU-HOUATHOMPSON1-6,2026-04-10,ast,5.5,4.793,0.7069999999999999,0.34675,0.3517982948977524,1.0,1.0
KXNBAAST-26APR10MINHOU-HOUATHOMPSON1-8,2026-04-10,ast,7.5,4.793,2.707,0.11125,0.14897782284835137,0.0,1.0
KXNBAAST-26APR10MINHOU-HOUKDURANT7-10,2026-04-10,ast,9.5,4.62675,4.87325,0.019,0.04457509282512073,0.0,1.0
KXNBAAST-26APR10MINHOU-HOUKDURANT7-2,2026-04-10,ast,1.5,4.62675,-3.1267500000000004,0.943,0.9097146467385722,1.0,1.0
KXNBAAST-26APR10MINHOU-HOUKDURANT7-4,2026-04-10,ast,3.5,4.62675,-1.1267500000000004,0.68,0.631877968312783,1.0,1.0
KXNBAAST-26APR10MINHOU-HOUKDURANT7-6,2026-04-10,ast,5.5,4.62675,0.8732499999999996,0.32125,0.32745728476276403,1.0,1.0
KXNBAAST-26APR10MINHOU-HOUKDURANT7-8,2026-04-10,ast,7.5,4.62675,2.8732499999999996,0.09425,0.13298629359114933,0.0,1.0
KXNBA3PT-26APR10MINHOU-HOUKDURANT7-1,2026-04-10,fg3m,0.5,2.139,-1.6389999999999998,0.8755,0.848273298934898,0.0,1.0
KXNBA3PT-26APR10MINHOU-HOUKDURANT7-2,2026-04-10,fg3m,1.5,2.139,-0.6389999999999998,0.628,0.5947651502042979,0.0,1.0
KXNBA3PT-26APR10MINHOU-HOUKDURANT7-3,2026-04-10,fg3m,2.5,2.139,0.3610000000000002,0.366,0.35523816867924696,0.0,1.0
KXNBA3PT-26APR10MINHOU-HOUKDURANT7-4,2026-04-10,fg3m,3.5,2.139,1.3610000000000002,0.17475,0.18688455209154176,0.0,1.0
KXNBA3PT-26APR10MINHOU-HOUKDURANT7-5,2026-04-10,fg3m,4.5,2.139,2.361,0.06475,0.08892574584733193,0.0,1.0
KXNBA3PT-26APR10MINHOU-HOURSHEPPARD15-1,2026-04-10,fg3m,0.5,2.48125,-1.9812500000000002,0.905,0.8833338406417789,1.0,1.0
KXNBA3PT-26APR10MINHOU-HOURSHEPPARD15-2,2026-04-10,fg3m,1.5,2.48125,-0.9812500000000002,0.69475,0.664867161403764,1.0,1.0
KXNBA3PT-26APR10MINHOU-HOURSHEPPARD15-3,2026-04-10,fg3m,2.5,2.48125,0.018749999999999822,0.45375,0.43352322407003574,0.0,1.0
KXNBA3PT-26APR10MINHOU-HOURSHEPPARD15-4,2026-04-10,fg3m,3.5,2.48125,1.0187499999999998,0.23975,0.25128623595278754,0.0,1.0
KXNBA3PT-26APR10MINHOU-HOURSHEPPARD15-5,2026-04-10,fg3m,4.5,2.48125,2.01875,0.1125,0.1324447809470698,0.0,1.0
KXNBAPTS-26APR10PHIIND-INDJWALKER5-10,2026-04-10,pts,9.5,11.12975,-1.6297499999999996,0.55675,0.5656012173404932,1.0,1.0
KXNBAPTS-26APR10PHIIND-INDJWALKER5-15,2026-04-10,pts,14.5,11.12975,3.3702500000000004,0.27825,0.24328383131430398,1.0,1.0
KXNBAPTS-26APR10PHIIND-INDJWALKER5-20,2026-04-10,pts,19.5,11.12975,8.37025,0.10925,0.08027407711926093,0.0,1.0
KXNBAPTS-26APR10PHIIND-INDJWALKER5-25,2026-04-10,pts,24.5,11.12975,13.37025,0.0305,0.021991809147487995,0.0,1.0
KXNBAPTS-26APR10PHIIND-PHIKOUBRE9-10,2026-04-10,pts,9.5,10.05,-0.5500000000000007,0.50025,0.4878173136098989,1.0,1.0
KXNBAPTS-26APR10PHIIND-PHIKOUBRE9-15,2026-04-10,pts,14.5,10.05,4.449999999999999,0.19725,0.17984485194888777,1.0,1.0
KXNBAPTS-26APR10PHIIND-PHIKOUBRE9-20,2026-04-10,pts,19.5,10.05,9.45,0.05325,0.05004671840238062,0.0,1.0
KXNBAPTS-26APR10PHIIND-PHIKOUBRE9-25,2026-04-10,pts,24.5,10.05,14.45,0.011,0.011478835971371004,0.0,1.0
KXNBAPTS-26APR10PHIIND-PHIPGEORGE8-15,2026-04-10,pts,14.5,14.06975,0.43024999999999913,0.43725,0.4209615678020583,1.0,1.0
KXNBAPTS-26APR10PHIIND-PHIPGEORGE8-20,2026-04-10,pts,19.5,14.06975,5.430249999999999,0.2005,0.19469906982358942,1.0,1.0
KXNBAPTS-26APR10PHIIND-PHIPGEORGE8-25,2026-04-10,pts,24.5,14.06975,10.43025,0.06425,0.0762797574347055,0.0,1.0
KXNBAPTS-26APR10PHIIND-PHIPGEORGE8-30,2026-04-10,pts,29.5,14.06975,15.43025,0.0185,0.026392467167809186,0.0,1.0
KXNBAPTS-26APR10PHIIND-PHITMAXEY0-25,2026-04-10,pts,24.5,20.089,4.411000000000001,0.2655,0.27962625902979,1.0,1.0
KXNBAPTS-26APR10PHIIND-PHITMAXEY0-30,2026-04-10,pts,29.5,20.089,9.411000000000001,0.11725,0.14969848998669333,1.0,1.0
KXNBAPTS-26APR10PHIIND-PHITMAXEY0-35,2026-04-10,pts,34.5,20.089,14.411000000000001,0.04025,0.07381421836582869,0.0,1.0
KXNBAPTS-26APR10PHIIND-PHITMAXEY0-40,2026-04-10,pts,39.5,20.089,19.411,0.012,0.03404978743323206,0.0,1.0
KXNBAPTS-26APR10PHIIND-PHIVEDGECOMBE77-10,2026-04-10,pts,9.5,13.9015,-4.4015,0.74475,0.7208244004086335,1.0,1.0
KXNBAPTS-26APR10PHIIND-PHIVEDGECOMBE77-15,2026-04-10,pts,14.5,13.9015,0.5984999999999996,0.4295,0.41116044923840633,1.0,1.0
KXNBAPTS-26APR10PHIIND-PHIVEDGECOMBE77-20,2026-04-10,pts,19.5,13.9015,5.5985,0.18075,0.18723420320733952,0.0,1.0
KXNBAPTS-26APR10PHIIND-PHIVEDGECOMBE77-25,2026-04-10,pts,24.5,13.9015,10.5985,0.05975,0.07214180739758502,0.0,1.0
KXNBAREB-26APR10PHIIND-INDJWALKER5-10,2026-04-10,reb,9.5,5.189,4.311,0.073,0.07485128745358849,0.0,1.0
KXNBAREB-26APR10PHIIND-INDJWALKER5-2,2026-04-10,reb,1.5,5.189,-3.689,0.92125,0.9331029592972494,1.0,1.0
KXNBAREB-26APR10PHIIND-INDJWALKER5-4,2026-04-10,reb,3.5,5.189,-1.689,0.7,0.701004224112201,1.0,1.0
KXNBAREB-26APR10PHIIND-INDJWALKER5-6,2026-04-10,reb,5.5,5.189,0.31099999999999994,0.418,0.4086149889832792,0.0,1.0
KXNBAREB-26APR10PHIIND-INDJWALKER5-8,2026-04-10,reb,7.5,5.189,2.311,0.19975,0.19109430437002695,0.0,1.0
KXNBAREB-26APR10PHIIND-PHIKOUBRE9-2,2026-04-10,reb,1.5,4.291,-2.7910000000000004,0.90275,0.8881268629207025,1.0,1.0
KXNBAREB-26APR10PHIIND-PHIKOUBRE9-4,2026-04-10,reb,3.5,4.291,-0.7910000000000004,0.60325,0.5808849193771499,1.0,1.0
KXNBAREB-26APR10PHIIND-PHIKOUBRE9-5,2026-04-10,reb,4.5,4.291,0.20899999999999963,0.421,0.4168544017126369,1.0,1.0
KXNBAREB-26APR10PHIIND-PHIKOUBRE9-6,2026-04-10,reb,5.5,4.291,1.2089999999999996,0.27575,0.27890949820456357,1.0,1.0
KXNBAREB-26APR10PHIIND-PHIKOUBRE9-8,2026-04-10,reb,7.5,4.291,3.2089999999999996,0.089,0.10451894221472957,0.0,1.0
KXNBAREB-26APR10PHIIND-PHIPGEORGE8-10,2026-04-10,reb,9.5,5.08,4.42,0.0495,0.0685909420870282,0.0,1.0
KXNBAREB-26APR10PHIIND-PHIPGEORGE8-2,2026-04-10,reb,1.5,5.08,-3.58,0.95125,0.928853364384455,1.0,1.0
KXNBAREB-26APR10PHIIND-PHIPGEORGE8-4,2026-04-10,reb,3.5,5.08,-1.58,0.71975,0.6882172289303196,1.0,1.0
KXNBAREB-26APR10PHIIND-PHIPGEORGE8-6,2026-04-10,reb,5.5,5.08,0.41999999999999993,0.399,0.39314465652253494,0.0,1.0
KXNBAREB-26APR10PHIIND-PHIPGEORGE8-8,2026-04-10,reb,7.5,5.08,2.42,0.15525,0.17958834233744447,0.0,1.0
KXNBAREB-26APR10PHIIND-PHIVEDGECOMBE77-2,2026-04-10,reb,1.5,5.37125,-3.87125,0.958,0.9396161819892799,1.0,1.0
KXNBAREB-26APR10PHIIND-PHIVEDGECOMBE77-4,2026-04-10,reb,3.5,5.37125,-1.8712499999999999,0.76075,0.7213366010334674,1.0,1.0
KXNBAREB-26APR10PHIIND-PHIVEDGECOMBE77-5,2026-04-10,reb,4.5,5.37125,-0.8712499999999999,0.6055,0.5762629956405769,1.0,1.0
KXNBAREB-26APR10PHIIND-PHIVEDGECOMBE77-6,2026-04-10,reb,5.5,5.37125,0.12875000000000014,0.451,0.4341382750899343,1.0,1.0
KXNBAREB-26APR10PHIIND-PHIVEDGECOMBE77-8,2026-04-10,reb,7.5,5.37125,2.12875,0.19275,0.21079235290448062,1.0,1.0
KXNBAAST-26APR10PHIIND-PHIKOUBRE9-10,2026-04-10,ast,9.5,1.33075,8.16925,0.0,1.473594368983644e-05,0.0,1.0
KXNBAAST-26APR10PHIIND-PHIKOUBRE9-2,2026-04-10,ast,1.5,1.33075,0.1692499999999999,0.3745,0.3771044371818558,0.0,1.0
KXNBAAST-26APR10PHIIND-PHIKOUBRE9-4,2026-04-10,ast,3.5,1.33075,2.16925,0.05075,0.05623304585512834,0.0,1.0
KXNBAAST-26APR10PHIIND-PHIKOUBRE9-6,2026-04-10,ast,5.5,1.33075,4.16925,0.00375,0.004902334063360603,0.0,1.0
KXNBAAST-26APR10PHIIND-PHIKOUBRE9-8,2026-04-10,ast,7.5,1.33075,6.16925,0.0,0.0003029978357993457,0.0,1.0
KXNBAAST-26APR10PHIIND-PHIPGEORGE8-2,2026-04-10,ast,1.5,3.3335,-1.8335,0.831,0.8056728245704604,1.0,1.0
KXNBAAST-26APR10PHIIND-PHIPGEORGE8-4,2026-04-10,ast,3.5,3.3335,0.1665000000000001,0.423,0.41651394708726874,0.0,1.0
KXNBAAST-26APR10PHIIND-PHIPGEORGE8-5,2026-04-10,ast,4.5,3.3335,1.1665,0.2535,0.25772388169780747,0.0,1.0
KXNBAAST-26APR10PHIIND-PHIPGEORGE8-6,2026-04-10,ast,5.5,3.3335,2.1665,0.12775,0.1468494364652504,0.0,1.0
KXNBAAST-26APR10PHIIND-PHIPGEORGE8-8,2026-04-10,ast,7.5,3.3335,4.1665,0.026,0.03894637759765429,0.0,1.0
KXNBAAST-26APR10PHIIND-PHITMAXEY0-10,2026-04-10,ast,9.5,5.39125,4.10875,0.057,0.08558790074055167,0.0,1.0
KXNBAAST-26APR10PHIIND-PHITMAXEY0-12,2026-04-10,ast,11.5,5.39125,6.10875,0.01075,0.029949801307728507,0.0,1.0
KXNBAAST-26APR10PHIIND-PHITMAXEY0-6,2026-04-10,ast,5.5,5.39125,0.10874999999999968,0.45625,0.4376070144577815,0.0,1.0
KXNBAAST-26APR10PHIIND-PHITMAXEY0-7,2026-04-10,ast,6.5,5.39125,1.1087499999999997,0.30375,0.31204775451267874,0.0,1.0
KXNBAAST-26APR10PHIIND-PHITMAXEY0-8,2026-04-10,ast,7.5,5.39125,2.1087499999999997,0.17825,0.2116982580619413,0.0,1.0
KXNBAAST-26APR10PHIIND-PHIVEDGECOMBE77-2,2026-04-10,ast,1.5,3.77475,-2.27475,0.8865,0.8507154991688722,1.0,1.0
KXNBAAST-26APR10PHIIND-PHIVEDGECOMBE77-4,2026-04-10,ast,3.5,3.77475,-0.27475000000000005,0.5245,0.4974479686791269,1.0,1.0
KXNBAAST-26APR10PHIIND-PHIVEDGECOMBE77-5,2026-04-10,ast,4.5,3.77475,0.72525,0.33175,0.3318122901383901,1.0,1.0
KXNBAAST-26APR10PHIIND-PHIVEDGECOMBE77-6,2026-04-10,ast,5.5,3.77475,1.72525,0.177,0.2048267684027053,0.0,1.0
KXNBAAST-26APR10PHIIND-PHIVEDGECOMBE77-8,2026-04-10,ast,7.5,3.77475,3.72525,0.0435,0.06432963268350755,0.0,1.0
KXNBA3PT-26APR10PHIIND-PHITMAXEY0-1,2026-04-10,fg3m,0.5,2.1725,-1.6724999999999999,0.8815,0.8521855118180212,1.0,1.0
KXNBA3PT-26APR10PHIIND-PHITMAXEY0-2,2026-04-10,fg3m,1.5,2.1725,-0.6724999999999999,0.631,0.6022029487386533,0.0,1.0
KXNBA3PT-26APR10PHIIND-PHITMAXEY0-3,2026-04-10,fg3m,2.5,2.1725,0.3275000000000001,0.38025,0.3631274675914806,0.0,1.0
KXNBA3PT-26APR10PHIIND-PHITMAXEY0-4,2026-04-10,fg3m,3.5,2.1725,1.3275000000000001,0.17075,0.1930425314451275,0.0,1.0
KXNBA3PT-26APR10PHIIND-PHITMAXEY0-5,2026-04-10,fg3m,4.5,2.1725,2.3275,0.07375,0.09286976008626069,0.0,1.0
KXNBA3PT-26APR10PHIIND-PHIVEDGECOMBE77-1,2026-04-10,fg3m,0.5,1.63,-1.13,0.79675,0.7717593480615257,0.0,1.0
KXNBA3PT-26APR10PHIIND-PHIVEDGECOMBE77-2,2026-04-10,fg3m,1.5,1.63,-0.1299999999999999,0.48225,0.4651890427046632,0.0,1.0
KXNBA3PT-26APR10PHIIND-PHIVEDGECOMBE77-3,2026-04-10,fg3m,2.5,1.63,0.8700000000000001,0.2245,0.23232642083518462,0.0,1.0
KXNBA3PT-26APR10PHIIND-PHIVEDGECOMBE77-4,2026-04-10,fg3m,3.5,1.63,1.87,0.092,0.10075093858015738,0.0,1.0
KXNBA3PT-26APR10PHIIND-PHIVEDGECOMBE77-5,2026-04-10,fg3m,4.5,1.63,2.87,0.02725,0.03920446378072051,0.0,1.0
KXNBAPTS-26APR10PHXLAL-LALDAYTON5-10,2026-04-10,pts,9.5,10.11075,-0.6107499999999995,0.51225,0.4924453576223241,1.0,1.0
KXNBAPTS-26APR10PHXLAL-LALDAYTON5-15,2026-04-10,pts,14.5,10.11075,4.3892500000000005,0.1965,0.18329176047560458,0.0,1.0
KXNBAPTS-26APR10PHXLAL-LALDAYTON5-20,2026-04-10,pts,19.5,10.11075,9.38925,0.04975,0.05154212604942687,0.0,1.0
KXNBAPTS-26APR10PHXLAL-LALDAYTON5-25,2026-04-10,pts,24.5,10.11075,14.38925,0.01325,0.011951006209837134,0.0,1.0
KXNBAPTS-26APR10PHXLAL-LALLJAMES23-15,2026-04-10,pts,14.5,18.289,-3.7890000000000015,0.67875,0.6323326714955431,1.0,1.0
KXNBAPTS-26APR10PHXLAL-LALLJAMES23-20,2026-04-10,pts,19.5,18.289,1.2109999999999985,0.40475,0.3916132521337803,1.0,1.0
KXNBAPTS-26APR10PHXLAL-LALLJAMES23-25,2026-04-10,pts,24.5,18.289,6.2109999999999985,0.19125,0.2112596478944666,1.0,1.0
KXNBAPTS-26APR10PHXLAL-LALLJAMES23-30,2026-04-10,pts,29.5,18.289,11.210999999999999,0.07425,0.10220869010058542,0.0,1.0
KXNBAPTS-26APR10PHXLAL-LALLJAMES23-35,2026-04-10,pts,34.5,18.289,16.211,0.02075,0.04536618948016169,0.0,1.0
KXNBAPTS-26APR10PHXLAL-PHXDBROOKS3-10,2026-04-10,pts,9.5,15.71175,-6.21175,0.8085,0.7916787239830879,1.0,1.0
KXNBAPTS-26APR10PHXLAL-PHXDBROOKS3-15,2026-04-10,pts,14.5,15.71175,-1.2117500000000003,0.5375,0.5116567642558881,0.0,1.0
KXNBAPTS-26APR10PHXLAL-PHXDBROOKS3-20,2026-04-10,pts,19.5,15.71175,3.7882499999999997,0.27075,0.2704893839175515,0.0,1.0
KXNBAPTS-26APR10PHXLAL-PHXDBROOKS3-25,2026-04-10,pts,24.5,15.71175,8.78825,0.11275,0.12247534044316744,0.0,1.0
KXNBAPTS-26APR10PHXLAL-PHXDBROOKS3-30,2026-04-10,pts,29.5,15.71175,13.78825,0.037,0.049269030652794976,0.0,1.0
KXNBAPTS-26APR10PHXLAL-PHXMWILLIAMS15-10,2026-04-10,pts,9.5,8.504486133768353,0.9955138662316472,0.3841761827079935,0.36164309040599496,0.0,0.613
KXNBAPTS-26APR10PHXLAL-PHXMWILLIAMS15-15,2026-04-10,pts,14.5,8.504486133768353,5.995513866231647,0.1137846655791191,0.10013860719908707,0.0,0.613
KXNBAPTS-26APR10PHXLAL-PHXMWILLIAMS15-20,2026-04-10,pts,19.5,8.504486133768353,10.995513866231647,0.02406199021207178,0.020444854969549286,0.0,0.613
KXNBAPTS-26APR10PHXLAL-PHXMWILLIAMS15-25,2026-04-10,pts,24.5,8.504486133768353,15.995513866231647,0.004078303425774877,0.0034050528807203495,0.0,0.613
KXNBAREB-26APR10PHXLAL-LALDAYTON5-10,2026-04-10,reb,9.5,6.1625,3.3375000000000004,0.12725,0.1429656258203631,0.0,1.0
KXNBAREB-26APR10PHXLAL-LALDAYTON5-12,2026-04-10,reb,11.5,6.1625,5.3375,0.0455,0.05952828658360931,0.0,1.0
KXNBAREB-26APR10PHXLAL-LALDAYTON5-4,2026-04-10,reb,3.5,6.1625,-2.6624999999999996,0.8175,0.7956204723386343,1.0,1.0
KXNBAREB-26APR10PHXLAL-LALDAYTON5-6,2026-04-10,reb,5.5,6.1625,-0.6624999999999996,0.55225,0.538266833756155,0.0,1.0
KXNBAREB-26APR10PHXLAL-LALDAYTON5-8,2026-04-10,reb,7.5,6.1625,1.3375000000000004,0.296,0.3007469308117997,0.0,1.0
KXNBAREB-26APR10PHXLAL-LALLJAMES23-10,2026-04-10,reb,9.5,5.941,3.559,0.09075,0.12569610889947103,0.0,1.0
KXNBAREB-26APR10PHXLAL-LALLJAMES23-12,2026-04-10,reb,11.5,5.941,5.559,0.02425,0.050204848679704095,0.0,1.0
KXNBAREB-26APR10PHXLAL-LALLJAMES23-4,2026-04-10,reb,3.5,5.941,-2.441,0.8215,0.776970902906107,1.0,1.0
KXNBAREB-26APR10PHXLAL-LALLJAMES23-6,2026-04-10,reb,5.5,5.941,-0.44099999999999984,0.54675,0.5103662728038292,1.0,1.0
KXNBAREB-26APR10PHXLAL-LALLJAMES23-8,2026-04-10,reb,7.5,5.941,1.5590000000000002,0.2555,0.2750845610992537,0.0,1.0
KXNBAREB-26APR10PHXLAL-PHXDBROOKS3-10,2026-04-10,reb,9.5,3.575,5.925,0.00925,0.012835141975188202,0.0,1.0
KXNBAREB-26APR10PHXLAL-PHXDBROOKS3-2,2026-04-10,reb,1.5,3.575,-2.075,0.8515,0.8298211607810115,1.0,1.0
KXNBAREB-26APR10PHXLAL-PHXDBROOKS3-4,2026-04-10,reb,3.5,3.575,-0.07500000000000018,0.472,0.46079728154284283,0.0,1.0
KXNBAREB-26APR10PHXLAL-PHXDBROOKS3-6,2026-04-10,reb,5.5,3.575,1.9249999999999998,0.16525,0.17889193601408993,0.0,1.0
KXNBAREB-26APR10PHXLAL-PHXDBROOKS3-8,2026-04-10,reb,7.5,3.575,3.925,0.0405,0.05301811429659864,0.0,1.0
KXNBAREB-26APR10PHXLAL-PHXMWILLIAMS15-10,2026-04-10,reb,9.5,6.339722675367048,3.1602773246329523,0.1398858075040783,0.15742635738892263,0.0,0.613
KXNBAREB-26APR10PHXLAL-PHXMWILLIAMS15-12,2026-04-10,reb,11.5,6.339722675367048,5.160277324632952,0.048939641109298535,0.06765677785372481,0.0,0.613
KXNBAREB-26APR10PHXLAL-PHXMWILLIAMS15-4,2026-04-10,reb,3.5,6.339722675367048,-2.8397226753670477,0.8384991843393148,0.8094503250005478,1.0,0.613
KXNBAREB-26APR10PHXLAL-PHXMWILLIAMS15-6,2026-04-10,reb,5.5,6.339722675367048,-0.8397226753670477,0.5880913539967374,0.5598135189071707,0.0,0.613
KXNBAREB-26APR10PHXLAL-PHXMWILLIAMS15-8,2026-04-10,reb,7.5,6.339722675367048,1.1602773246329523,0.3132137030995106,0.32138416039855555,0.0,0.613
KXNBAAST-26APR10PHXLAL-LALLJAMES23-10,2026-04-10,ast,9.5,6.3435,3.1565000000000003,0.13475,0.155951766166742,1.0,1.0
KXNBAAST-26APR10PHXLAL-LALLJAMES23-12,2026-04-10,ast,11.5,6.3435,5.1565,0.04325,0.0661064767316778,1.0,1.0
KXNBAAST-26APR10PHXLAL-LALLJAMES23-14,2026-04-10,ast,13.5,6.3435,7.1565,0.00925,0.025063180452252642,0.0,1.0
KXNBAAST-26APR10PHXLAL-LALLJAMES23-6,2026-04-10,ast,5.5,6.3435,-0.8434999999999997,0.591,0.562162478667068,1.0,1.0
KXNBAAST-26APR10PHXLAL-LALLJAMES23-8,2026-04-10,ast,7.5,6.3435,1.1565000000000003,0.309,0.3213284008579492,1.0,1.0
KXNBA3PT-26APR10PHXLAL-LALLJAMES23-1,2026-04-10,fg3m,0.5,1.24675,-0.74675,0.70075,0.6848862756147756,1.0,1.0
KXNBA3PT-26APR10PHXLAL-LALLJAMES23-2,2026-04-10,fg3m,1.5,1.24675,0.25325,0.35675,0.34717472539369254,1.0,1.0
KXNBA3PT-26APR10PHXLAL-LALLJAMES23-3,2026-04-10,fg3m,2.5,1.24675,1.25325,0.133,0.14250334469552062,0.0,1.0
KXNBA3PT-26APR10PHXLAL-LALLJAMES23-4,2026-04-10,fg3m,3.5,1.24675,2.25325,0.0435,0.05023052010586371,0.0,1.0
KXNBA3PT-26APR10PHXLAL-LALLJAMES23-5,2026-04-10,fg3m,4.5,1.24675,3.25325,0.01,0.01579207491923218,0.0,1.0
KXNBAPTS-26APR10BKNMIL-MILKKUZMA18-10,2026-04-10,pts,9.5,11.362953692115143,-1.862953692115143,0.5857321652065082,0.5811156726860609,0.0,0.59925
KXNBAPTS-26APR10BKNMIL-MILKKUZMA18-15,2026-04-10,pts,14.5,11.362953692115143,3.137046307884857,0.26992073425114727,0.2574191731101406,0.0,0.59925
KXNBAPTS-26APR10BKNMIL-MILKKUZMA18-20,2026-04-10,pts,19.5,11.362953692115143,8.137046307884857,0.09553608677513559,0.08777678652514564,0.0,0.59925
KXNBAPTS-26APR10BKNMIL-MILKKUZMA18-25,2026-04-10,pts,24.5,11.362953692115143,13.137046307884857,0.023362536503963287,0.024890377658882024,0.0,0.59925
KXNBAPTS-26APR10BKNMIL-MILMTURNER3-10,2026-04-10,pts,9.5,10.030705394190871,-0.5307053941908713,0.5004149377593361,0.4863414179924075,1.0,0.6025
KXNBAPTS-26APR10BKNMIL-MILMTURNER3-15,2026-04-10,pts,14.5,10.030705394190871,4.469294605809129,0.1962655601659751,0.17875393324465594,0.0,0.6025
KXNBAPTS-26APR10BKNMIL-MILMTURNER3-20,2026-04-10,pts,19.5,10.030705394190871,9.469294605809129,0.05975103734439834,0.049577016406856744,0.0,0.6025
KXNBAPTS-26APR10BKNMIL-MILMTURNER3-25,2026-04-10,pts,24.5,10.030705394190871,14.469294605809129,0.014107883817427386,0.011331653087618077,0.0,0.6025
KXNBAREB-26APR10BKNMIL-MILKKUZMA18-10,2026-04-10,reb,9.5,4.088861076345432,5.411138923654568,0.012932832707551106,0.02561445572112575,0.0,0.59925
KXNBAREB-26APR10BKNMIL-MILKKUZMA18-2,2026-04-10,reb,1.5,4.088861076345432,-2.588861076345432,0.8965373383395911,0.8741519801044159,0.0,0.59925
KXNBAREB-26APR10BKNMIL-MILKKUZMA18-4,2026-04-10,reb,3.5,4.088861076345432,-0.5888610763454318,0.5682102628285357,0.5491042620003483,0.0,0.59925
KXNBAREB-26APR10BKNMIL-MILKKUZMA18-6,2026-04-10,reb,5.5,4.088861076345432,1.4111389236545682,0.2528160200250313,0.2498406209556372,0.0,0.59925
KXNBAREB-26APR10BKNMIL-MILKKUZMA18-8,2026-04-10,reb,7.5,4.088861076345432,3.411138923654568,0.06758448060075094,0.0881686228808356,0.0,0.59925
KXNBAREB-26APR10BKNMIL-MILMTURNER3-10,2026-04-10,reb,9.5,4.5867219917012445,4.9132780082987555,0.02946058091286307,0.04404946340401028,0.0,0.6025
KXNBAREB-26APR10BKNMIL-MILMTURNER3-2,2026-04-10,reb,1.5,4.5867219917012445,-3.0867219917012445,0.9273858921161826,0.9057096607344395,1.0,0.6025
KXNBAREB-26APR10BKNMIL-MILMTURNER3-4,2026-04-10,reb,3.5,4.5867219917012445,-1.0867219917012445,0.649792531120332,0.6242202583706055,1.0,0.6025
KXNBAREB-26APR10BKNMIL-MILMTURNER3-6,2026-04-10,reb,5.5,4.5867219917012445,0.9132780082987555,0.3157676348547718,0.32188192739903365,0.0,0.6025
KXNBAREB-26APR10BKNMIL-MILMTURNER3-8,2026-04-10,reb,7.5,4.5867219917012445,2.9132780082987555,0.11410788381742738,0.13073171329192745,0.0,0.6025
KXNBAAST-26APR10BKNMIL-MILMTURNER3-10,2026-04-10,ast,9.5,1.1887966804979253,8.311203319502075,0.0,5.948801991895181e-06,0.0,0.6025
KXNBAAST-26APR10BKNMIL-MILMTURNER3-2,2026-04-10,ast,1.5,1.1887966804979253,0.3112033195020747,0.3269709543568465,0.32953900959637816,1.0,0.6025
KXNBAAST-26APR10BKNMIL-MILMTURNER3-4,2026-04-10,ast,3.5,1.1887966804979253,2.3112033195020745,0.031950207468879666,0.04094136415806393,0.0,0.6025
KXNBAAST-26APR10BKNMIL-MILMTURNER3-6,2026-04-10,ast,5.5,1.1887966804979253,4.3112033195020745,0.002074688796680498,0.002941477315982821,0.0,0.6025
KXNBAAST-26APR10BKNMIL-MILMTURNER3-8,2026-04-10,ast,7.5,1.1887966804979253,6.3112033195020745,0.0,0.00014925405486221344,0.0,0.6025
KXNBAPTS-26APR10TORNYK-NYKJBRUNSON11-15,2026-04-10,pts,14.5,20.97675,-6.476749999999999,0.80725,0.7292948411750062,1.0,1.0
KXNBAPTS-26APR10TORNYK-NYKJBRUNSON11-20,2026-04-10,pts,19.5,20.97675,-1.4767499999999991,0.55525,0.5084363595696475,1.0,1.0
KXNBAPTS-26APR10TORNYK-NYKJBRUNSON11-25,2026-04-10,pts,24.5,20.97675,3.523250000000001,0.29375,0.3139294828905679,1.0,1.0
KXNBAPTS-26APR10TORNYK-NYKJBRUNSON11-30,2026-04-10,pts,29.5,20.97675,8.52325,0.1315,0.1755236655381185,0.0,1.0
KXNBAPTS-26APR10TORNYK-NYKJBRUNSON11-35,2026-04-10,pts,34.5,20.97675,13.52325,0.043,0.09056610483800576,0.0,1.0
KXNBAPTS-26APR10TORNYK-NYKJHART3-10,2026-04-10,pts,9.5,10.0935,-0.5935000000000006,0.50725,0.49113414610387485,0.0,1.0
KXNBAPTS-26APR10TORNYK-NYKJHART3-15,2026-04-10,pts,14.5,10.0935,4.406499999999999,0.19175,0.18231116420459004,0.0,1.0
KXNBAPTS-26APR10TORNYK-NYKJHART3-20,2026-04-10,pts,19.5,10.0935,9.4065,0.0485,0.05111495591050408,0.0,1.0
KXNBAPTS-26APR10TORNYK-NYKJHART3-25,2026-04-10,pts,24.5,10.0935,14.4065,0.00925,0.011815575762133435,0.0,1.0
KXNBAPTS-26APR10TORNYK-NYKKTOWNS32-10,2026-04-10,pts,9.5,16.196,-6.6960000000000015,0.8515,0.8073101863110883,1.0,1.0
KXNBAPTS-26APR10TORNYK-NYKKTOWNS32-15,2026-04-10,pts,14.5,16.196,-1.6960000000000015,0.571,0.5364491385661361,1.0,1.0
KXNBAPTS-26APR10TORNYK-NYKKTOWNS32-20,2026-04-10,pts,19.5,16.196,3.3039999999999985,0.288,0.29339779076714023,1.0,1.0
KXNBAPTS-26APR10TORNYK-NYKKTOWNS32-25,2026-04-10,pts,24.5,16.196,8.303999999999998,0.1085,0.13788317169131714,0.0,1.0
KXNBAPTS-26APR10TORNYK-NYKKTOWNS32-30,2026-04-10,pts,29.5,16.196,13.303999999999998,0.02825,0.0576715447502506,0.0,1.0
KXNBAPTS-26APR10TORNYK-NYKMBRIDGES25-10,2026-04-10,pts,9.5,11.0545,-1.5545000000000009,0.57675,0.5604960395288701,1.0,1.0
KXNBAPTS-26APR10TORNYK-NYKMBRIDGES25-15,2026-04-10,pts,14.5,11.0545,3.445499999999999,0.24425,0.23874546910133498,0.0,1.0
KXNBAPTS-26APR10TORNYK-NYKMBRIDGES25-20,2026-04-10,pts,19.5,11.0545,8.4455,0.07325,0.07792398121204225,0.0,1.0
KXNBAPTS-26APR10TORNYK-NYKMBRIDGES25-25,2026-04-10,pts,24.5,11.0545,13.4455,0.016,0.021106119067794027,0.0,1.0
KXNBAPTS-26APR10TORNYK-NYKOANUNOBY8-10,2026-04-10,pts,9.5,14.9775,-5.477499999999999,0.8025,0.7654401597849221,0.0,1.0
KXNBAPTS-26APR10TORNYK-NYKOANUNOBY8-15,2026-04-10,pts,14.5,14.9775,-0.47749999999999915,0.50475,0.4722977157498285,0.0,1.0
KXNBAPTS-26APR10TORNYK-NYKOANUNOBY8-20,2026-04-10,pts,19.5,14.9775,4.522500000000001,0.22,0.23608498405348888,0.0,1.0
KXNBAPTS-26APR10TORNYK-NYKOANUNOBY8-25,2026-04-10,pts,24.5,14.9775,9.5225,0.0725,0.10057959223449497,0.0,1.0
KXNBAPTS-26APR10TORNYK-NYKOANUNOBY8-30,2026-04-10,pts,29.5,14.9775,14.5225,0.0215,0.037967607963626304,0.0,1.0
KXNBAPTS-26APR10TORNYK-TORJPOELTL19-10,2026-04-10,pts,9.5,8.66825,0.8317499999999995,0.3985,0.3756463633558944,0.0,1.0
KXNBAPTS-26APR10TORNYK-TORJPOELTL19-15,2026-04-10,pts,14.5,8.66825,5.8317499999999995,0.11,0.10770324161179434,0.0,1.0
KXNBAPTS-26APR10TORNYK-TORJPOELTL19-20,2026-04-10,pts,19.5,8.66825,10.83175,0.02075,0.02282551345025352,0.0,1.0
KXNBAPTS-26APR10TORNYK-TORJPOELTL19-25,2026-04-10,pts,24.5,8.66825,15.83175,0.00225,0.003950394456703532,0.0,1.0
KXNBAPTS-26APR10TORNYK-TORSBARNES4-10,2026-04-10,pts,9.5,12.53975,-3.0397499999999997,0.669,0.6523619903228057,1.0,1.0
KXNBAPTS-26APR10TORNYK-TORSBARNES4-15,2026-04-10,pts,14.5,12.53975,1.9602500000000003,0.33125,0.3294380496909457,1.0,1.0
KXNBAPTS-26APR10TORNYK-TORSBARNES4-20,2026-04-10,pts,19.5,12.53975,6.96025,0.12025,0.13028272336888225,0.0,1.0
KXNBAPTS-26APR10TORNYK-TORSBARNES4-25,2026-04-10,pts,24.5,12.53975,11.96025,0.03775,0.043191572422481506,0.0,1.0
KXNBAREB-26APR10TORNYK-NYKJBRUNSON11-10,2026-04-10,reb,9.5,3.1385,6.3614999999999995,0.00325,0.0062075063825699495,0.0,1.0
KXNBAREB-26APR10TORNYK-NYKJBRUNSON11-2,2026-04-10,reb,1.5,3.1385,-1.6385,0.82025,0.7796654301816326,1.0,1.0
KXNBAREB-26APR10TORNYK-NYKJBRUNSON11-4,2026-04-10,reb,3.5,3.1385,0.36149999999999993,0.37125,0.3785908508649731,0.0,1.0
KXNBAREB-26APR10TORNYK-NYKJBRUNSON11-6,2026-04-10,reb,5.5,3.1385,2.3615,0.104,0.12454680939303253,0.0,1.0
KXNBAREB-26APR10TORNYK-NYKJBRUNSON11-8,2026-04-10,reb,7.5,3.1385,4.3614999999999995,0.01725,0.030863626022618273,0.0,1.0
KXNBAREB-26APR10TORNYK-NYKJHART3-10,2026-04-10,reb,9.5,6.391,3.109,0.1305,0.16170922498552676,0.0,1.0
KXNBAREB-26APR10TORNYK-NYKJHART3-12,2026-04-10,reb,11.5,6.391,5.109,0.03825,0.0701184726851749,0.0,1.0
KXNBAREB-26APR10TORNYK-NYKJHART3-4,2026-04-10,reb,3.5,6.391,-2.891,0.85875,0.8132792355106986,1.0,1.0
KXNBAREB-26APR10TORNYK-NYKJHART3-6,2026-04-10,reb,5.5,6.391,-0.891,0.59775,0.5659150882665103,0.0,1.0
KXNBAREB-26APR10TORNYK-NYKJHART3-8,2026-04-10,reb,7.5,6.391,1.109,0.323,0.32736104294830004,0.0,1.0
KXNBAREB-26APR10TORNYK-NYKKTOWNS32-10,2026-04-10,reb,9.5,10.18275,-0.6827500000000004,0.556,0.5166344692910954,1.0,1.0
KXNBAREB-26APR10TORNYK-NYKKTOWNS32-12,2026-04-10,reb,11.5,10.18275,1.3172499999999996,0.3335,0.3469822465925355,0.0,1.0
KXNBAREB-26APR10TORNYK-NYKKTOWNS32-14,2026-04-10,reb,13.5,10.18275,3.3172499999999996,0.15775,0.21422390627473242,0.0,1.0
KXNBAREB-26APR10TORNYK-NYKKTOWNS32-16,2026-04-10,reb,15.5,10.18275,5.31725,0.066,0.12284941050398224,0.0,1.0
KXNBAREB-26APR10TORNYK-NYKKTOWNS32-8,2026-04-10,reb,7.5,10.18275,-2.6827500000000004,0.78225,0.7001831880009022,1.0,1.0
KXNBAREB-26APR10TORNYK-NYKMBRIDGES25-10,2026-04-10,reb,9.5,3.0265,6.4735,0.002,0.005020450220015182,0.0,1.0
KXNBAREB-26APR10TORNYK-NYKMBRIDGES25-2,2026-04-10,reb,1.5,3.0265,-1.5265,0.79375,0.7645393099442631,0.0,1.0
KXNBAREB-26APR10TORNYK-NYKMBRIDGES25-4,2026-04-10,reb,3.5,3.0265,0.47350000000000003,0.3605,0.3567310595179223,0.0,1.0
KXNBAREB-26APR10TORNYK-NYKMBRIDGES25-6,2026-04-10,reb,5.5,3.0265,2.4735,0.09025,0.11184228200028257,0.0,1.0
KXNBAREB-26APR10TORNYK-NYKMBRIDGES25-8,2026-04-10,reb,7.5,3.0265,4.4735,0.01275,0.026323718755682624,0.0,1.0
KXNBAREB-26APR10TORNYK-NYKOANUNOBY8-10,2026-04-10,reb,9.5,4.66875,4.83125,0.025,0.04769513385277224,0.0,1.0
KXNBAREB-26APR10TORNYK-NYKOANUNOBY8-2,2026-04-10,reb,1.5,4.66875,-3.16875,0.9385,0.9100526275726365,1.0,1.0
KXNBAREB-26APR10TORNYK-NYKOANUNOBY8-4,2026-04-10,reb,3.5,4.66875,-1.1687500000000002,0.6755,0.6355743797744177,1.0,1.0
KXNBAREB-26APR10TORNYK-NYKOANUNOBY8-6,2026-04-10,reb,5.5,4.66875,0.8312499999999998,0.33275,0.33381695384115473,0.0,1.0
KXNBAREB-26APR10TORNYK-NYKOANUNOBY8-8,2026-04-10,reb,7.5,4.66875,2.83125,0.10875,0.13844390889533675,0.0,1.0
KXNBAREB-26APR10TORNYK-TORJPOELTL19-10,2026-04-10,reb,9.5,5.7365,3.7634999999999996,0.0905,0.11061964950601677,0.0,1.0
KXNBAREB-26APR10TORNYK-TORJPOELTL19-12,2026-04-10,reb,11.5,5.7365,5.7635,0.0275,0.04242567677323761,0.0,1.0
KXNBAREB-26APR10TORNYK-TORJPOELTL19-6,2026-04-10,reb,5.5,5.7365,-0.23650000000000038,0.49175,0.4837012370929644,0.0,1.0
KXNBAREB-26APR10TORNYK-TORJPOELTL19-7,2026-04-10,reb,6.5,5.7365,0.7634999999999996,0.3595,0.35710459766993374,0.0,1.0
KXNBAREB-26APR10TORNYK-TORJPOELTL19-8,2026-04-10,reb,7.5,5.7365,1.7634999999999996,0.24275,0.25164371695066023,0.0,1.0
KXNBAREB-26APR10TORNYK-TORSBARNES4-10,2026-04-10,reb,9.5,5.287,4.213,0.05825,0.08073154086581646,0.0,1.0
KXNBAREB-26APR10TORNYK-TORSBARNES4-12,2026-04-10,reb,11.5,5.287,6.213,0.01225,0.028088683411639725,0.0,1.0
KXNBAREB-26APR10TORNYK-TORSBARNES4-4,2026-04-10,reb,3.5,5.287,-1.787,0.75975,0.7120981104725501,1.0,1.0
KXNBAREB-26APR10TORNYK-TORSBARNES4-6,2026-04-10,reb,5.5,5.287,0.21300000000000008,0.42775,0.42239710127880514,0.0,1.0
KXNBAREB-26APR10TORNYK-TORSBARNES4-8,2026-04-10,reb,7.5,5.287,2.213,0.1755,0.2016195745543936,0.0,1.0
KXNBAAST-26APR10TORNYK-NYKJBRUNSON11-10,2026-04-10,ast,9.5,6.07575,3.42425,0.0895,0.13428568213473546,0.0,1.0
KXNBAAST-26APR10TORNYK-NYKJBRUNSON11-12,2026-04-10,ast,11.5,6.07575,5.42425,0.021,0.05418716718172634,0.0,1.0
KXNBAAST-26APR10TORNYK-NYKJBRUNSON11-4,2026-04-10,ast,3.5,6.07575,-2.57575,0.84525,0.7914316751480116,0.0,1.0
KXNBAAST-26APR10TORNYK-NYKJBRUNSON11-6,2026-04-10,ast,5.5,6.07575,-0.5757500000000002,0.56075,0.5290420404533844,0.0,1.0
KXNBAAST-26APR10TORNYK-NYKJBRUNSON11-8,2026-04-10,ast,7.5,6.07575,1.4242499999999998,0.2755,0.2899048529779559,0.0,1.0
KXNBAAST-26APR10TORNYK-NYKJHART3-10,2026-04-10,ast,9.5,3.675,5.825,0.00775,0.01427856030632757,0.0,1.0
KXNBAAST-26APR10TORNYK-NYKJHART3-2,2026-04-10,ast,1.5,3.675,-2.175,0.874,0.8415672455928864,1.0,1.0
KXNBAAST-26APR10TORNYK-NYKJHART3-4,2026-04-10,ast,3.5,3.675,-0.17499999999999982,0.49075,0.47974992733869315,0.0,1.0
KXNBAAST-26APR10TORNYK-NYKJHART3-6,2026-04-10,ast,5.5,3.675,1.8250000000000002,0.17725,0.19121460212235408,0.0,1.0
KXNBAAST-26APR10TORNYK-NYKJHART3-8,2026-04-10,ast,7.5,3.675,3.825,0.04325,0.05794861355621017,0.0,1.0
KXNBAAST-26APR10TORNYK-TORSBARNES4-10,2026-04-10,ast,9.5,4.1605,5.3395,0.01425,0.026973927170122813,0.0,1.0
KXNBAAST-26APR10TORNYK-TORSBARNES4-2,2026-04-10,ast,1.5,4.1605,-2.6605,0.90625,0.8812641956362248,1.0,1.0
KXNBAAST-26APR10TORNYK-TORSBARNES4-4,2026-04-10,ast,3.5,4.1605,-0.6604999999999999,0.5925,0.5621455031578283,1.0,1.0
KXNBAAST-26APR10TORNYK-TORSBARNES4-6,2026-04-10,ast,5.5,4.1605,1.3395000000000001,0.2465,0.25938640581587347,0.0,1.0
KXNBAAST-26APR10TORNYK-TORSBARNES4-8,2026-04-10,ast,7.5,4.1605,3.3395,0.07125,0.09241555050212114,0.0,1.0
KXNBA3PT-26APR10TORNYK-NYKJBRUNSON11-1,2026-04-10,fg3m,0.5,2.025,-1.525,0.866,0.8340556812337466,1.0,1.0
KXNBA3PT-26APR10TORNYK-NYKJBRUNSON11-2,2026-04-10,fg3m,1.5,2.025,-0.5249999999999999,0.594,0.5684713256575573,1.0,1.0
KXNBA3PT-26APR10TORNYK-NYKJBRUNSON11-3,2026-04-10,fg3m,2.5,2.025,0.4750000000000001,0.33475,0.3281041288160572,0.0,1.0
KXNBA3PT-26APR10TORNYK-NYKJBRUNSON11-4,2026-04-10,fg3m,3.5,2.025,1.475,0.14925,0.16627622845492496,0.0,1.0
KXNBA3PT-26APR10TORNYK-NYKJBRUNSON11-5,2026-04-10,fg3m,4.5,2.025,2.475,0.056,0.07608077943471381,0.0,1.0
KXNBA3PT-26APR10TORNYK-NYKJHART3-1,2026-04-10,fg3m,0.5,1.22025,-0.7202500000000001,0.70175,0.677614766693664,0.0,1.0
KXNBA3PT-26APR10TORNYK-NYKJHART3-2,2026-04-10,fg3m,1.5,1.22025,0.27974999999999994,0.34325,0.33844190105010996,0.0,1.0
KXNBA3PT-26APR10TORNYK-NYKJHART3-3,2026-04-10,fg3m,2.5,1.22025,1.27975,0.12575,0.1366518873608511,0.0,1.0
KXNBA3PT-26APR10TORNYK-NYKJHART3-4,2026-04-10,fg3m,3.5,1.22025,2.27975,0.0365,0.04734525154699465,0.0,1.0
KXNBA3PT-26APR10TORNYK-NYKJHART3-5,2026-04-10,fg3m,4.5,1.22025,3.27975,0.0105,0.014624685006082716,0.0,1.0
KXNBA3PT-26APR10TORNYK-NYKKTOWNS32-1,2026-04-10,fg3m,0.5,1.11575,-0.61575,0.669,0.6470308095350239,1.0,1.0
KXNBA3PT-26APR10TORNYK-NYKKTOWNS32-2,2026-04-10,fg3m,1.5,1.11575,0.38425,0.30825,0.3034275974609175,0.0,1.0
KXNBA3PT-26APR10TORNYK-NYKKTOWNS32-3,2026-04-10,fg3m,2.5,1.11575,1.38425,0.1025,0.11427590111274244,0.0,1.0
KXNBA3PT-26APR10TORNYK-NYKKTOWNS32-4,2026-04-10,fg3m,3.5,1.11575,2.3842499999999998,0.02825,0.03681745920143509,0.0,1.0
KXNBA3PT-26APR10TORNYK-NYKKTOWNS32-5,2026-04-10,fg3m,4.5,1.11575,3.3842499999999998,0.0065,0.01055833132597317,0.0,1.0
KXNBA3PT-26APR10TORNYK-NYKMBRIDGES25-1,2026-04-10,fg3m,0.5,1.32325,-0.82325,0.73475,0.7048583511546256,1.0,1.0
KXNBA3PT-26APR10TORNYK-NYKMBRIDGES25-2,2026-04-10,fg3m,1.5,1.32325,0.17674999999999996,0.372,0.372010009704851,1.0,1.0
KXNBA3PT-26APR10TORNYK-NYKMBRIDGES25-3,2026-04-10,fg3m,2.5,1.32325,1.17675,0.15375,0.15973693793198207,0.0,1.0
KXNBA3PT-26APR10TORNYK-NYKMBRIDGES25-4,2026-04-10,fg3m,3.5,1.32325,2.17675,0.04625,0.059032432067451235,0.0,1.0
KXNBA3PT-26APR10TORNYK-NYKMBRIDGES25-5,2026-04-10,fg3m,4.5,1.32325,3.17675,0.01225,0.01948157255361227,0.0,1.0
KXNBA3PT-26APR10TORNYK-NYKOANUNOBY8-1,2026-04-10,fg3m,0.5,2.25325,-1.75325,0.89775,0.8611554062302363,0.0,1.0
KXNBA3PT-26APR10TORNYK-NYKOANUNOBY8-2,2026-04-10,fg3m,1.5,2.25325,-0.75325,0.6545,0.6196039558485259,0.0,1.0
KXNBA3PT-26APR10TORNYK-NYKOANUNOBY8-3,2026-04-10,fg3m,2.5,2.25325,0.24675000000000002,0.38775,0.38196210063984093,0.0,1.0
KXNBA3PT-26APR10TORNYK-NYKOANUNOBY8-4,2026-04-10,fg3m,3.5,2.25325,1.24675,0.1965,0.20804523107363282,0.0,1.0
KXNBA3PT-26APR10TORNYK-NYKOANUNOBY8-5,2026-04-10,fg3m,4.5,2.25325,2.24675,0.07875,0.10267607295249914,0.0,1.0
KXNBA3PT-26APR10TORNYK-TORSBARNES4-1,2026-04-10,fg3m,0.5,0.635,-0.135,0.46375,0.45663160746041187,0.0,1.0
KXNBA3PT-26APR10TORNYK-TORSBARNES4-2,2026-04-10,fg3m,1.5,0.635,0.865,0.134,0.13809051866889588,0.0,1.0
KXNBA3PT-26APR10TORNYK-TORSBARNES4-3,2026-04-10,fg3m,2.5,0.635,1.865,0.031,0.03248924471581538,0.0,1.0
KXNBA3PT-26APR10TORNYK-TORSBARNES4-4,2026-04-10,fg3m,3.5,0.635,2.865,0.00475,0.006447004191257433,0.0,1.0
KXNBA3PT-26APR10TORNYK-TORSBARNES4-5,2026-04-10,fg3m,4.5,0.635,3.865,0.001,0.0011303237379645115,0.0,1.0
KXNBAPTS-26APR10LACPOR-LACBLOPEZ11-10,2026-04-10,pts,9.5,9.8965,-0.39649999999999963,0.48175,0.47599670004482486,1.0,1.0
KXNBAPTS-26APR10LACPOR-LACBLOPEZ11-15,2026-04-10,pts,14.5,9.8965,4.6035,0.19225,0.17121930853052492,1.0,1.0
KXNBAPTS-26APR10LACPOR-LACBLOPEZ11-20,2026-04-10,pts,19.5,9.8965,9.6035,0.0495,0.0463801713517491,1.0,1.0
KXNBAPTS-26APR10LACPOR-LACBMATHURIN9-10,2026-04-10,pts,9.5,15.07825,-5.578250000000001,0.78475,0.7692316071531011,0.0,1.0
KXNBAPTS-26APR10LACPOR-LACBMATHURIN9-15,2026-04-10,pts,14.5,15.07825,-0.5782500000000006,0.49475,0.47781943780447456,0.0,1.0
KXNBAPTS-26APR10LACPOR-LACBMATHURIN9-20,2026-04-10,pts,19.5,15.07825,4.421749999999999,0.23975,0.24076923674008044,0.0,1.0
KXNBAPTS-26APR10LACPOR-LACBMATHURIN9-25,2026-04-10,pts,24.5,15.07825,9.42175,0.098,0.10347169660809818,0.0,1.0
KXNBAPTS-26APR10LACPOR-LACDGARLAND10-15,2026-04-10,pts,14.5,16.538398018166806,-2.0383980181668058,0.5772089182493807,0.5533969141585526,1.0,0.6055
KXNBAPTS-26APR10LACPOR-LACDGARLAND10-20,2026-04-10,pts,19.5,16.538398018166806,2.9616019818331942,0.3228736581337737,0.30962498685041395,0.0,0.6055
KXNBAPTS-26APR10LACPOR-LACDGARLAND10-25,2026-04-10,pts,24.5,16.538398018166806,7.961601981833194,0.13212221304706853,0.14919176606962914,0.0,0.6055
KXNBAPTS-26APR10LACPOR-LACDGARLAND10-30,2026-04-10,pts,29.5,16.538398018166806,12.961601981833194,0.04665565648224608,0.06406093482689057,0.0,0.6055
KXNBAPTS-26APR10LACPOR-LACDJONES5-10,2026-04-10,pts,9.5,8.96075,0.5392499999999991,0.4285,0.4003566062491376,1.0,1.0
KXNBAPTS-26APR10LACPOR-LACDJONES5-15,2026-04-10,pts,14.5,8.96075,5.539249999999999,0.135,0.12180055335426343,0.0,1.0
KXNBAPTS-26APR10LACPOR-LACDJONES5-20,2026-04-10,pts,19.5,8.96075,10.53925,0.02975,0.027512120767802628,0.0,1.0
KXNBAPTS-26APR10LACPOR-LACJCOLLINS20-10,2026-04-10,pts,9.5,11.56475,-2.06475,0.6055,0.5941657514587572,0.0,1.0
KXNBAPTS-26APR10LACPOR-LACJCOLLINS20-15,2026-04-10,pts,14.5,11.56475,2.93525,0.28025,0.2697190259684985,0.0,1.0
KXNBAPTS-26APR10LACPOR-LACJCOLLINS20-20,2026-04-10,pts,19.5,11.56475,7.93525,0.09725,0.0945300563849496,0.0,1.0
KXNBAPTS-26APR10LACPOR-LACJCOLLINS20-25,2026-04-10,pts,24.5,11.56475,12.93525,0.023,0.02758915655699279,0.0,1.0
KXNBAPTS-26APR10LACPOR-LACKLEONARD2-25,2026-04-10,pts,24.5,22.7695,1.7304999999999993,0.3915,0.3825415061159776,0.0,1.0
KXNBAPTS-26APR10LACPOR-LACKLEONARD2-30,2026-04-10,pts,29.5,22.7695,6.730499999999999,0.19725,0.230996484744884,0.0,1.0
KXNBAPTS-26APR10LACPOR-LACKLEONARD2-35,2026-04-10,pts,34.5,22.7695,11.7305,0.074,0.12922756744149688,0.0,1.0
KXNBAPTS-26APR10LACPOR-LACKLEONARD2-40,2026-04-10,pts,39.5,22.7695,16.7305,0.02725,0.06788875176210751,0.0,1.0
KXNBAPTS-26APR10LACPOR-PORDAVDIJA8-20,2026-04-10,pts,19.5,19.762,-0.26200000000000045,0.4865,0.45744137802826734,1.0,1.0
KXNBAPTS-26APR10LACPOR-PORDAVDIJA8-25,2026-04-10,pts,24.5,19.762,4.7379999999999995,0.26175,0.2670321011375676,1.0,1.0
KXNBAPTS-26APR10LACPOR-PORDAVDIJA8-30,2026-04-10,pts,29.5,19.762,9.738,0.113,0.14054516581422538,1.0,1.0
KXNBAPTS-26APR10LACPOR-PORDAVDIJA8-35,2026-04-10,pts,34.5,19.762,14.738,0.04075,0.06808331329682282,1.0,1.0
KXNBAPTS-26APR10LACPOR-PORDCLINGAN23-10,2026-04-10,pts,9.5,10.2315,-0.7315000000000005,0.5135,0.5015582684553715,1.0,1.0
KXNBAPTS-26APR10LACPOR-PORDCLINGAN23-15,2026-04-10,pts,14.5,10.2315,4.2684999999999995,0.20025,0.19019545914935443,1.0,1.0
KXNBAPTS-26APR10LACPOR-PORDCLINGAN23-20,2026-04-10,pts,19.5,10.2315,9.2685,0.05625,0.05458874156029547,0.0,1.0
KXNBAPTS-26APR10LACPOR-PORDCLINGAN23-25,2026-04-10,pts,24.5,10.2315,14.2685,0.01225,0.012929540831419617,0.0,1.0
KXNBAPTS-26APR10LACPOR-PORJHOLIDAY5-15,2026-04-10,pts,14.5,15.13125,-0.6312499999999996,0.513,0.4807091057675651,0.0,1.0
KXNBAPTS-26APR10LACPOR-PORJHOLIDAY5-20,2026-04-10,pts,19.5,15.13125,4.36875,0.24675,0.24323896979138182,0.0,1.0
KXNBAPTS-26APR10LACPOR-PORJHOLIDAY5-25,2026-04-10,pts,24.5,15.13125,9.36875,0.08975,0.1050079308014461,0.0,1.0
KXNBAPTS-26APR10LACPOR-PORJHOLIDAY5-30,2026-04-10,pts,29.5,15.13125,14.36875,0.02625,0.040189880331310546,0.0,1.0
KXNBAPTS-26APR10LACPOR-PORTCAMARA33-10,2026-04-10,pts,9.5,12.552,-3.0519999999999996,0.663,0.653042835540693,0.0,1.0
KXNBAPTS-26APR10LACPOR-PORTCAMARA33-15,2026-04-10,pts,14.5,12.552,1.9480000000000004,0.34125,0.3301865527182519,0.0,1.0
KXNBAPTS-26APR10LACPOR-PORTCAMARA33-20,2026-04-10,pts,19.5,12.552,6.948,0.13175,0.13076205005645058,0.0,1.0
KXNBAPTS-26APR10LACPOR-PORTCAMARA33-25,2026-04-10,pts,24.5,12.552,11.948,0.03975,0.04341496778354059,0.0,1.0
KXNBAREB-26APR10LACPOR-LACBLOPEZ11-2,2026-04-10,reb,1.5,4.65025,-3.1502499999999998,0.9305,0.9090919348600429,1.0,1.0
KXNBAREB-26APR10LACPOR-LACBLOPEZ11-4,2026-04-10,reb,3.5,4.65025,-1.1502499999999998,0.65975,0.6330388071913831,1.0,1.0
KXNBAREB-26APR10LACPOR-LACBLOPEZ11-5,2026-04-10,reb,4.5,4.65025,-0.15024999999999977,0.48325,0.4732407060105269,1.0,1.0
KXNBAREB-26APR10LACPOR-LACBLOPEZ11-6,2026-04-10,reb,5.5,4.65025,0.8497500000000002,0.3255,0.3311263486492745,1.0,1.0
KXNBAREB-26APR10LACPOR-LACBLOPEZ11-8,2026-04-10,reb,7.5,4.65025,2.8497500000000002,0.12325,0.13668886392064783,0.0,1.0
KXNBAREB-26APR10LACPOR-LACBMATHURIN9-2,2026-04-10,reb,1.5,4.71375,-3.21375,0.93275,0.9123449539355185,0.0,1.0
KXNBAREB-26APR10LACPOR-LACBMATHURIN9-4,2026-04-10,reb,3.5,4.71375,-1.21375,0.6665,0.6416810217126849,0.0,1.0
KXNBAREB-26APR10LACPOR-LACBMATHURIN9-5,2026-04-10,reb,4.5,4.71375,-0.2137500000000001,0.49575,0.4828927899906098,0.0,1.0
KXNBAREB-26APR10LACPOR-LACBMATHURIN9-6,2026-04-10,reb,5.5,4.71375,0.7862499999999999,0.336,0.34035753014390957,0.0,1.0
KXNBAREB-26APR10LACPOR-LACBMATHURIN9-8,2026-04-10,reb,7.5,4.71375,2.78625,0.12375,0.14275015749682318,0.0,1.0
KXNBAREB-26APR10LACPOR-LACJCOLLINS20-10,2026-04-10,reb,9.5,5.253,4.247,0.0525,0.07866472320810647,0.0,1.0
KXNBAREB-26APR10LACPOR-LACJCOLLINS20-2,2026-04-10,reb,1.5,5.253,-3.753,0.9585,0.9354715935612645,1.0,1.0
KXNBAREB-26APR10LACPOR-LACJCOLLINS20-4,2026-04-10,reb,3.5,5.253,-1.7530000000000001,0.74825,0.708291914679819,0.0,1.0
KXNBAREB-26APR10LACPOR-LACJCOLLINS20-6,2026-04-10,reb,5.5,5.253,0.2469999999999999,0.42375,0.4176301328838591,0.0,1.0
KXNBAREB-26APR10LACPOR-LACJCOLLINS20-8,2026-04-10,reb,7.5,5.253,2.247,0.1765,0.1979496316269267,0.0,1.0
KXNBAREB-26APR10LACPOR-LACKLEONARD2-10,2026-04-10,reb,9.5,5.648,3.8520000000000003,0.07375,0.1043709858124563,0.0,1.0
KXNBAREB-26APR10LACPOR-LACKLEONARD2-12,2026-04-10,reb,11.5,5.648,5.852,0.01575,0.03930501602381331,0.0,1.0
KXNBAREB-26APR10LACPOR-LACKLEONARD2-6,2026-04-10,reb,5.5,5.648,-0.1479999999999997,0.4945,0.4719087085211161,1.0,1.0
KXNBAREB-26APR10LACPOR-LACKLEONARD2-7,2026-04-10,reb,6.5,5.648,0.8520000000000003,0.35,0.345700507471428,1.0,1.0
KXNBAREB-26APR10LACPOR-LACKLEONARD2-8,2026-04-10,reb,7.5,5.648,1.8520000000000003,0.2195,0.24160731057943596,1.0,1.0
KXNBAREB-26APR10LACPOR-PORDAVDIJA8-10,2026-04-10,reb,9.5,6.60975,2.89025,0.156,0.18043748371666013,0.0,1.0
KXNBAREB-26APR10LACPOR-PORDAVDIJA8-12,2026-04-10,reb,11.5,6.60975,4.89025,0.05475,0.08116506174084392,0.0,1.0
KXNBAREB-26APR10LACPOR-PORDAVDIJA8-6,2026-04-10,reb,5.5,6.60975,-1.10975,0.62425,0.591261392796542,0.0,1.0
KXNBAREB-26APR10LACPOR-PORDAVDIJA8-7,2026-04-10,reb,6.5,6.60975,-0.10975000000000001,0.48525,0.4664302763008168,0.0,1.0
KXNBAREB-26APR10LACPOR-PORDAVDIJA8-8,2026-04-10,reb,7.5,6.60975,0.89025,0.3495,0.35283308944832126,0.0,1.0
KXNBAREB-26APR10LACPOR-PORDCLINGAN23-10,2026-04-10,reb,9.5,10.27025,-0.7702500000000008,0.56175,0.524201619566933,1.0,1.0
KXNBAREB-26APR10LACPOR-PORDCLINGAN23-12,2026-04-10,reb,11.5,10.27025,1.2297499999999992,0.34875,0.3543661707969866,1.0,1.0
KXNBAREB-26APR10LACPOR-PORDCLINGAN23-13,2026-04-10,reb,12.5,10.27025,2.2297499999999992,0.258,0.2821802674407883,1.0,1.0
KXNBAREB-26APR10LACPOR-PORDCLINGAN23-14,2026-04-10,reb,13.5,10.27025,3.2297499999999992,0.18375,0.22033405033427444,0.0,1.0
KXNBAREB-26APR10LACPOR-PORDCLINGAN23-16,2026-04-10,reb,15.5,10.27025,5.229749999999999,0.08175,0.12729660274552168,0.0,1.0
KXNBAREB-26APR10LACPOR-PORJHOLIDAY5-2,2026-04-10,reb,1.5,4.7165,-3.2165,0.93825,0.9124830238081764,1.0,1.0
KXNBAREB-26APR10LACPOR-PORJHOLIDAY5-4,2026-04-10,reb,3.5,4.7165,-1.2165,0.6775,0.6420514088480288,0.0,1.0
KXNBAREB-26APR10LACPOR-PORJHOLIDAY5-5,2026-04-10,reb,4.5,4.7165,-0.21649999999999991,0.51025,0.4833084675012177,0.0,1.0
KXNBAREB-26APR10LACPOR-PORJHOLIDAY5-6,2026-04-10,reb,5.5,4.7165,0.7835000000000001,0.3385,0.34075700936002207,0.0,1.0
KXNBAREB-26APR10LACPOR-PORJHOLIDAY5-8,2026-04-10,reb,7.5,4.7165,2.7835,0.1185,0.143015004935388,0.0,1.0
KXNBAAST-26APR10LACPOR-LACBMATHURIN9-10,2026-04-10,ast,9.5,2.114,7.386,0.0,0.0004681719768291348,0.0,1.0
KXNBAAST-26APR10LACPOR-LACBMATHURIN9-2,2026-04-10,ast,1.5,2.114,-0.6139999999999999,0.60425,0.5984051181550647,0.0,1.0
KXNBAAST-26APR10LACPOR-LACBMATHURIN9-4,2026-04-10,ast,3.5,2.114,1.3860000000000001,0.173,0.17789395217693416,0.0,1.0
KXNBAAST-26APR10LACPOR-LACBMATHURIN9-6,2026-04-10,ast,5.5,2.114,3.386,0.0255,0.032857730389412754,0.0,1.0
KXNBAAST-26APR10LACPOR-LACBMATHURIN9-8,2026-04-10,ast,7.5,2.114,5.386,0.0035,0.004399117810865105,0.0,1.0
KXNBAAST-26APR10LACPOR-LACDGARLAND10-10,2026-04-10,ast,9.5,5.449628406275805,4.050371593724195,0.06523534269199009,0.08932520276115385,0.0,0.6055
KXNBAAST-26APR10LACPOR-LACDGARLAND10-12,2026-04-10,ast,11.5,5.449628406275805,6.050371593724195,0.01610239471511148,0.031672642094362935,0.0,0.6055
KXNBAAST-26APR10LACPOR-LACDGARLAND10-6,2026-04-10,ast,5.5,5.449628406275805,0.05037159372419531,0.4558216350123865,0.4457379253295174,1.0,0.6055
KXNBAAST-26APR10LACPOR-LACDGARLAND10-7,2026-04-10,ast,6.5,5.449628406275805,1.0503715937241953,0.31090008257638313,0.31965645125154696,1.0,0.6055
KXNBAAST-26APR10LACPOR-LACDGARLAND10-8,2026-04-10,ast,7.5,5.449628406275805,2.0503715937241953,0.18868703550784477,0.21816545423424716,0.0,0.6055
KXNBAAST-26APR10LACPOR-PORDAVDIJA8-10,2026-04-10,ast,9.5,5.05125,4.44875,0.039,0.06549705893024482,0.0,1.0
KXNBAAST-26APR10LACPOR-PORDAVDIJA8-12,2026-04-10,ast,11.5,5.05125,6.44875,0.00775,0.02113165650156923,0.0,1.0
KXNBAAST-26APR10LACPOR-PORDAVDIJA8-6,2026-04-10,ast,5.5,5.05125,0.4487500000000004,0.38775,0.3893005010033552,0.0,1.0
KXNBAAST-26APR10LACPOR-PORDAVDIJA8-7,2026-04-10,ast,6.5,5.05125,1.4487500000000004,0.25325,0.2679700834065306,0.0,1.0
KXNBAAST-26APR10LACPOR-PORDAVDIJA8-8,2026-04-10,ast,7.5,5.05125,2.4487500000000004,0.1445,0.17516116774213975,0.0,1.0
KXNBAAST-26APR10LACPOR-PORDCLINGAN23-10,2026-04-10,ast,9.5,1.73375,7.76625,0.0,0.0001125876122227698,0.0,1.0
KXNBAAST-26APR10LACPOR-PORDCLINGAN23-2,2026-04-10,ast,1.5,1.73375,-0.2337499999999999,0.51225,0.5003746048069817,1.0,1.0
KXNBAAST-26APR10LACPOR-PORDCLINGAN23-4,2026-04-10,ast,3.5,1.73375,1.76625,0.106,0.11213324444291617,0.0,1.0
KXNBAAST-26APR10LACPOR-PORDCLINGAN23-6,2026-04-10,ast,5.5,1.73375,3.7662500000000003,0.01125,0.01515710232705414,0.0,1.0
KXNBAAST-26APR10LACPOR-PORDCLINGAN23-8,2026-04-10,ast,7.5,1.73375,5.76625,0.00075,0.0014688961491817754,0.0,1.0
KXNBAAST-26APR10LACPOR-PORJHOLIDAY5-10,2026-04-10,ast,9.5,4.78525,4.71475,0.03325,0.05183775878720687,0.0,1.0
KXNBAAST-26APR10LACPOR-PORJHOLIDAY5-2,2026-04-10,ast,1.5,4.78525,-3.2852499999999996,0.94375,0.9176751966714507,1.0,1.0
KXNBAAST-26APR10LACPOR-PORJHOLIDAY5-4,2026-04-10,ast,3.5,4.78525,-1.2852499999999996,0.69675,0.6534344358892815,1.0,1.0
KXNBAAST-26APR10LACPOR-PORJHOLIDAY5-6,2026-04-10,ast,5.5,4.78525,0.7147500000000004,0.346,0.3506659059311361,0.0,1.0
KXNBAAST-26APR10LACPOR-PORJHOLIDAY5-8,2026-04-10,ast,7.5,4.78525,2.7147500000000004,0.1195,0.1482164385274567,0.0,1.0
KXNBA3PT-26APR10LACPOR-LACBMATHURIN9-1,2026-04-10,fg3m,0.5,0.7515,-0.25149999999999995,0.51925,0.5116731373309145,0.0,1.0
KXNBA3PT-26APR10LACPOR-LACBMATHURIN9-2,2026-04-10,fg3m,1.5,0.7515,0.7485,0.1725,0.17758528025656672,0.0,1.0
KXNBA3PT-26APR10LACPOR-LACBMATHURIN9-3,2026-04-10,fg3m,2.5,0.7515,1.7485,0.04775,0.048331463701622,0.0,1.0
KXNBA3PT-26APR10LACPOR-LACBMATHURIN9-4,2026-04-10,fg3m,3.5,0.7515,2.7485,0.01,0.011132439187154453,0.0,1.0
KXNBA3PT-26APR10LACPOR-LACBMATHURIN9-5,2026-04-10,fg3m,4.5,0.7515,3.7485,0.00175,0.0022696023937344156,0.0,1.0
KXNBA3PT-26APR10LACPOR-LACDGARLAND10-1,2026-04-10,fg3m,0.5,2.697770437654831,-2.197770437654831,0.9227910817506193,0.9007507213115369,1.0,0.6055
KXNBA3PT-26APR10LACPOR-LACDGARLAND10-2,2026-04-10,fg3m,1.5,2.697770437654831,-1.1977704376548308,0.7349298100743188,0.702915490264848,1.0,0.6055
KXNBA3PT-26APR10LACPOR-LACDGARLAND10-3,2026-04-10,fg3m,2.5,2.697770437654831,-0.19777043765483082,0.4966969446738233,0.47991155899943005,0.0,0.6055
KXNBA3PT-26APR10LACPOR-LACDGARLAND10-4,2026-04-10,fg3m,3.5,2.697770437654831,0.8022295623451692,0.2947976878612717,0.29291789355517683,0.0,0.6055
KXNBA3PT-26APR10LACPOR-LACDGARLAND10-5,2026-04-10,fg3m,4.5,2.697770437654831,1.8022295623451692,0.14616019818331957,0.1631120346453383,0.0,0.6055
KXNBA3PT-26APR10LACPOR-LACKLEONARD2-1,2026-04-10,fg3m,0.5,2.183,-1.6829999999999998,0.882,0.853388147450597,1.0,1.0
KXNBA3PT-26APR10LACPOR-LACKLEONARD2-2,2026-04-10,fg3m,1.5,2.183,-0.6829999999999998,0.646,0.60450759232592,0.0,1.0
KXNBA3PT-26APR10LACPOR-LACKLEONARD2-3,2026-04-10,fg3m,2.5,2.183,0.31700000000000017,0.37125,0.3655914677930404,0.0,1.0
KXNBA3PT-26APR10LACPOR-LACKLEONARD2-4,2026-04-10,fg3m,3.5,2.183,1.3170000000000002,0.17975,0.19498108908437473,0.0,1.0
KXNBA3PT-26APR10LACPOR-LACKLEONARD2-5,2026-04-10,fg3m,4.5,2.183,2.317,0.07175,0.09412120668163837,0.0,1.0
KXNBA3PT-26APR10LACPOR-PORDAVDIJA8-1,2026-04-10,fg3m,0.5,1.48,-0.98,0.771,0.7414682316889682,1.0,1.0
KXNBA3PT-26APR10LACPOR-PORDAVDIJA8-2,2026-04-10,fg3m,1.5,1.48,0.020000000000000018,0.432,0.42097788332872477,0.0,1.0
KXNBA3PT-26APR10LACPOR-PORDAVDIJA8-3,2026-04-10,fg3m,2.5,1.48,1.02,0.18375,0.19630606358417602,0.0,1.0
KXNBA3PT-26APR10LACPOR-PORDAVDIJA8-4,2026-04-10,fg3m,3.5,1.48,2.02,0.0655,0.0791438032659757,0.0,1.0
KXNBA3PT-26APR10LACPOR-PORDAVDIJA8-5,2026-04-10,fg3m,4.5,1.48,3.02,0.02125,0.028563677465557213,0.0,1.0
KXNBAPTS-26APR10GSWSAC-GSWDGREEN23-10,2026-04-10,pts,9.5,8.69075,0.8092500000000005,0.40525,0.37756154915504736,0.0,1.0
KXNBAPTS-26APR10GSWSAC-GSWDGREEN23-15,2026-04-10,pts,14.5,8.69075,5.8092500000000005,0.1385,0.10876146034737877,0.0,1.0
KXNBAPTS-26APR10GSWSAC-GSWDGREEN23-20,2026-04-10,pts,19.5,8.69075,10.80925,0.0335,0.02316610496356808,0.0,1.0
KXNBAPTS-26APR10GSWSAC-GSWDGREEN23-25,2026-04-10,pts,24.5,8.69075,15.80925,0.00475,0.004030175121909396,0.0,1.0
KXNBAPTS-26APR10GSWSAC-SACPACHIUWA9-10,2026-04-10,pts,9.5,12.7625,-3.2624999999999993,0.681,0.6645518535411968,0.0,1.0
KXNBAPTS-26APR10GSWSAC-SACPACHIUWA9-15,2026-04-10,pts,14.5,12.7625,1.7375000000000007,0.34975,0.3430243022568247,0.0,1.0
KXNBAPTS-26APR10GSWSAC-SACPACHIUWA9-20,2026-04-10,pts,19.5,12.7625,6.737500000000001,0.143,0.13910384346691673,0.0,1.0
KXNBAPTS-26APR10GSWSAC-SACPACHIUWA9-25,2026-04-10,pts,24.5,12.7625,11.7375,0.045,0.04736009919561468,0.0,1.0
KXNBAREB-26APR10GSWSAC-GSWDGREEN23-10,2026-04-10,reb,9.5,5.15275,4.34725,0.05625,0.07273633148670233,0.0,1.0
KXNBAREB-26APR10GSWSAC-GSWDGREEN23-12,2026-04-10,reb,11.5,5.15275,6.34725,0.01275,0.02452176976373599,0.0,1.0
KXNBAREB-26APR10GSWSAC-GSWDGREEN23-6,2026-04-10,reb,5.5,5.15275,0.34724999999999984,0.4085,0.4034856271816326,0.0,1.0
KXNBAREB-26APR10GSWSAC-GSWDGREEN23-7,2026-04-10,reb,6.5,5.15275,1.3472499999999998,0.28,0.2817768451889805,0.0,1.0
KXNBAREB-26APR10GSWSAC-GSWDGREEN23-8,2026-04-10,reb,7.5,5.15275,2.34725,0.173,0.18724334295395495,0.0,1.0
KXNBAREB-26APR10GSWSAC-SACPACHIUWA9-10,2026-04-10,reb,9.5,7.573,1.9269999999999996,0.25375,0.2695090653568597,0.0,1.0
KXNBAREB-26APR10GSWSAC-SACPACHIUWA9-12,2026-04-10,reb,11.5,7.573,3.9269999999999996,0.104,0.13954706982162057,0.0,1.0
KXNBAREB-26APR10GSWSAC-SACPACHIUWA9-4,2026-04-10,reb,3.5,7.573,-4.073,0.913,0.8831744441813758,1.0,1.0
KXNBAREB-26APR10GSWSAC-SACPACHIUWA9-6,2026-04-10,reb,5.5,7.573,-2.0730000000000004,0.7385,0.6894682686708994,1.0,1.0
KXNBAREB-26APR10GSWSAC-SACPACHIUWA9-8,2026-04-10,reb,7.5,7.573,-0.0730000000000004,0.4935,0.46206848154263536,0.0,1.0
KXNBAAST-26APR10GSWSAC-GSWDGREEN23-10,2026-04-10,ast,9.5,4.95375,4.54625,0.042,0.060277323808204164,0.0,1.0
KXNBAAST-26APR10GSWSAC-GSWDGREEN23-12,2026-04-10,ast,11.5,4.95375,6.54625,0.008,0.018971845452079417,0.0,1.0
KXNBAAST-26APR10GSWSAC-GSWDGREEN23-4,2026-04-10,ast,3.5,4.95375,-1.4537500000000003,0.7115,0.6751737819227375,1.0,1.0
KXNBAAST-26APR10GSWSAC-GSWDGREEN23-6,2026-04-10,ast,5.5,4.95375,0.5462499999999997,0.38175,0.37520360989630874,1.0,1.0
KXNBAAST-26APR10GSWSAC-GSWDGREEN23-8,2026-04-10,ast,7.5,4.95375,2.5462499999999997,0.13775,0.1650977813880512,0.0,1.0
KXNBAPTS-26APR10DALSAS-DALCFLAGG32-20,2026-04-10,pts,19.5,19.4035,0.09649999999999892,0.45825,0.4417862736156022,1.0,1.0
KXNBAPTS-26APR10DALSAS-DALCFLAGG32-25,2026-04-10,pts,24.5,19.4035,5.096499999999999,0.2295,0.2532859683919113,1.0,1.0
KXNBAPTS-26APR10DALSAS-DALCFLAGG32-30,2026-04-10,pts,29.5,19.4035,10.096499999999999,0.09725,0.1307597710075764,1.0,1.0
KXNBAPTS-26APR10DALSAS-DALCFLAGG32-35,2026-04-10,pts,34.5,19.4035,15.096499999999999,0.034,0.06208243728869045,0.0,1.0
KXNBAPTS-26APR10DALSAS-DALMCHRISTIE00-10,2026-04-10,pts,9.5,9.776,-0.2759999999999998,0.4725,0.46659281757266535,1.0,1.0
KXNBAPTS-26APR10DALSAS-DALMCHRISTIE00-15,2026-04-10,pts,14.5,9.776,4.724,0.1865,0.16453766756078347,1.0,1.0
KXNBAPTS-26APR10DALSAS-DALMCHRISTIE00-20,2026-04-10,pts,19.5,9.776,9.724,0.0485,0.04361468063766172,0.0,1.0
KXNBAPTS-26APR10DALSAS-SASDFOX4-10,2026-04-10,pts,9.5,16.5915,-7.0915,0.84875,0.8191678744196459,1.0,1.0
KXNBAPTS-26APR10DALSAS-SASDFOX4-15,2026-04-10,pts,14.5,16.5915,-2.0915,0.593,0.5559814942718654,1.0,1.0
KXNBAPTS-26APR10DALSAS-SASDFOX4-20,2026-04-10,pts,19.5,16.5915,2.9085,0.31225,0.312140905937374,0.0,1.0
KXNBAPTS-26APR10DALSAS-SASDFOX4-25,2026-04-10,pts,24.5,16.5915,7.9085,0.1295,0.15097417943490943,0.0,1.0
KXNBAPTS-26APR10DALSAS-SASDHARPER2-10,2026-04-10,pts,9.5,13.72575,-4.22575,0.73125,0.7127776307728528,1.0,1.0
KXNBAPTS-26APR10DALSAS-SASDHARPER2-15,2026-04-10,pts,14.5,13.72575,0.7742500000000003,0.4165,0.40083850065960425,0.0,1.0
KXNBAPTS-26APR10DALSAS-SASDHARPER2-20,2026-04-10,pts,19.5,13.72575,5.77425,0.17575,0.17952146324213203,0.0,1.0
KXNBAPTS-26APR10DALSAS-SASDHARPER2-25,2026-04-10,pts,24.5,13.72575,10.77425,0.05825,0.06794736557500847,0.0,1.0
KXNBAPTS-26APR10DALSAS-SASDVASSELL24-10,2026-04-10,pts,9.5,13.3525,-3.852499999999999,0.712,0.694934033818319,0.0,1.0
KXNBAPTS-26APR10DALSAS-SASDVASSELL24-15,2026-04-10,pts,14.5,13.3525,1.1475000000000009,0.3985,0.3786597903443474,0.0,1.0
KXNBAPTS-26APR10DALSAS-SASDVASSELL24-20,2026-04-10,pts,19.5,13.3525,6.147500000000001,0.162,0.16346126237747782,0.0,1.0
KXNBAREB-26APR10DALSAS-DALCFLAGG32-10,2026-04-10,reb,9.5,5.623,3.877,0.073,0.10263712310268003,0.0,1.0
KXNBAREB-26APR10DALSAS-DALCFLAGG32-12,2026-04-10,reb,11.5,5.623,5.877,0.01875,0.03845022543865151,0.0,1.0
KXNBAREB-26APR10DALSAS-DALCFLAGG32-4,2026-04-10,reb,3.5,5.623,-2.123,0.78775,0.7473483491576902,1.0,1.0
KXNBAREB-26APR10DALSAS-DALCFLAGG32-6,2026-04-10,reb,5.5,5.623,-0.12300000000000022,0.4915,0.46855115030412553,1.0,1.0
KXNBAREB-26APR10DALSAS-DALCFLAGG32-8,2026-04-10,reb,7.5,5.623,1.8769999999999998,0.229,0.23878628554324088,0.0,1.0
KXNBAREB-26APR10DALSAS-DALMCHRISTIE00-2,2026-04-10,reb,1.5,2.7055,-1.2054999999999998,0.73775,0.7152293787056729,0.0,1.0
KXNBAREB-26APR10DALSAS-DALMCHRISTIE00-3,2026-04-10,reb,2.5,2.7055,-0.2054999999999998,0.49225,0.4874240094252692,0.0,1.0
KXNBAREB-26APR10DALSAS-DALMCHRISTIE00-4,2026-04-10,reb,3.5,2.7055,0.7945000000000002,0.2875,0.2932088277471012,0.0,1.0
KXNBAREB-26APR10DALSAS-DALMCHRISTIE00-6,2026-04-10,reb,5.5,2.7055,2.7945,0.071,0.07885806504618575,0.0,1.0
KXNBAREB-26APR10DALSAS-DALMCHRISTIE00-8,2026-04-10,reb,7.5,2.7055,4.7945,0.01025,0.01576883218141878,0.0,1.0
KXNBAREB-26APR10DALSAS-SASDFOX4-10,2026-04-10,reb,9.5,3.52825,5.97175,0.007,0.011956021475012069,0.0,1.0
KXNBAREB-26APR10DALSAS-SASDFOX4-2,2026-04-10,reb,1.5,3.52825,-2.02825,0.852,0.8250585401188318,0.0,1.0
KXNBAREB-26APR10DALSAS-SASDFOX4-4,2026-04-10,reb,3.5,3.52825,-0.028249999999999886,0.4615,0.4522706502858044,0.0,1.0
KXNBAREB-26APR10DALSAS-SASDFOX4-6,2026-04-10,reb,5.5,3.52825,1.9717500000000001,0.15925,0.1727542583439795,0.0,1.0
KXNBAREB-26APR10DALSAS-SASDFOX4-8,2026-04-10,reb,7.5,3.52825,3.97175,0.03625,0.050302252010384074,0.0,1.0
KXNBAAST-26APR10DALSAS-DALMCHRISTIE00-10,2026-04-10,ast,9.5,1.651,7.849,0.0,7.814416763030074e-05,0.0,1.0
KXNBAAST-26APR10DALSAS-DALMCHRISTIE00-2,2026-04-10,ast,1.5,1.651,-0.15100000000000002,0.4815,0.4766426410122738,1.0,1.0
KXNBAAST-26APR10DALSAS-DALMCHRISTIE00-4,2026-04-10,ast,3.5,1.651,1.849,0.095,0.09930683017208608,0.0,1.0
KXNBAAST-26APR10DALSAS-DALMCHRISTIE00-6,2026-04-10,ast,5.5,1.651,3.849,0.009,0.012399745864786427,0.0,1.0
KXNBAAST-26APR10DALSAS-DALMCHRISTIE00-8,2026-04-10,ast,7.5,1.651,5.849,0.00125,0.0011074512917609303,0.0,1.0
KXNBAAST-26APR10DALSAS-SASDFOX4-10,2026-04-10,ast,9.5,5.278,4.222,0.0575,0.0785748842539622,1.0,1.0
KXNBAAST-26APR10DALSAS-SASDFOX4-2,2026-04-10,ast,1.5,5.278,-3.7779999999999996,0.95875,0.938029311184172,1.0,1.0
KXNBAAST-26APR10DALSAS-SASDFOX4-4,2026-04-10,ast,3.5,5.278,-1.7779999999999996,0.74975,0.7136926663543158,1.0,1.0
KXNBAAST-26APR10DALSAS-SASDFOX4-6,2026-04-10,ast,5.5,5.278,0.22200000000000042,0.429,0.42168633096728037,1.0,1.0
KXNBAAST-26APR10DALSAS-SASDFOX4-8,2026-04-10,ast,7.5,5.278,2.2220000000000004,0.18325,0.19930202425090682,1.0,1.0
KXNBA3PT-26APR10DALSAS-DALCFLAGG32-1,2026-04-10,fg3m,0.5,0.9905,-0.49050000000000005,0.62125,0.6059616965334733,1.0,1.0
KXNBA3PT-26APR10DALSAS-DALCFLAGG32-2,2026-04-10,fg3m,1.5,0.9905,0.5095,0.26475,0.2604931950890502,1.0,1.0
KXNBA3PT-26APR10DALSAS-DALCFLAGG32-3,2026-04-10,fg3m,2.5,0.9905,1.5095,0.08,0.08921144925117941,1.0,1.0
KXNBA3PT-26APR10DALSAS-DALCFLAGG32-4,2026-04-10,fg3m,3.5,0.9905,2.5095,0.0205,0.026040239080322936,0.0,1.0
KXNBA3PT-26APR10DALSAS-DALCFLAGG32-5,2026-04-10,fg3m,4.5,0.9905,3.5095,0.00325,0.006752543743100192,0.0,1.0
KXNBA3PT-26APR10DALSAS-SASDFOX4-1,2026-04-10,fg3m,0.5,1.58625,-1.08625,0.78275,0.7633605171192436,1.0,1.0
KXNBA3PT-26APR10DALSAS-SASDFOX4-2,2026-04-10,fg3m,1.5,1.58625,-0.08624999999999994,0.468,0.45257249906607067,1.0,1.0
KXNBA3PT-26APR10DALSAS-SASDFOX4-3,2026-04-10,fg3m,2.5,1.58625,0.9137500000000001,0.217,0.22175223397502286,0.0,1.0
KXNBA3PT-26APR10DALSAS-SASDFOX4-4,2026-04-10,fg3m,3.5,1.58625,1.91375,0.0825,0.09422906544995446,0.0,1.0
KXNBA3PT-26APR10DALSAS-SASDFOX4-5,2026-04-10,fg3m,4.5,1.58625,2.9137500000000003,0.02675,0.03590372542134135,0.0,1.0
KXNBAPTS-26APR10MEMUTA-UTAABAILEY19-20,2026-04-10,pts,19.5,17.13486982501067,2.3651301749893285,0.3525394793000427,0.33782950038711257,1.0,0.58575
KXNBAPTS-26APR10MEMUTA-UTAABAILEY19-25,2026-04-10,pts,24.5,17.13486982501067,7.3651301749893285,0.15578318395219803,0.16961791491095501,0.0,0.58575
KXNBAPTS-26APR10MEMUTA-UTAABAILEY19-30,2026-04-10,pts,29.5,17.13486982501067,12.365130174989329,0.051643192488262914,0.07605572051541176,0.0,0.58575
KXNBAPTS-26APR10MEMUTA-UTAABAILEY19-35,2026-04-10,pts,34.5,17.13486982501067,17.36513017498933,0.011523687580025609,0.03120849629039657,0.0,0.58575
KXNBAREB-26APR10MEMUTA-UTAABAILEY19-10,2026-04-10,reb,9.5,4.862142552283397,4.637857447716603,0.03158344003414426,0.05697975894781282,1.0,0.58575
KXNBAREB-26APR10MEMUTA-UTAABAILEY19-12,2026-04-10,reb,11.5,4.862142552283397,6.637857447716603,0.004268032437046522,0.01786598338964862,0.0,0.58575
KXNBAREB-26APR10MEMUTA-UTAABAILEY19-6,2026-04-10,reb,5.5,4.862142552283397,0.6378574477166028,0.37174562526675203,0.3618620746216463,1.0,0.58575
KXNBAREB-26APR10MEMUTA-UTAABAILEY19-7,2026-04-10,reb,6.5,4.862142552283397,1.6378574477166028,0.2347417840375587,0.24477685509181013,1.0,0.58575
KXNBAREB-26APR10MEMUTA-UTAABAILEY19-8,2026-04-10,reb,7.5,4.862142552283397,2.637857447716603,0.13188220230473752,0.1573083469652683,1.0,0.58575
KXNBAAST-26APR10MEMUTA-UTAABAILEY19-10,2026-04-10,ast,9.5,2.219803670507896,7.280196329492104,0.0004268032437046522,0.0006553830108227965,0.0,0.58575
KXNBAAST-26APR10MEMUTA-UTAABAILEY19-2,2026-04-10,ast,1.5,2.219803670507896,-0.7198036705078961,0.6555697823303457,0.6225150036579622,1.0,0.58575
KXNBAAST-26APR10MEMUTA-UTAABAILEY19-4,2026-04-10,ast,3.5,2.219803670507896,1.280196329492104,0.18053777208706787,0.19771316374328063,0.0,0.58575
KXNBAAST-26APR10MEMUTA-UTAABAILEY19-6,2026-04-10,ast,5.5,2.219803670507896,3.280196329492104,0.02774221084080239,0.039337721544106086,0.0,0.58575
KXNBAAST-26APR10MEMUTA-UTAABAILEY19-8,2026-04-10,ast,7.5,2.219803670507896,5.280196329492104,0.0034144259496372174,0.005690946023770849,0.0,0.58575
KXNBAPTS-26APR10MIAWAS-MIAAWIGGINS22-10,2026-04-10,pts,9.5,12.2885,-2.788500000000001,0.652,0.6381258520544242,1.0,1.0
KXNBAPTS-26APR10MIAWAS-MIAAWIGGINS22-15,2026-04-10,pts,14.5,12.2885,2.211499999999999,0.32525,0.3140609315791637,0.0,1.0
KXNBAPTS-26APR10MIAWAS-MIAAWIGGINS22-20,2026-04-10,pts,19.5,12.2885,7.211499999999999,0.11925,0.12060681593663536,0.0,1.0
KXNBAPTS-26APR10MIAWAS-MIAAWIGGINS22-25,2026-04-10,pts,24.5,12.2885,12.2115,0.03425,0.038760038607454694,0.0,1.0
KXNBAPTS-26APR10MIAWAS-MIABADEBAYO13-15,2026-04-10,pts,14.5,17.9075,-3.407499999999999,0.65375,0.6162312200408642,1.0,1.0
KXNBAPTS-26APR10MIAWAS-MIABADEBAYO13-20,2026-04-10,pts,19.5,17.9075,1.5925000000000011,0.3935,0.37399799431768965,1.0,1.0
KXNBAPTS-26APR10MIAWAS-MIABADEBAYO13-25,2026-04-10,pts,24.5,17.9075,6.592500000000001,0.17275,0.1972333316822017,0.0,1.0
KXNBAPTS-26APR10MIAWAS-MIABADEBAYO13-30,2026-04-10,pts,29.5,17.9075,11.592500000000001,0.05875,0.09315386297903805,0.0,1.0
KXNBAPTS-26APR10MIAWAS-MIABADEBAYO13-35,2026-04-10,pts,34.5,17.9075,16.5925,0.01825,0.04033044319297563,0.0,1.0
KXNBAREB-26APR10MIAWAS-MIAAWIGGINS22-10,2026-04-10,reb,9.5,4.176,5.324,0.0175,0.028391667528483988,0.0,1.0
KXNBAREB-26APR10MIAWAS-MIAAWIGGINS22-2,2026-04-10,reb,1.5,4.176,-2.676,0.90475,0.880387886086746,1.0,1.0
KXNBAREB-26APR10MIAWAS-MIAAWIGGINS22-4,2026-04-10,reb,3.5,4.176,-0.6760000000000002,0.576,0.5630175442627252,0.0,1.0
KXNBAREB-26APR10MIAWAS-MIAAWIGGINS22-6,2026-04-10,reb,5.5,4.176,1.3239999999999998,0.25925,0.26232231538234707,0.0,1.0
KXNBAREB-26APR10MIAWAS-MIAAWIGGINS22-8,2026-04-10,reb,7.5,4.176,3.324,0.08075,0.09505218720632458,0.0,1.0
KXNBAREB-26APR10MIAWAS-MIABADEBAYO13-10,2026-04-10,reb,9.5,9.04,0.46000000000000085,0.4155,0.41198859974265767,1.0,1.0
KXNBAREB-26APR10MIAWAS-MIABADEBAYO13-12,2026-04-10,reb,11.5,9.04,2.460000000000001,0.214,0.2512159143822439,0.0,1.0
KXNBAREB-26APR10MIAWAS-MIABADEBAYO13-14,2026-04-10,reb,13.5,9.04,4.460000000000001,0.09725,0.13981021609491107,0.0,1.0
KXNBAREB-26APR10MIAWAS-MIABADEBAYO13-16,2026-04-10,reb,15.5,9.04,6.460000000000001,0.036,0.07192791190976888,0.0,1.0
KXNBAREB-26APR10MIAWAS-MIABADEBAYO13-8,2026-04-10,reb,7.5,9.04,-1.5399999999999991,0.65575,0.6083476281216345,1.0,1.0
KXNBAAST-26APR10MIAWAS-MIABADEBAYO13-10,2026-04-10,ast,9.5,3.03475,6.46525,0.002,0.0048463938118423755,0.0,1.0
KXNBAAST-26APR10MIAWAS-MIABADEBAYO13-2,2026-04-10,ast,1.5,3.03475,-1.5347499999999998,0.79125,0.7675747567969387,1.0,1.0
KXNBAAST-26APR10MIAWAS-MIABADEBAYO13-4,2026-04-10,ast,3.5,3.03475,0.46525000000000016,0.36075,0.3585001799625932,1.0,1.0
KXNBAAST-26APR10MIAWAS-MIABADEBAYO13-6,2026-04-10,ast,5.5,3.03475,2.46525,0.095,0.11167103666886191,1.0,1.0
KXNBAAST-26APR10MIAWAS-MIABADEBAYO13-8,2026-04-10,ast,7.5,3.03475,4.46525,0.02025,0.025924246961793518,1.0,1.0
KXNBAAST-26APR10MIAWAS-WASBCARRINGTON7-10,2026-04-10,ast,9.5,4.63275,4.86725,0.02975,0.0448380782790847,0.0,1.0
KXNBAAST-26APR10MIAWAS-WASBCARRINGTON7-2,2026-04-10,ast,1.5,4.63275,-3.1327499999999997,0.92475,0.9100302798481497,1.0,1.0
KXNBAAST-26APR10MIAWAS-WASBCARRINGTON7-4,2026-04-10,ast,3.5,4.63275,-1.1327499999999997,0.65725,0.6327137351359761,1.0,1.0
KXNBAAST-26APR10MIAWAS-WASBCARRINGTON7-6,2026-04-10,ast,5.5,4.63275,0.8672500000000003,0.3275,0.32833700701353674,0.0,1.0
KXNBAAST-26APR10MIAWAS-WASBCARRINGTON7-8,2026-04-10,ast,7.5,4.63275,2.8672500000000003,0.1155,0.13355059305899963,0.0,1.0
KXNBAPTS-26APR09INDBKN-INDJWALKER5-10,2026-04-09,pts,9.5,11.2595,-1.7594999999999992,0.55125,0.5742904633322068,1.0,1.0
KXNBAPTS-26APR09INDBKN-INDJWALKER5-15,2026-04-09,pts,14.5,11.2595,3.240500000000001,0.29225,0.2511363913681277,0.0,1.0
KXNBAPTS-26APR09INDBKN-INDJWALKER5-20,2026-04-09,pts,19.5,11.2595,8.2405,0.1145,0.08440786990023907,0.0,1.0
KXNBAPTS-26APR09INDBKN-INDJWALKER5-25,2026-04-09,pts,24.5,11.2595,13.2405,0.03975,0.02357562983771444,0.0,1.0
KXNBAPTS-26APR09INDBKN-INDJWALKER5-30,2026-04-09,pts,29.5,11.2595,18.2405,0.012,0.0057568161808295715,0.0,1.0
KXNBAREB-26APR09INDBKN-INDJWALKER5-10,2026-04-09,reb,9.5,5.25225,4.24775,0.076,0.0786194505351907,0.0,1.0
KXNBAREB-26APR09INDBKN-INDJWALKER5-2,2026-04-09,reb,1.5,5.25225,-3.75225,0.92475,0.9354443590977939,1.0,1.0
KXNBAREB-26APR09INDBKN-INDJWALKER5-4,2026-04-09,reb,3.5,5.25225,-1.75225,0.709,0.7082074452155858,1.0,1.0
KXNBAREB-26APR09INDBKN-INDJWALKER5-6,2026-04-09,reb,5.5,5.25225,0.24774999999999991,0.43075,0.4175248004888942,1.0,1.0
KXNBAREB-26APR09INDBKN-INDJWALKER5-8,2026-04-09,reb,7.5,5.25225,2.24775,0.20775,0.197868891867778,1.0,1.0
KXNBAPTS-26APR09LALGSW-GSWDGREEN23-10,2026-04-09,pts,9.5,7.95975,1.5402500000000003,0.338,0.31445376910844347,0.0,1.0
KXNBAPTS-26APR09LALGSW-GSWDGREEN23-15,2026-04-09,pts,14.5,7.95975,6.54025,0.1025,0.07682812778597736,0.0,1.0
KXNBAPTS-26APR09LALGSW-GSWDGREEN23-20,2026-04-09,pts,19.5,7.95975,11.54025,0.01975,0.013726193442117118,0.0,1.0
KXNBAPTS-26APR09LALGSW-GSWDGREEN23-25,2026-04-09,pts,24.5,7.95975,16.54025,0.00225,0.001993338323009297,0.0,1.0
KXNBAPTS-26APR09LALGSW-LALDAYTON5-10,2026-04-09,pts,9.5,10.37675,-0.8767499999999995,0.525,0.5123660645758834,1.0,1.0
KXNBAPTS-26APR09LALGSW-LALDAYTON5-15,2026-04-09,pts,14.5,10.37675,4.1232500000000005,0.209,0.1985863903680697,1.0,1.0
KXNBAPTS-26APR09LALGSW-LALDAYTON5-20,2026-04-09,pts,19.5,10.37675,9.12325,0.0605,0.05838365078337149,1.0,1.0
KXNBAPTS-26APR09LALGSW-LALLJAMES23-15,2026-04-09,pts,14.5,19.076631578947367,-4.576631578947367,0.7082105263157895,0.6636743833329898,1.0,0.59375
KXNBAPTS-26APR09LALGSW-LALLJAMES23-20,2026-04-09,pts,19.5,19.076631578947367,0.4233684210526327,0.4597894736842105,0.4272948041254281,1.0,0.59375
KXNBAPTS-26APR09LALGSW-LALLJAMES23-25,2026-04-09,pts,24.5,19.076631578947367,5.423368421052633,0.22610526315789473,0.24083087151447113,1.0,0.59375
KXNBAPTS-26APR09LALGSW-LALLJAMES23-30,2026-04-09,pts,29.5,19.076631578947367,10.423368421052633,0.08589473684210526,0.1220811041683153,0.0,0.59375
KXNBAPTS-26APR09LALGSW-LALLJAMES23-35,2026-04-09,pts,34.5,19.076631578947367,15.423368421052633,0.02063157894736842,0.05687294528785414,0.0,0.59375
KXNBAREB-26APR09LALGSW-GSWDGREEN23-10,2026-04-09,reb,9.5,5.194,4.306,0.0505,0.07514556794022009,0.0,1.0
KXNBAREB-26APR09LALGSW-GSWDGREEN23-2,2026-04-09,reb,1.5,5.194,-3.694,0.95375,0.9332913006773058,1.0,1.0
KXNBAREB-26APR09LALGSW-GSWDGREEN23-4,2026-04-09,reb,3.5,5.194,-1.694,0.74825,0.7015794006717091,1.0,1.0
KXNBAREB-26APR09LALGSW-GSWDGREEN23-6,2026-04-09,reb,5.5,5.194,0.30600000000000005,0.41175,0.4093212056625767,0.0,1.0
KXNBAREB-26APR09LALGSW-GSWDGREEN23-8,2026-04-09,reb,7.5,5.194,2.306,0.16675,0.19162731772556085,0.0,1.0
KXNBAREB-26APR09LALGSW-LALDAYTON5-10,2026-04-09,reb,9.5,6.45425,3.04575,0.147,0.16704995143053192,0.0,1.0
KXNBAREB-26APR09LALGSW-LALDAYTON5-12,2026-04-09,reb,11.5,6.45425,5.04575,0.05425,0.07322220102573906,0.0,1.0
KXNBAREB-26APR09LALGSW-LALDAYTON5-4,2026-04-09,reb,3.5,6.45425,-2.95425,0.8475,0.817898787335831,1.0,1.0
KXNBAREB-26APR09LALGSW-LALDAYTON5-6,2026-04-09,reb,5.5,6.45425,-0.95425,0.602,0.5733580332259178,0.0,1.0
KXNBAREB-26APR09LALGSW-LALDAYTON5-8,2026-04-09,reb,7.5,6.45425,1.04575,0.32975,0.3347325846914653,0.0,1.0
KXNBAREB-26APR09LALGSW-LALLJAMES23-10,2026-04-09,reb,9.5,6.023578947368421,3.4764210526315793,0.10105263157894737,0.13202476061392587,0.0,0.59375
KXNBAREB-26APR09LALGSW-LALLJAMES23-12,2026-04-09,reb,11.5,6.023578947368421,5.476421052631579,0.032,0.05357171449967291,0.0,0.59375
KXNBAREB-26APR09LALGSW-LALLJAMES23-4,2026-04-09,reb,3.5,6.023578947368421,-2.5235789473684207,0.8303157894736842,0.7841068400715894,1.0,0.59375
KXNBAREB-26APR09LALGSW-LALLJAMES23-6,2026-04-09,reb,5.5,6.023578947368421,-0.5235789473684207,0.5418947368421053,0.5208909843637091,1.0,0.59375
KXNBAREB-26APR09LALGSW-LALLJAMES23-8,2026-04-09,reb,7.5,6.023578947368421,1.4764210526315793,0.26821052631578945,0.2846266535586276,1.0,0.59375
KXNBAAST-26APR09LALGSW-GSWDGREEN23-10,2026-04-09,ast,9.5,4.36725,5.13275,0.0205,0.03409440359275029,0.0,1.0
KXNBAAST-26APR09LALGSW-GSWDGREEN23-12,2026-04-09,ast,11.5,4.36725,7.13275,0.00375,0.00909778220883517,0.0,1.0
KXNBAAST-26APR09LALGSW-GSWDGREEN23-6,2026-04-09,ast,5.5,4.36725,1.1327499999999997,0.2785,0.2894378251121149,1.0,1.0
KXNBAAST-26APR09LALGSW-GSWDGREEN23-7,2026-04-09,ast,6.5,4.36725,2.1327499999999997,0.16125,0.18308895650355728,0.0,1.0
KXNBAAST-26APR09LALGSW-GSWDGREEN23-8,2026-04-09,ast,7.5,4.36725,3.1327499999999997,0.08625,0.10957371690194084,0.0,1.0
KXNBAAST-26APR09LALGSW-LALLJAMES23-10,2026-04-09,ast,9.5,6.604210526315789,2.8957894736842107,0.16421052631578947,0.17822488682596427,1.0,0.59375
KXNBAAST-26APR09LALGSW-LALLJAMES23-12,2026-04-09,ast,11.5,6.604210526315789,4.895789473684211,0.05347368421052632,0.07901833358737453,0.0,0.59375
KXNBAAST-26APR09LALGSW-LALLJAMES23-14,2026-04-09,ast,13.5,6.604210526315789,6.895789473684211,0.013473684210526317,0.03138313553515848,0.0,0.59375
KXNBAAST-26APR09LALGSW-LALLJAMES23-6,2026-04-09,ast,5.5,6.604210526315789,-1.1042105263157893,0.6088421052631579,0.5928225244916416,1.0,0.59375
KXNBAAST-26APR09LALGSW-LALLJAMES23-8,2026-04-09,ast,7.5,6.604210526315789,0.8957894736842107,0.3469473684210526,0.35198346604425057,1.0,0.59375
KXNBA3PT-26APR09LALGSW-LALLJAMES23-1,2026-04-09,fg3m,0.5,1.2505263157894737,-0.7505263157894737,0.7111578947368421,0.6859073043557988,1.0,0.59375
KXNBA3PT-26APR09LALGSW-LALLJAMES23-2,2026-04-09,fg3m,1.5,1.2505263157894737,0.2494736842105263,0.3583157894736842,0.3484139318785182,1.0,0.59375
KXNBA3PT-26APR09LALGSW-LALLJAMES23-3,2026-04-09,fg3m,2.5,1.2505263157894737,1.2494736842105263,0.13136842105263158,0.14334244984527422,1.0,0.59375
KXNBA3PT-26APR09LALGSW-LALLJAMES23-4,2026-04-09,fg3m,3.5,1.2505263157894737,2.2494736842105265,0.04042105263157895,0.05064862942006976,0.0,0.59375
KXNBA3PT-26APR09LALGSW-LALLJAMES23-5,2026-04-09,fg3m,4.5,1.2505263157894737,3.2494736842105265,0.007578947368421052,0.015963020806561534,0.0,0.59375
KXNBAPTS-26APR09PHIHOU-HOUASENGUN28-15,2026-04-09,pts,14.5,17.811,-3.311,0.67125,0.6120617688156533,0.0,1.0
KXNBAPTS-26APR09PHIHOU-HOUASENGUN28-20,2026-04-09,pts,19.5,17.811,1.689,0.37925,0.36951333349767035,0.0,1.0
KXNBAPTS-26APR09PHIHOU-HOUASENGUN28-25,2026-04-09,pts,24.5,17.811,6.689,0.1585,0.19372269033746214,0.0,1.0
KXNBAPTS-26APR09PHIHOU-HOUASENGUN28-30,2026-04-09,pts,29.5,17.811,11.689,0.05225,0.090925937018975,0.0,1.0
KXNBAPTS-26APR09PHIHOU-HOUATHOMPSON1-15,2026-04-09,pts,14.5,16.26975,-1.7697499999999984,0.58525,0.5401407264333108,1.0,1.0
KXNBAPTS-26APR09PHIHOU-HOUATHOMPSON1-20,2026-04-09,pts,19.5,16.26975,3.2302500000000016,0.28025,0.29689272324458527,0.0,1.0
KXNBAPTS-26APR09PHIHOU-HOUATHOMPSON1-25,2026-04-09,pts,24.5,16.26975,8.230250000000002,0.10425,0.14029124773124668,0.0,1.0
KXNBAPTS-26APR09PHIHOU-HOUATHOMPSON1-30,2026-04-09,pts,29.5,16.26975,13.230250000000002,0.0265,0.059016657548593976,0.0,1.0
KXNBAPTS-26APR09PHIHOU-HOUJSMITH10-10,2026-04-09,pts,9.5,14.475,-4.975,0.768,0.745568007195154,1.0,1.0
KXNBAPTS-26APR09PHIHOU-HOUJSMITH10-15,2026-04-09,pts,14.5,14.475,0.025000000000000355,0.46825,0.444217810018525,1.0,1.0
KXNBAPTS-26APR09PHIHOU-HOUJSMITH10-20,2026-04-09,pts,19.5,14.475,5.025,0.20875,0.2129679616235194,0.0,1.0
KXNBAPTS-26APR09PHIHOU-HOUJSMITH10-25,2026-04-09,pts,24.5,14.475,10.025,0.068,0.08672590915778577,0.0,1.0
KXNBAPTS-26APR09PHIHOU-HOUKDURANT7-20,2026-04-09,pts,19.5,22.1845,-2.6845,0.613,0.5556947734961233,1.0,1.0
KXNBAPTS-26APR09PHIHOU-HOUKDURANT7-25,2026-04-09,pts,24.5,22.1845,2.3155,0.3605,0.36035571313925185,1.0,1.0
KXNBAPTS-26APR09PHIHOU-HOUKDURANT7-30,2026-04-09,pts,29.5,22.1845,7.3155,0.16525,0.21251031328978975,0.0,1.0
KXNBAPTS-26APR09PHIHOU-HOUKDURANT7-35,2026-04-09,pts,34.5,22.1845,12.3155,0.0615,0.11595763761864986,0.0,1.0
KXNBAPTS-26APR09PHIHOU-HOURSHEPPARD15-10,2026-04-09,pts,9.5,13.01225,-3.51225,0.684,0.6777458209047716,0.0,1.0
KXNBAPTS-26APR09PHIHOU-HOURSHEPPARD15-15,2026-04-09,pts,14.5,13.01225,1.4877500000000001,0.37775,0.35818138246120357,0.0,1.0
KXNBAPTS-26APR09PHIHOU-HOURSHEPPARD15-20,2026-04-09,pts,19.5,13.01225,6.48775,0.155,0.14924726368272856,0.0,1.0
KXNBAPTS-26APR09PHIHOU-HOUTEASON17-10,2026-04-09,pts,9.5,10.1695,-0.6694999999999993,0.5,0.49689356413665275,1.0,1.0
KXNBAPTS-26APR09PHIHOU-HOUTEASON17-15,2026-04-09,pts,14.5,10.1695,4.330500000000001,0.20675,0.18664219420033445,1.0,1.0
KXNBAPTS-26APR09PHIHOU-HOUTEASON17-20,2026-04-09,pts,19.5,10.1695,9.3305,0.06,0.053012115737325005,0.0,1.0
KXNBAPTS-26APR09PHIHOU-HOUTEASON17-25,2026-04-09,pts,24.5,10.1695,14.3305,0.01475,0.012420398902338592,0.0,1.0
KXNBAPTS-26APR09PHIHOU-PHIKOUBRE9-10,2026-04-09,pts,9.5,9.91875,-0.4187499999999993,0.479,0.47772123054566895,1.0,1.0
KXNBAPTS-26APR09PHIHOU-PHIKOUBRE9-15,2026-04-09,pts,14.5,9.91875,4.581250000000001,0.189,0.17246187017051562,1.0,1.0
KXNBAPTS-26APR09PHIHOU-PHIKOUBRE9-20,2026-04-09,pts,19.5,9.91875,9.58125,0.059,0.046901676339250575,0.0,1.0
KXNBAPTS-26APR09PHIHOU-PHIPGEORGE8-10,2026-04-09,pts,9.5,13.322,-3.821999999999999,0.71225,0.6934296640524369,0.0,1.0
KXNBAPTS-26APR09PHIHOU-PHIPGEORGE8-15,2026-04-09,pts,14.5,13.322,1.1780000000000008,0.38675,0.37683341616118915,0.0,1.0
KXNBAPTS-26APR09PHIHOU-PHIPGEORGE8-20,2026-04-09,pts,19.5,13.322,6.178000000000001,0.15575,0.1621696916764872,0.0,1.0
KXNBAPTS-26APR09PHIHOU-PHIPGEORGE8-25,2026-04-09,pts,24.5,13.322,11.178,0.047,0.058817409872323756,0.0,1.0
KXNBAPTS-26APR09PHIHOU-PHITMAXEY0-15,2026-04-09,pts,14.5,18.69375,-4.193750000000001,0.703,0.6487551286411131,1.0,1.0
KXNBAPTS-26APR09PHIHOU-PHITMAXEY0-20,2026-04-09,pts,19.5,18.69375,0.8062499999999986,0.43675,0.4100755199304006,1.0,1.0
KXNBAPTS-26APR09PHIHOU-PHITMAXEY0-25,2026-04-09,pts,24.5,18.69375,5.806249999999999,0.20275,0.22636614460159532,0.0,1.0
KXNBAPTS-26APR09PHIHOU-PHITMAXEY0-30,2026-04-09,pts,29.5,18.69375,10.806249999999999,0.0715,0.11223002442293095,0.0,1.0
KXNBAPTS-26APR09PHIHOU-PHITMAXEY0-35,2026-04-09,pts,34.5,18.69375,15.806249999999999,0.021,0.05109330103185161,0.0,1.0
KXNBAPTS-26APR09PHIHOU-PHIVEDGECOMBE77-10,2026-04-09,pts,9.5,12.297,-2.7970000000000006,0.6545,0.6386159929671765,1.0,1.0
KXNBAPTS-26APR09PHIHOU-PHIVEDGECOMBE77-15,2026-04-09,pts,14.5,12.297,2.2029999999999994,0.32175,0.31458177840341606,1.0,1.0
KXNBAPTS-26APR09PHIHOU-PHIVEDGECOMBE77-20,2026-04-09,pts,19.5,12.297,7.202999999999999,0.1145,0.12092921362483311,1.0,1.0
KXNBAPTS-26APR09PHIHOU-PHIVEDGECOMBE77-25,2026-04-09,pts,24.5,12.297,12.203,0.02925,0.03890527593978055,0.0,1.0
KXNBAREB-26APR09PHIHOU-HOUASENGUN28-10,2026-04-09,reb,9.5,7.75475,1.7452500000000004,0.25925,0.2870817348762408,1.0,1.0
KXNBAREB-26APR09PHIHOU-HOUASENGUN28-12,2026-04-09,reb,11.5,7.75475,3.7452500000000004,0.111,0.15213792194445552,1.0,1.0
KXNBAREB-26APR09PHIHOU-HOUASENGUN28-6,2026-04-09,reb,5.5,7.75475,-2.2547499999999996,0.7625,0.7055813271668814,1.0,1.0
KXNBAREB-26APR09PHIHOU-HOUASENGUN28-8,2026-04-09,reb,7.5,7.75475,-0.2547499999999996,0.506,0.4817420430760133,1.0,1.0
KXNBAREB-26APR09PHIHOU-HOUASENGUN28-9,2026-04-09,reb,8.5,7.75475,0.7452500000000004,0.37125,0.37783485661535066,1.0,1.0
KXNBAREB-26APR09PHIHOU-HOUATHOMPSON1-10,2026-04-09,reb,9.5,7.2745,2.2255000000000003,0.209,0.24103153527185495,0.0,1.0
KXNBAREB-26APR09PHIHOU-HOUATHOMPSON1-12,2026-04-09,reb,11.5,7.2745,4.2255,0.07475,0.1198753877195371,0.0,1.0
KXNBAREB-26APR09PHIHOU-HOUATHOMPSON1-6,2026-04-09,reb,5.5,7.2745,-1.7744999999999997,0.71925,0.6613651457991527,0.0,1.0
KXNBAREB-26APR09PHIHOU-HOUATHOMPSON1-8,2026-04-09,reb,7.5,7.2745,0.22550000000000026,0.441,0.4289951735916465,0.0,1.0
KXNBAREB-26APR09PHIHOU-HOUATHOMPSON1-9,2026-04-09,reb,8.5,7.2745,1.2255000000000003,0.31175,0.32694239441178174,0.0,1.0
KXNBAREB-26APR09PHIHOU-HOUJSMITH10-10,2026-04-09,reb,9.5,6.552,2.9480000000000004,0.14,0.1754243013621184,0.0,1.0
KXNBAREB-26APR09PHIHOU-HOUJSMITH10-12,2026-04-09,reb,11.5,6.552,4.948,0.04725,0.07816376047002782,0.0,1.0
KXNBAREB-26APR09PHIHOU-HOUJSMITH10-6,2026-04-09,reb,5.5,6.552,-1.0519999999999996,0.63025,0.5846783143703658,0.0,1.0
KXNBAREB-26APR09PHIHOU-HOUJSMITH10-7,2026-04-09,reb,6.5,6.552,-0.0519999999999996,0.4805,0.4594597966716276,0.0,1.0
KXNBAREB-26APR09PHIHOU-HOUJSMITH10-8,2026-04-09,reb,7.5,6.552,0.9480000000000004,0.34,0.34611636381822897,0.0,1.0
KXNBAREB-26APR09PHIHOU-HOUKDURANT7-10,2026-04-09,reb,9.5,5.15025,4.34975,0.04175,0.07259167887519835,0.0,1.0
KXNBAREB-26APR09PHIHOU-HOUKDURANT7-2,2026-04-09,reb,1.5,5.15025,-3.6502499999999998,0.95475,0.9316239877993582,1.0,1.0
KXNBAREB-26APR09PHIHOU-HOUKDURANT7-4,2026-04-09,reb,3.5,5.15025,-1.6502499999999998,0.756,0.696512900257833,1.0,1.0
KXNBAREB-26APR09PHIHOU-HOUKDURANT7-6,2026-04-09,reb,5.5,5.15025,0.3497500000000002,0.41075,0.4031312872529016,1.0,1.0
KXNBAREB-26APR09PHIHOU-HOUKDURANT7-8,2026-04-09,reb,7.5,5.15025,2.3497500000000002,0.15625,0.18697863829745265,0.0,1.0
KXNBAREB-26APR09PHIHOU-HOUTEASON17-10,2026-04-09,reb,9.5,6.14425,3.3557499999999996,0.12375,0.141507907811375,0.0,1.0
KXNBAREB-26APR09PHIHOU-HOUTEASON17-12,2026-04-09,reb,11.5,6.14425,5.35575,0.04175,0.05872488042441504,0.0,1.0
KXNBAREB-26APR09PHIHOU-HOUTEASON17-6,2026-04-09,reb,5.5,6.14425,-0.6442500000000004,0.55225,0.5360081934373394,1.0,1.0
KXNBAREB-26APR09PHIHOU-HOUTEASON17-7,2026-04-09,reb,6.5,6.14425,0.35574999999999957,0.41325,0.40906587482341805,1.0,1.0
KXNBAREB-26APR09PHIHOU-HOUTEASON17-8,2026-04-09,reb,7.5,6.14425,1.3557499999999996,0.29375,0.2986254043519989,1.0,1.0
KXNBAREB-26APR09PHIHOU-PHIKOUBRE9-2,2026-04-09,reb,1.5,3.84725,-2.34725,0.87275,0.8550255389958255,1.0,1.0
KXNBAREB-26APR09PHIHOU-PHIKOUBRE9-4,2026-04-09,reb,3.5,3.84725,-0.34724999999999984,0.52375,0.5088761667082782,1.0,1.0
KXNBAREB-26APR09PHIHOU-PHIKOUBRE9-5,2026-04-09,reb,4.5,3.84725,0.6527500000000002,0.34875,0.34402481034111865,0.0,1.0
KXNBAREB-26APR09PHIHOU-PHIKOUBRE9-6,2026-04-09,reb,5.5,3.84725,1.6527500000000002,0.20375,0.21580102182652738,0.0,1.0
KXNBAREB-26APR09PHIHOU-PHIKOUBRE9-8,2026-04-09,reb,7.5,3.84725,3.65275,0.05775,0.07045200235326521,0.0,1.0
KXNBAREB-26APR09PHIHOU-PHIPGEORGE8-10,2026-04-09,reb,9.5,4.27075,5.22925,0.02175,0.03162444017027355,0.0,1.0
KXNBAREB-26APR09PHIHOU-PHIPGEORGE8-2,2026-04-09,reb,1.5,4.27075,-2.7707499999999996,0.91775,0.8868031501920995,1.0,1.0
KXNBAREB-26APR09PHIHOU-PHIPGEORGE8-4,2026-04-09,reb,3.5,4.27075,-0.7707499999999996,0.60325,0.577779762225917,1.0,1.0
KXNBAREB-26APR09PHIHOU-PHIPGEORGE8-6,2026-04-09,reb,5.5,4.27075,1.2292500000000004,0.26275,0.275980923315679,0.0,1.0
KXNBAREB-26APR09PHIHOU-PHIPGEORGE8-8,2026-04-09,reb,7.5,4.27075,3.2292500000000004,0.07875,0.10282111316023468,0.0,1.0
KXNBAREB-26APR09PHIHOU-PHIVEDGECOMBE77-10,2026-04-09,reb,9.5,4.551,4.949,0.024,0.04251624407144494,0.0,1.0
KXNBAREB-26APR09PHIHOU-PHIVEDGECOMBE77-2,2026-04-09,reb,1.5,4.551,-3.051,0.92875,0.9037497192761149,1.0,1.0
KXNBAREB-26APR09PHIHOU-PHIVEDGECOMBE77-4,2026-04-09,reb,3.5,4.551,-1.0510000000000002,0.65075,0.6191854997677311,1.0,1.0
KXNBAREB-26APR09PHIHOU-PHIVEDGECOMBE77-6,2026-04-09,reb,5.5,4.551,0.9489999999999998,0.317,0.316681970662527,1.0,1.0
KXNBAREB-26APR09PHIHOU-PHIVEDGECOMBE77-8,2026-04-09,reb,7.5,4.551,2.949,0.1015,0.12743038814429852,0.0,1.0
KXNBAAST-26APR09PHIHOU-HOUASENGUN28-10,2026-04-09,ast,9.5,5.44075,4.05925,0.0545,0.08875152146577858,0.0,1.0
KXNBAAST-26APR09PHIHOU-HOUASENGUN28-2,2026-04-09,ast,1.5,5.44075,-3.9407500000000004,0.971,0.9435200472430144,1.0,1.0
KXNBAAST-26APR09PHIHOU-HOUASENGUN28-4,2026-04-09,ast,3.5,5.44075,-1.9407500000000004,0.79175,0.7314447879933235,1.0,1.0
KXNBAAST-26APR09PHIHOU-HOUASENGUN28-6,2026-04-09,ast,5.5,5.44075,0.05924999999999958,0.4445,0.4445048357459993,0.0,1.0
KXNBAAST-26APR09PHIHOU-HOUASENGUN28-8,2026-04-09,ast,7.5,5.44075,2.0592499999999996,0.19325,0.2171787122146418,0.0,1.0
KXNBAAST-26APR09PHIHOU-HOUATHOMPSON1-10,2026-04-09,ast,9.5,4.91325,4.58675,0.03125,0.058181397808707125,0.0,1.0
KXNBAAST-26APR09PHIHOU-HOUATHOMPSON1-2,2026-04-09,ast,1.5,4.91325,-3.4132499999999997,0.95525,0.9235636284857537,1.0,1.0
KXNBAAST-26APR09PHIHOU-HOUATHOMPSON1-4,2026-04-09,ast,3.5,4.91325,-1.4132499999999997,0.71825,0.6700581456097587,1.0,1.0
KXNBAAST-26APR09PHIHOU-HOUATHOMPSON1-6,2026-04-09,ast,5.5,4.91325,0.5867500000000003,0.369,0.3693237694698537,0.0,1.0
KXNBAAST-26APR09PHIHOU-HOUATHOMPSON1-8,2026-04-09,ast,7.5,4.91325,2.5867500000000003,0.13025,0.16097927732991324,0.0,1.0
KXNBAAST-26APR09PHIHOU-HOUKDURANT7-10,2026-04-09,ast,9.5,4.76475,4.73525,0.023,0.050861483853058775,0.0,1.0
KXNBAAST-26APR09PHIHOU-HOUKDURANT7-2,2026-04-09,ast,1.5,4.76475,-3.2647500000000003,0.94575,0.9166885719257577,1.0,1.0
KXNBAAST-26APR09PHIHOU-HOUKDURANT7-4,2026-04-09,ast,3.5,4.76475,-1.2647500000000003,0.6965,0.6507072133565361,1.0,1.0
KXNBAAST-26APR09PHIHOU-HOUKDURANT7-6,2026-04-09,ast,5.5,4.76475,0.7352499999999997,0.3455,0.34766917199625436,0.0,1.0
KXNBAAST-26APR09PHIHOU-HOUKDURANT7-8,2026-04-09,ast,7.5,4.76475,2.7352499999999997,0.115,0.14620974721501112,0.0,1.0
KXNBAAST-26APR09PHIHOU-HOURSHEPPARD15-10,2026-04-09,ast,9.5,3.60725,5.8927499999999995,0.0055,0.012921706306528447,0.0,1.0
KXNBAAST-26APR09PHIHOU-HOURSHEPPARD15-2,2026-04-09,ast,1.5,3.60725,-2.10725,0.864,0.835027593683373,0.0,1.0
KXNBAAST-26APR09PHIHOU-HOURSHEPPARD15-4,2026-04-09,ast,3.5,3.60725,-0.10725000000000007,0.47175,0.4675186234046883,0.0,1.0
KXNBAAST-26APR09PHIHOU-HOURSHEPPARD15-6,2026-04-09,ast,5.5,3.60725,1.89275,0.1645,0.18212014851390879,0.0,1.0
KXNBAAST-26APR09PHIHOU-HOURSHEPPARD15-8,2026-04-09,ast,7.5,3.60725,3.89275,0.04,0.05382752515326461,0.0,1.0
KXNBAAST-26APR09PHIHOU-PHIKOUBRE9-10,2026-04-09,ast,9.5,1.288,8.212,0.0,1.1358858254095772e-05,0.0,1.0
KXNBAAST-26APR09PHIHOU-PHIKOUBRE9-2,2026-04-09,ast,1.5,1.288,0.21199999999999997,0.3605,0.362972891933075,0.0,1.0
KXNBAAST-26APR09PHIHOU-PHIKOUBRE9-4,2026-04-09,ast,3.5,1.288,2.2119999999999997,0.0525,0.051365507401522126,0.0,1.0
KXNBAAST-26APR09PHIHOU-PHIKOUBRE9-6,2026-04-09,ast,5.5,1.288,4.212,0.00225,0.00423566624417715,0.0,1.0
KXNBAAST-26APR09PHIHOU-PHIKOUBRE9-8,2026-04-09,ast,7.5,1.288,6.212,0.00025,0.0002473388081990491,0.0,1.0
KXNBAAST-26APR09PHIHOU-PHIPGEORGE8-10,2026-04-09,ast,9.5,3.23875,6.26125,0.00225,0.0070887851292699144,0.0,1.0
KXNBAAST-26APR09PHIHOU-PHIPGEORGE8-2,2026-04-09,ast,1.5,3.23875,-1.73875,0.818,0.7943225399052725,0.0,1.0
KXNBAAST-26APR09PHIHOU-PHIPGEORGE8-4,2026-04-09,ast,3.5,3.23875,0.26125,0.40425,0.3983392332901311,0.0,1.0
KXNBAAST-26APR09PHIHOU-PHIPGEORGE8-6,2026-04-09,ast,5.5,3.23875,2.26125,0.118,0.13527881266349806,0.0,1.0
KXNBAAST-26APR09PHIHOU-PHIPGEORGE8-8,2026-04-09,ast,7.5,3.23875,4.26125,0.022,0.03445664932880099,0.0,1.0
KXNBAAST-26APR09PHIHOU-PHITMAXEY0-10,2026-04-09,ast,9.5,4.99675,4.50325,0.03325,0.0625491269431927,0.0,1.0
KXNBAAST-26APR09PHIHOU-PHITMAXEY0-12,2026-04-09,ast,11.5,4.99675,6.50325,0.00875,0.01990480030949715,0.0,1.0
KXNBAAST-26APR09PHIHOU-PHITMAXEY0-4,2026-04-09,ast,3.5,4.99675,-1.4967499999999996,0.7185,0.68053005382696,1.0,1.0
KXNBAAST-26APR09PHIHOU-PHITMAXEY0-6,2026-04-09,ast,5.5,4.99675,0.5032500000000004,0.39,0.3814314667542843,0.0,1.0
KXNBAAST-26APR09PHIHOU-PHITMAXEY0-8,2026-04-09,ast,7.5,4.99675,2.5032500000000004,0.13675,0.16951067217179316,0.0,1.0
KXNBAAST-26APR09PHIHOU-PHIVEDGECOMBE77-10,2026-04-09,ast,9.5,3.19475,6.30525,0.0025,0.006551225581148734,0.0,1.0
KXNBAAST-26APR09PHIHOU-PHIVEDGECOMBE77-2,2026-04-09,ast,1.5,3.19475,-1.69475,0.819,0.788827040959122,1.0,1.0
KXNBAAST-26APR09PHIHOU-PHIVEDGECOMBE77-4,2026-04-09,ast,3.5,3.19475,0.30525,0.389,0.3898219051562808,1.0,1.0
KXNBAAST-26APR09PHIHOU-PHIVEDGECOMBE77-6,2026-04-09,ast,5.5,3.19475,2.30525,0.11175,0.13003105907700097,1.0,1.0
KXNBAAST-26APR09PHIHOU-PHIVEDGECOMBE77-8,2026-04-09,ast,7.5,3.19475,4.30525,0.021,0.032486210158740425,1.0,1.0
KXNBA3PT-26APR09PHIHOU-HOUASENGUN28-1,2026-04-09,fg3m,0.5,0.58425,-0.08425000000000005,0.44025,0.43048536958602945,0.0,1.0
KXNBA3PT-26APR09PHIHOU-HOUASENGUN28-2,2026-04-09,fg3m,1.5,0.58425,0.91575,0.1165,0.12140263477055513,0.0,1.0
KXNBA3PT-26APR09PHIHOU-HOUASENGUN28-3,2026-04-09,fg3m,2.5,0.58425,1.91575,0.02475,0.02654392427143426,0.0,1.0
KXNBA3PT-26APR09PHIHOU-HOUASENGUN28-4,2026-04-09,fg3m,3.5,0.58425,2.91575,0.0025,0.004887578453637964,0.0,1.0
KXNBA3PT-26APR09PHIHOU-HOUASENGUN28-5,2026-04-09,fg3m,4.5,0.58425,3.91575,0.00025,0.0007945368037926004,0.0,1.0
KXNBA3PT-26APR09PHIHOU-HOUATHOMPSON1-1,2026-04-09,fg3m,0.5,0.38025,0.11975000000000002,0.317,0.3100130238673734,0.0,1.0
KXNBA3PT-26APR09PHIHOU-HOUATHOMPSON1-2,2026-04-09,fg3m,1.5,0.38025,1.11975,0.057,0.06009460015378121,0.0,1.0
KXNBA3PT-26APR09PHIHOU-HOUATHOMPSON1-3,2026-04-09,fg3m,2.5,0.38025,2.11975,0.0055,0.008904230929396961,0.0,1.0
KXNBA3PT-26APR09PHIHOU-HOUATHOMPSON1-4,2026-04-09,fg3m,3.5,0.38025,3.11975,0.0005,0.0011044259874407603,0.0,1.0
KXNBA3PT-26APR09PHIHOU-HOUATHOMPSON1-5,2026-04-09,fg3m,4.5,0.38025,4.11975,0.00025,0.0001205683828234827,0.0,1.0
KXNBA3PT-26APR09PHIHOU-HOUKDURANT7-1,2026-04-09,fg3m,0.5,2.231,-1.7309999999999999,0.89275,0.8587468356080605,1.0,1.0
KXNBA3PT-26APR09PHIHOU-HOUKDURANT7-2,2026-04-09,fg3m,1.5,2.231,-0.7309999999999999,0.657,0.614882933688544,1.0,1.0
KXNBA3PT-26APR09PHIHOU-HOUKDURANT7-3,2026-04-09,fg3m,2.5,2.231,0.26900000000000013,0.389,0.37679934491609635,1.0,1.0
KXNBA3PT-26APR09PHIHOU-HOUKDURANT7-4,2026-04-09,fg3m,3.5,2.231,1.2690000000000001,0.18475,0.2038906260046235,0.0,1.0
KXNBA3PT-26APR09PHIHOU-HOUKDURANT7-5,2026-04-09,fg3m,4.5,2.231,2.269,0.0735,0.0999327612263674,0.0,1.0
KXNBA3PT-26APR09PHIHOU-HOURSHEPPARD15-1,2026-04-09,fg3m,0.5,2.704,-2.204,0.92575,0.9012063661570111,1.0,1.0
KXNBA3PT-26APR09PHIHOU-HOURSHEPPARD15-2,2026-04-09,fg3m,1.5,2.704,-1.2040000000000002,0.74175,0.7039435899017966,1.0,1.0
KXNBA3PT-26APR09PHIHOU-HOURSHEPPARD15-3,2026-04-09,fg3m,2.5,2.704,-0.20400000000000018,0.5,0.481205787052959,0.0,1.0
KXNBA3PT-26APR09PHIHOU-HOURSHEPPARD15-4,2026-04-09,fg3m,3.5,2.704,0.7959999999999998,0.2885,0.2941168047634931,0.0,1.0
KXNBA3PT-26APR09PHIHOU-HOURSHEPPARD15-5,2026-04-09,fg3m,4.5,2.704,1.7959999999999998,0.14475,0.1640233285183842,0.0,1.0
KXNBA3PT-26APR09PHIHOU-HOUTEASON17-1,2026-04-09,fg3m,0.5,1.2215,-0.7215,0.68825,0.6779619970251722,1.0,1.0
KXNBA3PT-26APR09PHIHOU-HOUTEASON17-2,2026-04-09,fg3m,1.5,1.2215,0.27849999999999997,0.3365,0.33885525101444514,1.0,1.0
KXNBA3PT-26APR09PHIHOU-HOUTEASON17-3,2026-04-09,fg3m,2.5,1.2215,1.2785,0.1355,0.13692641428017083,1.0,1.0
KXNBA3PT-26APR09PHIHOU-HOUTEASON17-4,2026-04-09,fg3m,3.5,1.2215,2.2785,0.0435,0.047479420644736536,0.0,1.0
KXNBA3PT-26APR09PHIHOU-HOUTEASON17-5,2026-04-09,fg3m,4.5,1.2215,3.2785,0.01325,0.014678489085384494,0.0,1.0
KXNBA3PT-26APR09PHIHOU-PHITMAXEY0-1,2026-04-09,fg3m,0.5,1.961,-1.461,0.8495,0.8254166077862488,1.0,1.0
KXNBA3PT-26APR09PHIHOU-PHITMAXEY0-2,2026-04-09,fg3m,1.5,1.961,-0.4610000000000001,0.5875,0.553031785131646,1.0,1.0
KXNBA3PT-26APR09PHIHOU-PHITMAXEY0-3,2026-04-09,fg3m,2.5,1.961,0.5389999999999999,0.3135,0.31270869955690683,1.0,1.0
KXNBA3PT-26APR09PHIHOU-PHITMAXEY0-4,2026-04-09,fg3m,3.5,1.961,1.539,0.14275,0.1549789663329375,1.0,1.0
KXNBA3PT-26APR09PHIHOU-PHITMAXEY0-5,2026-04-09,fg3m,4.5,1.961,2.5389999999999997,0.0495,0.0692782067712252,1.0,1.0
KXNBA3PT-26APR09PHIHOU-PHIVEDGECOMBE77-1,2026-04-09,fg3m,0.5,1.42525,-0.9252499999999999,0.7565,0.7292987634429939,1.0,1.0
KXNBA3PT-26APR09PHIHOU-PHIVEDGECOMBE77-2,2026-04-09,fg3m,1.5,1.42525,0.0747500000000001,0.40875,0.40418338655018005,1.0,1.0
KXNBA3PT-26APR09PHIHOU-PHIVEDGECOMBE77-3,2026-04-09,fg3m,2.5,1.42525,1.07475,0.17375,0.1833740712716112,1.0,1.0
KXNBA3PT-26APR09PHIHOU-PHIVEDGECOMBE77-4,2026-04-09,fg3m,3.5,1.42525,2.07475,0.06225,0.07181554658565159,0.0,1.0
KXNBA3PT-26APR09PHIHOU-PHIVEDGECOMBE77-5,2026-04-09,fg3m,4.5,1.42525,3.07475,0.018,0.02515593078703371,0.0,1.0
KXNBAPTS-26APR09BOSNYK-BOSJTATUM0-15,2026-04-09,pts,14.5,19.5175,-5.017499999999998,0.7375,0.6801265213208891,1.0,1.0
KXNBAPTS-26APR09BOSNYK-BOSJTATUM0-20,2026-04-09,pts,19.5,19.5175,-0.017499999999998295,0.474,0.4467923095489068,1.0,1.0
KXNBAPTS-26APR09BOSNYK-BOSJTATUM0-25,2026-04-09,pts,24.5,19.5175,4.982500000000002,0.2405,0.2576486317580695,0.0,1.0
KXNBAPTS-26APR09BOSNYK-BOSJTATUM0-30,2026-04-09,pts,29.5,19.5175,9.982500000000002,0.09925,0.13384201441301558,0.0,1.0
KXNBAPTS-26APR09BOSNYK-BOSJTATUM0-35,2026-04-09,pts,34.5,19.5175,14.982500000000002,0.03075,0.06395831653741868,0.0,1.0
KXNBAPTS-26APR09BOSNYK-BOSNVUCEVIC4-10,2026-04-09,pts,9.5,6.84375,2.65625,0.2715,0.21781148927092553,1.0,1.0
KXNBAPTS-26APR09BOSNYK-BOSNVUCEVIC4-15,2026-04-09,pts,14.5,6.84375,7.65625,0.075,0.03901919195636383,0.0,1.0
KXNBAPTS-26APR09BOSNYK-BOSNVUCEVIC4-20,2026-04-09,pts,19.5,6.84375,12.65625,0.015,0.005025873636297473,0.0,1.0
KXNBAPTS-26APR09BOSNYK-BOSNVUCEVIC4-25,2026-04-09,pts,24.5,6.84375,17.65625,0.001,0.0005224094790472478,0.0,1.0
KXNBAPTS-26APR09BOSNYK-BOSPPRITCHARD11-10,2026-04-09,pts,9.5,13.16725,-3.6672499999999992,0.70725,0.6856869977640915,1.0,1.0
KXNBAPTS-26APR09BOSNYK-BOSPPRITCHARD11-15,2026-04-09,pts,14.5,13.16725,1.3327500000000008,0.3775,0.3675375424343156,1.0,1.0
KXNBAPTS-26APR09BOSNYK-BOSPPRITCHARD11-20,2026-04-09,pts,19.5,13.16725,6.332750000000001,0.15225,0.1556684656810089,1.0,1.0
KXNBAPTS-26APR09BOSNYK-BOSPPRITCHARD11-25,2026-04-09,pts,24.5,13.16725,11.33275,0.042,0.05550825345341548,0.0,1.0
KXNBAPTS-26APR09BOSNYK-BOSSHAUSER30-10,2026-04-09,pts,9.5,7.6465,1.8535000000000004,0.3155,0.28711246324556183,0.0,1.0
KXNBAPTS-26APR09BOSNYK-BOSSHAUSER30-15,2026-04-09,pts,14.5,7.6465,6.8535,0.092,0.06481081814524314,0.0,1.0
KXNBAPTS-26APR09BOSNYK-BOSSHAUSER30-20,2026-04-09,pts,19.5,7.6465,11.8535,0.02175,0.010647445010505074,0.0,1.0
KXNBAPTS-26APR09BOSNYK-NYKJBRUNSON11-20,2026-04-09,pts,19.5,20.87025,-1.3702499999999986,0.55,0.5040997305198393,1.0,1.0
KXNBAPTS-26APR09BOSNYK-NYKJBRUNSON11-25,2026-04-09,pts,24.5,20.87025,3.6297500000000014,0.29225,0.30981363113820526,1.0,1.0
KXNBAPTS-26APR09BOSNYK-NYKJBRUNSON11-30,2026-04-09,pts,29.5,20.87025,8.629750000000001,0.125,0.17235684048605793,0.0,1.0
KXNBAPTS-26APR09BOSNYK-NYKJBRUNSON11-35,2026-04-09,pts,34.5,20.87025,13.629750000000001,0.042,0.0884671139709644,0.0,1.0
KXNBAPTS-26APR09BOSNYK-NYKJHART3-10,2026-04-09,pts,9.5,9.866,-0.36599999999999966,0.49025,0.4736266851255596,1.0,1.0
KXNBAPTS-26APR09BOSNYK-NYKJHART3-15,2026-04-09,pts,14.5,9.866,4.634,0.17625,0.1695204172215975,1.0,1.0
KXNBAPTS-26APR09BOSNYK-NYKJHART3-20,2026-04-09,pts,19.5,9.866,9.634,0.0455,0.04567079913003691,1.0,1.0
KXNBAPTS-26APR09BOSNYK-NYKKTOWNS32-15,2026-04-09,pts,14.5,16.05375,-1.5537500000000009,0.55875,0.5292654210214411,1.0,1.0
KXNBAPTS-26APR09BOSNYK-NYKKTOWNS32-20,2026-04-09,pts,19.5,16.05375,3.446249999999999,0.2855,0.28665950492141423,0.0,1.0
KXNBAPTS-26APR09BOSNYK-NYKKTOWNS32-25,2026-04-09,pts,24.5,16.05375,8.44625,0.10725,0.13328315450122052,0.0,1.0
KXNBAPTS-26APR09BOSNYK-NYKKTOWNS32-30,2026-04-09,pts,29.5,16.05375,13.44625,0.0305,0.05512570774563896,0.0,1.0
KXNBAPTS-26APR09BOSNYK-NYKMBRIDGES25-10,2026-04-09,pts,9.5,11.168,-1.6679999999999993,0.5825,0.568177715568285,1.0,1.0
KXNBAPTS-26APR09BOSNYK-NYKMBRIDGES25-15,2026-04-09,pts,14.5,11.168,3.3320000000000007,0.25575,0.24559532296315545,0.0,1.0
KXNBAPTS-26APR09BOSNYK-NYKMBRIDGES25-20,2026-04-09,pts,19.5,11.168,8.332,0.07775,0.08148202711636277,0.0,1.0
KXNBAPTS-26APR09BOSNYK-NYKMBRIDGES25-25,2026-04-09,pts,24.5,11.168,13.332,0.01575,0.022451230679728984,0.0,1.0
KXNBAPTS-26APR09BOSNYK-NYKMROBINSON23-10,2026-04-09,pts,9.5,5.4805,4.0195,0.14225,0.11165742848776328,0.0,1.0
KXNBAPTS-26APR09BOSNYK-NYKMROBINSON23-15,2026-04-09,pts,14.5,5.4805,9.0195,0.0185,0.011919596250242637,0.0,1.0
KXNBAPTS-26APR09BOSNYK-NYKMROBINSON23-20,2026-04-09,pts,19.5,5.4805,14.0195,0.00175,0.0008965250100477773,0.0,1.0
KXNBAPTS-26APR09BOSNYK-NYKMROBINSON23-25,2026-04-09,pts,24.5,5.4805,19.0195,0.0,5.3953298279396655e-05,0.0,1.0
KXNBAPTS-26APR09BOSNYK-NYKOANUNOBY8-10,2026-04-09,pts,9.5,15.05825,-5.558249999999999,0.7995,0.7684839507005423,1.0,1.0
KXNBAPTS-26APR09BOSNYK-NYKOANUNOBY8-15,2026-04-09,pts,14.5,15.05825,-0.5582499999999992,0.5005,0.4767262878739308,0.0,1.0
KXNBAPTS-26APR09BOSNYK-NYKOANUNOBY8-20,2026-04-09,pts,19.5,15.05825,4.441750000000001,0.23475,0.23983823541845162,0.0,1.0
KXNBAPTS-26APR09BOSNYK-NYKOANUNOBY8-25,2026-04-09,pts,24.5,15.05825,9.44175,0.08875,0.10289463072843719,0.0,1.0
KXNBAREB-26APR09BOSNYK-BOSJTATUM0-10,2026-04-09,reb,9.5,6.7295,2.7705,0.1525,0.19097899060271484,1.0,1.0
KXNBAREB-26APR09BOSNYK-BOSJTATUM0-12,2026-04-09,reb,11.5,6.7295,4.7705,0.049,0.08757957099241731,1.0,1.0
KXNBAREB-26APR09BOSNYK-BOSJTATUM0-6,2026-04-09,reb,5.5,6.7295,-1.2294999999999998,0.65575,0.6046621013457958,1.0,1.0
KXNBAREB-26APR09BOSNYK-BOSJTATUM0-8,2026-04-09,reb,7.5,6.7295,0.7705000000000002,0.36875,0.3667292588162343,1.0,1.0
KXNBAREB-26APR09BOSNYK-BOSJTATUM0-9,2026-04-09,reb,8.5,6.7295,1.7705000000000002,0.2435,0.26929713668840016,1.0,1.0
KXNBAREB-26APR09BOSNYK-BOSNVUCEVIC4-10,2026-04-09,reb,9.5,3.99675,5.5032499999999995,0.0275,0.022878939648986574,0.0,1.0
KXNBAREB-26APR09BOSNYK-BOSNVUCEVIC4-2,2026-04-09,reb,1.5,3.99675,-2.49675,0.8395,0.8671901997162916,1.0,1.0
KXNBAREB-26APR09BOSNYK-BOSNVUCEVIC4-4,2026-04-09,reb,3.5,3.99675,-0.49675,0.5305,0.5340505424396069,1.0,1.0
KXNBAREB-26APR09BOSNYK-BOSNVUCEVIC4-6,2026-04-09,reb,5.5,3.99675,1.50325,0.25225,0.23675220229296168,0.0,1.0
KXNBAREB-26APR09BOSNYK-BOSNVUCEVIC4-8,2026-04-09,reb,7.5,3.99675,3.50325,0.09525,0.08117290389692755,0.0,1.0
KXNBAREB-26APR09BOSNYK-BOSPPRITCHARD11-10,2026-04-09,reb,9.5,2.964,6.536,0.001,0.00443626682069842,0.0,1.0
KXNBAREB-26APR09BOSNYK-BOSPPRITCHARD11-2,2026-04-09,reb,1.5,2.964,-1.464,0.7775,0.7556516150563257,1.0,1.0
KXNBAREB-26APR09BOSNYK-BOSPPRITCHARD11-4,2026-04-09,reb,3.5,2.964,0.536,0.3395,0.34444042673405395,0.0,1.0
KXNBAREB-26APR09BOSNYK-BOSPPRITCHARD11-6,2026-04-09,reb,5.5,2.964,2.536,0.096,0.10500822930211628,0.0,1.0
KXNBAREB-26APR09BOSNYK-BOSPPRITCHARD11-8,2026-04-09,reb,7.5,2.964,4.536,0.0145,0.023987662264951082,0.0,1.0
KXNBAREB-26APR09BOSNYK-NYKJBRUNSON11-2,2026-04-09,reb,1.5,3.14225,-1.6422500000000002,0.813,0.7801546573232435,0.0,1.0
KXNBAREB-26APR09BOSNYK-NYKJBRUNSON11-3,2026-04-09,reb,2.5,3.14225,-0.6422500000000002,0.6005,0.5754138111239748,0.0,1.0
KXNBAREB-26APR09BOSNYK-NYKJBRUNSON11-4,2026-04-09,reb,3.5,3.14225,0.3577499999999998,0.3845,0.3793185195650426,0.0,1.0
KXNBAREB-26APR09BOSNYK-NYKJBRUNSON11-6,2026-04-09,reb,5.5,3.14225,2.35775,0.10425,0.12498195867299566,0.0,1.0
KXNBAREB-26APR09BOSNYK-NYKJBRUNSON11-8,2026-04-09,reb,7.5,3.14225,4.357749999999999,0.022,0.03102358412175321,0.0,1.0
KXNBAREB-26APR09BOSNYK-NYKJHART3-10,2026-04-09,reb,9.5,6.55125,2.9487500000000004,0.1415,0.17535950927425914,0.0,1.0
KXNBAREB-26APR09BOSNYK-NYKJHART3-12,2026-04-09,reb,11.5,6.55125,4.94875,0.04975,0.07812518062849327,0.0,1.0
KXNBAREB-26APR09BOSNYK-NYKJHART3-6,2026-04-09,reb,5.5,6.55125,-1.0512499999999996,0.6185,0.5845923060644074,0.0,1.0
KXNBAREB-26APR09BOSNYK-NYKJHART3-7,2026-04-09,reb,6.5,6.55125,-0.051249999999999574,0.4735,0.4593689728339192,0.0,1.0
KXNBAREB-26APR09BOSNYK-NYKJHART3-8,2026-04-09,reb,7.5,6.55125,0.9487500000000004,0.3395,0.3460290828437169,0.0,1.0
KXNBAREB-26APR09BOSNYK-NYKKTOWNS32-10,2026-04-09,reb,9.5,10.12975,-0.6297499999999996,0.5465,0.5120161649545933,1.0,1.0
KXNBAREB-26APR09BOSNYK-NYKKTOWNS32-12,2026-04-09,reb,11.5,10.12975,1.3702500000000004,0.339,0.34250671934785715,1.0,1.0
KXNBAREB-26APR09BOSNYK-NYKKTOWNS32-14,2026-04-09,reb,13.5,10.12975,3.3702500000000004,0.1685,0.21054589076089725,0.0,1.0
KXNBAREB-26APR09BOSNYK-NYKKTOWNS32-16,2026-04-09,reb,15.5,10.12975,5.37025,0.06925,0.12019081975829427,0.0,1.0
KXNBAREB-26APR09BOSNYK-NYKKTOWNS32-8,2026-04-09,reb,7.5,10.12975,-2.6297499999999996,0.76125,0.6963605959017534,1.0,1.0
KXNBAREB-26APR09BOSNYK-NYKMBRIDGES25-10,2026-04-09,reb,9.5,3.08075,6.41925,0.002,0.0055722276289034145,0.0,1.0
KXNBAREB-26APR09BOSNYK-NYKMBRIDGES25-2,2026-04-09,reb,1.5,3.08075,-1.58075,0.79175,0.7719917378212949,1.0,1.0
KXNBAREB-26APR09BOSNYK-NYKMBRIDGES25-4,2026-04-09,reb,3.5,3.08075,0.4192499999999999,0.36975,0.3673486337438904,0.0,1.0
KXNBAREB-26APR09BOSNYK-NYKMBRIDGES25-6,2026-04-09,reb,5.5,3.08075,2.41925,0.1035,0.11792448904672936,0.0,1.0
KXNBAREB-26APR09BOSNYK-NYKMBRIDGES25-8,2026-04-09,reb,7.5,3.08075,4.41925,0.02175,0.02846556075192508,0.0,1.0
KXNBAREB-26APR09BOSNYK-NYKMROBINSON23-10,2026-04-09,reb,9.5,7.14825,2.35175,0.20625,0.22917876636976642,0.0,1.0
KXNBAREB-26APR09BOSNYK-NYKMROBINSON23-12,2026-04-09,reb,11.5,7.14825,4.35175,0.0875,0.11196024394077952,0.0,1.0
KXNBAREB-26APR09BOSNYK-NYKMROBINSON23-4,2026-04-09,reb,3.5,7.14825,-3.64825,0.89325,0.861734943536136,1.0,1.0
KXNBAREB-26APR09BOSNYK-NYKMROBINSON23-6,2026-04-09,reb,5.5,7.14825,-1.64825,0.685,0.6488544093055209,1.0,1.0
KXNBAREB-26APR09BOSNYK-NYKMROBINSON23-8,2026-04-09,reb,7.5,7.14825,0.35175,0.4245,0.4147577261740105,0.0,1.0
KXNBAREB-26APR09BOSNYK-NYKOANUNOBY8-2,2026-04-09,reb,1.5,4.74475,-3.24475,0.93875,0.9138881384168923,1.0,1.0
KXNBAREB-26APR09BOSNYK-NYKOANUNOBY8-4,2026-04-09,reb,3.5,4.74475,-1.2447499999999998,0.6815,0.6458376863963573,1.0,1.0
KXNBAREB-26APR09BOSNYK-NYKOANUNOBY8-5,2026-04-09,reb,4.5,4.74475,-0.2447499999999998,0.50925,0.48756725371634513,0.0,1.0
KXNBAREB-26APR09BOSNYK-NYKOANUNOBY8-6,2026-04-09,reb,5.5,4.74475,0.7552500000000002,0.3405,0.3448590206917571,0.0,1.0
KXNBAREB-26APR09BOSNYK-NYKOANUNOBY8-8,2026-04-09,reb,7.5,4.74475,2.75525,0.12325,0.14574679263553247,0.0,1.0
KXNBAAST-26APR09BOSNYK-BOSJTATUM0-10,2026-04-09,ast,9.5,4.7615,4.7385,0.02375,0.05070771640695393,0.0,1.0
KXNBAAST-26APR09BOSNYK-BOSJTATUM0-2,2026-04-09,ast,1.5,4.7615,-3.2615,0.95125,0.9165310161005586,1.0,1.0
KXNBAAST-26APR09BOSNYK-BOSJTATUM0-4,2026-04-09,ast,3.5,4.7615,-1.2614999999999998,0.69475,0.6502731957392966,1.0,1.0
KXNBAAST-26APR09BOSNYK-BOSJTATUM0-6,2026-04-09,ast,5.5,4.7615,0.7385000000000002,0.34325,0.34719390457885113,1.0,1.0
KXNBAAST-26APR09BOSNYK-BOSJTATUM0-8,2026-04-09,ast,7.5,4.7615,2.7385,0.1145,0.14589259171063718,1.0,1.0
KXNBAAST-26APR09BOSNYK-BOSPPRITCHARD11-2,2026-04-09,ast,1.5,3.673,-2.173,0.86575,0.8413780487535965,1.0,1.0
KXNBAAST-26APR09BOSNYK-BOSPPRITCHARD11-4,2026-04-09,ast,3.5,3.673,-0.17300000000000004,0.49925,0.4793912557774529,1.0,1.0
KXNBAAST-26APR09BOSNYK-BOSPPRITCHARD11-5,2026-04-09,ast,4.5,3.673,0.827,0.309,0.31468225018782825,1.0,1.0
KXNBAAST-26APR09BOSNYK-BOSPPRITCHARD11-6,2026-04-09,ast,5.5,3.673,1.827,0.178,0.19094430726013445,1.0,1.0
KXNBAAST-26APR09BOSNYK-BOSPPRITCHARD11-8,2026-04-09,ast,7.5,3.673,3.827,0.03775,0.057824482012085565,0.0,1.0
KXNBAAST-26APR09BOSNYK-NYKJBRUNSON11-10,2026-04-09,ast,9.5,5.996,3.5039999999999996,0.09175,0.12809437215892472,1.0,1.0
KXNBAAST-26APR09BOSNYK-NYKJBRUNSON11-12,2026-04-09,ast,11.5,5.996,5.504,0.02525,0.050902868013996794,0.0,1.0
KXNBAAST-26APR09BOSNYK-NYKJBRUNSON11-4,2026-04-09,ast,3.5,5.996,-2.4960000000000004,0.83175,0.784658447624561,1.0,1.0
KXNBAAST-26APR09BOSNYK-NYKJBRUNSON11-6,2026-04-09,ast,5.5,5.996,-0.49600000000000044,0.553,0.5188695811753645,1.0,1.0
KXNBAAST-26APR09BOSNYK-NYKJBRUNSON11-8,2026-04-09,ast,7.5,5.996,1.5039999999999996,0.2625,0.28059441484883885,1.0,1.0
KXNBAAST-26APR09BOSNYK-NYKJHART3-2,2026-04-09,ast,1.5,3.762,-2.262,0.87025,0.8495770925882112,1.0,1.0
KXNBAAST-26APR09BOSNYK-NYKJHART3-4,2026-04-09,ast,3.5,3.762,-0.262,0.5135,0.4952069497088132,0.0,1.0
KXNBAAST-26APR09BOSNYK-NYKJHART3-5,2026-04-09,ast,4.5,3.762,0.738,0.32625,0.329667365342714,0.0,1.0
KXNBAAST-26APR09BOSNYK-NYKJHART3-6,2026-04-09,ast,5.5,3.762,1.738,0.189,0.2030730803869364,0.0,1.0
KXNBAAST-26APR09BOSNYK-NYKJHART3-8,2026-04-09,ast,7.5,3.762,3.738,0.047,0.06349332990458201,0.0,1.0
KXNBA3PT-26APR09BOSNYK-BOSJTATUM0-2,2026-04-09,fg3m,1.5,2.52675,-1.0267499999999998,0.71475,0.673246353590274,1.0,1.0
KXNBA3PT-26APR09BOSNYK-BOSJTATUM0-3,2026-04-09,fg3m,2.5,2.52675,-0.02674999999999983,0.461,0.4434920790024328,0.0,1.0
KXNBA3PT-26APR09BOSNYK-BOSJTATUM0-4,2026-04-09,fg3m,3.5,2.52675,0.9732500000000002,0.24675,0.2600138529428463,0.0,1.0
KXNBA3PT-26APR09BOSNYK-BOSJTATUM0-5,2026-04-09,fg3m,4.5,2.52675,1.9732500000000002,0.118,0.13871449842902495,0.0,1.0
KXNBA3PT-26APR09BOSNYK-BOSJTATUM0-6,2026-04-09,fg3m,5.5,2.52675,2.97325,0.04625,0.06852756228917045,0.0,1.0
KXNBA3PT-26APR09BOSNYK-BOSNVUCEVIC4-1,2026-04-09,fg3m,0.5,0.6145,-0.11450000000000005,0.443,0.44623705548754977,1.0,1.0
KXNBA3PT-26APR09BOSNYK-BOSNVUCEVIC4-2,2026-04-09,fg3m,1.5,0.6145,0.8855,0.13325,0.1313018524607088,1.0,1.0
KXNBA3PT-26APR09BOSNYK-BOSNVUCEVIC4-3,2026-04-09,fg3m,2.5,0.6145,1.8855,0.0305,0.030015452681693366,0.0,1.0
KXNBA3PT-26APR09BOSNYK-BOSNVUCEVIC4-4,2026-04-09,fg3m,3.5,0.6145,2.8855,0.0055,0.005783603818512617,0.0,1.0
KXNBA3PT-26APR09BOSNYK-BOSNVUCEVIC4-5,2026-04-09,fg3m,4.5,0.6145,3.8855,0.00225,0.0009843359153093312,0.0,1.0
KXNBA3PT-26APR09BOSNYK-BOSPPRITCHARD11-1,2026-04-09,fg3m,0.5,2.123,-1.6230000000000002,0.87275,0.846363551929049,1.0,1.0
KXNBA3PT-26APR09BOSNYK-BOSPPRITCHARD11-2,2026-04-09,fg3m,1.5,2.123,-0.6230000000000002,0.6225,0.5911668836730898,1.0,1.0
KXNBA3PT-26APR09BOSNYK-BOSPPRITCHARD11-3,2026-04-09,fg3m,2.5,2.123,0.3769999999999998,0.36125,0.3514556696778989,1.0,1.0
KXNBA3PT-26APR09BOSNYK-BOSPPRITCHARD11-4,2026-04-09,fg3m,3.5,2.123,1.3769999999999998,0.16875,0.18395860772602668,0.0,1.0
KXNBA3PT-26APR09BOSNYK-BOSPPRITCHARD11-5,2026-04-09,fg3m,4.5,2.123,2.377,0.06725,0.08706858436821574,0.0,1.0
KXNBA3PT-26APR09BOSNYK-NYKJBRUNSON11-1,2026-04-09,fg3m,0.5,2.04025,-1.54025,0.86625,0.8360421976120981,1.0,1.0
KXNBA3PT-26APR09BOSNYK-NYKJBRUNSON11-2,2026-04-09,fg3m,1.5,2.04025,-0.5402499999999999,0.60025,0.5720777855927306,1.0,1.0
KXNBA3PT-26APR09BOSNYK-NYKJBRUNSON11-3,2026-04-09,fg3m,2.5,2.04025,0.4597500000000001,0.3335,0.33175703146736,0.0,1.0
KXNBA3PT-26APR09BOSNYK-NYKJBRUNSON11-4,2026-04-09,fg3m,3.5,2.04025,1.45975,0.15675,0.16899891006620937,0.0,1.0
KXNBA3PT-26APR09BOSNYK-NYKJBRUNSON11-5,2026-04-09,fg3m,4.5,2.04025,2.45975,0.05825,0.07774592422242466,0.0,1.0
KXNBA3PT-26APR09BOSNYK-NYKJHART3-1,2026-04-09,fg3m,0.5,1.14375,-0.64375,0.67675,0.6555357019727999,1.0,1.0
KXNBA3PT-26APR09BOSNYK-NYKJHART3-2,2026-04-09,fg3m,1.5,1.14375,0.35624999999999996,0.30925,0.3128932134610203,1.0,1.0
KXNBA3PT-26APR09BOSNYK-NYKJHART3-3,2026-04-09,fg3m,2.5,1.14375,1.35625,0.111,0.1201536707706563,1.0,1.0
KXNBA3PT-26APR09BOSNYK-NYKJHART3-4,2026-04-09,fg3m,3.5,1.14375,2.35625,0.03425,0.03950338254689745,1.0,1.0
KXNBA3PT-26APR09BOSNYK-NYKJHART3-5,2026-04-09,fg3m,4.5,1.14375,3.35625,0.00975,0.011565463907053042,1.0,1.0
KXNBA3PT-26APR09BOSNYK-NYKKTOWNS32-1,2026-04-09,fg3m,0.5,1.11125,-0.6112500000000001,0.66525,0.6456419203671752,1.0,1.0
KXNBA3PT-26APR09BOSNYK-NYKKTOWNS32-2,2026-04-09,fg3m,1.5,1.11125,0.38874999999999993,0.30825,0.3019011389535151,0.0,1.0
KXNBA3PT-26APR09BOSNYK-NYKKTOWNS32-3,2026-04-09,fg3m,2.5,1.11125,1.38875,0.102,0.11333991453463921,0.0,1.0
KXNBA3PT-26APR09BOSNYK-NYKKTOWNS32-4,2026-04-09,fg3m,3.5,1.11125,2.38875,0.02875,0.03639512603252526,0.0,1.0
KXNBA3PT-26APR09BOSNYK-NYKKTOWNS32-5,2026-04-09,fg3m,4.5,1.11125,3.38875,0.00575,0.01040196748673039,0.0,1.0
KXNBA3PT-26APR09BOSNYK-NYKMBRIDGES25-1,2026-04-09,fg3m,0.5,1.347,-0.847,0.72875,0.7107645876359038,1.0,1.0
KXNBA3PT-26APR09BOSNYK-NYKMBRIDGES25-2,2026-04-09,fg3m,1.5,1.347,0.15300000000000002,0.38725,0.3796006773064673,1.0,1.0
KXNBA3PT-26APR09BOSNYK-NYKMBRIDGES25-3,2026-04-09,fg3m,2.5,1.347,1.153,0.1655,0.16517976037590743,0.0,1.0
KXNBA3PT-26APR09BOSNYK-NYKMBRIDGES25-4,2026-04-09,fg3m,3.5,1.347,2.153,0.04925,0.061904383946765784,0.0,1.0
KXNBA3PT-26APR09BOSNYK-NYKMBRIDGES25-5,2026-04-09,fg3m,4.5,1.347,3.153,0.01225,0.02072503753934829,0.0,1.0
KXNBA3PT-26APR09BOSNYK-NYKOANUNOBY8-1,2026-04-09,fg3m,0.5,2.2235,-1.7235,0.88875,0.8579243359534388,1.0,1.0
KXNBA3PT-26APR09BOSNYK-NYKOANUNOBY8-2,2026-04-09,fg3m,1.5,2.2235,-0.7235,0.6475,0.6132790181482335,1.0,1.0
KXNBA3PT-26APR09BOSNYK-NYKOANUNOBY8-3,2026-04-09,fg3m,2.5,2.2235,0.27649999999999997,0.3755,0.3750543495960206,1.0,1.0
KXNBA3PT-26APR09BOSNYK-NYKOANUNOBY8-4,2026-04-09,fg3m,3.5,2.2235,1.2765,0.18975,0.2024935893976032,0.0,1.0
KXNBA3PT-26APR09BOSNYK-NYKOANUNOBY8-5,2026-04-09,fg3m,4.5,2.2235,2.2765,0.08,0.09901502755568725,0.0,1.0
KXNBAPTS-26APR09MIATOR-MIAAWIGGINS22-10,2026-04-09,pts,9.5,12.433,-2.933,0.65425,0.6463769139346229,0.0,1.0
KXNBAPTS-26APR09MIATOR-MIAAWIGGINS22-15,2026-04-09,pts,14.5,12.433,2.067,0.34075,0.3229100039874889,0.0,1.0
KXNBAPTS-26APR09MIATOR-MIAAWIGGINS22-20,2026-04-09,pts,19.5,12.433,7.067,0.13125,0.12613512440768504,0.0,1.0
KXNBAPTS-26APR09MIATOR-MIAAWIGGINS22-25,2026-04-09,pts,24.5,12.433,12.067,0.04275,0.04127368980744095,0.0,1.0
KXNBAPTS-26APR09MIATOR-MIABADEBAYO13-15,2026-04-09,pts,14.5,16.89525,-2.3952500000000008,0.59925,0.5705377311124217,1.0,1.0
KXNBAPTS-26APR09MIATOR-MIABADEBAYO13-20,2026-04-09,pts,19.5,16.89525,2.6047499999999992,0.33825,0.326517285739645,1.0,1.0
KXNBAPTS-26APR09MIATOR-MIABADEBAYO13-25,2026-04-09,pts,24.5,16.89525,7.604749999999999,0.141,0.16130836277476523,0.0,1.0
KXNBAPTS-26APR09MIATOR-MIABADEBAYO13-30,2026-04-09,pts,29.5,16.89525,12.60475,0.0515,0.07110719173965896,0.0,1.0
KXNBAPTS-26APR09MIATOR-MIADMITCHELL45-10,2026-04-09,pts,9.5,7.90475,1.59525,0.33075,0.3096566359170141,1.0,1.0
KXNBAPTS-26APR09MIATOR-MIADMITCHELL45-15,2026-04-09,pts,14.5,7.90475,6.59525,0.09075,0.07464210528523518,1.0,1.0
KXNBAPTS-26APR09MIATOR-MIADMITCHELL45-20,2026-04-09,pts,19.5,7.90475,11.59525,0.0195,0.013145925400645075,0.0,1.0
KXNBAPTS-26APR09MIATOR-MIANPOWELL24-15,2026-04-09,pts,14.5,14.85425,-0.3542500000000004,0.4835,0.4654925734376635,0.0,1.0
KXNBAPTS-26APR09MIATOR-MIANPOWELL24-20,2026-04-09,pts,19.5,14.85425,4.64575,0.23925,0.23037495073983005,0.0,1.0
KXNBAPTS-26APR09MIATOR-MIANPOWELL24-25,2026-04-09,pts,24.5,14.85425,9.64575,0.08775,0.0970926094056076,0.0,1.0
KXNBAPTS-26APR09MIATOR-MIANPOWELL24-30,2026-04-09,pts,29.5,14.85425,14.64575,0.02675,0.03624128524565118,0.0,1.0
KXNBAPTS-26APR09MIATOR-MIATHERRO14-15,2026-04-09,pts,14.5,17.3605,-2.8604999999999983,0.63125,0.5920775393587924,1.0,1.0
KXNBAPTS-26APR09MIATOR-MIATHERRO14-20,2026-04-09,pts,19.5,17.3605,2.1395000000000017,0.35975,0.3484471857486977,0.0,1.0
KXNBAPTS-26APR09MIATOR-MIATHERRO14-25,2026-04-09,pts,24.5,17.3605,7.139500000000002,0.15625,0.1775594773830954,0.0,1.0
KXNBAPTS-26APR09MIATOR-MIATHERRO14-30,2026-04-09,pts,29.5,17.3605,12.139500000000002,0.05425,0.08087130034789491,0.0,1.0
KXNBAPTS-26APR09MIATOR-TORIQUICKLEY5-10,2026-04-09,pts,9.5,13.0535,-3.5534999999999997,0.681,0.6798775316427017,1.0,1.0
KXNBAPTS-26APR09MIATOR-TORIQUICKLEY5-15,2026-04-09,pts,14.5,13.0535,1.4465000000000003,0.3795,0.3606754548419484,0.0,1.0
KXNBAPTS-26APR09MIATOR-TORIQUICKLEY5-20,2026-04-09,pts,19.5,13.0535,6.4465,0.158,0.15094700785904236,0.0,1.0
KXNBAPTS-26APR09MIATOR-TORIQUICKLEY5-25,2026-04-09,pts,24.5,13.0535,11.4465,0.05425,0.053143927187811024,0.0,1.0
KXNBAPTS-26APR09MIATOR-TORJPOELTL19-10,2026-04-09,pts,9.5,9.9295,-0.4295000000000009,0.4985,0.47855309049512085,0.0,1.0
KXNBAPTS-26APR09MIATOR-TORJPOELTL19-15,2026-04-09,pts,14.5,9.9295,4.570499999999999,0.175,0.17306316730434645,0.0,1.0
KXNBAPTS-26APR09MIATOR-TORJPOELTL19-20,2026-04-09,pts,19.5,9.9295,9.5705,0.04275,0.047154851441383205,0.0,1.0
KXNBAPTS-26APR09MIATOR-TORRBARRETT9-15,2026-04-09,pts,14.5,16.799,-2.2989999999999995,0.604,0.5659673379001409,1.0,1.0
KXNBAPTS-26APR09MIATOR-TORRBARRETT9-20,2026-04-09,pts,19.5,16.799,2.7010000000000005,0.32925,0.32196531446262755,1.0,1.0
KXNBAPTS-26APR09MIATOR-TORRBARRETT9-25,2026-04-09,pts,24.5,16.799,7.7010000000000005,0.13375,0.1580088333940456,0.0,1.0
KXNBAPTS-26APR09MIATOR-TORRBARRETT9-30,2026-04-09,pts,29.5,16.799,12.701,0.04225,0.06916826097892892,0.0,1.0
KXNBAPTS-26APR09MIATOR-TORSBARNES4-10,2026-04-09,pts,9.5,14.02225,-4.52225,0.7645,0.7262245080024576,1.0,1.0
KXNBAPTS-26APR09MIATOR-TORSBARNES4-15,2026-04-09,pts,14.5,14.02225,0.47775000000000034,0.443,0.41820278882876083,0.0,1.0
KXNBAPTS-26APR09MIATOR-TORSBARNES4-20,2026-04-09,pts,19.5,14.02225,5.47775,0.18025,0.19258391904436778,0.0,1.0
KXNBAPTS-26APR09MIATOR-TORSBARNES4-25,2026-04-09,pts,24.5,14.02225,10.47775,0.05125,0.07509951527000513,0.0,1.0
KXNBAREB-26APR09MIATOR-MIAAWIGGINS22-2,2026-04-09,reb,1.5,4.36125,-2.86125,0.918,0.8925945292325478,0.0,1.0
KXNBAREB-26APR09MIATOR-MIAAWIGGINS22-4,2026-04-09,reb,3.5,4.36125,-0.8612500000000001,0.618,0.5915205377480379,0.0,1.0
KXNBAREB-26APR09MIATOR-MIAAWIGGINS22-5,2026-04-09,reb,4.5,4.36125,0.13874999999999993,0.441,0.4280987154639564,0.0,1.0
KXNBAREB-26APR09MIATOR-MIAAWIGGINS22-6,2026-04-09,reb,5.5,4.36125,1.13875,0.289,0.28908943055216196,0.0,1.0
KXNBAREB-26APR09MIATOR-MIAAWIGGINS22-8,2026-04-09,reb,7.5,4.36125,3.13875,0.08725,0.11050869825781173,0.0,1.0
KXNBAREB-26APR09MIATOR-MIABADEBAYO13-10,2026-04-09,reb,9.5,8.5795,0.9205000000000005,0.372,0.3675609067787754,1.0,1.0
KXNBAREB-26APR09MIATOR-MIABADEBAYO13-11,2026-04-09,reb,10.5,8.5795,1.9205000000000005,0.2795,0.28409667574691566,1.0,1.0
KXNBAREB-26APR09MIATOR-MIABADEBAYO13-12,2026-04-09,reb,11.5,8.5795,2.9205000000000005,0.19075,0.21407533892768438,0.0,1.0
KXNBAREB-26APR09MIATOR-MIABADEBAYO13-14,2026-04-09,reb,13.5,8.5795,4.9205000000000005,0.08025,0.11347335054232566,0.0,1.0
KXNBAREB-26APR09MIATOR-MIABADEBAYO13-16,2026-04-09,reb,15.5,8.5795,6.9205000000000005,0.02825,0.05549702782879318,0.0,1.0
KXNBAREB-26APR09MIATOR-MIANPOWELL24-2,2026-04-09,reb,1.5,2.97875,-1.4787499999999998,0.7735,0.7577787773654617,0.0,1.0
KXNBAREB-26APR09MIATOR-MIANPOWELL24-3,2026-04-09,reb,2.5,2.97875,-0.4787499999999998,0.56075,0.5439224491561698,0.0,1.0
KXNBAREB-26APR09MIATOR-MIANPOWELL24-4,2026-04-09,reb,3.5,2.97875,0.5212500000000002,0.35275,0.3473460818485312,0.0,1.0
KXNBAREB-26APR09MIATOR-MIANPOWELL24-6,2026-04-09,reb,5.5,2.97875,2.52125,0.0935,0.10660400167555839,0.0,1.0
KXNBAREB-26APR09MIATOR-MIANPOWELL24-8,2026-04-09,reb,7.5,2.97875,4.52125,0.01925,0.024526382426531268,0.0,1.0
KXNBAREB-26APR09MIATOR-MIATHERRO14-2,2026-04-09,reb,1.5,4.08475,-2.5847499999999997,0.90475,0.8738495224082725,1.0,1.0
KXNBAREB-26APR09MIATOR-MIATHERRO14-4,2026-04-09,reb,3.5,4.08475,-0.5847499999999997,0.57025,0.548439943827304,1.0,1.0
KXNBAREB-26APR09MIATOR-MIATHERRO14-5,2026-04-09,reb,4.5,4.08475,0.41525000000000034,0.389,0.3833358016420224,0.0,1.0
KXNBAREB-26APR09MIATOR-MIATHERRO14-6,2026-04-09,reb,5.5,4.08475,1.4152500000000003,0.237,0.24925398456003156,0.0,1.0
KXNBAREB-26APR09MIATOR-MIATHERRO14-8,2026-04-09,reb,7.5,4.08475,3.4152500000000003,0.06575,0.08785018463803285,0.0,1.0
KXNBAREB-26APR09MIATOR-TORIQUICKLEY5-10,2026-04-09,reb,9.5,3.50875,5.99125,0.0065,0.011602175911244905,0.0,1.0
KXNBAREB-26APR09MIATOR-TORIQUICKLEY5-2,2026-04-09,reb,1.5,3.50875,-2.00875,0.84075,0.8230318068236462,1.0,1.0
KXNBAREB-26APR09MIATOR-TORIQUICKLEY5-4,2026-04-09,reb,3.5,3.50875,-0.008750000000000036,0.45625,0.4486921686569676,0.0,1.0
KXNBAREB-26APR09MIATOR-TORIQUICKLEY5-6,2026-04-09,reb,5.5,3.50875,1.99125,0.1645,0.17021395989602328,0.0,1.0
KXNBAREB-26APR09MIATOR-TORIQUICKLEY5-8,2026-04-09,reb,7.5,3.50875,3.99125,0.036,0.04919375016013405,0.0,1.0
KXNBAREB-26APR09MIATOR-TORJPOELTL19-10,2026-04-09,reb,9.5,6.386,3.114,0.133,0.1612897343466907,0.0,1.0
KXNBAREB-26APR09MIATOR-TORJPOELTL19-12,2026-04-09,reb,11.5,6.386,5.114,0.046,0.06987628164402715,0.0,1.0
KXNBAREB-26APR09MIATOR-TORJPOELTL19-4,2026-04-09,reb,3.5,6.386,-2.886,0.84675,0.812909208898124,0.0,1.0
KXNBAREB-26APR09MIATOR-TORJPOELTL19-6,2026-04-09,reb,5.5,6.386,-0.8860000000000001,0.59075,0.5653227822836266,0.0,1.0
KXNBAREB-26APR09MIATOR-TORJPOELTL19-8,2026-04-09,reb,7.5,6.386,1.1139999999999999,0.323,0.32677823886959045,0.0,1.0
KXNBAREB-26APR09MIATOR-TORRBARRETT9-10,2026-04-09,reb,9.5,5.0835,4.4165,0.03925,0.06878733152732708,0.0,1.0
KXNBAREB-26APR09MIATOR-TORRBARRETT9-2,2026-04-09,reb,1.5,5.0835,-3.5835,0.9505,0.9289941902979489,1.0,1.0
KXNBAREB-26APR09MIATOR-TORRBARRETT9-4,2026-04-09,reb,3.5,5.0835,-1.5835,0.73125,0.6886352450307534,1.0,1.0
KXNBAREB-26APR09MIATOR-TORRBARRETT9-6,2026-04-09,reb,5.5,5.0835,0.4165000000000001,0.40975,0.39364352352098064,1.0,1.0
KXNBAREB-26APR09MIATOR-TORRBARRETT9-8,2026-04-09,reb,7.5,5.0835,2.4165,0.154,0.17995430758058173,0.0,1.0
KXNBAREB-26APR09MIATOR-TORSBARNES4-10,2026-04-09,reb,9.5,5.8415,3.6585,0.08875,0.11825203619137747,0.0,1.0
KXNBAREB-26APR09MIATOR-TORSBARNES4-12,2026-04-09,reb,11.5,5.8415,5.6585,0.02525,0.04632055627981069,0.0,1.0
KXNBAREB-26APR09MIATOR-TORSBARNES4-4,2026-04-09,reb,3.5,5.8415,-2.3415,0.805,0.7680743012168292,1.0,1.0
KXNBAREB-26APR09MIATOR-TORSBARNES4-6,2026-04-09,reb,5.5,5.8415,-0.3414999999999999,0.521,0.49749702616532543,0.0,1.0
KXNBAREB-26APR09MIATOR-TORSBARNES4-8,2026-04-09,reb,7.5,5.8415,1.6585,0.2545,0.26364097953994436,0.0,1.0
KXNBAAST-26APR09MIATOR-MIABADEBAYO13-10,2026-04-09,ast,9.5,2.75375,6.74625,0.001,0.0026814425336443293,0.0,1.0
KXNBAAST-26APR09MIATOR-MIABADEBAYO13-2,2026-04-09,ast,1.5,2.75375,-1.2537500000000001,0.74625,0.7250002219657249,1.0,1.0
KXNBAAST-26APR09MIATOR-MIABADEBAYO13-4,2026-04-09,ast,3.5,2.75375,0.7462499999999999,0.304,0.3026311297902582,1.0,1.0
KXNBAAST-26APR09MIATOR-MIABADEBAYO13-6,2026-04-09,ast,5.5,2.75375,2.74625,0.0715,0.08247001321957592,1.0,1.0
KXNBAAST-26APR09MIATOR-MIABADEBAYO13-8,2026-04-09,ast,7.5,2.75375,4.74625,0.01125,0.01660515383317307,1.0,1.0
KXNBAAST-26APR09MIATOR-MIADMITCHELL45-10,2026-04-09,ast,9.5,4.4765,5.0235,0.02575,0.03829475644891078,1.0,1.0
KXNBAAST-26APR09MIATOR-MIADMITCHELL45-2,2026-04-09,ast,1.5,4.4765,-2.9764999999999997,0.921,0.9014197454386021,1.0,1.0
KXNBAAST-26APR09MIATOR-MIADMITCHELL45-4,2026-04-09,ast,3.5,4.4765,-0.9764999999999997,0.63175,0.6104390537141373,1.0,1.0
KXNBAAST-26APR09MIATOR-MIADMITCHELL45-6,2026-04-09,ast,5.5,4.4765,1.0235000000000003,0.2965,0.305426498241243,1.0,1.0
KXNBAAST-26APR09MIATOR-MIADMITCHELL45-8,2026-04-09,ast,7.5,4.4765,3.0235000000000003,0.10075,0.11918758072210645,1.0,1.0
KXNBAAST-26APR09MIATOR-MIANPOWELL24-10,2026-04-09,ast,9.5,1.7955,7.7044999999999995,0.0,0.00014574311991755184,0.0,1.0
KXNBAAST-26APR09MIATOR-MIANPOWELL24-2,2026-04-09,ast,1.5,1.7955,-0.2955000000000001,0.52475,0.5175262330988222,0.0,1.0
KXNBAAST-26APR09MIATOR-MIANPOWELL24-4,2026-04-09,ast,3.5,1.7955,1.7045,0.12025,0.12209617935256012,0.0,1.0
KXNBAAST-26APR09MIATOR-MIANPOWELL24-6,2026-04-09,ast,5.5,1.7955,3.7045,0.014,0.017458320439862174,0.0,1.0
KXNBAAST-26APR09MIATOR-MIANPOWELL24-8,2026-04-09,ast,7.5,1.7955,5.7044999999999995,0.00075,0.0017929091874053782,0.0,1.0
KXNBAAST-26APR09MIATOR-MIATHERRO14-2,2026-04-09,ast,1.5,3.57475,-2.07475,0.8645,0.8317931015012573,1.0,1.0
KXNBAAST-26APR09MIATOR-MIATHERRO14-4,2026-04-09,ast,3.5,3.57475,-0.07474999999999987,0.47775,0.4615928622952894,1.0,1.0
KXNBAAST-26APR09MIATOR-MIATHERRO14-5,2026-04-09,ast,4.5,3.57475,0.9252500000000001,0.29025,0.2981363349646121,0.0,1.0
KXNBAAST-26APR09MIATOR-MIATHERRO14-6,2026-04-09,ast,5.5,3.57475,1.9252500000000001,0.1545,0.17780449475871163,0.0,1.0
KXNBAAST-26APR09MIATOR-MIATHERRO14-8,2026-04-09,ast,7.5,3.57475,3.92525,0.034,0.05191212636671594,0.0,1.0
KXNBAAST-26APR09MIATOR-TORIQUICKLEY5-10,2026-04-09,ast,9.5,4.1095,5.3905,0.01225,0.02538074385457212,0.0,1.0
KXNBAAST-26APR09MIATOR-TORIQUICKLEY5-2,2026-04-09,ast,1.5,4.1095,-2.6094999999999997,0.9,0.877628407891517,1.0,1.0
KXNBAAST-26APR09MIATOR-TORIQUICKLEY5-4,2026-04-09,ast,3.5,4.1095,-0.6094999999999997,0.5745,0.5539473966727759,1.0,1.0
KXNBAAST-26APR09MIATOR-TORIQUICKLEY5-6,2026-04-09,ast,5.5,4.1095,1.3905000000000003,0.24675,0.25203792044639817,0.0,1.0
KXNBAAST-26APR09MIATOR-TORIQUICKLEY5-8,2026-04-09,ast,7.5,4.1095,3.3905000000000003,0.0705,0.08840136816097743,0.0,1.0
KXNBAAST-26APR09MIATOR-TORJPOELTL19-2,2026-04-09,ast,1.5,1.7125,-0.2124999999999999,0.50675,0.49436167304307177,0.0,1.0
KXNBAAST-26APR09MIATOR-TORJPOELTL19-3,2026-04-09,ast,2.5,1.7125,0.7875000000000001,0.2545,0.2509390125673041,0.0,1.0
KXNBAAST-26APR09MIATOR-TORJPOELTL19-4,2026-04-09,ast,3.5,1.7125,1.7875,0.10075,0.10878038183072314,0.0,1.0
KXNBAAST-26APR09MIATOR-TORJPOELTL19-6,2026-04-09,ast,5.5,1.7125,3.7875,0.00875,0.014413878965239935,0.0,1.0
KXNBAAST-26APR09MIATOR-TORJPOELTL19-8,2026-04-09,ast,7.5,1.7125,5.7875,0.00075,0.00136849404934547,0.0,1.0
KXNBAAST-26APR09MIATOR-TORRBARRETT9-10,2026-04-09,ast,9.5,2.80675,6.69325,0.00025,0.003018282159757635,0.0,1.0
KXNBAAST-26APR09MIATOR-TORRBARRETT9-2,2026-04-09,ast,1.5,2.80675,-1.30675,0.76925,0.7335768935426996,1.0,1.0
KXNBAAST-26APR09MIATOR-TORRBARRETT9-4,2026-04-09,ast,3.5,2.80675,0.6932499999999999,0.304,0.3132117353093592,0.0,1.0
KXNBAAST-26APR09MIATOR-TORRBARRETT9-6,2026-04-09,ast,5.5,2.80675,2.69325,0.07075,0.08765912750031934,0.0,1.0
KXNBAAST-26APR09MIATOR-TORRBARRETT9-8,2026-04-09,ast,7.5,2.80675,4.69325,0.00875,0.01815615688646277,0.0,1.0
KXNBAAST-26APR09MIATOR-TORSBARNES4-10,2026-04-09,ast,9.5,4.7285,4.7715,0.0265,0.04916200780532687,0.0,1.0
KXNBAAST-26APR09MIATOR-TORSBARNES4-12,2026-04-09,ast,11.5,4.7285,6.7715,0.00475,0.014572539274828045,0.0,1.0
KXNBAAST-26APR09MIATOR-TORSBARNES4-6,2026-04-09,ast,5.5,4.7285,0.7714999999999996,0.33875,0.3423656417130406,0.0,1.0
KXNBAAST-26APR09MIATOR-TORSBARNES4-7,2026-04-09,ast,6.5,4.7285,1.7714999999999996,0.2045,0.22701015522475276,0.0,1.0
KXNBAAST-26APR09MIATOR-TORSBARNES4-8,2026-04-09,ast,7.5,4.7285,2.7714999999999996,0.11425,0.14268758732886933,0.0,1.0
KXNBA3PT-26APR09MIATOR-MIANPOWELL24-1,2026-04-09,fg3m,0.5,1.8335,-1.3335,0.82375,0.8066458776322432,0.0,1.0
KXNBA3PT-26APR09MIATOR-MIANPOWELL24-2,2026-04-09,fg3m,1.5,1.8335,-0.3334999999999999,0.5385,0.5207903134488288,0.0,1.0
KXNBA3PT-26APR09MIATOR-MIANPOWELL24-3,2026-04-09,fg3m,2.5,1.8335,0.6665000000000001,0.287,0.2818043060361827,0.0,1.0
KXNBA3PT-26APR09MIATOR-MIANPOWELL24-4,2026-04-09,fg3m,3.5,1.8335,1.6665,0.12,0.13317522643149582,0.0,1.0
KXNBA3PT-26APR09MIATOR-MIANPOWELL24-5,2026-04-09,fg3m,4.5,1.8335,2.6665,0.04575,0.05665290653514865,0.0,1.0
KXNBA3PT-26APR09MIATOR-MIATHERRO14-1,2026-04-09,fg3m,0.5,2.1415,-1.6415000000000002,0.86925,0.8485692648377623,1.0,1.0
KXNBA3PT-26APR09MIATOR-MIATHERRO14-2,2026-04-09,fg3m,1.5,2.1415,-0.6415000000000002,0.62,0.5953246916842975,1.0,1.0
KXNBA3PT-26APR09MIATOR-MIATHERRO14-3,2026-04-09,fg3m,2.5,2.1415,0.3584999999999998,0.3665,0.35582835573268157,1.0,1.0
KXNBA3PT-26APR09MIATOR-MIATHERRO14-4,2026-04-09,fg3m,3.5,2.1415,1.3584999999999998,0.178,0.18734263870658419,0.0,1.0
KXNBA3PT-26APR09MIATOR-MIATHERRO14-5,2026-04-09,fg3m,4.5,2.1415,2.3585,0.0715,0.08921748899885207,0.0,1.0
KXNBA3PT-26APR09MIATOR-TORSBARNES4-1,2026-04-09,fg3m,0.5,0.70775,-0.20775,0.498,0.4917780673672,1.0,1.0
KXNBA3PT-26APR09MIATOR-TORSBARNES4-2,2026-04-09,fg3m,1.5,0.70775,0.79225,0.16575,0.1626034971204089,1.0,1.0
KXNBA3PT-26APR09MIATOR-TORSBARNES4-3,2026-04-09,fg3m,2.5,0.70775,1.7922500000000001,0.036,0.04203557941895819,0.0,1.0
KXNBA3PT-26APR09MIATOR-TORSBARNES4-4,2026-04-09,fg3m,3.5,0.70775,2.79225,0.0065,0.009185022662431819,0.0,1.0
KXNBA3PT-26APR09MIATOR-TORSBARNES4-5,2026-04-09,fg3m,4.5,0.70775,3.79225,0.00125,0.0017752184404734583,0.0,1.0
KXNBAAST-26APR09CHIWAS-WASBCARRINGTON7-10,2026-04-09,ast,9.5,4.82525,4.67475,0.0395,0.0537742718688593,0.0,1.0
KXNBAAST-26APR09CHIWAS-WASBCARRINGTON7-2,2026-04-09,ast,1.5,4.82525,-3.3252499999999996,0.93775,0.919565057592583,1.0,1.0
KXNBAAST-26APR09CHIWAS-WASBCARRINGTON7-4,2026-04-09,ast,3.5,4.82525,-1.3252499999999996,0.68075,0.6587041343250086,1.0,1.0
KXNBAAST-26APR09CHIWAS-WASBCARRINGTON7-6,2026-04-09,ast,5.5,4.82525,0.6747500000000004,0.36575,0.35650713489645913,0.0,1.0
KXNBAAST-26APR09CHIWAS-WASBCARRINGTON7-8,2026-04-09,ast,7.5,4.82525,2.6747500000000004,0.138,0.15216220142436565,0.0,1.0
KXNBAPTS-26APR08ATLCLE-ATLCMCCOLLUM3-15,2026-04-08,pts,14.5,16.18825,-1.68825,0.57,0.5360599039075671,0.0,1.0
KXNBAPTS-26APR08ATLCLE-ATLCMCCOLLUM3-20,2026-04-08,pts,19.5,16.18825,3.31175,0.2935,0.29303057035836944,0.0,1.0
KXNBAPTS-26APR08ATLCLE-ATLCMCCOLLUM3-25,2026-04-08,pts,24.5,16.18825,8.31175,0.11475,0.13763102891625212,0.0,1.0
KXNBAPTS-26APR08ATLCLE-ATLCMCCOLLUM3-30,2026-04-08,pts,29.5,16.18825,13.31175,0.033,0.05753119167462639,0.0,1.0
KXNBAPTS-26APR08ATLCLE-ATLDDANIELS5-10,2026-04-08,pts,9.5,11.18825,-1.68825,0.59075,0.5695366931093526,1.0,1.0
KXNBAPTS-26APR08ATLCLE-ATLDDANIELS5-15,2026-04-08,pts,14.5,11.18825,3.31175,0.2565,0.24682024777286704,0.0,1.0
KXNBAPTS-26APR08ATLCLE-ATLDDANIELS5-20,2026-04-08,pts,19.5,11.18825,8.31175,0.06875,0.08212515856341385,0.0,1.0
KXNBAPTS-26APR08ATLCLE-ATLJJOHNSON1-15,2026-04-08,pts,14.5,18.46575,-3.96575,0.69275,0.6395872280173682,0.0,1.0
KXNBAPTS-26APR08ATLCLE-ATLJJOHNSON1-20,2026-04-08,pts,19.5,18.46575,1.0342500000000001,0.411,0.3997062775071619,0.0,1.0
KXNBAPTS-26APR08ATLCLE-ATLJJOHNSON1-25,2026-04-08,pts,24.5,18.46575,6.03425,0.19575,0.2178304845763297,0.0,1.0
KXNBAPTS-26APR08ATLCLE-ATLJJOHNSON1-30,2026-04-08,pts,29.5,18.46575,11.03425,0.07175,0.10653374331571674,0.0,1.0
KXNBAPTS-26APR08ATLCLE-ATLJKUMINGA0-10,2026-04-08,pts,9.5,9.014,0.48600000000000065,0.41025,0.404808129967124,1.0,1.0
KXNBAPTS-26APR08ATLCLE-ATLJKUMINGA0-15,2026-04-08,pts,14.5,9.014,5.486000000000001,0.1355,0.12444371866273662,1.0,1.0
KXNBAPTS-26APR08ATLCLE-ATLJKUMINGA0-20,2026-04-08,pts,19.5,9.014,10.486,0.03425,0.02842631409825891,1.0,1.0
KXNBAPTS-26APR08ATLCLE-ATLJKUMINGA0-25,2026-04-08,pts,24.5,9.014,15.486,0.00575,0.00531488958336912,0.0,1.0
KXNBAPTS-26APR08ATLCLE-ATLNALEXANDERWALKER7-15,2026-04-08,pts,14.5,18.556,-4.056000000000001,0.689,0.6432417142641329,1.0,1.0
KXNBAPTS-26APR08ATLCLE-ATLNALEXANDERWALKER7-20,2026-04-08,pts,19.5,18.556,0.9439999999999991,0.422,0.4038205445119951,1.0,1.0
KXNBAPTS-26APR08ATLCLE-ATLNALEXANDERWALKER7-25,2026-04-08,pts,24.5,18.556,5.943999999999999,0.2055,0.2212015281682349,1.0,1.0
KXNBAPTS-26APR08ATLCLE-ATLNALEXANDERWALKER7-30,2026-04-08,pts,29.5,18.556,10.943999999999999,0.08,0.10877294541652294,0.0,1.0
KXNBAPTS-26APR08ATLCLE-ATLOOKONGWU17-10,2026-04-08,pts,9.5,12.7515,-3.2515,0.67625,0.663959295814596,1.0,1.0
KXNBAPTS-26APR08ATLCLE-ATLOOKONGWU17-15,2026-04-08,pts,14.5,12.7515,1.7485,0.3625,0.34235471250007576,1.0,1.0
KXNBAPTS-26APR08ATLCLE-ATLOOKONGWU17-20,2026-04-08,pts,19.5,12.7515,6.7485,0.13725,0.13866310618020816,0.0,1.0
KXNBAPTS-26APR08ATLCLE-ATLOOKONGWU17-25,2026-04-08,pts,24.5,12.7515,11.7485,0.041,0.04714896661528922,0.0,1.0
KXNBAPTS-26APR08ATLCLE-CLEEMOBLEY4-10,2026-04-08,pts,9.5,15.88325,-6.38325,0.8325,0.7973599872181024,1.0,1.0
KXNBAPTS-26APR08ATLCLE-CLEEMOBLEY4-15,2026-04-08,pts,14.5,15.88325,-1.3832500000000003,0.548,0.5205459855859638,1.0,1.0
KXNBAPTS-26APR08ATLCLE-CLEEMOBLEY4-20,2026-04-08,pts,19.5,15.88325,3.6167499999999997,0.27225,0.27859122657450786,1.0,1.0
KXNBAPTS-26APR08ATLCLE-CLEEMOBLEY4-25,2026-04-08,pts,24.5,15.88325,8.61675,0.10525,0.12784957701088762,0.0,1.0
KXNBAPTS-26APR08ATLCLE-CLEEMOBLEY4-30,2026-04-08,pts,29.5,15.88325,13.61675,0.0315,0.052159137629064545,0.0,1.0
KXNBAPTS-26APR08ATLCLE-CLEJALLEN31-10,2026-04-08,pts,9.5,13.29625,-3.7962500000000006,0.6955,0.692154055509432,1.0,1.0
KXNBAPTS-26APR08ATLCLE-CLEJALLEN31-15,2026-04-08,pts,14.5,13.29625,1.2037499999999994,0.39375,0.37528995663435816,1.0,1.0
KXNBAPTS-26APR08ATLCLE-CLEJALLEN31-20,2026-04-08,pts,19.5,13.29625,6.203749999999999,0.16575,0.1610818487311596,0.0,1.0
KXNBAPTS-26APR08ATLCLE-CLEJALLEN31-25,2026-04-08,pts,24.5,13.29625,11.20375,0.05375,0.05825939998571539,0.0,1.0
KXNBAPTS-26APR08ATLCLE-CLEJHARDEN1-15,2026-04-08,pts,14.5,17.44092219020173,-2.9409221902017286,0.6187731576780569,0.5957079748479365,1.0,0.60725
KXNBAPTS-26APR08ATLCLE-CLEJHARDEN1-20,2026-04-08,pts,19.5,17.44092219020173,2.0590778097982714,0.36969946480032934,0.3522219907090425,1.0,0.60725
KXNBAPTS-26APR08ATLCLE-CLEJHARDEN1-25,2026-04-08,pts,24.5,17.44092219020173,7.059077809798271,0.16632358995471389,0.18041598932925373,0.0,0.60725
KXNBAPTS-26APR08ATLCLE-CLEJHARDEN1-30,2026-04-08,pts,29.5,17.44092219020173,12.059077809798271,0.059283655825442566,0.08262370573938016,0.0,0.60725
KXNBAREB-26APR08ATLCLE-ATLDDANIELS5-10,2026-04-08,reb,9.5,5.99675,3.5032500000000004,0.096,0.1299539993760931,0.0,1.0
KXNBAREB-26APR08ATLCLE-ATLDDANIELS5-12,2026-04-08,reb,11.5,5.99675,5.50325,0.02725,0.05246362092325718,0.0,1.0
KXNBAREB-26APR08ATLCLE-ATLDDANIELS5-6,2026-04-08,reb,5.5,5.99675,-0.4967499999999996,0.54075,0.5174874042338378,1.0,1.0
KXNBAREB-26APR08ATLCLE-ATLDDANIELS5-7,2026-04-08,reb,6.5,5.99675,0.5032500000000004,0.39575,0.3904094549536178,1.0,1.0
KXNBAREB-26APR08ATLCLE-ATLDDANIELS5-8,2026-04-08,reb,7.5,5.99675,1.5032500000000004,0.27125,0.28152265983348257,0.0,1.0
KXNBAREB-26APR08ATLCLE-ATLJJOHNSON1-10,2026-04-08,reb,9.5,8.63525,0.8647500000000008,0.373,0.37298024944578634,1.0,1.0
KXNBAREB-26APR08ATLCLE-ATLJJOHNSON1-12,2026-04-08,reb,11.5,8.63525,2.864750000000001,0.17425,0.21849418015301558,0.0,1.0
KXNBAREB-26APR08ATLCLE-ATLJJOHNSON1-14,2026-04-08,reb,13.5,8.63525,4.864750000000001,0.07525,0.11652882511085616,0.0,1.0
KXNBAREB-26APR08ATLCLE-ATLJJOHNSON1-6,2026-04-08,reb,5.5,8.63525,-3.135249999999999,0.83325,0.7735692174278059,1.0,1.0
KXNBAREB-26APR08ATLCLE-ATLJJOHNSON1-8,2026-04-08,reb,7.5,8.63525,-1.1352499999999992,0.61875,0.5710396133360176,1.0,1.0
KXNBAREB-26APR08ATLCLE-ATLJKUMINGA0-2,2026-04-08,reb,1.5,4.0945,-2.5945,0.9055,0.8745656133515529,1.0,1.0
KXNBAREB-26APR08ATLCLE-ATLJKUMINGA0-4,2026-04-08,reb,3.5,4.0945,-0.5945,0.563,0.5500143136970729,1.0,1.0
KXNBAREB-26APR08ATLCLE-ATLJKUMINGA0-5,2026-04-08,reb,4.5,4.0945,0.40549999999999997,0.3815,0.38493535363901643,1.0,1.0
KXNBAREB-26APR08ATLCLE-ATLJKUMINGA0-6,2026-04-08,reb,5.5,4.0945,1.4055,0.24075,0.2506456251266076,1.0,1.0
KXNBAREB-26APR08ATLCLE-ATLJKUMINGA0-8,2026-04-08,reb,7.5,4.0945,3.4055,0.07475,0.08860634007584434,0.0,1.0
KXNBAREB-26APR08ATLCLE-ATLNALEXANDERWALKER7-10,2026-04-08,reb,9.5,3.21325,6.28675,0.00225,0.0071067986587239895,0.0,1.0
KXNBAREB-26APR08ATLCLE-ATLNALEXANDERWALKER7-2,2026-04-08,reb,1.5,3.21325,-1.71325,0.82225,0.7892136851132002,1.0,1.0
KXNBAREB-26APR08ATLCLE-ATLNALEXANDERWALKER7-4,2026-04-08,reb,3.5,3.21325,0.28675000000000006,0.39875,0.393036925294846,1.0,1.0
KXNBAREB-26APR08ATLCLE-ATLNALEXANDERWALKER7-6,2026-04-08,reb,5.5,3.21325,2.28675,0.1145,0.1333350844116934,0.0,1.0
KXNBAREB-26APR08ATLCLE-ATLNALEXANDERWALKER7-8,2026-04-08,reb,7.5,3.21325,4.28675,0.01925,0.03415038108225188,0.0,1.0
KXNBAREB-26APR08ATLCLE-ATLOOKONGWU17-10,2026-04-08,reb,9.5,6.60525,2.89475,0.16325,0.1800451506922719,0.0,1.0
KXNBAREB-26APR08ATLCLE-ATLOOKONGWU17-12,2026-04-08,reb,11.5,6.60525,4.89475,0.05425,0.08092902588612616,0.0,1.0
KXNBAREB-26APR08ATLCLE-ATLOOKONGWU17-4,2026-04-08,reb,3.5,6.60525,-3.10525,0.8695,0.8284790366164986,1.0,1.0
KXNBAREB-26APR08ATLCLE-ATLOOKONGWU17-6,2026-04-08,reb,5.5,6.60525,-1.1052499999999998,0.62275,0.5907512355490926,0.0,1.0
KXNBAREB-26APR08ATLCLE-ATLOOKONGWU17-8,2026-04-08,reb,7.5,6.60525,0.8947500000000002,0.3545,0.35231000976309934,0.0,1.0
KXNBAREB-26APR08ATLCLE-CLEEMOBLEY4-10,2026-04-08,reb,9.5,7.48775,2.01225,0.23975,0.26132033060650206,1.0,1.0
KXNBAREB-26APR08ATLCLE-CLEEMOBLEY4-12,2026-04-08,reb,11.5,7.48775,4.01225,0.09775,0.13379688701906134,1.0,1.0
KXNBAREB-26APR08ATLCLE-CLEEMOBLEY4-6,2026-04-08,reb,5.5,7.48775,-1.9877500000000001,0.7275,0.6816519747697654,1.0,1.0
KXNBAREB-26APR08ATLCLE-CLEEMOBLEY4-8,2026-04-08,reb,7.5,7.48775,0.012249999999999872,0.465,0.45271455028870333,1.0,1.0
KXNBAREB-26APR08ATLCLE-CLEEMOBLEY4-9,2026-04-08,reb,8.5,7.48775,1.0122499999999999,0.33875,0.3495960637709261,1.0,1.0
KXNBAREB-26APR08ATLCLE-CLEJALLEN31-10,2026-04-08,reb,9.5,7.29375,2.20625,0.22375,0.2428499925648776,0.0,1.0
KXNBAREB-26APR08ATLCLE-CLEJALLEN31-12,2026-04-08,reb,11.5,7.29375,4.20625,0.087,0.12110405237803734,0.0,1.0
KXNBAREB-26APR08ATLCLE-CLEJALLEN31-4,2026-04-08,reb,3.5,7.29375,-3.79375,0.90625,0.8694936145652075,1.0,1.0
KXNBAREB-26APR08ATLCLE-CLEJALLEN31-6,2026-04-08,reb,5.5,7.29375,-1.7937500000000002,0.70325,0.6632398768123705,1.0,1.0
KXNBAREB-26APR08ATLCLE-CLEJALLEN31-8,2026-04-08,reb,7.5,7.29375,0.20624999999999982,0.44475,0.4311539579637915,1.0,1.0
KXNBAREB-26APR08ATLCLE-CLEJHARDEN1-2,2026-04-08,reb,1.5,4.439275421984355,-2.9392754219843553,0.9291889666529436,0.8973378621842214,1.0,0.60725
KXNBAREB-26APR08ATLCLE-CLEJHARDEN1-4,2026-04-08,reb,3.5,4.439275421984355,-0.9392754219843553,0.6294771510909839,0.603084241126028,1.0,0.60725
KXNBAREB-26APR08ATLCLE-CLEJHARDEN1-5,2026-04-08,reb,4.5,4.439275421984355,0.06072457801564468,0.45821325648414984,0.44047054944738784,1.0,0.60725
KXNBAREB-26APR08ATLCLE-CLEJHARDEN1-6,2026-04-08,reb,5.5,4.439275421984355,1.0607245780156447,0.2980650473445863,0.30042422894099696,0.0,0.60725
KXNBAREB-26APR08ATLCLE-CLEJHARDEN1-8,2026-04-08,reb,7.5,4.439275421984355,3.0607245780156447,0.0893371757925072,0.11733862660572092,0.0,0.60725
KXNBAAST-26APR08ATLCLE-ATLCMCCOLLUM3-2,2026-04-08,ast,1.5,3.528,-2.028,0.857,0.8270264436115841,1.0,1.0
KXNBAAST-26APR08ATLCLE-ATLCMCCOLLUM3-4,2026-04-08,ast,3.5,3.528,-0.028000000000000025,0.46925,0.4530045649040544,1.0,1.0
KXNBAAST-26APR08ATLCLE-ATLCMCCOLLUM3-5,2026-04-08,ast,4.5,3.528,0.972,0.2785,0.29027219807042637,0.0,1.0
KXNBAAST-26APR08ATLCLE-ATLCMCCOLLUM3-6,2026-04-08,ast,5.5,3.528,1.972,0.14925,0.17165312123015453,0.0,1.0
KXNBAAST-26APR08ATLCLE-ATLCMCCOLLUM3-8,2026-04-08,ast,7.5,3.528,3.972,0.032,0.04922706141572408,0.0,1.0
KXNBAAST-26APR08ATLCLE-ATLJJOHNSON1-10,2026-04-08,ast,9.5,5.85275,3.6472499999999997,0.0835,0.11729750959107554,0.0,1.0
KXNBAAST-26APR08ATLCLE-ATLJJOHNSON1-12,2026-04-08,ast,11.5,5.85275,5.64725,0.019,0.04531068169531827,0.0,1.0
KXNBAAST-26APR08ATLCLE-ATLJJOHNSON1-4,2026-04-08,ast,3.5,5.85275,-2.3527500000000003,0.8235,0.7719647575263338,1.0,1.0
KXNBAAST-26APR08ATLCLE-ATLJJOHNSON1-6,2026-04-08,ast,5.5,5.85275,-0.35275000000000034,0.5265,0.5002586701303511,1.0,1.0
KXNBAAST-26APR08ATLCLE-ATLJJOHNSON1-8,2026-04-08,ast,7.5,5.85275,1.6472499999999997,0.2435,0.26396465189205187,0.0,1.0
KXNBAAST-26APR08ATLCLE-ATLNALEXANDERWALKER7-10,2026-04-08,ast,9.5,3.1455,6.3545,0.002,0.005985696164141574,0.0,1.0
KXNBAAST-26APR08ATLCLE-ATLNALEXANDERWALKER7-2,2026-04-08,ast,1.5,3.1455,-1.6455000000000002,0.80925,0.782500902312524,1.0,1.0
KXNBAAST-26APR08ATLCLE-ATLNALEXANDERWALKER7-4,2026-04-08,ast,3.5,3.1455,0.3544999999999998,0.38525,0.3802355828132534,0.0,1.0
KXNBAAST-26APR08ATLCLE-ATLNALEXANDERWALKER7-6,2026-04-08,ast,5.5,3.1455,2.3545,0.103,0.12425616598925493,0.0,1.0
KXNBAAST-26APR08ATLCLE-ATLNALEXANDERWALKER7-8,2026-04-08,ast,7.5,3.1455,4.3545,0.0205,0.0303660913259598,0.0,1.0
KXNBAAST-26APR08ATLCLE-ATLOOKONGWU17-2,2026-04-08,ast,1.5,2.49575,-0.9957500000000001,0.704,0.6792950733644674,0.0,1.0
KXNBAAST-26APR08ATLCLE-ATLOOKONGWU17-3,2026-04-08,ast,2.5,2.49575,0.004249999999999865,0.44,0.4416157824438185,0.0,1.0
KXNBAAST-26APR08ATLCLE-ATLOOKONGWU17-4,2026-04-08,ast,3.5,2.49575,1.0042499999999999,0.24375,0.25128535393281237,0.0,1.0
KXNBAAST-26APR08ATLCLE-ATLOOKONGWU17-6,2026-04-08,ast,5.5,2.49575,3.00425,0.05175,0.059492339175123865,0.0,1.0
KXNBAAST-26APR08ATLCLE-ATLOOKONGWU17-8,2026-04-08,ast,7.5,2.49575,5.00425,0.00775,0.010325843539520818,0.0,1.0
KXNBAAST-26APR08ATLCLE-CLEJHARDEN1-10,2026-04-08,ast,9.5,5.911486208316179,3.5885137916838206,0.08686702346644709,0.12167301678674636,0.0,0.60725
KXNBAAST-26APR08ATLCLE-CLEJHARDEN1-12,2026-04-08,ast,11.5,5.911486208316179,5.588513791683821,0.02387813915191437,0.04755592085374294,0.0,0.60725
KXNBAAST-26APR08ATLCLE-CLEJHARDEN1-6,2026-04-08,ast,5.5,5.911486208316179,-0.41148620831617944,0.5347879785920132,0.507941314339162,0.0,0.60725
KXNBAAST-26APR08ATLCLE-CLEJHARDEN1-8,2026-04-08,ast,7.5,5.911486208316179,1.5885137916838206,0.25483738163853437,0.27076666702754715,0.0,0.60725
KXNBAAST-26APR08ATLCLE-CLEJHARDEN1-9,2026-04-08,ast,8.5,5.911486208316179,2.5885137916838206,0.1560312885961301,0.18503889335839363,0.0,0.60725
KXNBA3PT-26APR08ATLCLE-ATLCMCCOLLUM3-1,2026-04-08,fg3m,0.5,2.00275,-1.5027499999999998,0.86725,0.8311082969688433,0.0,1.0
KXNBA3PT-26APR08ATLCLE-ATLCMCCOLLUM3-2,2026-04-08,fg3m,1.5,2.00275,-0.5027499999999998,0.58925,0.5631595412585386,0.0,1.0
KXNBA3PT-26APR08ATLCLE-ATLCMCCOLLUM3-3,2026-04-08,fg3m,2.5,2.00275,0.4972500000000002,0.31475,0.32276323876320956,0.0,1.0
KXNBA3PT-26APR08ATLCLE-ATLCMCCOLLUM3-4,2026-04-08,fg3m,3.5,2.00275,1.4972500000000002,0.1515,0.1623244726064489,0.0,1.0
KXNBA3PT-26APR08ATLCLE-ATLCMCCOLLUM3-5,2026-04-08,fg3m,4.5,2.00275,2.49725,0.05525,0.0736815904901531,0.0,1.0
KXNBA3PT-26APR08ATLCLE-ATLJJOHNSON1-1,2026-04-08,fg3m,0.5,1.51725,-1.01725,0.772,0.7493941513307376,0.0,1.0
KXNBA3PT-26APR08ATLCLE-ATLJJOHNSON1-2,2026-04-08,fg3m,1.5,1.51725,-0.017249999999999988,0.44775,0.43220655482239767,0.0,1.0
KXNBA3PT-26APR08ATLCLE-ATLJJOHNSON1-3,2026-04-08,fg3m,2.5,1.51725,0.98275,0.201,0.2051814948855013,0.0,1.0
KXNBA3PT-26APR08ATLCLE-ATLJJOHNSON1-4,2026-04-08,fg3m,3.5,1.51725,1.98275,0.074,0.08430638194680473,0.0,1.0
KXNBA3PT-26APR08ATLCLE-ATLJJOHNSON1-5,2026-04-08,fg3m,4.5,1.51725,2.9827500000000002,0.018,0.03102775651894296,0.0,1.0
KXNBA3PT-26APR08ATLCLE-ATLNALEXANDERWALKER7-2,2026-04-08,fg3m,1.5,2.95875,-1.4587500000000002,0.7785,0.7430295365834368,1.0,1.0
KXNBA3PT-26APR08ATLCLE-ATLNALEXANDERWALKER7-3,2026-04-08,fg3m,2.5,2.95875,-0.4587500000000002,0.557,0.5320963468520569,1.0,1.0
KXNBA3PT-26APR08ATLCLE-ATLNALEXANDERWALKER7-4,2026-04-08,fg3m,3.5,2.95875,0.5412499999999998,0.35125,0.34289327912526824,1.0,1.0
KXNBA3PT-26APR08ATLCLE-ATLNALEXANDERWALKER7-5,2026-04-08,fg3m,4.5,2.95875,1.5412499999999998,0.18925,0.20239711980391806,0.0,1.0
KXNBA3PT-26APR08ATLCLE-ATLNALEXANDERWALKER7-6,2026-04-08,fg3m,5.5,2.95875,2.54125,0.09125,0.11108581086063185,0.0,1.0
KXNBA3PT-26APR08ATLCLE-CLEJHARDEN1-1,2026-04-08,fg3m,0.5,2.543845203787567,-2.043845203787567,0.9201317414573899,0.8887008094739004,1.0,0.60725
KXNBA3PT-26APR08ATLCLE-CLEJHARDEN1-2,2026-04-08,fg3m,1.5,2.543845203787567,-1.043845203787567,0.7118155619596542,0.6763406030106306,1.0,0.60725
KXNBA3PT-26APR08ATLCLE-CLEJHARDEN1-3,2026-04-08,fg3m,2.5,2.543845203787567,-0.043845203787566955,0.46480032935364346,0.44720800396429217,1.0,0.60725
KXNBA3PT-26APR08ATLCLE-CLEJHARDEN1-4,2026-04-08,fg3m,3.5,2.543845203787567,0.956154796212433,0.2556607657472211,0.26329767777231505,1.0,0.60725
KXNBA3PT-26APR08ATLCLE-CLEJHARDEN1-5,2026-04-08,fg3m,4.5,2.543845203787567,1.956154796212433,0.11939069575957184,0.1410956611265739,0.0,0.60725
KXNBAPTS-26APR08MEMDEN-DENAGORDON32-10,2026-04-08,pts,9.5,13.90275,-4.402749999999999,0.73725,0.7208808344383841,0.0,1.0
KXNBAPTS-26APR08MEMDEN-DENAGORDON32-15,2026-04-08,pts,14.5,13.90275,0.5972500000000007,0.42925,0.4112335620635261,0.0,1.0
KXNBAPTS-26APR08MEMDEN-DENAGORDON32-20,2026-04-08,pts,19.5,13.90275,5.597250000000001,0.18675,0.18728937776417487,0.0,1.0
KXNBAPTS-26APR08MEMDEN-DENAGORDON32-25,2026-04-08,pts,24.5,13.90275,10.59725,0.0655,0.07217211060087958,0.0,1.0
KXNBAPTS-26APR08MEMDEN-DENCBRAUN0-10,2026-04-08,pts,9.5,11.6265,-2.1265,0.61,0.598089623032032,1.0,1.0
KXNBAPTS-26APR08MEMDEN-DENCBRAUN0-15,2026-04-08,pts,14.5,11.6265,2.8735,0.28425,0.27349228508699364,0.0,1.0
KXNBAPTS-26APR08MEMDEN-DENCBRAUN0-20,2026-04-08,pts,19.5,11.6265,7.8735,0.1,0.09664361541608879,0.0,1.0
KXNBAPTS-26APR08MEMDEN-DENCJOHNSON23-10,2026-04-08,pts,9.5,11.15775,-1.65775,0.57,0.5674885048546541,1.0,1.0
KXNBAPTS-26APR08MEMDEN-DENCJOHNSON23-15,2026-04-08,pts,14.5,11.15775,3.34225,0.2735,0.24497561076107122,1.0,1.0
KXNBAPTS-26APR08MEMDEN-DENCJOHNSON23-20,2026-04-08,pts,19.5,11.15775,8.34225,0.09,0.08115744771344313,0.0,1.0
KXNBAPTS-26APR08MEMDEN-DENCJOHNSON23-25,2026-04-08,pts,24.5,11.15775,13.34225,0.02025,0.022327505993469887,0.0,1.0
KXNBAPTS-26APR08MEMDEN-DENJMURRAY27-15,2026-04-08,pts,14.5,21.8175,-7.317499999999999,0.82475,0.7541827912729195,1.0,1.0
KXNBAPTS-26APR08MEMDEN-DENJMURRAY27-20,2026-04-08,pts,19.5,21.8175,-2.317499999999999,0.58925,0.541713832564677,1.0,1.0
KXNBAPTS-26APR08MEMDEN-DENJMURRAY27-25,2026-04-08,pts,24.5,21.8175,2.682500000000001,0.34525,0.34631767285802384,1.0,1.0
KXNBAPTS-26APR08MEMDEN-DENJMURRAY27-30,2026-04-08,pts,29.5,21.8175,7.682500000000001,0.15875,0.20108299189317125,0.0,1.0
KXNBAPTS-26APR08MEMDEN-DENJMURRAY27-35,2026-04-08,pts,34.5,21.8175,12.682500000000001,0.06275,0.10794426194200157,0.0,1.0
KXNBAPTS-26APR08MEMDEN-DENNJOKIC15-20,2026-04-08,pts,19.5,24.266,-4.765999999999998,0.7065,0.6285657870026828,0.0,1.0
KXNBAPTS-26APR08MEMDEN-DENNJOKIC15-25,2026-04-08,pts,24.5,24.266,0.23400000000000176,0.466,0.4378134794363646,0.0,1.0
KXNBAPTS-26APR08MEMDEN-DENNJOKIC15-30,2026-04-08,pts,29.5,24.266,5.234000000000002,0.249,0.27930698828498823,0.0,1.0
KXNBAPTS-26APR08MEMDEN-DENNJOKIC15-35,2026-04-08,pts,34.5,24.266,10.234000000000002,0.1105,0.16561563500463605,0.0,1.0
KXNBAPTS-26APR08MEMDEN-MEMCCOWARD23-10,2026-04-08,pts,9.5,11.1335,-1.6334999999999997,0.56825,0.5658543666263522,1.0,1.0
KXNBAPTS-26APR08MEMDEN-MEMCCOWARD23-15,2026-04-08,pts,14.5,11.1335,3.3665000000000003,0.25725,0.24351031482172958,1.0,1.0
KXNBAPTS-26APR08MEMDEN-MEMCCOWARD23-20,2026-04-08,pts,19.5,11.1335,8.3665,0.085,0.08039210626265758,1.0,1.0
KXNBAPTS-26APR08MEMDEN-MEMCCOWARD23-25,2026-04-08,pts,24.5,11.1335,13.3665,0.021,0.022036574946310727,1.0,1.0
KXNBAREB-26APR08MEMDEN-DENAGORDON32-10,2026-04-08,reb,9.5,5.0155,4.4845,0.0455,0.06502720878075685,0.0,1.0
KXNBAREB-26APR08MEMDEN-DENAGORDON32-2,2026-04-08,reb,1.5,5.0155,-3.5155000000000003,0.93775,0.9262043203258586,1.0,1.0
KXNBAREB-26APR08MEMDEN-DENAGORDON32-4,2026-04-08,reb,3.5,5.0155,-1.5155000000000003,0.7095,0.6804246913696033,0.0,1.0
KXNBAREB-26APR08MEMDEN-DENAGORDON32-6,2026-04-08,reb,5.5,5.0155,0.4844999999999997,0.39275,0.38392827361482995,0.0,1.0
KXNBAREB-26APR08MEMDEN-DENAGORDON32-8,2026-04-08,reb,7.5,5.0155,2.4844999999999997,0.15275,0.17288770727427194,0.0,1.0
KXNBAREB-26APR08MEMDEN-DENCJOHNSON23-10,2026-04-08,reb,9.5,3.59275,5.9072499999999994,0.008,0.013180469528773497,0.0,1.0
KXNBAREB-26APR08MEMDEN-DENCJOHNSON23-2,2026-04-08,reb,1.5,3.59275,-2.09275,0.859,0.8315943904213029,1.0,1.0
KXNBAREB-26APR08MEMDEN-DENCJOHNSON23-4,2026-04-08,reb,3.5,3.59275,-0.09275000000000011,0.47925,0.46401486793634805,0.0,1.0
KXNBAREB-26APR08MEMDEN-DENCJOHNSON23-6,2026-04-08,reb,5.5,3.59275,1.90725,0.16525,0.1812392906032967,0.0,1.0
KXNBAREB-26APR08MEMDEN-DENCJOHNSON23-8,2026-04-08,reb,7.5,3.59275,3.90725,0.0405,0.05407078465858006,0.0,1.0
KXNBAREB-26APR08MEMDEN-DENNJOKIC15-10,2026-04-08,reb,9.5,11.453,-1.9529999999999994,0.69525,0.6189038329516692,1.0,1.0
KXNBAREB-26APR08MEMDEN-DENNJOKIC15-12,2026-04-08,reb,11.5,11.453,0.0470000000000006,0.48125,0.4522616840398702,1.0,1.0
KXNBAREB-26APR08MEMDEN-DENNJOKIC15-13,2026-04-08,reb,12.5,11.453,1.0470000000000006,0.37675,0.3755344845774685,1.0,1.0
KXNBAREB-26APR08MEMDEN-DENNJOKIC15-14,2026-04-08,reb,13.5,11.453,2.0470000000000006,0.2705,0.3062305108135994,1.0,1.0
KXNBAREB-26APR08MEMDEN-DENNJOKIC15-16,2026-04-08,reb,15.5,11.453,4.047000000000001,0.13475,0.19364917076377675,1.0,1.0
KXNBAAST-26APR08MEMDEN-DENAGORDON32-2,2026-04-08,ast,1.5,2.46925,-0.9692500000000002,0.68875,0.6742099790114426,1.0,1.0
KXNBAAST-26APR08MEMDEN-DENAGORDON32-3,2026-04-08,ast,2.5,2.46925,0.030749999999999833,0.4425,0.4355340878813687,1.0,1.0
KXNBAAST-26APR08MEMDEN-DENAGORDON32-4,2026-04-08,ast,3.5,2.46925,1.0307499999999998,0.24425,0.24605600630721158,1.0,1.0
KXNBAAST-26APR08MEMDEN-DENAGORDON32-6,2026-04-08,ast,5.5,2.46925,3.03075,0.0485,0.0573545510734913,1.0,1.0
KXNBAAST-26APR08MEMDEN-DENAGORDON32-8,2026-04-08,ast,7.5,2.46925,5.030749999999999,0.0075,0.009793249647276014,0.0,1.0
KXNBAAST-26APR08MEMDEN-DENJMURRAY27-10,2026-04-08,ast,9.5,5.6595,3.8404999999999996,0.06625,0.10342766995638975,0.0,1.0
KXNBAAST-26APR08MEMDEN-DENJMURRAY27-12,2026-04-08,ast,11.5,5.6595,5.8405,0.01425,0.03838938788536739,0.0,1.0
KXNBAAST-26APR08MEMDEN-DENJMURRAY27-6,2026-04-08,ast,5.5,5.6595,-0.15950000000000042,0.5035,0.4744966455776818,0.0,1.0
KXNBAAST-26APR08MEMDEN-DENJMURRAY27-7,2026-04-08,ast,6.5,5.6595,0.8404999999999996,0.34625,0.34700513041627734,0.0,1.0
KXNBAAST-26APR08MEMDEN-DENJMURRAY27-8,2026-04-08,ast,7.5,5.6595,1.8404999999999996,0.219,0.24178972720822556,0.0,1.0
KXNBAAST-26APR08MEMDEN-DENNJOKIC15-10,2026-04-08,ast,9.5,8.892,0.6080000000000005,0.39925,0.3980112061526244,1.0,1.0
KXNBAAST-26APR08MEMDEN-DENNJOKIC15-11,2026-04-08,ast,10.5,8.892,1.6080000000000005,0.28,0.31143323474609874,0.0,1.0
KXNBAAST-26APR08MEMDEN-DENNJOKIC15-12,2026-04-08,ast,11.5,8.892,2.6080000000000005,0.18875,0.23749937223125528,0.0,1.0
KXNBAAST-26APR08MEMDEN-DENNJOKIC15-14,2026-04-08,ast,13.5,8.892,4.6080000000000005,0.07275,0.1287767850565532,0.0,1.0
KXNBAAST-26APR08MEMDEN-DENNJOKIC15-16,2026-04-08,ast,15.5,8.892,6.6080000000000005,0.0195,0.06430198765409378,0.0,1.0
KXNBA3PT-26APR08MEMDEN-DENAGORDON32-1,2026-04-08,fg3m,0.5,1.4145,-0.9145000000000001,0.75475,0.7268339590490185,0.0,1.0
KXNBA3PT-26APR08MEMDEN-DENAGORDON32-2,2026-04-08,fg3m,1.5,1.4145,0.08549999999999991,0.408,0.4008459999507792,0.0,1.0
KXNBA3PT-26APR08MEMDEN-DENAGORDON32-3,2026-04-08,fg3m,2.5,1.4145,1.0855,0.17075,0.18085292057658553,0.0,1.0
KXNBA3PT-26APR08MEMDEN-DENAGORDON32-4,2026-04-08,fg3m,3.5,1.4145,2.0854999999999997,0.06025,0.07041404668921414,0.0,1.0
KXNBA3PT-26APR08MEMDEN-DENAGORDON32-5,2026-04-08,fg3m,4.5,1.4145,3.0854999999999997,0.01575,0.02451666137660613,0.0,1.0
KXNBA3PT-26APR08MEMDEN-DENJMURRAY27-2,2026-04-08,fg3m,1.5,2.75625,-1.25625,0.764,0.7124262666938016,1.0,1.0
KXNBA3PT-26APR08MEMDEN-DENJMURRAY27-3,2026-04-08,fg3m,2.5,2.75625,-0.2562500000000001,0.52325,0.49196896596700146,1.0,1.0
KXNBA3PT-26APR08MEMDEN-DENJMURRAY27-4,2026-04-08,fg3m,3.5,2.75625,0.7437499999999999,0.2885,0.3041665694723741,1.0,1.0
KXNBA3PT-26APR08MEMDEN-DENJMURRAY27-5,2026-04-08,fg3m,4.5,2.75625,1.74375,0.14225,0.17172302373188975,1.0,1.0
KXNBA3PT-26APR08MEMDEN-DENJMURRAY27-6,2026-04-08,fg3m,5.5,2.75625,2.74375,0.06,0.0899736741899877,0.0,1.0
KXNBA3PT-26APR08MEMDEN-DENNJOKIC15-1,2026-04-08,fg3m,0.5,1.481,-0.9810000000000001,0.7625,0.741684676686637,0.0,1.0
KXNBA3PT-26APR08MEMDEN-DENNJOKIC15-2,2026-04-08,fg3m,1.5,1.481,0.018999999999999906,0.433,0.4212814359902859,0.0,1.0
KXNBA3PT-26APR08MEMDEN-DENNJOKIC15-3,2026-04-08,fg3m,2.5,1.481,1.019,0.1915,0.1965435765392276,0.0,1.0
KXNBA3PT-26APR08MEMDEN-DENNJOKIC15-4,2026-04-08,fg3m,3.5,1.481,2.019,0.068,0.079280557592463,0.0,1.0
KXNBA3PT-26APR08MEMDEN-DENNJOKIC15-5,2026-04-08,fg3m,4.5,1.481,3.019,0.0185,0.028628286012301607,0.0,1.0
KXNBAPTS-26APR08MILDET-DETATHOMPSON9-10,2026-04-08,pts,9.5,9.91625,-0.4162499999999998,0.50625,0.47752764943703474,1.0,1.0
KXNBAPTS-26APR08MILDET-DETATHOMPSON9-15,2026-04-08,pts,14.5,9.91625,4.58375,0.1715,0.1723221228017756,0.0,1.0
KXNBAPTS-26APR08MILDET-DETATHOMPSON9-20,2026-04-08,pts,19.5,9.91625,9.58375,0.0375,0.04684291156134546,0.0,1.0
KXNBAPTS-26APR08MILDET-DETATHOMPSON9-25,2026-04-08,pts,24.5,9.91625,14.58375,0.00525,0.010485753063400383,0.0,1.0
KXNBAPTS-26APR08MILDET-DETDROBINSON55-10,2026-04-08,pts,9.5,11.228270042194092,-1.728270042194092,0.569620253164557,0.5722121480405955,1.0,0.5925
KXNBAPTS-26APR08MILDET-DETDROBINSON55-15,2026-04-08,pts,14.5,11.228270042194092,3.271729957805908,0.2729957805907173,0.24924339784628013,1.0,0.5925
KXNBAPTS-26APR08MILDET-DETDROBINSON55-20,2026-04-08,pts,19.5,11.228270042194092,8.271729957805908,0.08649789029535865,0.08340353052245308,1.0,0.5925
KXNBAPTS-26APR08MILDET-DETDROBINSON55-25,2026-04-08,pts,24.5,11.228270042194092,13.271729957805908,0.024894514767932488,0.023187821506603035,0.0,0.5925
KXNBAPTS-26APR08MILDET-DETTHARRIS12-10,2026-04-08,pts,9.5,11.273710482529118,-1.7737104825291183,0.5727953410981698,0.5752333964186995,1.0,0.601
KXNBAPTS-26APR08MILDET-DETTHARRIS12-15,2026-04-08,pts,14.5,11.273710482529118,3.2262895174708817,0.2778702163061564,0.2519983330483062,0.0,0.601
KXNBAPTS-26APR08MILDET-DETTHARRIS12-20,2026-04-08,pts,19.5,11.273710482529118,8.226289517470882,0.10565723793677205,0.08486682252226663,0.0,0.601
KXNBAPTS-26APR08MILDET-DETTHARRIS12-25,2026-04-08,pts,24.5,11.273710482529118,13.226289517470882,0.024958402662229616,0.023753483334219228,0.0,0.601
KXNBAREB-26APR08MILDET-DETATHOMPSON9-10,2026-04-08,reb,9.5,5.5195,3.9805,0.07625,0.09560893177366214,0.0,1.0
KXNBAREB-26APR08MILDET-DETATHOMPSON9-2,2026-04-08,reb,1.5,5.5195,-4.0195,0.961,0.9444153439159902,1.0,1.0
KXNBAREB-26APR08MILDET-DETATHOMPSON9-4,2026-04-08,reb,3.5,5.5195,-2.0195,0.76775,0.7369382385012457,1.0,1.0
KXNBAREB-26APR08MILDET-DETATHOMPSON9-6,2026-04-08,reb,5.5,5.5195,-0.01949999999999985,0.4675,0.45453225023366717,0.0,1.0
KXNBAREB-26APR08MILDET-DETATHOMPSON9-8,2026-04-08,reb,7.5,5.5195,1.9805000000000001,0.2135,0.2271809765320053,0.0,1.0
KXNBAREB-26APR08MILDET-DETTHARRIS12-10,2026-04-08,reb,9.5,4.688435940099834,4.811564059900166,0.04326123128119801,0.04859598841146773,0.0,0.601
KXNBAREB-26APR08MILDET-DETTHARRIS12-2,2026-04-08,reb,1.5,4.688435940099834,-3.1884359400998337,0.910981697171381,0.9110631390287467,1.0,0.601
KXNBAREB-26APR08MILDET-DETTHARRIS12-4,2026-04-08,reb,3.5,4.688435940099834,-1.1884359400998337,0.64891846921797,0.6382564452974995,1.0,0.601
KXNBAREB-26APR08MILDET-DETTHARRIS12-6,2026-04-08,reb,5.5,4.688435940099834,0.8115640599001663,0.3348585690515807,0.3366790224002578,0.0,0.601
KXNBAREB-26APR08MILDET-DETTHARRIS12-8,2026-04-08,reb,7.5,4.688435940099834,2.8115640599001663,0.13394342762063227,0.14032130173405055,0.0,0.601
KXNBAAST-26APR08MILDET-DETATHOMPSON9-10,2026-04-08,ast,9.5,3.40525,6.0947499999999994,0.005,0.009416623763827459,0.0,1.0
KXNBAAST-26APR08MILDET-DETATHOMPSON9-2,2026-04-08,ast,1.5,3.40525,-1.90525,0.84175,0.813845159747131,1.0,1.0
KXNBAAST-26APR08MILDET-DETATHOMPSON9-4,2026-04-08,ast,3.5,3.40525,0.09474999999999989,0.4435,0.43011082372927967,1.0,1.0
KXNBAAST-26APR08MILDET-DETATHOMPSON9-6,2026-04-08,ast,5.5,3.40525,2.09475,0.13975,0.1558429203632048,0.0,1.0
KXNBAAST-26APR08MILDET-DETATHOMPSON9-8,2026-04-08,ast,7.5,3.40525,4.0947499999999994,0.0265,0.04257179752011131,0.0,1.0
KXNBAAST-26APR08MILDET-DETTHARRIS12-10,2026-04-08,ast,9.5,2.379783693843594,7.120216306156406,0.00041597337770382697,0.0010472378044438235,0.0,0.601
KXNBAAST-26APR08MILDET-DETTHARRIS12-2,2026-04-08,ast,1.5,2.379783693843594,-0.8797836938435939,0.6663893510815307,0.6564765205458482,1.0,0.601
KXNBAAST-26APR08MILDET-DETTHARRIS12-4,2026-04-08,ast,3.5,2.379783693843594,1.120216306156406,0.22587354409317803,0.22851134164725773,0.0,0.601
KXNBAAST-26APR08MILDET-DETTHARRIS12-6,2026-04-08,ast,5.5,2.379783693843594,3.120216306156406,0.05033277870216306,0.05045238003655417,0.0,0.601
KXNBAAST-26APR08MILDET-DETTHARRIS12-8,2026-04-08,ast,7.5,2.379783693843594,5.120216306156406,0.006239600665557404,0.008138009354259679,0.0,0.601
KXNBA3PT-26APR08MILDET-DETDROBINSON55-1,2026-04-08,fg3m,0.5,2.5248945147679325,-2.0248945147679325,0.9160337552742616,0.8871060133296539,1.0,0.5925
KXNBA3PT-26APR08MILDET-DETDROBINSON55-2,2026-04-08,fg3m,1.5,2.5248945147679325,-1.0248945147679325,0.7084388185654008,0.6729087466292881,1.0,0.5925
KXNBA3PT-26APR08MILDET-DETDROBINSON55-3,2026-04-08,fg3m,2.5,2.5248945147679325,-0.024894514767932474,0.4569620253164557,0.4430877790141551,1.0,0.5925
KXNBA3PT-26APR08MILDET-DETDROBINSON55-4,2026-04-08,fg3m,3.5,2.5248945147679325,0.9751054852320675,0.25274261603375525,0.25965756873046664,1.0,0.5925
KXNBA3PT-26APR08MILDET-DETDROBINSON55-5,2026-04-08,fg3m,4.5,2.5248945147679325,1.9751054852320675,0.12025316455696203,0.13845687547662422,0.0,0.5925
KXNBA3PT-26APR08MILDET-DETTHARRIS12-1,2026-04-08,fg3m,0.5,1.0187188019966722,-0.5187188019966722,0.6214642262895175,0.6156663322405495,1.0,0.601
KXNBA3PT-26APR08MILDET-DETTHARRIS12-2,2026-04-08,fg3m,1.5,1.0187188019966722,0.4812811980033278,0.2749584026622296,0.27023672669871557,1.0,0.601
KXNBA3PT-26APR08MILDET-DETTHARRIS12-3,2026-04-08,fg3m,2.5,1.0187188019966722,1.4812811980033278,0.09026622296173045,0.09466956341332378,0.0,0.601
KXNBA3PT-26APR08MILDET-DETTHARRIS12-4,2026-04-08,fg3m,3.5,1.0187188019966722,2.4812811980033276,0.02870216306156406,0.028290286306350554,0.0,0.601
KXNBA3PT-26APR08MILDET-DETTHARRIS12-5,2026-04-08,fg3m,4.5,1.0187188019966722,3.4812811980033276,0.0029118136439267887,0.007513672378827052,0.0,0.601
KXNBAPTS-26APR08OKCLAC-LACBLOPEZ11-10,2026-04-08,pts,9.5,8.5905,0.9094999999999995,0.384,0.36901159965705643,1.0,1.0
KXNBAPTS-26APR08OKCLAC-LACBLOPEZ11-15,2026-04-08,pts,14.5,8.5905,5.9094999999999995,0.127,0.10408136077708163,1.0,1.0
KXNBAPTS-26APR08OKCLAC-LACBLOPEZ11-20,2026-04-08,pts,19.5,8.5905,10.9095,0.03475,0.02167378921791363,0.0,1.0
KXNBAPTS-26APR08OKCLAC-LACBLOPEZ11-25,2026-04-08,pts,24.5,8.5905,15.9095,0.00625,0.003683843581229862,0.0,1.0
KXNBAPTS-26APR08OKCLAC-LACDJONES5-10,2026-04-08,pts,9.5,7.89475,1.6052499999999998,0.33075,0.30878412340084205,1.0,1.0
KXNBAPTS-26APR08OKCLAC-LACDJONES5-15,2026-04-08,pts,14.5,7.89475,6.60525,0.08475,0.07424808008657424,0.0,1.0
KXNBAPTS-26APR08OKCLAC-LACDJONES5-20,2026-04-08,pts,19.5,7.89475,11.60525,0.01575,0.013042275379968382,0.0,1.0
KXNBAPTS-26APR08OKCLAC-LACJCOLLINS20-10,2026-04-08,pts,9.5,10.11575,-0.6157500000000002,0.50925,0.49282498379462814,1.0,1.0
KXNBAPTS-26APR08OKCLAC-LACJCOLLINS20-15,2026-04-08,pts,14.5,10.11575,4.38425,0.19825,0.1835762612603684,0.0,1.0
KXNBAPTS-26APR08OKCLAC-LACJCOLLINS20-20,2026-04-08,pts,19.5,10.11575,9.38425,0.052,0.05166632090528844,0.0,1.0
KXNBAPTS-26APR08OKCLAC-LACJCOLLINS20-25,2026-04-08,pts,24.5,10.11575,14.38425,0.01075,0.01199046358362621,0.0,1.0
KXNBAPTS-26APR08OKCLAC-LACKLEONARD2-20,2026-04-08,pts,19.5,20.49175,-0.9917499999999997,0.52175,0.48847355889587707,1.0,1.0
KXNBAPTS-26APR08OKCLAC-LACKLEONARD2-25,2026-04-08,pts,24.5,20.49175,4.00825,0.2875,0.2951810595704546,0.0,1.0
KXNBAPTS-26APR08OKCLAC-LACKLEONARD2-30,2026-04-08,pts,29.5,20.49175,9.00825,0.1205,0.16124820893377945,0.0,1.0
KXNBAPTS-26APR08OKCLAC-LACKLEONARD2-35,2026-04-08,pts,34.5,20.49175,14.00825,0.0465,0.08120208192065836,0.0,1.0
KXNBAPTS-26APR08OKCLAC-OKCCHOLMGREN7-10,2026-04-08,pts,9.5,11.889,-2.3889999999999993,0.63075,0.6144077975707956,1.0,1.0
KXNBAPTS-26APR08OKCLAC-OKCCHOLMGREN7-15,2026-04-08,pts,14.5,11.889,2.6110000000000007,0.2995,0.28956526455330667,1.0,1.0
KXNBAPTS-26APR08OKCLAC-OKCCHOLMGREN7-20,2026-04-08,pts,19.5,11.889,7.611000000000001,0.102,0.10586652338869385,1.0,1.0
KXNBAPTS-26APR08OKCLAC-OKCCHOLMGREN7-25,2026-04-08,pts,24.5,11.889,12.611,0.03075,0.03230288494630096,1.0,1.0
KXNBAPTS-26APR08OKCLAC-OKCIHARTENSTEIN55-10,2026-04-08,pts,9.5,6.309,3.191,0.2065,0.17364507007238006,1.0,1.0
KXNBAPTS-26APR08OKCLAC-OKCIHARTENSTEIN55-15,2026-04-08,pts,14.5,6.309,8.190999999999999,0.04025,0.025951400047145246,0.0,1.0
KXNBAPTS-26APR08OKCLAC-OKCIHARTENSTEIN55-20,2026-04-08,pts,19.5,6.309,13.190999999999999,0.00475,0.0027663961890628253,0.0,1.0
KXNBAPTS-26APR08OKCLAC-OKCJWILLIAMS8-10,2026-04-08,pts,9.5,12.973344439816744,-3.473344439816744,0.6872136609745939,0.6757230088432991,1.0,0.60025
KXNBAPTS-26APR08OKCLAC-OKCJWILLIAMS8-15,2026-04-08,pts,14.5,12.973344439816744,1.526655560183256,0.37817576009995835,0.3558264653142199,1.0,0.60025
KXNBAPTS-26APR08OKCLAC-OKCJWILLIAMS8-20,2026-04-08,pts,19.5,12.973344439816744,6.526655560183256,0.14285714285714285,0.1476503208761466,0.0,0.60025
KXNBAPTS-26APR08OKCLAC-OKCJWILLIAMS8-25,2026-04-08,pts,24.5,12.973344439816744,11.526655560183256,0.04039983340274885,0.0515127086037549,0.0,0.60025
KXNBAPTS-26APR08OKCLAC-OKCLDORT5-10,2026-04-08,pts,9.5,6.69575,2.8042499999999997,0.243,0.2053582473728719,0.0,1.0
KXNBAPTS-26APR08OKCLAC-OKCLDORT5-15,2026-04-08,pts,14.5,6.69575,7.80425,0.0595,0.035073520793962754,0.0,1.0
KXNBAPTS-26APR08OKCLAC-OKCLDORT5-20,2026-04-08,pts,19.5,6.69575,12.80425,0.01075,0.004297505226780851,0.0,1.0
KXNBAPTS-26APR08OKCLAC-OKCSGILGEOUSALEXANDER2-20,2026-04-08,pts,19.5,22.67525,-3.1752499999999984,0.638,0.5738620342491878,1.0,1.0
KXNBAPTS-26APR08OKCLAC-OKCSGILGEOUSALEXANDER2-25,2026-04-08,pts,24.5,22.67525,1.8247500000000016,0.39475,0.37898534852923427,0.0,1.0
KXNBAPTS-26APR08OKCLAC-OKCSGILGEOUSALEXANDER2-30,2026-04-08,pts,29.5,22.67525,6.824750000000002,0.1925,0.22799831196809173,0.0,1.0
KXNBAPTS-26APR08OKCLAC-OKCSGILGEOUSALEXANDER2-35,2026-04-08,pts,34.5,22.67525,11.824750000000002,0.078,0.12705008865370104,0.0,1.0
KXNBAPTS-26APR08OKCLAC-OKCSGILGEOUSALEXANDER2-40,2026-04-08,pts,39.5,22.67525,16.82475,0.03075,0.06647422699479966,0.0,1.0
KXNBAREB-26APR08OKCLAC-LACBLOPEZ11-2,2026-04-08,reb,1.5,5.113,-3.6130000000000004,0.946,0.9301694453608839,1.0,1.0
KXNBAREB-26APR08OKCLAC-LACBLOPEZ11-4,2026-04-08,reb,3.5,5.113,-1.6130000000000004,0.7155,0.6921388591422359,1.0,1.0
KXNBAREB-26APR08OKCLAC-LACBLOPEZ11-5,2026-04-08,reb,4.5,5.113,-0.6130000000000004,0.555,0.5410856837592564,1.0,1.0
KXNBAREB-26APR08OKCLAC-LACBLOPEZ11-6,2026-04-08,reb,5.5,5.113,0.38699999999999957,0.40125,0.3978428908069326,1.0,1.0
KXNBAREB-26APR08OKCLAC-LACBLOPEZ11-8,2026-04-08,reb,7.5,5.113,2.3869999999999996,0.1715,0.18304828314668775,0.0,1.0
KXNBAREB-26APR08OKCLAC-LACJCOLLINS20-10,2026-04-08,reb,9.5,5.5205,3.9795,0.073,0.09567566658291704,0.0,1.0
KXNBAREB-26APR08OKCLAC-LACJCOLLINS20-2,2026-04-08,reb,1.5,5.5205,-4.0205,0.96325,0.944446298164854,1.0,1.0
KXNBAREB-26APR08OKCLAC-LACJCOLLINS20-4,2026-04-08,reb,3.5,5.5205,-2.0205,0.77475,0.7370406927315045,1.0,1.0
KXNBAREB-26APR08OKCLAC-LACJCOLLINS20-6,2026-04-08,reb,5.5,5.5205,-0.020500000000000185,0.46325,0.45466858945966004,1.0,1.0
KXNBAREB-26APR08OKCLAC-LACJCOLLINS20-8,2026-04-08,reb,7.5,5.5205,1.9794999999999998,0.20675,0.22729250224937791,1.0,1.0
KXNBAREB-26APR08OKCLAC-LACKLEONARD2-10,2026-04-08,reb,9.5,6.2845,3.2154999999999996,0.12325,0.15286247245601936,0.0,1.0
KXNBAREB-26APR08OKCLAC-LACKLEONARD2-12,2026-04-08,reb,11.5,6.2845,5.2155,0.03475,0.06506060196102958,0.0,1.0
KXNBAREB-26APR08OKCLAC-LACKLEONARD2-6,2026-04-08,reb,5.5,6.2845,-0.7845000000000004,0.583,0.5531754177408902,1.0,1.0
KXNBAREB-26APR08OKCLAC-LACKLEONARD2-7,2026-04-08,reb,6.5,6.2845,0.21549999999999958,0.43825,0.4266136096282137,1.0,1.0
KXNBAREB-26APR08OKCLAC-LACKLEONARD2-8,2026-04-08,reb,7.5,6.2845,1.2154999999999996,0.30875,0.31494876012704487,1.0,1.0
KXNBAREB-26APR08OKCLAC-OKCCHOLMGREN7-10,2026-04-08,reb,9.5,6.66875,2.83125,0.16225,0.18560722094235527,1.0,1.0
KXNBAREB-26APR08OKCLAC-OKCCHOLMGREN7-12,2026-04-08,reb,11.5,6.66875,4.83125,0.05725,0.08429344305031383,1.0,1.0
KXNBAREB-26APR08OKCLAC-OKCCHOLMGREN7-6,2026-04-08,reb,5.5,6.66875,-1.1687500000000002,0.63325,0.597906071327538,1.0,1.0
KXNBAREB-26APR08OKCLAC-OKCCHOLMGREN7-8,2026-04-08,reb,7.5,6.66875,0.8312499999999998,0.35975,0.3596857232856693,1.0,1.0
KXNBAREB-26APR08OKCLAC-OKCCHOLMGREN7-9,2026-04-08,reb,8.5,6.66875,1.8312499999999998,0.24975,0.26294503590212603,1.0,1.0
KXNBAREB-26APR08OKCLAC-OKCIHARTENSTEIN55-10,2026-04-08,reb,9.5,6.823,2.6769999999999996,0.19325,0.1993382968815115,0.0,1.0
KXNBAREB-26APR08OKCLAC-OKCIHARTENSTEIN55-12,2026-04-08,reb,11.5,6.823,4.677,0.0775,0.09276434206082906,0.0,1.0
KXNBAREB-26APR08OKCLAC-OKCIHARTENSTEIN55-4,2026-04-08,reb,3.5,6.823,-3.3230000000000004,0.8615,0.8426768952001047,1.0,1.0
KXNBAREB-26APR08OKCLAC-OKCIHARTENSTEIN55-6,2026-04-08,reb,5.5,6.823,-1.3230000000000004,0.6445,0.6148897723212157,1.0,1.0
KXNBAREB-26APR08OKCLAC-OKCIHARTENSTEIN55-8,2026-04-08,reb,7.5,6.823,0.6769999999999996,0.3835,0.3775400360653477,0.0,1.0
KXNBAREB-26APR08OKCLAC-OKCJWILLIAMS8-2,2026-04-08,reb,1.5,3.7496876301541024,-2.2496876301541024,0.8692211578508955,0.8464687760062732,1.0,0.60025
KXNBAREB-26APR08OKCLAC-OKCJWILLIAMS8-4,2026-04-08,reb,3.5,3.7496876301541024,-0.24968763015410245,0.4943773427738442,0.49196797230350087,1.0,0.60025
KXNBAREB-26APR08OKCLAC-OKCJWILLIAMS8-5,2026-04-08,reb,4.5,3.7496876301541024,0.7503123698458976,0.32278217409412746,0.3277381417713209,1.0,0.60025
KXNBAREB-26APR08OKCLAC-OKCJWILLIAMS8-6,2026-04-08,reb,5.5,3.7496876301541024,1.7503123698458976,0.19408579758433986,0.2023666617467198,1.0,0.60025
KXNBAREB-26APR08OKCLAC-OKCJWILLIAMS8-8,2026-04-08,reb,7.5,3.7496876301541024,3.7503123698458976,0.054977092877967516,0.06388978334509254,0.0,0.60025
KXNBAREB-26APR08OKCLAC-OKCSGILGEOUSALEXANDER2-2,2026-04-08,reb,1.5,3.61525,-2.11525,0.863,0.8338148955750363,0.0,1.0
KXNBAREB-26APR08OKCLAC-OKCSGILGEOUSALEXANDER2-4,2026-04-08,reb,3.5,3.61525,-0.11525000000000007,0.4845,0.46807754575201344,0.0,1.0
KXNBAREB-26APR08OKCLAC-OKCSGILGEOUSALEXANDER2-5,2026-04-08,reb,4.5,3.61525,0.8847499999999999,0.30175,0.3052431826601749,0.0,1.0
KXNBAREB-26APR08OKCLAC-OKCSGILGEOUSALEXANDER2-6,2026-04-08,reb,5.5,3.61525,1.88475,0.16375,0.18422781884004058,0.0,1.0
KXNBAREB-26APR08OKCLAC-OKCSGILGEOUSALEXANDER2-8,2026-04-08,reb,7.5,3.61525,3.88475,0.038,0.05542213730283552,0.0,1.0
KXNBAAST-26APR08OKCLAC-OKCSGILGEOUSALEXANDER2-10,2026-04-08,ast,9.5,5.0935,4.4065,0.04475,0.06783487847850234,1.0,1.0
KXNBAAST-26APR08OKCLAC-OKCSGILGEOUSALEXANDER2-12,2026-04-08,ast,11.5,5.0935,6.4065,0.00975,0.02211735813273097,0.0,1.0
KXNBAAST-26APR08OKCLAC-OKCSGILGEOUSALEXANDER2-6,2026-04-08,ast,5.5,5.0935,0.4065000000000003,0.4045,0.39538029065753766,1.0,1.0
KXNBAAST-26APR08OKCLAC-OKCSGILGEOUSALEXANDER2-7,2026-04-08,ast,6.5,5.0935,1.4065000000000003,0.263,0.27341118120340513,1.0,1.0
KXNBAAST-26APR08OKCLAC-OKCSGILGEOUSALEXANDER2-8,2026-04-08,ast,7.5,5.0935,2.4065000000000003,0.16325,0.1795841836288231,1.0,1.0
KXNBA3PT-26APR08OKCLAC-LACKLEONARD2-1,2026-04-08,fg3m,0.5,1.94625,-1.44625,0.85525,0.823354154515725,1.0,1.0
KXNBA3PT-26APR08OKCLAC-LACKLEONARD2-2,2026-04-08,fg3m,1.5,1.94625,-0.44625000000000004,0.57125,0.5494033359937849,1.0,1.0
KXNBA3PT-26APR08OKCLAC-LACKLEONARD2-3,2026-04-08,fg3m,2.5,1.94625,0.55375,0.30925,0.30914725634170237,0.0,1.0
KXNBA3PT-26APR08OKCLAC-LACKLEONARD2-4,2026-04-08,fg3m,3.5,1.94625,1.55375,0.136,0.1524065999870995,0.0,1.0
KXNBA3PT-26APR08OKCLAC-LACKLEONARD2-5,2026-04-08,fg3m,4.5,1.94625,2.55375,0.05175,0.06775367655730657,0.0,1.0
KXNBA3PT-26APR08OKCLAC-OKCCHOLMGREN7-1,2026-04-08,fg3m,0.5,0.962,-0.46199999999999997,0.6065,0.5958780882751127,1.0,1.0
KXNBA3PT-26APR08OKCLAC-OKCCHOLMGREN7-2,2026-04-08,fg3m,1.5,0.962,0.538,0.25375,0.25062259674888887,1.0,1.0
KXNBA3PT-26APR08OKCLAC-OKCCHOLMGREN7-3,2026-04-08,fg3m,2.5,0.962,1.538,0.076,0.08382054030534469,1.0,1.0
KXNBA3PT-26APR08OKCLAC-OKCCHOLMGREN7-4,2026-04-08,fg3m,3.5,0.962,2.5380000000000003,0.02075,0.023873506762203234,0.0,1.0
KXNBA3PT-26APR08OKCLAC-OKCCHOLMGREN7-5,2026-04-08,fg3m,4.5,0.962,3.5380000000000003,0.00475,0.0060379357316142634,0.0,1.0
KXNBA3PT-26APR08OKCLAC-OKCJWILLIAMS8-1,2026-04-08,fg3m,0.5,0.817576009995835,-0.317576009995835,0.5551853394418992,0.5400734959748414,0.0,0.60025
KXNBA3PT-26APR08OKCLAC-OKCJWILLIAMS8-2,2026-04-08,fg3m,1.5,0.817576009995835,0.682423990004165,0.20324864639733445,0.2004257302512784,0.0,0.60025
KXNBA3PT-26APR08OKCLAC-OKCJWILLIAMS8-3,2026-04-08,fg3m,2.5,0.817576009995835,1.6824239900041649,0.04789670970428988,0.05858475909302219,0.0,0.60025
KXNBA3PT-26APR08OKCLAC-OKCJWILLIAMS8-4,2026-04-08,fg3m,3.5,0.817576009995835,2.682423990004165,0.008329862557267805,0.014521144383087048,0.0,0.60025
KXNBA3PT-26APR08OKCLAC-OKCJWILLIAMS8-5,2026-04-08,fg3m,4.5,0.817576009995835,3.682423990004165,0.0024989587671803417,0.003189013781865535,0.0,0.60025
KXNBA3PT-26APR08OKCLAC-OKCSGILGEOUSALEXANDER2-1,2026-04-08,fg3m,0.5,1.229,-0.7290000000000001,0.696,0.680036517711637,1.0,1.0
KXNBA3PT-26APR08OKCLAC-OKCSGILGEOUSALEXANDER2-2,2026-04-08,fg3m,1.5,1.229,0.2709999999999999,0.33925,0.3413324191444558,1.0,1.0
KXNBA3PT-26APR08OKCLAC-OKCSGILGEOUSALEXANDER2-3,2026-04-08,fg3m,2.5,1.229,1.271,0.14,0.13857670690685564,0.0,1.0
KXNBA3PT-26APR08OKCLAC-OKCSGILGEOUSALEXANDER2-4,2026-04-08,fg3m,3.5,1.229,2.271,0.04225,0.048288456825361425,0.0,1.0
KXNBA3PT-26APR08OKCLAC-OKCSGILGEOUSALEXANDER2-5,2026-04-08,fg3m,4.5,1.229,3.271,0.009,0.0150039291740095,0.0,1.0
KXNBAPTS-26APR08MINORL-MINDDIVINCENZO0-10,2026-04-08,pts,9.5,11.0305,-1.5305,0.56225,0.5588576756161949,1.0,1.0
KXNBAPTS-26APR08MINORL-MINDDIVINCENZO0-15,2026-04-08,pts,14.5,11.0305,3.4695,0.25425,0.23730068793358006,0.0,1.0
KXNBAPTS-26APR08MINORL-MINDDIVINCENZO0-20,2026-04-08,pts,19.5,11.0305,8.4695,0.081,0.07718183904314613,0.0,1.0
KXNBAPTS-26APR08MINORL-MINDDIVINCENZO0-25,2026-04-08,pts,24.5,11.0305,13.4695,0.0195,0.020828673943474096,0.0,1.0
KXNBAPTS-26APR08MINORL-ORLABLACK0-10,2026-04-08,pts,9.5,9.26325,0.23675000000000068,0.43525,0.4254288005612614,0.0,1.0
KXNBAPTS-26APR08MINORL-ORLABLACK0-15,2026-04-08,pts,14.5,9.26325,5.236750000000001,0.18325,0.13710952047104508,0.0,1.0
KXNBAPTS-26APR08MINORL-ORLABLACK0-20,2026-04-08,pts,19.5,9.26325,10.23675,0.057,0.032959103672584034,0.0,1.0
KXNBAPTS-26APR08MINORL-ORLABLACK0-25,2026-04-08,pts,24.5,9.26325,15.23675,0.01475,0.006495789092907489,0.0,1.0
KXNBAPTS-26APR08MINORL-ORLDBANE3-10,2026-04-08,pts,9.5,16.282,-6.782,0.844,0.8099560816563425,1.0,1.0
KXNBAPTS-26APR08MINORL-ORLDBANE3-15,2026-04-08,pts,14.5,16.282,-1.782,0.58075,0.5407517252030951,1.0,1.0
KXNBAPTS-26APR08MINORL-ORLDBANE3-20,2026-04-08,pts,19.5,16.282,3.218,0.29475,0.297473294663152,0.0,1.0
KXNBAPTS-26APR08MINORL-ORLDBANE3-25,2026-04-08,pts,24.5,16.282,8.218,0.119,0.1406927383518466,0.0,1.0
KXNBAPTS-26APR08MINORL-ORLDBANE3-30,2026-04-08,pts,29.5,16.282,13.218,0.035,0.05924174478364519,0.0,1.0
KXNBAPTS-26APR08MINORL-ORLFWAGNER22-10,2026-04-08,pts,9.5,12.444538169548714,-2.9445381695487143,0.6372838464782792,0.6470283240311638,1.0,0.59275
KXNBAPTS-26APR08MINORL-ORLFWAGNER22-15,2026-04-08,pts,14.5,12.444538169548714,2.0554618304512857,0.3513285533530156,0.32361602385267585,1.0,0.59275
KXNBAPTS-26APR08MINORL-ORLFWAGNER22-20,2026-04-08,pts,19.5,12.444538169548714,7.055461830451286,0.1552087726697596,0.126580854778782,0.0,0.59275
KXNBAPTS-26APR08MINORL-ORLFWAGNER22-25,2026-04-08,pts,24.5,12.444538169548714,12.055461830451286,0.04555040067482075,0.041478490780868627,0.0,0.59275
KXNBAPTS-26APR08MINORL-ORLJSUGGS4-10,2026-04-08,pts,9.5,12.23,-2.7300000000000004,0.644,0.634736241616316,1.0,1.0
KXNBAPTS-26APR08MINORL-ORLJSUGGS4-15,2026-04-08,pts,14.5,12.23,2.2699999999999996,0.32025,0.3104754657049026,0.0,1.0
KXNBAPTS-26APR08MINORL-ORLJSUGGS4-20,2026-04-08,pts,19.5,12.23,7.27,0.1215,0.11839760841828151,0.0,1.0
KXNBAPTS-26APR08MINORL-ORLJSUGGS4-25,2026-04-08,pts,24.5,12.23,12.27,0.03225,0.03776935686647065,0.0,1.0
KXNBAPTS-26APR08MINORL-ORLPBANCHERO5-15,2026-04-08,pts,14.5,18.083,-3.5829999999999984,0.6655,0.6237138387739498,1.0,1.0
KXNBAPTS-26APR08MINORL-ORLPBANCHERO5-20,2026-04-08,pts,19.5,18.083,1.4170000000000016,0.40275,0.3821251211065593,1.0,1.0
KXNBAPTS-26APR08MINORL-ORLPBANCHERO5-25,2026-04-08,pts,24.5,18.083,6.417000000000002,0.1815,0.20365770125383487,0.0,1.0
KXNBAPTS-26APR08MINORL-ORLPBANCHERO5-30,2026-04-08,pts,29.5,18.083,11.417000000000002,0.0595,0.09727090533190497,0.0,1.0
KXNBAREB-26APR08MINORL-MINDDIVINCENZO0-10,2026-04-08,reb,9.5,3.685,5.8149999999999995,0.00575,0.01508007292429725,0.0,1.0
KXNBAREB-26APR08MINORL-MINDDIVINCENZO0-2,2026-04-08,reb,1.5,3.685,-2.185,0.881,0.8405089501771772,0.0,1.0
KXNBAREB-26APR08MINORL-MINDDIVINCENZO0-4,2026-04-08,reb,3.5,3.685,-0.18500000000000005,0.49975,0.48055604541226005,0.0,1.0
KXNBAREB-26APR08MINORL-MINDDIVINCENZO0-6,2026-04-08,reb,5.5,3.685,1.815,0.1685,0.193580701208923,0.0,1.0
KXNBAREB-26APR08MINORL-MINDDIVINCENZO0-8,2026-04-08,reb,7.5,3.685,3.815,0.0375,0.05973157412604291,0.0,1.0
KXNBAREB-26APR08MINORL-ORLFWAGNER22-10,2026-04-08,reb,9.5,3.7068747363981442,5.793125263601856,0.018135807676086038,0.015556827634399362,0.0,0.59275
KXNBAREB-26APR08MINORL-ORLFWAGNER22-2,2026-04-08,reb,1.5,3.7068747363981442,-2.2068747363981442,0.8350906790383804,0.8425505895175546,0.0,0.59275
KXNBAREB-26APR08MINORL-ORLFWAGNER22-4,2026-04-08,reb,3.5,3.7068747363981442,-0.20687473639814424,0.4858709405314213,0.4844326857238658,0.0,0.59275
KXNBAREB-26APR08MINORL-ORLFWAGNER22-6,2026-04-08,reb,5.5,3.7068747363981442,1.7931252636018558,0.1944327288064108,0.19654018540224483,0.0,0.59275
KXNBAREB-26APR08MINORL-ORLFWAGNER22-8,2026-04-08,reb,7.5,3.7068747363981442,3.7931252636018558,0.06326444538169548,0.06112038319815405,0.0,0.59275
KXNBAREB-26APR08MINORL-ORLJSUGGS4-10,2026-04-08,reb,9.5,3.93925,5.5607500000000005,0.0085,0.02127358399922208,0.0,1.0
KXNBAREB-26APR08MINORL-ORLJSUGGS4-2,2026-04-08,reb,1.5,3.93925,-2.43925,0.88925,0.8626420683383894,0.0,1.0
KXNBAREB-26APR08MINORL-ORLJSUGGS4-4,2026-04-08,reb,3.5,3.93925,-0.4392499999999999,0.54775,0.5244753939674379,0.0,1.0
KXNBAREB-26APR08MINORL-ORLJSUGGS4-6,2026-04-08,reb,5.5,3.93925,1.56075,0.2205,0.22864716356210046,0.0,1.0
KXNBAREB-26APR08MINORL-ORLJSUGGS4-8,2026-04-08,reb,7.5,3.93925,3.56075,0.0565,0.07695551450511107,0.0,1.0
KXNBAREB-26APR08MINORL-ORLPBANCHERO5-10,2026-04-08,reb,9.5,7.06575,2.4342499999999996,0.18875,0.2215083565893472,0.0,1.0
KXNBAREB-26APR08MINORL-ORLPBANCHERO5-12,2026-04-08,reb,11.5,7.06575,4.43425,0.07275,0.10692509786494586,0.0,1.0
KXNBAREB-26APR08MINORL-ORLPBANCHERO5-4,2026-04-08,reb,3.5,7.06575,-3.5657500000000004,0.907,0.8571313539932506,1.0,1.0
KXNBAREB-26APR08MINORL-ORLPBANCHERO5-6,2026-04-08,reb,5.5,7.06575,-1.5657500000000004,0.68925,0.6404762767166629,1.0,1.0
KXNBAREB-26APR08MINORL-ORLPBANCHERO5-8,2026-04-08,reb,7.5,7.06575,0.4342499999999996,0.409,0.4053849572254107,1.0,1.0
KXNBAAST-26APR08MINORL-MINDDIVINCENZO0-10,2026-04-08,ast,9.5,2.9265,6.5735,0.00125,0.0038972888072269507,0.0,1.0
KXNBAAST-26APR08MINORL-MINDDIVINCENZO0-2,2026-04-08,ast,1.5,2.9265,-1.4264999999999999,0.78025,0.7520028483101403,1.0,1.0
KXNBAAST-26APR08MINORL-MINDDIVINCENZO0-4,2026-04-08,ast,3.5,2.9265,0.5735000000000001,0.335,0.33706511215986934,0.0,1.0
KXNBAAST-26APR08MINORL-MINDDIVINCENZO0-6,2026-04-08,ast,5.5,2.9265,2.5735,0.08725,0.09993874901384958,0.0,1.0
KXNBAAST-26APR08MINORL-MINDDIVINCENZO0-8,2026-04-08,ast,7.5,2.9265,4.5735,0.01225,0.022009884294180382,0.0,1.0
KXNBAAST-26APR08MINORL-ORLABLACK0-2,2026-04-08,ast,1.5,2.23225,-0.7322500000000001,0.61625,0.6252635996761672,1.0,1.0
KXNBAAST-26APR08MINORL-ORLABLACK0-3,2026-04-08,ast,2.5,2.23225,0.26774999999999993,0.38525,0.3796007612679605,0.0,1.0
KXNBAAST-26APR08MINORL-ORLABLACK0-4,2026-04-08,ast,3.5,2.23225,1.26775,0.209,0.2000766039921239,0.0,1.0
KXNBAAST-26APR08MINORL-ORLABLACK0-6,2026-04-08,ast,5.5,2.23225,3.26775,0.04175,0.04014558731030238,0.0,1.0
KXNBAAST-26APR08MINORL-ORLABLACK0-8,2026-04-08,ast,7.5,2.23225,5.2677499999999995,0.006,0.005859229077780692,0.0,1.0
KXNBAAST-26APR08MINORL-ORLJSUGGS4-10,2026-04-08,ast,9.5,4.541,4.959,0.02375,0.040919019773032694,0.0,1.0
KXNBAAST-26APR08MINORL-ORLJSUGGS4-2,2026-04-08,ast,1.5,4.541,-3.0410000000000004,0.9285,0.9050744836401066,1.0,1.0
KXNBAAST-26APR08MINORL-ORLJSUGGS4-4,2026-04-08,ast,3.5,4.541,-1.0410000000000004,0.65475,0.6197627357689739,1.0,1.0
KXNBAAST-26APR08MINORL-ORLJSUGGS4-6,2026-04-08,ast,5.5,4.541,0.9589999999999996,0.3105,0.31488214200681985,0.0,1.0
KXNBAAST-26APR08MINORL-ORLJSUGGS4-8,2026-04-08,ast,7.5,4.541,2.9589999999999996,0.097,0.12503161764897175,0.0,1.0
KXNBAAST-26APR08MINORL-ORLPBANCHERO5-2,2026-04-08,ast,1.5,3.8845,-2.3845,0.89825,0.8601552607399205,1.0,1.0
KXNBAAST-26APR08MINORL-ORLPBANCHERO5-4,2026-04-08,ast,3.5,3.8845,-0.38450000000000006,0.538,0.5164745361245786,1.0,1.0
KXNBAAST-26APR08MINORL-ORLPBANCHERO5-5,2026-04-08,ast,4.5,3.8845,0.6154999999999999,0.3535,0.35024021904254576,1.0,1.0
KXNBAAST-26APR08MINORL-ORLPBANCHERO5-6,2026-04-08,ast,5.5,3.8845,1.6155,0.20225,0.22007369374915386,1.0,1.0
KXNBAAST-26APR08MINORL-ORLPBANCHERO5-8,2026-04-08,ast,7.5,3.8845,3.6155,0.0435,0.07177647643357554,0.0,1.0
KXNBA3PT-26APR08MINORL-ORLDBANE3-1,2026-04-08,fg3m,0.5,1.74975,-1.24975,0.81975,0.7930755255191101,1.0,1.0
KXNBA3PT-26APR08MINORL-ORLDBANE3-2,2026-04-08,fg3m,1.5,1.74975,-0.24974999999999992,0.52025,0.49852539679049235,0.0,1.0
KXNBA3PT-26APR08MINORL-ORLDBANE3-3,2026-04-08,fg3m,2.5,1.74975,0.7502500000000001,0.25875,0.26142123223487035,0.0,1.0
KXNBA3PT-26APR08MINORL-ORLDBANE3-4,2026-04-08,fg3m,3.5,1.74975,1.75025,0.10125,0.11944206051477135,0.0,1.0
KXNBA3PT-26APR08MINORL-ORLDBANE3-5,2026-04-08,fg3m,4.5,1.74975,2.7502500000000003,0.03775,0.04905981489990552,0.0,1.0
KXNBA3PT-26APR08MINORL-ORLFWAGNER22-1,2026-04-08,fg3m,0.5,0.8713622943905525,-0.37136229439055246,0.5723323492197385,0.5618165243408657,1.0,0.59275
KXNBA3PT-26APR08MINORL-ORLFWAGNER22-2,2026-04-08,fg3m,1.5,0.8713622943905525,0.6286377056094475,0.21805145508224377,0.21911842599166576,0.0,0.59275
KXNBA3PT-26APR08MINORL-ORLFWAGNER22-3,2026-04-08,fg3m,2.5,0.8713622943905525,1.6286377056094477,0.06284268241248418,0.06755304957195152,0.0,0.59275
KXNBA3PT-26APR08MINORL-ORLFWAGNER22-4,2026-04-08,fg3m,3.5,0.8713622943905525,2.6286377056094477,0.013918177983973008,0.017688281744605794,0.0,0.59275
KXNBA3PT-26APR08MINORL-ORLFWAGNER22-5,2026-04-08,fg3m,4.5,0.8713622943905525,3.6286377056094477,0.003374103753690426,0.004107004182103524,0.0,0.59275
KXNBA3PT-26APR08MINORL-ORLJSUGGS4-1,2026-04-08,fg3m,0.5,1.78325,-1.28325,0.82975,0.7986289377802573,1.0,1.0
KXNBA3PT-26APR08MINORL-ORLJSUGGS4-2,2026-04-08,fg3m,1.5,1.78325,-0.28325,0.52875,0.5075351692052028,1.0,1.0
KXNBA3PT-26APR08MINORL-ORLJSUGGS4-3,2026-04-08,fg3m,2.5,1.78325,0.71675,0.2595,0.2695765908912774,1.0,1.0
KXNBA3PT-26APR08MINORL-ORLJSUGGS4-4,2026-04-08,fg3m,3.5,1.78325,1.71675,0.115,0.12487433111602797,0.0,1.0
KXNBA3PT-26APR08MINORL-ORLJSUGGS4-5,2026-04-08,fg3m,4.5,1.78325,2.71675,0.03825,0.0520289053167623,0.0,1.0
KXNBA3PT-26APR08MINORL-ORLPBANCHERO5-1,2026-04-08,fg3m,0.5,1.0685,-0.5685,0.654,0.6321346461571326,1.0,1.0
KXNBA3PT-26APR08MINORL-ORLPBANCHERO5-2,2026-04-08,fg3m,1.5,1.0685,0.4315,0.28775,0.2873335340425931,0.0,1.0
KXNBA3PT-26APR08MINORL-ORLPBANCHERO5-3,2026-04-08,fg3m,2.5,1.0685,1.4315,0.0955,0.1045735809555478,0.0,1.0
KXNBA3PT-26APR08MINORL-ORLPBANCHERO5-4,2026-04-08,fg3m,3.5,1.0685,2.4314999999999998,0.02375,0.03251280923282307,0.0,1.0
KXNBA3PT-26APR08MINORL-ORLPBANCHERO5-5,2026-04-08,fg3m,4.5,1.0685,3.4314999999999998,0.00575,0.008991049762553827,0.0,1.0
KXNBAPTS-26APR08DALPHX-DALCFLAGG32-20,2026-04-08,pts,19.5,19.15975,0.34025000000000105,0.44975,0.43099869858052875,0.0,1.0
KXNBAPTS-26APR08DALPHX-DALCFLAGG32-25,2026-04-08,pts,24.5,19.15975,5.340250000000001,0.21225,0.2439897332108757,0.0,1.0
KXNBAPTS-26APR08DALPHX-DALCFLAGG32-30,2026-04-08,pts,29.5,19.15975,10.340250000000001,0.07875,0.12426513779225101,0.0,1.0
KXNBAPTS-26APR08DALPHX-DALCFLAGG32-35,2026-04-08,pts,34.5,19.15975,15.340250000000001,0.027,0.05817374357864191,0.0,1.0
KXNBAPTS-26APR08DALPHX-DALMCHRISTIE00-10,2026-04-08,pts,9.5,9.15525,0.34474999999999945,0.43375,0.41653895299460497,1.0,1.0
KXNBAPTS-26APR08DALPHX-DALMCHRISTIE00-15,2026-04-08,pts,14.5,9.15525,5.3447499999999994,0.14875,0.13156336275389857,1.0,1.0
KXNBAPTS-26APR08DALPHX-DALMCHRISTIE00-20,2026-04-08,pts,19.5,9.15525,10.34475,0.037,0.03094350952447167,0.0,1.0
KXNBAPTS-26APR08DALPHX-PHXDBOOKER1-15,2026-04-08,pts,14.5,20.1235,-5.6235,0.7685,0.7015072914399774,1.0,1.0
KXNBAPTS-26APR08DALPHX-PHXDBOOKER1-20,2026-04-08,pts,19.5,20.1235,-0.6234999999999999,0.50325,0.47295869211521013,1.0,1.0
KXNBAPTS-26APR08DALPHX-PHXDBOOKER1-25,2026-04-08,pts,24.5,20.1235,4.3765,0.2675,0.28095725311011943,1.0,1.0
KXNBAPTS-26APR08DALPHX-PHXDBOOKER1-30,2026-04-08,pts,29.5,20.1235,9.3765,0.11475,0.1506762465196293,1.0,1.0
KXNBAPTS-26APR08DALPHX-PHXDBOOKER1-35,2026-04-08,pts,34.5,20.1235,14.3765,0.0395,0.07443295577978204,1.0,1.0
KXNBAPTS-26APR08DALPHX-PHXDBROOKS3-10,2026-04-08,pts,9.5,14.30875,-4.80875,0.739,0.738628135402567,1.0,1.0
KXNBAPTS-26APR08DALPHX-PHXDBROOKS3-15,2026-04-08,pts,14.5,14.30875,0.19125000000000014,0.46125,0.43473959904698434,1.0,1.0
KXNBAPTS-26APR08DALPHX-PHXDBROOKS3-20,2026-04-08,pts,19.5,14.30875,5.19125,0.2155,0.20542737640111353,1.0,1.0
KXNBAPTS-26APR08DALPHX-PHXDBROOKS3-25,2026-04-08,pts,24.5,14.30875,10.19125,0.0805,0.08235975461424438,1.0,1.0
KXNBAPTS-26APR08DALPHX-PHXDBROOKS3-30,2026-04-08,pts,29.5,14.30875,15.19125,0.021,0.02918600812048644,0.0,1.0
KXNBAPTS-26APR08DALPHX-PHXJGREEN4-10,2026-04-08,pts,9.5,16.01975,-6.519749999999998,0.82475,0.8017669067545248,0.0,1.0
KXNBAPTS-26APR08DALPHX-PHXJGREEN4-15,2026-04-08,pts,14.5,16.01975,-1.5197499999999984,0.5485,0.527536105728212,0.0,1.0
KXNBAPTS-26APR08DALPHX-PHXJGREEN4-20,2026-04-08,pts,19.5,16.01975,3.4802500000000016,0.28725,0.2850497337674105,0.0,1.0
KXNBAPTS-26APR08DALPHX-PHXJGREEN4-25,2026-04-08,pts,24.5,16.01975,8.480250000000002,0.11525,0.13219257127509498,0.0,1.0
KXNBAPTS-26APR08DALPHX-PHXJGREEN4-30,2026-04-08,pts,29.5,16.01975,13.480250000000002,0.0395,0.05452673167216027,0.0,1.0
KXNBAREB-26APR08DALPHX-DALCFLAGG32-10,2026-04-08,reb,9.5,5.855,3.6449999999999996,0.08925,0.11925014904027875,1.0,1.0
KXNBAREB-26APR08DALPHX-DALCFLAGG32-12,2026-04-08,reb,11.5,5.855,5.645,0.0275,0.04683652282812745,0.0,1.0
KXNBAREB-26APR08DALPHX-DALCFLAGG32-6,2026-04-08,reb,5.5,5.855,-0.3550000000000004,0.50825,0.4992549179172775,1.0,1.0
KXNBAREB-26APR08DALPHX-DALCFLAGG32-7,2026-04-08,reb,6.5,5.855,0.6449999999999996,0.362,0.37232018425506486,1.0,1.0
KXNBAREB-26APR08DALPHX-DALCFLAGG32-8,2026-04-08,reb,7.5,5.855,1.6449999999999996,0.25225,0.2651897039168367,1.0,1.0
KXNBAREB-26APR08DALPHX-DALMCHRISTIE00-10,2026-04-08,reb,9.5,2.86425,6.63575,0.00075,0.0036111321704624944,0.0,1.0
KXNBAREB-26APR08DALPHX-DALMCHRISTIE00-2,2026-04-08,reb,1.5,2.86425,-1.3642500000000002,0.772,0.7407715400863182,1.0,1.0
KXNBAREB-26APR08DALPHX-DALMCHRISTIE00-4,2026-04-08,reb,3.5,2.86425,0.6357499999999998,0.31775,0.3247237951705306,0.0,1.0
KXNBAREB-26APR08DALPHX-DALMCHRISTIE00-6,2026-04-08,reb,5.5,2.86425,2.63575,0.073,0.09450206320465715,0.0,1.0
KXNBAREB-26APR08DALPHX-DALMCHRISTIE00-8,2026-04-08,reb,7.5,2.86425,4.63575,0.0145,0.020545576583099967,0.0,1.0
KXNBAREB-26APR08DALPHX-PHXDBROOKS3-10,2026-04-08,reb,9.5,3.483,6.0169999999999995,0.00875,0.0111463243762292,0.0,1.0
KXNBAREB-26APR08DALPHX-PHXDBROOKS3-2,2026-04-08,reb,1.5,3.483,-1.983,0.81875,0.8203185858891435,1.0,1.0
KXNBAREB-26APR08DALPHX-PHXDBROOKS3-4,2026-04-08,reb,3.5,3.483,0.016999999999999904,0.45725,0.4439474028805743,1.0,1.0
KXNBAREB-26APR08DALPHX-PHXDBROOKS3-6,2026-04-08,reb,5.5,3.483,2.017,0.169,0.16687792905142196,0.0,1.0
KXNBAREB-26APR08DALPHX-PHXDBROOKS3-8,2026-04-08,reb,7.5,3.483,4.0169999999999995,0.04175,0.04775192379227178,0.0,1.0
KXNBAREB-26APR08DALPHX-PHXJGREEN4-10,2026-04-08,reb,9.5,4.0035,5.4965,0.01625,0.02307251175403957,0.0,1.0
KXNBAREB-26APR08DALPHX-PHXJGREEN4-2,2026-04-08,reb,1.5,4.0035,-2.5035,0.8805,0.8677137379269927,0.0,1.0
KXNBAREB-26APR08DALPHX-PHXJGREEN4-4,2026-04-08,reb,3.5,4.0035,-0.5034999999999998,0.56175,0.5351656666681803,0.0,1.0
KXNBAREB-26APR08DALPHX-PHXJGREEN4-6,2026-04-08,reb,5.5,4.0035,1.4965000000000002,0.2275,0.237707150097633,0.0,1.0
KXNBAREB-26APR08DALPHX-PHXJGREEN4-8,2026-04-08,reb,7.5,4.0035,3.4965,0.0705,0.08167559303363903,0.0,1.0
KXNBAAST-26APR08DALPHX-DALMCHRISTIE00-2,2026-04-08,ast,1.5,1.5825,-0.08250000000000002,0.46775,0.4563583730462313,1.0,1.0
KXNBAAST-26APR08DALPHX-DALMCHRISTIE00-3,2026-04-08,ast,2.5,1.5825,0.9175,0.21275,0.21875585703724265,0.0,1.0
KXNBAAST-26APR08DALPHX-DALMCHRISTIE00-4,2026-04-08,ast,3.5,1.5825,1.9175,0.076,0.08917839762903401,0.0,1.0
KXNBAAST-26APR08DALPHX-DALMCHRISTIE00-6,2026-04-08,ast,5.5,1.5825,3.9175,0.0085,0.010388434840587601,0.0,1.0
KXNBAAST-26APR08DALPHX-DALMCHRISTIE00-8,2026-04-08,ast,7.5,1.5825,5.9175,0.0,0.0008639418125901965,0.0,1.0
KXNBAAST-26APR08DALPHX-PHXDBOOKER1-10,2026-04-08,ast,9.5,5.26325,4.23675,0.04825,0.07768480736371941,0.0,1.0
KXNBAAST-26APR08DALPHX-PHXDBOOKER1-2,2026-04-08,ast,1.5,5.26325,-3.76325,0.9625,0.9375044306970935,1.0,1.0
KXNBAAST-26APR08DALPHX-PHXDBOOKER1-4,2026-04-08,ast,3.5,5.26325,-1.7632500000000002,0.76325,0.7120326326936399,1.0,1.0
KXNBAAST-26APR08DALPHX-PHXDBOOKER1-6,2026-04-08,ast,5.5,5.26325,0.2367499999999998,0.4345,0.419599286853633,1.0,1.0
KXNBAAST-26APR08DALPHX-PHXDBOOKER1-8,2026-04-08,ast,7.5,5.26325,2.23675,0.15975,0.1977030172338089,1.0,1.0
KXNBAAST-26APR08DALPHX-PHXDBROOKS3-10,2026-04-08,ast,9.5,1.52875,7.9712499999999995,0.0,4.355091351371243e-05,0.0,1.0
KXNBAAST-26APR08DALPHX-PHXDBROOKS3-2,2026-04-08,ast,1.5,1.52875,-0.028750000000000053,0.4355,0.44004485129404225,1.0,1.0
KXNBAAST-26APR08DALPHX-PHXDBROOKS3-4,2026-04-08,ast,3.5,1.52875,1.97125,0.08275,0.08156154031985952,0.0,1.0
KXNBAAST-26APR08DALPHX-PHXDBROOKS3-6,2026-04-08,ast,5.5,1.52875,3.97125,0.007,0.00897429111663317,0.0,1.0
KXNBAAST-26APR08DALPHX-PHXDBROOKS3-8,2026-04-08,ast,7.5,1.52875,5.9712499999999995,0.00025,0.0007038951690498951,0.0,1.0
KXNBAAST-26APR08DALPHX-PHXJGREEN4-10,2026-04-08,ast,9.5,2.917,6.583,0.0015,0.003821244969875348,0.0,1.0
KXNBAAST-26APR08DALPHX-PHXJGREEN4-2,2026-04-08,ast,1.5,2.917,-1.4169999999999998,0.76925,0.7505880221937371,0.0,1.0
KXNBAAST-26APR08DALPHX-PHXJGREEN4-4,2026-04-08,ast,3.5,2.917,0.5830000000000002,0.33525,0.3351770888773311,0.0,1.0
KXNBAAST-26APR08DALPHX-PHXJGREEN4-6,2026-04-08,ast,5.5,2.917,2.583,0.0915,0.09893720433740916,0.0,1.0
KXNBAAST-26APR08DALPHX-PHXJGREEN4-8,2026-04-08,ast,7.5,2.917,4.583,0.01575,0.02168611344056226,0.0,1.0
KXNBA3PT-26APR08DALPHX-DALCFLAGG32-1,2026-04-08,fg3m,0.5,0.981,-0.481,0.6275,0.6026324561802517,0.0,1.0
KXNBA3PT-26APR08DALPHX-DALCFLAGG32-2,2026-04-08,fg3m,1.5,0.981,0.519,0.256,0.25720599557227075,0.0,1.0
KXNBA3PT-26APR08DALPHX-DALCFLAGG32-3,2026-04-08,fg3m,2.5,0.981,1.5190000000000001,0.07575,0.08740062471827748,0.0,1.0
KXNBA3PT-26APR08DALPHX-DALCFLAGG32-4,2026-04-08,fg3m,3.5,0.981,2.519,0.01725,0.025306182030699897,0.0,1.0
KXNBA3PT-26APR08DALPHX-DALCFLAGG32-5,2026-04-08,fg3m,4.5,0.981,3.519,0.00375,0.0065083800931947655,0.0,1.0
KXNBA3PT-26APR08DALPHX-PHXDBOOKER1-1,2026-04-08,fg3m,0.5,1.62275,-1.12275,0.80625,0.7703911500675101,1.0,1.0
KXNBA3PT-26APR08DALPHX-PHXDBOOKER1-2,2026-04-08,fg3m,1.5,1.62275,-0.12274999999999991,0.47825,0.4631143646935538,1.0,1.0
KXNBA3PT-26APR08DALPHX-PHXDBOOKER1-3,2026-04-08,fg3m,2.5,1.62275,0.8772500000000001,0.22175,0.23057124875562784,0.0,1.0
KXNBA3PT-26APR08DALPHX-PHXDBOOKER1-4,2026-04-08,fg3m,3.5,1.62275,1.87725,0.0815,0.09965826689126689,0.0,1.0
KXNBA3PT-26APR08DALPHX-PHXDBOOKER1-5,2026-04-08,fg3m,4.5,1.62275,2.87725,0.028,0.03864630818599657,0.0,1.0
KXNBAPTS-26APR08PORSAS-PORDAVDIJA8-20,2026-04-08,pts,19.5,19.5125,-0.01249999999999929,0.474,0.4465732829279687,1.0,1.0
KXNBAPTS-26APR08PORSAS-PORDAVDIJA8-25,2026-04-08,pts,24.5,19.5125,4.987500000000001,0.2535,0.257457107363817,1.0,1.0
KXNBAPTS-26APR08PORSAS-PORDAVDIJA8-30,2026-04-08,pts,29.5,19.5125,9.9875,0.10825,0.13370624342877346,0.0,1.0
KXNBAPTS-26APR08PORSAS-PORDAVDIJA8-35,2026-04-08,pts,34.5,19.5125,14.9875,0.04,0.06387540580736017,0.0,1.0
KXNBAPTS-26APR08PORSAS-PORDCLINGAN23-10,2026-04-08,pts,9.5,10.7325,-1.2325,0.544,0.5381083781049002,1.0,1.0
KXNBAPTS-26APR08PORSAS-PORDCLINGAN23-15,2026-04-08,pts,14.5,10.7325,3.7675,0.23425,0.21948512634480388,0.0,1.0
KXNBAPTS-26APR08PORSAS-PORDCLINGAN23-20,2026-04-08,pts,19.5,10.7325,8.7675,0.0705,0.06826978067008727,0.0,1.0
KXNBAPTS-26APR08PORSAS-PORJHOLIDAY5-15,2026-04-08,pts,14.5,15.7505,-1.2505000000000006,0.53475,0.5136755863837976,0.0,1.0
KXNBAPTS-26APR08PORSAS-PORJHOLIDAY5-20,2026-04-08,pts,19.5,15.7505,3.7494999999999994,0.28325,0.2723185024385104,0.0,1.0
KXNBAPTS-26APR08PORSAS-PORJHOLIDAY5-25,2026-04-08,pts,24.5,15.7505,8.7495,0.11425,0.12368146032160277,0.0,1.0
KXNBAPTS-26APR08PORSAS-PORJHOLIDAY5-30,2026-04-08,pts,29.5,15.7505,13.7495,0.041,0.04991378638842481,0.0,1.0
KXNBAPTS-26APR08PORSAS-PORTCAMARA33-10,2026-04-08,pts,9.5,12.43125,-2.9312500000000004,0.65425,0.6462780185845862,1.0,1.0
KXNBAPTS-26APR08PORSAS-PORTCAMARA33-15,2026-04-08,pts,14.5,12.43125,2.0687499999999996,0.337,0.32280291324209764,1.0,1.0
KXNBAPTS-26APR08PORSAS-PORTCAMARA33-20,2026-04-08,pts,19.5,12.43125,7.06875,0.13175,0.12606757511632727,0.0,1.0
KXNBAPTS-26APR08PORSAS-PORTCAMARA33-25,2026-04-08,pts,24.5,12.43125,12.06875,0.0405,0.04124268035823364,0.0,1.0
KXNBAPTS-26APR08PORSAS-SASDFOX4-15,2026-04-08,pts,14.5,14.2375,0.2624999999999993,0.445,0.43065050249758907,1.0,1.0
KXNBAPTS-26APR08PORSAS-SASDFOX4-20,2026-04-08,pts,19.5,14.2375,5.262499999999999,0.19325,0.20221466367754126,1.0,1.0
KXNBAPTS-26APR08PORSAS-SASDFOX4-25,2026-04-08,pts,24.5,14.2375,10.2625,0.07,0.08052269651517097,1.0,1.0
KXNBAPTS-26APR08PORSAS-SASDFOX4-30,2026-04-08,pts,29.5,14.2375,15.2625,0.0175,0.028334416001042584,0.0,1.0
KXNBAPTS-26APR08PORSAS-SASDHARPER2-15,2026-04-08,pts,14.5,11.16175,3.3382500000000004,0.25375,0.2452174244885965,0.0,1.0
KXNBAPTS-26APR08PORSAS-SASDHARPER2-20,2026-04-08,pts,19.5,11.16175,8.33825,0.0775,0.08128403627647052,0.0,1.0
KXNBAPTS-26APR08PORSAS-SASDHARPER2-25,2026-04-08,pts,24.5,11.16175,13.33825,0.01775,0.022375735453570855,0.0,1.0
KXNBAPTS-26APR08PORSAS-SASDHARPER2-30,2026-04-08,pts,29.5,11.16175,18.338250000000002,0.0035,0.005383168268741079,0.0,1.0
KXNBAPTS-26APR08PORSAS-SASDVASSELL24-10,2026-04-08,pts,9.5,12.03375,-2.5337499999999995,0.639,0.6231563530979578,1.0,1.0
KXNBAPTS-26APR08PORSAS-SASDVASSELL24-15,2026-04-08,pts,14.5,12.03375,2.4662500000000005,0.31675,0.2984411313877985,0.0,1.0
KXNBAPTS-26APR08PORSAS-SASDVASSELL24-20,2026-04-08,pts,19.5,12.03375,7.4662500000000005,0.11675,0.11111210280319106,0.0,1.0
KXNBAPTS-26APR08PORSAS-SASDVASSELL24-25,2026-04-08,pts,24.5,12.03375,12.46625,0.02725,0.034559180719522575,0.0,1.0
KXNBAREB-26APR08PORSAS-PORDAVDIJA8-10,2026-04-08,reb,9.5,6.60225,2.8977500000000003,0.15425,0.17978375275042346,0.0,1.0
KXNBAREB-26APR08PORSAS-PORDAVDIJA8-12,2026-04-08,reb,11.5,6.60225,4.89775,0.059,0.08077187170539868,0.0,1.0
KXNBAREB-26APR08PORSAS-PORDAVDIJA8-4,2026-04-08,reb,3.5,6.60225,-3.1022499999999997,0.86425,0.8282748398828848,1.0,1.0
KXNBAREB-26APR08PORSAS-PORDAVDIJA8-6,2026-04-08,reb,5.5,6.60225,-1.1022499999999997,0.62,0.5904108665539431,1.0,1.0
KXNBAREB-26APR08PORSAS-PORDAVDIJA8-8,2026-04-08,reb,7.5,6.60225,0.8977500000000003,0.34975,0.3519612595551147,0.0,1.0
KXNBAREB-26APR08PORSAS-PORDCLINGAN23-10,2026-04-08,reb,9.5,10.3695,-0.8695000000000004,0.5715,0.5326967401996863,1.0,1.0
KXNBAREB-26APR08PORSAS-PORDCLINGAN23-12,2026-04-08,reb,11.5,10.3695,1.1304999999999996,0.359,0.36273100698544225,0.0,1.0
KXNBAREB-26APR08PORSAS-PORDCLINGAN23-13,2026-04-08,reb,12.5,10.3695,2.1304999999999996,0.266,0.28996280539755015,0.0,1.0
KXNBAREB-26APR08PORSAS-PORDCLINGAN23-14,2026-04-08,reb,13.5,10.3695,3.1304999999999996,0.19,0.22731887236552495,0.0,1.0
KXNBAREB-26APR08PORSAS-PORDCLINGAN23-16,2026-04-08,reb,15.5,10.3695,5.1305,0.08275,0.13242668288632442,0.0,1.0
KXNBAREB-26APR08PORSAS-PORJHOLIDAY5-2,2026-04-08,reb,1.5,4.5225,-3.0225,0.92825,0.9021552388186511,1.0,1.0
KXNBAREB-26APR08PORSAS-PORJHOLIDAY5-4,2026-04-08,reb,3.5,4.5225,-1.0225,0.6445,0.6151292788030018,1.0,1.0
KXNBAREB-26APR08PORSAS-PORJHOLIDAY5-5,2026-04-08,reb,4.5,4.5225,-0.022499999999999964,0.4605,0.4535213792784726,1.0,1.0
KXNBAREB-26APR08PORSAS-PORJHOLIDAY5-6,2026-04-08,reb,5.5,4.5225,0.9775,0.30325,0.3125333086946325,1.0,1.0
KXNBAREB-26APR08PORSAS-PORJHOLIDAY5-8,2026-04-08,reb,7.5,4.5225,2.9775,0.10475,0.12482207036169446,1.0,1.0
KXNBAREB-26APR08PORSAS-SASDFOX4-10,2026-04-08,reb,9.5,2.9285,6.5715,0.001,0.004127947110109775,0.0,1.0
KXNBAREB-26APR08PORSAS-SASDFOX4-2,2026-04-08,reb,1.5,2.9285,-1.4285,0.77475,0.750455585643244,1.0,1.0
KXNBAREB-26APR08PORSAS-SASDFOX4-4,2026-04-08,reb,3.5,2.9285,0.5714999999999999,0.34225,0.3374357736543965,1.0,1.0
KXNBAREB-26APR08PORSAS-SASDFOX4-6,2026-04-08,reb,5.5,2.9285,2.5715,0.08525,0.10121162252951099,0.0,1.0
KXNBAREB-26APR08PORSAS-SASDFOX4-8,2026-04-08,reb,7.5,2.9285,4.5715,0.013,0.02272269137980598,0.0,1.0
KXNBAAST-26APR08PORSAS-PORDAVDIJA8-10,2026-04-08,ast,9.5,5.103,4.397,0.0445,0.06836683117887576,0.0,1.0
KXNBAAST-26APR08PORSAS-PORDAVDIJA8-12,2026-04-08,ast,11.5,5.103,6.397,0.01025,0.02234319785894978,0.0,1.0
KXNBAAST-26APR08PORSAS-PORDAVDIJA8-6,2026-04-08,ast,5.5,5.103,0.39700000000000024,0.40175,0.3967447220618985,1.0,1.0
KXNBAAST-26APR08PORSAS-PORDAVDIJA8-7,2026-04-08,ast,6.5,5.103,1.3970000000000002,0.267,0.2746365055324139,0.0,1.0
KXNBAAST-26APR08PORSAS-PORDAVDIJA8-8,2026-04-08,ast,7.5,5.103,2.3970000000000002,0.16425,0.18058368477049358,0.0,1.0
KXNBAAST-26APR08PORSAS-PORDCLINGAN23-10,2026-04-08,ast,9.5,1.68175,7.81825,0.0,8.974331780431388e-05,0.0,1.0
KXNBAAST-26APR08PORSAS-PORDCLINGAN23-2,2026-04-08,ast,1.5,1.68175,-0.18175000000000008,0.5015,0.4855608559017832,1.0,1.0
KXNBAAST-26APR08PORSAS-PORDCLINGAN23-4,2026-04-08,ast,3.5,1.68175,1.81825,0.09775,0.10400009465106275,1.0,1.0
KXNBAAST-26APR08PORSAS-PORDCLINGAN23-6,2026-04-08,ast,5.5,1.68175,3.81825,0.0105,0.013381644903213141,0.0,1.0
KXNBAAST-26APR08PORSAS-PORDCLINGAN23-8,2026-04-08,ast,7.5,1.68175,5.81825,0.00075,0.0012326497794393765,0.0,1.0
KXNBAAST-26APR08PORSAS-PORJHOLIDAY5-10,2026-04-08,ast,9.5,4.85575,4.64425,0.03575,0.05527890668024693,0.0,1.0
KXNBAAST-26APR08PORSAS-PORJHOLIDAY5-2,2026-04-08,ast,1.5,4.85575,-3.3557499999999996,0.9495,0.9209753362676305,1.0,1.0
KXNBAAST-26APR08PORSAS-PORJHOLIDAY5-4,2026-04-08,ast,3.5,4.85575,-1.3557499999999996,0.6955,0.6626764873644617,1.0,1.0
KXNBAAST-26APR08PORSAS-PORJHOLIDAY5-6,2026-04-08,ast,5.5,4.85575,0.6442500000000004,0.361,0.3609549961309082,1.0,1.0
KXNBAAST-26APR08PORSAS-PORJHOLIDAY5-8,2026-04-08,ast,7.5,4.85575,2.6442500000000004,0.135,0.15519721647351947,0.0,1.0
KXNBAAST-26APR08PORSAS-SASDFOX4-10,2026-04-08,ast,9.5,4.509,4.991,0.0225,0.03960359788660428,0.0,1.0
KXNBAAST-26APR08PORSAS-SASDFOX4-12,2026-04-08,ast,11.5,4.509,6.991,0.004,0.011028311403924795,0.0,1.0
KXNBAAST-26APR08PORSAS-SASDFOX4-6,2026-04-08,ast,5.5,4.509,0.9909999999999997,0.304,0.3101901134300087,1.0,1.0
KXNBAAST-26APR08PORSAS-SASDFOX4-7,2026-04-08,ast,6.5,4.509,1.9909999999999997,0.17925,0.20001723848847197,1.0,1.0
KXNBAAST-26APR08PORSAS-SASDFOX4-8,2026-04-08,ast,7.5,4.509,2.9909999999999997,0.10025,0.12211699650752816,0.0,1.0
KXNBA3PT-26APR08PORSAS-PORDAVDIJA8-1,2026-04-08,fg3m,0.5,1.46325,-0.9632499999999999,0.76325,0.7378121122257071,1.0,1.0
KXNBA3PT-26APR08PORSAS-PORDAVDIJA8-2,2026-04-08,fg3m,1.5,1.46325,0.03675000000000006,0.41775,0.4158762102601641,0.0,1.0
KXNBA3PT-26APR08PORSAS-PORDAVDIJA8-3,2026-04-08,fg3m,2.5,1.46325,1.03675,0.18525,0.1923343774526174,0.0,1.0
KXNBA3PT-26APR08PORSAS-PORDAVDIJA8-4,2026-04-08,fg3m,3.5,1.46325,2.03675,0.07,0.0768684909659545,0.0,1.0
KXNBA3PT-26APR08PORSAS-PORDAVDIJA8-5,2026-04-08,fg3m,4.5,1.46325,3.03675,0.01975,0.027494116565353832,0.0,1.0
KXNBA3PT-26APR08PORSAS-SASDFOX4-1,2026-04-08,fg3m,0.5,1.29025,-0.7902499999999999,0.70575,0.6964239829777292,1.0,1.0
KXNBA3PT-26APR08PORSAS-SASDFOX4-2,2026-04-08,fg3m,1.5,1.29025,0.2097500000000001,0.36925,0.3613672392462792,1.0,1.0
KXNBA3PT-26APR08PORSAS-SASDFOX4-3,2026-04-08,fg3m,2.5,1.29025,1.20975,0.153,0.15224420214925172,1.0,1.0
KXNBA3PT-26APR08PORSAS-SASDFOX4-4,2026-04-08,fg3m,3.5,1.29025,2.20975,0.04675,0.055150539871244075,0.0,1.0
KXNBA3PT-26APR08PORSAS-SASDFOX4-5,2026-04-08,fg3m,4.5,1.29025,3.20975,0.01225,0.017831289417906127,0.0,1.0
KXNBAPTS-26APR07CHABOS-BOSDWHITE9-10,2026-04-07,pts,9.5,12.90825,-3.4082500000000007,0.69575,0.6723118379968365,1.0,1.0
KXNBAPTS-26APR07CHABOS-BOSDWHITE9-15,2026-04-07,pts,14.5,12.90825,1.5917499999999993,0.36925,0.35188097154831677,0.0,1.0
KXNBAPTS-26APR07CHABOS-BOSDWHITE9-20,2026-04-07,pts,19.5,12.90825,6.591749999999999,0.13525,0.14499207931409896,0.0,1.0
KXNBAPTS-26APR07CHABOS-BOSDWHITE9-25,2026-04-07,pts,24.5,12.90825,11.59175,0.03525,0.050209258738684204,0.0,1.0
KXNBAPTS-26APR07CHABOS-BOSJBROWN7-20,2026-04-07,pts,19.5,22.71775,-3.2177499999999988,0.6445,0.5754067627212809,1.0,1.0
KXNBAPTS-26APR07CHABOS-BOSJBROWN7-25,2026-04-07,pts,24.5,22.71775,1.7822500000000012,0.3835,0.38058985357480557,1.0,1.0
KXNBAPTS-26APR07CHABOS-BOSJBROWN7-30,2026-04-07,pts,29.5,22.71775,6.782250000000001,0.194,0.22934940682362248,1.0,1.0
KXNBAPTS-26APR07CHABOS-BOSJBROWN7-35,2026-04-07,pts,34.5,22.71775,11.782250000000001,0.0735,0.12803014634351662,1.0,1.0
KXNBAPTS-26APR07CHABOS-BOSJTATUM0-15,2026-04-07,pts,14.5,19.165,-4.664999999999999,0.72275,0.6670338634078421,1.0,1.0
KXNBAPTS-26APR07CHABOS-BOSJTATUM0-20,2026-04-07,pts,19.5,19.165,0.33500000000000085,0.45925,0.4312322219923167,1.0,1.0
KXNBAPTS-26APR07CHABOS-BOSJTATUM0-25,2026-04-07,pts,24.5,19.165,5.335000000000001,0.2255,0.24418945775679224,0.0,1.0
KXNBAPTS-26APR07CHABOS-BOSJTATUM0-30,2026-04-07,pts,29.5,19.165,10.335,0.0845,0.12440361813600798,0.0,1.0
KXNBAPTS-26APR07CHABOS-BOSNQUETA88-10,2026-04-07,pts,9.5,9.39975,0.10025000000000084,0.4555,0.43656019906763366,1.0,1.0
KXNBAPTS-26APR07CHABOS-BOSNQUETA88-15,2026-04-07,pts,14.5,9.39975,5.100250000000001,0.1465,0.1442402340805452,0.0,1.0
KXNBAPTS-26APR07CHABOS-BOSNQUETA88-20,2026-04-07,pts,19.5,9.39975,10.10025,0.0345,0.035620073547788955,0.0,1.0
KXNBAPTS-26APR07CHABOS-BOSNVUCEVIC4-10,2026-04-07,pts,9.5,6.57375,2.9262499999999996,0.24825,0.19521302011124353,0.0,1.0
KXNBAPTS-26APR07CHABOS-BOSNVUCEVIC4-15,2026-04-07,pts,14.5,6.57375,7.92625,0.07025,0.032011187404986985,0.0,1.0
KXNBAPTS-26APR07CHABOS-BOSNVUCEVIC4-20,2026-04-07,pts,19.5,6.57375,12.92625,0.0185,0.003758978275862135,0.0,1.0
KXNBAPTS-26APR07CHABOS-BOSPPRITCHARD11-10,2026-04-07,pts,9.5,12.78875,-3.2887500000000003,0.68325,0.6659619868051687,1.0,1.0
KXNBAPTS-26APR07CHABOS-BOSPPRITCHARD11-15,2026-04-07,pts,14.5,12.78875,1.7112499999999997,0.356,0.34462155909997405,0.0,1.0
KXNBAPTS-26APR07CHABOS-BOSPPRITCHARD11-20,2026-04-07,pts,19.5,12.78875,6.71125,0.13375,0.14015770256878124,0.0,1.0
KXNBAPTS-26APR07CHABOS-BOSPPRITCHARD11-25,2026-04-07,pts,24.5,12.78875,11.71125,0.03975,0.04786615120068549,0.0,1.0
KXNBAPTS-26APR07CHABOS-BOSSHAUSER30-10,2026-04-07,pts,9.5,8.13225,1.3677499999999991,0.34825,0.3294725847601869,0.0,1.0
KXNBAPTS-26APR07CHABOS-BOSSHAUSER30-15,2026-04-07,pts,14.5,8.13225,6.367749999999999,0.1095,0.08388865533651602,0.0,1.0
KXNBAPTS-26APR07CHABOS-BOSSHAUSER30-20,2026-04-07,pts,19.5,8.13225,11.36775,0.02675,0.015659987916068596,0.0,1.0
KXNBAPTS-26APR07CHABOS-CHABMILLER24-10,2026-04-07,pts,9.5,16.4175,-6.9175,0.8465,0.8140481156492005,1.0,1.0
KXNBAPTS-26APR07CHABOS-CHABMILLER24-15,2026-04-07,pts,14.5,16.4175,-1.9175000000000004,0.58575,0.5474685432184865,1.0,1.0
KXNBAPTS-26APR07CHABOS-CHABMILLER24-20,2026-04-07,pts,19.5,16.4175,3.0824999999999996,0.29975,0.3038955183105463,1.0,1.0
KXNBAPTS-26APR07CHABOS-CHABMILLER24-25,2026-04-07,pts,24.5,16.4175,8.0825,0.122,0.14516180031627313,0.0,1.0
KXNBAPTS-26APR07CHABOS-CHAKKNUEPPEL7-10,2026-04-07,pts,9.5,14.41275,-4.912750000000001,0.76675,0.7429912685389359,1.0,1.0
KXNBAPTS-26APR07CHABOS-CHAKKNUEPPEL7-15,2026-04-07,pts,14.5,14.41275,0.08724999999999916,0.46525,0.4406793157574498,0.0,1.0
KXNBAPTS-26APR07CHABOS-CHAKKNUEPPEL7-20,2026-04-07,pts,19.5,14.41275,5.087249999999999,0.20525,0.21013747620133938,0.0,1.0
KXNBAPTS-26APR07CHABOS-CHAKKNUEPPEL7-25,2026-04-07,pts,24.5,14.41275,10.08725,0.0675,0.08507809106816222,0.0,1.0
KXNBAPTS-26APR07CHABOS-CHALBALL1-10,2026-04-07,pts,9.5,17.451,-7.9510000000000005,0.87175,0.8423650901555781,1.0,1.0
KXNBAPTS-26APR07CHABOS-CHALBALL1-15,2026-04-07,pts,14.5,17.451,-2.9510000000000005,0.6325,0.5961609795460474,1.0,1.0
KXNBAPTS-26APR07CHABOS-CHALBALL1-20,2026-04-07,pts,19.5,17.451,2.0489999999999995,0.3635,0.35269462193996515,1.0,1.0
KXNBAPTS-26APR07CHABOS-CHALBALL1-25,2026-04-07,pts,24.5,17.451,7.0489999999999995,0.16775,0.18077486708773916,1.0,1.0
KXNBAPTS-26APR07CHABOS-CHALBALL1-30,2026-04-07,pts,29.5,17.451,12.049,0.06025,0.08284462132849102,1.0,1.0
KXNBAPTS-26APR07CHABOS-CHALBALL1-50,2026-04-07,pts,49.5,17.451,32.049,0.0005,0.0017703200446059775,0.0,1.0
KXNBAPTS-26APR07CHABOS-CHALBALL1-60,2026-04-07,pts,59.5,17.451,42.049,0.0,0.0001963112998477623,0.0,1.0
KXNBAPTS-26APR07CHABOS-CHAMBRIDGES0-10,2026-04-07,pts,9.5,13.2435,-3.743499999999999,0.71775,0.6895250602112495,1.0,1.0
KXNBAPTS-26APR07CHABOS-CHAMBRIDGES0-15,2026-04-07,pts,14.5,13.2435,1.2565000000000008,0.37875,0.3721238651533004,0.0,1.0
KXNBAPTS-26APR07CHABOS-CHAMBRIDGES0-20,2026-04-07,pts,19.5,13.2435,6.256500000000001,0.15675,0.15886083447161148,0.0,1.0
KXNBAPTS-26APR07CHABOS-CHAMBRIDGES0-25,2026-04-07,pts,24.5,13.2435,11.2565,0.04025,0.057125473015546935,0.0,1.0
KXNBAPTS-26APR07CHABOS-CHAMDIABATE14-10,2026-04-07,pts,9.5,6.57475,2.92525,0.2235,0.19529569228863386,0.0,1.0
KXNBAPTS-26APR07CHABOS-CHAMDIABATE14-15,2026-04-07,pts,14.5,6.57475,7.92525,0.04,0.03203559233163866,0.0,1.0
KXNBAPTS-26APR07CHABOS-CHAMDIABATE14-20,2026-04-07,pts,19.5,6.57475,12.92525,0.0045,0.003763174787451029,0.0,1.0
KXNBAREB-26APR07CHABOS-BOSJBROWN7-10,2026-04-07,reb,9.5,5.45575,4.04425,0.05825,0.09140245193817442,0.0,1.0
KXNBAREB-26APR07CHABOS-BOSJBROWN7-2,2026-04-07,reb,1.5,5.45575,-3.95575,0.96625,0.9424034870674859,1.0,1.0
KXNBAREB-26APR07CHABOS-BOSJBROWN7-4,2026-04-07,reb,3.5,5.45575,-1.95575,0.78075,0.7303302891321959,1.0,1.0
KXNBAREB-26APR07CHABOS-BOSJBROWN7-6,2026-04-07,reb,5.5,5.45575,0.0442499999999999,0.45875,0.4458060353808525,1.0,1.0
KXNBAREB-26APR07CHABOS-BOSJBROWN7-8,2026-04-07,reb,7.5,5.45575,2.04425,0.199,0.2200973341371164,1.0,1.0
KXNBAREB-26APR07CHABOS-BOSJTATUM0-10,2026-04-07,reb,9.5,6.651,2.849,0.153,0.18404692660038124,0.0,1.0
KXNBAREB-26APR07CHABOS-BOSJTATUM0-12,2026-04-07,reb,11.5,6.651,4.849,0.052,0.08334571022721171,0.0,1.0
KXNBAREB-26APR07CHABOS-BOSJTATUM0-6,2026-04-07,reb,5.5,6.651,-1.1509999999999998,0.63575,0.5959156535933975,0.0,1.0
KXNBAREB-26APR07CHABOS-BOSJTATUM0-8,2026-04-07,reb,7.5,6.651,0.8490000000000002,0.3535,0.35762526608707124,0.0,1.0
KXNBAREB-26APR07CHABOS-BOSJTATUM0-9,2026-04-07,reb,8.5,6.651,1.8490000000000002,0.241,0.2610934285558574,0.0,1.0
KXNBAREB-26APR07CHABOS-BOSNQUETA88-10,2026-04-07,reb,9.5,6.94575,2.5542499999999997,0.18275,0.2104696566308748,0.0,1.0
KXNBAREB-26APR07CHABOS-BOSNQUETA88-12,2026-04-07,reb,11.5,6.94575,4.55425,0.06925,0.0998006990164374,0.0,1.0
KXNBAREB-26APR07CHABOS-BOSNQUETA88-6,2026-04-07,reb,5.5,6.94575,-1.4457500000000003,0.67325,0.6280025140105666,0.0,1.0
KXNBAREB-26APR07CHABOS-BOSNQUETA88-8,2026-04-07,reb,7.5,6.94575,0.5542499999999997,0.39775,0.39166544597667996,0.0,1.0
KXNBAREB-26APR07CHABOS-BOSNQUETA88-9,2026-04-07,reb,8.5,6.94575,1.5542499999999997,0.27725,0.29206308533654946,0.0,1.0
KXNBAREB-26APR07CHABOS-BOSNVUCEVIC4-2,2026-04-07,reb,1.5,3.55125,-2.05125,0.7835,0.8274185000706482,1.0,1.0
KXNBAREB-26APR07CHABOS-BOSNVUCEVIC4-4,2026-04-07,reb,3.5,3.55125,-0.05125000000000002,0.4575,0.45647493008444573,1.0,1.0
KXNBAREB-26APR07CHABOS-BOSNVUCEVIC4-5,2026-04-07,reb,4.5,3.55125,0.94875,0.31475,0.2945354422763192,1.0,1.0
KXNBAREB-26APR07CHABOS-BOSNVUCEVIC4-6,2026-04-07,reb,5.5,3.55125,1.94875,0.2025,0.17576562238660287,1.0,1.0
KXNBAREB-26APR07CHABOS-BOSNVUCEVIC4-8,2026-04-07,reb,7.5,3.55125,3.94875,0.07225,0.05162812385629112,0.0,1.0
KXNBAREB-26APR07CHABOS-BOSPPRITCHARD11-2,2026-04-07,reb,1.5,2.75225,-1.25225,0.74575,0.7229969761000197,1.0,1.0
KXNBAREB-26APR07CHABOS-BOSPPRITCHARD11-3,2026-04-07,reb,2.5,2.75225,-0.2522500000000001,0.50725,0.49742476167598726,1.0,1.0
KXNBAREB-26APR07CHABOS-BOSPPRITCHARD11-4,2026-04-07,reb,3.5,2.75225,0.7477499999999999,0.30125,0.3024962903917805,1.0,1.0
KXNBAREB-26APR07CHABOS-BOSPPRITCHARD11-6,2026-04-07,reb,5.5,2.75225,2.74775,0.0685,0.08332300070064769,0.0,1.0
KXNBAREB-26APR07CHABOS-BOSPPRITCHARD11-8,2026-04-07,reb,7.5,2.75225,4.74775,0.01275,0.017088373658928013,0.0,1.0
KXNBAREB-26APR07CHABOS-CHABMILLER24-2,2026-04-07,reb,1.5,4.762,-3.2619999999999996,0.945,0.9147343811493873,0.0,1.0
KXNBAREB-26APR07CHABOS-CHABMILLER24-4,2026-04-07,reb,3.5,4.762,-1.2619999999999996,0.692,0.6481330093529513,0.0,1.0
KXNBAREB-26APR07CHABOS-CHABMILLER24-5,2026-04-07,reb,4.5,4.762,-0.26199999999999957,0.513,0.49015749784713303,0.0,1.0
KXNBAREB-26APR07CHABOS-CHABMILLER24-6,2026-04-07,reb,5.5,4.762,0.7380000000000004,0.34675,0.3473621013150212,0.0,1.0
KXNBAREB-26APR07CHABOS-CHABMILLER24-8,2026-04-07,reb,7.5,4.762,2.7380000000000004,0.116,0.14742470793318518,0.0,1.0
KXNBAREB-26APR07CHABOS-CHAKKNUEPPEL7-2,2026-04-07,reb,1.5,4.78075,-3.2807500000000003,0.93675,0.9156442410223705,1.0,1.0
KXNBAREB-26APR07CHABOS-CHAKKNUEPPEL7-4,2026-04-07,reb,3.5,4.78075,-1.2807500000000003,0.68175,0.6506136356138421,1.0,1.0
KXNBAREB-26APR07CHABOS-CHAKKNUEPPEL7-5,2026-04-07,reb,4.5,4.78075,-0.2807500000000003,0.5115,0.4929640769023783,1.0,1.0
KXNBAREB-26APR07CHABOS-CHAKKNUEPPEL7-6,2026-04-07,reb,5.5,4.78075,0.7192499999999997,0.358,0.3500812346389216,0.0,1.0
KXNBAREB-26APR07CHABOS-CHAKKNUEPPEL7-8,2026-04-07,reb,7.5,4.78075,2.7192499999999997,0.12475,0.14925687037255508,0.0,1.0
KXNBAREB-26APR07CHABOS-CHALBALL1-2,2026-04-07,reb,1.5,4.31,-2.8099999999999996,0.918,0.889354110836927,1.0,1.0
KXNBAREB-26APR07CHABOS-CHALBALL1-4,2026-04-07,reb,3.5,4.31,-0.8099999999999996,0.60975,0.5837823917298741,1.0,1.0
KXNBAREB-26APR07CHABOS-CHALBALL1-5,2026-04-07,reb,4.5,4.31,0.1900000000000004,0.428,0.4199050031104662,1.0,1.0
KXNBAREB-26APR07CHABOS-CHALBALL1-6,2026-04-07,reb,5.5,4.31,1.1900000000000004,0.26875,0.28165985475771804,0.0,1.0
KXNBAREB-26APR07CHABOS-CHALBALL1-8,2026-04-07,reb,7.5,4.31,3.1900000000000004,0.07925,0.10612375126793872,0.0,1.0
KXNBAREB-26APR07CHABOS-CHAMBRIDGES0-10,2026-04-07,reb,9.5,4.763,4.737,0.02975,0.052099148488029545,1.0,1.0
KXNBAREB-26APR07CHABOS-CHAMBRIDGES0-2,2026-04-07,reb,1.5,4.763,-3.263,0.9455,0.914783168169055,1.0,1.0
KXNBAREB-26APR07CHABOS-CHAMBRIDGES0-4,2026-04-07,reb,3.5,4.763,-1.263,0.68725,0.6482656849578067,1.0,1.0
KXNBAREB-26APR07CHABOS-CHAMBRIDGES0-6,2026-04-07,reb,5.5,4.763,0.7370000000000001,0.347,0.3475071651549597,1.0,1.0
KXNBAREB-26APR07CHABOS-CHAMBRIDGES0-8,2026-04-07,reb,7.5,4.763,2.737,0.119,0.14752220477218236,1.0,1.0
KXNBAREB-26APR07CHABOS-CHAMDIABATE14-10,2026-04-07,reb,9.5,7.7555,1.7445000000000004,0.26625,0.2871545202452419,0.0,1.0
KXNBAREB-26APR07CHABOS-CHAMDIABATE14-12,2026-04-07,reb,11.5,7.7555,3.7445000000000004,0.11025,0.15219078025706512,0.0,1.0
KXNBAREB-26APR07CHABOS-CHAMDIABATE14-6,2026-04-07,reb,5.5,7.7555,-2.2554999999999996,0.7655,0.7056462804370861,0.0,1.0
KXNBAREB-26APR07CHABOS-CHAMDIABATE14-8,2026-04-07,reb,7.5,7.7555,-0.2554999999999996,0.505,0.4818224347287402,0.0,1.0
KXNBAREB-26APR07CHABOS-CHAMDIABATE14-9,2026-04-07,reb,8.5,7.7555,0.7445000000000004,0.38375,0.3779138501230892,0.0,1.0
KXNBAAST-26APR07CHABOS-BOSDWHITE9-2,2026-04-07,ast,1.5,4.2525,-2.7525000000000004,0.92225,0.8875414028291143,1.0,1.0
KXNBAAST-26APR07CHABOS-BOSDWHITE9-4,2026-04-07,ast,3.5,4.2525,-0.7525000000000004,0.613,0.5766521778797837,0.0,1.0
KXNBAAST-26APR07CHABOS-BOSDWHITE9-5,2026-04-07,ast,4.5,4.2525,0.2474999999999996,0.428,0.41112566024832653,0.0,1.0
KXNBAAST-26APR07CHABOS-BOSDWHITE9-6,2026-04-07,ast,5.5,4.2525,1.2474999999999996,0.2525,0.27271433939485823,0.0,1.0
KXNBAAST-26APR07CHABOS-BOSDWHITE9-8,2026-04-07,ast,7.5,4.2525,3.2474999999999996,0.06775,0.09987826865781646,0.0,1.0
KXNBAAST-26APR07CHABOS-BOSJBROWN7-10,2026-04-07,ast,9.5,4.49975,5.00025,0.0185,0.039228300817374384,0.0,1.0
KXNBAAST-26APR07CHABOS-BOSJBROWN7-2,2026-04-07,ast,1.5,4.49975,-2.9997499999999997,0.93525,0.9027538602218418,1.0,1.0
KXNBAAST-26APR07CHABOS-BOSJBROWN7-4,2026-04-07,ast,3.5,4.49975,-0.9997499999999997,0.651,0.613820801355308,0.0,1.0
KXNBAAST-26APR07CHABOS-BOSJBROWN7-6,2026-04-07,ast,5.5,4.49975,1.0002500000000003,0.30325,0.30883410040994397,0.0,1.0
KXNBAAST-26APR07CHABOS-BOSJBROWN7-8,2026-04-07,ast,7.5,4.49975,3.0002500000000003,0.0875,0.12128006404674618,0.0,1.0
KXNBAAST-26APR07CHABOS-BOSJTATUM0-10,2026-04-07,ast,9.5,4.65025,4.84975,0.023,0.04561048152810332,0.0,1.0
KXNBAAST-26APR07CHABOS-BOSJTATUM0-2,2026-04-07,ast,1.5,4.65025,-3.1502499999999998,0.94275,0.9109442733049331,1.0,1.0
KXNBAAST-26APR07CHABOS-BOSJTATUM0-4,2026-04-07,ast,3.5,4.65025,-1.1502499999999998,0.67775,0.635142482207846,1.0,1.0
KXNBAAST-26APR07CHABOS-BOSJTATUM0-6,2026-04-07,ast,5.5,4.65025,0.8497500000000002,0.32875,0.3309025556644749,0.0,1.0
KXNBAAST-26APR07CHABOS-BOSJTATUM0-8,2026-04-07,ast,7.5,4.65025,2.8497500000000002,0.10125,0.13520210880660088,0.0,1.0
KXNBAAST-26APR07CHABOS-BOSPPRITCHARD11-2,2026-04-07,ast,1.5,3.5385,-2.0385,0.8555,0.8281088951787743,1.0,1.0
KXNBAAST-26APR07CHABOS-BOSPPRITCHARD11-4,2026-04-07,ast,3.5,3.5385,-0.03849999999999998,0.4645,0.45493999187167156,0.0,1.0
KXNBAAST-26APR07CHABOS-BOSPPRITCHARD11-5,2026-04-07,ast,4.5,3.5385,0.9615,0.28775,0.2920376396279598,0.0,1.0
KXNBAAST-26APR07CHABOS-BOSPPRITCHARD11-6,2026-04-07,ast,5.5,3.5385,1.9615,0.15425,0.17302875739328372,0.0,1.0
KXNBAAST-26APR07CHABOS-BOSPPRITCHARD11-8,2026-04-07,ast,7.5,3.5385,3.9615,0.0355,0.049822908200674365,0.0,1.0
KXNBAAST-26APR07CHABOS-CHABMILLER24-2,2026-04-07,ast,1.5,2.79875,-1.29875,0.76175,0.7322992228668948,1.0,1.0
KXNBAAST-26APR07CHABOS-CHABMILLER24-3,2026-04-07,ast,2.5,2.79875,-0.29875000000000007,0.52075,0.5082842678001147,0.0,1.0
KXNBAAST-26APR07CHABOS-CHABMILLER24-4,2026-04-07,ast,3.5,2.79875,0.7012499999999999,0.309,0.31161512864398466,0.0,1.0
KXNBAAST-26APR07CHABOS-CHABMILLER24-6,2026-04-07,ast,5.5,2.79875,2.70125,0.074,0.08686601380708492,0.0,1.0
KXNBAAST-26APR07CHABOS-CHABMILLER24-8,2026-04-07,ast,7.5,2.79875,4.70125,0.0105,0.017916065159124583,0.0,1.0
KXNBAAST-26APR07CHABOS-CHAKKNUEPPEL7-2,2026-04-07,ast,1.5,2.61325,-1.1132499999999999,0.72625,0.700948027821515,1.0,1.0
KXNBAAST-26APR07CHABOS-CHAKKNUEPPEL7-3,2026-04-07,ast,2.5,2.61325,-0.11324999999999985,0.4735,0.46811341330099876,1.0,1.0
KXNBAAST-26APR07CHABOS-CHAKKNUEPPEL7-4,2026-04-07,ast,3.5,2.61325,0.8867500000000001,0.274,0.2746006821321585,1.0,1.0
KXNBAAST-26APR07CHABOS-CHAKKNUEPPEL7-6,2026-04-07,ast,5.5,2.61325,2.88675,0.0545,0.06947677785372375,0.0,1.0
KXNBAAST-26APR07CHABOS-CHAKKNUEPPEL7-8,2026-04-07,ast,7.5,2.61325,4.88675,0.0065,0.012932651960378516,0.0,1.0
KXNBAAST-26APR07CHABOS-CHALBALL1-10,2026-04-07,ast,9.5,5.5535,3.9465000000000003,0.0645,0.09617630417371337,0.0,1.0
KXNBAAST-26APR07CHABOS-CHALBALL1-12,2026-04-07,ast,11.5,5.5535,5.9465,0.014,0.03489391093110317,0.0,1.0
KXNBAAST-26APR07CHABOS-CHALBALL1-6,2026-04-07,ast,5.5,5.5535,-0.05349999999999966,0.48225,0.4600673127433528,1.0,1.0
KXNBAAST-26APR07CHABOS-CHALBALL1-7,2026-04-07,ast,6.5,5.5535,0.9465000000000003,0.322,0.33319809728956495,0.0,1.0
KXNBAAST-26APR07CHABOS-CHALBALL1-8,2026-04-07,ast,7.5,5.5535,1.9465000000000003,0.202,0.2297894051384719,0.0,1.0
KXNBAAST-26APR07CHABOS-CHAMBRIDGES0-2,2026-04-07,ast,1.5,2.378,-0.8780000000000001,0.6775,0.6561139581936091,1.0,1.0
KXNBAAST-26APR07CHABOS-CHAMBRIDGES0-3,2026-04-07,ast,2.5,2.378,0.12199999999999989,0.4255,0.41431326071670216,1.0,1.0
KXNBAAST-26APR07CHABOS-CHAMBRIDGES0-4,2026-04-07,ast,3.5,2.378,1.1219999999999999,0.2215,0.22816353635769415,1.0,1.0
KXNBAAST-26APR07CHABOS-CHAMBRIDGES0-6,2026-04-07,ast,5.5,2.378,3.122,0.03925,0.050319748295294064,0.0,1.0
KXNBAAST-26APR07CHABOS-CHAMBRIDGES0-8,2026-04-07,ast,7.5,2.378,5.122,0.004,0.008107187248212244,0.0,1.0
KXNBA3PT-26APR07CHABOS-BOSDWHITE9-1,2026-04-07,fg3m,0.5,2.06525,-1.5652499999999998,0.86075,0.8392408734628857,1.0,1.0
KXNBA3PT-26APR07CHABOS-BOSDWHITE9-2,2026-04-07,fg3m,1.5,2.06525,-0.5652499999999998,0.604,0.5779301229769037,1.0,1.0
KXNBA3PT-26APR07CHABOS-BOSDWHITE9-3,2026-04-07,fg3m,2.5,2.06525,0.4347500000000002,0.35375,0.33773093997257864,1.0,1.0
KXNBA3PT-26APR07CHABOS-BOSDWHITE9-4,2026-04-07,fg3m,3.5,2.06525,1.4347500000000002,0.161,0.1734862773255692,1.0,1.0
KXNBA3PT-26APR07CHABOS-BOSDWHITE9-5,2026-04-07,fg3m,4.5,2.06525,2.43475,0.059,0.0805117391160236,0.0,1.0
KXNBA3PT-26APR07CHABOS-BOSJBROWN7-1,2026-04-07,fg3m,0.5,1.5435,-1.0435,0.77775,0.7548144927542427,1.0,1.0
KXNBA3PT-26APR07CHABOS-BOSJBROWN7-2,2026-04-07,fg3m,1.5,1.5435,-0.043500000000000094,0.453,0.4400213613089561,1.0,1.0
KXNBA3PT-26APR07CHABOS-BOSJBROWN7-3,2026-04-07,fg3m,2.5,1.5435,0.9564999999999999,0.2035,0.21146763354505516,1.0,1.0
KXNBA3PT-26APR07CHABOS-BOSJBROWN7-4,2026-04-07,fg3m,3.5,1.5435,1.9565,0.07425,0.08802736400273503,0.0,1.0
KXNBA3PT-26APR07CHABOS-BOSJBROWN7-5,2026-04-07,fg3m,4.5,1.5435,2.9565,0.02575,0.03283507087025117,0.0,1.0
KXNBA3PT-26APR07CHABOS-BOSJTATUM0-2,2026-04-07,fg3m,1.5,2.4605,-0.9605000000000001,0.69625,0.6609757120844922,1.0,1.0
KXNBA3PT-26APR07CHABOS-BOSJTATUM0-3,2026-04-07,fg3m,2.5,2.4605,0.03949999999999987,0.44575,0.4289396537012754,1.0,1.0
KXNBA3PT-26APR07CHABOS-BOSJTATUM0-4,2026-04-07,fg3m,3.5,2.4605,1.0394999999999999,0.242,0.24731342054241967,0.0,1.0
KXNBA3PT-26APR07CHABOS-BOSJTATUM0-5,2026-04-07,fg3m,4.5,2.4605,2.0395,0.10875,0.12961931914009883,0.0,1.0
KXNBA3PT-26APR07CHABOS-BOSJTATUM0-6,2026-04-07,fg3m,5.5,2.4605,3.0395,0.04475,0.06286879866285999,0.0,1.0
KXNBA3PT-26APR07CHABOS-BOSNVUCEVIC4-1,2026-04-07,fg3m,0.5,0.57975,-0.07974999999999999,0.41975,0.4280991207503403,0.0,1.0
KXNBA3PT-26APR07CHABOS-BOSNVUCEVIC4-2,2026-04-07,fg3m,1.5,0.57975,0.92025,0.123,0.1199431821158109,0.0,1.0
KXNBA3PT-26APR07CHABOS-BOSNVUCEVIC4-3,2026-04-07,fg3m,2.5,0.57975,1.92025,0.0305,0.026045920175772008,0.0,1.0
KXNBA3PT-26APR07CHABOS-BOSNVUCEVIC4-4,2026-04-07,fg3m,3.5,0.57975,2.9202500000000002,0.00625,0.004762530039471469,0.0,1.0
KXNBA3PT-26APR07CHABOS-BOSNVUCEVIC4-5,2026-04-07,fg3m,4.5,0.57975,3.9202500000000002,0.00025,0.0007687723793938783,0.0,1.0
KXNBA3PT-26APR07CHABOS-BOSPPRITCHARD11-1,2026-04-07,fg3m,0.5,2.01125,-1.51125,0.866,0.8322411975000773,1.0,1.0
KXNBA3PT-26APR07CHABOS-BOSPPRITCHARD11-2,2026-04-07,fg3m,1.5,2.01125,-0.51125,0.5935,0.5651957669733492,1.0,1.0
KXNBA3PT-26APR07CHABOS-BOSPPRITCHARD11-3,2026-04-07,fg3m,2.5,2.01125,0.48875,0.32725,0.3248051046631416,1.0,1.0
KXNBA3PT-26APR07CHABOS-BOSPPRITCHARD11-4,2026-04-07,fg3m,3.5,2.01125,1.48875,0.14225,0.16383118175177336,1.0,1.0
KXNBA3PT-26APR07CHABOS-BOSPPRITCHARD11-5,2026-04-07,fg3m,4.5,2.01125,2.48875,0.05575,0.07459386838841753,0.0,1.0
KXNBA3PT-26APR07CHABOS-CHAKKNUEPPEL7-2,2026-04-07,fg3m,1.5,2.53625,-1.03625,0.7185,0.6749694734468308,1.0,1.0
KXNBA3PT-26APR07CHABOS-CHAKKNUEPPEL7-3,2026-04-07,fg3m,2.5,2.53625,-0.03624999999999989,0.46725,0.4455590753917731,1.0,1.0
KXNBA3PT-26APR07CHABOS-CHAKKNUEPPEL7-4,2026-04-07,fg3m,3.5,2.53625,0.9637500000000001,0.2525,0.26183844062574857,0.0,1.0
KXNBA3PT-26APR07CHABOS-CHAKKNUEPPEL7-5,2026-04-07,fg3m,4.5,2.53625,1.96375,0.11425,0.14003605318196488,0.0,1.0
KXNBA3PT-26APR07CHABOS-CHAKKNUEPPEL7-6,2026-04-07,fg3m,5.5,2.53625,2.96375,0.044,0.06935915158154704,0.0,1.0
KXNBA3PT-26APR07CHABOS-CHALBALL1-2,2026-04-07,fg3m,1.5,3.3075,-1.8075,0.834,0.7880927933176003,1.0,1.0
KXNBA3PT-26APR07CHABOS-CHALBALL1-3,2026-04-07,fg3m,2.5,3.3075,-0.8075000000000001,0.62775,0.595164371181466,1.0,1.0
KXNBA3PT-26APR07CHABOS-CHALBALL1-4,2026-04-07,fg3m,3.5,3.3075,0.1924999999999999,0.413,0.40787964205010374,1.0,1.0
KXNBA3PT-26APR07CHABOS-CHALBALL1-5,2026-04-07,fg3m,4.5,3.3075,1.1925,0.24375,0.25737096205304166,1.0,1.0
KXNBA3PT-26APR07CHABOS-CHALBALL1-6,2026-04-07,fg3m,5.5,3.3075,2.1925,0.128,0.15150787258483278,1.0,1.0
KXNBA3PT-26APR07CHABOS-CHAMBRIDGES0-1,2026-04-07,fg3m,0.5,1.444,-0.944,0.75825,0.7335378842433815,1.0,1.0
KXNBA3PT-26APR07CHABOS-CHAMBRIDGES0-2,2026-04-07,fg3m,1.5,1.444,0.05600000000000005,0.421,0.40997335054360806,0.0,1.0
KXNBA3PT-26APR07CHABOS-CHAMBRIDGES0-3,2026-04-07,fg3m,2.5,1.444,1.056,0.18025,0.18778618875799358,0.0,1.0
KXNBA3PT-26APR07CHABOS-CHAMBRIDGES0-4,2026-04-07,fg3m,3.5,1.444,2.056,0.06125,0.07428968024095839,0.0,1.0
KXNBA3PT-26APR07CHABOS-CHAMBRIDGES0-5,2026-04-07,fg3m,4.5,1.444,3.056,0.019,0.02629434088701965,0.0,1.0
KXNBAPTS-26APR07MININD-INDJWALKER5-10,2026-04-07,pts,9.5,11.61920668058455,-2.1192066805845506,0.5954070981210856,0.5976278665564172,1.0,0.59875
KXNBAPTS-26APR07MININD-INDJWALKER5-15,2026-04-07,pts,14.5,11.61920668058455,2.8807933194154494,0.3081419624217119,0.27304643112715776,0.0,0.59875
KXNBAPTS-26APR07MININD-INDJWALKER5-20,2026-04-07,pts,19.5,11.61920668058455,7.880793319415449,0.11231732776617954,0.09639285147349752,0.0,0.59875
KXNBAPTS-26APR07MININD-INDJWALKER5-25,2026-04-07,pts,24.5,11.61920668058455,12.88079331941545,0.03883089770354906,0.028348138267007106,0.0,0.59875
KXNBAPTS-26APR07MININD-MINDDIVINCENZO0-10,2026-04-07,pts,9.5,11.5575,-2.057499999999999,0.60525,0.5937029199911232,1.0,1.0
KXNBAPTS-26APR07MININD-MINDDIVINCENZO0-15,2026-04-07,pts,14.5,11.5575,2.942500000000001,0.285,0.2692762660590977,0.0,1.0
KXNBAPTS-26APR07MININD-MINDDIVINCENZO0-20,2026-04-07,pts,19.5,11.5575,7.942500000000001,0.1005,0.09428333515068488,0.0,1.0
KXNBAPTS-26APR07MININD-MINJRANDLE30-20,2026-04-07,pts,19.5,19.2765,0.22350000000000136,0.4605,0.43617970231970826,0.0,1.0
KXNBAPTS-26APR07MININD-MINJRANDLE30-25,2026-04-07,pts,24.5,19.2765,5.223500000000001,0.21875,0.24843661622787772,0.0,1.0
KXNBAPTS-26APR07MININD-MINJRANDLE30-30,2026-04-07,pts,29.5,19.2765,10.223500000000001,0.088,0.12735938613436537,0.0,1.0
KXNBAPTS-26APR07MININD-MINJRANDLE30-35,2026-04-07,pts,34.5,19.2765,15.223500000000001,0.0255,0.06002846001977469,0.0,1.0
KXNBAPTS-26APR07MININD-MINRGOBERT27-10,2026-04-07,pts,9.5,10.79625,-1.2962500000000006,0.55525,0.5426101770286615,0.0,1.0
KXNBAPTS-26APR07MININD-MINRGOBERT27-15,2026-04-07,pts,14.5,10.79625,3.7037499999999994,0.225,0.22327540626789166,0.0,1.0
KXNBAPTS-26APR07MININD-MINRGOBERT27-20,2026-04-07,pts,19.5,10.79625,8.70375,0.058,0.07012866989460476,0.0,1.0
KXNBAREB-26APR07MININD-INDJWALKER5-10,2026-04-07,reb,9.5,5.071816283924844,4.428183716075156,0.05803757828810021,0.06813294918399182,0.0,0.59875
KXNBAREB-26APR07MININD-INDJWALKER5-12,2026-04-07,reb,11.5,5.071816283924844,6.428183716075156,0.022129436325678497,0.022524261445489024,0.0,0.59875
KXNBAREB-26APR07MININD-INDJWALKER5-6,2026-04-07,reb,5.5,5.071816283924844,0.42818371607515626,0.4,0.3919776871276619,1.0,0.59875
KXNBAREB-26APR07MININD-INDJWALKER5-7,2026-04-07,reb,6.5,5.071816283924844,1.4281837160751563,0.2759916492693111,0.27140334126921306,0.0,0.59875
KXNBAREB-26APR07MININD-INDJWALKER5-8,2026-04-07,reb,7.5,5.071816283924844,2.4281837160751563,0.18162839248434237,0.17873357596913597,0.0,0.59875
KXNBAREB-26APR07MININD-MINDDIVINCENZO0-10,2026-04-07,reb,9.5,3.81175,5.68825,0.007,0.017986978444449297,0.0,1.0
KXNBAREB-26APR07MININD-MINDDIVINCENZO0-2,2026-04-07,reb,1.5,3.81175,-2.31175,0.88325,0.8519706033796675,1.0,1.0
KXNBAREB-26APR07MININD-MINDDIVINCENZO0-4,2026-04-07,reb,3.5,3.81175,-0.31174999999999997,0.5255,0.5027667312112096,1.0,1.0
KXNBAREB-26APR07MININD-MINDDIVINCENZO0-6,2026-04-07,reb,5.5,3.81175,1.68825,0.19575,0.21088868671689665,1.0,1.0
KXNBAREB-26APR07MININD-MINDDIVINCENZO0-8,2026-04-07,reb,7.5,3.81175,3.68825,0.04375,0.0680240244219601,0.0,1.0
KXNBAREB-26APR07MININD-MINJRANDLE30-10,2026-04-07,reb,9.5,6.461,3.0389999999999997,0.13025,0.16762359538360283,0.0,1.0
KXNBAREB-26APR07MININD-MINJRANDLE30-12,2026-04-07,reb,11.5,6.461,5.039,0.043,0.07355779568887943,0.0,1.0
KXNBAREB-26APR07MININD-MINJRANDLE30-6,2026-04-07,reb,5.5,6.461,-0.9610000000000003,0.61425,0.5741468800696812,0.0,1.0
KXNBAREB-26APR07MININD-MINJRANDLE30-7,2026-04-07,reb,6.5,6.461,0.0389999999999997,0.46075,0.4483856768116635,0.0,1.0
KXNBAREB-26APR07MININD-MINJRANDLE30-8,2026-04-07,reb,7.5,6.461,1.0389999999999997,0.3305,0.3355190977344561,0.0,1.0
KXNBAREB-26APR07MININD-MINRGOBERT27-10,2026-04-07,reb,9.5,10.5165,-1.0165000000000006,0.592,0.5451026306926601,1.0,1.0
KXNBAREB-26APR07MININD-MINRGOBERT27-11,2026-04-07,reb,10.5,10.5165,-0.016500000000000625,0.47375,0.4571146230520101,1.0,1.0
KXNBAREB-26APR07MININD-MINRGOBERT27-12,2026-04-07,reb,11.5,10.5165,0.9834999999999994,0.36625,0.3750909529933427,1.0,1.0
KXNBAREB-26APR07MININD-MINRGOBERT27-14,2026-04-07,reb,13.5,10.5165,2.9834999999999994,0.18875,0.23776171935805268,0.0,1.0
KXNBAREB-26APR07MININD-MINRGOBERT27-16,2026-04-07,reb,15.5,10.5165,4.983499999999999,0.089,0.14018729276306852,0.0,1.0
KXNBAAST-26APR07MININD-MINDDIVINCENZO0-10,2026-04-07,ast,9.5,3.09375,6.40625,0.0025,0.005431131607580464,0.0,1.0
KXNBAAST-26APR07MININD-MINDDIVINCENZO0-2,2026-04-07,ast,1.5,3.09375,-1.59375,0.813,0.7756492511706465,1.0,1.0
KXNBAAST-26APR07MININD-MINDDIVINCENZO0-4,2026-04-07,ast,3.5,3.09375,0.40625,0.366,0.37010780844068125,1.0,1.0
KXNBAAST-26APR07MININD-MINDDIVINCENZO0-6,2026-04-07,ast,5.5,3.09375,2.40625,0.095,0.11830482979488877,0.0,1.0
KXNBAAST-26APR07MININD-MINDDIVINCENZO0-8,2026-04-07,ast,7.5,3.09375,4.40625,0.01375,0.02823480214633667,0.0,1.0
KXNBAAST-26APR07MININD-MINJRANDLE30-2,2026-04-07,ast,1.5,4.09325,-2.5932500000000003,0.90725,0.8764457943826496,1.0,1.0
KXNBAAST-26APR07MININD-MINJRANDLE30-4,2026-04-07,ast,3.5,4.09325,-0.5932500000000003,0.5835,0.5513119917974756,1.0,1.0
KXNBAAST-26APR07MININD-MINJRANDLE30-5,2026-04-07,ast,4.5,4.09325,0.4067499999999997,0.38975,0.3849996971326495,0.0,1.0
KXNBAAST-26APR07MININD-MINJRANDLE30-6,2026-04-07,ast,5.5,4.09325,1.4067499999999997,0.22875,0.24970332947005835,0.0,1.0
KXNBAAST-26APR07MININD-MINJRANDLE30-8,2026-04-07,ast,7.5,4.09325,3.4067499999999997,0.066,0.08714105362072144,0.0,1.0
KXNBAPTS-26APR07DALLAC-DALCFLAGG32-20,2026-04-07,pts,19.5,18.868,0.6320000000000014,0.43925,0.41794333138903195,1.0,1.0
KXNBAPTS-26APR07DALLAC-DALCFLAGG32-25,2026-04-07,pts,24.5,18.868,5.6320000000000014,0.2095,0.2329303244437262,1.0,1.0
KXNBAPTS-26APR07DALLAC-DALCFLAGG32-30,2026-04-07,pts,29.5,18.868,10.632000000000001,0.0755,0.11666986606134833,0.0,1.0
KXNBAPTS-26APR07DALLAC-DALCFLAGG32-35,2026-04-07,pts,34.5,18.868,15.632000000000001,0.022,0.053680204360338046,0.0,1.0
KXNBAPTS-26APR07DALLAC-DALKTHOMPSON31-10,2026-04-07,pts,9.5,8.5415,0.9585000000000008,0.38475,0.3648174652040511,1.0,1.0
KXNBAPTS-26APR07DALLAC-DALKTHOMPSON31-15,2026-04-07,pts,14.5,8.5415,5.958500000000001,0.12975,0.10182692279563577,0.0,1.0
KXNBAPTS-26APR07DALLAC-DALKTHOMPSON31-20,2026-04-07,pts,19.5,8.5415,10.9585,0.0305,0.020967906984188045,0.0,1.0
KXNBAPTS-26APR07DALLAC-DALMCHRISTIE00-10,2026-04-07,pts,9.5,8.717,0.7829999999999995,0.398,0.37979308436295134,1.0,1.0
KXNBAPTS-26APR07DALLAC-DALMCHRISTIE00-15,2026-04-07,pts,14.5,8.717,5.7829999999999995,0.13475,0.11000170190545899,0.0,1.0
KXNBAPTS-26APR07DALLAC-DALMCHRISTIE00-20,2026-04-07,pts,19.5,8.717,10.783,0.02825,0.023567621122037585,0.0,1.0
KXNBAPTS-26APR07DALLAC-DALNMARSHALL13-10,2026-04-07,pts,9.5,13.12675,-3.6267499999999995,0.7005,0.6836301222856223,0.0,1.0
KXNBAPTS-26APR07DALLAC-DALNMARSHALL13-15,2026-04-07,pts,14.5,13.12675,1.3732500000000005,0.379,0.3650970283245015,0.0,1.0
KXNBAPTS-26APR07DALLAC-DALNMARSHALL13-20,2026-04-07,pts,19.5,13.12675,6.3732500000000005,0.1475,0.15398172502318708,0.0,1.0
KXNBAPTS-26APR07DALLAC-DALNMARSHALL13-25,2026-04-07,pts,24.5,13.12675,11.37325,0.04325,0.05465981452826463,0.0,1.0
KXNBAPTS-26APR07DALLAC-LACBLOPEZ11-10,2026-04-07,pts,9.5,9.65525,-0.15525000000000055,0.47925,0.4570626920231473,0.0,1.0
KXNBAPTS-26APR07DALLAC-LACBLOPEZ11-15,2026-04-07,pts,14.5,9.65525,4.8447499999999994,0.181,0.15792670131889275,0.0,1.0
KXNBAPTS-26APR07DALLAC-LACBLOPEZ11-20,2026-04-07,pts,19.5,9.65525,9.84475,0.042,0.040943241427169985,0.0,1.0
KXNBAPTS-26APR07DALLAC-LACBMATHURIN9-10,2026-04-07,pts,9.5,14.372,-4.872,0.7585,0.7412903929161863,0.0,1.0
KXNBAPTS-26APR07DALLAC-LACBMATHURIN9-15,2026-04-07,pts,14.5,14.372,0.1280000000000001,0.45975,0.4383561147979582,0.0,1.0
KXNBAPTS-26APR07DALLAC-LACBMATHURIN9-20,2026-04-07,pts,19.5,14.372,5.128,0.20325,0.20828908265472057,0.0,1.0
KXNBAPTS-26APR07DALLAC-LACBMATHURIN9-25,2026-04-07,pts,24.5,14.372,10.128,0.0695,0.08400778702730127,0.0,1.0
KXNBAPTS-26APR07DALLAC-LACDGARLAND10-10,2026-04-07,pts,9.5,16.8695,-7.369499999999999,0.852,0.8270424593102358,1.0,1.0
KXNBAPTS-26APR07DALLAC-LACDGARLAND10-15,2026-04-07,pts,14.5,16.8695,-2.3694999999999986,0.61575,0.5693188342961413,1.0,1.0
KXNBAPTS-26APR07DALLAC-LACDGARLAND10-20,2026-04-07,pts,19.5,16.8695,2.6305000000000014,0.33875,0.3252998752465126,1.0,1.0
KXNBAPTS-26APR07DALLAC-LACDGARLAND10-25,2026-04-07,pts,24.5,16.8695,7.630500000000001,0.13575,0.16042342713095925,0.0,1.0
KXNBAPTS-26APR07DALLAC-LACDGARLAND10-30,2026-04-07,pts,29.5,16.8695,12.630500000000001,0.0495,0.07058570633376515,0.0,1.0
KXNBAPTS-26APR07DALLAC-LACDJONES5-10,2026-04-07,pts,9.5,8.72025,0.7797499999999999,0.39925,0.3800691532285422,1.0,1.0
KXNBAPTS-26APR07DALLAC-LACDJONES5-15,2026-04-07,pts,14.5,8.72025,5.77975,0.12225,0.11015567700518203,0.0,1.0
KXNBAPTS-26APR07DALLAC-LACDJONES5-20,2026-04-07,pts,19.5,8.72025,10.77975,0.02325,0.02361764488567164,0.0,1.0
KXNBAPTS-26APR07DALLAC-LACDJONES5-25,2026-04-07,pts,24.5,8.72025,15.77975,0.00375,0.004136606145424548,0.0,1.0
KXNBAPTS-26APR07DALLAC-LACJCOLLINS20-10,2026-04-07,pts,9.5,11.22775,-1.7277500000000003,0.57875,0.5721774693866158,1.0,1.0
KXNBAPTS-26APR07DALLAC-LACJCOLLINS20-15,2026-04-07,pts,14.5,11.22775,3.2722499999999997,0.2665,0.24921189074901717,0.0,1.0
KXNBAPTS-26APR07DALLAC-LACJCOLLINS20-20,2026-04-07,pts,19.5,11.22775,8.27225,0.08475,0.0833868562328739,0.0,1.0
KXNBAPTS-26APR07DALLAC-LACKLEONARD2-25,2026-04-07,pts,24.5,22.548,1.9520000000000017,0.3885,0.37417237624681954,1.0,1.0
KXNBAPTS-26APR07DALLAC-LACKLEONARD2-30,2026-04-07,pts,29.5,22.548,6.952000000000002,0.18675,0.2239617967856764,1.0,1.0
KXNBAPTS-26APR07DALLAC-LACKLEONARD2-35,2026-04-07,pts,34.5,22.548,11.952000000000002,0.07125,0.12413385678739519,0.0,1.0
KXNBAPTS-26APR07DALLAC-LACKLEONARD2-40,2026-04-07,pts,39.5,22.548,16.952,0.0225,0.06458972122210882,0.0,1.0
KXNBAREB-26APR07DALLAC-DALCFLAGG32-10,2026-04-07,reb,9.5,5.6175,3.8825000000000003,0.06975,0.10225754682300203,0.0,1.0
KXNBAREB-26APR07DALLAC-DALCFLAGG32-12,2026-04-07,reb,11.5,5.6175,5.8825,0.018,0.038263748316330726,0.0,1.0
KXNBAREB-26APR07DALLAC-DALCFLAGG32-6,2026-04-07,reb,5.5,5.6175,-0.11749999999999972,0.48775,0.4678109630604318,1.0,1.0
KXNBAREB-26APR07DALLAC-DALCFLAGG32-7,2026-04-07,reb,6.5,5.6175,0.8825000000000003,0.32775,0.34176437631275025,1.0,1.0
KXNBAREB-26APR07DALLAC-DALCFLAGG32-8,2026-04-07,reb,7.5,5.6175,1.8825000000000003,0.21675,0.23816654671829696,1.0,1.0
KXNBAREB-26APR07DALLAC-DALMCHRISTIE00-2,2026-04-07,reb,1.5,2.64625,-1.1462500000000002,0.7365,0.7050798330142054,1.0,1.0
KXNBAREB-26APR07DALLAC-DALMCHRISTIE00-3,2026-04-07,reb,2.5,2.64625,-0.1462500000000002,0.4825,0.4745578589166004,1.0,1.0
KXNBAREB-26APR07DALLAC-DALMCHRISTIE00-4,2026-04-07,reb,3.5,2.64625,0.8537499999999998,0.2725,0.28144432359765936,1.0,1.0
KXNBAREB-26APR07DALLAC-DALMCHRISTIE00-6,2026-04-07,reb,5.5,2.64625,2.85375,0.063,0.07337496080155281,0.0,1.0
KXNBAREB-26APR07DALLAC-DALMCHRISTIE00-8,2026-04-07,reb,7.5,2.64625,4.85375,0.0065,0.014197792371962503,0.0,1.0
KXNBAREB-26APR07DALLAC-LACBLOPEZ11-2,2026-04-07,reb,1.5,4.6735,-3.1734999999999998,0.9265,0.9102975579559395,1.0,1.0
KXNBAREB-26APR07DALLAC-LACBLOPEZ11-4,2026-04-07,reb,3.5,4.6735,-1.1734999999999998,0.6615,0.6362230463740929,1.0,1.0
KXNBAREB-26APR07DALLAC-LACBLOPEZ11-5,2026-04-07,reb,4.5,4.6735,-0.17349999999999977,0.49,0.47678659815061986,1.0,1.0
KXNBAREB-26APR07DALLAC-LACBLOPEZ11-6,2026-04-07,reb,5.5,4.6735,0.8265000000000002,0.33,0.33450764163884583,1.0,1.0
KXNBAREB-26APR07DALLAC-LACBLOPEZ11-8,2026-04-07,reb,7.5,4.6735,2.8265000000000002,0.1215,0.1388959785656947,1.0,1.0
KXNBAREB-26APR07DALLAC-LACBMATHURIN9-10,2026-04-07,reb,9.5,4.82425,4.67575,0.04375,0.05508441129662167,0.0,1.0
KXNBAREB-26APR07DALLAC-LACBMATHURIN9-2,2026-04-07,reb,1.5,4.82425,-3.32425,0.93925,0.9177157765747682,1.0,1.0
KXNBAREB-26APR07DALLAC-LACBMATHURIN9-4,2026-04-07,reb,3.5,4.82425,-1.3242500000000001,0.67825,0.6563115246856939,1.0,1.0
KXNBAREB-26APR07DALLAC-LACBMATHURIN9-6,2026-04-07,reb,5.5,4.82425,0.6757499999999999,0.3525,0.35638242184871416,1.0,1.0
KXNBAREB-26APR07DALLAC-LACBMATHURIN9-8,2026-04-07,reb,7.5,4.82425,2.67575,0.13925,0.15354037792610065,0.0,1.0
KXNBAREB-26APR07DALLAC-LACJCOLLINS20-10,2026-04-07,reb,9.5,5.32975,4.17025,0.0565,0.08337020232185322,0.0,1.0
KXNBAREB-26APR07DALLAC-LACJCOLLINS20-2,2026-04-07,reb,1.5,5.32975,-3.8297499999999998,0.956,0.9381949030048733,1.0,1.0
KXNBAREB-26APR07DALLAC-LACJCOLLINS20-4,2026-04-07,reb,3.5,5.32975,-1.8297499999999998,0.75725,0.7168200775226762,1.0,1.0
KXNBAREB-26APR07DALLAC-LACJCOLLINS20-6,2026-04-07,reb,5.5,5.32975,0.17025000000000023,0.431,0.4283677641777688,1.0,1.0
KXNBAREB-26APR07DALLAC-LACJCOLLINS20-8,2026-04-07,reb,7.5,5.32975,2.1702500000000002,0.18975,0.20626033855842463,0.0,1.0
KXNBAREB-26APR07DALLAC-LACKLEONARD2-10,2026-04-07,reb,9.5,6.1365,3.3635,0.1065,0.1408907122656592,0.0,1.0
KXNBAREB-26APR07DALLAC-LACKLEONARD2-12,2026-04-07,reb,11.5,6.1365,5.3635,0.02975,0.058385616569628596,0.0,1.0
KXNBAREB-26APR07DALLAC-LACKLEONARD2-6,2026-04-07,reb,5.5,6.1365,-0.6364999999999998,0.56775,0.5350468273894129,0.0,1.0
KXNBAREB-26APR07DALLAC-LACKLEONARD2-7,2026-04-07,reb,6.5,6.1365,0.36350000000000016,0.4165,0.40809046683663,0.0,1.0
KXNBAREB-26APR07DALLAC-LACKLEONARD2-8,2026-04-07,reb,7.5,6.1365,1.3635000000000002,0.28425,0.29772477905908,0.0,1.0
KXNBAAST-26APR07DALLAC-DALMCHRISTIE00-10,2026-04-07,ast,9.5,1.6385,7.8614999999999995,0.00025,7.379916790017926e-05,0.0,1.0
KXNBAAST-26APR07DALLAC-DALMCHRISTIE00-2,2026-04-07,ast,1.5,1.6385,-0.13850000000000007,0.4825,0.4729839678017391,0.0,1.0
KXNBAAST-26APR07DALLAC-DALMCHRISTIE00-4,2026-04-07,ast,3.5,1.6385,1.8615,0.08425,0.09742449838154743,0.0,1.0
KXNBAAST-26APR07DALLAC-DALMCHRISTIE00-6,2026-04-07,ast,5.5,1.6385,3.8615,0.0085,0.012014770640229044,0.0,1.0
KXNBAAST-26APR07DALLAC-DALMCHRISTIE00-8,2026-04-07,ast,7.5,1.6385,5.8614999999999995,0.00125,0.001059469200711427,0.0,1.0
KXNBAAST-26APR07DALLAC-LACBMATHURIN9-10,2026-04-07,ast,9.5,1.9395,7.5605,0.0005,0.00025494037784357104,0.0,1.0
KXNBAAST-26APR07DALLAC-LACBMATHURIN9-2,2026-04-07,ast,1.5,1.9395,-0.4395,0.572,0.5556605862722797,1.0,1.0
KXNBAAST-26APR07DALLAC-LACBMATHURIN9-4,2026-04-07,ast,3.5,1.9395,1.5605,0.13325,0.14649230457593598,0.0,1.0
KXNBAAST-26APR07DALLAC-LACBMATHURIN9-6,2026-04-07,ast,5.5,1.9395,3.5605,0.0205,0.023671410654686142,0.0,1.0
KXNBAAST-26APR07DALLAC-LACBMATHURIN9-8,2026-04-07,ast,7.5,1.9395,5.5605,0.002,0.002758561449221486,0.0,1.0
KXNBAAST-26APR07DALLAC-LACDGARLAND10-10,2026-04-07,ast,9.5,5.9065,3.5934999999999997,0.08575,0.12129876150638197,0.0,1.0
KXNBAAST-26APR07DALLAC-LACDGARLAND10-12,2026-04-07,ast,11.5,5.9065,5.5935,0.0225,0.04736274540900598,0.0,1.0
KXNBAAST-26APR07DALLAC-LACDGARLAND10-4,2026-04-07,ast,3.5,5.9065,-2.4065000000000003,0.83325,0.776808408030269,1.0,1.0
KXNBAAST-26APR07DALLAC-LACDGARLAND10-6,2026-04-07,ast,5.5,5.9065,-0.4065000000000003,0.53075,0.5072918837609621,0.0,1.0
KXNBAAST-26APR07DALLAC-LACDGARLAND10-8,2026-04-07,ast,7.5,5.9065,1.5934999999999997,0.25175,0.2701882762475579,0.0,1.0
KXNBA3PT-26APR07DALLAC-DALCFLAGG32-1,2026-04-07,fg3m,0.5,0.9655,-0.4655,0.612,0.5971320102667664,1.0,1.0
KXNBA3PT-26APR07DALLAC-DALCFLAGG32-2,2026-04-07,fg3m,1.5,0.9655,0.5345,0.24925,0.251836158197035,0.0,1.0
KXNBA3PT-26APR07DALLAC-DALCFLAGG32-3,2026-04-07,fg3m,2.5,0.9655,1.5345,0.07875,0.08447581010799499,0.0,1.0
KXNBA3PT-26APR07DALLAC-DALCFLAGG32-4,2026-04-07,fg3m,3.5,0.9655,2.5345,0.02,0.02413386985161836,0.0,1.0
KXNBA3PT-26APR07DALLAC-DALCFLAGG32-5,2026-04-07,fg3m,4.5,0.9655,3.5345,0.005,0.0061228213600285075,0.0,1.0
KXNBA3PT-26APR07DALLAC-LACBMATHURIN9-1,2026-04-07,fg3m,0.5,0.7505,-0.25049999999999994,0.5205,0.5112283470216719,0.0,1.0
KXNBA3PT-26APR07DALLAC-LACBMATHURIN9-2,2026-04-07,fg3m,1.5,0.7505,0.7495,0.17375,0.17724132274655602,0.0,1.0
KXNBA3PT-26APR07DALLAC-LACBMATHURIN9-3,2026-04-07,fg3m,2.5,0.7505,1.7495,0.0445,0.048183068081300684,0.0,1.0
KXNBA3PT-26APR07DALLAC-LACBMATHURIN9-4,2026-04-07,fg3m,3.5,0.7505,2.7495000000000003,0.01025,0.011085326494492675,0.0,1.0
KXNBA3PT-26APR07DALLAC-LACBMATHURIN9-5,2026-04-07,fg3m,4.5,0.7505,3.7495000000000003,0.00125,0.0022573294162773205,0.0,1.0
KXNBA3PT-26APR07DALLAC-LACDGARLAND10-1,2026-04-07,fg3m,0.5,2.84025,-2.34025,0.9355,0.9106036991031027,1.0,1.0
KXNBA3PT-26APR07DALLAC-LACDGARLAND10-2,2026-04-07,fg3m,1.5,2.84025,-1.3402500000000002,0.772,0.7255494855984526,1.0,1.0
KXNBA3PT-26APR07DALLAC-LACDGARLAND10-3,2026-04-07,fg3m,2.5,2.84025,-0.34025000000000016,0.54275,0.5089232680657646,0.0,1.0
KXNBA3PT-26APR07DALLAC-LACDGARLAND10-4,2026-04-07,fg3m,3.5,2.84025,0.6597499999999998,0.319,0.32028554476083915,0.0,1.0
KXNBA3PT-26APR07DALLAC-LACDGARLAND10-5,2026-04-07,fg3m,4.5,2.84025,1.6597499999999998,0.158,0.1842980100240289,0.0,1.0
KXNBA3PT-26APR07DALLAC-LACKLEONARD2-1,2026-04-07,fg3m,0.5,2.10425,-1.60425,0.87025,0.844090881546778,1.0,1.0
KXNBA3PT-26APR07DALLAC-LACKLEONARD2-2,2026-04-07,fg3m,1.5,2.10425,-0.60425,0.6155,0.5869121675195192,1.0,1.0
KXNBA3PT-26APR07DALLAC-LACKLEONARD2-3,2026-04-07,fg3m,2.5,2.10425,0.39575000000000005,0.3535,0.3470116780383977,1.0,1.0
KXNBA3PT-26APR07DALLAC-LACKLEONARD2-4,2026-04-07,fg3m,3.5,2.10425,1.39575,0.16375,0.18054292027938468,1.0,1.0
KXNBA3PT-26APR07DALLAC-LACKLEONARD2-5,2026-04-07,fg3m,4.5,2.10425,2.39575,0.066,0.0849144148574591,1.0,1.0
KXNBAPTS-26APR07OKCLAL-LALDAYTON5-10,2026-04-07,pts,9.5,9.69075,-0.19074999999999953,0.47675,0.4598754150351875,0.0,1.0
KXNBAPTS-26APR07OKCLAL-LALDAYTON5-15,2026-04-07,pts,14.5,9.69075,4.8092500000000005,0.17,0.15986121582676938,0.0,1.0
KXNBAPTS-26APR07OKCLAL-LALDAYTON5-20,2026-04-07,pts,19.5,9.69075,9.80925,0.047,0.04171825920292416,0.0,1.0
KXNBAPTS-26APR07OKCLAL-OKCCHOLMGREN7-10,2026-04-07,pts,9.5,12.307,-2.8070000000000004,0.65675,0.6391918617116779,1.0,1.0
KXNBAPTS-26APR07OKCLAL-OKCCHOLMGREN7-15,2026-04-07,pts,14.5,12.307,2.1929999999999996,0.33,0.3151944964690956,1.0,1.0
KXNBAPTS-26APR07OKCLAL-OKCCHOLMGREN7-20,2026-04-07,pts,19.5,12.307,7.193,0.1245,0.12130895744499293,0.0,1.0
KXNBAPTS-26APR07OKCLAL-OKCCHOLMGREN7-25,2026-04-07,pts,24.5,12.307,12.193,0.034,0.03907656325766429,0.0,1.0
KXNBAPTS-26APR07OKCLAL-OKCIHARTENSTEIN55-10,2026-04-07,pts,9.5,6.92025,2.5797499999999998,0.2425,0.22430334792421402,0.0,1.0
KXNBAPTS-26APR07OKCLAL-OKCIHARTENSTEIN55-15,2026-04-07,pts,14.5,6.92025,7.57975,0.04775,0.041158089703447254,0.0,1.0
KXNBAPTS-26APR07OKCLAL-OKCIHARTENSTEIN55-20,2026-04-07,pts,19.5,6.92025,12.57975,0.006,0.005436388542776838,0.0,1.0
KXNBAPTS-26APR07OKCLAL-OKCLDORT5-10,2026-04-07,pts,9.5,6.85875,2.6412500000000003,0.25375,0.21908164996798885,0.0,1.0
KXNBAPTS-26APR07OKCLAL-OKCLDORT5-15,2026-04-07,pts,14.5,6.85875,7.64125,0.06375,0.039433241198015834,0.0,1.0
KXNBAPTS-26APR07OKCLAL-OKCLDORT5-20,2026-04-07,pts,19.5,6.85875,12.64125,0.01025,0.005104494730179154,0.0,1.0
KXNBAPTS-26APR07OKCLAL-OKCSGILGEOUSALEXANDER2-25,2026-04-07,pts,24.5,23.3465,1.153500000000001,0.42025,0.4041352994161904,1.0,1.0
KXNBAPTS-26APR07OKCLAL-OKCSGILGEOUSALEXANDER2-30,2026-04-07,pts,29.5,23.3465,6.153500000000001,0.22,0.24948823769500517,0.0,1.0
KXNBAPTS-26APR07OKCLAL-OKCSGILGEOUSALEXANDER2-35,2026-04-07,pts,34.5,23.3465,11.153500000000001,0.092,0.14286942906444833,0.0,1.0
KXNBAPTS-26APR07OKCLAL-OKCSGILGEOUSALEXANDER2-40,2026-04-07,pts,39.5,23.3465,16.1535,0.0395,0.07689104873752228,0.0,1.0
KXNBAREB-26APR07OKCLAL-LALDAYTON5-10,2026-04-07,reb,9.5,6.69075,2.8092499999999996,0.17525,0.18754695678067057,0.0,1.0
KXNBAREB-26APR07OKCLAL-LALDAYTON5-12,2026-04-07,reb,11.5,6.69075,4.80925,0.067,0.08547590537445426,0.0,1.0
KXNBAREB-26APR07OKCLAL-LALDAYTON5-6,2026-04-07,reb,5.5,6.69075,-1.1907500000000004,0.61925,0.6003627605021946,0.0,1.0
KXNBAREB-26APR07OKCLAL-LALDAYTON5-7,2026-04-07,reb,6.5,6.69075,-0.19075000000000042,0.48975,0.47612868444484313,0.0,1.0
KXNBAREB-26APR07OKCLAL-LALDAYTON5-8,2026-04-07,reb,7.5,6.69075,0.8092499999999996,0.36625,0.36223803971961743,0.0,1.0
KXNBAREB-26APR07OKCLAL-OKCCHOLMGREN7-10,2026-04-07,reb,9.5,6.439,3.061,0.1425,0.16575653248826594,1.0,1.0
KXNBAREB-26APR07OKCLAL-OKCCHOLMGREN7-12,2026-04-07,reb,11.5,6.439,5.061,0.04675,0.07246710034100468,0.0,1.0
KXNBAREB-26APR07OKCLAL-OKCCHOLMGREN7-4,2026-04-07,reb,3.5,6.439,-2.939,0.852,0.816795313634496,1.0,1.0
KXNBAREB-26APR07OKCLAL-OKCCHOLMGREN7-6,2026-04-07,reb,5.5,6.439,-0.9390000000000001,0.59525,0.5715719397613654,1.0,1.0
KXNBAREB-26APR07OKCLAL-OKCCHOLMGREN7-8,2026-04-07,reb,7.5,6.439,1.061,0.3325,0.33295549253648815,1.0,1.0
KXNBAREB-26APR07OKCLAL-OKCIHARTENSTEIN55-10,2026-04-07,reb,9.5,6.96625,2.5337500000000004,0.182,0.21234492330988375,0.0,1.0
KXNBAREB-26APR07OKCLAL-OKCIHARTENSTEIN55-12,2026-04-07,reb,11.5,6.96625,4.53375,0.05775,0.10100077748512493,0.0,1.0
KXNBAREB-26APR07OKCLAL-OKCIHARTENSTEIN55-6,2026-04-07,reb,5.5,6.96625,-1.4662499999999996,0.679,0.6301576094235913,0.0,1.0
KXNBAREB-26APR07OKCLAL-OKCIHARTENSTEIN55-8,2026-04-07,reb,7.5,6.96625,0.5337500000000004,0.40525,0.39401590643810036,0.0,1.0
KXNBAREB-26APR07OKCLAL-OKCIHARTENSTEIN55-9,2026-04-07,reb,8.5,6.96625,1.5337500000000004,0.2845,0.2942311479207562,0.0,1.0
KXNBAREB-26APR07OKCLAL-OKCSGILGEOUSALEXANDER2-2,2026-04-07,reb,1.5,3.588,-2.088,0.8565,0.8311217321378628,0.0,1.0
KXNBAREB-26APR07OKCLAL-OKCSGILGEOUSALEXANDER2-4,2026-04-07,reb,3.5,3.588,-0.08800000000000008,0.47425,0.46315490534434445,0.0,1.0
KXNBAREB-26APR07OKCLAL-OKCSGILGEOUSALEXANDER2-5,2026-04-07,reb,4.5,3.588,0.9119999999999999,0.292,0.30068292215563697,0.0,1.0
KXNBAREB-26APR07OKCLAL-OKCSGILGEOUSALEXANDER2-6,2026-04-07,reb,5.5,3.588,1.912,0.16025,0.18061022884032674,0.0,1.0
KXNBAREB-26APR07OKCLAL-OKCSGILGEOUSALEXANDER2-8,2026-04-07,reb,7.5,3.588,3.912,0.0395,0.053787925383484425,0.0,1.0
KXNBAAST-26APR07OKCLAL-OKCSGILGEOUSALEXANDER2-10,2026-04-07,ast,9.5,5.0895,4.4105,0.04025,0.0676115881563919,0.0,1.0
KXNBAAST-26APR07OKCLAL-OKCSGILGEOUSALEXANDER2-2,2026-04-07,ast,1.5,5.0895,-3.5895,0.95025,0.930954489231547,1.0,1.0
KXNBAAST-26APR07OKCLAL-OKCSGILGEOUSALEXANDER2-4,2026-04-07,ast,3.5,5.0895,-1.5895000000000001,0.737,0.691822270164584,1.0,1.0
KXNBAAST-26APR07OKCLAL-OKCSGILGEOUSALEXANDER2-6,2026-04-07,ast,5.5,5.0895,0.41049999999999986,0.405,0.39480549924269515,1.0,1.0
KXNBAAST-26APR07OKCLAL-OKCSGILGEOUSALEXANDER2-8,2026-04-07,ast,7.5,5.0895,2.4105,0.15425,0.17916388196056166,1.0,1.0
KXNBA3PT-26APR07OKCLAL-OKCCHOLMGREN7-1,2026-04-07,fg3m,0.5,1.007,-0.5069999999999999,0.63325,0.6116693586725065,1.0,1.0
KXNBA3PT-26APR07OKCLAL-OKCCHOLMGREN7-2,2026-04-07,fg3m,1.5,1.007,0.4930000000000001,0.26875,0.26619442030088913,0.0,1.0
KXNBA3PT-26APR07OKCLAL-OKCCHOLMGREN7-3,2026-04-07,fg3m,2.5,1.007,1.493,0.08225,0.09238870822774814,0.0,1.0
KXNBA3PT-26APR07OKCLAL-OKCCHOLMGREN7-4,2026-04-07,fg3m,3.5,1.007,2.4930000000000003,0.01925,0.02734324161469026,0.0,1.0
KXNBA3PT-26APR07OKCLAL-OKCCHOLMGREN7-5,2026-04-07,fg3m,4.5,1.007,3.4930000000000003,0.003,0.007191014610207325,0.0,1.0
KXNBA3PT-26APR07OKCLAL-OKCSGILGEOUSALEXANDER2-1,2026-04-07,fg3m,0.5,1.28675,-0.7867500000000001,0.719,0.6955135496665075,1.0,1.0
KXNBA3PT-26APR07OKCLAL-OKCSGILGEOUSALEXANDER2-2,2026-04-07,fg3m,1.5,1.28675,0.21324999999999994,0.36125,0.3602320792923954,1.0,1.0
KXNBA3PT-26APR07OKCLAL-OKCSGILGEOUSALEXANDER2-3,2026-04-07,fg3m,2.5,1.28675,1.21325,0.14275,0.1514545552510782,0.0,1.0
KXNBA3PT-26APR07OKCLAL-OKCSGILGEOUSALEXANDER2-4,2026-04-07,fg3m,3.5,1.28675,2.21325,0.048,0.05474632759081666,0.0,1.0
KXNBA3PT-26APR07OKCLAL-OKCSGILGEOUSALEXANDER2-5,2026-04-07,fg3m,4.5,1.28675,3.21325,0.01225,0.0176615114296631,0.0,1.0
KXNBAPTS-26APR07UTANOP-NOPDQUEEN22-10,2026-04-07,pts,9.5,9.463,0.03700000000000081,0.45475,0.4416770370896592,1.0,1.0
KXNBAPTS-26APR07UTANOP-NOPDQUEEN22-15,2026-04-07,pts,14.5,9.463,5.037000000000001,0.17275,0.14758834740138393,1.0,1.0
KXNBAPTS-26APR07UTANOP-NOPDQUEEN22-20,2026-04-07,pts,19.5,9.463,10.037,0.0495,0.03689621209863847,0.0,1.0
KXNBAPTS-26APR07UTANOP-NOPDQUEEN22-25,2026-04-07,pts,24.5,9.463,15.037,0.00975,0.007572531816012695,0.0,1.0
KXNBAREB-26APR07UTANOP-NOPDQUEEN22-10,2026-04-07,reb,9.5,5.411,4.089,0.079,0.08850650431395612,1.0,1.0
KXNBAREB-26APR07UTANOP-NOPDQUEEN22-12,2026-04-07,reb,11.5,5.411,6.089,0.025,0.031670707385231145,1.0,1.0
KXNBAREB-26APR07UTANOP-NOPDQUEEN22-6,2026-04-07,reb,5.5,5.411,0.08900000000000041,0.44125,0.4396409371546467,1.0,1.0
KXNBAREB-26APR07UTANOP-NOPDQUEEN22-7,2026-04-07,reb,6.5,5.411,1.0890000000000004,0.314,0.3150769730741526,1.0,1.0
KXNBAREB-26APR07UTANOP-NOPDQUEEN22-8,2026-04-07,reb,7.5,5.411,2.0890000000000004,0.21175,0.2151570530047633,1.0,1.0
KXNBAAST-26APR07UTANOP-NOPDQUEEN22-10,2026-04-07,ast,9.5,2.9415,6.5585,0.00275,0.0040196710511331,0.0,1.0
KXNBAAST-26APR07UTANOP-NOPDQUEEN22-2,2026-04-07,ast,1.5,2.9415,-1.4415,0.7595,0.7542206833475301,1.0,1.0
KXNBAAST-26APR07UTANOP-NOPDQUEEN22-4,2026-04-07,ast,3.5,2.9415,0.5585,0.33925,0.34004423552776664,1.0,1.0
KXNBAAST-26APR07UTANOP-NOPDQUEEN22-6,2026-04-07,ast,5.5,2.9415,2.5585,0.101,0.10152952061278464,1.0,1.0
KXNBAAST-26APR07UTANOP-NOPDQUEEN22-8,2026-04-07,ast,7.5,2.9415,4.5585,0.0195,0.02252753045863798,0.0,1.0
KXNBA3PT-26APR07UTANOP-NOPDQUEEN22-1,2026-04-07,fg3m,0.5,0.45425,0.04575000000000001,0.3525,0.3567667448618699,0.0,1.0
KXNBA3PT-26APR07UTANOP-NOPDQUEEN22-2,2026-04-07,fg3m,1.5,0.45425,1.04575,0.0835,0.08098869422982258,0.0,1.0
KXNBA3PT-26APR07UTANOP-NOPDQUEEN22-3,2026-04-07,fg3m,2.5,0.45425,2.04575,0.015,0.014126055075302957,0.0,1.0
KXNBA3PT-26APR07UTANOP-NOPDQUEEN22-4,2026-04-07,fg3m,3.5,0.45425,3.04575,0.0025,0.0020670126510939912,0.0,1.0
KXNBA3PT-26APR07UTANOP-NOPDQUEEN22-5,2026-04-07,fg3m,4.5,0.45425,4.04575,0.0005,0.0002665042330193268,0.0,1.0
KXNBAPTS-26APR07HOUPHX-HOUASENGUN28-15,2026-04-07,pts,14.5,17.90775,-3.40775,0.6715,0.616241970901807,0.0,1.0
KXNBAPTS-26APR07HOUPHX-HOUASENGUN28-20,2026-04-07,pts,19.5,17.90775,1.59225,0.3805,0.37400959840028514,0.0,1.0
KXNBAPTS-26APR07HOUPHX-HOUASENGUN28-25,2026-04-07,pts,24.5,17.90775,6.59225,0.16575,0.19724244723005713,0.0,1.0
KXNBAPTS-26APR07HOUPHX-HOUASENGUN28-30,2026-04-07,pts,29.5,17.90775,11.59225,0.059,0.09315966808846354,0.0,1.0
KXNBAPTS-26APR07HOUPHX-HOUATHOMPSON1-10,2026-04-07,pts,9.5,15.56575,-6.0657499999999995,0.835,0.7867125729292892,1.0,1.0
KXNBAPTS-26APR07HOUPHX-HOUATHOMPSON1-15,2026-04-07,pts,14.5,15.56575,-1.0657499999999995,0.55125,0.5039967198492863,1.0,1.0
KXNBAPTS-26APR07HOUPHX-HOUATHOMPSON1-20,2026-04-07,pts,19.5,15.56575,3.9342500000000005,0.24925,0.2636069538654966,1.0,1.0
KXNBAPTS-26APR07HOUPHX-HOUATHOMPSON1-25,2026-04-07,pts,24.5,15.56575,8.93425,0.08225,0.1179748163130081,0.0,1.0
KXNBAPTS-26APR07HOUPHX-HOUJSMITH10-10,2026-04-07,pts,9.5,13.60675,-4.10675,0.73075,0.7072012905266979,1.0,1.0
KXNBAPTS-26APR07HOUPHX-HOUJSMITH10-15,2026-04-07,pts,14.5,13.60675,0.8932500000000001,0.41675,0.39380374213416625,1.0,1.0
KXNBAPTS-26APR07HOUPHX-HOUJSMITH10-20,2026-04-07,pts,19.5,13.60675,5.89325,0.17225,0.1743519624411003,1.0,1.0
KXNBAPTS-26APR07HOUPHX-HOUJSMITH10-25,2026-04-07,pts,24.5,13.60675,10.89325,0.05425,0.06518259489724121,0.0,1.0
KXNBAPTS-26APR07HOUPHX-HOUKDURANT7-20,2026-04-07,pts,19.5,21.27075,-1.7707499999999996,0.5695,0.5202679347652819,1.0,1.0
KXNBAPTS-26APR07HOUPHX-HOUKDURANT7-25,2026-04-07,pts,24.5,21.27075,3.2292500000000004,0.3145,0.3252810609319108,0.0,1.0
KXNBAPTS-26APR07HOUPHX-HOUKDURANT7-30,2026-04-07,pts,29.5,21.27075,8.22925,0.13675,0.1843531354442829,0.0,1.0
KXNBAPTS-26APR07HOUPHX-HOUKDURANT7-35,2026-04-07,pts,34.5,21.27075,13.22925,0.04875,0.09648230653394985,0.0,1.0
KXNBAPTS-26APR07HOUPHX-HOURSHEPPARD15-10,2026-04-07,pts,9.5,13.20425,-3.70425,0.68675,0.6875550078005759,1.0,1.0
KXNBAPTS-26APR07HOUPHX-HOURSHEPPARD15-15,2026-04-07,pts,14.5,13.20425,1.29575,0.391,0.3697644449923291,0.0,1.0
KXNBAPTS-26APR07HOUPHX-HOURSHEPPARD15-20,2026-04-07,pts,19.5,13.20425,6.29575,0.16125,0.15721484751046755,0.0,1.0
KXNBAPTS-26APR07HOUPHX-HOURSHEPPARD15-25,2026-04-07,pts,24.5,13.20425,11.29575,0.05075,0.056289768581728294,0.0,1.0
KXNBAPTS-26APR07HOUPHX-HOUTEASON17-10,2026-04-07,pts,9.5,9.4465,0.05349999999999966,0.45275,0.44034477548009765,1.0,1.0
KXNBAPTS-26APR07HOUPHX-HOUTEASON17-15,2026-04-07,pts,14.5,9.4465,5.0535,0.1755,0.1467123103482978,0.0,1.0
KXNBAPTS-26APR07HOUPHX-HOUTEASON17-20,2026-04-07,pts,19.5,9.4465,10.0535,0.0445,0.03656066873380737,0.0,1.0
KXNBAPTS-26APR07HOUPHX-PHXDBOOKER1-20,2026-04-07,pts,19.5,19.75625,-0.2562500000000014,0.47675,0.4571923392112778,1.0,1.0
KXNBAPTS-26APR07HOUPHX-PHXDBOOKER1-25,2026-04-07,pts,24.5,19.75625,4.743749999999999,0.2525,0.2668110558439456,1.0,1.0
KXNBAPTS-26APR07HOUPHX-PHXDBOOKER1-30,2026-04-07,pts,29.5,19.75625,9.743749999999999,0.10725,0.14038610940421736,1.0,1.0
KXNBAPTS-26APR07HOUPHX-PHXDBOOKER1-35,2026-04-07,pts,34.5,19.75625,14.743749999999999,0.0335,0.06798472122697619,0.0,1.0
KXNBAPTS-26APR07HOUPHX-PHXDBROOKS3-15,2026-04-07,pts,14.5,14.115,0.3849999999999998,0.44025,0.4235834823472451,0.0,1.0
KXNBAPTS-26APR07HOUPHX-PHXDBROOKS3-20,2026-04-07,pts,19.5,14.115,5.385,0.21425,0.1967194594883862,0.0,1.0
KXNBAPTS-26APR07HOUPHX-PHXDBROOKS3-25,2026-04-07,pts,24.5,14.115,10.385,0.08075,0.07741282814639483,0.0,1.0
KXNBAPTS-26APR07HOUPHX-PHXDBROOKS3-30,2026-04-07,pts,29.5,14.115,15.385,0.0245,0.026907619218994094,0.0,1.0
KXNBAPTS-26APR07HOUPHX-PHXJGREEN4-15,2026-04-07,pts,14.5,15.8725,-1.3725000000000005,0.54575,0.5199922692694936,1.0,1.0
KXNBAPTS-26APR07HOUPHX-PHXJGREEN4-20,2026-04-07,pts,19.5,15.8725,3.6274999999999995,0.2815,0.2780829266570264,0.0,1.0
KXNBAPTS-26APR07HOUPHX-PHXJGREEN4-25,2026-04-07,pts,24.5,15.8725,8.6275,0.11325,0.12750998521695434,0.0,1.0
KXNBAPTS-26APR07HOUPHX-PHXJGREEN4-30,2026-04-07,pts,29.5,15.8725,13.6275,0.03825,0.051975208701316,0.0,1.0
KXNBAPTS-26APR07HOUPHX-PHXMWILLIAMS15-10,2026-04-07,pts,9.5,8.03075,1.4692500000000006,0.34375,0.3206411269231647,1.0,1.0
KXNBAPTS-26APR07HOUPHX-PHXMWILLIAMS15-15,2026-04-07,pts,14.5,8.03075,6.469250000000001,0.09175,0.0796969630900809,1.0,1.0
KXNBAPTS-26APR07HOUPHX-PHXMWILLIAMS15-20,2026-04-07,pts,19.5,8.03075,11.46925,0.01475,0.014501034140859681,0.0,1.0
KXNBAPTS-26APR07HOUPHX-PHXMWILLIAMS15-25,2026-04-07,pts,24.5,8.03075,16.469250000000002,0.003,0.0021456514259543535,0.0,1.0
KXNBAREB-26APR07HOUPHX-HOUASENGUN28-10,2026-04-07,reb,9.5,7.73875,1.7612500000000004,0.26,0.2855294483997739,1.0,1.0
KXNBAREB-26APR07HOUPHX-HOUASENGUN28-12,2026-04-07,reb,11.5,7.73875,3.7612500000000004,0.10975,0.1510120014384403,1.0,1.0
KXNBAREB-26APR07HOUPHX-HOUASENGUN28-6,2026-04-07,reb,5.5,7.73875,-2.2387499999999996,0.759,0.7041926665826705,1.0,1.0
KXNBAREB-26APR07HOUPHX-HOUASENGUN28-8,2026-04-07,reb,7.5,7.73875,-0.23874999999999957,0.501,0.4800254304830678,1.0,1.0
KXNBAREB-26APR07HOUPHX-HOUASENGUN28-9,2026-04-07,reb,8.5,7.73875,0.7612500000000004,0.3715,0.37614913468887745,1.0,1.0
KXNBAREB-26APR07HOUPHX-HOUATHOMPSON1-10,2026-04-07,reb,9.5,7.133,2.367,0.19175,0.22775621293536474,1.0,1.0
KXNBAREB-26APR07HOUPHX-HOUATHOMPSON1-12,2026-04-07,reb,11.5,7.133,4.367,0.06975,0.11102122764299549,0.0,1.0
KXNBAREB-26APR07HOUPHX-HOUATHOMPSON1-4,2026-04-07,reb,3.5,7.133,-3.633,0.9165,0.8608953400730575,1.0,1.0
KXNBAREB-26APR07HOUPHX-HOUATHOMPSON1-6,2026-04-07,reb,5.5,7.133,-1.633,0.70275,0.6473178280291221,1.0,1.0
KXNBAREB-26APR07HOUPHX-HOUATHOMPSON1-8,2026-04-07,reb,7.5,7.133,0.367,0.4235,0.4130291029196349,1.0,1.0
KXNBAREB-26APR07HOUPHX-HOUJSMITH10-10,2026-04-07,reb,9.5,6.39225,3.1077500000000002,0.13275,0.16181416023639572,0.0,1.0
KXNBAREB-26APR07HOUPHX-HOUJSMITH10-12,2026-04-07,reb,11.5,6.39225,5.10775,0.04,0.07017909302678671,0.0,1.0
KXNBAREB-26APR07HOUPHX-HOUJSMITH10-6,2026-04-07,reb,5.5,6.39225,-0.8922499999999998,0.59725,0.5660630750084186,1.0,1.0
KXNBAREB-26APR07HOUPHX-HOUJSMITH10-7,2026-04-07,reb,6.5,6.39225,0.10775000000000023,0.457,0.4399492785755674,0.0,1.0
KXNBAREB-26APR07HOUPHX-HOUJSMITH10-8,2026-04-07,reb,7.5,6.39225,1.1077500000000002,0.31575,0.32750674326929174,0.0,1.0
KXNBAREB-26APR07HOUPHX-HOUKDURANT7-10,2026-04-07,reb,9.5,5.0335,4.4665,0.03625,0.0660111364636079,0.0,1.0
KXNBAREB-26APR07HOUPHX-HOUKDURANT7-2,2026-04-07,reb,1.5,5.0335,-3.5335,0.95025,0.9269539671057667,1.0,1.0
KXNBAREB-26APR07HOUPHX-HOUKDURANT7-4,2026-04-07,reb,3.5,5.0335,-1.5335,0.73025,0.6826164041648762,1.0,1.0
KXNBAREB-26APR07HOUPHX-HOUKDURANT7-6,2026-04-07,reb,5.5,5.0335,0.4664999999999999,0.39075,0.3865045517214972,0.0,1.0
KXNBAREB-26APR07HOUPHX-HOUKDURANT7-8,2026-04-07,reb,7.5,5.0335,2.4665,0.1495,0.1747492197313183,0.0,1.0
KXNBAREB-26APR07HOUPHX-HOUTEASON17-10,2026-04-07,reb,9.5,5.67975,3.8202499999999997,0.09025,0.10659298538269957,0.0,1.0
KXNBAREB-26APR07HOUPHX-HOUTEASON17-2,2026-04-07,reb,1.5,5.67975,-4.17975,0.963,0.9491483611699679,1.0,1.0
KXNBAREB-26APR07HOUPHX-HOUTEASON17-4,2026-04-07,reb,3.5,5.67975,-2.1797500000000003,0.78075,0.7528923149929435,1.0,1.0
KXNBAREB-26APR07HOUPHX-HOUTEASON17-6,2026-04-07,reb,5.5,5.67975,-0.1797500000000003,0.4865,0.4761562479345033,1.0,1.0
KXNBAREB-26APR07HOUPHX-HOUTEASON17-8,2026-04-07,reb,7.5,5.67975,1.8202499999999997,0.23025,0.24519924299103202,0.0,1.0
KXNBAREB-26APR07HOUPHX-PHXDBROOKS3-10,2026-04-07,reb,9.5,3.134,6.366,0.00375,0.006156178408886159,0.0,1.0
KXNBAREB-26APR07HOUPHX-PHXDBROOKS3-2,2026-04-07,reb,1.5,3.134,-1.634,0.77575,0.7790769123676343,1.0,1.0
KXNBAREB-26APR07HOUPHX-PHXDBROOKS3-4,2026-04-07,reb,3.5,3.134,0.3660000000000001,0.385,0.37771725701549697,0.0,1.0
KXNBAREB-26APR07HOUPHX-PHXDBROOKS3-6,2026-04-07,reb,5.5,3.134,2.366,0.127,0.12402544544211636,0.0,1.0
KXNBAREB-26APR07HOUPHX-PHXDBROOKS3-8,2026-04-07,reb,7.5,3.134,4.366,0.02825,0.03067236085966718,0.0,1.0
KXNBAREB-26APR07HOUPHX-PHXJGREEN4-2,2026-04-07,reb,1.5,3.7575,-2.2575,0.86225,0.8471728197716184,1.0,1.0
KXNBAREB-26APR07HOUPHX-PHXJGREEN4-4,2026-04-07,reb,3.5,3.7575,-0.25749999999999984,0.504,0.4933354793367034,0.0,1.0
KXNBAREB-26APR07HOUPHX-PHXJGREEN4-5,2026-04-07,reb,4.5,3.7575,0.7425000000000002,0.32725,0.3290440624274448,0.0,1.0
KXNBAREB-26APR07HOUPHX-PHXJGREEN4-6,2026-04-07,reb,5.5,3.7575,1.7425000000000002,0.19425,0.20343458764294264,0.0,1.0
KXNBAREB-26APR07HOUPHX-PHXJGREEN4-8,2026-04-07,reb,7.5,3.7575,3.7425,0.05575,0.06440242780960181,0.0,1.0
KXNBAREB-26APR07HOUPHX-PHXMWILLIAMS15-10,2026-04-07,reb,9.5,6.06775,3.43225,0.11725,0.13546422349208098,0.0,1.0
KXNBAREB-26APR07HOUPHX-PHXMWILLIAMS15-12,2026-04-07,reb,11.5,6.06775,5.43225,0.039,0.055425907354169524,0.0,1.0
KXNBAREB-26APR07HOUPHX-PHXMWILLIAMS15-4,2026-04-07,reb,3.5,6.06775,-2.56775,0.8155,0.7878336218743774,1.0,1.0
KXNBAREB-26APR07HOUPHX-PHXMWILLIAMS15-6,2026-04-07,reb,5.5,6.06775,-0.5677500000000002,0.54075,0.526461130135256,1.0,1.0
KXNBAREB-26APR07HOUPHX-PHXMWILLIAMS15-8,2026-04-07,reb,7.5,6.06775,1.4322499999999998,0.2885,0.2897442433658085,1.0,1.0
KXNBAAST-26APR07HOUPHX-HOUASENGUN28-10,2026-04-07,ast,9.5,5.31725,4.18275,0.053,0.08096969421574862,0.0,1.0
KXNBAAST-26APR07HOUPHX-HOUASENGUN28-2,2026-04-07,ast,1.5,5.31725,-3.8172499999999996,0.963,0.9394033900029389,1.0,1.0
KXNBAAST-26APR07HOUPHX-HOUASENGUN28-4,2026-04-07,ast,3.5,5.31725,-1.8172499999999996,0.76475,0.7180682562025884,1.0,1.0
KXNBAAST-26APR07HOUPHX-HOUASENGUN28-6,2026-04-07,ast,5.5,5.31725,0.1827500000000004,0.442,0.42722522288740694,1.0,1.0
KXNBAAST-26APR07HOUPHX-HOUASENGUN28-8,2026-04-07,ast,7.5,5.31725,2.1827500000000004,0.17475,0.20357486038881178,0.0,1.0
KXNBAAST-26APR07HOUPHX-HOUATHOMPSON1-2,2026-04-07,ast,1.5,4.7045,-3.2045000000000003,0.94625,0.9137161572398632,1.0,1.0
KXNBAAST-26APR07HOUPHX-HOUATHOMPSON1-4,2026-04-07,ast,3.5,4.7045,-1.2045000000000003,0.68625,0.6425874523653615,1.0,1.0
KXNBAAST-26APR07HOUPHX-HOUATHOMPSON1-5,2026-04-07,ast,4.5,4.7045,-0.20450000000000035,0.4955,0.48255941601419416,1.0,1.0
KXNBAAST-26APR07HOUPHX-HOUATHOMPSON1-6,2026-04-07,ast,5.5,4.7045,0.7954999999999997,0.33225,0.3388516581379235,1.0,1.0
KXNBAAST-26APR07HOUPHX-HOUATHOMPSON1-8,2026-04-07,ast,7.5,4.7045,2.7954999999999997,0.10575,0.14037443829847085,1.0,1.0
KXNBAAST-26APR07HOUPHX-HOUKDURANT7-10,2026-04-07,ast,9.5,4.5815,4.9185,0.02225,0.04262195581185346,0.0,1.0
KXNBAAST-26APR07HOUPHX-HOUKDURANT7-2,2026-04-07,ast,1.5,4.5815,-3.0815,0.94,0.9072964739738312,1.0,1.0
KXNBAAST-26APR07HOUPHX-HOUKDURANT7-4,2026-04-07,ast,3.5,4.5815,-1.0815000000000001,0.67125,0.6255246027230477,0.0,1.0
KXNBAAST-26APR07HOUPHX-HOUKDURANT7-6,2026-04-07,ast,5.5,4.5815,0.9184999999999999,0.30675,0.32082161169960877,0.0,1.0
KXNBAAST-26APR07HOUPHX-HOUKDURANT7-8,2026-04-07,ast,7.5,4.5815,2.9185,0.0985,0.12876275501195422,0.0,1.0
KXNBAAST-26APR07HOUPHX-HOURSHEPPARD15-10,2026-04-07,ast,9.5,3.623,5.877,0.007,0.0132287151960373,0.0,1.0
KXNBAAST-26APR07HOUPHX-HOURSHEPPARD15-2,2026-04-07,ast,1.5,3.623,-2.123,0.863,0.8365721317427472,0.0,1.0
KXNBAAST-26APR07HOUPHX-HOURSHEPPARD15-4,2026-04-07,ast,3.5,3.623,-0.12300000000000022,0.48075,0.4703768710083971,0.0,1.0
KXNBAAST-26APR07HOUPHX-HOURSHEPPARD15-6,2026-04-07,ast,5.5,3.623,1.8769999999999998,0.16775,0.18422276651415626,0.0,1.0
KXNBAAST-26APR07HOUPHX-HOURSHEPPARD15-8,2026-04-07,ast,7.5,3.623,3.877,0.03675,0.05477012191360997,0.0,1.0
KXNBAAST-26APR07HOUPHX-PHXDBOOKER1-10,2026-04-07,ast,9.5,4.92825,4.57175,0.0315,0.05895270485434001,0.0,1.0
KXNBAAST-26APR07HOUPHX-PHXDBOOKER1-12,2026-04-07,ast,11.5,4.92825,6.57175,0.00575,0.018432994644022593,0.0,1.0
KXNBAAST-26APR07HOUPHX-PHXDBOOKER1-6,2026-04-07,ast,5.5,4.92825,0.5717499999999998,0.37525,0.37150299506596085,1.0,1.0
KXNBAAST-26APR07HOUPHX-PHXDBOOKER1-7,2026-04-07,ast,6.5,4.92825,1.5717499999999998,0.234,0.25221974907868583,1.0,1.0
KXNBAAST-26APR07HOUPHX-PHXDBOOKER1-8,2026-04-07,ast,7.5,4.92825,2.5717499999999998,0.132,0.16250029926155374,1.0,1.0
KXNBAAST-26APR07HOUPHX-PHXDBROOKS3-10,2026-04-07,ast,9.5,1.46075,8.03925,0.0,3.064682476983105e-05,0.0,1.0
KXNBAAST-26APR07HOUPHX-PHXDBROOKS3-2,2026-04-07,ast,1.5,1.46075,0.03925000000000001,0.43,0.418920065056396,0.0,1.0
KXNBAAST-26APR07HOUPHX-PHXDBROOKS3-4,2026-04-07,ast,3.5,1.46075,2.03925,0.07025,0.07236455392805197,0.0,1.0
KXNBAAST-26APR07HOUPHX-PHXDBROOKS3-6,2026-04-07,ast,5.5,1.46075,4.03925,0.00475,0.007381761982036994,0.0,1.0
KXNBAAST-26APR07HOUPHX-PHXDBROOKS3-8,2026-04-07,ast,7.5,1.46075,6.03925,0.00025,0.0005357581588140148,0.0,1.0
KXNBAAST-26APR07HOUPHX-PHXJGREEN4-10,2026-04-07,ast,9.5,2.873,6.627,0.00275,0.003483535656881309,0.0,1.0
KXNBAAST-26APR07HOUPHX-PHXJGREEN4-2,2026-04-07,ast,1.5,2.873,-1.3730000000000002,0.76425,0.7439308094592031,0.0,1.0
KXNBAAST-26APR07HOUPHX-PHXJGREEN4-4,2026-04-07,ast,3.5,2.873,0.6269999999999998,0.33075,0.32642141840756533,0.0,1.0
KXNBAAST-26APR07HOUPHX-PHXJGREEN4-6,2026-04-07,ast,5.5,2.873,2.627,0.0815,0.09435931915054141,0.0,1.0
KXNBAAST-26APR07HOUPHX-PHXJGREEN4-8,2026-04-07,ast,7.5,2.873,4.627,0.01375,0.020227417959503224,0.0,1.0
KXNBAAST-26APR07HOUPHX-PHXMWILLIAMS15-1,2026-04-07,ast,0.5,0.872,-0.372,0.572,0.5676174416659981,0.0,1.0
KXNBAAST-26APR07HOUPHX-PHXMWILLIAMS15-2,2026-04-07,ast,1.5,0.872,0.628,0.22075,0.21886248293222288,0.0,1.0
KXNBAAST-26APR07HOUPHX-PHXMWILLIAMS15-4,2026-04-07,ast,3.5,0.872,2.628,0.0165,0.01611043273015056,0.0,1.0
KXNBAAST-26APR07HOUPHX-PHXMWILLIAMS15-6,2026-04-07,ast,5.5,0.872,4.628,0.0005,0.0006695001368400844,0.0,1.0
KXNBAAST-26APR07HOUPHX-PHXMWILLIAMS15-8,2026-04-07,ast,7.5,0.872,6.628,0.0,1.948600763479469e-05,0.0,1.0
KXNBA3PT-26APR07HOUPHX-HOUKDURANT7-1,2026-04-07,fg3m,0.5,2.07,-1.5699999999999998,0.87325,0.8398406100815652,1.0,1.0
KXNBA3PT-26APR07HOUPHX-HOUKDURANT7-2,2026-04-07,fg3m,1.5,2.07,-0.5699999999999998,0.60225,0.5790336864355072,1.0,1.0
KXNBA3PT-26APR07HOUPHX-HOUKDURANT7-3,2026-04-07,fg3m,2.5,2.07,0.43000000000000016,0.343,0.3388638643690475,1.0,1.0
KXNBA3PT-26APR07HOUPHX-HOUKDURANT7-4,2026-04-07,fg3m,3.5,2.07,1.4300000000000002,0.15675,0.1743421421296686,1.0,1.0
KXNBA3PT-26APR07HOUPHX-HOUKDURANT7-5,2026-04-07,fg3m,4.5,2.07,2.43,0.063,0.08104226262998093,1.0,1.0
KXNBA3PT-26APR07HOUPHX-HOURSHEPPARD15-1,2026-04-07,fg3m,0.5,2.744,-2.244,0.92875,0.9040763123350132,1.0,1.0
KXNBA3PT-26APR07HOUPHX-HOURSHEPPARD15-2,2026-04-07,fg3m,1.5,2.744,-1.2440000000000002,0.75525,0.7104598583849833,1.0,1.0
KXNBA3PT-26APR07HOUPHX-HOURSHEPPARD15-3,2026-04-07,fg3m,2.5,2.744,-0.24400000000000022,0.51025,0.4894603708510811,0.0,1.0
KXNBA3PT-26APR07HOUPHX-HOURSHEPPARD15-4,2026-04-07,fg3m,3.5,2.744,0.7559999999999998,0.2935,0.3018115834449666,0.0,1.0
KXNBA3PT-26APR07HOUPHX-HOURSHEPPARD15-5,2026-04-07,fg3m,4.5,2.744,1.7559999999999998,0.145,0.16990900570277678,0.0,1.0
KXNBA3PT-26APR07HOUPHX-HOUTEASON17-1,2026-04-07,fg3m,0.5,1.178,-0.6779999999999999,0.6765,0.6656255621811122,0.0,1.0
KXNBA3PT-26APR07HOUPHX-HOUTEASON17-2,2026-04-07,fg3m,1.5,1.178,0.32200000000000006,0.325,0.32439109494535057,0.0,1.0
KXNBA3PT-26APR07HOUPHX-HOUTEASON17-3,2026-04-07,fg3m,2.5,1.178,1.322,0.1235,0.12746406837268398,0.0,1.0
KXNBA3PT-26APR07HOUPHX-HOUTEASON17-4,2026-04-07,fg3m,3.5,1.178,2.322,0.03825,0.04292387318791313,0.0,1.0
KXNBA3PT-26APR07HOUPHX-HOUTEASON17-5,2026-04-07,fg3m,4.5,1.178,3.322,0.0115,0.012878735832082655,0.0,1.0
KXNBA3PT-26APR07HOUPHX-PHXDBOOKER1-1,2026-04-07,fg3m,0.5,1.58225,-1.08225,0.78625,0.7625753423168746,1.0,1.0
KXNBA3PT-26APR07HOUPHX-PHXDBOOKER1-2,2026-04-07,fg3m,1.5,1.58225,-0.08224999999999993,0.46925,0.45140742911474285,1.0,1.0
KXNBA3PT-26APR07HOUPHX-PHXDBOOKER1-3,2026-04-07,fg3m,2.5,1.58225,0.9177500000000001,0.2095,0.22078772880167563,0.0,1.0
KXNBA3PT-26APR07HOUPHX-PHXDBOOKER1-4,2026-04-07,fg3m,3.5,1.58225,1.91775,0.0835,0.09364149792775023,0.0,1.0
KXNBA3PT-26APR07HOUPHX-PHXDBOOKER1-5,2026-04-07,fg3m,4.5,1.58225,2.91775,0.02675,0.03561002384660705,0.0,1.0
KXNBAPTS-26APR07MIATOR-MIAAWIGGINS22-10,2026-04-07,pts,9.5,12.6105,-3.1105,0.663,0.6562773484901976,1.0,1.0
KXNBAPTS-26APR07MIATOR-MIAAWIGGINS22-15,2026-04-07,pts,14.5,12.6105,1.8895,0.35125,0.33375907129754023,1.0,1.0
KXNBAPTS-26APR07MIATOR-MIAAWIGGINS22-20,2026-04-07,pts,19.5,12.6105,6.8895,0.13875,0.13306049983772994,1.0,1.0
KXNBAPTS-26APR07MIATOR-MIAAWIGGINS22-25,2026-04-07,pts,24.5,12.6105,11.8895,0.0465,0.04449119030644921,0.0,1.0
KXNBAPTS-26APR07MIATOR-MIABADEBAYO13-15,2026-04-07,pts,14.5,18.03525,-3.5352500000000013,0.66125,0.6216907450154259,0.0,1.0
KXNBAPTS-26APR07MIATOR-MIABADEBAYO13-20,2026-04-07,pts,19.5,18.03525,1.4647499999999987,0.39175,0.379917730197861,0.0,1.0
KXNBAPTS-26APR07MIATOR-MIABADEBAYO13-25,2026-04-07,pts,24.5,18.03525,6.464749999999999,0.183,0.20190484097266104,0.0,1.0
KXNBAPTS-26APR07MIATOR-MIABADEBAYO13-30,2026-04-07,pts,29.5,18.03525,11.464749999999999,0.0725,0.0961424836133642,0.0,1.0
KXNBAPTS-26APR07MIATOR-MIADMITCHELL45-10,2026-04-07,pts,9.5,8.428,1.0719999999999992,0.3645,0.35506758617831125,0.0,1.0
KXNBAPTS-26APR07MIATOR-MIADMITCHELL45-15,2026-04-07,pts,14.5,8.428,6.071999999999999,0.1195,0.09669037181392803,0.0,1.0
KXNBAPTS-26APR07MIATOR-MIADMITCHELL45-20,2026-04-07,pts,19.5,8.428,11.072,0.03325,0.01939150968485659,0.0,1.0
KXNBAPTS-26APR07MIATOR-MIANPOWELL24-15,2026-04-07,pts,14.5,15.920235096557514,-1.420235096557514,0.5424013434089001,0.5224474579387073,0.0,0.5955
KXNBAPTS-26APR07MIATOR-MIANPOWELL24-20,2026-04-07,pts,19.5,15.920235096557514,3.579764903442486,0.28967254408060455,0.28034042482141863,0.0,0.5955
KXNBAPTS-26APR07MIATOR-MIANPOWELL24-25,2026-04-07,pts,24.5,15.920235096557514,8.579764903442486,0.12258606213266163,0.12902067392052752,0.0,0.5955
KXNBAPTS-26APR07MIATOR-MIANPOWELL24-30,2026-04-07,pts,29.5,15.920235096557514,13.579764903442486,0.04324097397145256,0.05279476515143722,0.0,0.5955
KXNBAPTS-26APR07MIATOR-MIATHERRO14-15,2026-04-07,pts,14.5,17.92839090143218,-3.4283909014321807,0.6655433866891323,0.6171286954621646,0.0,0.5935
KXNBAPTS-26APR07MIATOR-MIATHERRO14-20,2026-04-07,pts,19.5,17.92839090143218,1.5716090985678193,0.38416175231676497,0.3749674146482487,0.0,0.5935
KXNBAPTS-26APR07MIATOR-MIATHERRO14-25,2026-04-07,pts,24.5,17.92839090143218,6.571609098567819,0.17523167649536647,0.19799542150495608,0.0,0.5935
KXNBAPTS-26APR07MIATOR-MIATHERRO14-30,2026-04-07,pts,29.5,17.92839090143218,11.57160909856782,0.06866048862679022,0.09363954939053032,0.0,0.5935
KXNBAPTS-26APR07MIATOR-TORJPOELTL19-10,2026-04-07,pts,9.5,10.17425,-0.6742500000000007,0.51725,0.49725201827970567,1.0,1.0
KXNBAPTS-26APR07MIATOR-TORJPOELTL19-15,2026-04-07,pts,14.5,10.17425,4.325749999999999,0.19325,0.18691379307683154,1.0,1.0
KXNBAPTS-26APR07MIATOR-TORJPOELTL19-20,2026-04-07,pts,19.5,10.17425,9.32575,0.04825,0.05313198701837896,0.0,1.0
KXNBAPTS-26APR07MIATOR-TORRBARRETT9-15,2026-04-07,pts,14.5,17.843,-3.343,0.65525,0.6134487240584264,1.0,1.0
KXNBAPTS-26APR07MIATOR-TORRBARRETT9-20,2026-04-07,pts,19.5,17.843,1.657,0.37375,0.3710016733184458,0.0,1.0
KXNBAPTS-26APR07MIATOR-TORRBARRETT9-25,2026-04-07,pts,24.5,17.843,6.657,0.16525,0.19488506557182328,0.0,1.0
KXNBAPTS-26APR07MIATOR-TORRBARRETT9-30,2026-04-07,pts,29.5,17.843,11.657,0.062,0.09166188388588459,0.0,1.0
KXNBAPTS-26APR07MIATOR-TORSBARNES4-15,2026-04-07,pts,14.5,14.4265,0.07349999999999923,0.4645,0.44146200210183173,1.0,1.0
KXNBAPTS-26APR07MIATOR-TORSBARNES4-20,2026-04-07,pts,19.5,14.4265,5.073499999999999,0.19825,0.2107619773056666,1.0,1.0
KXNBAPTS-26APR07MIATOR-TORSBARNES4-25,2026-04-07,pts,24.5,14.4265,10.0735,0.06,0.08544073727261603,1.0,1.0
KXNBAPTS-26APR07MIATOR-TORSBARNES4-30,2026-04-07,pts,29.5,14.4265,15.0735,0.015,0.03062858105725219,0.0,1.0
KXNBAREB-26APR07MIATOR-MIAAWIGGINS22-2,2026-04-07,reb,1.5,4.20075,-2.70075,0.9095,0.8820995296714599,1.0,1.0
KXNBAREB-26APR07MIATOR-MIAAWIGGINS22-4,2026-04-07,reb,3.5,4.20075,-0.7007500000000002,0.5935,0.5669106140654528,1.0,1.0
KXNBAREB-26APR07MIATOR-MIAAWIGGINS22-5,2026-04-07,reb,4.5,4.20075,0.2992499999999998,0.408,0.4022740798137049,1.0,1.0
KXNBAREB-26APR07MIATOR-MIAAWIGGINS22-6,2026-04-07,reb,5.5,4.20075,1.2992499999999998,0.253,0.2658823554679306,0.0,1.0
KXNBAREB-26APR07MIATOR-MIAAWIGGINS22-8,2026-04-07,reb,7.5,4.20075,3.29925,0.08025,0.09705335450056085,0.0,1.0
KXNBAREB-26APR07MIATOR-MIABADEBAYO13-10,2026-04-07,reb,9.5,8.52875,0.9712499999999995,0.36175,0.36262058091466387,0.0,1.0
KXNBAREB-26APR07MIATOR-MIABADEBAYO13-11,2026-04-07,reb,10.5,8.52875,1.9712499999999995,0.2685,0.2795449244640711,0.0,1.0
KXNBAREB-26APR07MIATOR-MIABADEBAYO13-12,2026-04-07,reb,11.5,8.52875,2.9712499999999995,0.18175,0.21007414597354057,0.0,1.0
KXNBAREB-26APR07MIATOR-MIABADEBAYO13-14,2026-04-07,reb,13.5,8.52875,4.9712499999999995,0.0785,0.1107252563943738,0.0,1.0
KXNBAREB-26APR07MIATOR-MIABADEBAYO13-16,2026-04-07,reb,15.5,8.52875,6.9712499999999995,0.03025,0.053836895078483105,0.0,1.0
KXNBAREB-26APR07MIATOR-MIANPOWELL24-10,2026-04-07,reb,9.5,3.0096557514693534,6.490344248530647,0.0012594458438287153,0.004857689183632052,0.0,0.5955
KXNBAREB-26APR07MIATOR-MIANPOWELL24-2,2026-04-07,reb,1.5,3.0096557514693534,-1.5096557514693534,0.772879932829555,0.7621762245925756,1.0,0.5955
KXNBAREB-26APR07MIATOR-MIANPOWELL24-4,2026-04-07,reb,3.5,3.0096557514693534,0.4903442485306466,0.35306465155331657,0.35342436002498234,0.0,0.5955
KXNBAREB-26APR07MIATOR-MIANPOWELL24-6,2026-04-07,reb,5.5,3.0096557514693534,2.4903442485306466,0.10327455919395466,0.1099819346606501,0.0,0.5955
KXNBAREB-26APR07MIATOR-MIANPOWELL24-8,2026-04-07,reb,7.5,3.0096557514693534,4.490344248530647,0.020570948782535684,0.025680350984037315,0.0,0.5955
KXNBAREB-26APR07MIATOR-MIATHERRO14-2,2026-04-07,reb,1.5,3.9877843302443132,-2.4877843302443132,0.8917438921651222,0.8664914743599951,1.0,0.5935
KXNBAREB-26APR07MIATOR-MIATHERRO14-4,2026-04-07,reb,3.5,3.9877843302443132,-0.4877843302443132,0.5459140690817186,0.5325664744024028,1.0,0.5935
KXNBAREB-26APR07MIATOR-MIATHERRO14-5,2026-04-07,reb,4.5,3.9877843302443132,0.5122156697556868,0.36310025273799496,0.3673599245976906,1.0,0.5935
KXNBAREB-26APR07MIATOR-MIATHERRO14-6,2026-04-07,reb,5.5,3.9877843302443132,1.5122156697556868,0.22367312552653748,0.2354848924757481,0.0,0.5935
KXNBAREB-26APR07MIATOR-MIATHERRO14-8,2026-04-07,reb,7.5,3.9877843302443132,3.5122156697556868,0.06739679865206402,0.08050766837135215,0.0,0.5935
KXNBAREB-26APR07MIATOR-TORJPOELTL19-10,2026-04-07,reb,9.5,6.4765,3.0235000000000003,0.14275,0.16894349555754307,0.0,1.0
KXNBAREB-26APR07MIATOR-TORJPOELTL19-12,2026-04-07,reb,11.5,6.4765,5.0235,0.047,0.0743315966462178,0.0,1.0
KXNBAREB-26APR07MIATOR-TORJPOELTL19-6,2026-04-07,reb,5.5,6.4765,-0.9764999999999997,0.604,0.5759543080984926,1.0,1.0
KXNBAREB-26APR07MIATOR-TORJPOELTL19-8,2026-04-07,reb,7.5,6.4765,1.0235000000000003,0.343,0.3373249794318596,0.0,1.0
KXNBAREB-26APR07MIATOR-TORJPOELTL19-9,2026-04-07,reb,8.5,6.4765,2.0235000000000003,0.233,0.2430113632188089,0.0,1.0
KXNBAREB-26APR07MIATOR-TORRBARRETT9-10,2026-04-07,reb,9.5,5.08975,4.41025,0.0475,0.06913879480716134,0.0,1.0
KXNBAREB-26APR07MIATOR-TORRBARRETT9-2,2026-04-07,reb,1.5,5.08975,-3.5897500000000004,0.95425,0.9292449288327768,1.0,1.0
KXNBAREB-26APR07MIATOR-TORRBARRETT9-4,2026-04-07,reb,3.5,5.08975,-1.5897500000000004,0.7275,0.6893804697390847,1.0,1.0
KXNBAREB-26APR07MIATOR-TORRBARRETT9-6,2026-04-07,reb,5.5,5.08975,0.41024999999999956,0.4,0.3945340253328723,1.0,1.0
KXNBAREB-26APR07MIATOR-TORRBARRETT9-8,2026-04-07,reb,7.5,5.08975,2.4102499999999996,0.15225,0.1806084099713,1.0,1.0
KXNBAREB-26APR07MIATOR-TORSBARNES4-10,2026-04-07,reb,9.5,5.7805,3.7195,0.08475,0.11378953098561084,0.0,1.0
KXNBAREB-26APR07MIATOR-TORSBARNES4-12,2026-04-07,reb,11.5,5.7805,5.7195,0.0245,0.044032343919757744,0.0,1.0
KXNBAREB-26APR07MIATOR-TORSBARNES4-6,2026-04-07,reb,5.5,5.7805,-0.28049999999999997,0.511,0.4895086533230806,1.0,1.0
KXNBAREB-26APR07MIATOR-TORSBARNES4-7,2026-04-07,reb,6.5,5.7805,0.7195,0.361,0.36276256892176073,1.0,1.0
KXNBAREB-26APR07MIATOR-TORSBARNES4-8,2026-04-07,reb,7.5,5.7805,1.7195,0.23925,0.2566602036486342,1.0,1.0
KXNBAAST-26APR07MIATOR-MIABADEBAYO13-10,2026-04-07,ast,9.5,2.77525,6.72475,0.0,0.0028144260025174672,0.0,1.0
KXNBAAST-26APR07MIATOR-MIABADEBAYO13-2,2026-04-07,ast,1.5,2.77525,-1.2752500000000002,0.757,0.7285113909770526,1.0,1.0
KXNBAAST-26APR07MIATOR-MIABADEBAYO13-4,2026-04-07,ast,3.5,2.77525,0.7247499999999998,0.30525,0.3069239763192685,0.0,1.0
KXNBAAST-26APR07MIATOR-MIABADEBAYO13-6,2026-04-07,ast,5.5,2.77525,2.72475,0.07225,0.084556435867299,0.0,1.0
KXNBAAST-26APR07MIATOR-MIABADEBAYO13-8,2026-04-07,ast,7.5,2.77525,4.72475,0.01025,0.017223125054201982,0.0,1.0
KXNBAAST-26APR07MIATOR-MIADMITCHELL45-10,2026-04-07,ast,9.5,4.65925,4.84075,0.027,0.04601082839275694,0.0,1.0
KXNBAAST-26APR07MIATOR-MIADMITCHELL45-2,2026-04-07,ast,1.5,4.65925,-3.15925,0.93,0.91141052351682,1.0,1.0
KXNBAAST-26APR07MIATOR-MIADMITCHELL45-4,2026-04-07,ast,3.5,4.65925,-1.1592500000000001,0.672,0.6363863907558042,1.0,1.0
KXNBAAST-26APR07MIATOR-MIADMITCHELL45-6,2026-04-07,ast,5.5,4.65925,0.8407499999999999,0.33925,0.33222177158302457,1.0,1.0
KXNBAAST-26APR07MIATOR-MIADMITCHELL45-8,2026-04-07,ast,7.5,4.65925,2.84075,0.11125,0.13605471223268173,0.0,1.0
KXNBAAST-26APR07MIATOR-MIANPOWELL24-2,2026-04-07,ast,1.5,1.933249370277078,-0.4332493702770781,0.5507976490344249,0.5540593489151433,0.0,0.5955
KXNBAAST-26APR07MIATOR-MIANPOWELL24-3,2026-04-07,ast,2.5,1.933249370277078,0.5667506297229219,0.3110831234256927,0.30605885354340323,0.0,0.5955
KXNBAAST-26APR07MIATOR-MIANPOWELL24-4,2026-04-07,ast,3.5,1.933249370277078,1.566750629722922,0.14273719563392107,0.14540233829334426,0.0,0.5955
KXNBAAST-26APR07MIATOR-MIANPOWELL24-6,2026-04-07,ast,5.5,1.933249370277078,3.5667506297229217,0.019731318219983206,0.023376473657830577,0.0,0.5955
KXNBAAST-26APR07MIATOR-MIANPOWELL24-8,2026-04-07,ast,7.5,1.933249370277078,5.566750629722922,0.0016792611251049538,0.002709926325714873,0.0,0.5955
KXNBAAST-26APR07MIATOR-MIATHERRO14-10,2026-04-07,ast,9.5,3.4974726200505475,6.002527379949452,0.004212299915754001,0.010919518609652235,0.0,0.5935
KXNBAAST-26APR07MIATOR-MIATHERRO14-2,2026-04-07,ast,1.5,3.4974726200505475,-1.9974726200505475,0.858887952822241,0.8238397253687995,1.0,0.5935
KXNBAAST-26APR07MIATOR-MIATHERRO14-4,2026-04-07,ast,3.5,3.4974726200505475,0.002527379949452513,0.4625105307497894,0.4473565585887467,1.0,0.5935
KXNBAAST-26APR07MIATOR-MIATHERRO14-6,2026-04-07,ast,5.5,3.4974726200505475,2.0025273799494525,0.14700926705981465,0.16767378487298035,1.0,0.5935
KXNBAAST-26APR07MIATOR-MIATHERRO14-8,2026-04-07,ast,7.5,3.4974726200505475,4.002527379949452,0.02990732940185341,0.04751847938879583,0.0,0.5935
KXNBAAST-26APR07MIATOR-TORRBARRETT9-10,2026-04-07,ast,9.5,3.16925,6.33075,0.00175,0.006253726198396148,0.0,1.0
KXNBAAST-26APR07MIATOR-TORRBARRETT9-2,2026-04-07,ast,1.5,3.16925,-1.66925,0.8115,0.7855749390072146,1.0,1.0
KXNBAAST-26APR07MIATOR-TORRBARRETT9-4,2026-04-07,ast,3.5,3.16925,0.3307500000000001,0.39125,0.38486510070936697,0.0,1.0
KXNBAAST-26APR07MIATOR-TORRBARRETT9-6,2026-04-07,ast,5.5,3.16925,2.33075,0.11075,0.12702773144057722,0.0,1.0
KXNBAAST-26APR07MIATOR-TORRBARRETT9-8,2026-04-07,ast,7.5,3.16925,4.33075,0.01875,0.03137725835716543,0.0,1.0
KXNBAAST-26APR07MIATOR-TORSBARNES4-10,2026-04-07,ast,9.5,5.2215,4.2785,0.0475,0.07519487356174848,0.0,1.0
KXNBAAST-26APR07MIATOR-TORSBARNES4-12,2026-04-07,ast,11.5,5.2215,6.2785,0.01,0.025291810815292526,0.0,1.0
KXNBAAST-26APR07MIATOR-TORSBARNES4-4,2026-04-07,ast,3.5,5.2215,-1.7214999999999998,0.751,0.707287076774064,1.0,1.0
KXNBAAST-26APR07MIATOR-TORSBARNES4-6,2026-04-07,ast,5.5,5.2215,0.2785000000000002,0.4245,0.4136760165850957,0.0,1.0
KXNBAAST-26APR07MIATOR-TORSBARNES4-8,2026-04-07,ast,7.5,5.2215,2.2785,0.16475,0.1931975104463115,0.0,1.0
KXNBA3PT-26APR07MIATOR-MIANPOWELL24-1,2026-04-07,fg3m,0.5,1.9890848026868178,-1.4890848026868178,0.8484466834592779,0.8292687814176534,1.0,0.5955
KXNBA3PT-26APR07MIATOR-MIANPOWELL24-2,2026-04-07,fg3m,1.5,1.9890848026868178,-0.48908480268681775,0.5957178841309824,0.5598677621797734,1.0,0.5955
KXNBA3PT-26APR07MIATOR-MIANPOWELL24-3,2026-04-07,fg3m,2.5,1.9890848026868178,0.5109151973131822,0.31696053736356006,0.31947679868525247,0.0,0.5955
KXNBA3PT-26APR07MIATOR-MIANPOWELL24-4,2026-04-07,fg3m,3.5,1.9890848026868178,1.5109151973131822,0.14273719563392107,0.15990999976811404,0.0,0.5955
KXNBA3PT-26APR07MIATOR-MIANPOWELL24-5,2026-04-07,fg3m,4.5,1.9890848026868178,2.5109151973131825,0.05709487825356843,0.07222608076945058,0.0,0.5955
KXNBA3PT-26APR07MIATOR-MIATHERRO14-1,2026-04-07,fg3m,0.5,2.1903959561920807,-1.6903959561920807,0.8845829823083403,0.8542286135685817,1.0,0.5935
KXNBA3PT-26APR07MIATOR-MIATHERRO14-2,2026-04-07,fg3m,1.5,2.1903959561920807,-0.6903959561920807,0.6402695871946082,0.6061233473197686,0.0,0.5935
KXNBA3PT-26APR07MIATOR-MIATHERRO14-3,2026-04-07,fg3m,2.5,2.1903959561920807,0.3096040438079193,0.37405223251895536,0.36732446478138714,0.0,0.5935
KXNBA3PT-26APR07MIATOR-MIATHERRO14-4,2026-04-07,fg3m,3.5,2.1903959561920807,1.3096040438079193,0.17691659646166807,0.19634888361159275,0.0,0.5935
KXNBA3PT-26APR07MIATOR-MIATHERRO14-5,2026-04-07,fg3m,4.5,2.1903959561920807,2.3096040438079193,0.07750631844987363,0.09500701403173495,0.0,0.5935
KXNBA3PT-26APR07MIATOR-TORSBARNES4-1,2026-04-07,fg3m,0.5,0.6775,-0.1775,0.494,0.47748594707155645,1.0,1.0
KXNBA3PT-26APR07MIATOR-TORSBARNES4-2,2026-04-07,fg3m,1.5,0.6775,0.8225,0.14625,0.152340176238405,1.0,1.0
KXNBA3PT-26APR07MIATOR-TORSBARNES4-3,2026-04-07,fg3m,2.5,0.6775,1.8225,0.03225,0.03792309808458727,0.0,1.0
KXNBA3PT-26APR07MIATOR-TORSBARNES4-4,2026-04-07,fg3m,3.5,0.6775,2.8225,0.0045,0.0079722525352377,0.0,1.0
KXNBA3PT-26APR07MIATOR-TORSBARNES4-5,2026-04-07,fg3m,4.5,0.6775,3.8225,0.0005,0.0014817197652692293,0.0,1.0
KXNBAPTS-26APR07CHIWAS-CHIIOKORO35-10,2026-04-07,pts,9.5,10.20775,-0.7077500000000008,0.508,0.4997749914289201,1.0,1.0
KXNBAPTS-26APR07CHIWAS-CHIIOKORO35-15,2026-04-07,pts,14.5,10.20775,4.292249999999999,0.20925,0.18883224900644613,0.0,1.0
KXNBAPTS-26APR07CHIWAS-CHIIOKORO35-20,2026-04-07,pts,19.5,10.20775,9.29225,0.05725,0.05398172535476897,0.0,1.0
KXNBAPTS-26APR07CHIWAS-CHIIOKORO35-25,2026-04-07,pts,24.5,10.20775,14.29225,0.01175,0.012732823394227988,0.0,1.0
KXNBAPTS-26APR07CHIWAS-WASBCOULIBALY0-10,2026-04-07,pts,9.5,10.894142259414226,-1.3941422594142256,0.5422594142259414,0.5494563976716559,1.0,0.5975
KXNBAPTS-26APR07CHIWAS-WASBCOULIBALY0-15,2026-04-07,pts,14.5,10.894142259414226,3.6058577405857744,0.25564853556485356,0.2291187488482418,1.0,0.5975
KXNBAPTS-26APR07CHIWAS-WASBCOULIBALY0-20,2026-04-07,pts,19.5,10.894142259414226,8.605857740585774,0.08744769874476988,0.07303385872364476,0.0,0.5975
KXNBAPTS-26APR07CHIWAS-WASBCOULIBALY0-25,2026-04-07,pts,24.5,10.894142259414226,13.605857740585774,0.02594142259414226,0.01929815101619614,0.0,0.5975
KXNBAAST-26APR07CHIWAS-WASBCARRINGTON7-2,2026-04-07,ast,1.5,4.6975,-3.1975,0.92875,0.9133636500931535,1.0,1.0
KXNBAAST-26APR07CHIWAS-WASBCARRINGTON7-4,2026-04-07,ast,3.5,4.6975,-1.1974999999999998,0.66475,0.641633949706109,1.0,1.0
KXNBAAST-26APR07CHIWAS-WASBCARRINGTON7-5,2026-04-07,ast,4.5,4.6975,-0.1974999999999998,0.496,0.4814896443591762,1.0,1.0
KXNBAAST-26APR07CHIWAS-WASBCARRINGTON7-6,2026-04-07,ast,5.5,4.6975,0.8025000000000002,0.34325,0.3378263986344562,1.0,1.0
KXNBAAST-26APR07CHIWAS-WASBCARRINGTON7-8,2026-04-07,ast,7.5,4.6975,2.8025,0.12175,0.13970262383456966,0.0,1.0
KXNBAPTS-26APR06NYKATL-ATLCMCCOLLUM3-15,2026-04-06,pts,14.5,15.35625,-0.8562499999999993,0.526,0.4928588527418485,1.0,1.0
KXNBAPTS-26APR06NYKATL-ATLCMCCOLLUM3-20,2026-04-06,pts,19.5,15.35625,4.143750000000001,0.24375,0.25376182596028984,0.0,1.0
KXNBAPTS-26APR06NYKATL-ATLCMCCOLLUM3-25,2026-04-06,pts,24.5,15.35625,9.14375,0.09275,0.11164109812332423,0.0,1.0
KXNBAPTS-26APR06NYKATL-ATLCMCCOLLUM3-30,2026-04-06,pts,29.5,15.35625,14.14375,0.02375,0.04357973017140382,0.0,1.0
KXNBAPTS-26APR06NYKATL-ATLDDANIELS5-10,2026-04-06,pts,9.5,10.56825,-1.0682500000000008,0.5455,0.5263531250622416,1.0,1.0
KXNBAPTS-26APR06NYKATL-ATLDDANIELS5-15,2026-04-06,pts,14.5,10.56825,3.931749999999999,0.21275,0.20977971089564817,0.0,1.0
KXNBAPTS-26APR06NYKATL-ATLDDANIELS5-20,2026-04-06,pts,19.5,10.56825,8.93175,0.051,0.06360191593574349,0.0,1.0
KXNBAPTS-26APR06NYKATL-ATLJJOHNSON1-20,2026-04-06,pts,19.5,17.4955,2.0045,0.3645,0.3547805025385893,1.0,1.0
KXNBAPTS-26APR06NYKATL-ATLJJOHNSON1-25,2026-04-06,pts,24.5,17.4955,7.0045,0.1605,0.18236196595126808,0.0,1.0
KXNBAPTS-26APR06NYKATL-ATLJJOHNSON1-30,2026-04-06,pts,29.5,17.4955,12.0045,0.06175,0.08382360306838355,0.0,1.0
KXNBAPTS-26APR06NYKATL-ATLJJOHNSON1-35,2026-04-06,pts,34.5,17.4955,17.0045,0.01625,0.0352874243761514,0.0,1.0
KXNBAPTS-26APR06NYKATL-ATLJKUMINGA0-10,2026-04-06,pts,9.5,8.14325,1.35675,0.356,0.33042851730738143,0.0,1.0
KXNBAPTS-26APR06NYKATL-ATLJKUMINGA0-15,2026-04-06,pts,14.5,8.14325,6.35675,0.101,0.08434924601796057,0.0,1.0
KXNBAPTS-26APR06NYKATL-ATLJKUMINGA0-20,2026-04-06,pts,19.5,8.14325,11.35675,0.01925,0.015789257437207382,0.0,1.0
KXNBAPTS-26APR06NYKATL-ATLNALEXANDERWALKER7-15,2026-04-06,pts,14.5,17.1245,-2.624500000000001,0.625,0.5812658886660449,1.0,1.0
KXNBAPTS-26APR06NYKATL-ATLNALEXANDERWALKER7-20,2026-04-06,pts,19.5,17.1245,2.375499999999999,0.3435,0.33734065073791897,1.0,1.0
KXNBAPTS-26APR06NYKATL-ATLNALEXANDERWALKER7-25,2026-04-06,pts,24.5,17.1245,7.375499999999999,0.14925,0.16925558984026046,1.0,1.0
KXNBAPTS-26APR06NYKATL-ATLNALEXANDERWALKER7-30,2026-04-06,pts,29.5,17.1245,12.375499999999999,0.0485,0.07583801112693311,1.0,1.0
KXNBAPTS-26APR06NYKATL-ATLOOKONGWU17-10,2026-04-06,pts,9.5,11.69275,-2.19275,0.60925,0.6022632988556846,1.0,1.0
KXNBAPTS-26APR06NYKATL-ATLOOKONGWU17-15,2026-04-06,pts,14.5,11.69275,2.80725,0.29275,0.27754439937309494,0.0,1.0
KXNBAPTS-26APR06NYKATL-ATLOOKONGWU17-20,2026-04-06,pts,19.5,11.69275,7.80725,0.1,0.09893522679930411,0.0,1.0
KXNBAPTS-26APR06NYKATL-ATLOOKONGWU17-25,2026-04-06,pts,24.5,11.69275,12.80725,0.03,0.02939399379121177,0.0,1.0
KXNBAPTS-26APR06NYKATL-NYKJBRUNSON11-20,2026-04-06,pts,19.5,21.348,-1.847999999999999,0.569,0.5233422843530442,1.0,1.0
KXNBAPTS-26APR06NYKATL-NYKJBRUNSON11-25,2026-04-06,pts,24.5,21.348,3.152000000000001,0.32125,0.3282601325393686,1.0,1.0
KXNBAPTS-26APR06NYKATL-NYKJBRUNSON11-30,2026-04-06,pts,29.5,21.348,8.152000000000001,0.151,0.1866933997648652,1.0,1.0
KXNBAPTS-26APR06NYKATL-NYKJBRUNSON11-35,2026-04-06,pts,34.5,21.348,13.152000000000001,0.05625,0.09806599730825227,0.0,1.0
KXNBAPTS-26APR06NYKATL-NYKJHART3-10,2026-04-06,pts,9.5,10.34625,-0.8462499999999995,0.5225,0.5101107192846357,0.0,1.0
KXNBAPTS-26APR06NYKATL-NYKJHART3-15,2026-04-06,pts,14.5,10.34625,4.1537500000000005,0.2175,0.1968169919589512,0.0,1.0
KXNBAPTS-26APR06NYKATL-NYKJHART3-20,2026-04-06,pts,19.5,10.34625,9.15375,0.06025,0.057575053814189814,0.0,1.0
KXNBAPTS-26APR06NYKATL-NYKJHART3-25,2026-04-06,pts,24.5,10.34625,14.15375,0.01125,0.013909780425088503,0.0,1.0
KXNBAPTS-26APR06NYKATL-NYKKTOWNS32-15,2026-04-06,pts,14.5,15.76766417290108,-1.26766417290108,0.542809642560266,0.5145678962615478,1.0,0.6015
KXNBAPTS-26APR06NYKATL-NYKKTOWNS32-20,2026-04-06,pts,19.5,15.76766417290108,3.73233582709892,0.27680798004987534,0.2731289978455165,1.0,0.6015
KXNBAPTS-26APR06NYKATL-NYKKTOWNS32-25,2026-04-06,pts,24.5,15.76766417290108,8.73233582709892,0.10307564422277639,0.12421724451687788,0.0,0.6015
KXNBAPTS-26APR06NYKATL-NYKKTOWNS32-30,2026-04-06,pts,29.5,15.76766417290108,13.73233582709892,0.030756442227763924,0.050200920636182866,0.0,0.6015
KXNBAPTS-26APR06NYKATL-NYKMBRIDGES25-10,2026-04-06,pts,9.5,11.69075,-2.1907499999999995,0.61225,0.6021378483667511,1.0,1.0
KXNBAPTS-26APR06NYKATL-NYKMBRIDGES25-15,2026-04-06,pts,14.5,11.69075,2.8092500000000005,0.291,0.27742201861391835,1.0,1.0
KXNBAPTS-26APR06NYKATL-NYKMBRIDGES25-20,2026-04-06,pts,19.5,11.69075,7.8092500000000005,0.1065,0.09886568487318126,0.0,1.0
KXNBAPTS-26APR06NYKATL-NYKMBRIDGES25-25,2026-04-06,pts,24.5,11.69075,12.80925,0.02575,0.029365234068931767,0.0,1.0
KXNBAPTS-26APR06NYKATL-NYKOANUNOBY8-10,2026-04-06,pts,9.5,15.514,-6.013999999999999,0.804,0.784923162664939,1.0,1.0
KXNBAPTS-26APR06NYKATL-NYKOANUNOBY8-15,2026-04-06,pts,14.5,15.514,-1.0139999999999993,0.53625,0.5012614001633273,1.0,1.0
KXNBAPTS-26APR06NYKATL-NYKOANUNOBY8-20,2026-04-06,pts,19.5,15.514,3.9860000000000007,0.2565,0.26117138810191265,1.0,1.0
KXNBAPTS-26APR06NYKATL-NYKOANUNOBY8-25,2026-04-06,pts,24.5,15.514,8.986,0.09725,0.1163964898235087,0.0,1.0
KXNBAREB-26APR06NYKATL-ATLDDANIELS5-10,2026-04-06,reb,9.5,5.52575,3.9742499999999996,0.07125,0.09602640243383587,1.0,1.0
KXNBAREB-26APR06NYKATL-ATLDDANIELS5-12,2026-04-06,reb,11.5,5.52575,5.97425,0.0175,0.035236534360768235,1.0,1.0
KXNBAREB-26APR06NYKATL-ATLDDANIELS5-6,2026-04-06,reb,5.5,5.52575,-0.025750000000000384,0.46875,0.45538409104435196,1.0,1.0
KXNBAREB-26APR06NYKATL-ATLDDANIELS5-7,2026-04-06,reb,6.5,5.52575,0.9742499999999996,0.3225,0.32991156900888086,1.0,1.0
KXNBAREB-26APR06NYKATL-ATLDDANIELS5-8,2026-04-06,reb,7.5,5.52575,1.9742499999999996,0.21025,0.22787821375477646,1.0,1.0
KXNBAREB-26APR06NYKATL-ATLJJOHNSON1-10,2026-04-06,reb,9.5,8.05725,1.4427500000000002,0.2935,0.3165583773867925,1.0,1.0
KXNBAREB-26APR06NYKATL-ATLJJOHNSON1-12,2026-04-06,reb,11.5,8.05725,3.44275,0.132,0.17401645716749603,0.0,1.0
KXNBAREB-26APR06NYKATL-ATLJJOHNSON1-14,2026-04-06,reb,13.5,8.05725,5.44275,0.056,0.08678106948804198,0.0,1.0
KXNBAREB-26APR06NYKATL-ATLJJOHNSON1-6,2026-04-06,reb,5.5,8.05725,-2.55725,0.78775,0.7307751902375396,1.0,1.0
KXNBAREB-26APR06NYKATL-ATLJJOHNSON1-8,2026-04-06,reb,7.5,8.05725,-0.5572499999999998,0.54275,0.5136017036680959,1.0,1.0
KXNBAREB-26APR06NYKATL-ATLJKUMINGA0-10,2026-04-06,reb,9.5,3.67675,5.82325,0.0075,0.01490291739768046,0.0,1.0
KXNBAREB-26APR06NYKATL-ATLJKUMINGA0-2,2026-04-06,reb,1.5,3.67675,-2.17675,0.865,0.8397318796520941,1.0,1.0
KXNBAREB-26APR06NYKATL-ATLJKUMINGA0-4,2026-04-06,reb,3.5,3.67675,-0.17675000000000018,0.49625,0.47908936664853763,1.0,1.0
KXNBAREB-26APR06NYKATL-ATLJKUMINGA0-6,2026-04-06,reb,5.5,3.67675,1.8232499999999998,0.1735,0.1924677111977222,0.0,1.0
KXNBAREB-26APR06NYKATL-ATLJKUMINGA0-8,2026-04-06,reb,7.5,3.67675,3.82325,0.0445,0.05921240220947144,0.0,1.0
KXNBAREB-26APR06NYKATL-ATLNALEXANDERWALKER7-10,2026-04-06,reb,9.5,3.02375,6.47625,0.0015,0.004993605068702833,0.0,1.0
KXNBAREB-26APR06NYKATL-ATLNALEXANDERWALKER7-2,2026-04-06,reb,1.5,3.02375,-1.5237500000000002,0.78825,0.764155118513342,1.0,1.0
KXNBAREB-26APR06NYKATL-ATLNALEXANDERWALKER7-4,2026-04-06,reb,3.5,3.02375,0.47624999999999984,0.3585,0.356191513238187,0.0,1.0
KXNBAREB-26APR06NYKATL-ATLNALEXANDERWALKER7-6,2026-04-06,reb,5.5,3.02375,2.47625,0.09275,0.11153763906989145,0.0,1.0
KXNBAREB-26APR06NYKATL-ATLNALEXANDERWALKER7-8,2026-04-06,reb,7.5,3.02375,4.47625,0.0175,0.02621798422370325,0.0,1.0
KXNBAREB-26APR06NYKATL-ATLOOKONGWU17-10,2026-04-06,reb,9.5,6.14825,3.35175,0.119,0.14182688944009703,0.0,1.0
KXNBAREB-26APR06NYKATL-ATLOOKONGWU17-12,2026-04-06,reb,11.5,6.14825,5.35175,0.041,0.05890042964464626,0.0,1.0
KXNBAREB-26APR06NYKATL-ATLOOKONGWU17-4,2026-04-06,reb,3.5,6.14825,-2.64825,0.8255,0.7944672039581187,1.0,1.0
KXNBAREB-26APR06NYKATL-ATLOOKONGWU17-6,2026-04-06,reb,5.5,6.14825,-0.64825,0.55,0.5365038657056584,1.0,1.0
KXNBAREB-26APR06NYKATL-ATLOOKONGWU17-8,2026-04-06,reb,7.5,6.14825,1.35175,0.28775,0.2990903139767661,1.0,1.0
KXNBAREB-26APR06NYKATL-NYKJBRUNSON11-10,2026-04-06,reb,9.5,3.35775,6.142250000000001,0.003,0.009108559679748218,0.0,1.0
KXNBAREB-26APR06NYKATL-NYKJBRUNSON11-2,2026-04-06,reb,1.5,3.35775,-1.8577499999999998,0.8375,0.8065024418545946,1.0,1.0
KXNBAREB-26APR06NYKATL-NYKJBRUNSON11-4,2026-04-06,reb,3.5,3.35775,0.1422500000000002,0.42975,0.42056888781385615,0.0,1.0
KXNBAREB-26APR06NYKATL-NYKJBRUNSON11-6,2026-04-06,reb,5.5,3.35775,2.14225,0.14075,0.1509691372514218,0.0,1.0
KXNBAREB-26APR06NYKATL-NYKJBRUNSON11-8,2026-04-06,reb,7.5,3.35775,4.142250000000001,0.0205,0.041095673945603206,0.0,1.0
KXNBAREB-26APR06NYKATL-NYKJHART3-10,2026-04-06,reb,9.5,7.08125,2.41875,0.19925,0.22294463087118022,0.0,1.0
KXNBAREB-26APR06NYKATL-NYKJHART3-12,2026-04-06,reb,11.5,7.08125,4.41875,0.0855,0.10786267329026133,0.0,1.0
KXNBAREB-26APR06NYKATL-NYKJHART3-4,2026-04-06,reb,3.5,7.08125,-3.58125,0.89725,0.8580078505821527,1.0,1.0
KXNBAREB-26APR06NYKATL-NYKJHART3-6,2026-04-06,reb,5.5,7.08125,-1.5812499999999998,0.676,0.6420626149595369,0.0,1.0
KXNBAREB-26APR06NYKATL-NYKJHART3-8,2026-04-06,reb,7.5,7.08125,0.4187500000000002,0.4105,0.4071497953237153,0.0,1.0
KXNBAREB-26APR06NYKATL-NYKKTOWNS32-10,2026-04-06,reb,9.5,9.928927680798004,-0.4289276807980045,0.5187032418952618,0.4942859691604915,1.0,0.6015
KXNBAREB-26APR06NYKATL-NYKKTOWNS32-12,2026-04-06,reb,11.5,9.928927680798004,1.5710723192019955,0.29925187032418954,0.32554120583530677,1.0,0.6015
KXNBAREB-26APR06NYKATL-NYKKTOWNS32-14,2026-04-06,reb,13.5,9.928927680798004,3.5710723192019955,0.15378221113881962,0.1967788070127724,0.0,0.6015
KXNBAREB-26APR06NYKATL-NYKKTOWNS32-16,2026-04-06,reb,15.5,9.928927680798004,5.5710723192019955,0.0627597672485453,0.1103643108867548,0.0,0.6015
KXNBAREB-26APR06NYKATL-NYKKTOWNS32-8,2026-04-06,reb,7.5,9.928927680798004,-2.4289276807980045,0.7489609310058188,0.6814974448257195,1.0,0.6015
KXNBAREB-26APR06NYKATL-NYKMBRIDGES25-10,2026-04-06,reb,9.5,3.2905,6.2095,0.004,0.008132255843599223,0.0,1.0
KXNBAREB-26APR06NYKATL-NYKMBRIDGES25-2,2026-04-06,reb,1.5,3.2905,-1.7905000000000002,0.83175,0.7986426536283698,1.0,1.0
KXNBAREB-26APR06NYKATL-NYKMBRIDGES25-4,2026-04-06,reb,3.5,3.2905,0.2094999999999998,0.4065,0.4078248982047512,1.0,1.0
KXNBAREB-26APR06NYKATL-NYKMBRIDGES25-6,2026-04-06,reb,5.5,3.2905,2.2095,0.12825,0.14266078336451393,0.0,1.0
KXNBAREB-26APR06NYKATL-NYKMBRIDGES25-8,2026-04-06,reb,7.5,3.2905,4.2095,0.0275,0.037765847924176255,0.0,1.0
KXNBAREB-26APR06NYKATL-NYKOANUNOBY8-2,2026-04-06,reb,1.5,5.0095,-3.5095,0.94975,0.9259526261677942,1.0,1.0
KXNBAREB-26APR06NYKATL-NYKOANUNOBY8-4,2026-04-06,reb,3.5,5.0095,-1.5095,0.714,0.6796911754380638,1.0,1.0
KXNBAREB-26APR06NYKATL-NYKOANUNOBY8-5,2026-04-06,reb,4.5,5.0095,-0.5095000000000001,0.549,0.526431129546845,1.0,1.0
KXNBAREB-26APR06NYKATL-NYKOANUNOBY8-6,2026-04-06,reb,5.5,5.0095,0.49049999999999994,0.38175,0.3830688102644979,0.0,1.0
KXNBAREB-26APR06NYKATL-NYKOANUNOBY8-8,2026-04-06,reb,7.5,5.0095,2.4905,0.15025,0.17226868177891974,0.0,1.0
KXNBAAST-26APR06NYKATL-ATLCMCCOLLUM3-10,2026-04-06,ast,9.5,3.257,6.243,0.002,0.007320945362484288,0.0,1.0
KXNBAAST-26APR06NYKATL-ATLCMCCOLLUM3-2,2026-04-06,ast,1.5,3.257,-1.7570000000000001,0.8345,0.7965595266919763,1.0,1.0
KXNBAAST-26APR06NYKATL-ATLCMCCOLLUM3-4,2026-04-06,ast,3.5,3.257,0.24299999999999988,0.40475,0.40185812527421394,1.0,1.0
KXNBAAST-26APR06NYKATL-ATLCMCCOLLUM3-6,2026-04-06,ast,5.5,3.257,2.243,0.11625,0.1374792494986392,1.0,1.0
KXNBAAST-26APR06NYKATL-ATLCMCCOLLUM3-8,2026-04-06,ast,7.5,3.257,4.243,0.021,0.03529517829351303,0.0,1.0
KXNBAAST-26APR06NYKATL-ATLJJOHNSON1-10,2026-04-06,ast,9.5,5.592,3.9080000000000004,0.0635,0.09878008413999373,0.0,1.0
KXNBAAST-26APR06NYKATL-ATLJJOHNSON1-12,2026-04-06,ast,11.5,5.592,5.908,0.014,0.03613903506528737,0.0,1.0
KXNBAAST-26APR06NYKATL-ATLJJOHNSON1-4,2026-04-06,ast,3.5,5.592,-2.0919999999999996,0.80125,0.7470371951879636,1.0,1.0
KXNBAAST-26APR06NYKATL-ATLJJOHNSON1-6,2026-04-06,ast,5.5,5.592,-0.09199999999999964,0.4805,0.4653314738245661,0.0,1.0
KXNBAAST-26APR06NYKATL-ATLJJOHNSON1-8,2026-04-06,ast,7.5,5.592,1.9080000000000004,0.209,0.23413286962322133,0.0,1.0
KXNBAAST-26APR06NYKATL-ATLNALEXANDERWALKER7-10,2026-04-06,ast,9.5,3.02225,6.47775,0.0015,0.004728788496727643,0.0,1.0
KXNBAAST-26APR06NYKATL-ATLNALEXANDERWALKER7-2,2026-04-06,ast,1.5,3.02225,-1.52225,0.812,0.7658273002348791,1.0,1.0
KXNBAAST-26APR06NYKATL-ATLNALEXANDERWALKER7-4,2026-04-06,ast,3.5,3.02225,0.4777499999999999,0.3525,0.35603343224403117,0.0,1.0
KXNBAAST-26APR06NYKATL-ATLNALEXANDERWALKER7-6,2026-04-06,ast,5.5,3.02225,2.47775,0.08525,0.11028682552874225,0.0,1.0
KXNBAAST-26APR06NYKATL-ATLNALEXANDERWALKER7-8,2026-04-06,ast,7.5,3.02225,4.47775,0.011,0.025450894170752636,0.0,1.0
KXNBAAST-26APR06NYKATL-ATLOOKONGWU17-2,2026-04-06,ast,1.5,2.37075,-0.8707500000000001,0.6775,0.6546366178444791,0.0,1.0
KXNBAAST-26APR06NYKATL-ATLOOKONGWU17-3,2026-04-06,ast,2.5,2.37075,0.12924999999999986,0.419,0.41260940181017725,0.0,1.0
KXNBAAST-26APR06NYKATL-ATLOOKONGWU17-4,2026-04-06,ast,3.5,2.37075,1.1292499999999999,0.22025,0.22675073364240705,0.0,1.0
KXNBAAST-26APR06NYKATL-ATLOOKONGWU17-6,2026-04-06,ast,5.5,2.37075,3.12925,0.0375,0.04978266561787281,0.0,1.0
KXNBAAST-26APR06NYKATL-ATLOOKONGWU17-8,2026-04-06,ast,7.5,2.37075,5.12925,0.0045,0.007982762958269607,0.0,1.0
KXNBAAST-26APR06NYKATL-NYKJBRUNSON11-10,2026-04-06,ast,9.5,5.7805,3.7195,0.075,0.11201612943501815,1.0,1.0
KXNBAAST-26APR06NYKATL-NYKJBRUNSON11-12,2026-04-06,ast,11.5,5.7805,5.7195,0.02,0.04263959864191236,1.0,1.0
KXNBAAST-26APR06NYKATL-NYKJBRUNSON11-4,2026-04-06,ast,3.5,5.7805,-2.2805,0.818,0.7652979889330884,1.0,1.0
KXNBAAST-26APR06NYKATL-NYKJBRUNSON11-6,2026-04-06,ast,5.5,5.7805,-0.28049999999999997,0.51775,0.4907125178363537,1.0,1.0
KXNBAAST-26APR06NYKATL-NYKJBRUNSON11-8,2026-04-06,ast,7.5,5.7805,1.7195,0.232,0.2556344747146969,1.0,1.0
KXNBAAST-26APR06NYKATL-NYKJHART3-2,2026-04-06,ast,1.5,3.705,-2.205,0.872,0.844377587815501,1.0,1.0
KXNBAAST-26APR06NYKATL-NYKJHART3-4,2026-04-06,ast,3.5,3.705,-0.20500000000000007,0.504,0.48511216834584825,0.0,1.0
KXNBAAST-26APR06NYKATL-NYKJHART3-5,2026-04-06,ast,4.5,3.705,0.7949999999999999,0.319,0.3200719564626878,0.0,1.0
KXNBAAST-26APR06NYKATL-NYKJHART3-6,2026-04-06,ast,5.5,3.705,1.795,0.17725,0.19528181132917732,0.0,1.0
KXNBAAST-26APR06NYKATL-NYKJHART3-8,2026-04-06,ast,7.5,3.705,3.795,0.04175,0.059828603360726706,0.0,1.0
KXNBA3PT-26APR06NYKATL-ATLCMCCOLLUM3-1,2026-04-06,fg3m,0.5,1.878,-1.378,0.83325,0.813445063050673,1.0,1.0
KXNBA3PT-26APR06NYKATL-ATLCMCCOLLUM3-2,2026-04-06,fg3m,1.5,1.878,-0.3779999999999999,0.551,0.5322692119868551,1.0,1.0
KXNBA3PT-26APR06NYKATL-ATLCMCCOLLUM3-3,2026-04-06,fg3m,2.5,1.878,0.6220000000000001,0.298,0.29261674756624956,1.0,1.0
KXNBA3PT-26APR06NYKATL-ATLCMCCOLLUM3-4,2026-04-06,fg3m,3.5,1.878,1.622,0.12525,0.14067004798257465,0.0,1.0
KXNBA3PT-26APR06NYKATL-ATLCMCCOLLUM3-5,2026-04-06,fg3m,4.5,1.878,2.622,0.04575,0.06091582869507817,0.0,1.0
KXNBA3PT-26APR06NYKATL-ATLJJOHNSON1-1,2026-04-06,fg3m,0.5,1.395,-0.895,0.75125,0.7222978572340181,1.0,1.0
KXNBA3PT-26APR06NYKATL-ATLJJOHNSON1-2,2026-04-06,fg3m,1.5,1.395,0.10499999999999998,0.40675,0.39475938600095895,1.0,1.0
KXNBA3PT-26APR06NYKATL-ATLJJOHNSON1-3,2026-04-06,fg3m,2.5,1.395,1.105,0.1675,0.17629632536844597,1.0,1.0
KXNBA3PT-26APR06NYKATL-ATLJJOHNSON1-4,2026-04-06,fg3m,3.5,1.395,2.105,0.04975,0.06790383343571538,0.0,1.0
KXNBA3PT-26APR06NYKATL-ATLJJOHNSON1-5,2026-04-06,fg3m,4.5,1.395,3.105,0.01375,0.023381961844438415,0.0,1.0
KXNBA3PT-26APR06NYKATL-ATLNALEXANDERWALKER7-1,2026-04-06,fg3m,0.5,2.65975,-2.15975,0.9315,0.8979177519794619,1.0,1.0
KXNBA3PT-26APR06NYKATL-ATLNALEXANDERWALKER7-2,2026-04-06,fg3m,1.5,2.65975,-1.1597499999999998,0.73775,0.6965622400876438,1.0,1.0
KXNBA3PT-26APR06NYKATL-ATLNALEXANDERWALKER7-3,2026-04-06,fg3m,2.5,2.65975,-0.15974999999999984,0.49775,0.4719624071952604,1.0,1.0
KXNBA3PT-26APR06NYKATL-ATLNALEXANDERWALKER7-4,2026-04-06,fg3m,3.5,2.65975,0.8402500000000002,0.276,0.28559892094715855,1.0,1.0
KXNBA3PT-26APR06NYKATL-ATLNALEXANDERWALKER7-5,2026-04-06,fg3m,4.5,2.65975,1.8402500000000002,0.13175,0.15758262759690456,1.0,1.0
KXNBA3PT-26APR06NYKATL-NYKJBRUNSON11-1,2026-04-06,fg3m,0.5,2.0915,-1.5915,0.87175,0.8425237482880431,1.0,1.0
KXNBA3PT-26APR06NYKATL-NYKJBRUNSON11-2,2026-04-06,fg3m,1.5,2.0915,-0.5914999999999999,0.6065,0.5839954354247927,1.0,1.0
KXNBA3PT-26APR06NYKATL-NYKJBRUNSON11-3,2026-04-06,fg3m,2.5,2.0915,0.4085000000000001,0.348,0.3439829886893693,1.0,1.0
KXNBA3PT-26APR06NYKATL-NYKJBRUNSON11-4,2026-04-06,fg3m,3.5,2.0915,1.4085,0.17125,0.17822864910987157,0.0,1.0
KXNBA3PT-26APR06NYKATL-NYKJBRUNSON11-5,2026-04-06,fg3m,4.5,2.0915,2.4085,0.06425,0.0834634072265954,0.0,1.0
KXNBA3PT-26APR06NYKATL-NYKJHART3-1,2026-04-06,fg3m,0.5,1.20875,-0.70875,0.69725,0.6744003029564125,0.0,1.0
KXNBA3PT-26APR06NYKATL-NYKJHART3-2,2026-04-06,fg3m,1.5,1.20875,0.29125,0.33775,0.33463260931434613,0.0,1.0
KXNBA3PT-26APR06NYKATL-NYKJHART3-3,2026-04-06,fg3m,2.5,1.20875,1.29125,0.12575,0.13413334588200998,0.0,1.0
KXNBA3PT-26APR06NYKATL-NYKJHART3-4,2026-04-06,fg3m,3.5,1.20875,2.29125,0.037,0.04611991073445032,0.0,1.0
KXNBA3PT-26APR06NYKATL-NYKJHART3-5,2026-04-06,fg3m,4.5,1.20875,3.29125,0.009,0.014135512297818065,0.0,1.0
KXNBA3PT-26APR06NYKATL-NYKKTOWNS32-1,2026-04-06,fg3m,0.5,1.104322527015794,-0.6043225270157939,0.6662510390689942,0.6434917121825078,1.0,0.6015
KXNBA3PT-26APR06NYKATL-NYKKTOWNS32-2,2026-04-06,fg3m,1.5,1.104322527015794,0.3956774729842061,0.300498753117207,0.2995485471356598,1.0,0.6015
KXNBA3PT-26APR06NYKATL-NYKKTOWNS32-3,2026-04-06,fg3m,2.5,1.104322527015794,1.395677472984206,0.10432252701579385,0.11190382840553537,0.0,0.6015
KXNBA3PT-26APR06NYKATL-NYKKTOWNS32-4,2026-04-06,fg3m,3.5,1.104322527015794,2.395677472984206,0.026184538653366583,0.035750042471930255,0.0,0.6015
KXNBA3PT-26APR06NYKATL-NYKKTOWNS32-5,2026-04-06,fg3m,4.5,1.104322527015794,3.395677472984206,0.005403158769742311,0.010164202634769026,0.0,0.6015
KXNBA3PT-26APR06NYKATL-NYKMBRIDGES25-1,2026-04-06,fg3m,0.5,1.4235,-0.9235,0.74375,0.728899235874399,0.0,1.0
KXNBA3PT-26APR06NYKATL-NYKMBRIDGES25-2,2026-04-06,fg3m,1.5,1.4235,0.07650000000000001,0.4105,0.40364097141128963,0.0,1.0
KXNBA3PT-26APR06NYKATL-NYKMBRIDGES25-3,2026-04-06,fg3m,2.5,1.4235,1.0765,0.181,0.18296322093670447,0.0,1.0
KXNBA3PT-26APR06NYKATL-NYKMBRIDGES25-4,2026-04-06,fg3m,3.5,1.4235,2.0765000000000002,0.0635,0.07158654629705397,0.0,1.0
KXNBA3PT-26APR06NYKATL-NYKMBRIDGES25-5,2026-04-06,fg3m,4.5,1.4235,3.0765000000000002,0.01875,0.025051197781486012,0.0,1.0
KXNBA3PT-26APR06NYKATL-NYKOANUNOBY8-1,2026-04-06,fg3m,0.5,2.28275,-1.78275,0.891,0.8642775002053428,1.0,1.0
KXNBA3PT-26APR06NYKATL-NYKOANUNOBY8-2,2026-04-06,fg3m,1.5,2.28275,-0.7827500000000001,0.6645,0.6257779337706204,1.0,1.0
KXNBA3PT-26APR06NYKATL-NYKOANUNOBY8-3,2026-04-06,fg3m,2.5,2.28275,0.21724999999999994,0.39925,0.3887737858043062,1.0,1.0
KXNBA3PT-26APR06NYKATL-NYKOANUNOBY8-4,2026-04-06,fg3m,3.5,2.28275,1.21725,0.1995,0.21357552486053932,1.0,1.0
KXNBA3PT-26APR06NYKATL-NYKOANUNOBY8-5,2026-04-06,fg3m,4.5,2.28275,2.21725,0.08475,0.1063602508484458,0.0,1.0
KXNBAPTS-26APR06PORDEN-DENAGORDON32-10,2026-04-06,pts,9.5,13.22675,-3.726749999999999,0.6935,0.6886857892088629,1.0,1.0
KXNBAPTS-26APR06PORDEN-DENAGORDON32-15,2026-04-06,pts,14.5,13.22675,1.2732500000000009,0.38275,0.3711173494565233,1.0,1.0
KXNBAPTS-26APR06PORDEN-DENAGORDON32-20,2026-04-06,pts,19.5,13.22675,6.273250000000001,0.16275,0.1581577106393215,1.0,1.0
KXNBAPTS-26APR06PORDEN-DENAGORDON32-25,2026-04-06,pts,24.5,13.22675,11.27325,0.05375,0.056767996406304255,0.0,1.0
KXNBAPTS-26APR06PORDEN-DENCBRAUN0-10,2026-04-06,pts,9.5,10.8465,-1.3465000000000007,0.5625,0.5461345700565035,0.0,1.0
KXNBAPTS-26APR06PORDEN-DENCBRAUN0-15,2026-04-06,pts,14.5,10.8465,3.6534999999999993,0.229,0.22627152904712777,0.0,1.0
KXNBAPTS-26APR06PORDEN-DENCBRAUN0-20,2026-04-06,pts,19.5,10.8465,8.6535,0.07025,0.07161231578667704,0.0,1.0
KXNBAPTS-26APR06PORDEN-DENCBRAUN0-25,2026-04-06,pts,24.5,10.8465,13.6535,0.015,0.018781608987995302,0.0,1.0
KXNBAPTS-26APR06PORDEN-DENCJOHNSON23-10,2026-04-06,pts,9.5,10.45025,-0.9502500000000005,0.52325,0.517770001491547,1.0,1.0
KXNBAPTS-26APR06PORDEN-DENCJOHNSON23-15,2026-04-06,pts,14.5,10.45025,4.0497499999999995,0.228,0.20286583759814847,1.0,1.0
KXNBAPTS-26APR06PORDEN-DENCJOHNSON23-20,2026-04-06,pts,19.5,10.45025,9.04975,0.0735,0.06035772809203255,0.0,1.0
KXNBAPTS-26APR06PORDEN-DENCJOHNSON23-25,2026-04-06,pts,24.5,10.45025,14.04975,0.0155,0.0148414658433631,0.0,1.0
KXNBAPTS-26APR06PORDEN-DENJMURRAY27-15,2026-04-06,pts,14.5,20.9495,-6.4495000000000005,0.782,0.7284477565549228,1.0,1.0
KXNBAPTS-26APR06PORDEN-DENJMURRAY27-20,2026-04-06,pts,19.5,20.9495,-1.4495000000000005,0.553,0.5073292998620511,1.0,1.0
KXNBAPTS-26APR06PORDEN-DENJMURRAY27-25,2026-04-06,pts,24.5,20.9495,3.5504999999999995,0.315,0.3128765037463539,0.0,1.0
KXNBAPTS-26APR06PORDEN-DENJMURRAY27-30,2026-04-06,pts,29.5,20.9495,8.5505,0.13825,0.17471172496237086,0.0,1.0
KXNBAPTS-26APR06PORDEN-DENJMURRAY27-35,2026-04-06,pts,34.5,20.9495,13.5505,0.0495,0.09002678089424987,0.0,1.0
KXNBAPTS-26APR06PORDEN-DENNJOKIC15-25,2026-04-06,pts,24.5,22.76375,1.7362499999999983,0.38525,0.3823247692736822,1.0,1.0
KXNBAPTS-26APR06PORDEN-DENNJOKIC15-30,2026-04-06,pts,29.5,22.76375,6.736249999999998,0.1815,0.23081337342466568,1.0,1.0
KXNBAPTS-26APR06PORDEN-DENNJOKIC15-35,2026-04-06,pts,34.5,22.76375,11.736249999999998,0.0705,0.12909430169104286,1.0,1.0
KXNBAPTS-26APR06PORDEN-DENNJOKIC15-40,2026-04-06,pts,39.5,22.76375,16.73625,0.0175,0.06780199955423538,0.0,1.0
KXNBAPTS-26APR06PORDEN-PORDAVDIJA8-20,2026-04-06,pts,19.5,19.9215,-0.42150000000000176,0.49725,0.46432204678760947,1.0,1.0
KXNBAPTS-26APR06PORDEN-PORDAVDIJA8-25,2026-04-06,pts,24.5,19.9215,4.578499999999998,0.26975,0.27316979352005677,1.0,1.0
KXNBAPTS-26APR06PORDEN-PORDAVDIJA8-30,2026-04-06,pts,29.5,19.9215,9.578499999999998,0.11675,0.14498368988219557,0.0,1.0
KXNBAPTS-26APR06PORDEN-PORDAVDIJA8-35,2026-04-06,pts,34.5,19.9215,14.578499999999998,0.0425,0.07084832048020862,0.0,1.0
KXNBAPTS-26APR06PORDEN-PORDCLINGAN23-10,2026-04-06,pts,9.5,11.04225,-1.5422499999999992,0.5745,0.559660403165317,1.0,1.0
KXNBAPTS-26APR06PORDEN-PORDCLINGAN23-15,2026-04-06,pts,14.5,11.04225,3.4577500000000008,0.2455,0.23800786208225844,1.0,1.0
KXNBAPTS-26APR06PORDEN-PORDCLINGAN23-20,2026-04-06,pts,19.5,11.04225,8.45775,0.07875,0.07754473113328775,0.0,1.0
KXNBAPTS-26APR06PORDEN-PORDCLINGAN23-25,2026-04-06,pts,24.5,11.04225,13.45775,0.019,0.02096420323187065,0.0,1.0
KXNBAPTS-26APR06PORDEN-PORJHOLIDAY5-15,2026-04-06,pts,14.5,15.80075,-1.3007500000000007,0.551,0.5162845868700463,1.0,1.0
KXNBAPTS-26APR06PORDEN-PORJHOLIDAY5-20,2026-04-06,pts,19.5,15.80075,3.6992499999999993,0.2795,0.2746918002379648,0.0,1.0
KXNBAPTS-26APR06PORDEN-PORJHOLIDAY5-25,2026-04-06,pts,24.5,15.80075,8.69925,0.11175,0.1252526746929501,0.0,1.0
KXNBAPTS-26APR06PORDEN-PORJHOLIDAY5-30,2026-04-06,pts,29.5,15.80075,13.69925,0.033,0.05075707270370411,0.0,1.0
KXNBAPTS-26APR06PORDEN-PORTCAMARA33-10,2026-04-06,pts,9.5,12.60525,-3.10525,0.658,0.6559882093947274,1.0,1.0
KXNBAPTS-26APR06PORDEN-PORTCAMARA33-15,2026-04-06,pts,14.5,12.60525,1.8947500000000002,0.3505,0.33343859865089365,1.0,1.0
KXNBAPTS-26APR06PORDEN-PORTCAMARA33-20,2026-04-06,pts,19.5,12.60525,6.89475,0.14025,0.13285359629950544,1.0,1.0
KXNBAPTS-26APR06PORDEN-PORTCAMARA33-25,2026-04-06,pts,24.5,12.60525,11.89475,0.04375,0.04439397172445825,1.0,1.0
KXNBAREB-26APR06PORDEN-DENAGORDON32-10,2026-04-06,reb,9.5,4.5665,4.9335,0.027,0.04317746703990821,0.0,1.0
KXNBAREB-26APR06PORDEN-DENAGORDON32-2,2026-04-06,reb,1.5,4.5665,-3.0664999999999996,0.9185,0.9046053743268828,1.0,1.0
KXNBAREB-26APR06PORDEN-DENAGORDON32-4,2026-04-06,reb,3.5,4.5665,-1.0664999999999996,0.64325,0.621376848069821,1.0,1.0
KXNBAREB-26APR06PORDEN-DENAGORDON32-6,2026-04-06,reb,5.5,4.5665,0.9335000000000004,0.31975,0.31893831930991057,1.0,1.0
KXNBAREB-26APR06PORDEN-DENAGORDON32-8,2026-04-06,reb,7.5,4.5665,2.9335000000000004,0.11325,0.1288585093629696,1.0,1.0
KXNBAREB-26APR06PORDEN-DENCJOHNSON23-10,2026-04-06,reb,9.5,3.07075,6.42925,0.00125,0.00546729984046368,0.0,1.0
KXNBAREB-26APR06PORDEN-DENCJOHNSON23-2,2026-04-06,reb,1.5,3.07075,-1.5707499999999999,0.78925,0.7706359882803115,1.0,1.0
KXNBAREB-26APR06PORDEN-DENCJOHNSON23-4,2026-04-06,reb,3.5,3.07075,0.42925000000000013,0.372,0.3653953854048406,1.0,1.0
KXNBAREB-26APR06PORDEN-DENCJOHNSON23-6,2026-04-06,reb,5.5,3.07075,2.42925,0.1025,0.11679308515777087,1.0,1.0
KXNBAREB-26APR06PORDEN-DENCJOHNSON23-8,2026-04-06,reb,7.5,3.07075,4.42925,0.01825,0.028062711979882637,0.0,1.0
KXNBAREB-26APR06PORDEN-DENNJOKIC15-10,2026-04-06,reb,9.5,10.33525,-0.8352500000000003,0.5735,0.5297758864735289,1.0,1.0
KXNBAREB-26APR06PORDEN-DENNJOKIC15-12,2026-04-06,reb,11.5,10.33525,1.1647499999999997,0.34475,0.3598459219327155,1.0,1.0
KXNBAREB-26APR06PORDEN-DENNJOKIC15-14,2026-04-06,reb,13.5,10.33525,3.1647499999999997,0.1755,0.22490221807247934,1.0,1.0
KXNBAREB-26APR06PORDEN-DENNJOKIC15-16,2026-04-06,reb,15.5,10.33525,5.16475,0.077,0.1306461974883848,0.0,1.0
KXNBAREB-26APR06PORDEN-DENNJOKIC15-18,2026-04-06,reb,17.5,10.33525,7.16475,0.02825,0.07119894548824279,0.0,1.0
KXNBAREB-26APR06PORDEN-PORDAVDIJA8-10,2026-04-06,reb,9.5,6.68025,2.81975,0.1645,0.18662037163026257,0.0,1.0
KXNBAREB-26APR06PORDEN-PORDAVDIJA8-12,2026-04-06,reb,11.5,6.68025,4.81975,0.06225,0.08491047213757363,0.0,1.0
KXNBAREB-26APR06PORDEN-PORDAVDIJA8-6,2026-04-06,reb,5.5,6.68025,-1.18025,0.63425,0.5991916737233012,0.0,1.0
KXNBAREB-26APR06PORDEN-PORDAVDIJA8-7,2026-04-06,reb,6.5,6.68025,-0.18025000000000002,0.487,0.4748767627842204,0.0,1.0
KXNBAREB-26APR06PORDEN-PORDAVDIJA8-8,2026-04-06,reb,7.5,6.68025,0.81975,0.3525,0.36102010069992774,0.0,1.0
KXNBAREB-26APR06PORDEN-PORDCLINGAN23-10,2026-04-06,reb,9.5,10.1875,-0.6875,0.54225,0.5170471016554352,1.0,1.0
KXNBAREB-26APR06PORDEN-PORDCLINGAN23-12,2026-04-06,reb,11.5,10.1875,1.3125,0.3375,0.34738326217362214,1.0,1.0
KXNBAREB-26APR06PORDEN-PORDCLINGAN23-14,2026-04-06,reb,13.5,10.1875,3.3125,0.176,0.21455440205462184,0.0,1.0
KXNBAREB-26APR06PORDEN-PORDCLINGAN23-16,2026-04-06,reb,15.5,10.1875,5.3125,0.08375,0.12308898367854126,0.0,1.0
KXNBAREB-26APR06PORDEN-PORDCLINGAN23-8,2026-04-06,reb,7.5,10.1875,-2.6875,0.76375,0.7005237540986489,1.0,1.0
KXNBAREB-26APR06PORDEN-PORJHOLIDAY5-2,2026-04-06,reb,1.5,4.37225,-2.87225,0.9155,0.8932769553424065,1.0,1.0
KXNBAREB-26APR06PORDEN-PORJHOLIDAY5-4,2026-04-06,reb,3.5,4.37225,-0.8722500000000002,0.62,0.5931666703960026,1.0,1.0
KXNBAREB-26APR06PORDEN-PORJHOLIDAY5-5,2026-04-06,reb,4.5,4.37225,0.1277499999999998,0.43875,0.42985054456044913,1.0,1.0
KXNBAREB-26APR06PORDEN-PORJHOLIDAY5-6,2026-04-06,reb,5.5,4.37225,1.1277499999999998,0.2755,0.29068588222045655,1.0,1.0
KXNBAREB-26APR06PORDEN-PORJHOLIDAY5-8,2026-04-06,reb,7.5,4.37225,3.12775,0.097,0.11146042098880415,0.0,1.0
KXNBAAST-26APR06PORDEN-DENAGORDON32-10,2026-04-06,ast,9.5,2.2135,7.2865,0.0,0.0006427774455800561,0.0,1.0
KXNBAAST-26APR06PORDEN-DENAGORDON32-2,2026-04-06,ast,1.5,2.2135,-0.7134999999999998,0.6325,0.6211159578613918,1.0,1.0
KXNBAAST-26APR06PORDEN-DENAGORDON32-4,2026-04-06,ast,3.5,2.2135,1.2865000000000002,0.18975,0.19651854649664924,1.0,1.0
KXNBAAST-26APR06PORDEN-DENAGORDON32-6,2026-04-06,ast,5.5,2.2135,3.2865,0.03225,0.03893222776886773,0.0,1.0
KXNBAAST-26APR06PORDEN-DENAGORDON32-8,2026-04-06,ast,7.5,2.2135,5.2865,0.00225,0.005607068827775508,0.0,1.0
KXNBAAST-26APR06PORDEN-DENJMURRAY27-10,2026-04-06,ast,9.5,5.266,4.234,0.051,0.07785034315137784,0.0,1.0
KXNBAAST-26APR06PORDEN-DENJMURRAY27-12,2026-04-06,ast,11.5,5.266,6.234,0.01325,0.026462875925609808,0.0,1.0
KXNBAAST-26APR06PORDEN-DENJMURRAY27-6,2026-04-06,ast,5.5,5.266,0.23399999999999999,0.431,0.41998862254076896,1.0,1.0
KXNBAAST-26APR06PORDEN-DENJMURRAY27-7,2026-04-06,ast,6.5,5.266,1.234,0.273,0.2957479883768588,1.0,1.0
KXNBAAST-26APR06PORDEN-DENJMURRAY27-8,2026-04-06,ast,7.5,5.266,2.234,0.1635,0.19800085454027205,0.0,1.0
KXNBAAST-26APR06PORDEN-DENNJOKIC15-10,2026-04-06,ast,9.5,8.20925,1.2907499999999992,0.3065,0.3308548895682334,1.0,1.0
KXNBAAST-26APR06PORDEN-DENNJOKIC15-11,2026-04-06,ast,10.5,8.20925,2.290749999999999,0.205,0.24971039589073607,1.0,1.0
KXNBAAST-26APR06PORDEN-DENNJOKIC15-12,2026-04-06,ast,11.5,8.20925,3.290749999999999,0.1295,0.1834336029149295,1.0,1.0
KXNBAAST-26APR06PORDEN-DENNJOKIC15-14,2026-04-06,ast,13.5,8.20925,5.290749999999999,0.0455,0.0920087620919976,0.0,1.0
KXNBAAST-26APR06PORDEN-DENNJOKIC15-16,2026-04-06,ast,15.5,8.20925,7.290749999999999,0.01125,0.04237856100418991,0.0,1.0
KXNBAAST-26APR06PORDEN-PORDAVDIJA8-10,2026-04-06,ast,9.5,5.23025,4.26975,0.05275,0.07571310290459676,0.0,1.0
KXNBAAST-26APR06PORDEN-PORDAVDIJA8-12,2026-04-06,ast,11.5,5.23025,6.26975,0.01125,0.025519299342746327,0.0,1.0
KXNBAAST-26APR06PORDEN-PORDAVDIJA8-6,2026-04-06,ast,5.5,5.23025,0.26975000000000016,0.4235,0.41491932876451876,1.0,1.0
KXNBAAST-26APR06PORDEN-PORDAVDIJA8-7,2026-04-06,ast,6.5,5.23025,1.2697500000000002,0.28775,0.29110559538086,1.0,1.0
KXNBAAST-26APR06PORDEN-PORDAVDIJA8-8,2026-04-06,ast,7.5,5.23025,2.26975,0.17475,0.19413923100112596,0.0,1.0
KXNBAAST-26APR06PORDEN-PORDCLINGAN23-10,2026-04-06,ast,9.5,1.83625,7.66375,0.0,0.00017172947129096006,0.0,1.0
KXNBAAST-26APR06PORDEN-PORDCLINGAN23-2,2026-04-06,ast,1.5,1.83625,-0.33624999999999994,0.54175,0.5285823322517937,0.0,1.0
KXNBAAST-26APR06PORDEN-PORDCLINGAN23-4,2026-04-06,ast,3.5,1.83625,1.66375,0.1205,0.1288418200949295,0.0,1.0
KXNBAAST-26APR06PORDEN-PORDCLINGAN23-6,2026-04-06,ast,5.5,1.83625,3.6637500000000003,0.016,0.019094592841188418,0.0,1.0
KXNBAAST-26APR06PORDEN-PORDCLINGAN23-8,2026-04-06,ast,7.5,1.83625,5.66375,0.001,0.00203481418591267,0.0,1.0
KXNBAAST-26APR06PORDEN-PORJHOLIDAY5-10,2026-04-06,ast,9.5,4.91325,4.58675,0.03825,0.058181397808707125,1.0,1.0
KXNBAAST-26APR06PORDEN-PORJHOLIDAY5-12,2026-04-06,ast,11.5,4.91325,6.58675,0.00925,0.01812099282926105,0.0,1.0
KXNBAAST-26APR06PORDEN-PORJHOLIDAY5-6,2026-04-06,ast,5.5,4.91325,0.5867500000000003,0.36325,0.3693237694698537,1.0,1.0
KXNBAAST-26APR06PORDEN-PORJHOLIDAY5-7,2026-04-06,ast,6.5,4.91325,1.5867500000000003,0.2335,0.2503094457191777,1.0,1.0
KXNBAAST-26APR06PORDEN-PORJHOLIDAY5-8,2026-04-06,ast,7.5,4.91325,2.5867500000000003,0.1435,0.16097927732991324,1.0,1.0
KXNBA3PT-26APR06PORDEN-DENAGORDON32-1,2026-04-06,fg3m,0.5,1.28975,-0.78975,0.708,0.6962941097756172,1.0,1.0
KXNBA3PT-26APR06PORDEN-DENAGORDON32-2,2026-04-06,fg3m,1.5,1.28975,0.21025000000000005,0.3765,0.3612051474402558,1.0,1.0
KXNBA3PT-26APR06PORDEN-DENAGORDON32-3,2026-04-06,fg3m,2.5,1.28975,1.21025,0.1475,0.1521313345383859,1.0,1.0
KXNBA3PT-26APR06PORDEN-DENAGORDON32-4,2026-04-06,fg3m,3.5,1.28975,2.2102500000000003,0.04525,0.05509270655319776,1.0,1.0
KXNBA3PT-26APR06PORDEN-DENAGORDON32-5,2026-04-06,fg3m,4.5,1.28975,3.2102500000000003,0.01075,0.017806973985059038,0.0,1.0
KXNBA3PT-26APR06PORDEN-DENJMURRAY27-2,2026-04-06,fg3m,1.5,2.6015,-1.1015000000000001,0.72625,0.6865626215926591,1.0,1.0
KXNBA3PT-26APR06PORDEN-DENJMURRAY27-3,2026-04-06,fg3m,2.5,2.6015,-0.10150000000000015,0.47725,0.4596185177899731,1.0,1.0
KXNBA3PT-26APR06PORDEN-DENJMURRAY27-4,2026-04-06,fg3m,3.5,2.6015,0.8984999999999999,0.275,0.2743856857666518,0.0,1.0
KXNBA3PT-26APR06PORDEN-DENJMURRAY27-5,2026-04-06,fg3m,4.5,2.6015,1.8984999999999999,0.1225,0.14922438891351653,0.0,1.0
KXNBA3PT-26APR06PORDEN-DENJMURRAY27-6,2026-04-06,fg3m,5.5,2.6015,2.8985,0.05275,0.0752049174463002,0.0,1.0
KXNBA3PT-26APR06PORDEN-DENNJOKIC15-1,2026-04-06,fg3m,0.5,1.401,-0.901,0.75975,0.723702592059001,1.0,1.0
KXNBA3PT-26APR06PORDEN-DENNJOKIC15-2,2026-04-06,fg3m,1.5,1.401,0.09899999999999998,0.40375,0.39663666093819416,0.0,1.0
KXNBA3PT-26APR06PORDEN-DENNJOKIC15-3,2026-04-06,fg3m,2.5,1.401,1.099,0.1655,0.17769600500912108,0.0,1.0
KXNBA3PT-26APR06PORDEN-DENNJOKIC15-4,2026-04-06,fg3m,3.5,1.401,2.099,0.0545,0.0686717789141369,0.0,1.0
KXNBA3PT-26APR06PORDEN-DENNJOKIC15-5,2026-04-06,fg3m,4.5,1.401,3.099,0.01275,0.023727684404278415,0.0,1.0
KXNBA3PT-26APR06PORDEN-PORDAVDIJA8-1,2026-04-06,fg3m,0.5,1.5325,-1.0325,0.779,0.7525594161734758,1.0,1.0
KXNBA3PT-26APR06PORDEN-PORDAVDIJA8-2,2026-04-06,fg3m,1.5,1.5325,-0.03249999999999997,0.446,0.43675652115583197,0.0,1.0
KXNBA3PT-26APR06PORDEN-PORDAVDIJA8-3,2026-04-06,fg3m,2.5,1.5325,0.9675,0.19925,0.20883050932120129,0.0,1.0
KXNBA3PT-26APR06PORDEN-PORDAVDIJA8-4,2026-04-06,fg3m,3.5,1.5325,1.9675,0.078,0.0864598875044581,0.0,1.0
KXNBA3PT-26APR06PORDEN-PORDAVDIJA8-5,2026-04-06,fg3m,4.5,1.5325,2.9675000000000002,0.0215,0.03207058777860117,0.0,1.0
KXNBAPTS-26APR06CLEMEM-CLEDSCHRODER8-10,2026-04-06,pts,9.5,7.097,2.4029999999999996,0.271,0.23942257202806905,1.0,1.0
KXNBAPTS-26APR06CLEMEM-CLEDSCHRODER8-15,2026-04-06,pts,14.5,7.097,7.403,0.07625,0.04635896207948875,1.0,1.0
KXNBAPTS-26APR06CLEMEM-CLEDSCHRODER8-20,2026-04-06,pts,19.5,7.097,12.402999999999999,0.0135,0.006478808312357476,1.0,1.0
KXNBAPTS-26APR06CLEMEM-CLEDSCHRODER8-25,2026-04-06,pts,24.5,7.097,17.403,0.00125,0.0007318586180170561,0.0,1.0
KXNBAPTS-26APR06CLEMEM-CLEEMOBLEY4-15,2026-04-06,pts,14.5,14.875959079283888,-0.37595907928388783,0.5042625745950554,0.46669519137283266,1.0,0.5865
KXNBAPTS-26APR06CLEMEM-CLEEMOBLEY4-20,2026-04-06,pts,19.5,14.875959079283888,4.624040920716112,0.21014492753623187,0.23137899687121255,1.0,0.5865
KXNBAPTS-26APR06CLEMEM-CLEEMOBLEY4-25,2026-04-06,pts,24.5,14.875959079283888,9.624040920716112,0.07203751065643649,0.09770268580197472,0.0,0.5865
KXNBAPTS-26APR06CLEMEM-CLEEMOBLEY4-30,2026-04-06,pts,29.5,14.875959079283888,14.624040920716112,0.017476555839727195,0.03654180333346335,0.0,0.5865
KXNBAPTS-26APR06CLEMEM-CLEEMOBLEY4-35,2026-04-06,pts,34.5,14.875959079283888,19.624040920716112,0.0012787723785166241,0.012446225088190266,0.0,0.5865
KXNBAPTS-26APR06CLEMEM-CLEJALLEN31-10,2026-04-06,pts,9.5,12.637765735723217,-3.1377657357232174,0.6669445602334306,0.657775384351629,1.0,0.59975
KXNBAPTS-26APR06CLEMEM-CLEJALLEN31-15,2026-04-06,pts,14.5,12.637765735723217,1.8622342642767826,0.342642767819925,0.3354229782376086,0.0,0.59975
KXNBAPTS-26APR06CLEMEM-CLEJALLEN31-20,2026-04-06,pts,19.5,12.637765735723217,6.862234264276783,0.13005418924551895,0.13413703718179282,0.0,0.59975
KXNBAPTS-26APR06CLEMEM-CLEJALLEN31-25,2026-04-06,pts,24.5,12.637765735723217,11.862234264276783,0.03834931221342226,0.0449981039989269,0.0,0.59975
KXNBAPTS-26APR06CLEMEM-CLEJALLEN31-30,2026-04-06,pts,29.5,12.637765735723217,16.862234264276783,0.006669445602334306,0.013262177251530116,0.0,0.59975
KXNBAPTS-26APR06CLEMEM-MEMCCOWARD23-10,2026-04-06,pts,9.5,11.49036850921273,-1.9903685092127308,0.6038525963149078,0.5893960103816231,1.0,0.597
KXNBAPTS-26APR06CLEMEM-MEMCCOWARD23-15,2026-04-06,pts,14.5,11.49036850921273,3.009631490787269,0.2797319932998325,0.2651793201784449,0.0,0.597
KXNBAPTS-26APR06CLEMEM-MEMCCOWARD23-20,2026-04-06,pts,19.5,11.49036850921273,8.00963149078727,0.08040201005025126,0.09201320243547384,0.0,0.597
KXNBAPTS-26APR06CLEMEM-MEMCCOWARD23-25,2026-04-06,pts,24.5,11.49036850921273,13.00963149078727,0.01968174204355109,0.026573615848968668,0.0,0.597
KXNBAREB-26APR06CLEMEM-CLEEMOBLEY4-10,2026-04-06,reb,9.5,7.692242114236999,1.8077578857630012,0.26001705029838024,0.28102268438204137,0.0,0.5865
KXNBAREB-26APR06CLEMEM-CLEEMOBLEY4-12,2026-04-06,reb,11.5,7.692242114236999,3.8077578857630012,0.11807331628303495,0.14775810959090774,0.0,0.5865
KXNBAREB-26APR06CLEMEM-CLEEMOBLEY4-14,2026-04-06,reb,13.5,7.692242114236999,5.807757885763001,0.04219948849104859,0.07032311981409045,0.0,0.5865
KXNBAREB-26APR06CLEMEM-CLEEMOBLEY4-6,2026-04-06,reb,5.5,7.692242114236999,-2.1922421142369988,0.7459505541346974,0.7001236572133069,1.0,0.5865
KXNBAREB-26APR06CLEMEM-CLEEMOBLEY4-8,2026-04-06,reb,7.5,7.692242114236999,-0.19224211423699877,0.48678601875532823,0.4750185836731394,0.0,0.5865
KXNBAREB-26APR06CLEMEM-CLEJALLEN31-10,2026-04-06,reb,9.5,7.141725719049604,2.358274280950396,0.21884118382659443,0.22856991356008238,0.0,0.59975
KXNBAREB-26APR06CLEMEM-CLEJALLEN31-12,2026-04-06,reb,11.5,7.141725719049604,4.358274280950396,0.09128803668195082,0.11155805618149572,0.0,0.59975
KXNBAREB-26APR06CLEMEM-CLEJALLEN31-14,2026-04-06,reb,13.5,7.141725719049604,6.358274280950396,0.03126302626094206,0.04912371709472019,0.0,0.59975
KXNBAREB-26APR06CLEMEM-CLEJALLEN31-6,2026-04-06,reb,5.5,7.141725719049604,-1.641725719049604,0.6723634847853273,0.6481976976600883,1.0,0.59975
KXNBAREB-26APR06CLEMEM-CLEJALLEN31-8,2026-04-06,reb,7.5,7.141725719049604,0.35827428095039604,0.42350979574822845,0.41401840712218174,1.0,0.59975
KXNBAAST-26APR06CLEMEM-CLEDSCHRODER8-10,2026-04-06,ast,9.5,2.973,6.527,0.00325,0.004286057001383736,1.0,1.0
KXNBAAST-26APR06CLEMEM-CLEDSCHRODER8-12,2026-04-06,ast,11.5,2.973,8.527000000000001,0.00025,0.0006587484794566834,0.0,1.0
KXNBAAST-26APR06CLEMEM-CLEDSCHRODER8-4,2026-04-06,ast,3.5,2.973,0.5270000000000001,0.34825,0.3462918385402243,1.0,1.0
KXNBAAST-26APR06CLEMEM-CLEDSCHRODER8-6,2026-04-06,ast,5.5,2.973,2.527,0.094,0.10490716809022005,1.0,1.0
KXNBAAST-26APR06CLEMEM-CLEDSCHRODER8-8,2026-04-06,ast,7.5,2.973,4.527,0.01675,0.023640360432063523,1.0,1.0
KXNBAPTS-26APR06DETORL-DETATHOMPSON9-10,2026-04-06,pts,9.5,9.1015,0.3985000000000003,0.428,0.4120885551234009,0.0,1.0
KXNBAPTS-26APR06DETORL-DETATHOMPSON9-15,2026-04-06,pts,14.5,9.1015,5.3985,0.136,0.12883586091832755,0.0,1.0
KXNBAPTS-26APR06DETORL-DETATHOMPSON9-20,2026-04-06,pts,19.5,9.1015,10.3985,0.0295,0.029969800508131916,0.0,1.0
KXNBAPTS-26APR06DETORL-DETATHOMPSON9-25,2026-04-06,pts,24.5,9.1015,15.3985,0.004,0.005709662717405806,0.0,1.0
KXNBAPTS-26APR06DETORL-ORLDBANE3-15,2026-04-06,pts,14.5,16.101,-1.600999999999999,0.567,0.5316608000377382,1.0,1.0
KXNBAPTS-26APR06DETORL-ORLDBANE3-20,2026-04-06,pts,19.5,16.101,3.399000000000001,0.29225,0.2888971761862129,1.0,1.0
KXNBAPTS-26APR06DETORL-ORLDBANE3-25,2026-04-06,pts,24.5,16.101,8.399000000000001,0.108,0.1348044841633519,1.0,1.0
KXNBAPTS-26APR06DETORL-ORLDBANE3-30,2026-04-06,pts,29.5,16.101,13.399000000000001,0.0315,0.05596421468107193,0.0,1.0
KXNBAPTS-26APR06DETORL-ORLJSUGGS4-10,2026-04-06,pts,9.5,11.99775,-2.49775,0.63925,0.6209970594036643,1.0,1.0
KXNBAPTS-26APR06DETORL-ORLJSUGGS4-15,2026-04-06,pts,14.5,11.99775,2.50225,0.30775,0.29623332320167617,0.0,1.0
KXNBAPTS-26APR06DETORL-ORLJSUGGS4-20,2026-04-06,pts,19.5,11.99775,7.50225,0.101,0.10979716657886407,0.0,1.0
KXNBAPTS-26APR06DETORL-ORLJSUGGS4-25,2026-04-06,pts,24.5,11.99775,12.50225,0.02775,0.03398920890475943,0.0,1.0
KXNBAPTS-26APR06DETORL-ORLPBANCHERO5-15,2026-04-06,pts,14.5,17.62,-3.120000000000001,0.65,0.6036936585353183,1.0,1.0
KXNBAPTS-26APR06DETORL-ORLPBANCHERO5-20,2026-04-06,pts,19.5,17.62,1.879999999999999,0.371,0.36060639847125864,1.0,1.0
KXNBAPTS-26APR06DETORL-ORLPBANCHERO5-25,2026-04-06,pts,24.5,17.62,6.879999999999999,0.164,0.1868228243105553,1.0,1.0
KXNBAPTS-26APR06DETORL-ORLPBANCHERO5-30,2026-04-06,pts,29.5,17.62,11.879999999999999,0.05425,0.08659266661594367,1.0,1.0
KXNBAPTS-26APR06DETORL-ORLWCARTER34-10,2026-04-06,pts,9.5,9.99875,-0.49874999999999936,0.49675,0.4838907458850684,1.0,1.0
KXNBAPTS-26APR06DETORL-ORLWCARTER34-15,2026-04-06,pts,14.5,9.99875,4.501250000000001,0.18725,0.1769513344535989,0.0,1.0
KXNBAPTS-26APR06DETORL-ORLWCARTER34-20,2026-04-06,pts,19.5,9.99875,9.50125,0.045,0.048804678986273275,0.0,1.0
KXNBAREB-26APR06DETORL-DETATHOMPSON9-10,2026-04-06,reb,9.5,5.5615,3.9385000000000003,0.0775,0.09843157135540948,0.0,1.0
KXNBAREB-26APR06DETORL-DETATHOMPSON9-2,2026-04-06,reb,1.5,5.5615,-4.0615,0.959,0.9456997009102956,1.0,1.0
KXNBAREB-26APR06DETORL-DETATHOMPSON9-4,2026-04-06,reb,3.5,5.5615,-2.0614999999999997,0.77375,0.7412096805770934,0.0,1.0
KXNBAREB-26APR06DETORL-DETATHOMPSON9-6,2026-04-06,reb,5.5,5.5615,-0.061499999999999666,0.471,0.4602437226572068,0.0,1.0
KXNBAREB-26APR06DETORL-DETATHOMPSON9-8,2026-04-06,reb,7.5,5.5615,1.9385000000000003,0.219,0.23187546645688895,0.0,1.0
KXNBAREB-26APR06DETORL-ORLJSUGGS4-2,2026-04-06,reb,1.5,3.837,-2.337,0.882,0.8541502462108054,1.0,1.0
KXNBAREB-26APR06DETORL-ORLJSUGGS4-4,2026-04-06,reb,3.5,3.837,-0.3370000000000002,0.521,0.5071172736472027,1.0,1.0
KXNBAREB-26APR06DETORL-ORLJSUGGS4-5,2026-04-06,reb,4.5,3.837,0.6629999999999998,0.34625,0.3423163503058342,1.0,1.0
KXNBAREB-26APR06DETORL-ORLJSUGGS4-6,2026-04-06,reb,5.5,3.837,1.6629999999999998,0.1985,0.21437997833869404,1.0,1.0
KXNBAREB-26APR06DETORL-ORLJSUGGS4-8,2026-04-06,reb,7.5,3.837,3.663,0.0515,0.06974627148184664,0.0,1.0
KXNBAREB-26APR06DETORL-ORLPBANCHERO5-10,2026-04-06,reb,9.5,6.89925,2.6007499999999997,0.16975,0.20623287812902957,0.0,1.0
KXNBAREB-26APR06DETORL-ORLPBANCHERO5-12,2026-04-06,reb,11.5,6.89925,4.60075,0.06125,0.0971048993024588,0.0,1.0
KXNBAREB-26APR06DETORL-ORLPBANCHERO5-4,2026-04-06,reb,3.5,6.89925,-3.3992500000000003,0.892,0.8473677431210094,1.0,1.0
KXNBAREB-26APR06DETORL-ORLPBANCHERO5-6,2026-04-06,reb,5.5,6.89925,-1.3992500000000003,0.66625,0.6230771953315137,0.0,1.0
KXNBAREB-26APR06DETORL-ORLPBANCHERO5-8,2026-04-06,reb,7.5,6.89925,0.6007499999999997,0.3915,0.386324449506774,0.0,1.0
KXNBAREB-26APR06DETORL-ORLWCARTER34-10,2026-04-06,reb,9.5,6.55475,2.9452499999999997,0.14775,0.17566194210862263,0.0,1.0
KXNBAREB-26APR06DETORL-ORLWCARTER34-12,2026-04-06,reb,11.5,6.55475,4.94525,0.0475,0.07830530746200437,0.0,1.0
KXNBAREB-26APR06DETORL-ORLWCARTER34-6,2026-04-06,reb,5.5,6.55475,-1.0547500000000003,0.6135,0.5849935656143986,0.0,1.0
KXNBAREB-26APR06DETORL-ORLWCARTER34-7,2026-04-06,reb,6.5,6.55475,-0.0547500000000003,0.48675,0.4597927527059804,0.0,1.0
KXNBAREB-26APR06DETORL-ORLWCARTER34-8,2026-04-06,reb,7.5,6.55475,0.9452499999999997,0.34675,0.3464363839181064,0.0,1.0
KXNBAAST-26APR06DETORL-DETATHOMPSON9-2,2026-04-06,ast,1.5,2.9845,-1.4845000000000002,0.77575,0.7604704570504669,1.0,1.0
KXNBAAST-26APR06DETORL-DETATHOMPSON9-3,2026-04-06,ast,2.5,2.9845,-0.48450000000000015,0.568,0.5463332094030166,1.0,1.0
KXNBAAST-26APR06DETORL-DETATHOMPSON9-4,2026-04-06,ast,3.5,2.9845,0.5154999999999998,0.35025,0.3485695735026839,1.0,1.0
KXNBAAST-26APR06DETORL-DETATHOMPSON9-6,2026-04-06,ast,5.5,2.9845,2.5155,0.09325,0.10615264324617824,1.0,1.0
KXNBAAST-26APR06DETORL-DETATHOMPSON9-8,2026-04-06,ast,7.5,2.9845,4.515499999999999,0.015,0.024055383052865476,0.0,1.0
KXNBAAST-26APR06DETORL-ORLJSUGGS4-10,2026-04-06,ast,9.5,4.4295,5.0705,0.019,0.03645017789042393,1.0,1.0
KXNBAAST-26APR06DETORL-ORLJSUGGS4-2,2026-04-06,ast,1.5,4.4295,-2.9295,0.92125,0.8986639541424362,1.0,1.0
KXNBAAST-26APR06DETORL-ORLJSUGGS4-4,2026-04-06,ast,3.5,4.4295,-0.9295,0.62925,0.6035308936224902,1.0,1.0
KXNBAAST-26APR06DETORL-ORLJSUGGS4-6,2026-04-06,ast,5.5,4.4295,1.0705,0.29275,0.29854244398312013,1.0,1.0
KXNBAAST-26APR06DETORL-ORLJSUGGS4-8,2026-04-06,ast,7.5,4.4295,3.0705,0.09025,0.11500698919417651,1.0,1.0
KXNBAAST-26APR06DETORL-ORLPBANCHERO5-2,2026-04-06,ast,1.5,3.9345,-2.4345,0.889,0.8642495070022435,1.0,1.0
KXNBAAST-26APR06DETORL-ORLPBANCHERO5-4,2026-04-06,ast,3.5,3.9345,-0.4344999999999999,0.549,0.5249827212675344,0.0,1.0
KXNBAAST-26APR06DETORL-ORLPBANCHERO5-5,2026-04-06,ast,4.5,3.9345,0.5655000000000001,0.37025,0.35860713335535577,0.0,1.0
KXNBAAST-26APR06DETORL-ORLPBANCHERO5-6,2026-04-06,ast,5.5,3.9345,1.5655000000000001,0.21475,0.22710231910480805,0.0,1.0
KXNBAAST-26APR06DETORL-ORLPBANCHERO5-8,2026-04-06,ast,7.5,3.9345,3.5655,0.052,0.07531498367416456,0.0,1.0
KXNBA3PT-26APR06DETORL-ORLDBANE3-1,2026-04-06,fg3m,0.5,1.6965,-1.1965,0.81075,0.7838878453340093,1.0,1.0
KXNBA3PT-26APR06DETORL-ORLDBANE3-2,2026-04-06,fg3m,1.5,1.6965,-0.1964999999999999,0.50025,0.48391908270333983,1.0,1.0
KXNBA3PT-26APR06DETORL-ORLDBANE3-3,2026-04-06,fg3m,2.5,1.6965,0.8035000000000001,0.2435,0.24846540453780785,1.0,1.0
KXNBA3PT-26APR06DETORL-ORLDBANE3-4,2026-04-06,fg3m,3.5,1.6965,1.8035,0.09825,0.11098512145685235,1.0,1.0
KXNBA3PT-26APR06DETORL-ORLDBANE3-5,2026-04-06,fg3m,4.5,1.6965,2.8035,0.031,0.044530011471663244,0.0,1.0
KXNBA3PT-26APR06DETORL-ORLJSUGGS4-1,2026-04-06,fg3m,0.5,1.733,-1.233,0.8165,0.7902340041964724,1.0,1.0
KXNBA3PT-26APR06DETORL-ORLJSUGGS4-2,2026-04-06,fg3m,1.5,1.733,-0.2330000000000001,0.5145,0.4939685953756814,1.0,1.0
KXNBA3PT-26APR06DETORL-ORLJSUGGS4-3,2026-04-06,fg3m,2.5,1.733,0.7669999999999999,0.253,0.2573442552479279,0.0,1.0
KXNBA3PT-26APR06DETORL-ORLJSUGGS4-4,2026-04-06,fg3m,3.5,1.733,1.767,0.1015,0.11675783413519059,0.0,1.0
KXNBA3PT-26APR06DETORL-ORLJSUGGS4-5,2026-04-06,fg3m,4.5,1.733,2.767,0.03375,0.047609716897533905,0.0,1.0
KXNBA3PT-26APR06DETORL-ORLPBANCHERO5-1,2026-04-06,fg3m,0.5,1.02425,-0.5242500000000001,0.63825,0.6175366989356327,1.0,1.0
KXNBA3PT-26APR06DETORL-ORLPBANCHERO5-2,2026-04-06,fg3m,1.5,1.02425,0.4757499999999999,0.27675,0.2721425298917174,0.0,1.0
KXNBA3PT-26APR06DETORL-ORLPBANCHERO5-3,2026-04-06,fg3m,2.5,1.02425,1.47575,0.08425,0.09575298359106688,0.0,1.0
KXNBA3PT-26APR06DETORL-ORLPBANCHERO5-4,2026-04-06,fg3m,3.5,1.02425,2.4757499999999997,0.02025,0.028743514707833984,0.0,1.0
KXNBA3PT-26APR06DETORL-ORLPBANCHERO5-5,2026-04-06,fg3m,4.5,1.02425,3.4757499999999997,0.00375,0.007669245030381688,0.0,1.0
KXNBAPTS-26APR06PHISAS-PHIJEMBIID21-25,2026-04-06,pts,24.5,19.652858326429165,4.847141673570835,0.24233637116818557,0.26283930280274515,1.0,0.6035
KXNBAPTS-26APR06PHISAS-PHIJEMBIID21-30,2026-04-06,pts,29.5,19.652858326429165,9.847141673570835,0.09486329743164872,0.13753762191858598,1.0,0.6035
KXNBAPTS-26APR06PHISAS-PHIJEMBIID21-35,2026-04-06,pts,34.5,19.652858326429165,14.847141673570835,0.03396851698425849,0.06622489929321729,0.0,0.6035
KXNBAPTS-26APR06PHISAS-PHIJEMBIID21-40,2026-04-06,pts,39.5,19.652858326429165,19.847141673570835,0.007456503728251864,0.02981311988208024,0.0,0.6035
KXNBAPTS-26APR06PHISAS-PHIKOUBRE9-10,2026-04-06,pts,9.5,9.49225,0.007749999999999702,0.455,0.44403427619863023,0.0,1.0
KXNBAPTS-26APR06PHISAS-PHIKOUBRE9-15,2026-04-06,pts,14.5,9.49225,5.00775,0.17375,0.14914580149855328,0.0,1.0
KXNBAPTS-26APR06PHISAS-PHIKOUBRE9-20,2026-04-06,pts,19.5,9.49225,10.00775,0.051,0.037495617991722074,0.0,1.0
KXNBAPTS-26APR06PHISAS-PHIPGEORGE8-15,2026-04-06,pts,14.5,13.5975,0.9024999999999999,0.4165,0.39325544201529006,1.0,1.0
KXNBAPTS-26APR06PHISAS-PHIPGEORGE8-20,2026-04-06,pts,19.5,13.5975,5.9025,0.173,0.17395199554669694,0.0,1.0
KXNBAPTS-26APR06PHISAS-PHIPGEORGE8-25,2026-04-06,pts,24.5,13.5975,10.9025,0.05475,0.0649702537350545,0.0,1.0
KXNBAPTS-26APR06PHISAS-PHIPGEORGE8-30,2026-04-06,pts,29.5,13.5975,15.9025,0.01225,0.021393421898961096,0.0,1.0
KXNBAPTS-26APR06PHISAS-PHITMAXEY0-15,2026-04-06,pts,14.5,19.136,-4.635999999999999,0.71775,0.6659348176063651,1.0,1.0
KXNBAPTS-26APR06PHISAS-PHITMAXEY0-20,2026-04-06,pts,19.5,19.136,0.36400000000000077,0.4495,0.42994164892933795,0.0,1.0
KXNBAPTS-26APR06PHISAS-PHITMAXEY0-25,2026-04-06,pts,24.5,19.136,5.364000000000001,0.223,0.24308651258856107,0.0,1.0
KXNBAPTS-26APR06PHISAS-PHITMAXEY0-30,2026-04-06,pts,29.5,19.136,10.364,0.0925,0.12363946386596036,0.0,1.0
KXNBAPTS-26APR06PHISAS-PHITMAXEY0-35,2026-04-06,pts,34.5,19.136,15.364,0.0345,0.057800387477003,0.0,1.0
KXNBAPTS-26APR06PHISAS-PHIVEDGECOMBE77-10,2026-04-06,pts,9.5,12.223,-2.7230000000000008,0.6605,0.6343287391843566,1.0,1.0
KXNBAPTS-26APR06PHISAS-PHIVEDGECOMBE77-15,2026-04-06,pts,14.5,12.223,2.2769999999999992,0.32075,0.31004635107736356,0.0,1.0
KXNBAPTS-26APR06PHISAS-PHIVEDGECOMBE77-20,2026-04-06,pts,19.5,12.223,7.276999999999999,0.112,0.11813439425715788,0.0,1.0
KXNBAPTS-26APR06PHISAS-PHIVEDGECOMBE77-25,2026-04-06,pts,24.5,12.223,12.277,0.02725,0.03765185368818136,0.0,1.0
KXNBAPTS-26APR06PHISAS-SASDFOX4-10,2026-04-06,pts,9.5,14.501,-5.0009999999999994,0.762,0.7466365730897314,1.0,1.0
KXNBAPTS-26APR06PHISAS-SASDFOX4-15,2026-04-06,pts,14.5,14.501,-0.0009999999999994458,0.4745,0.4456919581177695,0.0,1.0
KXNBAPTS-26APR06PHISAS-SASDFOX4-20,2026-04-06,pts,19.5,14.501,4.9990000000000006,0.20775,0.21415256774278668,0.0,1.0
KXNBAPTS-26APR06PHISAS-SASDFOX4-25,2026-04-06,pts,24.5,14.501,9.999,0.07475,0.087418714912052,0.0,1.0
KXNBAPTS-26APR06PHISAS-SASDHARPER2-10,2026-04-06,pts,9.5,11.2165,-1.7165,0.5825,0.5714267057635263,1.0,1.0
KXNBAPTS-26APR06PHISAS-SASDHARPER2-15,2026-04-06,pts,14.5,11.2165,3.2835,0.254,0.24853042543798798,1.0,1.0
KXNBAPTS-26APR06PHISAS-SASDHARPER2-20,2026-04-06,pts,19.5,11.2165,8.2835,0.084,0.08302654551110933,0.0,1.0
KXNBAPTS-26APR06PHISAS-SASDVASSELL24-10,2026-04-06,pts,9.5,12.23125,-2.7312499999999993,0.63875,0.634808966946556,0.0,1.0
KXNBAPTS-26APR06PHISAS-SASDVASSELL24-15,2026-04-06,pts,14.5,12.23125,2.2687500000000007,0.32125,0.3105520916033526,0.0,1.0
KXNBAPTS-26APR06PHISAS-SASDVASSELL24-20,2026-04-06,pts,19.5,12.23125,7.268750000000001,0.1155,0.11844463660598659,0.0,1.0
KXNBAPTS-26APR06PHISAS-SASDVASSELL24-25,2026-04-06,pts,24.5,12.23125,12.26875,0.03275,0.03779036296046112,0.0,1.0
KXNBAPTS-26APR06PHISAS-SASSCASTLE5-15,2026-04-06,pts,14.5,15.5805,-1.0805000000000007,0.52775,0.5047744240659197,1.0,1.0
KXNBAPTS-26APR06PHISAS-SASSCASTLE5-20,2026-04-06,pts,19.5,15.5805,3.9194999999999993,0.2705,0.264301548200215,0.0,1.0
KXNBAPTS-26APR06PHISAS-SASSCASTLE5-25,2026-04-06,pts,24.5,15.5805,8.9195,0.0975,0.11842631083256216,0.0,1.0
KXNBAPTS-26APR06PHISAS-SASSCASTLE5-30,2026-04-06,pts,29.5,15.5805,13.9195,0.027,0.04712108176397123,0.0,1.0
KXNBAPTS-26APR06PHISAS-SASVWEMBANYAMA1-25,2026-04-06,pts,24.5,22.199,2.3009999999999984,0.37,0.36090864646306664,0.0,1.0
KXNBAPTS-26APR06PHISAS-SASVWEMBANYAMA1-30,2026-04-06,pts,29.5,22.199,7.300999999999998,0.17475,0.21296470604927187,0.0,1.0
KXNBAPTS-26APR06PHISAS-SASVWEMBANYAMA1-35,2026-04-06,pts,34.5,22.199,12.300999999999998,0.0625,0.11627930791528329,0.0,1.0
KXNBAPTS-26APR06PHISAS-SASVWEMBANYAMA1-40,2026-04-06,pts,39.5,22.199,17.301,0.0195,0.059571685980229105,0.0,1.0
KXNBAREB-26APR06PHISAS-PHIJEMBIID21-10,2026-04-06,reb,9.5,6.756420878210439,2.743579121789561,0.15865782932891467,0.19337469482315894,1.0,0.6035
KXNBAREB-26APR06PHISAS-PHIJEMBIID21-12,2026-04-06,reb,11.5,6.756420878210439,4.743579121789561,0.05136702568351284,0.08905668189419358,1.0,0.6035
KXNBAREB-26APR06PHISAS-PHIJEMBIID21-4,2026-04-06,reb,3.5,6.756420878210439,-3.256420878210439,0.8889809444904723,0.8384639786199224,1.0,0.6035
KXNBAREB-26APR06PHISAS-PHIJEMBIID21-6,2026-04-06,reb,5.5,6.756420878210439,-1.256420878210439,0.6582435791217895,0.6076281020010357,1.0,0.6035
KXNBAREB-26APR06PHISAS-PHIJEMBIID21-8,2026-04-06,reb,7.5,6.756420878210439,0.7435791217895611,0.3724109362054681,0.3698459243956874,1.0,0.6035
KXNBAREB-26APR06PHISAS-PHIKOUBRE9-2,2026-04-06,reb,1.5,3.898,-2.398,0.86725,0.8592797546166665,1.0,1.0
KXNBAREB-26APR06PHISAS-PHIKOUBRE9-4,2026-04-06,reb,3.5,3.898,-0.39800000000000013,0.5275,0.5175232544642164,1.0,1.0
KXNBAREB-26APR06PHISAS-PHIKOUBRE9-5,2026-04-06,reb,4.5,3.898,0.6019999999999999,0.35275,0.3524721915055843,1.0,1.0
KXNBAREB-26APR06PHISAS-PHIKOUBRE9-6,2026-04-06,reb,5.5,3.898,1.6019999999999999,0.21425,0.22286768841723625,1.0,1.0
KXNBAREB-26APR06PHISAS-PHIKOUBRE9-8,2026-04-06,reb,7.5,3.898,3.602,0.0655,0.07400206216603533,1.0,1.0
KXNBAREB-26APR06PHISAS-PHIPGEORGE8-10,2026-04-06,reb,9.5,4.7655,4.7345,0.0305,0.05221909708490291,0.0,1.0
KXNBAREB-26APR06PHISAS-PHIPGEORGE8-2,2026-04-06,reb,1.5,4.7655,-3.2655000000000003,0.93925,0.9149050065698064,1.0,1.0
KXNBAREB-26APR06PHISAS-PHIPGEORGE8-4,2026-04-06,reb,3.5,4.7655,-1.2655000000000003,0.6775,0.6485971887471764,1.0,1.0
KXNBAREB-26APR06PHISAS-PHIPGEORGE8-6,2026-04-06,reb,5.5,4.7655,0.7344999999999997,0.34675,0.3478698038350788,0.0,1.0
KXNBAREB-26APR06PHISAS-PHIPGEORGE8-8,2026-04-06,reb,7.5,4.7655,2.7344999999999997,0.122,0.1477660549306179,0.0,1.0
KXNBAREB-26APR06PHISAS-PHIVEDGECOMBE77-2,2026-04-06,reb,1.5,4.738,-3.2380000000000004,0.9375,0.9135545860450549,1.0,1.0
KXNBAREB-26APR06PHISAS-PHIVEDGECOMBE77-4,2026-04-06,reb,3.5,4.738,-1.2380000000000004,0.681,0.644936081968885,1.0,1.0
KXNBAREB-26APR06PHISAS-PHIVEDGECOMBE77-5,2026-04-06,reb,4.5,4.738,-0.23800000000000043,0.507,0.48655155657671467,1.0,1.0
KXNBAREB-26APR06PHISAS-PHIVEDGECOMBE77-6,2026-04-06,reb,5.5,4.738,0.7619999999999996,0.34075,0.3438791935230626,1.0,1.0
KXNBAREB-26APR06PHISAS-PHIVEDGECOMBE77-8,2026-04-06,reb,7.5,4.738,2.7619999999999996,0.11775,0.14509223736246912,1.0,1.0
KXNBAREB-26APR06PHISAS-SASDFOX4-10,2026-04-06,reb,9.5,3.23375,6.266249999999999,0.00325,0.007369192513808409,0.0,1.0
KXNBAREB-26APR06PHISAS-SASDFOX4-2,2026-04-06,reb,1.5,3.23375,-1.7337500000000001,0.80575,0.7917585718377145,0.0,1.0
KXNBAREB-26APR06PHISAS-SASDFOX4-4,2026-04-06,reb,3.5,3.23375,0.2662499999999999,0.4045,0.39697592796314396,0.0,1.0
KXNBAREB-26APR06PHISAS-SASDFOX4-6,2026-04-06,reb,5.5,3.23375,2.26625,0.1245,0.1357863410195037,0.0,1.0
KXNBAREB-26APR06PHISAS-SASDFOX4-8,2026-04-06,reb,7.5,3.23375,4.266249999999999,0.02725,0.03508806815970389,0.0,1.0
KXNBAREB-26APR06PHISAS-SASSCASTLE5-10,2026-04-06,reb,9.5,4.811,4.689,0.0395,0.05443040198315374,1.0,1.0
KXNBAREB-26APR06PHISAS-SASSCASTLE5-2,2026-04-06,reb,1.5,4.811,-3.311,0.937,0.917090555478215,1.0,1.0
KXNBAREB-26APR06PHISAS-SASSCASTLE5-4,2026-04-06,reb,3.5,4.811,-1.311,0.68025,0.6545844065971096,1.0,1.0
KXNBAREB-26APR06PHISAS-SASSCASTLE5-6,2026-04-06,reb,5.5,4.811,0.6890000000000001,0.35625,0.3544642290806864,1.0,1.0
KXNBAREB-26APR06PHISAS-SASSCASTLE5-8,2026-04-06,reb,7.5,4.811,2.689,0.1355,0.15223081539356742,1.0,1.0
KXNBAREB-26APR06PHISAS-SASVWEMBANYAMA1-10,2026-04-06,reb,9.5,10.34775,-0.8477499999999996,0.58025,0.5308432067574944,0.0,1.0
KXNBAREB-26APR06PHISAS-SASVWEMBANYAMA1-12,2026-04-06,reb,11.5,10.34775,1.1522500000000004,0.35275,0.36089907325415704,0.0,1.0
KXNBAREB-26APR06PHISAS-SASVWEMBANYAMA1-13,2026-04-06,reb,12.5,10.34775,2.1522500000000004,0.2645,0.28825521735205784,0.0,1.0
KXNBAREB-26APR06PHISAS-SASVWEMBANYAMA1-14,2026-04-06,reb,13.5,10.34775,3.1522500000000004,0.1895,0.22578345674547184,0.0,1.0
KXNBAREB-26APR06PHISAS-SASVWEMBANYAMA1-16,2026-04-06,reb,15.5,10.34775,5.15225,0.0785,0.13129477809862267,0.0,1.0
KXNBAAST-26APR06PHISAS-PHIKOUBRE9-10,2026-04-06,ast,9.5,1.26625,8.23375,0.0,9.909397133078812e-06,0.0,1.0
KXNBAAST-26APR06PHISAS-PHIKOUBRE9-2,2026-04-06,ast,1.5,1.26625,0.2337499999999999,0.3515,0.35571651859771625,0.0,1.0
KXNBAAST-26APR06PHISAS-PHIKOUBRE9-4,2026-04-06,ast,3.5,1.26625,2.2337499999999997,0.05075,0.048974909650575826,0.0,1.0
KXNBAAST-26APR06PHISAS-PHIKOUBRE9-6,2026-04-06,ast,5.5,1.26625,4.23375,0.004,0.0039225650709244775,0.0,1.0
KXNBAAST-26APR06PHISAS-PHIKOUBRE9-8,2026-04-06,ast,7.5,1.26625,6.23375,0.0,0.0002223468712466703,0.0,1.0
KXNBAAST-26APR06PHISAS-PHIPGEORGE8-10,2026-04-06,ast,9.5,3.1365,6.3635,0.00225,0.005886374201838462,0.0,1.0
KXNBAAST-26APR06PHISAS-PHIPGEORGE8-2,2026-04-06,ast,1.5,3.1365,-1.6364999999999998,0.80525,0.7813245143700525,1.0,1.0
KXNBAAST-26APR06PHISAS-PHIPGEORGE8-4,2026-04-06,ast,3.5,3.1365,0.36350000000000016,0.3835,0.37847810991538233,1.0,1.0
KXNBAAST-26APR06PHISAS-PHIPGEORGE8-6,2026-04-06,ast,5.5,3.1365,2.3635,0.1075,0.1232124431727154,0.0,1.0
KXNBAAST-26APR06PHISAS-PHIPGEORGE8-8,2026-04-06,ast,7.5,3.1365,4.3635,0.0185,0.029988357457515935,0.0,1.0
KXNBAAST-26APR06PHISAS-PHITMAXEY0-10,2026-04-06,ast,9.5,4.8585,4.6415,0.03575,0.05541576202024534,0.0,1.0
KXNBAAST-26APR06PHISAS-PHITMAXEY0-12,2026-04-06,ast,11.5,4.8585,6.6415,0.00675,0.017013103133720064,0.0,1.0
KXNBAAST-26APR06PHISAS-PHITMAXEY0-6,2026-04-06,ast,5.5,4.8585,0.6414999999999997,0.3555,0.361355751037725,1.0,1.0
KXNBAAST-26APR06PHISAS-PHITMAXEY0-7,2026-04-06,ast,6.5,4.8585,1.6414999999999997,0.219,0.2433587643477978,1.0,1.0
KXNBAAST-26APR06PHISAS-PHITMAXEY0-8,2026-04-06,ast,7.5,4.8585,2.6414999999999997,0.126,0.1554719687725229,1.0,1.0
KXNBAAST-26APR06PHISAS-PHIVEDGECOMBE77-10,2026-04-06,ast,9.5,3.18275,6.31725,0.002,0.0064099601973023335,0.0,1.0
KXNBAAST-26APR06PHISAS-PHIVEDGECOMBE77-2,2026-04-06,ast,1.5,3.18275,-1.68275,0.82075,0.7873028466561338,1.0,1.0
KXNBAAST-26APR06PHISAS-PHIVEDGECOMBE77-4,2026-04-06,ast,3.5,3.18275,0.31725000000000003,0.39,0.38749111691878424,0.0,1.0
KXNBAAST-26APR06PHISAS-PHIVEDGECOMBE77-6,2026-04-06,ast,5.5,3.18275,2.31725,0.1145,0.12861420775979937,0.0,1.0
KXNBAAST-26APR06PHISAS-PHIVEDGECOMBE77-8,2026-04-06,ast,7.5,3.18275,4.31725,0.02075,0.03196134172544529,0.0,1.0
KXNBAAST-26APR06PHISAS-SASDFOX4-10,2026-04-06,ast,9.5,4.637,4.863,0.02325,0.04502492757426435,0.0,1.0
KXNBAAST-26APR06PHISAS-SASDFOX4-2,2026-04-06,ast,1.5,4.637,-3.1369999999999996,0.93675,0.9102531519219823,1.0,1.0
KXNBAAST-26APR06PHISAS-SASDFOX4-4,2026-04-06,ast,3.5,4.637,-1.1369999999999996,0.66825,0.6333047929667608,1.0,1.0
KXNBAAST-26APR06PHISAS-SASDFOX4-6,2026-04-06,ast,5.5,4.637,0.8630000000000004,0.32825,0.32896011327246255,0.0,1.0
KXNBAAST-26APR06PHISAS-SASDFOX4-8,2026-04-06,ast,7.5,4.637,2.8630000000000004,0.11025,0.13395090431973056,0.0,1.0
KXNBAAST-26APR06PHISAS-SASSCASTLE5-10,2026-04-06,ast,9.5,6.26425,3.2357500000000003,0.11175,0.14940359103277767,1.0,1.0
KXNBAAST-26APR06PHISAS-SASSCASTLE5-12,2026-04-06,ast,11.5,6.26425,5.23575,0.0285,0.062435714728468206,1.0,1.0
KXNBAAST-26APR06PHISAS-SASSCASTLE5-4,2026-04-06,ast,3.5,6.26425,-2.7642499999999997,0.8585,0.8066404113919053,1.0,1.0
KXNBAAST-26APR06PHISAS-SASSCASTLE5-6,2026-04-06,ast,5.5,6.26425,-0.7642499999999997,0.58975,0.552528441487655,1.0,1.0
KXNBAAST-26APR06PHISAS-SASSCASTLE5-8,2026-04-06,ast,7.5,6.26425,1.2357500000000003,0.3015,0.3120102271206251,1.0,1.0
KXNBAAST-26APR06PHISAS-SASVWEMBANYAMA1-10,2026-04-06,ast,9.5,2.85575,6.6442499999999995,0.002,0.0033574944673908647,0.0,1.0
KXNBAAST-26APR06PHISAS-SASVWEMBANYAMA1-2,2026-04-06,ast,1.5,2.85575,-1.35575,0.7705,0.7412734923627069,0.0,1.0
KXNBAAST-26APR06PHISAS-SASVWEMBANYAMA1-4,2026-04-06,ast,3.5,2.85575,0.64425,0.31875,0.32298448429213167,0.0,1.0
KXNBAAST-26APR06PHISAS-SASVWEMBANYAMA1-6,2026-04-06,ast,5.5,2.85575,2.64425,0.077,0.09259222347800389,0.0,1.0
KXNBAAST-26APR06PHISAS-SASVWEMBANYAMA1-8,2026-04-06,ast,7.5,2.85575,4.6442499999999995,0.01075,0.01967374197157623,0.0,1.0
KXNBA3PT-26APR06PHISAS-PHIJEMBIID21-1,2026-04-06,fg3m,0.5,1.1048053024026512,-0.6048053024026512,0.676056338028169,0.6436420375578324,1.0,0.6035
KXNBA3PT-26APR06PHISAS-PHIJEMBIID21-2,2026-04-06,fg3m,1.5,1.1048053024026512,0.3951946975973488,0.2895608947804474,0.2997126041749607,1.0,0.6035
KXNBA3PT-26APR06PHISAS-PHIJEMBIID21-3,2026-04-06,fg3m,2.5,1.1048053024026512,1.3951946975973488,0.10273405136702568,0.11200371890901129,0.0,0.6035
KXNBA3PT-26APR06PHISAS-PHIJEMBIID21-4,2026-04-06,fg3m,3.5,1.1048053024026512,2.395194697597349,0.026926263463131733,0.035794798758122415,0.0,0.6035
KXNBA3PT-26APR06PHISAS-PHIJEMBIID21-5,2026-04-06,fg3m,4.5,1.1048053024026512,3.395194697597349,0.007870753935376968,0.01018065691925163,0.0,0.6035
KXNBA3PT-26APR06PHISAS-PHITMAXEY0-1,2026-04-06,fg3m,0.5,2.0395,-1.5394999999999999,0.86625,0.8359451312808605,1.0,1.0
KXNBA3PT-26APR06PHISAS-PHITMAXEY0-2,2026-04-06,fg3m,1.5,2.0395,-0.5394999999999999,0.59625,0.5719010673001814,0.0,1.0
KXNBA3PT-26APR06PHISAS-PHITMAXEY0-3,2026-04-06,fg3m,2.5,2.0395,0.46050000000000013,0.33925,0.33157753283014546,0.0,1.0
KXNBA3PT-26APR06PHISAS-PHITMAXEY0-4,2026-04-06,fg3m,3.5,2.0395,1.4605000000000001,0.15075,0.168864744425137,0.0,1.0
KXNBA3PT-26APR06PHISAS-PHITMAXEY0-5,2026-04-06,fg3m,4.5,2.0395,2.4605,0.0625,0.07766363999769688,0.0,1.0
KXNBA3PT-26APR06PHISAS-PHIVEDGECOMBE77-1,2026-04-06,fg3m,0.5,1.404,-0.9039999999999999,0.753,0.7244019445363297,1.0,1.0
KXNBA3PT-26APR06PHISAS-PHIVEDGECOMBE77-2,2026-04-06,fg3m,1.5,1.404,0.09600000000000009,0.4105,0.3975738120962464,1.0,1.0
KXNBA3PT-26APR06PHISAS-PHIVEDGECOMBE77-3,2026-04-06,fg3m,2.5,1.404,1.096,0.17025,0.17839663713535925,0.0,1.0
KXNBA3PT-26APR06PHISAS-PHIVEDGECOMBE77-4,2026-04-06,fg3m,3.5,1.404,2.096,0.05375,0.0690572315935345,0.0,1.0
KXNBA3PT-26APR06PHISAS-PHIVEDGECOMBE77-5,2026-04-06,fg3m,4.5,1.404,3.096,0.01375,0.023901683632823856,0.0,1.0
KXNBA3PT-26APR06PHISAS-SASDFOX4-1,2026-04-06,fg3m,0.5,1.3475,-0.8474999999999999,0.74075,0.710887484567059,1.0,1.0
KXNBA3PT-26APR06PHISAS-SASDFOX4-2,2026-04-06,fg3m,1.5,1.3475,0.15250000000000008,0.38775,0.3797598482100084,0.0,1.0
KXNBA3PT-26APR06PHISAS-SASDFOX4-3,2026-04-06,fg3m,2.5,1.3475,1.1525,0.14975,0.165294775004879,0.0,1.0
KXNBA3PT-26APR06PHISAS-SASDFOX4-4,2026-04-06,fg3m,3.5,1.3475,2.1525,0.04925,0.061965540498493565,0.0,1.0
KXNBA3PT-26APR06PHISAS-SASDFOX4-5,2026-04-06,fg3m,4.5,1.3475,3.1525,0.0155,0.02075172013130666,0.0,1.0
KXNBA3PT-26APR06PHISAS-SASSCASTLE5-1,2026-04-06,fg3m,0.5,1.29975,-0.79975,0.72025,0.6988796785848681,1.0,1.0
KXNBA3PT-26APR06PHISAS-SASSCASTLE5-2,2026-04-06,fg3m,1.5,1.29975,0.20025000000000004,0.376,0.3644422774191791,0.0,1.0
KXNBA3PT-26APR06PHISAS-SASSCASTLE5-3,2026-04-06,fg3m,2.5,1.29975,1.20025,0.1495,0.15439250085799916,0.0,1.0
KXNBA3PT-26APR06PHISAS-SASSCASTLE5-4,2026-04-06,fg3m,3.5,1.29975,2.20025,0.04175,0.05625497636754162,0.0,1.0
KXNBA3PT-26APR06PHISAS-SASSCASTLE5-5,2026-04-06,fg3m,4.5,1.29975,3.20025,0.01,0.018297179397049224,0.0,1.0
KXNBA3PT-26APR06PHISAS-SASVWEMBANYAMA1-1,2026-04-06,fg3m,0.5,1.94525,-1.44525,0.8505,0.8232133327787668,1.0,1.0
KXNBA3PT-26APR06PHISAS-SASVWEMBANYAMA1-2,2026-04-06,fg3m,1.5,1.94525,-0.4452499999999999,0.577,0.54915638399667,0.0,1.0
KXNBA3PT-26APR06PHISAS-SASVWEMBANYAMA1-3,2026-04-06,fg3m,2.5,1.94525,0.5547500000000001,0.311,0.30890564231185313,0.0,1.0
KXNBA3PT-26APR06PHISAS-SASVWEMBANYAMA1-4,2026-04-06,fg3m,3.5,1.94525,1.55475,0.13125,0.15223264685062043,0.0,1.0
KXNBA3PT-26APR06PHISAS-SASVWEMBANYAMA1-5,2026-04-06,fg3m,4.5,1.94525,2.5547500000000003,0.05175,0.06765091338592755,0.0,1.0
KXNBAAST-26APR05WASBKN-WASBCARRINGTON7-2,2026-04-05,ast,1.5,4.396,-2.896,0.91875,0.8966505904948087,1.0,1.0
KXNBAAST-26APR05WASBKN-WASBCARRINGTON7-4,2026-04-05,ast,3.5,4.396,-0.8959999999999999,0.638,0.598548234225543,0.0,1.0
KXNBAAST-26APR05WASBKN-WASBCARRINGTON7-5,2026-04-05,ast,4.5,4.396,0.10400000000000009,0.4525,0.43428528768056984,0.0,1.0
KXNBAAST-26APR05WASBKN-WASBCARRINGTON7-6,2026-04-05,ast,5.5,4.396,1.104,0.28525,0.29364057013491385,0.0,1.0
KXNBAAST-26APR05WASBKN-WASBCARRINGTON7-8,2026-04-05,ast,7.5,4.396,3.104,0.0875,0.11206818433071852,0.0,1.0
KXNBAPTS-26APR05TORBOS-BOSDWHITE9-10,2026-04-05,pts,9.5,13.4735,-3.9734999999999996,0.735,0.700832674748451,1.0,1.0
KXNBAPTS-26APR05TORBOS-BOSDWHITE9-15,2026-04-05,pts,14.5,13.4735,1.0265000000000004,0.3995,0.385885455180626,0.0,1.0
KXNBAPTS-26APR05TORBOS-BOSDWHITE9-20,2026-04-05,pts,19.5,13.4735,6.0265,0.1585,0.1686171545521047,0.0,1.0
KXNBAPTS-26APR05TORBOS-BOSDWHITE9-25,2026-04-05,pts,24.5,13.4735,11.0265,0.04475,0.06215972417589788,0.0,1.0
KXNBAPTS-26APR05TORBOS-BOSJBROWN7-25,2026-04-05,pts,24.5,23.415,1.0850000000000009,0.424,0.40667699950862113,1.0,1.0
KXNBAPTS-26APR05TORBOS-BOSJBROWN7-30,2026-04-05,pts,29.5,23.415,6.085000000000001,0.2185,0.25169708816424663,0.0,1.0
KXNBAPTS-26APR05TORBOS-BOSJBROWN7-35,2026-04-05,pts,34.5,23.415,11.085,0.086,0.14452302566795294,0.0,1.0
KXNBAPTS-26APR05TORBOS-BOSJBROWN7-40,2026-04-05,pts,39.5,23.415,16.085,0.0295,0.07799831431221571,0.0,1.0
KXNBAPTS-26APR05TORBOS-BOSJTATUM0-20,2026-04-05,pts,19.5,19.58375,-0.08374999999999844,0.47775,0.44968971540056224,1.0,1.0
KXNBAPTS-26APR05TORBOS-BOSJTATUM0-25,2026-04-05,pts,24.5,19.58375,4.916250000000002,0.23875,0.2601877999680551,0.0,1.0
KXNBAPTS-26APR05TORBOS-BOSJTATUM0-30,2026-04-05,pts,29.5,19.58375,9.916250000000002,0.086,0.1356459868032871,0.0,1.0
KXNBAPTS-26APR05TORBOS-BOSJTATUM0-35,2026-04-05,pts,34.5,19.58375,14.916250000000002,0.02675,0.06506236923996278,0.0,1.0
KXNBAPTS-26APR05TORBOS-BOSNQUETA88-10,2026-04-05,pts,9.5,9.26825,0.2317499999999999,0.43625,0.4258386321896628,1.0,1.0
KXNBAPTS-26APR05TORBOS-BOSNQUETA88-15,2026-04-05,pts,14.5,9.26825,5.23175,0.1365,0.13736837037709737,1.0,1.0
KXNBAPTS-26APR05TORBOS-BOSNQUETA88-20,2026-04-05,pts,19.5,9.26825,10.23175,0.03125,0.03305433577639294,0.0,1.0
KXNBAPTS-26APR05TORBOS-BOSPPRITCHARD11-10,2026-04-05,pts,9.5,13.57025,-4.07025,0.7095,0.7054699482234285,1.0,1.0
KXNBAPTS-26APR05TORBOS-BOSPPRITCHARD11-15,2026-04-05,pts,14.5,13.57025,0.9297500000000003,0.40225,0.39163896826159605,1.0,1.0
KXNBAPTS-26APR05TORBOS-BOSPPRITCHARD11-20,2026-04-05,pts,19.5,13.57025,5.92975,0.1745,0.17277531147413283,0.0,1.0
KXNBAPTS-26APR05TORBOS-BOSPPRITCHARD11-25,2026-04-05,pts,24.5,13.57025,10.92975,0.06525,0.06434686945269319,0.0,1.0
KXNBAPTS-26APR05TORBOS-BOSSHAUSER30-10,2026-04-05,pts,9.5,8.451,1.0489999999999995,0.37375,0.3570470723146395,0.0,1.0
KXNBAPTS-26APR05TORBOS-BOSSHAUSER30-15,2026-04-05,pts,14.5,8.451,6.0489999999999995,0.1165,0.09772149570851496,0.0,1.0
KXNBAPTS-26APR05TORBOS-BOSSHAUSER30-20,2026-04-05,pts,19.5,8.451,11.049,0.026,0.01970437918610446,0.0,1.0
KXNBAPTS-26APR05TORBOS-TORJPOELTL19-10,2026-04-05,pts,9.5,9.251,0.24900000000000055,0.44225,0.424424055170357,1.0,1.0
KXNBAPTS-26APR05TORBOS-TORJPOELTL19-15,2026-04-05,pts,14.5,9.251,5.2490000000000006,0.14675,0.13647610784393638,0.0,1.0
KXNBAPTS-26APR05TORBOS-TORJPOELTL19-20,2026-04-05,pts,19.5,9.251,10.249,0.03125,0.03272650327598792,0.0,1.0
KXNBAPTS-26APR05TORBOS-TORJPOELTL19-25,2026-04-05,pts,24.5,9.251,15.249,0.00625,0.006433625109252938,0.0,1.0
KXNBAPTS-26APR05TORBOS-TORRBARRETT9-15,2026-04-05,pts,14.5,15.718,-1.218,0.54325,0.5119827865419395,1.0,1.0
KXNBAPTS-26APR05TORBOS-TORRBARRETT9-20,2026-04-05,pts,19.5,15.718,3.782,0.26625,0.2707843390627527,0.0,1.0
KXNBAPTS-26APR05TORBOS-TORRBARRETT9-25,2026-04-05,pts,24.5,15.718,8.782,0.1,0.12266954931843,0.0,1.0
KXNBAPTS-26APR05TORBOS-TORRBARRETT9-30,2026-04-05,pts,29.5,15.718,13.782,0.0295,0.04937269701345659,0.0,1.0
KXNBAPTS-26APR05TORBOS-TORSBARNES4-15,2026-04-05,pts,14.5,12.9275,1.5724999999999998,0.3745,0.35304843299429045,0.0,1.0
KXNBAPTS-26APR05TORBOS-TORSBARNES4-20,2026-04-05,pts,19.5,12.9275,6.5725,0.1375,0.1457763876846616,0.0,1.0
KXNBAPTS-26APR05TORBOS-TORSBARNES4-25,2026-04-05,pts,24.5,12.9275,11.5725,0.0385,0.05059273259571195,0.0,1.0
KXNBAPTS-26APR05TORBOS-TORSBARNES4-30,2026-04-05,pts,29.5,12.9275,16.572499999999998,0.00725,0.015442491695813576,0.0,1.0
KXNBAREB-26APR05TORBOS-BOSJBROWN7-10,2026-04-05,reb,9.5,5.65225,3.8477499999999996,0.06625,0.10466712588999649,0.0,1.0
KXNBAREB-26APR05TORBOS-BOSJBROWN7-12,2026-04-05,reb,11.5,5.65225,5.84775,0.01725,0.039451500031312814,0.0,1.0
KXNBAREB-26APR05TORBOS-BOSJBROWN7-6,2026-04-05,reb,5.5,5.65225,-0.15225000000000044,0.50025,0.4724783565242665,1.0,1.0
KXNBAREB-26APR05TORBOS-BOSJBROWN7-7,2026-04-05,reb,6.5,5.65225,0.8477499999999996,0.3405,0.34624877595052195,0.0,1.0
KXNBAREB-26APR05TORBOS-BOSJBROWN7-8,2026-04-05,reb,7.5,5.65225,1.8477499999999996,0.211,0.24208753060687638,0.0,1.0
KXNBAREB-26APR05TORBOS-BOSJTATUM0-10,2026-04-05,reb,9.5,6.84775,2.6522500000000004,0.1715,0.20156881795967552,1.0,1.0
KXNBAREB-26APR05TORBOS-BOSJTATUM0-12,2026-04-05,reb,11.5,6.84775,4.65225,0.0555,0.09416227355008577,1.0,1.0
KXNBAREB-26APR05TORBOS-BOSJTATUM0-14,2026-04-05,reb,13.5,6.84775,6.65225,0.015,0.03961759905457396,0.0,1.0
KXNBAREB-26APR05TORBOS-BOSJTATUM0-6,2026-04-05,reb,5.5,6.84775,-1.3477499999999996,0.65625,0.6175624378194071,1.0,1.0
KXNBAREB-26APR05TORBOS-BOSJTATUM0-8,2026-04-05,reb,7.5,6.84775,0.6522500000000004,0.38425,0.3803947561580442,1.0,1.0
KXNBAREB-26APR05TORBOS-BOSNQUETA88-10,2026-04-05,reb,9.5,7.08525,2.4147499999999997,0.187,0.2233156529916661,0.0,1.0
KXNBAREB-26APR05TORBOS-BOSNQUETA88-12,2026-04-05,reb,11.5,7.08525,4.41475,0.06775,0.10810526442290946,0.0,1.0
KXNBAREB-26APR05TORBOS-BOSNQUETA88-6,2026-04-05,reb,5.5,7.08525,-1.5852500000000003,0.699,0.6424710706580217,1.0,1.0
KXNBAREB-26APR05TORBOS-BOSNQUETA88-8,2026-04-05,reb,7.5,7.08525,0.41474999999999973,0.41175,0.4076049518517141,0.0,1.0
KXNBAREB-26APR05TORBOS-BOSNQUETA88-9,2026-04-05,reb,8.5,7.08525,1.4147499999999997,0.2875,0.30683996336489183,0.0,1.0
KXNBAREB-26APR05TORBOS-BOSPPRITCHARD11-10,2026-04-05,reb,9.5,3.0235,6.4765,0.002,0.004991169898114323,0.0,1.0
KXNBAREB-26APR05TORBOS-BOSPPRITCHARD11-2,2026-04-05,reb,1.5,3.0235,-1.5234999999999999,0.7875,0.7641201609989248,0.0,1.0
KXNBAREB-26APR05TORBOS-BOSPPRITCHARD11-4,2026-04-05,reb,3.5,3.0235,0.47650000000000015,0.35625,0.3561424575531069,0.0,1.0
KXNBAREB-26APR05TORBOS-BOSPPRITCHARD11-6,2026-04-05,reb,5.5,3.0235,2.4765,0.0965,0.11150996204222263,0.0,1.0
KXNBAREB-26APR05TORBOS-BOSPPRITCHARD11-8,2026-04-05,reb,7.5,3.0235,4.4765,0.01475,0.026208385514799426,0.0,1.0
KXNBAREB-26APR05TORBOS-TORJPOELTL19-10,2026-04-05,reb,9.5,6.32975,3.1702500000000002,0.14375,0.15659839965427202,0.0,1.0
KXNBAREB-26APR05TORBOS-TORJPOELTL19-12,2026-04-05,reb,11.5,6.32975,5.17025,0.04575,0.06718371118637279,0.0,1.0
KXNBAREB-26APR05TORBOS-TORJPOELTL19-6,2026-04-05,reb,5.5,6.32975,-0.8297499999999998,0.57775,0.5586198728667682,0.0,1.0
KXNBAREB-26APR05TORBOS-TORJPOELTL19-7,2026-04-05,reb,6.5,6.32975,0.17025000000000023,0.4355,0.43223027319655727,0.0,1.0
KXNBAREB-26APR05TORBOS-TORJPOELTL19-8,2026-04-05,reb,7.5,6.32975,1.1702500000000002,0.31125,0.3202218283863699,0.0,1.0
KXNBAREB-26APR05TORBOS-TORRBARRETT9-10,2026-04-05,reb,9.5,4.63075,4.86925,0.029,0.04598459454219894,0.0,1.0
KXNBAREB-26APR05TORBOS-TORRBARRETT9-2,2026-04-05,reb,1.5,4.63075,-3.13075,0.93375,0.9080675749033862,1.0,1.0
KXNBAREB-26APR05TORBOS-TORRBARRETT9-4,2026-04-05,reb,3.5,4.63075,-1.13075,0.661,0.6303503332535332,1.0,1.0
KXNBAREB-26APR05TORBOS-TORRBARRETT9-6,2026-04-05,reb,5.5,4.63075,0.8692500000000001,0.326,0.32828946464374886,0.0,1.0
KXNBAREB-26APR05TORBOS-TORRBARRETT9-8,2026-04-05,reb,7.5,4.63075,2.86925,0.1145,0.13484876231406584,0.0,1.0
KXNBAREB-26APR05TORBOS-TORSBARNES4-10,2026-04-05,reb,9.5,5.4295,4.0705,0.06725,0.08969798400657347,0.0,1.0
KXNBAREB-26APR05TORBOS-TORSBARNES4-12,2026-04-05,reb,11.5,5.4295,6.0705,0.01775,0.03222916390581998,0.0,1.0
KXNBAREB-26APR05TORBOS-TORSBARNES4-4,2026-04-05,reb,3.5,5.4295,-1.9295,0.76225,0.7275652685754164,1.0,1.0
KXNBAREB-26APR05TORBOS-TORSBARNES4-6,2026-04-05,reb,5.5,5.4295,0.07050000000000001,0.45175,0.4421935132961867,1.0,1.0
KXNBAREB-26APR05TORBOS-TORSBARNES4-8,2026-04-05,reb,7.5,5.4295,2.0705,0.1985,0.21719606940148306,0.0,1.0
KXNBAAST-26APR05TORBOS-BOSDWHITE9-2,2026-04-05,ast,1.5,4.3215,-2.8215000000000003,0.92475,0.8920217434257105,1.0,1.0
KXNBAAST-26APR05TORBOS-BOSDWHITE9-4,2026-04-05,ast,3.5,4.3215,-0.8215000000000003,0.62575,0.5872922375734109,1.0,1.0
KXNBAAST-26APR05TORBOS-BOSDWHITE9-5,2026-04-05,ast,4.5,4.3215,0.17849999999999966,0.43475,0.4223112760621057,1.0,1.0
KXNBAAST-26APR05TORBOS-BOSDWHITE9-6,2026-04-05,ast,5.5,4.3215,1.1784999999999997,0.267,0.2827594338744528,1.0,1.0
KXNBAAST-26APR05TORBOS-BOSDWHITE9-8,2026-04-05,ast,7.5,4.3215,3.1784999999999997,0.077,0.1056577205441891,0.0,1.0
KXNBAAST-26APR05TORBOS-BOSJBROWN7-2,2026-04-05,ast,1.5,4.65025,-3.1502499999999998,0.94025,0.9109442733049331,1.0,1.0
KXNBAAST-26APR05TORBOS-BOSJBROWN7-4,2026-04-05,ast,3.5,4.65025,-1.1502499999999998,0.67475,0.635142482207846,0.0,1.0
KXNBAAST-26APR05TORBOS-BOSJBROWN7-5,2026-04-05,ast,4.5,4.65025,-0.15024999999999977,0.5035,0.4742359809420842,0.0,1.0
KXNBAAST-26APR05TORBOS-BOSJBROWN7-6,2026-04-05,ast,5.5,4.65025,0.8497500000000002,0.323,0.3309025556644749,0.0,1.0
KXNBAAST-26APR05TORBOS-BOSJBROWN7-8,2026-04-05,ast,7.5,4.65025,2.8497500000000002,0.10375,0.13520210880660088,0.0,1.0
KXNBAAST-26APR05TORBOS-BOSJTATUM0-10,2026-04-05,ast,9.5,4.82075,4.67925,0.028,0.05355432994241105,0.0,1.0
KXNBAAST-26APR05TORBOS-BOSJTATUM0-2,2026-04-05,ast,1.5,4.82075,-3.3207500000000003,0.95375,0.9193547487585227,1.0,1.0
KXNBAAST-26APR05TORBOS-BOSJTATUM0-4,2026-04-05,ast,3.5,4.82075,-1.3207500000000003,0.70775,0.6581146998805056,1.0,1.0
KXNBAAST-26APR05TORBOS-BOSJTATUM0-6,2026-04-05,ast,5.5,4.82075,0.6792499999999997,0.35,0.3558504283834846,1.0,1.0
KXNBAAST-26APR05TORBOS-BOSJTATUM0-8,2026-04-05,ast,7.5,4.82075,2.6792499999999997,0.11625,0.15171632891959963,0.0,1.0
KXNBAAST-26APR05TORBOS-BOSPPRITCHARD11-2,2026-04-05,ast,1.5,3.82225,-2.32225,0.878,0.8548791546286829,1.0,1.0
KXNBAAST-26APR05TORBOS-BOSPPRITCHARD11-4,2026-04-05,ast,3.5,3.82225,-0.3222499999999999,0.52625,0.5057411592536277,0.0,1.0
KXNBAAST-26APR05TORBOS-BOSPPRITCHARD11-5,2026-04-05,ast,4.5,3.82225,0.6777500000000001,0.33625,0.3397966819363064,0.0,1.0
KXNBAAST-26APR05TORBOS-BOSPPRITCHARD11-6,2026-04-05,ast,5.5,3.82225,1.67775,0.19725,0.2113933391086248,0.0,1.0
KXNBAAST-26APR05TORBOS-BOSPPRITCHARD11-8,2026-04-05,ast,7.5,3.82225,3.67775,0.048,0.06749826218485899,0.0,1.0
KXNBAAST-26APR05TORBOS-TORJPOELTL19-10,2026-04-05,ast,9.5,1.71825,7.78175,0.0,0.0001053263013206518,0.0,1.0
KXNBAAST-26APR05TORBOS-TORJPOELTL19-2,2026-04-05,ast,1.5,1.71825,-0.21825000000000006,0.5045,0.4959942718520274,0.0,1.0
KXNBAAST-26APR05TORBOS-TORJPOELTL19-4,2026-04-05,ast,3.5,1.71825,1.78175,0.106,0.10968369304662096,0.0,1.0
KXNBAAST-26APR05TORBOS-TORJPOELTL19-6,2026-04-05,ast,5.5,1.71825,3.7817499999999997,0.0085,0.014612559031909167,0.0,1.0
KXNBAAST-26APR05TORBOS-TORJPOELTL19-8,2026-04-05,ast,7.5,1.71825,5.78175,0.0005,0.0013951243394187962,0.0,1.0
KXNBAAST-26APR05TORBOS-TORRBARRETT9-10,2026-04-05,ast,9.5,2.67675,6.82325,0.00075,0.002244232620129183,0.0,1.0
KXNBAAST-26APR05TORBOS-TORRBARRETT9-2,2026-04-05,ast,1.5,2.67675,-1.1767500000000002,0.733,0.712060052700071,1.0,1.0
KXNBAAST-26APR05TORBOS-TORRBARRETT9-4,2026-04-05,ast,3.5,2.67675,0.8232499999999998,0.2825,0.28725908533596856,1.0,1.0
KXNBAAST-26APR05TORBOS-TORRBARRETT9-6,2026-04-05,ast,5.5,2.67675,2.82325,0.067,0.07520970136965177,0.0,1.0
KXNBAAST-26APR05TORBOS-TORRBARRETT9-8,2026-04-05,ast,7.5,2.67675,4.82325,0.007,0.014515104164703696,0.0,1.0
KXNBAAST-26APR05TORBOS-TORSBARNES4-10,2026-04-05,ast,9.5,4.447,5.053,0.02225,0.037130341824544,0.0,1.0
KXNBAAST-26APR05TORBOS-TORSBARNES4-12,2026-04-05,ast,11.5,4.447,7.053,0.0055,0.010150862601321253,0.0,1.0
KXNBAAST-26APR05TORBOS-TORSBARNES4-6,2026-04-05,ast,5.5,4.447,1.053,0.2995,0.3011048441897436,1.0,1.0
KXNBAAST-26APR05TORBOS-TORSBARNES4-8,2026-04-05,ast,7.5,4.447,3.053,0.0905,0.11655580853838621,1.0,1.0
KXNBAAST-26APR05TORBOS-TORSBARNES4-9,2026-04-05,ast,8.5,4.447,4.053,0.04275,0.06721132735827318,0.0,1.0
KXNBA3PT-26APR05TORBOS-BOSDWHITE9-1,2026-04-05,fg3m,0.5,2.16125,-1.66125,0.8905,0.8508845760157393,1.0,1.0
KXNBA3PT-26APR05TORBOS-BOSDWHITE9-2,2026-04-05,fg3m,1.5,2.16125,-0.6612499999999999,0.642,0.5997196279068892,1.0,1.0
KXNBA3PT-26APR05TORBOS-BOSDWHITE9-3,2026-04-05,fg3m,2.5,2.16125,0.3387500000000001,0.3605,0.36048276315499483,0.0,1.0
KXNBA3PT-26APR05TORBOS-BOSDWHITE9-4,2026-04-05,fg3m,3.5,2.16125,1.33875,0.17125,0.1909698977698675,0.0,1.0
KXNBA3PT-26APR05TORBOS-BOSDWHITE9-5,2026-04-05,fg3m,4.5,2.16125,2.33875,0.069,0.09153696414268353,0.0,1.0
KXNBA3PT-26APR05TORBOS-BOSJBROWN7-1,2026-04-05,fg3m,0.5,1.62975,-1.12975,0.7935,0.7717123225977865,1.0,1.0
KXNBA3PT-26APR05TORBOS-BOSJBROWN7-2,2026-04-05,fg3m,1.5,1.62975,-0.12975000000000003,0.47925,0.46511760864498797,0.0,1.0
KXNBA3PT-26APR05TORBOS-BOSJBROWN7-3,2026-04-05,fg3m,2.5,1.62975,0.87025,0.227,0.23226588056812947,0.0,1.0
KXNBA3PT-26APR05TORBOS-BOSJBROWN7-4,2026-04-05,fg3m,3.5,1.62975,1.87025,0.09025,0.10071318276636265,0.0,1.0
KXNBA3PT-26APR05TORBOS-BOSJBROWN7-5,2026-04-05,fg3m,4.5,1.62975,2.87025,0.02975,0.039185143276635026,0.0,1.0
KXNBA3PT-26APR05TORBOS-BOSJTATUM0-2,2026-04-05,fg3m,1.5,2.54325,-1.04325,0.72875,0.6762333613782858,1.0,1.0
KXNBA3PT-26APR05TORBOS-BOSJTATUM0-3,2026-04-05,fg3m,2.5,2.54325,-0.04325000000000001,0.46375,0.4470789011246755,0.0,1.0
KXNBA3PT-26APR05TORBOS-BOSJTATUM0-4,2026-04-05,fg3m,3.5,2.54325,0.95675,0.241,0.2631833086792823,0.0,1.0
KXNBA3PT-26APR05TORBOS-BOSJTATUM0-5,2026-04-05,fg3m,4.5,2.54325,1.95675,0.11225,0.14101252750990434,0.0,1.0
KXNBA3PT-26APR05TORBOS-BOSJTATUM0-6,2026-04-05,fg3m,5.5,2.54325,2.95675,0.0485,0.06997510115019667,0.0,1.0
KXNBA3PT-26APR05TORBOS-BOSPPRITCHARD11-1,2026-04-05,fg3m,0.5,2.15725,-1.65725,0.87675,0.8504189041973325,1.0,1.0
KXNBA3PT-26APR05TORBOS-BOSPPRITCHARD11-2,2026-04-05,fg3m,1.5,2.15725,-0.6572499999999999,0.617,0.5988331550808959,0.0,1.0
KXNBA3PT-26APR05TORBOS-BOSPPRITCHARD11-3,2026-04-05,fg3m,2.5,2.15725,0.3427500000000001,0.3635,0.3595412687830455,0.0,1.0
KXNBA3PT-26APR05TORBOS-BOSPPRITCHARD11-4,2026-04-05,fg3m,3.5,2.15725,1.34275,0.18125,0.19023407943172022,0.0,1.0
KXNBA3PT-26APR05TORBOS-BOSPPRITCHARD11-5,2026-04-05,fg3m,4.5,2.15725,2.34275,0.07825,0.09106509815369324,0.0,1.0
KXNBA3PT-26APR05TORBOS-TORSBARNES4-1,2026-04-05,fg3m,0.5,0.60725,-0.10724999999999996,0.45425,0.44250724512043016,0.0,1.0
KXNBA3PT-26APR05TORBOS-TORSBARNES4-2,2026-04-05,fg3m,1.5,0.60725,0.89275,0.12275,0.12891588409179833,0.0,1.0
KXNBA3PT-26APR05TORBOS-TORSBARNES4-3,2026-04-05,fg3m,2.5,0.60725,1.89275,0.026,0.029163895655589855,0.0,1.0
KXNBA3PT-26APR05TORBOS-TORSBARNES4-4,2026-04-05,fg3m,3.5,0.60725,2.89275,0.004,0.005559954456309191,0.0,1.0
KXNBA3PT-26APR05TORBOS-TORSBARNES4-5,2026-04-05,fg3m,4.5,0.60725,3.89275,0.00025,0.0009361387966984047,0.0,1.0
KXNBAPTS-26APR05PHXCHI-CHIIOKORO35-10,2026-04-05,pts,9.5,9.004,0.49600000000000044,0.42325,0.4039733458109024,1.0,1.0
KXNBAPTS-26APR05PHXCHI-CHIIOKORO35-15,2026-04-05,pts,14.5,9.004,5.496,0.138,0.12394561251012204,0.0,1.0
KXNBAPTS-26APR05PHXCHI-CHIIOKORO35-20,2026-04-05,pts,19.5,9.004,10.496,0.0275,0.028253187982772654,0.0,1.0
KXNBAPTS-26APR05PHXCHI-CHIIOKORO35-25,2026-04-05,pts,24.5,9.004,15.496,0.004,0.005271096265854203,0.0,1.0
KXNBAPTS-26APR05PHXCHI-PHXDBOOKER1-20,2026-04-05,pts,19.5,20.03325,-0.5332499999999989,0.49725,0.4691108231860983,1.0,1.0
KXNBAPTS-26APR05PHXCHI-PHXDBOOKER1-25,2026-04-05,pts,24.5,20.03325,4.466750000000001,0.2645,0.2774762315757795,1.0,1.0
KXNBAPTS-26APR05PHXCHI-PHXDBOOKER1-30,2026-04-05,pts,29.5,20.03325,9.466750000000001,0.11325,0.14812325224309097,1.0,1.0
KXNBAPTS-26APR05PHXCHI-PHXDBOOKER1-35,2026-04-05,pts,34.5,20.03325,14.466750000000001,0.0395,0.07282002810597876,0.0,1.0
KXNBAPTS-26APR05PHXCHI-PHXDBROOKS3-15,2026-04-05,pts,14.5,14.1305,0.3695000000000004,0.44925,0.42448019274171434,1.0,1.0
KXNBAPTS-26APR05PHXCHI-PHXDBROOKS3-20,2026-04-05,pts,19.5,14.1305,5.3695,0.2285,0.19741272313159908,0.0,1.0
KXNBAPTS-26APR05PHXCHI-PHXDBROOKS3-25,2026-04-05,pts,24.5,14.1305,10.3695,0.08925,0.07780290406959767,0.0,1.0
KXNBAPTS-26APR05PHXCHI-PHXDBROOKS3-30,2026-04-05,pts,29.5,14.1305,15.3695,0.026,0.027085551865236424,0.0,1.0
KXNBAPTS-26APR05PHXCHI-PHXGALLEN8-10,2026-04-05,pts,9.5,10.50275,-1.0027500000000007,0.53375,0.5216029123800283,0.0,1.0
KXNBAPTS-26APR05PHXCHI-PHXGALLEN8-15,2026-04-05,pts,14.5,10.50275,3.9972499999999993,0.22425,0.20593550944480665,0.0,1.0
KXNBAPTS-26APR05PHXCHI-PHXGALLEN8-20,2026-04-05,pts,19.5,10.50275,8.99725,0.071,0.061789754780283146,0.0,1.0
KXNBAPTS-26APR05PHXCHI-PHXGALLEN8-25,2026-04-05,pts,24.5,10.50275,13.99725,0.017,0.015327669048369685,0.0,1.0
KXNBAPTS-26APR05PHXCHI-PHXJGREEN4-15,2026-04-05,pts,14.5,15.83275,-1.3327500000000008,0.54475,0.5179407514992056,1.0,1.0
KXNBAPTS-26APR05PHXCHI-PHXJGREEN4-20,2026-04-05,pts,19.5,15.83275,3.6672499999999992,0.284,0.27620388998636547,1.0,1.0
KXNBAPTS-26APR05PHXCHI-PHXJGREEN4-25,2026-04-05,pts,24.5,15.83275,8.66725,0.11425,0.126257420782116,1.0,1.0
KXNBAPTS-26APR05PHXCHI-PHXJGREEN4-30,2026-04-05,pts,29.5,15.83275,13.66725,0.03875,0.05129831414939445,0.0,1.0
KXNBAPTS-26APR05PHXCHI-PHXMWILLIAMS15-10,2026-04-05,pts,9.5,8.15675,1.3432499999999994,0.3595,0.3316013596894323,1.0,1.0
KXNBAPTS-26APR05PHXCHI-PHXMWILLIAMS15-15,2026-04-05,pts,14.5,8.15675,6.343249999999999,0.1005,0.08491619089795732,0.0,1.0
KXNBAPTS-26APR05PHXCHI-PHXMWILLIAMS15-20,2026-04-05,pts,19.5,8.15675,11.34325,0.0135,0.015948895067611435,0.0,1.0
KXNBAREB-26APR05PHXCHI-PHXDBROOKS3-10,2026-04-05,reb,9.5,3.19475,6.30525,0.00575,0.006875908273485609,0.0,1.0
KXNBAREB-26APR05PHXCHI-PHXDBROOKS3-2,2026-04-05,reb,1.5,3.19475,-1.69475,0.77775,0.7868901279621703,1.0,1.0
KXNBAREB-26APR05PHXCHI-PHXDBROOKS3-4,2026-04-05,reb,3.5,3.19475,0.30525,0.393,0.3894735310203088,1.0,1.0
KXNBAREB-26APR05PHXCHI-PHXDBROOKS3-6,2026-04-05,reb,5.5,3.19475,2.30525,0.13175,0.13113794054756744,0.0,1.0
KXNBAREB-26APR05PHXCHI-PHXDBROOKS3-8,2026-04-05,reb,7.5,3.19475,4.30525,0.031,0.0333176223863324,0.0,1.0
KXNBAREB-26APR05PHXCHI-PHXJGREEN4-2,2026-04-05,reb,1.5,3.86475,-2.36475,0.8685,0.8565073793520499,1.0,1.0
KXNBAREB-26APR05PHXCHI-PHXJGREEN4-4,2026-04-05,reb,3.5,3.86475,-0.3647499999999999,0.521,0.5118695297682456,1.0,1.0
KXNBAREB-26APR05PHXCHI-PHXJGREEN4-5,2026-04-05,reb,4.5,3.86475,0.6352500000000001,0.34825,0.346939961729987,0.0,1.0
KXNBAREB-26APR05PHXCHI-PHXJGREEN4-6,2026-04-05,reb,5.5,3.86475,1.63525,0.21125,0.21823210739115506,0.0,1.0
KXNBAREB-26APR05PHXCHI-PHXJGREEN4-8,2026-04-05,reb,7.5,3.86475,3.63525,0.056,0.07166568721409639,0.0,1.0
KXNBAREB-26APR05PHXCHI-PHXMWILLIAMS15-10,2026-04-05,reb,9.5,6.193,3.3070000000000004,0.126,0.14541523176789783,0.0,1.0
KXNBAREB-26APR05PHXCHI-PHXMWILLIAMS15-2,2026-04-05,reb,1.5,6.193,-4.693,0.97225,0.9616176535062892,1.0,1.0
KXNBAREB-26APR05PHXCHI-PHXMWILLIAMS15-4,2026-04-05,reb,3.5,6.193,-2.6929999999999996,0.82275,0.798067918087654,1.0,1.0
KXNBAREB-26APR05PHXCHI-PHXMWILLIAMS15-6,2026-04-05,reb,5.5,6.193,-0.6929999999999996,0.56025,0.5420251170304757,1.0,1.0
KXNBAREB-26APR05PHXCHI-PHXMWILLIAMS15-8,2026-04-05,reb,7.5,6.193,1.3070000000000004,0.29925,0.30429449765860384,1.0,1.0
KXNBAAST-26APR05PHXCHI-PHXDBOOKER1-10,2026-04-05,ast,9.5,5.18825,4.31175,0.0445,0.07324314749376659,0.0,1.0
KXNBAAST-26APR05PHXCHI-PHXDBOOKER1-12,2026-04-05,ast,11.5,5.18825,6.31175,0.00925,0.024439681713205652,0.0,1.0
KXNBAAST-26APR05PHXCHI-PHXDBOOKER1-6,2026-04-05,ast,5.5,5.18825,0.31174999999999997,0.41975,0.40894247195031563,0.0,1.0
KXNBAAST-26APR05PHXCHI-PHXDBOOKER1-7,2026-04-05,ast,6.5,5.18825,1.31175,0.27075,0.2856593848644233,0.0,1.0
KXNBAAST-26APR05PHXCHI-PHXDBOOKER1-8,2026-04-05,ast,7.5,5.18825,2.31175,0.16325,0.1896315840366286,0.0,1.0
KXNBAAST-26APR05PHXCHI-PHXDBROOKS3-10,2026-04-05,ast,9.5,1.447,8.053,0.0,2.84736577089717e-05,0.0,1.0
KXNBAAST-26APR05PHXCHI-PHXDBROOKS3-2,2026-04-05,ast,1.5,1.447,0.052999999999999936,0.4105,0.41458418258903573,1.0,1.0
KXNBAAST-26APR05PHXCHI-PHXDBROOKS3-4,2026-04-05,ast,3.5,1.447,2.053,0.0775,0.0705665866155536,0.0,1.0
KXNBAAST-26APR05PHXCHI-PHXDBROOKS3-6,2026-04-05,ast,5.5,1.447,4.053,0.0065,0.007085378574246515,0.0,1.0
KXNBAAST-26APR05PHXCHI-PHXDBROOKS3-8,2026-04-05,ast,7.5,1.447,6.053,0.0,0.0005059839983054815,0.0,1.0
KXNBAAST-26APR05PHXCHI-PHXJGREEN4-2,2026-04-05,ast,1.5,2.87575,-1.37575,0.76275,0.7443519559856981,1.0,1.0
KXNBAAST-26APR05PHXCHI-PHXJGREEN4-3,2026-04-05,ast,2.5,2.87575,-0.37575000000000003,0.54075,0.5243277243886701,1.0,1.0
KXNBAAST-26APR05PHXCHI-PHXJGREEN4-4,2026-04-05,ast,3.5,2.87575,0.62425,0.32,0.3269691320339936,1.0,1.0
KXNBAAST-26APR05PHXCHI-PHXJGREEN4-6,2026-04-05,ast,5.5,2.87575,2.62425,0.08125,0.09464247902311085,0.0,1.0
KXNBAAST-26APR05PHXCHI-PHXJGREEN4-8,2026-04-05,ast,7.5,2.87575,4.62425,0.01475,0.020316627940932808,0.0,1.0
KXNBA3PT-26APR05PHXCHI-PHXDBOOKER1-1,2026-04-05,fg3m,0.5,1.637,-1.137,0.79825,0.7730716234755365,1.0,1.0
KXNBA3PT-26APR05PHXCHI-PHXDBOOKER1-2,2026-04-05,fg3m,1.5,1.637,-0.137,0.482,0.467186103258889,1.0,1.0
KXNBA3PT-26APR05PHXCHI-PHXDBOOKER1-3,2026-04-05,fg3m,2.5,1.637,0.863,0.232,0.23402202580283227,1.0,1.0
KXNBA3PT-26APR05PHXCHI-PHXDBOOKER1-4,2026-04-05,fg3m,3.5,1.637,1.863,0.09,0.10181033641333981,0.0,1.0
KXNBA3PT-26APR05PHXCHI-PHXDBOOKER1-5,2026-04-05,fg3m,4.5,1.637,2.863,0.0275,0.03974757533893214,0.0,1.0
KXNBAPTS-26APR05INDCLE-CLEDMITCHELL45-25,2026-04-05,pts,24.5,22.27225,2.2277500000000003,0.367,0.36369975010445854,1.0,1.0
KXNBAPTS-26APR05INDCLE-CLEDMITCHELL45-30,2026-04-05,pts,29.5,22.27225,7.22775,0.173,0.21526334882328535,1.0,1.0
KXNBAPTS-26APR05INDCLE-CLEDMITCHELL45-35,2026-04-05,pts,34.5,22.27225,12.22775,0.07175,0.11791006161789896,1.0,1.0
KXNBAPTS-26APR05INDCLE-CLEDMITCHELL45-40,2026-04-05,pts,39.5,22.27225,17.22775,0.02725,0.0606065048987976,0.0,1.0
KXNBAPTS-26APR05INDCLE-CLEDSCHRODER8-10,2026-04-05,pts,9.5,7.379,2.1210000000000004,0.2915,0.2638070962452296,0.0,1.0
KXNBAPTS-26APR05INDCLE-CLEDSCHRODER8-15,2026-04-05,pts,14.5,7.379,7.121,0.07325,0.05540119709700875,0.0,1.0
KXNBAPTS-26APR05INDCLE-CLEDSCHRODER8-20,2026-04-05,pts,19.5,7.379,12.121,0.01175,0.008433249938843757,0.0,1.0
KXNBAPTS-26APR05INDCLE-CLEJHARDEN1-20,2026-04-05,pts,19.5,17.29125,2.2087499999999984,0.3555,0.3451924907942727,1.0,1.0
KXNBAPTS-26APR05INDCLE-CLEJHARDEN1-25,2026-04-05,pts,24.5,17.29125,7.208749999999998,0.15175,0.17511049241871834,1.0,1.0
KXNBAPTS-26APR05INDCLE-CLEJHARDEN1-30,2026-04-05,pts,29.5,17.29125,12.208749999999998,0.0495,0.07937741033286982,0.0,1.0
KXNBAPTS-26APR05INDCLE-CLEJHARDEN1-35,2026-04-05,pts,34.5,17.29125,17.20875,0.01425,0.03293898235823267,0.0,1.0
KXNBAREB-26APR05INDCLE-CLEDMITCHELL45-2,2026-04-05,reb,1.5,4.253,-2.753,0.913,0.8856293574728011,1.0,1.0
KXNBAREB-26APR05INDCLE-CLEDMITCHELL45-4,2026-04-05,reb,3.5,4.253,-0.7530000000000001,0.614,0.5750434962115097,1.0,1.0
KXNBAREB-26APR05INDCLE-CLEDMITCHELL45-5,2026-04-05,reb,4.5,4.253,0.2469999999999999,0.42175,0.41073302571573367,1.0,1.0
KXNBAREB-26APR05INDCLE-CLEDMITCHELL45-6,2026-04-05,reb,5.5,4.253,1.2469999999999999,0.257,0.27341639337852686,1.0,1.0
KXNBAREB-26APR05INDCLE-CLEDMITCHELL45-8,2026-04-05,reb,7.5,4.253,3.247,0.0775,0.10134363268848534,0.0,1.0
KXNBAREB-26APR05INDCLE-CLEJHARDEN1-10,2026-04-05,reb,9.5,4.8955,4.6045,0.03425,0.058678878709202076,0.0,1.0
KXNBAREB-26APR05INDCLE-CLEJHARDEN1-2,2026-04-05,reb,1.5,4.8955,-3.3955,0.94975,0.920993269995986,1.0,1.0
KXNBAREB-26APR05INDCLE-CLEJHARDEN1-4,2026-04-05,reb,3.5,4.8955,-1.3955000000000002,0.71325,0.6654725731812279,1.0,1.0
KXNBAREB-26APR05INDCLE-CLEJHARDEN1-6,2026-04-05,reb,5.5,4.8955,0.6044999999999998,0.3625,0.36667784297951234,0.0,1.0
KXNBAREB-26APR05INDCLE-CLEJHARDEN1-8,2026-04-05,reb,7.5,4.8955,2.6045,0.12925,0.16065285038108712,0.0,1.0
KXNBAAST-26APR05INDCLE-CLEDMITCHELL45-2,2026-04-05,ast,1.5,4.57975,-3.0797499999999998,0.93225,0.9072015989270484,1.0,1.0
KXNBAAST-26APR05INDCLE-CLEDMITCHELL45-4,2026-04-05,ast,3.5,4.57975,-1.0797499999999998,0.667,0.6252771070931535,1.0,1.0
KXNBAAST-26APR05INDCLE-CLEDMITCHELL45-5,2026-04-05,ast,4.5,4.57975,-0.07974999999999977,0.4845,0.4633095653858419,1.0,1.0
KXNBAAST-26APR05INDCLE-CLEDMITCHELL45-6,2026-04-05,ast,5.5,4.57975,0.9202500000000002,0.316,0.32056496195623285,1.0,1.0
KXNBAAST-26APR05INDCLE-CLEDMITCHELL45-8,2026-04-05,ast,7.5,4.57975,2.9202500000000002,0.1005,0.12860056741467385,0.0,1.0
KXNBAAST-26APR05INDCLE-CLEDSCHRODER8-2,2026-04-05,ast,1.5,3.255,-1.755,0.81175,0.796315576903145,1.0,1.0
KXNBAAST-26APR05INDCLE-CLEDSCHRODER8-3,2026-04-05,ast,2.5,3.255,-0.7549999999999999,0.61275,0.5976816671927555,1.0,1.0
KXNBAAST-26APR05INDCLE-CLEDSCHRODER8-4,2026-04-05,ast,3.5,3.255,0.2450000000000001,0.4015,0.40147290214865416,0.0,1.0
KXNBAAST-26APR05INDCLE-CLEDSCHRODER8-6,2026-04-05,ast,5.5,3.255,2.245,0.131,0.13723743516281062,0.0,1.0
KXNBAAST-26APR05INDCLE-CLEDSCHRODER8-8,2026-04-05,ast,7.5,3.255,4.245,0.02875,0.03520267541108424,0.0,1.0
KXNBAAST-26APR05INDCLE-CLEJHARDEN1-10,2026-04-05,ast,9.5,6.395,3.1050000000000004,0.123,0.1602648050085559,0.0,1.0
KXNBAAST-26APR05INDCLE-CLEJHARDEN1-12,2026-04-05,ast,11.5,6.395,5.105,0.0405,0.06855583522176523,0.0,1.0
KXNBAAST-26APR05INDCLE-CLEJHARDEN1-4,2026-04-05,ast,3.5,6.395,-2.8949999999999996,0.8655,0.8165558472809076,1.0,1.0
KXNBAAST-26APR05INDCLE-CLEJHARDEN1-6,2026-04-05,ast,5.5,6.395,-0.8949999999999996,0.5945,0.5683453361448771,1.0,1.0
KXNBAAST-26APR05INDCLE-CLEJHARDEN1-8,2026-04-05,ast,7.5,6.395,1.1050000000000004,0.31525,0.32738676654269017,0.0,1.0
KXNBA3PT-26APR05INDCLE-CLEDMITCHELL45-1,2026-04-05,fg3m,0.5,2.45575,-1.95575,0.90375,0.88106400821663,1.0,1.0
KXNBA3PT-26APR05INDCLE-CLEDMITCHELL45-2,2026-04-05,fg3m,1.5,2.45575,-0.9557500000000001,0.69325,0.6600786532801035,1.0,1.0
KXNBA3PT-26APR05INDCLE-CLEDMITCHELL45-3,2026-04-05,fg3m,2.5,2.45575,0.0442499999999999,0.432,0.42788716390044834,0.0,1.0
KXNBA3PT-26APR05INDCLE-CLEDMITCHELL45-4,2026-04-05,fg3m,3.5,2.45575,1.04425,0.24225,0.24640473114921446,0.0,1.0
KXNBA3PT-26APR05INDCLE-CLEDMITCHELL45-5,2026-04-05,fg3m,4.5,2.45575,2.04425,0.11725,0.1289755825239881,0.0,1.0
KXNBA3PT-26APR05INDCLE-CLEJHARDEN1-1,2026-04-05,fg3m,0.5,2.48225,-1.98225,0.91625,0.8834218501015185,1.0,1.0
KXNBA3PT-26APR05INDCLE-CLEJHARDEN1-2,2026-04-05,fg3m,1.5,2.48225,-0.9822500000000001,0.7145,0.6650535838894547,1.0,1.0
KXNBA3PT-26APR05INDCLE-CLEJHARDEN1-3,2026-04-05,fg3m,2.5,2.48225,0.017749999999999932,0.4485,0.43374353395893084,1.0,1.0
KXNBA3PT-26APR05INDCLE-CLEJHARDEN1-4,2026-04-05,fg3m,3.5,2.48225,1.01775,0.23475,0.25147782478678005,1.0,1.0
KXNBA3PT-26APR05INDCLE-CLEJHARDEN1-5,2026-04-05,fg3m,4.5,2.48225,2.01775,0.1055,0.13258149133463482,1.0,1.0
KXNBAPTS-26APR05LALDAL-DALCFLAGG32-20,2026-04-05,pts,19.5,18.9195,0.5805000000000007,0.437,0.42025881483352756,1.0,1.0
KXNBAPTS-26APR05LALDAL-DALCFLAGG32-25,2026-04-05,pts,24.5,18.9195,5.580500000000001,0.2035,0.23487657182300636,1.0,1.0
KXNBAPTS-26APR05LALDAL-DALCFLAGG32-30,2026-04-05,pts,29.5,18.9195,10.5805,0.076,0.11799607052084515,1.0,1.0
KXNBAPTS-26APR05LALDAL-DALCFLAGG32-35,2026-04-05,pts,34.5,18.9195,15.5805,0.0215,0.05445867858776521,1.0,1.0
KXNBAPTS-26APR05LALDAL-DALDGAFFORD21-10,2026-04-05,pts,9.5,9.418,0.08200000000000074,0.45425,0.4380393216698404,0.0,1.0
KXNBAPTS-26APR05LALDAL-DALDGAFFORD21-15,2026-04-05,pts,14.5,9.418,5.082000000000001,0.16475,0.14520349395593846,0.0,1.0
KXNBAPTS-26APR05LALDAL-DALDGAFFORD21-20,2026-04-05,pts,19.5,9.418,10.082,0.044,0.035985479897125416,0.0,1.0
KXNBAPTS-26APR05LALDAL-DALKTHOMPSON31-10,2026-04-05,pts,9.5,9.33125,0.1687499999999993,0.4455,0.43098902691417407,1.0,1.0
KXNBAPTS-26APR05LALDAL-DALKTHOMPSON31-15,2026-04-05,pts,14.5,9.33125,5.168749999999999,0.17775,0.14064531967275484,0.0,1.0
KXNBAPTS-26APR05LALDAL-DALKTHOMPSON31-20,2026-04-05,pts,19.5,9.33125,10.16875,0.05425,0.03426883815915782,0.0,1.0
KXNBAPTS-26APR05LALDAL-DALKTHOMPSON31-25,2026-04-05,pts,24.5,9.33125,15.16875,0.0115,0.006848883706924824,0.0,1.0
KXNBAPTS-26APR05LALDAL-DALMCHRISTIE00-10,2026-04-05,pts,9.5,9.50375,-0.003750000000000142,0.453,0.44495946915572004,0.0,1.0
KXNBAPTS-26APR05LALDAL-DALMCHRISTIE00-15,2026-04-05,pts,14.5,9.50375,4.99625,0.16675,0.14975968964970643,0.0,1.0
KXNBAPTS-26APR05LALDAL-DALMCHRISTIE00-20,2026-04-05,pts,19.5,9.50375,9.99625,0.0455,0.037732885995124255,0.0,1.0
KXNBAPTS-26APR05LALDAL-DALMCHRISTIE00-25,2026-04-05,pts,24.5,9.50375,14.99625,0.00775,0.007807165937949612,0.0,1.0
KXNBAPTS-26APR05LALDAL-DALNMARSHALL13-10,2026-04-05,pts,9.5,13.7835,-4.2835,0.748,0.7154464127513892,1.0,1.0
KXNBAPTS-26APR05LALDAL-DALNMARSHALL13-15,2026-04-05,pts,14.5,13.7835,0.7164999999999999,0.42325,0.4042393256238951,0.0,1.0
KXNBAPTS-26APR05LALDAL-DALNMARSHALL13-20,2026-04-05,pts,19.5,13.7835,5.7165,0.1675,0.18204581453350177,0.0,1.0
KXNBAPTS-26APR05LALDAL-DALNMARSHALL13-25,2026-04-05,pts,24.5,13.7835,10.7165,0.048,0.0693110731221902,0.0,1.0
KXNBAPTS-26APR05LALDAL-DALPWASHINGTON25-10,2026-04-05,pts,9.5,12.170891251022077,-2.670891251022077,0.6496320523303353,0.631282401850376,1.0,0.6115
KXNBAPTS-26APR05LALDAL-DALPWASHINGTON25-15,2026-04-05,pts,14.5,12.170891251022077,2.329108748977923,0.3160261651676206,0.3068515236007958,1.0,0.6115
KXNBAPTS-26APR05LALDAL-DALPWASHINGTON25-20,2026-04-05,pts,19.5,12.170891251022077,7.329108748977923,0.1169255928045789,0.1161827013071769,0.0,0.6115
KXNBAPTS-26APR05LALDAL-DALPWASHINGTON25-25,2026-04-05,pts,24.5,12.170891251022077,12.329108748977923,0.028618152085036794,0.036784129201613225,0.0,0.6115
KXNBAPTS-26APR05LALDAL-LALDAYTON5-10,2026-04-05,pts,9.5,9.708,-0.20800000000000018,0.47625,0.4612389006598707,1.0,1.0
KXNBAPTS-26APR05LALDAL-LALDAYTON5-15,2026-04-05,pts,14.5,9.708,4.792,0.167,0.1608039869295479,0.0,1.0
KXNBAPTS-26APR05LALDAL-LALDAYTON5-20,2026-04-05,pts,19.5,9.708,9.792,0.04025,0.042097971954326185,0.0,1.0
KXNBAPTS-26APR05LALDAL-LALDAYTON5-25,2026-04-05,pts,24.5,9.708,14.792,0.007,0.00906294999149082,0.0,1.0
KXNBAPTS-26APR05LALDAL-LALLJAMES23-20,2026-04-05,pts,19.5,17.039,2.4609999999999985,0.32925,0.3333074806583235,1.0,1.0
KXNBAPTS-26APR05LALDAL-LALLJAMES23-25,2026-04-05,pts,24.5,17.039,7.4609999999999985,0.12975,0.1662774288915777,1.0,1.0
KXNBAPTS-26APR05LALDAL-LALLJAMES23-30,2026-04-05,pts,29.5,17.039,12.460999999999999,0.037,0.07405519285935036,1.0,1.0
KXNBAPTS-26APR05LALDAL-LALLJAMES23-35,2026-04-05,pts,34.5,17.039,17.461,0.0105,0.030176442375418944,0.0,1.0
KXNBAREB-26APR05LALDAL-DALCFLAGG32-10,2026-04-05,reb,9.5,5.7375,3.7625,0.078,0.11069123081876797,0.0,1.0
KXNBAREB-26APR05LALDAL-DALCFLAGG32-12,2026-04-05,reb,11.5,5.7375,5.7625,0.02025,0.04246178446166926,0.0,1.0
KXNBAREB-26APR05LALDAL-DALCFLAGG32-6,2026-04-05,reb,5.5,5.7375,-0.23749999999999982,0.5055,0.4838336392178567,1.0,1.0
KXNBAREB-26APR05LALDAL-DALCFLAGG32-7,2026-04-05,reb,6.5,5.7375,0.7625000000000002,0.35525,0.35723328482217576,1.0,1.0
KXNBAREB-26APR05LALDAL-DALCFLAGG32-8,2026-04-05,reb,7.5,5.7375,1.7625000000000002,0.23275,0.25175754143949824,1.0,1.0
KXNBAREB-26APR05LALDAL-DALDGAFFORD21-10,2026-04-05,reb,9.5,5.96,3.54,0.11475,0.12714032533332897,0.0,1.0
KXNBAREB-26APR05LALDAL-DALDGAFFORD21-12,2026-04-05,reb,11.5,5.96,5.54,0.037,0.05096800651904865,0.0,1.0
KXNBAREB-26APR05LALDAL-DALDGAFFORD21-6,2026-04-05,reb,5.5,5.96,-0.45999999999999996,0.52575,0.5128005230395534,1.0,1.0
KXNBAREB-26APR05LALDAL-DALDGAFFORD21-7,2026-04-05,reb,6.5,5.96,0.54,0.3935,0.3857332380323554,1.0,1.0
KXNBAREB-26APR05LALDAL-DALDGAFFORD21-8,2026-04-05,reb,7.5,5.96,1.54,0.28225,0.27727679485083123,0.0,1.0
KXNBAREB-26APR05LALDAL-DALMCHRISTIE00-2,2026-04-05,reb,1.5,2.8735,-1.3735,0.76375,0.7421883064403514,0.0,1.0
KXNBAREB-26APR05LALDAL-DALMCHRISTIE00-3,2026-04-05,reb,2.5,2.8735,-0.37349999999999994,0.542,0.5227249333481555,0.0,1.0
KXNBAREB-26APR05LALDAL-DALMCHRISTIE00-4,2026-04-05,reb,3.5,2.8735,0.6265000000000001,0.32975,0.3265562573264891,0.0,1.0
KXNBAREB-26APR05LALDAL-DALMCHRISTIE00-6,2026-04-05,reb,5.5,2.8735,2.6265,0.078,0.09545497787601465,0.0,1.0
KXNBAREB-26APR05LALDAL-DALMCHRISTIE00-8,2026-04-05,reb,7.5,2.8735,4.6265,0.01125,0.020850181703521042,0.0,1.0
KXNBAREB-26APR05LALDAL-DALPWASHINGTON25-10,2026-04-05,reb,9.5,5.814390842191333,3.685609157808667,0.09321340964840556,0.11625919507471638,0.0,0.6115
KXNBAREB-26APR05LALDAL-DALPWASHINGTON25-2,2026-04-05,reb,1.5,5.814390842191333,-4.314390842191333,0.9730171708912511,0.9527919803790883,1.0,0.6115
KXNBAREB-26APR05LALDAL-DALPWASHINGTON25-4,2026-04-05,reb,3.5,5.814390842191333,-2.314390842191333,0.8192968111201963,0.7655926917592398,1.0,0.6115
KXNBAREB-26APR05LALDAL-DALPWASHINGTON25-6,2026-04-05,reb,5.5,5.814390842191333,-0.31439084219133306,0.5073589533932952,0.4939560038123454,1.0,0.6115
KXNBAREB-26APR05LALDAL-DALPWASHINGTON25-8,2026-04-05,reb,7.5,5.814390842191333,1.685609157808667,0.23548650858544562,0.26053507259485165,0.0,0.6115
KXNBAREB-26APR05LALDAL-LALDAYTON5-10,2026-04-05,reb,9.5,6.331,3.1689999999999996,0.13775,0.15670208775393912,0.0,1.0
KXNBAREB-26APR05LALDAL-LALDAYTON5-12,2026-04-05,reb,11.5,6.331,5.169,0.05,0.06724290466112615,0.0,1.0
KXNBAREB-26APR05LALDAL-LALDAYTON5-14,2026-04-05,reb,13.5,6.331,7.169,0.0155,0.025910687191710413,0.0,1.0
KXNBAREB-26APR05LALDAL-LALDAYTON5-6,2026-04-05,reb,5.5,6.331,-0.8310000000000004,0.59025,0.558769611694417,0.0,1.0
KXNBAREB-26APR05LALDAL-LALDAYTON5-8,2026-04-05,reb,7.5,6.331,1.1689999999999996,0.317,0.3203675151425016,0.0,1.0
KXNBAREB-26APR05LALDAL-LALLJAMES23-10,2026-04-05,reb,9.5,5.54825,3.9517499999999997,0.0665,0.09753673186558787,0.0,1.0
KXNBAREB-26APR05LALDAL-LALLJAMES23-12,2026-04-05,reb,11.5,5.54825,5.95175,0.016,0.03596434589273989,0.0,1.0
KXNBAREB-26APR05LALDAL-LALLJAMES23-4,2026-04-05,reb,3.5,5.54825,-2.0482500000000003,0.78675,0.7398691246156742,1.0,1.0
KXNBAREB-26APR05LALDAL-LALLJAMES23-6,2026-04-05,reb,5.5,5.54825,-0.04825000000000035,0.4795,0.45844517718486544,1.0,1.0
KXNBAREB-26APR05LALDAL-LALLJAMES23-8,2026-04-05,reb,7.5,5.54825,1.9517499999999997,0.20575,0.23039219202022787,1.0,1.0
KXNBAAST-26APR05LALDAL-DALMCHRISTIE00-2,2026-04-05,ast,1.5,1.64225,-0.14225,0.4805,0.47408358932693084,1.0,1.0
KXNBAAST-26APR05LALDAL-DALMCHRISTIE00-3,2026-04-05,ast,2.5,1.64225,0.85775,0.2315,0.23349250541351252,0.0,1.0
KXNBAAST-26APR05LALDAL-DALMCHRISTIE00-4,2026-04-05,ast,3.5,1.64225,1.85775,0.0905,0.09798763030591373,0.0,1.0
KXNBAAST-26APR05LALDAL-DALMCHRISTIE00-6,2026-04-05,ast,5.5,1.64225,3.8577500000000002,0.007,0.012129410432706544,0.0,1.0
KXNBAAST-26APR05LALDAL-DALMCHRISTIE00-8,2026-04-05,ast,7.5,1.64225,5.85775,0.0005,0.001073691332518889,0.0,1.0
KXNBAAST-26APR05LALDAL-DALPWASHINGTON25-10,2026-04-05,ast,9.5,1.6116107931316435,7.888389206868356,0.0,6.51291134502463e-05,0.0,0.6115
KXNBAAST-26APR05LALDAL-DALPWASHINGTON25-2,2026-04-05,ast,1.5,1.6116107931316435,-0.11161079313164346,0.47383483237939494,0.46504865738568313,0.0,0.6115
KXNBAAST-26APR05LALDAL-DALPWASHINGTON25-4,2026-04-05,ast,3.5,1.6116107931316435,1.8883892068683565,0.08708094848732624,0.09342644126537847,0.0,0.6115
KXNBAAST-26APR05LALDAL-DALPWASHINGTON25-6,2026-04-05,ast,5.5,1.6116107931316435,3.8883892068683563,0.00776778413736713,0.011213974934600746,0.0,0.6115
KXNBAAST-26APR05LALDAL-DALPWASHINGTON25-8,2026-04-05,ast,7.5,1.6116107931316435,5.888389206868356,0.0008176614881439084,0.0009617166995027349,0.0,0.6115
KXNBAAST-26APR05LALDAL-LALLJAMES23-10,2026-04-05,ast,9.5,5.8545,3.6455,0.082,0.11742682146043637,1.0,1.0
KXNBAAST-26APR05LALDAL-LALLJAMES23-12,2026-04-05,ast,11.5,5.8545,5.6455,0.01975,0.04537661978371754,1.0,1.0
KXNBAAST-26APR05LALDAL-LALLJAMES23-14,2026-04-05,ast,13.5,5.8545,7.6455,0.003,0.015638774929289112,1.0,1.0
KXNBAAST-26APR05LALDAL-LALLJAMES23-6,2026-04-05,ast,5.5,5.8545,-0.3544999999999998,0.52425,0.5004885892659479,1.0,1.0
KXNBAAST-26APR05LALDAL-LALLJAMES23-8,2026-04-05,ast,7.5,5.8545,1.6455000000000002,0.246,0.2641669434686508,1.0,1.0
KXNBA3PT-26APR05LALDAL-DALCFLAGG32-1,2026-04-05,fg3m,0.5,0.9835,-0.48350000000000004,0.62925,0.6035116461093193,1.0,1.0
KXNBA3PT-26APR05LALDAL-DALCFLAGG32-2,2026-04-05,fg3m,1.5,0.9835,0.5165,0.25575,0.2580713585469405,1.0,1.0
KXNBA3PT-26APR05LALDAL-DALCFLAGG32-3,2026-04-05,fg3m,2.5,0.9835,1.5165,0.07475,0.08787582955554596,0.0,1.0
KXNBA3PT-26APR05LALDAL-DALCFLAGG32-4,2026-04-05,fg3m,3.5,0.9835,2.5164999999999997,0.01875,0.02549820982017137,0.0,1.0
KXNBA3PT-26APR05LALDAL-DALCFLAGG32-5,2026-04-05,fg3m,4.5,0.9835,3.5164999999999997,0.0045,0.006572051230929188,0.0,1.0
KXNBA3PT-26APR05LALDAL-LALLJAMES23-1,2026-04-05,fg3m,0.5,1.1075,-0.6074999999999999,0.66025,0.6444797899737997,1.0,1.0
KXNBA3PT-26APR05LALDAL-LALLJAMES23-2,2026-04-05,fg3m,1.5,1.1075,0.39250000000000007,0.30275,0.3006280302935874,0.0,1.0
KXNBA3PT-26APR05LALDAL-LALLJAMES23-3,2026-04-05,fg3m,2.5,1.1075,1.3925,0.10675,0.11256180066836885,0.0,1.0
KXNBA3PT-26APR05LALDAL-LALLJAMES23-4,2026-04-05,fg3m,3.5,1.1075,2.3925,0.02875,0.036045163416138504,0.0,1.0
KXNBA3PT-26APR05LALDAL-LALLJAMES23-5,2026-04-05,fg3m,4.5,1.1075,3.3925,0.00675,0.0102728171377513,0.0,1.0
KXNBAPTS-26APR05HOUGSW-GSWDGREEN23-10,2026-04-05,pts,9.5,8.72375,0.7762499999999992,0.397,0.3803664043513274,0.0,1.0
KXNBAPTS-26APR05HOUGSW-GSWDGREEN23-15,2026-04-05,pts,14.5,8.72375,5.776249999999999,0.1355,0.11032159984153089,0.0,1.0
KXNBAPTS-26APR05HOUGSW-GSWDGREEN23-20,2026-04-05,pts,19.5,8.72375,10.77625,0.032,0.023671593666188318,0.0,1.0
KXNBAPTS-26APR05HOUGSW-GSWKPORZINGIS7-15,2026-04-05,pts,14.5,15.15375,-0.6537500000000005,0.4975,0.4819326846114842,0.0,1.0
KXNBAPTS-26APR05HOUGSW-GSWKPORZINGIS7-20,2026-04-05,pts,19.5,15.15375,4.3462499999999995,0.2425,0.2442885427287681,0.0,1.0
KXNBAPTS-26APR05HOUGSW-GSWKPORZINGIS7-25,2026-04-05,pts,24.5,15.15375,9.34625,0.09525,0.10566316695947098,0.0,1.0
KXNBAPTS-26APR05HOUGSW-GSWKPORZINGIS7-30,2026-04-05,pts,29.5,15.15375,14.34625,0.031,0.04052149896550006,0.0,1.0
KXNBAPTS-26APR05HOUGSW-HOUASENGUN28-15,2026-04-05,pts,14.5,17.04475,-2.5447500000000005,0.628,0.5775590659223506,1.0,1.0
KXNBAPTS-26APR05HOUGSW-HOUASENGUN28-20,2026-04-05,pts,19.5,17.04475,2.4552499999999995,0.3385,0.3335788554692881,1.0,1.0
KXNBAPTS-26APR05HOUGSW-HOUASENGUN28-25,2026-04-05,pts,24.5,17.04475,7.4552499999999995,0.12925,0.1664771929043084,0.0,1.0
KXNBAPTS-26APR05HOUGSW-HOUASENGUN28-30,2026-04-05,pts,29.5,17.04475,12.45525,0.03925,0.07417440504515083,0.0,1.0
KXNBAPTS-26APR05HOUGSW-HOUATHOMPSON1-15,2026-04-05,pts,14.5,15.6215,-1.1214999999999993,0.5405,0.5069316692726071,1.0,1.0
KXNBAPTS-26APR05HOUGSW-HOUATHOMPSON1-20,2026-04-05,pts,19.5,15.6215,3.8785000000000007,0.257,0.26623317136049796,0.0,1.0
KXNBAPTS-26APR05HOUGSW-HOUATHOMPSON1-25,2026-04-05,pts,24.5,15.6215,8.8785,0.08425,0.11968509189070786,0.0,1.0
KXNBAPTS-26APR05HOUGSW-HOUATHOMPSON1-30,2026-04-05,pts,29.5,15.6215,13.8785,0.02225,0.04778610094544289,0.0,1.0
KXNBAPTS-26APR05HOUGSW-HOUJSMITH10-10,2026-04-05,pts,9.5,13.5675,-4.067500000000001,0.71825,0.7053391038534432,1.0,1.0
KXNBAPTS-26APR05HOUGSW-HOUJSMITH10-15,2026-04-05,pts,14.5,13.5675,0.9324999999999992,0.4055,0.39147573805735847,1.0,1.0
KXNBAPTS-26APR05HOUGSW-HOUJSMITH10-20,2026-04-05,pts,19.5,13.5675,5.932499999999999,0.1765,0.1726566966973947,1.0,1.0
KXNBAPTS-26APR05HOUGSW-HOUJSMITH10-25,2026-04-05,pts,24.5,13.5675,10.9325,0.05525,0.0642841385599362,0.0,1.0
KXNBAPTS-26APR05HOUGSW-HOUKDURANT7-20,2026-04-05,pts,19.5,20.957,-1.4570000000000007,0.56,0.507634170295894,1.0,1.0
KXNBAPTS-26APR05HOUGSW-HOUKDURANT7-25,2026-04-05,pts,24.5,20.957,3.5429999999999993,0.303,0.31316632500065644,1.0,1.0
KXNBAPTS-26APR05HOUGSW-HOUKDURANT7-30,2026-04-05,pts,29.5,20.957,8.543,0.1285,0.1749350826124051,1.0,1.0
KXNBAPTS-26APR05HOUGSW-HOUKDURANT7-35,2026-04-05,pts,34.5,20.957,13.543,0.04425,0.0901750642269723,0.0,1.0
KXNBAPTS-26APR05HOUGSW-HOURSHEPPARD15-10,2026-04-05,pts,9.5,13.1585,-3.6585,0.69375,0.6852436891067337,1.0,1.0
KXNBAPTS-26APR05HOUGSW-HOURSHEPPARD15-15,2026-04-05,pts,14.5,13.1585,1.3415,0.38275,0.3670105297617279,0.0,1.0
KXNBAPTS-26APR05HOUGSW-HOURSHEPPARD15-20,2026-04-05,pts,19.5,13.1585,6.3415,0.15325,0.15530351957870037,0.0,1.0
KXNBAPTS-26APR05HOUGSW-HOURSHEPPARD15-25,2026-04-05,pts,24.5,13.1585,11.3415,0.05525,0.05532432842189228,0.0,1.0
KXNBAPTS-26APR05HOUGSW-HOUTEASON17-10,2026-04-05,pts,9.5,9.496,0.0039999999999995595,0.45575,0.4443360681878371,0.0,1.0
KXNBAPTS-26APR05HOUGSW-HOUTEASON17-15,2026-04-05,pts,14.5,9.496,5.004,0.169,0.1493458863938094,0.0,1.0
KXNBAPTS-26APR05HOUGSW-HOUTEASON17-20,2026-04-05,pts,19.5,9.496,10.004,0.051,0.03757288848903817,0.0,1.0
KXNBAREB-26APR05HOUGSW-GSWDGREEN23-10,2026-04-05,reb,9.5,4.97825,4.52175,0.04075,0.0630171981344455,0.0,1.0
KXNBAREB-26APR05HOUGSW-GSWDGREEN23-2,2026-04-05,reb,1.5,4.97825,-3.47825,0.94325,0.9246269027381132,1.0,1.0
KXNBAREB-26APR05HOUGSW-GSWDGREEN23-4,2026-04-05,reb,3.5,4.97825,-1.47825,0.7105,0.6758469025902711,1.0,1.0
KXNBAREB-26APR05HOUGSW-GSWDGREEN23-6,2026-04-05,reb,5.5,4.97825,0.5217499999999999,0.3855,0.3785869394467978,1.0,1.0
KXNBAREB-26APR05HOUGSW-GSWDGREEN23-8,2026-04-05,reb,7.5,4.97825,2.52175,0.14975,0.16905672057939825,0.0,1.0
KXNBAREB-26APR05HOUGSW-GSWKPORZINGIS7-10,2026-04-05,reb,9.5,4.43575,5.06425,0.02225,0.03779395882683001,0.0,1.0
KXNBAREB-26APR05HOUGSW-GSWKPORZINGIS7-2,2026-04-05,reb,1.5,4.43575,-2.9357499999999996,0.92425,0.897128365649374,1.0,1.0
KXNBAREB-26APR05HOUGSW-GSWKPORZINGIS7-4,2026-04-05,reb,3.5,4.43575,-0.9357499999999996,0.622,0.6025674187677934,1.0,1.0
KXNBAREB-26APR05HOUGSW-GSWKPORZINGIS7-6,2026-04-05,reb,5.5,4.43575,1.0642500000000004,0.2945,0.2999116189227383,1.0,1.0
KXNBAREB-26APR05HOUGSW-GSWKPORZINGIS7-8,2026-04-05,reb,7.5,4.43575,3.0642500000000004,0.099,0.11702609337584835,1.0,1.0
KXNBAREB-26APR05HOUGSW-HOUASENGUN28-10,2026-04-05,reb,9.5,7.33,2.17,0.213,0.24628184672266196,0.0,1.0
KXNBAREB-26APR05HOUGSW-HOUASENGUN28-12,2026-04-05,reb,11.5,7.33,4.17,0.0825,0.12343313540455647,0.0,1.0
KXNBAREB-26APR05HOUGSW-HOUASENGUN28-6,2026-04-05,reb,5.5,7.33,-1.83,0.72075,0.666746713152114,1.0,1.0
KXNBAREB-26APR05HOUGSW-HOUASENGUN28-8,2026-04-05,reb,7.5,7.33,0.16999999999999993,0.4505,0.4352100701624174,0.0,1.0
KXNBAREB-26APR05HOUGSW-HOUASENGUN28-9,2026-04-05,reb,8.5,7.33,1.17,0.31975,0.3328413212200171,0.0,1.0
KXNBAREB-26APR05HOUGSW-HOUATHOMPSON1-10,2026-04-05,reb,9.5,7.2195,2.2805,0.20325,0.2358518297951051,0.0,1.0
KXNBAREB-26APR05HOUGSW-HOUATHOMPSON1-12,2026-04-05,reb,11.5,7.2195,4.2805,0.07,0.11639647148188059,0.0,1.0
KXNBAREB-26APR05HOUGSW-HOUATHOMPSON1-6,2026-04-05,reb,5.5,7.2195,-1.7195,0.71,0.6559609490486487,0.0,1.0
KXNBAREB-26APR05HOUGSW-HOUATHOMPSON1-8,2026-04-05,reb,7.5,7.2195,0.28049999999999997,0.434,0.42280924238097417,0.0,1.0
KXNBAREB-26APR05HOUGSW-HOUATHOMPSON1-9,2026-04-05,reb,8.5,7.2195,1.2805,0.3075,0.32109693571138676,0.0,1.0
KXNBAREB-26APR05HOUGSW-HOUJSMITH10-10,2026-04-05,reb,9.5,6.1875,3.3125,0.115,0.14497226733929935,0.0,1.0
KXNBAREB-26APR05HOUGSW-HOUJSMITH10-12,2026-04-05,reb,11.5,6.1875,5.3125,0.0415,0.06063907538738189,0.0,1.0
KXNBAREB-26APR05HOUGSW-HOUJSMITH10-6,2026-04-05,reb,5.5,6.1875,-0.6875,0.56725,0.5413489179854893,1.0,1.0
KXNBAREB-26APR05HOUGSW-HOUJSMITH10-7,2026-04-05,reb,6.5,6.1875,0.3125,0.423,0.4144986145085108,1.0,1.0
KXNBAREB-26APR05HOUGSW-HOUJSMITH10-8,2026-04-05,reb,7.5,6.1875,1.3125,0.2925,0.30365460064509453,1.0,1.0
KXNBAREB-26APR05HOUGSW-HOUKDURANT7-10,2026-04-05,reb,9.5,4.84725,4.65275,0.03825,0.05623043209666356,0.0,1.0
KXNBAREB-26APR05HOUGSW-HOUKDURANT7-2,2026-04-05,reb,1.5,4.84725,-3.34725,0.947,0.9187892408183541,1.0,1.0
KXNBAREB-26APR05HOUGSW-HOUKDURANT7-4,2026-04-05,reb,3.5,4.84725,-1.3472499999999998,0.7045,0.6592920179213179,1.0,1.0
KXNBAREB-26APR05HOUGSW-HOUKDURANT7-6,2026-04-05,reb,5.5,4.84725,0.6527500000000002,0.3495,0.35970956516152586,1.0,1.0
KXNBAREB-26APR05HOUGSW-HOUKDURANT7-8,2026-04-05,reb,7.5,4.84725,2.65275,0.1285,0.15582345016327048,1.0,1.0
KXNBAREB-26APR05HOUGSW-HOUTEASON17-10,2026-04-05,reb,9.5,5.601,3.899,0.07625,0.10112289158716958,0.0,1.0
KXNBAREB-26APR05HOUGSW-HOUTEASON17-12,2026-04-05,reb,11.5,5.601,5.899,0.021,0.03770772451596116,0.0,1.0
KXNBAREB-26APR05HOUGSW-HOUTEASON17-6,2026-04-05,reb,5.5,5.601,-0.10099999999999998,0.48175,0.465587131385917,0.0,1.0
KXNBAREB-26APR05HOUGSW-HOUTEASON17-7,2026-04-05,reb,6.5,5.601,0.899,0.343,0.33963400022580237,0.0,1.0
KXNBAREB-26APR05HOUGSW-HOUTEASON17-8,2026-04-05,reb,7.5,5.601,1.899,0.23025,0.23630929376141396,0.0,1.0
KXNBAAST-26APR05HOUGSW-GSWDGREEN23-10,2026-04-05,ast,9.5,4.48625,5.01375,0.021,0.03868454206180638,1.0,1.0
KXNBAAST-26APR05HOUGSW-GSWDGREEN23-2,2026-04-05,ast,1.5,4.48625,-2.98625,0.92575,0.9019815322905534,1.0,1.0
KXNBAAST-26APR05HOUGSW-GSWDGREEN23-4,2026-04-05,ast,3.5,4.48625,-0.9862500000000001,0.6465,0.6118600733376673,1.0,1.0
KXNBAAST-26APR05HOUGSW-GSWDGREEN23-6,2026-04-05,ast,5.5,4.48625,1.01375,0.303,0.30685534837099826,1.0,1.0
KXNBAAST-26APR05HOUGSW-GSWDGREEN23-8,2026-04-05,ast,7.5,4.48625,3.01375,0.09725,0.12006312299403599,1.0,1.0
KXNBAAST-26APR05HOUGSW-HOUASENGUN28-10,2026-04-05,ast,9.5,5.04975,4.45025,0.0415,0.06541490063525002,0.0,1.0
KXNBAAST-26APR05HOUGSW-HOUASENGUN28-2,2026-04-05,ast,1.5,5.04975,-3.5497500000000004,0.95925,0.9293562443230992,1.0,1.0
KXNBAAST-26APR05HOUGSW-HOUASENGUN28-4,2026-04-05,ast,3.5,5.04975,-1.5497500000000004,0.726,0.6870262184159424,1.0,1.0
KXNBAAST-26APR05HOUGSW-HOUASENGUN28-6,2026-04-05,ast,5.5,5.04975,0.4502499999999996,0.38975,0.3890843107173051,1.0,1.0
KXNBAAST-26APR05HOUGSW-HOUASENGUN28-8,2026-04-05,ast,7.5,5.04975,2.4502499999999996,0.146,0.1750048116375743,0.0,1.0
KXNBAAST-26APR05HOUGSW-HOUATHOMPSON1-2,2026-04-05,ast,1.5,4.651,-3.151,0.946,0.9109832257916325,1.0,1.0
KXNBAAST-26APR05HOUGSW-HOUATHOMPSON1-4,2026-04-05,ast,3.5,4.651,-1.1509999999999998,0.679,0.6352462751023291,1.0,1.0
KXNBAAST-26APR05HOUGSW-HOUATHOMPSON1-5,2026-04-05,ast,4.5,4.651,-0.1509999999999998,0.49275,0.47435155915370353,1.0,1.0
KXNBAAST-26APR05HOUGSW-HOUATHOMPSON1-6,2026-04-05,ast,5.5,4.651,0.8490000000000002,0.32125,0.3310124961923364,1.0,1.0
KXNBAAST-26APR05HOUGSW-HOUATHOMPSON1-8,2026-04-05,ast,7.5,4.651,2.849,0.10475,0.13527307499991958,0.0,1.0
KXNBAAST-26APR05HOUGSW-HOUKDURANT7-10,2026-04-05,ast,9.5,4.4145,5.0855,0.01625,0.035873443574316766,0.0,1.0
KXNBAAST-26APR05HOUGSW-HOUKDURANT7-2,2026-04-05,ast,1.5,4.4145,-2.9145000000000003,0.92325,0.8977675686396615,1.0,1.0
KXNBAAST-26APR05HOUGSW-HOUKDURANT7-4,2026-04-05,ast,3.5,4.4145,-0.9145000000000003,0.646,0.6013058974418355,1.0,1.0
KXNBAAST-26APR05HOUGSW-HOUKDURANT7-6,2026-04-05,ast,5.5,4.4145,1.0854999999999997,0.2865,0.2963470002594121,1.0,1.0
KXNBAAST-26APR05HOUGSW-HOUKDURANT7-8,2026-04-05,ast,7.5,4.4145,3.0854999999999997,0.0845,0.1136868501349928,1.0,1.0
KXNBAAST-26APR05HOUGSW-HOURSHEPPARD15-10,2026-04-05,ast,9.5,3.61525,5.88475,0.00575,0.01307701576523057,0.0,1.0
KXNBAAST-26APR05HOUGSW-HOURSHEPPARD15-2,2026-04-05,ast,1.5,3.61525,-2.11525,0.862,0.8358139782822029,1.0,1.0
KXNBAAST-26APR05HOUGSW-HOURSHEPPARD15-4,2026-04-05,ast,3.5,3.61525,-0.11525000000000007,0.47875,0.468971539674095,0.0,1.0
KXNBAAST-26APR05HOUGSW-HOURSHEPPARD15-6,2026-04-05,ast,5.5,3.61525,1.88475,0.17425,0.18318724657276486,0.0,1.0
KXNBAAST-26APR05HOUGSW-HOURSHEPPARD15-8,2026-04-05,ast,7.5,3.61525,3.88475,0.0405,0.05430513356468114,0.0,1.0
KXNBA3PT-26APR05HOUGSW-HOUASENGUN28-1,2026-04-05,fg3m,0.5,0.5375,-0.03749999999999998,0.41,0.40513483979239007,1.0,1.0
KXNBA3PT-26APR05HOUGSW-HOUASENGUN28-2,2026-04-05,fg3m,1.5,0.5375,0.9625,0.107,0.10642754366908247,0.0,1.0
KXNBA3PT-26APR05HOUGSW-HOUASENGUN28-3,2026-04-05,fg3m,2.5,0.5375,1.9625,0.01825,0.02160608504702788,0.0,1.0
KXNBA3PT-26APR05HOUGSW-HOUASENGUN28-4,2026-04-05,fg3m,3.5,0.5375,2.9625,0.002,0.0036888441329548938,0.0,1.0
KXNBA3PT-26APR05HOUGSW-HOUASENGUN28-5,2026-04-05,fg3m,4.5,0.5375,3.9625,0.00025,0.0005556337657135479,0.0,1.0
KXNBA3PT-26APR05HOUGSW-HOUATHOMPSON1-1,2026-04-05,fg3m,0.5,0.3825,0.1175,0.3145,0.31149004040589257,0.0,1.0
KXNBA3PT-26APR05HOUGSW-HOUATHOMPSON1-2,2026-04-05,fg3m,1.5,0.3825,1.1175,0.06,0.06070137396484121,0.0,1.0
KXNBA3PT-26APR05HOUGSW-HOUATHOMPSON1-3,2026-04-05,fg3m,2.5,0.3825,2.1175,0.00725,0.009043301806801463,0.0,1.0
KXNBA3PT-26APR05HOUGSW-HOUATHOMPSON1-4,2026-04-05,fg3m,3.5,0.3825,3.1175,0.00075,0.0011278816230686495,0.0,1.0
KXNBA3PT-26APR05HOUGSW-HOUATHOMPSON1-5,2026-04-05,fg3m,4.5,0.3825,4.1175,0.0,0.00012381442736564274,0.0,1.0
KXNBA3PT-26APR05HOUGSW-HOUKDURANT7-1,2026-04-05,fg3m,0.5,2.047,-1.5470000000000002,0.867,0.836912877667776,1.0,1.0
KXNBA3PT-26APR05HOUGSW-HOUKDURANT7-2,2026-04-05,fg3m,1.5,2.047,-0.5470000000000002,0.6075,0.5736652360791856,1.0,1.0
KXNBA3PT-26APR05HOUGSW-HOUKDURANT7-3,2026-04-05,fg3m,2.5,2.047,0.45299999999999985,0.3345,0.33337179443224507,1.0,1.0
KXNBA3PT-26APR05HOUGSW-HOUKDURANT7-4,2026-04-05,fg3m,3.5,2.047,1.4529999999999998,0.1555,0.1702076089476603,0.0,1.0
KXNBA3PT-26APR05HOUGSW-HOUKDURANT7-5,2026-04-05,fg3m,4.5,2.047,2.453,0.0555,0.0784882983362939,0.0,1.0
KXNBA3PT-26APR05HOUGSW-HOURSHEPPARD15-2,2026-04-05,fg3m,1.5,2.729,-1.229,0.74375,0.7080334401748689,1.0,1.0
KXNBA3PT-26APR05HOUGSW-HOURSHEPPARD15-3,2026-04-05,fg3m,2.5,2.729,-0.2290000000000001,0.51225,0.4863762222566018,0.0,1.0
KXNBA3PT-26APR05HOUGSW-HOURSHEPPARD15-4,2026-04-05,fg3m,3.5,2.729,0.7709999999999999,0.29775,0.298926847782888,0.0,1.0
KXNBA3PT-26APR05HOUGSW-HOURSHEPPARD15-5,2026-04-05,fg3m,4.5,2.729,1.771,0.146,0.16769503201107172,0.0,1.0
KXNBA3PT-26APR05HOUGSW-HOURSHEPPARD15-6,2026-04-05,fg3m,5.5,2.729,2.771,0.06575,0.08728354045671771,0.0,1.0
KXNBA3PT-26APR05HOUGSW-HOUTEASON17-1,2026-04-05,fg3m,0.5,1.219,-0.7190000000000001,0.68425,0.677267112863406,0.0,1.0
KXNBA3PT-26APR05HOUGSW-HOUTEASON17-2,2026-04-05,fg3m,1.5,1.219,0.2809999999999999,0.35075,0.33802841229842007,0.0,1.0
KXNBA3PT-26APR05HOUGSW-HOUTEASON17-3,2026-04-05,fg3m,2.5,1.219,1.281,0.13425,0.1363775107018541,0.0,1.0
KXNBA3PT-26APR05HOUGSW-HOUTEASON17-4,2026-04-05,fg3m,3.5,1.219,2.2809999999999997,0.03975,0.047211274266533376,0.0,1.0
KXNBA3PT-26APR05HOUGSW-HOUTEASON17-5,2026-04-05,fg3m,4.5,1.219,3.2809999999999997,0.00825,0.014571005279543026,0.0,1.0
KXNBAPTS-26APR05MEMMIL-MILKKUZMA18-10,2026-04-05,pts,9.5,12.9665,-3.4665,0.67625,0.6753659127655025,0.0,1.0
KXNBAPTS-26APR05MEMMIL-MILKKUZMA18-15,2026-04-05,pts,14.5,12.9665,1.5335,0.381,0.35541192396057897,0.0,1.0
KXNBAPTS-26APR05MEMMIL-MILKKUZMA18-20,2026-04-05,pts,19.5,12.9665,6.5335,0.1545,0.14737000773814612,0.0,1.0
KXNBAPTS-26APR05MEMMIL-MILKKUZMA18-25,2026-04-05,pts,24.5,12.9665,11.5335,0.0445,0.051374758043460256,0.0,1.0
KXNBAPTS-26APR05MEMMIL-MILMTURNER3-10,2026-04-05,pts,9.5,10.60775,-1.1077499999999993,0.5355,0.5292006107810994,1.0,1.0
KXNBAPTS-26APR05MEMMIL-MILMTURNER3-15,2026-04-05,pts,14.5,10.60775,3.8922500000000007,0.23125,0.21210540997322758,1.0,1.0
KXNBAPTS-26APR05MEMMIL-MILMTURNER3-20,2026-04-05,pts,19.5,10.60775,8.89225,0.08,0.0647083868253705,0.0,1.0
KXNBAPTS-26APR05MEMMIL-MILMTURNER3-25,2026-04-05,pts,24.5,10.60775,13.89225,0.01825,0.0163325097408471,0.0,1.0
KXNBAREB-26APR05MEMMIL-MILKKUZMA18-2,2026-04-05,reb,1.5,3.9785,-2.4785,0.8795,0.8657638814100453,1.0,1.0
KXNBAREB-26APR05MEMMIL-MILKKUZMA18-4,2026-04-05,reb,3.5,3.9785,-0.4784999999999999,0.53975,0.5310261696758685,1.0,1.0
KXNBAREB-26APR05MEMMIL-MILKKUZMA18-5,2026-04-05,reb,4.5,3.9785,0.5215000000000001,0.36325,0.3658242895172076,0.0,1.0
KXNBAREB-26APR05MEMMIL-MILKKUZMA18-6,2026-04-05,reb,5.5,3.9785,1.5215,0.23125,0.23417388090963331,0.0,1.0
KXNBAREB-26APR05MEMMIL-MILKKUZMA18-8,2026-04-05,reb,7.5,3.9785,3.5215,0.069,0.07982175372713529,0.0,1.0
KXNBAREB-26APR05MEMMIL-MILMTURNER3-10,2026-04-05,reb,9.5,4.3325,5.1675,0.0215,0.033852432412899036,1.0,1.0
KXNBAREB-26APR05MEMMIL-MILMTURNER3-2,2026-04-05,reb,1.5,4.3325,-2.8324999999999996,0.912,0.8907891896177824,1.0,1.0
KXNBAREB-26APR05MEMMIL-MILMTURNER3-4,2026-04-05,reb,3.5,4.3325,-0.8324999999999996,0.61325,0.5871935425090161,1.0,1.0
KXNBAREB-26APR05MEMMIL-MILMTURNER3-6,2026-04-05,reb,5.5,4.3325,1.1675000000000004,0.274,0.2849197926738247,1.0,1.0
KXNBAREB-26APR05MEMMIL-MILMTURNER3-8,2026-04-05,reb,7.5,4.3325,3.1675000000000004,0.089,0.10803881375328717,1.0,1.0
KXNBAPTS-26APR05CHAMIN-CHABMILLER24-10,2026-04-05,pts,9.5,17.51825,-8.018249999999998,0.881,0.8440418076722086,0.0,1.0
KXNBAPTS-26APR05CHAMIN-CHABMILLER24-15,2026-04-05,pts,14.5,17.51825,-3.0182499999999983,0.643,0.599172915308554,0.0,1.0
KXNBAPTS-26APR05CHAMIN-CHABMILLER24-20,2026-04-05,pts,19.5,17.51825,1.9817500000000017,0.363,0.35584617927850504,0.0,1.0
KXNBAPTS-26APR05CHAMIN-CHABMILLER24-25,2026-04-05,pts,24.5,17.51825,6.981750000000002,0.15525,0.1831748604334018,0.0,1.0
KXNBAPTS-26APR05CHAMIN-CHABMILLER24-30,2026-04-05,pts,29.5,17.51825,11.981750000000002,0.053,0.08432629120997748,0.0,1.0
KXNBAPTS-26APR05CHAMIN-CHACWHITE3-10,2026-04-05,pts,9.5,13.436,-3.936,0.70575,0.6990164109039874,1.0,1.0
KXNBAPTS-26APR05CHAMIN-CHACWHITE3-15,2026-04-05,pts,14.5,13.436,1.064,0.3925,0.3836495804948328,1.0,1.0
KXNBAPTS-26APR05CHAMIN-CHACWHITE3-20,2026-04-05,pts,19.5,13.436,6.064,0.16875,0.16701387421722702,0.0,1.0
KXNBAPTS-26APR05CHAMIN-CHACWHITE3-25,2026-04-05,pts,24.5,13.436,11.064,0.05575,0.06132301107171767,0.0,1.0
KXNBAPTS-26APR05CHAMIN-CHAKKNUEPPEL7-15,2026-04-05,pts,14.5,15.259,-0.7590000000000003,0.51975,0.487631033423931,0.0,1.0
KXNBAPTS-26APR05CHAMIN-CHAKKNUEPPEL7-20,2026-04-05,pts,19.5,15.259,4.241,0.24625,0.24920646438891636,0.0,1.0
KXNBAPTS-26APR05CHAMIN-CHAKKNUEPPEL7-25,2026-04-05,pts,24.5,15.259,9.241,0.0895,0.10875219766403776,0.0,1.0
KXNBAPTS-26APR05CHAMIN-CHAKKNUEPPEL7-30,2026-04-05,pts,29.5,15.259,14.241,0.02125,0.042094475197255954,0.0,1.0
KXNBAPTS-26APR05CHAMIN-CHALBALL1-10,2026-04-05,pts,9.5,17.6035,-8.1035,0.87725,0.8461400375907283,1.0,1.0
KXNBAPTS-26APR05CHAMIN-CHALBALL1-15,2026-04-05,pts,14.5,17.6035,-3.1035000000000004,0.635,0.6029635366369651,1.0,1.0
KXNBAPTS-26APR05CHAMIN-CHALBALL1-20,2026-04-05,pts,19.5,17.6035,1.8964999999999996,0.37575,0.35983516028622475,1.0,1.0
KXNBAPTS-26APR05CHAMIN-CHALBALL1-25,2026-04-05,pts,24.5,17.6035,6.8965,0.168,0.18622991792912758,1.0,1.0
KXNBAPTS-26APR05CHAMIN-CHALBALL1-30,2026-04-05,pts,29.5,17.6035,11.8965,0.06275,0.08622314533862596,1.0,1.0
KXNBAPTS-26APR05CHAMIN-CHAMBRIDGES0-10,2026-04-05,pts,9.5,13.18775,-3.6877499999999994,0.71225,0.6867232843641546,1.0,1.0
KXNBAPTS-26APR05CHAMIN-CHAMBRIDGES0-15,2026-04-05,pts,14.5,13.18775,1.3122500000000006,0.37575,0.36877169047551495,1.0,1.0
KXNBAPTS-26APR05CHAMIN-CHAMBRIDGES0-20,2026-04-05,pts,19.5,13.18775,6.312250000000001,0.14275,0.1565246113089488,1.0,1.0
KXNBAPTS-26APR05CHAMIN-CHAMBRIDGES0-25,2026-04-05,pts,24.5,13.18775,11.31225,0.0395,0.05594050111258908,1.0,1.0
KXNBAPTS-26APR05CHAMIN-MINDDIVINCENZO0-10,2026-04-05,pts,9.5,10.19625,-0.6962499999999991,0.51325,0.4989098988857633,0.0,1.0
KXNBAPTS-26APR05CHAMIN-MINDDIVINCENZO0-15,2026-04-05,pts,14.5,10.19625,4.303750000000001,0.21025,0.18817309154452866,0.0,1.0
KXNBAPTS-26APR05CHAMIN-MINDDIVINCENZO0-20,2026-04-05,pts,19.5,10.19625,9.30375,0.055,0.053689169545578785,0.0,1.0
KXNBAPTS-26APR05CHAMIN-MINJRANDLE30-10,2026-04-05,pts,9.5,16.8285,-7.328499999999998,0.8645,0.8259041915467873,1.0,1.0
KXNBAPTS-26APR05CHAMIN-MINJRANDLE30-15,2026-04-05,pts,14.5,16.8285,-2.3284999999999982,0.61525,0.5673722890478522,1.0,1.0
KXNBAPTS-26APR05CHAMIN-MINJRANDLE30-20,2026-04-05,pts,19.5,16.8285,2.6715000000000018,0.325,0.32336087553845394,1.0,1.0
KXNBAPTS-26APR05CHAMIN-MINJRANDLE30-25,2026-04-05,pts,24.5,16.8285,7.671500000000002,0.129,0.15901771701665712,1.0,1.0
KXNBAPTS-26APR05CHAMIN-MINJRANDLE30-30,2026-04-05,pts,29.5,16.8285,12.671500000000002,0.03775,0.06975953550698966,0.0,1.0
KXNBAPTS-26APR05CHAMIN-MINRGOBERT27-10,2026-04-05,pts,9.5,9.09675,0.4032499999999999,0.42375,0.41169445286861905,1.0,1.0
KXNBAPTS-26APR05CHAMIN-MINRGOBERT27-15,2026-04-05,pts,14.5,9.09675,5.40325,0.131,0.1285958938720796,0.0,1.0
KXNBAPTS-26APR05CHAMIN-MINRGOBERT27-20,2026-04-05,pts,19.5,9.09675,10.40325,0.0275,0.029884689229098926,0.0,1.0
KXNBAREB-26APR05CHAMIN-CHABMILLER24-10,2026-04-05,reb,9.5,5.03775,4.46225,0.03825,0.0662446526164614,0.0,1.0
KXNBAREB-26APR05CHAMIN-CHABMILLER24-2,2026-04-05,reb,1.5,5.03775,-3.53775,0.95975,0.9271297841667012,1.0,1.0
KXNBAREB-26APR05CHAMIN-CHABMILLER24-4,2026-04-05,reb,3.5,5.03775,-1.53775,0.72725,0.6831319609582609,1.0,1.0
KXNBAREB-26APR05CHAMIN-CHABMILLER24-6,2026-04-05,reb,5.5,5.03775,0.46225000000000005,0.3865,0.38711236944619865,1.0,1.0
KXNBAREB-26APR05CHAMIN-CHABMILLER24-8,2026-04-05,reb,7.5,5.03775,2.46225,0.14675,0.17518970716503568,0.0,1.0
KXNBAREB-26APR05CHAMIN-CHACWHITE3-2,2026-04-05,reb,1.5,3.5625,-2.0625,0.8465,0.8285609122082427,0.0,1.0
KXNBAREB-26APR05CHAMIN-CHACWHITE3-3,2026-04-05,reb,2.5,3.5625,-1.0625,0.669,0.6482946115723565,0.0,1.0
KXNBAREB-26APR05CHAMIN-CHACWHITE3-4,2026-04-05,reb,3.5,3.5625,-0.0625,0.46775,0.45852478781390804,0.0,1.0
KXNBAREB-26APR05CHAMIN-CHACWHITE3-6,2026-04-05,reb,5.5,3.5625,1.9375,0.16375,0.17724441315181205,0.0,1.0
KXNBAREB-26APR05CHAMIN-CHACWHITE3-8,2026-04-05,reb,7.5,3.5625,3.9375,0.04275,0.05228389727070637,0.0,1.0
KXNBAREB-26APR05CHAMIN-CHAKKNUEPPEL7-2,2026-04-05,reb,1.5,5.17375,-3.67375,0.949,0.9325250149837636,1.0,1.0
KXNBAREB-26APR05CHAMIN-CHAKKNUEPPEL7-4,2026-04-05,reb,3.5,5.17375,-1.67375,0.73475,0.6992438052081473,1.0,1.0
KXNBAREB-26APR05CHAMIN-CHAKKNUEPPEL7-5,2026-04-05,reb,4.5,5.17375,-0.6737500000000001,0.58025,0.5495407827145626,0.0,1.0
KXNBAREB-26APR05CHAMIN-CHAKKNUEPPEL7-6,2026-04-05,reb,5.5,5.17375,0.32624999999999993,0.4195,0.406459092489845,0.0,1.0
KXNBAREB-26APR05CHAMIN-CHAKKNUEPPEL7-8,2026-04-05,reb,7.5,5.17375,2.32625,0.16475,0.18947136008731758,0.0,1.0
KXNBAREB-26APR05CHAMIN-CHALBALL1-2,2026-04-05,reb,1.5,4.6275,-3.1275000000000004,0.93325,0.9078956669848559,1.0,1.0
KXNBAREB-26APR05CHAMIN-CHALBALL1-4,2026-04-05,reb,3.5,4.6275,-1.1275000000000004,0.65225,0.6299006718714846,0.0,1.0
KXNBAREB-26APR05CHAMIN-CHALBALL1-5,2026-04-05,reb,4.5,4.6275,-0.1275000000000004,0.478,0.46975800623062025,0.0,1.0
KXNBAREB-26APR05CHAMIN-CHALBALL1-6,2026-04-05,reb,5.5,4.6275,0.8724999999999996,0.3265,0.32781657844830026,0.0,1.0
KXNBAREB-26APR05CHAMIN-CHALBALL1-8,2026-04-05,reb,7.5,4.6275,2.8724999999999996,0.11275,0.13454306544888006,0.0,1.0
KXNBAREB-26APR05CHAMIN-CHAMBRIDGES0-10,2026-04-05,reb,9.5,4.92425,4.57575,0.0385,0.06016625842445322,0.0,1.0
KXNBAREB-26APR05CHAMIN-CHAMBRIDGES0-2,2026-04-05,reb,1.5,4.92425,-3.42425,0.9485,0.9222763333284929,1.0,1.0
KXNBAREB-26APR05CHAMIN-CHAMBRIDGES0-4,2026-04-05,reb,3.5,4.92425,-1.4242499999999998,0.708,0.669109124575732,1.0,1.0
KXNBAREB-26APR05CHAMIN-CHAMBRIDGES0-6,2026-04-05,reb,5.5,4.92425,0.5757500000000002,0.37525,0.37082179702408824,1.0,1.0
KXNBAREB-26APR05CHAMIN-CHAMBRIDGES0-8,2026-04-05,reb,7.5,4.92425,2.57575,0.14,0.16355557384706265,1.0,1.0
KXNBAREB-26APR05CHAMIN-MINDDIVINCENZO0-10,2026-04-05,reb,9.5,3.44125,6.05875,0.00275,0.010434390729548548,0.0,1.0
KXNBAREB-26APR05CHAMIN-MINDDIVINCENZO0-2,2026-04-05,reb,1.5,3.44125,-1.9412500000000001,0.84975,0.8158287430636837,0.0,1.0
KXNBAREB-26APR05CHAMIN-MINDDIVINCENZO0-4,2026-04-05,reb,3.5,3.44125,0.05874999999999986,0.44575,0.4362087170116292,0.0,1.0
KXNBAREB-26APR05CHAMIN-MINDDIVINCENZO0-6,2026-04-05,reb,5.5,3.44125,2.05875,0.13725,0.16151507056404424,0.0,1.0
KXNBAREB-26APR05CHAMIN-MINDDIVINCENZO0-8,2026-04-05,reb,7.5,3.44125,4.05875,0.032,0.04546737486986141,0.0,1.0
KXNBAREB-26APR05CHAMIN-MINJRANDLE30-10,2026-04-05,reb,9.5,5.75275,3.74725,0.08125,0.11178551373795609,0.0,1.0
KXNBAREB-26APR05CHAMIN-MINJRANDLE30-12,2026-04-05,reb,11.5,5.75275,5.74725,0.02075,0.0430147739314195,0.0,1.0
KXNBAREB-26APR05CHAMIN-MINJRANDLE30-6,2026-04-05,reb,5.5,5.75275,-0.2527499999999998,0.5055,0.4858503876905037,1.0,1.0
KXNBAREB-26APR05CHAMIN-MINJRANDLE30-7,2026-04-05,reb,6.5,5.75275,0.7472500000000002,0.3605,0.35919522206383603,1.0,1.0
KXNBAREB-26APR05CHAMIN-MINJRANDLE30-8,2026-04-05,reb,7.5,5.75275,1.7472500000000002,0.24175,0.25349445766588696,1.0,1.0
KXNBAREB-26APR05CHAMIN-MINRGOBERT27-10,2026-04-05,reb,9.5,9.573,-0.0730000000000004,0.48425,0.4620203851060186,1.0,1.0
KXNBAREB-26APR05CHAMIN-MINRGOBERT27-12,2026-04-05,reb,11.5,9.573,1.9269999999999996,0.2665,0.29553987076378063,0.0,1.0
KXNBAREB-26APR05CHAMIN-MINRGOBERT27-14,2026-04-05,reb,13.5,9.573,3.9269999999999996,0.12725,0.1731196769605421,0.0,1.0
KXNBAREB-26APR05CHAMIN-MINRGOBERT27-16,2026-04-05,reb,15.5,9.573,5.927,0.044,0.09395180208665455,0.0,1.0
KXNBAREB-26APR05CHAMIN-MINRGOBERT27-8,2026-04-05,reb,7.5,9.573,-2.0730000000000004,0.725,0.6536602801506144,1.0,1.0
KXNBAAST-26APR05CHAMIN-CHABMILLER24-10,2026-04-05,ast,9.5,2.93975,6.56025,0.002,0.004005246126299156,0.0,1.0
KXNBAAST-26APR05CHAMIN-CHABMILLER24-2,2026-04-05,ast,1.5,2.93975,-1.43975,0.7885,0.7539629479028511,1.0,1.0
KXNBAAST-26APR05CHAMIN-CHABMILLER24-4,2026-04-05,ast,3.5,2.93975,0.5602499999999999,0.341,0.33969679985158485,0.0,1.0
KXNBAAST-26APR05CHAMIN-CHABMILLER24-6,2026-04-05,ast,5.5,2.93975,2.56025,0.07625,0.10134334085379704,0.0,1.0
KXNBAAST-26APR05CHAMIN-CHABMILLER24-8,2026-04-05,ast,7.5,2.93975,4.56025,0.01125,0.022466731793627348,0.0,1.0
KXNBAAST-26APR05CHAMIN-CHACWHITE3-10,2026-04-05,ast,9.5,2.6875,6.8125,0.002,0.002301725070149252,0.0,1.0
KXNBAAST-26APR05CHAMIN-CHACWHITE3-2,2026-04-05,ast,1.5,2.6875,-1.1875,0.73075,0.713901406796664,0.0,1.0
KXNBAAST-26APR05CHAMIN-CHACWHITE3-4,2026-04-05,ast,3.5,2.6875,0.8125,0.2825,0.28940429088612707,0.0,1.0
KXNBAAST-26APR05CHAMIN-CHACWHITE3-6,2026-04-05,ast,5.5,2.6875,2.8125,0.0655,0.076203182810344,0.0,1.0
KXNBAAST-26APR05CHAMIN-CHACWHITE3-8,2026-04-05,ast,7.5,2.6875,4.8125,0.0125,0.014795489690448194,0.0,1.0
KXNBAAST-26APR05CHAMIN-CHAKKNUEPPEL7-10,2026-04-05,ast,9.5,2.74775,6.75225,0.00125,0.002645203277419683,0.0,1.0
KXNBAAST-26APR05CHAMIN-CHAKKNUEPPEL7-2,2026-04-05,ast,1.5,2.74775,-1.24775,0.76125,0.7240125025472826,1.0,1.0
KXNBAAST-26APR05CHAMIN-CHAKKNUEPPEL7-4,2026-04-05,ast,3.5,2.74775,0.7522500000000001,0.288,0.3014330525557515,0.0,1.0
KXNBAAST-26APR05CHAMIN-CHAKKNUEPPEL7-6,2026-04-05,ast,5.5,2.74775,2.75225,0.064,0.08189232403900293,0.0,1.0
KXNBAAST-26APR05CHAMIN-CHAKKNUEPPEL7-8,2026-04-05,ast,7.5,2.74775,4.75225,0.01,0.01643540469257687,0.0,1.0
KXNBAAST-26APR05CHAMIN-CHALBALL1-10,2026-04-05,ast,9.5,5.79925,3.70075,0.08325,0.11337589904828871,0.0,1.0
KXNBAAST-26APR05CHAMIN-CHALBALL1-12,2026-04-05,ast,11.5,5.79925,5.70075,0.01875,0.043323185268197006,0.0,1.0
KXNBAAST-26APR05CHAMIN-CHALBALL1-4,2026-04-05,ast,3.5,5.79925,-2.29925,0.81675,0.7670454837882892,1.0,1.0
KXNBAAST-26APR05CHAMIN-CHALBALL1-6,2026-04-05,ast,5.5,5.79925,-0.2992499999999998,0.51475,0.49319990529944135,1.0,1.0
KXNBAAST-26APR05CHAMIN-CHALBALL1-8,2026-04-05,ast,7.5,5.79925,1.7007500000000002,0.243,0.25779209548190407,1.0,1.0
KXNBAAST-26APR05CHAMIN-CHAMBRIDGES0-2,2026-04-05,ast,1.5,2.30975,-0.8097500000000002,0.66375,0.6419713505469948,1.0,1.0
KXNBAAST-26APR05CHAMIN-CHAMBRIDGES0-3,2026-04-05,ast,2.5,2.30975,0.1902499999999998,0.4175,0.3981755648355555,1.0,1.0
KXNBAAST-26APR05CHAMIN-CHAMBRIDGES0-4,2026-04-05,ast,3.5,2.30975,1.1902499999999998,0.20975,0.21492411988166005,1.0,1.0
KXNBAAST-26APR05CHAMIN-CHAMBRIDGES0-6,2026-04-05,ast,5.5,2.30975,3.19025,0.02925,0.045391997992937694,1.0,1.0
KXNBAAST-26APR05CHAMIN-CHAMBRIDGES0-8,2026-04-05,ast,7.5,2.30975,5.19025,0.0015,0.006989256884887496,0.0,1.0
KXNBAAST-26APR05CHAMIN-MINDDIVINCENZO0-2,2026-04-05,ast,1.5,2.81925,-1.3192499999999998,0.762,0.735561335876427,1.0,1.0
KXNBAAST-26APR05CHAMIN-MINDDIVINCENZO0-3,2026-04-05,ast,2.5,2.81925,-0.3192499999999998,0.52725,0.512592567501293,1.0,1.0
KXNBAAST-26APR05CHAMIN-MINDDIVINCENZO0-4,2026-04-05,ast,3.5,2.81925,0.6807500000000002,0.316,0.31570593215015497,0.0,1.0
KXNBAAST-26APR05CHAMIN-MINDDIVINCENZO0-6,2026-04-05,ast,5.5,2.81925,2.68075,0.072,0.08890531250085187,0.0,1.0
KXNBAAST-26APR05CHAMIN-MINDDIVINCENZO0-8,2026-04-05,ast,7.5,2.81925,4.68075,0.0125,0.01853559382382608,0.0,1.0
KXNBAAST-26APR05CHAMIN-MINJRANDLE30-2,2026-04-05,ast,1.5,3.75925,-2.25925,0.876,0.8493303855825171,1.0,1.0
KXNBAAST-26APR05CHAMIN-MINJRANDLE30-4,2026-04-05,ast,3.5,3.75925,-0.2592500000000002,0.5145,0.4947227701730611,1.0,1.0
KXNBAAST-26APR05CHAMIN-MINJRANDLE30-5,2026-04-05,ast,4.5,3.75925,0.7407499999999998,0.329,0.32920465303891044,0.0,1.0
KXNBAAST-26APR05CHAMIN-MINJRANDLE30-6,2026-04-05,ast,5.5,3.75925,1.7407499999999998,0.188,0.20269534369130315,0.0,1.0
KXNBAAST-26APR05CHAMIN-MINJRANDLE30-8,2026-04-05,ast,7.5,3.75925,3.74075,0.043,0.06331374267022372,0.0,1.0
KXNBA3PT-26APR05CHAMIN-CHACWHITE3-1,2026-04-05,fg3m,0.5,1.66575,-1.16575,0.80075,0.7783725649088884,1.0,1.0
KXNBA3PT-26APR05CHAMIN-CHACWHITE3-2,2026-04-05,fg3m,1.5,1.66575,-0.16575000000000006,0.49075,0.4753255409145104,1.0,1.0
KXNBA3PT-26APR05CHAMIN-CHACWHITE3-3,2026-04-05,fg3m,2.5,1.66575,0.8342499999999999,0.2325,0.24099487006222864,1.0,1.0
KXNBA3PT-26APR05CHAMIN-CHACWHITE3-4,2026-04-05,fg3m,3.5,1.66575,1.83425,0.09375,0.1062060910875291,0.0,1.0
KXNBA3PT-26APR05CHAMIN-CHACWHITE3-5,2026-04-05,fg3m,4.5,1.66575,2.83425,0.0355,0.04202141300511841,0.0,1.0
KXNBA3PT-26APR05CHAMIN-CHAKKNUEPPEL7-2,2026-04-05,fg3m,1.5,2.71925,-1.2192500000000002,0.75075,0.7064452385934221,0.0,1.0
KXNBA3PT-26APR05CHAMIN-CHAKKNUEPPEL7-3,2026-04-05,fg3m,2.5,2.71925,-0.21925000000000017,0.50475,0.48436423029354636,0.0,1.0
KXNBA3PT-26APR05CHAMIN-CHAKKNUEPPEL7-4,2026-04-05,fg3m,3.5,2.71925,0.7807499999999998,0.29425,0.2970512158704186,0.0,1.0
KXNBA3PT-26APR05CHAMIN-CHAKKNUEPPEL7-5,2026-04-05,fg3m,4.5,2.71925,1.7807499999999998,0.13625,0.1662603212661926,0.0,1.0
KXNBA3PT-26APR05CHAMIN-CHAKKNUEPPEL7-6,2026-04-05,fg3m,5.5,2.71925,2.78075,0.06125,0.08633012023638731,0.0,1.0
KXNBA3PT-26APR05CHAMIN-CHALBALL1-2,2026-04-05,fg3m,1.5,3.33775,-1.8377500000000002,0.83975,0.7915911078236775,1.0,1.0
KXNBA3PT-26APR05CHAMIN-CHALBALL1-3,2026-04-05,fg3m,2.5,3.33775,-0.8377500000000002,0.64475,0.6002745151378069,1.0,1.0
KXNBA3PT-26APR05CHAMIN-CHALBALL1-4,2026-04-05,fg3m,3.5,3.33775,0.16224999999999978,0.42875,0.4133726392439909,1.0,1.0
KXNBA3PT-26APR05CHAMIN-CHALBALL1-5,2026-04-05,fg3m,4.5,3.33775,1.1622499999999998,0.251,0.262215832739227,1.0,1.0
KXNBA3PT-26APR05CHAMIN-CHALBALL1-6,2026-04-05,fg3m,5.5,3.33775,2.16225,0.12025,0.15522031287109228,1.0,1.0
KXNBA3PT-26APR05CHAMIN-CHAMBRIDGES0-1,2026-04-05,fg3m,0.5,1.38,-0.8799999999999999,0.74475,0.7187505440690776,1.0,1.0
KXNBA3PT-26APR05CHAMIN-CHAMBRIDGES0-2,2026-04-05,fg3m,1.5,1.38,0.1200000000000001,0.40525,0.390048966142052,1.0,1.0
KXNBA3PT-26APR05CHAMIN-CHAMBRIDGES0-3,2026-04-05,fg3m,2.5,1.38,1.12,0.15875,0.17280661413873932,1.0,1.0
KXNBA3PT-26APR05CHAMIN-CHAMBRIDGES0-4,2026-04-05,fg3m,3.5,1.38,2.12,0.05075,0.06600134119630885,1.0,1.0
KXNBA3PT-26APR05CHAMIN-CHAMBRIDGES0-5,2026-04-05,fg3m,4.5,1.38,3.12,0.0145,0.02253091309197275,0.0,1.0
KXNBAPTS-26APR05ORLNOP-NOPDQUEEN22-10,2026-04-05,pts,9.5,9.48025,0.019750000000000156,0.452,0.4430679020076044,0.0,1.0
KXNBAPTS-26APR05ORLNOP-NOPDQUEEN22-15,2026-04-05,pts,14.5,9.48025,5.01975,0.171,0.14850615642725662,0.0,1.0
KXNBAPTS-26APR05ORLNOP-NOPDQUEEN22-20,2026-04-05,pts,19.5,9.48025,10.01975,0.04575,0.03724899940532933,0.0,1.0
KXNBAPTS-26APR05ORLNOP-NOPDQUEEN22-25,2026-04-05,pts,24.5,9.48025,15.01975,0.01025,0.007671223019539153,0.0,1.0
KXNBAPTS-26APR05ORLNOP-NOPHJONES2-10,2026-04-05,pts,9.5,7.71775,1.7822500000000003,0.3165,0.293332445036666,0.0,1.0
KXNBAPTS-26APR05ORLNOP-NOPHJONES2-15,2026-04-05,pts,14.5,7.71775,6.78225,0.0935,0.0674510039217886,0.0,1.0
KXNBAPTS-26APR05ORLNOP-NOPHJONES2-20,2026-04-05,pts,19.5,7.71775,11.782250000000001,0.01675,0.011300257117362378,0.0,1.0
KXNBAPTS-26APR05ORLNOP-NOPSBEY41-10,2026-04-05,pts,9.5,15.7805,-6.2805,0.82825,0.7939757393440598,1.0,1.0
KXNBAPTS-26APR05ORLNOP-NOPSBEY41-15,2026-04-05,pts,14.5,15.7805,-1.2805,0.552,0.5152344175143636,1.0,1.0
KXNBAPTS-26APR05ORLNOP-NOPSBEY41-20,2026-04-05,pts,19.5,15.7805,3.7195,0.2715,0.2737352213105575,1.0,1.0
KXNBAPTS-26APR05ORLNOP-NOPSBEY41-25,2026-04-05,pts,24.5,15.7805,8.7195,0.101,0.12461853229068187,1.0,1.0
KXNBAPTS-26APR05ORLNOP-NOPSBEY41-30,2026-04-05,pts,29.5,15.7805,13.7195,0.03075,0.0504162656560323,1.0,1.0
KXNBAPTS-26APR05ORLNOP-NOPZWILLIAMSON1-20,2026-04-05,pts,19.5,17.2825,2.217500000000001,0.349,0.3447809789476268,0.0,1.0
KXNBAPTS-26APR05ORLNOP-NOPZWILLIAMSON1-25,2026-04-05,pts,24.5,17.2825,7.217500000000001,0.14175,0.17480177143241393,0.0,1.0
KXNBAPTS-26APR05ORLNOP-NOPZWILLIAMSON1-30,2026-04-05,pts,29.5,17.2825,12.217500000000001,0.04275,0.07918964921980465,0.0,1.0
KXNBAPTS-26APR05ORLNOP-NOPZWILLIAMSON1-35,2026-04-05,pts,34.5,17.2825,17.2175,0.01,0.032840611589332935,0.0,1.0
KXNBAPTS-26APR05ORLNOP-ORLDBANE3-15,2026-04-05,pts,14.5,16.7905,-2.2905000000000015,0.60525,0.5655618402946525,1.0,1.0
KXNBAPTS-26APR05ORLNOP-ORLDBANE3-20,2026-04-05,pts,19.5,16.7905,2.7094999999999985,0.32225,0.3215631408601174,1.0,1.0
KXNBAPTS-26APR05ORLNOP-ORLDBANE3-25,2026-04-05,pts,24.5,16.7905,7.7094999999999985,0.133,0.15771853592944107,1.0,1.0
KXNBAPTS-26APR05ORLNOP-ORLDBANE3-30,2026-04-05,pts,29.5,16.7905,12.709499999999998,0.043,0.06899838631435395,0.0,1.0
KXNBAPTS-26APR05ORLNOP-ORLFWAGNER22-10,2026-04-05,pts,9.5,13.6135,-4.1135,0.6975,0.7075203881180112,1.0,1.0
KXNBAPTS-26APR05ORLNOP-ORLFWAGNER22-15,2026-04-05,pts,14.5,13.6135,0.8864999999999998,0.41875,0.39420372058905684,0.0,1.0
KXNBAPTS-26APR05ORLNOP-ORLFWAGNER22-20,2026-04-05,pts,19.5,13.6135,5.8865,0.19775,0.17464400253345724,0.0,1.0
KXNBAPTS-26APR05ORLNOP-ORLFWAGNER22-25,2026-04-05,pts,24.5,13.6135,10.8865,0.073,0.0653377809814717,0.0,1.0
KXNBAPTS-26APR05ORLNOP-ORLJSUGGS4-10,2026-04-05,pts,9.5,12.73775,-3.23775,0.68275,0.6632172307665136,1.0,1.0
KXNBAPTS-26APR05ORLNOP-ORLJSUGGS4-15,2026-04-05,pts,14.5,12.73775,1.7622499999999999,0.35775,0.3415175114925061,0.0,1.0
KXNBAPTS-26APR05ORLNOP-ORLJSUGGS4-20,2026-04-05,pts,19.5,12.73775,6.76225,0.1315,0.1381129190772724,0.0,1.0
KXNBAPTS-26APR05ORLNOP-ORLJSUGGS4-25,2026-04-05,pts,24.5,12.73775,11.76225,0.036,0.046885821338391365,0.0,1.0
KXNBAPTS-26APR05ORLNOP-ORLPBANCHERO5-20,2026-04-05,pts,19.5,18.236,1.2639999999999993,0.40225,0.3891776957939631,1.0,1.0
KXNBAPTS-26APR05ORLNOP-ORLPBANCHERO5-25,2026-04-05,pts,24.5,18.236,6.263999999999999,0.18875,0.20929780796640585,0.0,1.0
KXNBAPTS-26APR05ORLNOP-ORLPBANCHERO5-30,2026-04-05,pts,29.5,18.236,11.264,0.06425,0.10092758393866763,0.0,1.0
KXNBAPTS-26APR05ORLNOP-ORLPBANCHERO5-35,2026-04-05,pts,34.5,18.236,16.264,0.01875,0.04464553338796862,0.0,1.0
KXNBAPTS-26APR05ORLNOP-ORLWCARTER34-10,2026-04-05,pts,9.5,10.69925,-1.1992499999999993,0.54975,0.5357468618149916,1.0,1.0
KXNBAPTS-26APR05ORLNOP-ORLWCARTER34-15,2026-04-05,pts,14.5,10.69925,3.8007500000000007,0.22625,0.21751322527124473,0.0,1.0
KXNBAPTS-26APR05ORLNOP-ORLWCARTER34-20,2026-04-05,pts,19.5,10.69925,8.80075,0.0625,0.06731065998258023,0.0,1.0
KXNBAPTS-26APR05ORLNOP-ORLWCARTER34-25,2026-04-05,pts,24.5,10.69925,13.80075,0.0125,0.01724388527040699,0.0,1.0
KXNBAREB-26APR05ORLNOP-NOPDQUEEN22-10,2026-04-05,reb,9.5,6.0585,3.4414999999999996,0.1255,0.13474087532857215,0.0,1.0
KXNBAREB-26APR05ORLNOP-NOPDQUEEN22-12,2026-04-05,reb,11.5,6.0585,5.4415,0.042,0.055034543685524295,0.0,1.0
KXNBAREB-26APR05ORLNOP-NOPDQUEEN22-6,2026-04-05,reb,5.5,6.0585,-0.5585000000000004,0.5415,0.5252981377254664,0.0,1.0
KXNBAREB-26APR05ORLNOP-NOPDQUEEN22-7,2026-04-05,reb,6.5,6.0585,0.44149999999999956,0.405,0.39824273614006334,0.0,1.0
KXNBAREB-26APR05ORLNOP-NOPDQUEEN22-8,2026-04-05,reb,7.5,6.0585,1.4414999999999996,0.28425,0.2886718590140953,0.0,1.0
KXNBAREB-26APR05ORLNOP-NOPHJONES2-10,2026-04-05,reb,9.5,3.045,6.455,0.0045,0.0052038386423463034,0.0,1.0
KXNBAREB-26APR05ORLNOP-NOPHJONES2-2,2026-04-05,reb,1.5,3.045,-1.545,0.77125,0.767107671573855,1.0,1.0
KXNBAREB-26APR05ORLNOP-NOPHJONES2-4,2026-04-05,reb,3.5,3.045,0.45500000000000007,0.3545,0.36035751130353877,0.0,1.0
KXNBAREB-26APR05ORLNOP-NOPHJONES2-6,2026-04-05,reb,5.5,3.045,2.455,0.11525,0.11390097761009477,0.0,1.0
KXNBAREB-26APR05ORLNOP-NOPHJONES2-8,2026-04-05,reb,7.5,3.045,4.455,0.0235,0.02704212290548147,0.0,1.0
KXNBAREB-26APR05ORLNOP-NOPZWILLIAMSON1-10,2026-04-05,reb,9.5,5.30775,4.19225,0.0555,0.08200675787631972,0.0,1.0
KXNBAREB-26APR05ORLNOP-NOPZWILLIAMSON1-12,2026-04-05,reb,11.5,5.30775,6.19225,0.01425,0.028668683330707934,0.0,1.0
KXNBAREB-26APR05ORLNOP-NOPZWILLIAMSON1-6,2026-04-05,reb,5.5,5.30775,0.1922499999999996,0.436,0.4252984147815094,1.0,1.0
KXNBAREB-26APR05ORLNOP-NOPZWILLIAMSON1-7,2026-04-05,reb,6.5,5.30775,1.1922499999999996,0.28675,0.30173872917300015,1.0,1.0
KXNBAREB-26APR05ORLNOP-NOPZWILLIAMSON1-8,2026-04-05,reb,7.5,5.30775,2.1922499999999996,0.18075,0.20386851160642816,0.0,1.0
KXNBAREB-26APR05ORLNOP-ORLFWAGNER22-10,2026-04-05,reb,9.5,3.878,5.622,0.01725,0.019648321817643533,0.0,1.0
KXNBAREB-26APR05ORLNOP-ORLFWAGNER22-2,2026-04-05,reb,1.5,3.878,-2.378,0.84775,0.8576188907607651,1.0,1.0
KXNBAREB-26APR05ORLNOP-ORLFWAGNER22-4,2026-04-05,reb,3.5,3.878,-0.3780000000000001,0.521,0.5141278216871674,1.0,1.0
KXNBAREB-26APR05ORLNOP-ORLFWAGNER22-6,2026-04-05,reb,5.5,3.878,1.6219999999999999,0.229,0.22007681878347263,0.0,1.0
KXNBAREB-26APR05ORLNOP-ORLFWAGNER22-8,2026-04-05,reb,7.5,3.878,3.622,0.07425,0.07259196434204918,0.0,1.0
KXNBAREB-26APR05ORLNOP-ORLJSUGGS4-2,2026-04-05,reb,1.5,3.958,-2.458,0.891,0.8641426924003289,1.0,1.0
KXNBAREB-26APR05ORLNOP-ORLJSUGGS4-4,2026-04-05,reb,3.5,3.958,-0.4580000000000002,0.547,0.527612606916654,1.0,1.0
KXNBAREB-26APR05ORLNOP-ORLJSUGGS4-5,2026-04-05,reb,4.5,3.958,0.5419999999999998,0.3615,0.36243024210683894,0.0,1.0
KXNBAREB-26APR05ORLNOP-ORLJSUGGS4-6,2026-04-05,reb,5.5,3.958,1.5419999999999998,0.217,0.23128409653778448,0.0,1.0
KXNBAREB-26APR05ORLNOP-ORLJSUGGS4-8,2026-04-05,reb,7.5,3.958,3.542,0.0585,0.07831796004126068,0.0,1.0
KXNBAREB-26APR05ORLNOP-ORLPBANCHERO5-10,2026-04-05,reb,9.5,6.96175,2.5382499999999997,0.18,0.2119328965433699,1.0,1.0
KXNBAREB-26APR05ORLNOP-ORLPBANCHERO5-12,2026-04-05,reb,11.5,6.96175,4.53825,0.06575,0.10073674015960254,1.0,1.0
KXNBAREB-26APR05ORLNOP-ORLPBANCHERO5-4,2026-04-05,reb,3.5,6.96175,-3.4617500000000003,0.90325,0.8511085694243294,1.0,1.0
KXNBAREB-26APR05ORLNOP-ORLPBANCHERO5-6,2026-04-05,reb,5.5,6.96175,-1.4617500000000003,0.67075,0.6296853930409362,1.0,1.0
KXNBAREB-26APR05ORLNOP-ORLPBANCHERO5-8,2026-04-05,reb,7.5,6.96175,0.5382499999999997,0.401,0.3935001773442167,1.0,1.0
KXNBAREB-26APR05ORLNOP-ORLWCARTER34-10,2026-04-05,reb,9.5,6.86825,2.6317500000000003,0.176,0.20342174573196148,0.0,1.0
KXNBAREB-26APR05ORLNOP-ORLWCARTER34-12,2026-04-05,reb,11.5,6.86825,4.63175,0.06275,0.09532815829145469,0.0,1.0
KXNBAREB-26APR05ORLNOP-ORLWCARTER34-6,2026-04-05,reb,5.5,6.86825,-1.3682499999999997,0.6565,0.6197651663102327,0.0,1.0
KXNBAREB-26APR05ORLNOP-ORLWCARTER34-8,2026-04-05,reb,7.5,6.86825,0.6317500000000003,0.3805,0.3827568541000811,0.0,1.0
KXNBAREB-26APR05ORLNOP-ORLWCARTER34-9,2026-04-05,reb,8.5,6.86825,1.6317500000000003,0.27025,0.28388036326155097,0.0,1.0
KXNBAAST-26APR05ORLNOP-NOPDQUEEN22-2,2026-04-05,ast,1.5,2.88875,-1.38875,0.75475,0.7463336347949661,0.0,1.0
KXNBAAST-26APR05ORLNOP-NOPDQUEEN22-4,2026-04-05,ast,3.5,2.88875,0.6112500000000001,0.3355,0.329557503147456,0.0,1.0
KXNBAAST-26APR05ORLNOP-NOPDQUEEN22-5,2026-04-05,ast,4.5,2.88875,1.61125,0.18175,0.18580502256532683,0.0,1.0
KXNBAAST-26APR05ORLNOP-NOPDQUEEN22-6,2026-04-05,ast,5.5,2.88875,2.61125,0.091,0.09598641757521187,0.0,1.0
KXNBAAST-26APR05ORLNOP-NOPDQUEEN22-8,2026-04-05,ast,7.5,2.88875,4.61125,0.01575,0.020741871365968167,0.0,1.0
KXNBAAST-26APR05ORLNOP-ORLJSUGGS4-10,2026-04-05,ast,9.5,4.6645,4.8355,0.024,0.046245340186113815,0.0,1.0
KXNBAAST-26APR05ORLNOP-ORLJSUGGS4-2,2026-04-05,ast,1.5,4.6645,-3.1645000000000003,0.93925,0.9116813175803248,1.0,1.0
KXNBAAST-26APR05ORLNOP-ORLJSUGGS4-4,2026-04-05,ast,3.5,4.6645,-1.1645000000000003,0.6755,0.6371103862285277,1.0,1.0
KXNBAAST-26APR05ORLNOP-ORLJSUGGS4-6,2026-04-05,ast,5.5,4.6645,0.8354999999999997,0.33,0.3329912393081117,1.0,1.0
KXNBAAST-26APR05ORLNOP-ORLJSUGGS4-8,2026-04-05,ast,7.5,4.6645,2.8354999999999997,0.111,0.13655307839958775,1.0,1.0
KXNBAAST-26APR05ORLNOP-ORLPBANCHERO5-10,2026-04-05,ast,9.5,4.15425,5.34575,0.01325,0.026775260452585825,0.0,1.0
KXNBAAST-26APR05ORLNOP-ORLPBANCHERO5-2,2026-04-05,ast,1.5,4.15425,-2.65425,0.90825,0.880824737997341,1.0,1.0
KXNBAAST-26APR05ORLNOP-ORLPBANCHERO5-4,2026-04-05,ast,3.5,4.15425,-0.6542500000000002,0.594,0.5611468050078006,1.0,1.0
KXNBAAST-26APR05ORLNOP-ORLPBANCHERO5-6,2026-04-05,ast,5.5,4.15425,1.3457499999999998,0.24125,0.25848419215181084,1.0,1.0
KXNBAAST-26APR05ORLNOP-ORLPBANCHERO5-8,2026-04-05,ast,7.5,4.15425,3.34575,0.0695,0.09191885729445992,0.0,1.0
KXNBA3PT-26APR05ORLNOP-NOPDQUEEN22-1,2026-04-05,fg3m,0.5,0.455,0.044999999999999984,0.361,0.35722189239360214,0.0,1.0
KXNBA3PT-26APR05ORLNOP-NOPDQUEEN22-2,2026-04-05,fg3m,1.5,0.455,1.045,0.078,0.08120956802658719,0.0,1.0
KXNBA3PT-26APR05ORLNOP-NOPDQUEEN22-3,2026-04-05,fg3m,2.5,0.455,2.045,0.01375,0.0141858553313432,0.0,1.0
KXNBA3PT-26APR05ORLNOP-NOPDQUEEN22-4,2026-04-05,fg3m,3.5,0.455,3.045,0.002,0.002078926785097024,0.0,1.0
KXNBA3PT-26APR05ORLNOP-NOPDQUEEN22-5,2026-04-05,fg3m,4.5,0.455,4.045,0.00025,0.00026845191084223785,0.0,1.0
KXNBA3PT-26APR05ORLNOP-ORLDBANE3-1,2026-04-05,fg3m,0.5,1.79225,-1.29225,0.8315,0.8000920350960857,1.0,1.0
KXNBA3PT-26APR05ORLNOP-ORLDBANE3-2,2026-04-05,fg3m,1.5,1.79225,-0.2922499999999999,0.53125,0.5099321103812395,1.0,1.0
KXNBA3PT-26APR05ORLNOP-ORLDBANE3-3,2026-04-05,fg3m,2.5,1.79225,0.7077500000000001,0.2635,0.27176742197932313,1.0,1.0
KXNBA3PT-26APR05ORLNOP-ORLDBANE3-4,2026-04-05,fg3m,3.5,1.79225,1.70775,0.11075,0.12634786972163126,0.0,1.0
KXNBA3PT-26APR05ORLNOP-ORLDBANE3-5,2026-04-05,fg3m,4.5,1.79225,2.70775,0.04,0.05284212870084792,0.0,1.0
KXNBA3PT-26APR05ORLNOP-ORLFWAGNER22-1,2026-04-05,fg3m,0.5,0.9655,-0.4655,0.601,0.5971320102667664,0.0,1.0
KXNBA3PT-26APR05ORLNOP-ORLFWAGNER22-2,2026-04-05,fg3m,1.5,0.9655,0.5345,0.257,0.251836158197035,0.0,1.0
KXNBA3PT-26APR05ORLNOP-ORLFWAGNER22-3,2026-04-05,fg3m,2.5,0.9655,1.5345,0.08,0.08447581010799499,0.0,1.0
KXNBA3PT-26APR05ORLNOP-ORLFWAGNER22-4,2026-04-05,fg3m,3.5,0.9655,2.5345,0.02225,0.02413386985161836,0.0,1.0
KXNBA3PT-26APR05ORLNOP-ORLFWAGNER22-5,2026-04-05,fg3m,4.5,0.9655,3.5345,0.0045,0.0061228213600285075,0.0,1.0
KXNBA3PT-26APR05ORLNOP-ORLJSUGGS4-1,2026-04-05,fg3m,0.5,1.87025,-1.37025,0.83275,0.8122806341117114,1.0,1.0
KXNBA3PT-26APR05ORLNOP-ORLJSUGGS4-2,2026-04-05,fg3m,1.5,1.87025,-0.37024999999999997,0.55875,0.5302875669858984,1.0,1.0
KXNBA3PT-26APR05ORLNOP-ORLJSUGGS4-3,2026-04-05,fg3m,2.5,1.87025,0.62975,0.294,0.2907352404071777,1.0,1.0
KXNBA3PT-26APR05ORLNOP-ORLJSUGGS4-4,2026-04-05,fg3m,3.5,1.87025,1.62975,0.12375,0.13935546866364268,0.0,1.0
KXNBA3PT-26APR05ORLNOP-ORLJSUGGS4-5,2026-04-05,fg3m,4.5,1.87025,2.62975,0.04225,0.06016218993033007,0.0,1.0
KXNBA3PT-26APR05ORLNOP-ORLPBANCHERO5-1,2026-04-05,fg3m,0.5,1.13775,-0.63775,0.67725,0.6537329174236133,0.0,1.0
KXNBA3PT-26APR05ORLNOP-ORLPBANCHERO5-2,2026-04-05,fg3m,1.5,1.13775,0.36224999999999996,0.31025,0.310869681009482,0.0,1.0
KXNBA3PT-26APR05ORLNOP-ORLPBANCHERO5-3,2026-04-05,fg3m,2.5,1.13775,1.36225,0.1135,0.1188864740742761,0.0,1.0
KXNBA3PT-26APR05ORLNOP-ORLPBANCHERO5-4,2026-04-05,fg3m,3.5,1.13775,2.36225,0.0275,0.03891942785700708,0.0,1.0
KXNBA3PT-26APR05ORLNOP-ORLPBANCHERO5-5,2026-04-05,fg3m,4.5,1.13775,3.36225,0.00725,0.011344658277797515,0.0,1.0
KXNBAPTS-26APR05UTAOKC-OKCCHOLMGREN7-10,2026-04-05,pts,9.5,12.95475,-3.4547500000000007,0.693,0.6747520156496338,1.0,1.0
KXNBAPTS-26APR05UTAOKC-OKCCHOLMGREN7-15,2026-04-05,pts,14.5,12.95475,1.5452499999999993,0.373,0.35470009777295775,1.0,1.0
KXNBAPTS-26APR05UTAOKC-OKCCHOLMGREN7-20,2026-04-05,pts,19.5,12.95475,6.545249999999999,0.14475,0.14688922906761237,1.0,1.0
KXNBAPTS-26APR05UTAOKC-OKCCHOLMGREN7-25,2026-04-05,pts,24.5,12.95475,11.54525,0.0445,0.05113842693158144,0.0,1.0
KXNBAPTS-26APR05UTAOKC-OKCIHARTENSTEIN55-10,2026-04-05,pts,9.5,7.1445,2.3555,0.2535,0.2435103145459735,1.0,1.0
KXNBAPTS-26APR05UTAOKC-OKCIHARTENSTEIN55-15,2026-04-05,pts,14.5,7.1445,7.3555,0.0535,0.047818158051339044,0.0,1.0
KXNBAPTS-26APR05UTAOKC-OKCIHARTENSTEIN55-20,2026-04-05,pts,19.5,7.1445,12.3555,0.007,0.006782229032420761,0.0,1.0
KXNBAPTS-26APR05UTAOKC-OKCJWILLIAMS8-10,2026-04-05,pts,9.5,13.589,-4.089,0.7145,0.7063605711597227,1.0,1.0
KXNBAPTS-26APR05UTAOKC-OKCJWILLIAMS8-15,2026-04-05,pts,14.5,13.589,0.9109999999999996,0.41625,0.3927514143695856,1.0,1.0
KXNBAPTS-26APR05UTAOKC-OKCJWILLIAMS8-20,2026-04-05,pts,19.5,13.589,5.911,0.17675,0.17358469999523407,0.0,1.0
KXNBAPTS-26APR05UTAOKC-OKCJWILLIAMS8-25,2026-04-05,pts,24.5,13.589,10.911,0.052,0.06477545711786037,0.0,1.0
KXNBAPTS-26APR05UTAOKC-OKCSGILGEOUSALEXANDER2-20,2026-04-05,pts,19.5,25.26575,-5.765750000000001,0.7555,0.6597088884700464,1.0,1.0
KXNBAPTS-26APR05UTAOKC-OKCSGILGEOUSALEXANDER2-25,2026-04-05,pts,24.5,25.26575,-0.7657500000000006,0.5165,0.473217402643081,0.0,1.0
KXNBAPTS-26APR05UTAOKC-OKCSGILGEOUSALEXANDER2-30,2026-04-05,pts,29.5,25.26575,4.234249999999999,0.28525,0.31193990473858135,0.0,1.0
KXNBAPTS-26APR05UTAOKC-OKCSGILGEOUSALEXANDER2-35,2026-04-05,pts,34.5,25.26575,9.23425,0.12925,0.19153000017087818,0.0,1.0
KXNBAPTS-26APR05UTAOKC-OKCSGILGEOUSALEXANDER2-40,2026-04-05,pts,39.5,25.26575,14.23425,0.052,0.11082249824016244,0.0,1.0
KXNBAPTS-26APR05UTAOKC-UTAABAILEY19-15,2026-04-05,pts,14.5,15.804,-1.3040000000000003,0.54525,0.5164529791039602,0.0,1.0
KXNBAPTS-26APR05UTAOKC-UTAABAILEY19-20,2026-04-05,pts,19.5,15.804,3.6959999999999997,0.28275,0.27484534658861726,0.0,1.0
KXNBAPTS-26APR05UTAOKC-UTAABAILEY19-25,2026-04-05,pts,24.5,15.804,8.696,0.1115,0.12535457167931152,0.0,1.0
KXNBAPTS-26APR05UTAOKC-UTAABAILEY19-30,2026-04-05,pts,29.5,15.804,13.696,0.03675,0.05081189268142505,0.0,1.0
KXNBAREB-26APR05UTAOKC-OKCCHOLMGREN7-10,2026-04-05,reb,9.5,6.503,2.997,0.14275,0.17120854605113978,0.0,1.0
KXNBAREB-26APR05UTAOKC-OKCCHOLMGREN7-12,2026-04-05,reb,11.5,6.503,4.997,0.05375,0.07566477558695162,0.0,1.0
KXNBAREB-26APR05UTAOKC-OKCCHOLMGREN7-4,2026-04-05,reb,3.5,6.503,-3.003,0.86175,0.8213827953601669,1.0,1.0
KXNBAREB-26APR05UTAOKC-OKCCHOLMGREN7-6,2026-04-05,reb,5.5,6.503,-1.0030000000000001,0.61275,0.5790315017357913,1.0,1.0
KXNBAREB-26APR05UTAOKC-OKCCHOLMGREN7-8,2026-04-05,reb,7.5,6.503,0.9969999999999999,0.333,0.3404117497008684,0.0,1.0
KXNBAREB-26APR05UTAOKC-OKCIHARTENSTEIN55-10,2026-04-05,reb,9.5,6.8285,2.6715,0.171,0.19983334230093375,0.0,1.0
KXNBAREB-26APR05UTAOKC-OKCIHARTENSTEIN55-12,2026-04-05,reb,11.5,6.8285,4.6715,0.05775,0.0930740775811163,0.0,1.0
KXNBAREB-26APR05UTAOKC-OKCIHARTENSTEIN55-4,2026-04-05,reb,3.5,6.8285,-3.3285,0.88475,0.8430199987692373,1.0,1.0
KXNBAREB-26APR05UTAOKC-OKCIHARTENSTEIN55-6,2026-04-05,reb,5.5,6.8285,-1.3285,0.661,0.6154849526387012,1.0,1.0
KXNBAREB-26APR05UTAOKC-OKCIHARTENSTEIN55-8,2026-04-05,reb,7.5,6.8285,0.6715,0.3825,0.37817468738778337,1.0,1.0
KXNBAREB-26APR05UTAOKC-OKCJWILLIAMS8-10,2026-04-05,reb,9.5,3.529,5.971,0.00725,0.011969780775941685,0.0,1.0
KXNBAREB-26APR05UTAOKC-OKCJWILLIAMS8-2,2026-04-05,reb,1.5,3.529,-2.029,0.843,0.825136014763715,1.0,1.0
KXNBAREB-26APR05UTAOKC-OKCJWILLIAMS8-4,2026-04-05,reb,3.5,3.529,-0.028999999999999915,0.457,0.4524080292925552,0.0,1.0
KXNBAREB-26APR05UTAOKC-OKCJWILLIAMS8-6,2026-04-05,reb,5.5,3.529,1.971,0.16375,0.17285219887536318,0.0,1.0
KXNBAREB-26APR05UTAOKC-OKCJWILLIAMS8-8,2026-04-05,reb,7.5,3.529,3.971,0.04075,0.05034517281090356,0.0,1.0
KXNBAREB-26APR05UTAOKC-OKCSGILGEOUSALEXANDER2-10,2026-04-05,reb,9.5,3.72,5.779999999999999,0.008,0.01584781980121075,0.0,1.0
KXNBAREB-26APR05UTAOKC-OKCSGILGEOUSALEXANDER2-2,2026-04-05,reb,1.5,3.72,-2.22,0.8815,0.8437626522037884,1.0,1.0
KXNBAREB-26APR05UTAOKC-OKCSGILGEOUSALEXANDER2-4,2026-04-05,reb,3.5,3.72,-0.2200000000000002,0.502,0.4867501565037341,1.0,1.0
KXNBAREB-26APR05UTAOKC-OKCSGILGEOUSALEXANDER2-6,2026-04-05,reb,5.5,3.72,1.7799999999999998,0.17875,0.19832168499359748,0.0,1.0
KXNBAREB-26APR05UTAOKC-OKCSGILGEOUSALEXANDER2-8,2026-04-05,reb,7.5,3.72,3.78,0.04525,0.061962207442723405,0.0,1.0
KXNBAREB-26APR05UTAOKC-UTAABAILEY19-2,2026-04-05,reb,1.5,4.75225,-3.25225,0.93325,0.9142571564326116,1.0,1.0
KXNBAREB-26APR05UTAOKC-UTAABAILEY19-4,2026-04-05,reb,3.5,4.75225,-1.25225,0.672,0.6468372024928393,1.0,1.0
KXNBAREB-26APR05UTAOKC-UTAABAILEY19-5,2026-04-05,reb,4.5,4.75225,-0.2522500000000001,0.50675,0.48869440733165603,0.0,1.0
KXNBAREB-26APR05UTAOKC-UTAABAILEY19-6,2026-04-05,reb,5.5,4.75225,0.7477499999999999,0.3435,0.3459474832297975,0.0,1.0
KXNBAREB-26APR05UTAOKC-UTAABAILEY19-8,2026-04-05,reb,7.5,4.75225,2.74775,0.1245,0.1464754118475461,0.0,1.0
KXNBAAST-26APR05UTAOKC-OKCSGILGEOUSALEXANDER2-10,2026-04-05,ast,9.5,5.58425,3.91575,0.063,0.09825317885447327,0.0,1.0
KXNBAAST-26APR05UTAOKC-OKCSGILGEOUSALEXANDER2-2,2026-04-05,ast,1.5,5.58425,-4.08425,0.9735,0.9479333883184387,1.0,1.0
KXNBAAST-26APR05UTAOKC-OKCSGILGEOUSALEXANDER2-4,2026-04-05,ast,3.5,5.58425,-2.08425,0.805,0.7462589335069532,1.0,1.0
KXNBAAST-26APR05UTAOKC-OKCSGILGEOUSALEXANDER2-6,2026-04-05,ast,5.5,5.58425,-0.08424999999999994,0.482,0.464273910947401,1.0,1.0
KXNBAAST-26APR05UTAOKC-OKCSGILGEOUSALEXANDER2-8,2026-04-05,ast,7.5,5.58425,1.91575,0.205,0.23325709901850067,0.0,1.0
KXNBAAST-26APR05UTAOKC-UTAABAILEY19-2,2026-04-05,ast,1.5,1.91975,-0.41975000000000007,0.55925,0.5505844917696978,1.0,1.0
KXNBAAST-26APR05UTAOKC-UTAABAILEY19-3,2026-04-05,ast,2.5,1.91975,0.5802499999999999,0.308,0.30269230746033915,0.0,1.0
KXNBAAST-26APR05UTAOKC-UTAABAILEY19-4,2026-04-05,ast,3.5,1.91975,1.58025,0.139,0.14305741820695494,0.0,1.0
KXNBAAST-26APR05UTAOKC-UTAABAILEY19-6,2026-04-05,ast,5.5,1.91975,3.58025,0.01975,0.022747428233101608,0.0,1.0
KXNBAAST-26APR05UTAOKC-UTAABAILEY19-8,2026-04-05,ast,7.5,1.91975,5.5802499999999995,0.00125,0.0026070904674844186,0.0,1.0
KXNBA3PT-26APR05UTAOKC-OKCCHOLMGREN7-1,2026-04-05,fg3m,0.5,1.0165,-0.5165,0.6345,0.6149131420120257,1.0,1.0
KXNBA3PT-26APR05UTAOKC-OKCCHOLMGREN7-2,2026-04-05,fg3m,1.5,1.0165,0.48350000000000004,0.2675,0.269471833650617,1.0,1.0
KXNBA3PT-26APR05UTAOKC-OKCCHOLMGREN7-3,2026-04-05,fg3m,2.5,1.0165,1.4835,0.08875,0.09423618862881744,1.0,1.0
KXNBA3PT-26APR05UTAOKC-OKCCHOLMGREN7-4,2026-04-05,fg3m,3.5,1.0165,2.4835000000000003,0.0205,0.028109599184506062,1.0,1.0
KXNBA3PT-26APR05UTAOKC-OKCCHOLMGREN7-5,2026-04-05,fg3m,4.5,1.0165,3.4835000000000003,0.00475,0.007451858498158992,0.0,1.0
KXNBA3PT-26APR05UTAOKC-OKCJWILLIAMS8-1,2026-04-05,fg3m,0.5,0.87475,-0.37475,0.5865,0.5631465871506928,1.0,1.0
KXNBA3PT-26APR05UTAOKC-OKCJWILLIAMS8-2,2026-04-05,fg3m,1.5,0.87475,0.62525,0.21225,0.22029697296224682,0.0,1.0
KXNBA3PT-26APR05UTAOKC-OKCJWILLIAMS8-3,2026-04-05,fg3m,2.5,0.87475,1.6252499999999999,0.05875,0.06813567419454536,0.0,1.0
KXNBA3PT-26APR05UTAOKC-OKCJWILLIAMS8-4,2026-04-05,fg3m,3.5,0.87475,2.62525,0.01475,0.017900230911894077,0.0,1.0
KXNBA3PT-26APR05UTAOKC-OKCJWILLIAMS8-5,2026-04-05,fg3m,4.5,0.87475,3.62525,0.002,0.004170270148660116,0.0,1.0
KXNBA3PT-26APR05UTAOKC-OKCSGILGEOUSALEXANDER2-1,2026-04-05,fg3m,0.5,1.3375,-0.8374999999999999,0.7325,0.7084182829234035,1.0,1.0
KXNBA3PT-26APR05UTAOKC-OKCSGILGEOUSALEXANDER2-2,2026-04-05,fg3m,1.5,1.3375,0.1625000000000001,0.38575,0.3765714496145782,1.0,1.0
KXNBA3PT-26APR05UTAOKC-OKCSGILGEOUSALEXANDER2-3,2026-04-05,fg3m,2.5,1.3375,1.1625,0.15475,0.16299779683617555,0.0,1.0
KXNBA3PT-26APR05UTAOKC-OKCSGILGEOUSALEXANDER2-4,2026-04-05,fg3m,3.5,1.3375,2.1625,0.05025,0.06074783271876838,0.0,1.0
KXNBA3PT-26APR05UTAOKC-OKCSGILGEOUSALEXANDER2-5,2026-04-05,fg3m,4.5,1.3375,3.1625,0.01075,0.020222025147627942,0.0,1.0
KXNBAPTS-26APR04SASDEN-DENAGORDON32-10,2026-04-04,pts,9.5,12.0995,-2.599500000000001,0.64225,0.6270719310722326,1.0,1.0
KXNBAPTS-26APR04SASDEN-DENAGORDON32-15,2026-04-04,pts,14.5,12.0995,2.400499999999999,0.314,0.3024735484212261,1.0,1.0
KXNBAPTS-26APR04SASDEN-DENAGORDON32-20,2026-04-04,pts,19.5,12.0995,7.400499999999999,0.12025,0.11353107507915738,0.0,1.0
KXNBAPTS-26APR04SASDEN-DENAGORDON32-25,2026-04-04,pts,24.5,12.0995,12.4005,0.03,0.03561527779622187,0.0,1.0
KXNBAPTS-26APR04SASDEN-DENCBRAUN0-10,2026-04-04,pts,9.5,9.97475,-0.4747500000000002,0.4995,0.4820450178143042,1.0,1.0
KXNBAPTS-26APR04SASDEN-DENCBRAUN0-15,2026-04-04,pts,14.5,9.97475,4.52525,0.1865,0.17560095931819752,1.0,1.0
KXNBAPTS-26APR04SASDEN-DENCBRAUN0-20,2026-04-04,pts,19.5,9.97475,9.52525,0.045,0.04822919306853324,1.0,1.0
KXNBAPTS-26APR04SASDEN-DENCJOHNSON23-10,2026-04-04,pts,9.5,9.67725,-0.1772500000000008,0.47225,0.4588068491984577,1.0,1.0
KXNBAPTS-26APR04SASDEN-DENCJOHNSON23-15,2026-04-04,pts,14.5,9.67725,4.822749999999999,0.1785,0.1591246499553448,1.0,1.0
KXNBAPTS-26APR04SASDEN-DENCJOHNSON23-20,2026-04-04,pts,19.5,9.67725,9.82275,0.0515,0.04142251587750756,0.0,1.0
KXNBAPTS-26APR04SASDEN-DENCJOHNSON23-25,2026-04-04,pts,24.5,9.67725,14.82275,0.013,0.008865224728194065,0.0,1.0
KXNBAPTS-26APR04SASDEN-DENJMURRAY27-15,2026-04-04,pts,14.5,20.42775,-5.92775,0.776,0.7117194230210502,1.0,1.0
KXNBAPTS-26APR04SASDEN-DENJMURRAY27-20,2026-04-04,pts,19.5,20.42775,-0.9277499999999996,0.52175,0.485798901818868,0.0,1.0
KXNBAPTS-26APR04SASDEN-DENJMURRAY27-25,2026-04-04,pts,24.5,20.42775,4.07225,0.287,0.2927074036906603,0.0,1.0
KXNBAPTS-26APR04SASDEN-DENJMURRAY27-30,2026-04-04,pts,29.5,20.42775,9.07225,0.1225,0.15939353909613418,0.0,1.0
KXNBAPTS-26APR04SASDEN-DENJMURRAY27-35,2026-04-04,pts,34.5,20.42775,14.07225,0.04,0.0800041963986503,0.0,1.0
KXNBAPTS-26APR04SASDEN-DENNJOKIC15-15,2026-04-04,pts,14.5,21.33975,-6.839749999999999,0.811,0.7403334102769517,1.0,1.0
KXNBAPTS-26APR04SASDEN-DENNJOKIC15-20,2026-04-04,pts,19.5,21.33975,-1.8397499999999987,0.56975,0.5230146448090793,1.0,1.0
KXNBAPTS-26APR04SASDEN-DENNJOKIC15-25,2026-04-04,pts,24.5,21.33975,3.1602500000000013,0.32075,0.3279420665915651,1.0,1.0
KXNBAPTS-26APR04SASDEN-DENNJOKIC15-30,2026-04-04,pts,29.5,21.33975,8.160250000000001,0.1425,0.1864430808214126,1.0,1.0
KXNBAPTS-26APR04SASDEN-DENNJOKIC15-35,2026-04-04,pts,34.5,21.33975,13.160250000000001,0.0515,0.09789629366513697,1.0,1.0
KXNBAPTS-26APR04SASDEN-SASDFOX4-10,2026-04-04,pts,9.5,14.83625,-5.33625,0.7845,0.7600179280793018,1.0,1.0
KXNBAPTS-26APR04SASDEN-SASDFOX4-15,2026-04-04,pts,14.5,14.83625,-0.3362499999999997,0.48125,0.4644941506767597,0.0,1.0
KXNBAPTS-26APR04SASDEN-SASDFOX4-20,2026-04-04,pts,19.5,14.83625,4.66375,0.2245,0.22954302453749154,0.0,1.0
KXNBAPTS-26APR04SASDEN-SASDFOX4-25,2026-04-04,pts,24.5,14.83625,9.66375,0.08375,0.09658811117665855,0.0,1.0
KXNBAPTS-26APR04SASDEN-SASDHARPER2-10,2026-04-04,pts,9.5,11.8035,-2.3034999999999997,0.62825,0.6091570137384859,1.0,1.0
KXNBAPTS-26APR04SASDEN-SASDHARPER2-15,2026-04-04,pts,14.5,11.8035,2.6965000000000003,0.29825,0.28432555199415077,0.0,1.0
KXNBAPTS-26APR04SASDEN-SASDHARPER2-20,2026-04-04,pts,19.5,11.8035,7.6965,0.092,0.10282080919250025,0.0,1.0
KXNBAPTS-26APR04SASDEN-SASDVASSELL24-10,2026-04-04,pts,9.5,12.26575,-2.7657500000000006,0.65575,0.6368110520205699,1.0,1.0
KXNBAPTS-26APR04SASDEN-SASDVASSELL24-15,2026-04-04,pts,14.5,12.26575,2.2342499999999994,0.324,0.31266674468291555,1.0,1.0
KXNBAPTS-26APR04SASDEN-SASDVASSELL24-20,2026-04-04,pts,19.5,12.26575,7.234249999999999,0.11675,0.1197456726472923,0.0,1.0
KXNBAPTS-26APR04SASDEN-SASDVASSELL24-25,2026-04-04,pts,24.5,12.26575,12.23425,0.0325,0.03837292842555373,0.0,1.0
KXNBAPTS-26APR04SASDEN-SASSCASTLE5-10,2026-04-04,pts,9.5,15.558,-6.058,0.8095,0.7864455722821536,1.0,1.0
KXNBAPTS-26APR04SASDEN-SASSCASTLE5-15,2026-04-04,pts,14.5,15.558,-1.0579999999999998,0.53175,0.5035877523465848,1.0,1.0
KXNBAPTS-26APR04SASDEN-SASSCASTLE5-20,2026-04-04,pts,19.5,15.558,3.942,0.2565,0.26324206712006837,1.0,1.0
KXNBAPTS-26APR04SASDEN-SASSCASTLE5-25,2026-04-04,pts,24.5,15.558,8.942,0.0975,0.11773787990973905,0.0,1.0
KXNBAREB-26APR04SASDEN-DENAGORDON32-2,2026-04-04,reb,1.5,4.46225,-2.96225,0.915,0.8986921699521636,1.0,1.0
KXNBAREB-26APR04SASDEN-DENAGORDON32-4,2026-04-04,reb,3.5,4.46225,-0.96225,0.6295,0.6064391622224728,1.0,1.0
KXNBAREB-26APR04SASDEN-DENAGORDON32-5,2026-04-04,reb,4.5,4.46225,0.03774999999999995,0.45375,0.44408870824365054,1.0,1.0
KXNBAREB-26APR04SASDEN-DENAGORDON32-6,2026-04-04,reb,5.5,4.46225,1.03775,0.30575,0.3037656439898415,1.0,1.0
KXNBAREB-26APR04SASDEN-DENAGORDON32-8,2026-04-04,reb,7.5,4.46225,3.03775,0.10375,0.11938433476804156,0.0,1.0
KXNBAREB-26APR04SASDEN-DENCJOHNSON23-10,2026-04-04,reb,9.5,3.07125,6.42875,0.0045,0.005472511266815139,0.0,1.0
KXNBAREB-26APR04SASDEN-DENCJOHNSON23-2,2026-04-04,reb,1.5,3.07125,-1.57125,0.79975,0.7707039671303493,1.0,1.0
KXNBAREB-26APR04SASDEN-DENCJOHNSON23-4,2026-04-04,reb,3.5,3.07125,0.42874999999999996,0.36,0.36549309137412256,1.0,1.0
KXNBAREB-26APR04SASDEN-DENCJOHNSON23-6,2026-04-04,reb,5.5,3.07125,2.42875,0.103,0.1168495463034076,1.0,1.0
KXNBAREB-26APR04SASDEN-DENCJOHNSON23-8,2026-04-04,reb,7.5,3.07125,4.42875,0.02275,0.028082767851773216,0.0,1.0
KXNBAREB-26APR04SASDEN-DENNJOKIC15-10,2026-04-04,reb,9.5,10.699,-1.1989999999999998,0.61075,0.5602039818456528,0.0,1.0
KXNBAREB-26APR04SASDEN-DENNJOKIC15-12,2026-04-04,reb,11.5,10.699,0.8010000000000002,0.39825,0.3903698229754533,0.0,1.0
KXNBAREB-26APR04SASDEN-DENNJOKIC15-14,2026-04-04,reb,13.5,10.699,2.801,0.20525,0.2508711451561565,0.0,1.0
KXNBAREB-26APR04SASDEN-DENNJOKIC15-16,2026-04-04,reb,15.5,10.699,4.801,0.0885,0.15008088472276948,0.0,1.0
KXNBAREB-26APR04SASDEN-DENNJOKIC15-18,2026-04-04,reb,17.5,10.699,6.801,0.03275,0.0843220623788794,0.0,1.0
KXNBAREB-26APR04SASDEN-SASDFOX4-10,2026-04-04,reb,9.5,3.25375,6.24625,0.00425,0.007631906845883885,0.0,1.0
KXNBAREB-26APR04SASDEN-SASDFOX4-2,2026-04-04,reb,1.5,3.25375,-1.7537500000000001,0.823,0.7942114562207443,1.0,1.0
KXNBAREB-26APR04SASDEN-SASDFOX4-4,2026-04-04,reb,3.5,3.25375,0.24624999999999986,0.40375,0.4008088111768676,1.0,1.0
KXNBAREB-26APR04SASDEN-SASDFOX4-6,2026-04-04,reb,5.5,3.25375,2.24625,0.12325,0.13819435257281865,0.0,1.0
KXNBAREB-26APR04SASDEN-SASDFOX4-8,2026-04-04,reb,7.5,3.25375,4.24625,0.0265,0.03601801470296906,0.0,1.0
KXNBAREB-26APR04SASDEN-SASSCASTLE5-2,2026-04-04,reb,1.5,4.97975,-3.47975,0.949,0.9246911096932081,1.0,1.0
KXNBAREB-26APR04SASDEN-SASSCASTLE5-4,2026-04-04,reb,3.5,4.97975,-1.4797500000000001,0.71025,0.676032344766051,1.0,1.0
KXNBAREB-26APR04SASDEN-SASSCASTLE5-5,2026-04-04,reb,4.5,4.97975,-0.4797500000000001,0.5395,0.5221615017940435,1.0,1.0
KXNBAREB-26APR04SASDEN-SASSCASTLE5-6,2026-04-04,reb,5.5,4.97975,0.5202499999999999,0.384,0.37880227525863686,0.0,1.0
KXNBAREB-26APR04SASDEN-SASSCASTLE5-8,2026-04-04,reb,7.5,4.97975,2.52025,0.14675,0.16921042532828123,0.0,1.0
KXNBAAST-26APR04SASDEN-DENAGORDON32-2,2026-04-04,ast,1.5,2.09725,-0.5972499999999998,0.608,0.594464591766054,1.0,1.0
KXNBAAST-26APR04SASDEN-DENAGORDON32-3,2026-04-04,ast,2.5,2.09725,0.40275000000000016,0.34825,0.34670143727146674,1.0,1.0
KXNBAAST-26APR04SASDEN-DENAGORDON32-4,2026-04-04,ast,3.5,2.09725,1.4027500000000002,0.161,0.17480519910404146,0.0,1.0
KXNBAAST-26APR04SASDEN-DENAGORDON32-6,2026-04-04,ast,5.5,2.09725,3.40275,0.02825,0.03189528453960855,0.0,1.0
KXNBAAST-26APR04SASDEN-DENAGORDON32-8,2026-04-04,ast,7.5,2.09725,5.40275,0.00325,0.004216358580913182,0.0,1.0
KXNBAAST-26APR04SASDEN-DENJMURRAY27-10,2026-04-04,ast,9.5,4.9525,4.5475,0.03575,0.060211998644864595,1.0,1.0
KXNBAAST-26APR04SASDEN-DENJMURRAY27-12,2026-04-04,ast,11.5,4.9525,6.5475,0.008,0.018945182216852374,0.0,1.0
KXNBAAST-26APR04SASDEN-DENJMURRAY27-6,2026-04-04,ast,5.5,4.9525,0.5475000000000003,0.37825,0.3750223304883049,1.0,1.0
KXNBAAST-26APR04SASDEN-DENJMURRAY27-7,2026-04-04,ast,6.5,4.9525,1.5475000000000003,0.23225,0.25531321798949547,1.0,1.0
KXNBAAST-26APR04SASDEN-DENJMURRAY27-8,2026-04-04,ast,7.5,4.9525,2.5475000000000003,0.12675,0.16497011236502723,1.0,1.0
KXNBAAST-26APR04SASDEN-DENNJOKIC15-10,2026-04-04,ast,9.5,7.648,1.8520000000000003,0.25,0.27563848651658496,1.0,1.0
KXNBAAST-26APR04SASDEN-DENNJOKIC15-12,2026-04-04,ast,11.5,7.648,3.8520000000000003,0.09875,0.1426152312495813,1.0,1.0
KXNBAAST-26APR04SASDEN-DENNJOKIC15-14,2026-04-04,ast,13.5,7.648,5.852,0.02825,0.06652230194887765,0.0,1.0
KXNBAAST-26APR04SASDEN-DENNJOKIC15-16,2026-04-04,ast,15.5,7.648,7.852,0.00775,0.028427486138657865,0.0,1.0
KXNBAAST-26APR04SASDEN-DENNJOKIC15-8,2026-04-04,ast,7.5,7.648,-0.1479999999999997,0.4945,0.4713166935382903,1.0,1.0
KXNBAAST-26APR04SASDEN-SASDFOX4-10,2026-04-04,ast,9.5,4.615,4.885,0.02375,0.04406279797130763,0.0,1.0
KXNBAAST-26APR04SASDEN-SASDFOX4-2,2026-04-04,ast,1.5,4.615,-3.115,0.93725,0.9090931585069388,1.0,1.0
KXNBAAST-26APR04SASDEN-SASDFOX4-4,2026-04-04,ast,3.5,4.615,-1.1150000000000002,0.66825,0.6302367382949539,1.0,1.0
KXNBAAST-26APR04SASDEN-SASDFOX4-6,2026-04-04,ast,5.5,4.615,0.8849999999999998,0.317,0.3257343683470677,0.0,1.0
KXNBAAST-26APR04SASDEN-SASDFOX4-8,2026-04-04,ast,7.5,4.615,2.885,0.10775,0.13188408721258382,0.0,1.0
KXNBAAST-26APR04SASDEN-SASSCASTLE5-10,2026-04-04,ast,9.5,6.193,3.3070000000000004,0.11625,0.1436117036094906,0.0,1.0
KXNBAAST-26APR04SASDEN-SASSCASTLE5-12,2026-04-04,ast,11.5,6.193,5.307,0.02975,0.05923781699242425,0.0,1.0
KXNBAAST-26APR04SASDEN-SASSCASTLE5-6,2026-04-04,ast,5.5,6.193,-0.6929999999999996,0.57175,0.5437445570333497,1.0,1.0
KXNBAAST-26APR04SASDEN-SASSCASTLE5-8,2026-04-04,ast,7.5,6.193,1.3070000000000004,0.2925,0.30364224750926405,1.0,1.0
KXNBAAST-26APR04SASDEN-SASSCASTLE5-9,2026-04-04,ast,8.5,6.193,2.3070000000000004,0.19075,0.21279259582614485,1.0,1.0
KXNBA3PT-26APR04SASDEN-DENAGORDON32-1,2026-04-04,fg3m,0.5,1.17675,-0.67675,0.675,0.6652632494415374,1.0,1.0
KXNBA3PT-26APR04SASDEN-DENAGORDON32-2,2026-04-04,fg3m,1.5,1.17675,0.32325000000000004,0.32775,0.32397310454134676,0.0,1.0
KXNBA3PT-26APR04SASDEN-DENAGORDON32-3,2026-04-04,fg3m,2.5,1.17675,1.32325,0.12175,0.12719502902380675,0.0,1.0
KXNBA3PT-26APR04SASDEN-DENAGORDON32-4,2026-04-04,fg3m,3.5,1.17675,2.32325,0.03825,0.04279644490590839,0.0,1.0
KXNBA3PT-26APR04SASDEN-DENAGORDON32-5,2026-04-04,fg3m,4.5,1.17675,3.32325,0.01,0.012829212370047971,0.0,1.0
KXNBA3PT-26APR04SASDEN-DENJMURRAY27-2,2026-04-04,fg3m,1.5,2.51825,-1.01825,0.7225,0.6716969309774801,1.0,1.0
KXNBA3PT-26APR04SASDEN-DENJMURRAY27-3,2026-04-04,fg3m,2.5,2.51825,-0.0182500000000001,0.45725,0.44163841005212856,1.0,1.0
KXNBA3PT-26APR04SASDEN-DENJMURRAY27-4,2026-04-04,fg3m,3.5,2.51825,0.9817499999999999,0.243,0.2583819467313192,0.0,1.0
KXNBA3PT-26APR04SASDEN-DENJMURRAY27-5,2026-04-04,fg3m,4.5,2.51825,1.98175,0.11325,0.13753566196330813,0.0,1.0
KXNBA3PT-26APR04SASDEN-DENJMURRAY27-6,2026-04-04,fg3m,5.5,2.51825,2.98175,0.041,0.06778776083919313,0.0,1.0
KXNBA3PT-26APR04SASDEN-DENNJOKIC15-1,2026-04-04,fg3m,0.5,1.346,-0.8460000000000001,0.7325,0.7105186164767968,1.0,1.0
KXNBA3PT-26APR04SASDEN-DENNJOKIC15-2,2026-04-04,fg3m,1.5,1.346,0.15399999999999991,0.3855,0.37928225663927595,0.0,1.0
KXNBA3PT-26APR04SASDEN-DENNJOKIC15-3,2026-04-04,fg3m,2.5,1.346,1.154,0.161,0.16494978301971241,0.0,1.0
KXNBA3PT-26APR04SASDEN-DENNJOKIC15-4,2026-04-04,fg3m,3.5,1.346,2.154,0.05175,0.06178215630772432,0.0,1.0
KXNBA3PT-26APR04SASDEN-DENNJOKIC15-5,2026-04-04,fg3m,4.5,1.346,3.154,0.0125,0.020671734877527603,0.0,1.0
KXNBA3PT-26APR04SASDEN-SASDFOX4-1,2026-04-04,fg3m,0.5,1.42425,-0.92425,0.753,0.7290705435808276,0.0,1.0
KXNBA3PT-26APR04SASDEN-SASDFOX4-2,2026-04-04,fg3m,1.5,1.42425,0.07574999999999998,0.41075,0.4038734770573118,0.0,1.0
KXNBA3PT-26APR04SASDEN-SASDFOX4-3,2026-04-04,fg3m,2.5,1.42425,1.07575,0.1775,0.18313927938421237,0.0,1.0
KXNBA3PT-26APR04SASDEN-SASDFOX4-4,2026-04-04,fg3m,3.5,1.42425,2.07575,0.0605,0.07168464894772875,0.0,1.0
KXNBA3PT-26APR04SASDEN-SASDFOX4-5,2026-04-04,fg3m,4.5,1.42425,3.07575,0.016,0.025096051632588323,0.0,1.0
KXNBA3PT-26APR04SASDEN-SASSCASTLE5-1,2026-04-04,fg3m,0.5,1.308,-0.808,0.72825,0.7009940403208185,0.0,1.0
KXNBA3PT-26APR04SASDEN-SASSCASTLE5-2,2026-04-04,fg3m,1.5,1.308,0.19199999999999995,0.3695,0.3671053964162151,0.0,1.0
KXNBA3PT-26APR04SASDEN-SASSCASTLE5-3,2026-04-04,fg3m,2.5,1.308,1.192,0.1475,0.15626391396053696,0.0,1.0
KXNBA3PT-26APR04SASDEN-SASSCASTLE5-4,2026-04-04,fg3m,3.5,1.308,2.192,0.0485,0.05722269770836208,0.0,1.0
KXNBA3PT-26APR04SASDEN-SASSCASTLE5-5,2026-04-04,fg3m,4.5,1.308,3.192,0.01225,0.018707787146987953,0.0,1.0
KXNBAPTS-26APR04WASMIA-MIAAWIGGINS22-10,2026-04-04,pts,9.5,13.268,-3.7680000000000007,0.6955,0.6907487650792214,1.0,1.0
KXNBAPTS-26APR04WASMIA-MIAAWIGGINS22-15,2026-04-04,pts,14.5,13.268,1.2319999999999993,0.39175,0.3735950736333936,1.0,1.0
KXNBAPTS-26APR04WASMIA-MIAAWIGGINS22-20,2026-04-04,pts,19.5,13.268,6.231999999999999,0.167,0.15989113720129122,1.0,1.0
KXNBAPTS-26APR04WASMIA-MIAAWIGGINS22-25,2026-04-04,pts,24.5,13.268,11.232,0.05575,0.05765059499100644,0.0,1.0
KXNBAPTS-26APR04WASMIA-MIABADEBAYO13-15,2026-04-04,pts,14.5,19.84525,-5.34525,0.744,0.691864521128679,0.0,1.0
KXNBAPTS-26APR04WASMIA-MIABADEBAYO13-20,2026-04-04,pts,19.5,19.84525,-0.34525000000000006,0.49,0.4610393400674109,0.0,1.0
KXNBAPTS-26APR04WASMIA-MIABADEBAYO13-25,2026-04-04,pts,24.5,19.84525,4.65475,0.25075,0.27023421792602487,0.0,1.0
KXNBAPTS-26APR04WASMIA-MIABADEBAYO13-30,2026-04-04,pts,29.5,19.84525,9.65475,0.10775,0.14285549753355142,0.0,1.0
KXNBAPTS-26APR04WASMIA-MIABADEBAYO13-35,2026-04-04,pts,34.5,19.84525,14.65475,0.0395,0.06951924348480265,0.0,1.0
KXNBAPTS-26APR04WASMIA-MIADMITCHELL45-10,2026-04-04,pts,9.5,9.2105,0.2895000000000003,0.43525,0.4210956459771409,1.0,1.0
KXNBAPTS-26APR04WASMIA-MIADMITCHELL45-15,2026-04-04,pts,14.5,9.2105,5.2895,0.15,0.13438980748169826,0.0,1.0
KXNBAPTS-26APR04WASMIA-MIADMITCHELL45-20,2026-04-04,pts,19.5,9.2105,10.2895,0.0355,0.03196475311203972,0.0,1.0
KXNBAPTS-26APR04WASMIA-MIAKWARE7-10,2026-04-04,pts,9.5,8.13375,1.3662500000000009,0.35475,0.32960295390456273,1.0,1.0
KXNBAPTS-26APR04WASMIA-MIAKWARE7-15,2026-04-04,pts,14.5,8.13375,6.366250000000001,0.1225,0.08395139089876336,1.0,1.0
KXNBAPTS-26APR04WASMIA-MIAKWARE7-20,2026-04-04,pts,19.5,8.13375,11.36625,0.033,0.015677573045295268,1.0,1.0
KXNBAPTS-26APR04WASMIA-WASBCOULIBALY0-10,2026-04-04,pts,9.5,10.1155,-0.6155000000000008,0.50575,0.49280600713622613,1.0,1.0
KXNBAPTS-26APR04WASMIA-WASBCOULIBALY0-15,2026-04-04,pts,14.5,10.1155,4.384499999999999,0.20425,0.18356203335171228,0.0,1.0
KXNBAPTS-26APR04WASMIA-WASBCOULIBALY0-20,2026-04-04,pts,19.5,10.1155,9.3845,0.06475,0.051660107135184874,0.0,1.0
KXNBAPTS-26APR04WASMIA-WASBCOULIBALY0-25,2026-04-04,pts,24.5,10.1155,14.3845,0.012,0.011988488553650978,0.0,1.0
KXNBAPTS-26APR04WASMIA-WASTJOHNSON12-10,2026-04-04,pts,9.5,10.715,-1.2149999999999999,0.55475,0.5368666281006365,1.0,1.0
KXNBAPTS-26APR04WASMIA-WASTJOHNSON12-15,2026-04-04,pts,14.5,10.715,3.785,0.22775,0.2184468472935368,0.0,1.0
KXNBAPTS-26APR04WASMIA-WASTJOHNSON12-20,2026-04-04,pts,19.5,10.715,8.785,0.07125,0.06776408746094975,0.0,1.0
KXNBAPTS-26APR04WASMIA-WASTJOHNSON12-25,2026-04-04,pts,24.5,10.715,13.785,0.013,0.01740415416615415,0.0,1.0
KXNBAREB-26APR04WASMIA-MIAAWIGGINS22-10,2026-04-04,reb,9.5,4.585,4.915,0.0295,0.04397479719602393,0.0,1.0
KXNBAREB-26APR04WASMIA-MIAAWIGGINS22-2,2026-04-04,reb,1.5,4.585,-3.085,0.91925,0.9056161530981749,1.0,1.0
KXNBAREB-26APR04WASMIA-MIAAWIGGINS22-4,2026-04-04,reb,3.5,4.585,-1.085,0.64125,0.6239788135419425,0.0,1.0
KXNBAREB-26APR04WASMIA-MIAAWIGGINS22-6,2026-04-04,reb,5.5,4.585,0.915,0.3275,0.32163127604831165,0.0,1.0
KXNBAREB-26APR04WASMIA-MIAAWIGGINS22-8,2026-04-04,reb,7.5,4.585,2.915,0.117,0.1305717628404398,0.0,1.0
KXNBAREB-26APR04WASMIA-MIABADEBAYO13-10,2026-04-04,reb,9.5,9.5865,-0.08649999999999913,0.47475,0.46326250479448217,0.0,1.0
KXNBAREB-26APR04WASMIA-MIABADEBAYO13-12,2026-04-04,reb,11.5,9.5865,1.9135000000000009,0.27375,0.2966741417000769,0.0,1.0
KXNBAREB-26APR04WASMIA-MIABADEBAYO13-14,2026-04-04,reb,13.5,9.5865,3.913500000000001,0.13025,0.17399804584706635,0.0,1.0
KXNBAREB-26APR04WASMIA-MIABADEBAYO13-16,2026-04-04,reb,15.5,9.5865,5.913500000000001,0.05175,0.09455008245199892,0.0,1.0
KXNBAREB-26APR04WASMIA-MIABADEBAYO13-8,2026-04-04,reb,7.5,9.5865,-2.086499999999999,0.72275,0.6547513341342543,1.0,1.0
KXNBAREB-26APR04WASMIA-MIAKWARE7-10,2026-04-04,reb,9.5,6.4085,3.0915,0.17075,0.16318058691117532,1.0,1.0
KXNBAREB-26APR04WASMIA-MIAKWARE7-12,2026-04-04,reb,11.5,6.4085,5.0915,0.07525,0.07096979724835328,1.0,1.0
KXNBAREB-26APR04WASMIA-MIAKWARE7-6,2026-04-04,reb,5.5,6.4085,-0.9085000000000001,0.5735,0.5679836323699262,1.0,1.0
KXNBAREB-26APR04WASMIA-MIAKWARE7-8,2026-04-04,reb,7.5,6.4085,1.0915,0.33825,0.32940080894391877,1.0,1.0
KXNBAREB-26APR04WASMIA-MIAKWARE7-9,2026-04-04,reb,8.5,6.4085,2.0915,0.24525,0.2360328823506207,1.0,1.0
KXNBAAST-26APR04WASMIA-MIABADEBAYO13-10,2026-04-04,ast,9.5,3.0745,6.4254999999999995,0.0015,0.00523489210851702,0.0,1.0
KXNBAAST-26APR04WASMIA-MIABADEBAYO13-2,2026-04-04,ast,1.5,3.0745,-1.5745,0.80925,0.7730459583528089,1.0,1.0
KXNBAAST-26APR04WASMIA-MIABADEBAYO13-4,2026-04-04,ast,3.5,3.0745,0.4255,0.372,0.366327308625494,1.0,1.0
KXNBAAST-26APR04WASMIA-MIABADEBAYO13-6,2026-04-04,ast,5.5,3.0745,2.4255,0.092,0.11612241857740047,1.0,1.0
KXNBAAST-26APR04WASMIA-MIABADEBAYO13-8,2026-04-04,ast,7.5,3.0745,4.4254999999999995,0.01825,0.027467032654585388,0.0,1.0
KXNBAAST-26APR04WASMIA-MIADMITCHELL45-10,2026-04-04,ast,9.5,5.19725,4.30275,0.0505,0.0737686874275929,0.0,1.0
KXNBAAST-26APR04WASMIA-MIADMITCHELL45-12,2026-04-04,ast,11.5,5.19725,6.30275,0.00925,0.0246684114208634,0.0,1.0
KXNBAAST-26APR04WASMIA-MIADMITCHELL45-4,2026-04-04,ast,3.5,5.19725,-1.6972500000000004,0.747,0.7044987372492099,1.0,1.0
KXNBAAST-26APR04WASMIA-MIADMITCHELL45-6,2026-04-04,ast,5.5,5.19725,0.30274999999999963,0.41125,0.41022511332830647,1.0,1.0
KXNBAAST-26APR04WASMIA-MIADMITCHELL45-8,2026-04-04,ast,7.5,5.19725,2.3027499999999996,0.17225,0.19059480612482238,0.0,1.0
KXNBAAST-26APR04WASMIA-MIAKWARE7-1,2026-04-04,ast,0.5,0.65825,-0.15825,0.473,0.4721209820013613,1.0,1.0
KXNBAAST-26APR04WASMIA-MIAKWARE7-2,2026-04-04,ast,1.5,0.65825,0.84175,0.1415,0.14468909791014017,1.0,1.0
KXNBAAST-26APR04WASMIA-MIAKWARE7-4,2026-04-04,ast,3.5,0.65825,2.84175,0.00775,0.00647809176266434,0.0,1.0
KXNBAAST-26APR04WASMIA-MIAKWARE7-6,2026-04-04,ast,5.5,0.65825,4.84175,0.00025,0.0001611549503719445,0.0,1.0
KXNBAAST-26APR04WASMIA-MIAKWARE7-8,2026-04-04,ast,7.5,0.65825,6.84175,0.0,2.792521480943222e-06,0.0,1.0
KXNBAAST-26APR04WASMIA-WASBCARRINGTON7-2,2026-04-04,ast,1.5,4.36325,-2.86325,0.9095,0.8946418378468389,1.0,1.0
KXNBAAST-26APR04WASMIA-WASBCARRINGTON7-4,2026-04-04,ast,3.5,4.36325,-0.8632499999999999,0.61075,0.593629875406469,1.0,1.0
KXNBAAST-26APR04WASMIA-WASBCARRINGTON7-5,2026-04-04,ast,4.5,4.36325,0.13675000000000015,0.43725,0.42903527026112653,1.0,1.0
KXNBAAST-26APR04WASMIA-WASBCARRINGTON7-6,2026-04-04,ast,5.5,4.36325,1.1367500000000001,0.28975,0.2888534337419405,0.0,1.0
KXNBAAST-26APR04WASMIA-WASBCARRINGTON7-8,2026-04-04,ast,7.5,4.36325,3.13675,0.09425,0.10922870326973255,0.0,1.0
KXNBAPTS-26APR04DETPHI-DETATHOMPSON9-10,2026-04-04,pts,9.5,9.149,0.35100000000000087,0.43875,0.4160223389325347,1.0,1.0
KXNBAPTS-26APR04DETPHI-DETATHOMPSON9-15,2026-04-04,pts,14.5,9.149,5.351000000000001,0.137,0.13124507757782222,0.0,1.0
KXNBAPTS-26APR04DETPHI-DETATHOMPSON9-20,2026-04-04,pts,19.5,9.149,10.351,0.029,0.03082928497486792,0.0,1.0
KXNBAPTS-26APR04DETPHI-DETATHOMPSON9-25,2026-04-04,pts,24.5,9.149,15.351,0.00525,0.00593281874650653,0.0,1.0
KXNBAPTS-26APR04DETPHI-DETDROBINSON55-10,2026-04-04,pts,9.5,11.2145,-1.7144999999999992,0.5735,0.5712931235768375,1.0,1.0
KXNBAPTS-26APR04DETPHI-DETDROBINSON55-15,2026-04-04,pts,14.5,11.2145,3.2855000000000008,0.27,0.24840930087737323,0.0,1.0
KXNBAPTS-26APR04DETPHI-DETDROBINSON55-20,2026-04-04,pts,19.5,11.2145,8.2855,0.08725,0.082962570750574,0.0,1.0
KXNBAPTS-26APR04DETPHI-DETDROBINSON55-25,2026-04-04,pts,24.5,11.2145,13.2855,0.01925,0.023018158964622892,0.0,1.0
KXNBAPTS-26APR04DETPHI-PHIKOUBRE9-10,2026-04-04,pts,9.5,9.67925,-0.1792499999999997,0.478,0.45896523760384755,0.0,1.0
KXNBAPTS-26APR04DETPHI-PHIKOUBRE9-15,2026-04-04,pts,14.5,9.67925,4.82075,0.1785,0.15923370097393397,0.0,1.0
KXNBAPTS-26APR04DETPHI-PHIKOUBRE9-20,2026-04-04,pts,19.5,9.67925,9.82075,0.047,0.041466250849906405,0.0,1.0
KXNBAPTS-26APR04DETPHI-PHIKOUBRE9-25,2026-04-04,pts,24.5,9.67925,14.82075,0.00925,0.00887799006829948,0.0,1.0
KXNBAPTS-26APR04DETPHI-PHIPGEORGE8-15,2026-04-04,pts,14.5,12.82325,1.6767500000000002,0.3655,0.34671942498901875,1.0,1.0
KXNBAPTS-26APR04DETPHI-PHIPGEORGE8-20,2026-04-04,pts,19.5,12.82325,6.67675,0.1365,0.1415472424994998,1.0,1.0
KXNBAPTS-26APR04DETPHI-PHIPGEORGE8-25,2026-04-04,pts,24.5,12.82325,11.67675,0.032,0.04853598867260578,0.0,1.0
KXNBAPTS-26APR04DETPHI-PHIPGEORGE8-30,2026-04-04,pts,29.5,12.82325,16.67675,0.00925,0.01463158702246592,0.0,1.0
KXNBAPTS-26APR04DETPHI-PHITMAXEY0-20,2026-04-04,pts,19.5,18.721,0.7789999999999999,0.43525,0.4113092607770743,1.0,1.0
KXNBAPTS-26APR04DETPHI-PHITMAXEY0-25,2026-04-04,pts,24.5,18.721,5.779,0.208,0.22739046254731388,0.0,1.0
KXNBAPTS-26APR04DETPHI-PHITMAXEY0-30,2026-04-04,pts,29.5,18.721,10.779,0.072,0.1129194722540573,0.0,1.0
KXNBAPTS-26APR04DETPHI-PHITMAXEY0-35,2026-04-04,pts,34.5,18.721,15.779,0.02075,0.05149305157070039,0.0,1.0
KXNBAPTS-26APR04DETPHI-PHITMAXEY0-40,2026-04-04,pts,39.5,18.721,20.779,0.00325,0.021925516710482373,0.0,1.0
KXNBAPTS-26APR04DETPHI-PHIVEDGECOMBE77-10,2026-04-04,pts,9.5,11.574,-2.074,0.61025,0.5947556093209055,1.0,1.0
KXNBAPTS-26APR04DETPHI-PHIVEDGECOMBE77-15,2026-04-04,pts,14.5,11.574,2.926,0.27625,0.2702840071617084,1.0,1.0
KXNBAPTS-26APR04DETPHI-PHIVEDGECOMBE77-20,2026-04-04,pts,19.5,11.574,7.926,0.0895,0.09484527616783056,0.0,1.0
KXNBAPTS-26APR04DETPHI-PHIVEDGECOMBE77-25,2026-04-04,pts,24.5,11.574,12.926,0.0255,0.027717152854548233,0.0,1.0
KXNBAREB-26APR04DETPHI-DETATHOMPSON9-10,2026-04-04,reb,9.5,5.484,4.016,0.0745,0.0932548334635982,0.0,1.0
KXNBAREB-26APR04DETPHI-DETATHOMPSON9-12,2026-04-04,reb,11.5,5.484,6.016,0.02025,0.03391098180197061,0.0,1.0
KXNBAREB-26APR04DETPHI-DETATHOMPSON9-6,2026-04-04,reb,5.5,5.484,0.016000000000000014,0.463,0.4496812790720055,0.0,1.0
KXNBAREB-26APR04DETPHI-DETATHOMPSON9-7,2026-04-04,reb,6.5,5.484,1.016,0.32,0.32451446292370556,0.0,1.0
KXNBAREB-26APR04DETPHI-DETATHOMPSON9-8,2026-04-04,reb,7.5,5.484,2.016,0.2055,0.22322991516813862,0.0,1.0
KXNBAREB-26APR04DETPHI-PHIKOUBRE9-2,2026-04-04,reb,1.5,3.799,-2.299,0.8715,0.8508572030328212,1.0,1.0
KXNBAREB-26APR04DETPHI-PHIKOUBRE9-4,2026-04-04,reb,3.5,3.799,-0.29899999999999993,0.506,0.5005604318961313,1.0,1.0
KXNBAREB-26APR04DETPHI-PHIKOUBRE9-5,2026-04-04,reb,4.5,3.799,0.7010000000000001,0.33375,0.3359766558175741,0.0,1.0
KXNBAREB-26APR04DETPHI-PHIKOUBRE9-6,2026-04-04,reb,5.5,3.799,1.701,0.1985,0.20913092633108632,0.0,1.0
KXNBAREB-26APR04DETPHI-PHIKOUBRE9-8,2026-04-04,reb,7.5,3.799,3.701,0.05775,0.06716319114448155,0.0,1.0
KXNBAREB-26APR04DETPHI-PHIPGEORGE8-10,2026-04-04,reb,9.5,4.36375,5.13625,0.0205,0.03501672929133548,0.0,1.0
KXNBAREB-26APR04DETPHI-PHIPGEORGE8-2,2026-04-04,reb,1.5,4.36375,-2.8637499999999996,0.9205,0.8927500274662229,1.0,1.0
KXNBAREB-26APR04DETPHI-PHIPGEORGE8-4,2026-04-04,reb,3.5,4.36375,-0.8637499999999996,0.61725,0.5918951164298099,1.0,1.0
KXNBAREB-26APR04DETPHI-PHIPGEORGE8-6,2026-04-04,reb,5.5,4.36375,1.1362500000000004,0.286,0.28945220941859684,0.0,1.0
KXNBAREB-26APR04DETPHI-PHIPGEORGE8-8,2026-04-04,reb,7.5,4.36375,3.1362500000000004,0.08825,0.11072467361216698,0.0,1.0
KXNBAREB-26APR04DETPHI-PHIVEDGECOMBE77-10,2026-04-04,reb,9.5,4.3345,5.1655,0.022,0.033926205184898195,0.0,1.0
KXNBAREB-26APR04DETPHI-PHIVEDGECOMBE77-2,2026-04-04,reb,1.5,4.3345,-2.8345000000000002,0.91575,0.8909158034601348,1.0,1.0
KXNBAREB-26APR04DETPHI-PHIVEDGECOMBE77-4,2026-04-04,reb,3.5,4.3345,-0.8345000000000002,0.618,0.5874957021694152,1.0,1.0
KXNBAREB-26APR04DETPHI-PHIVEDGECOMBE77-6,2026-04-04,reb,5.5,4.3345,1.1654999999999998,0.27425,0.2852097092829513,1.0,1.0
KXNBAREB-26APR04DETPHI-PHIVEDGECOMBE77-8,2026-04-04,reb,7.5,4.3345,3.1654999999999998,0.0825,0.10820980465181096,0.0,1.0
KXNBAAST-26APR04DETPHI-DETATHOMPSON9-10,2026-04-04,ast,9.5,3.10875,6.391249999999999,0.003,0.005587784819983899,0.0,1.0
KXNBAAST-26APR04DETPHI-DETATHOMPSON9-2,2026-04-04,ast,1.5,3.10875,-1.6087500000000001,0.7895,0.7776571285289977,1.0,1.0
KXNBAAST-26APR04DETPHI-DETATHOMPSON9-4,2026-04-04,ast,3.5,3.10875,0.3912499999999999,0.37875,0.37304884288623097,0.0,1.0
KXNBAAST-26APR04DETPHI-DETATHOMPSON9-6,2026-04-04,ast,5.5,3.10875,2.39125,0.1135,0.12001729926241844,0.0,1.0
KXNBAAST-26APR04DETPHI-DETATHOMPSON9-8,2026-04-04,ast,7.5,3.10875,4.391249999999999,0.024,0.028842448783647168,0.0,1.0
KXNBAAST-26APR04DETPHI-PHIKOUBRE9-10,2026-04-04,ast,9.5,1.2805,8.2195,0.0,1.0840005427836807e-05,0.0,1.0
KXNBAAST-26APR04DETPHI-PHIKOUBRE9-2,2026-04-04,ast,1.5,1.2805,0.21950000000000003,0.368,0.3604756428571414,0.0,1.0
KXNBAAST-26APR04DETPHI-PHIKOUBRE9-4,2026-04-04,ast,3.5,1.2805,2.2195,0.04425,0.05053457251928295,0.0,1.0
KXNBAAST-26APR04DETPHI-PHIKOUBRE9-6,2026-04-04,ast,5.5,1.2805,4.2195,0.0025,0.004125757102142025,0.0,1.0
KXNBAAST-26APR04DETPHI-PHIKOUBRE9-8,2026-04-04,ast,7.5,1.2805,6.2195,0.0,0.00023847933129628185,0.0,1.0
KXNBAAST-26APR04DETPHI-PHIPGEORGE8-10,2026-04-04,ast,9.5,3.10675,6.39325,0.00175,0.005566706814277511,0.0,1.0
KXNBAAST-26APR04DETPHI-PHIPGEORGE8-2,2026-04-04,ast,1.5,3.10675,-1.60675,0.808,0.7773904512436991,1.0,1.0
KXNBAAST-26APR04DETPHI-PHIPGEORGE8-4,2026-04-04,ast,3.5,3.10675,0.3932500000000001,0.36825,0.3726569545818287,1.0,1.0
KXNBAAST-26APR04DETPHI-PHIPGEORGE8-6,2026-04-04,ast,5.5,3.10675,2.39325,0.10475,0.1197883726019805,0.0,1.0
KXNBAAST-26APR04DETPHI-PHIPGEORGE8-8,2026-04-04,ast,7.5,3.10675,4.39325,0.02075,0.02876095321862504,0.0,1.0
KXNBAAST-26APR04DETPHI-PHITMAXEY0-10,2026-04-04,ast,9.5,4.95775,4.54225,0.038,0.06048663630374529,0.0,1.0
KXNBAAST-26APR04DETPHI-PHITMAXEY0-12,2026-04-04,ast,11.5,4.95775,6.54225,0.00775,0.019057340824896185,0.0,1.0
KXNBAAST-26APR04DETPHI-PHITMAXEY0-6,2026-04-04,ast,5.5,4.95775,0.5422500000000001,0.37625,0.3757836166026196,0.0,1.0
KXNBAAST-26APR04DETPHI-PHITMAXEY0-7,2026-04-04,ast,6.5,4.95775,1.5422500000000001,0.23825,0.25598375080005686,0.0,1.0
KXNBAAST-26APR04DETPHI-PHITMAXEY0-8,2026-04-04,ast,7.5,4.95775,2.54225,0.13675,0.16550655712591833,0.0,1.0
KXNBAAST-26APR04DETPHI-PHIVEDGECOMBE77-10,2026-04-04,ast,9.5,3.09575,6.40425,0.00075,0.005451828361249578,0.0,1.0
KXNBAAST-26APR04DETPHI-PHIVEDGECOMBE77-2,2026-04-04,ast,1.5,3.09575,-1.5957499999999998,0.7995,0.7759180098902752,0.0,1.0
KXNBAAST-26APR04DETPHI-PHIVEDGECOMBE77-4,2026-04-04,ast,3.5,3.09575,0.4042500000000002,0.38025,0.3705001938804501,0.0,1.0
KXNBAAST-26APR04DETPHI-PHIVEDGECOMBE77-6,2026-04-04,ast,5.5,3.09575,2.40425,0.1005,0.11853256018893354,0.0,1.0
KXNBAAST-26APR04DETPHI-PHIVEDGECOMBE77-8,2026-04-04,ast,7.5,3.09575,4.40425,0.01725,0.02831534604432595,0.0,1.0
KXNBA3PT-26APR04DETPHI-DETDROBINSON55-1,2026-04-04,fg3m,0.5,2.52525,-2.02525,0.91375,0.8871361660601857,1.0,1.0
KXNBA3PT-26APR04DETPHI-DETDROBINSON55-2,2026-04-04,fg3m,1.5,2.52525,-1.0252500000000002,0.7075,0.6729734542360954,1.0,1.0
KXNBA3PT-26APR04DETPHI-DETDROBINSON55-3,2026-04-04,fg3m,2.5,2.52525,-0.025250000000000217,0.45625,0.443165252087359,1.0,1.0
KXNBA3PT-26APR04DETPHI-DETDROBINSON55-4,2026-04-04,fg3m,3.5,2.52525,0.9747499999999998,0.2575,0.2597258256576004,0.0,1.0
KXNBA3PT-26APR04DETPHI-DETDROBINSON55-5,2026-04-04,fg3m,4.5,2.52525,1.9747499999999998,0.11675,0.13850621986793887,0.0,1.0
KXNBA3PT-26APR04DETPHI-PHITMAXEY0-1,2026-04-04,fg3m,0.5,1.93425,-1.43425,0.85425,0.8216558846443967,1.0,1.0
KXNBA3PT-26APR04DETPHI-PHITMAXEY0-2,2026-04-04,fg3m,1.5,1.93425,-0.43425,0.57375,0.5464318924276482,1.0,1.0
KXNBA3PT-26APR04DETPHI-PHITMAXEY0-3,2026-04-04,fg3m,2.5,1.93425,0.56575,0.307,0.3062466025101216,0.0,1.0
KXNBA3PT-26APR04DETPHI-PHITMAXEY0-4,2026-04-04,fg3m,3.5,1.93425,1.56575,0.12925,0.15032294552156766,0.0,1.0
KXNBA3PT-26APR04DETPHI-PHITMAXEY0-5,2026-04-04,fg3m,4.5,1.93425,2.56575,0.0495,0.06652552632764297,0.0,1.0
KXNBA3PT-26APR04DETPHI-PHIVEDGECOMBE77-1,2026-04-04,fg3m,0.5,1.3295,-0.8294999999999999,0.7275,0.7064257419141502,1.0,1.0
KXNBA3PT-26APR04DETPHI-PHIVEDGECOMBE77-2,2026-04-04,fg3m,1.5,1.3295,0.1705000000000001,0.381,0.3740132255034281,1.0,1.0
KXNBA3PT-26APR04DETPHI-PHIVEDGECOMBE77-3,2026-04-04,fg3m,2.5,1.3295,1.1705,0.15525,0.161165323747554,0.0,1.0
KXNBA3PT-26APR04DETPHI-PHIVEDGECOMBE77-4,2026-04-04,fg3m,3.5,1.3295,2.1705,0.05075,0.05978191958934709,0.0,1.0
KXNBA3PT-26APR04DETPHI-PHIVEDGECOMBE77-5,2026-04-04,fg3m,4.5,1.3295,3.1705,0.012,0.019804257705328232,0.0,1.0
KXNBAPTS-26APR03ATLBKN-ATLCMCCOLLUM3-15,2026-04-03,pts,14.5,15.81,-1.3100000000000005,0.55325,0.5167637454656548,1.0,1.0
KXNBAPTS-26APR03ATLBKN-ATLCMCCOLLUM3-20,2026-04-03,pts,19.5,15.81,3.6899999999999995,0.27525,0.2751288319979761,1.0,1.0
KXNBAPTS-26APR03ATLBKN-ATLCMCCOLLUM3-25,2026-04-03,pts,24.5,15.81,8.69,0.09825,0.1255427769694788,1.0,1.0
KXNBAPTS-26APR03ATLBKN-ATLCMCCOLLUM3-30,2026-04-03,pts,29.5,15.81,13.69,0.02725,0.05091318782480225,0.0,1.0
KXNBAPTS-26APR03ATLBKN-ATLDDANIELS5-10,2026-04-03,pts,9.5,10.50325,-1.0032499999999995,0.54975,0.5216393074869394,1.0,1.0
KXNBAPTS-26APR03ATLBKN-ATLDDANIELS5-15,2026-04-03,pts,14.5,10.50325,3.9967500000000005,0.2065,0.20596479464548612,0.0,1.0
KXNBAPTS-26APR03ATLBKN-ATLDDANIELS5-20,2026-04-03,pts,19.5,10.50325,8.99675,0.05375,0.06180348084979992,0.0,1.0
KXNBAPTS-26APR03ATLBKN-ATLDDANIELS5-25,2026-04-03,pts,24.5,10.50325,13.99675,0.00625,0.015332351233497632,0.0,1.0
KXNBAPTS-26APR03ATLBKN-ATLJJOHNSON1-20,2026-04-03,pts,19.5,18.06025,1.43975,0.398,0.3810737986808229,0.0,1.0
KXNBAPTS-26APR03ATLBKN-ATLJJOHNSON1-25,2026-04-03,pts,24.5,18.06025,6.43975,0.17175,0.2028221202046152,0.0,1.0
KXNBAPTS-26APR03ATLBKN-ATLJJOHNSON1-30,2026-04-03,pts,29.5,18.06025,11.43975,0.0545,0.09673251531312987,0.0,1.0
KXNBAPTS-26APR03ATLBKN-ATLJJOHNSON1-35,2026-04-03,pts,34.5,18.06025,16.43975,0.01625,0.04230444044236514,0.0,1.0
KXNBAPTS-26APR03ATLBKN-ATLJKUMINGA0-10,2026-04-03,pts,9.5,8.31225,1.1877499999999994,0.35925,0.3450793607245276,1.0,1.0
KXNBAPTS-26APR03ATLBKN-ATLJKUMINGA0-15,2026-04-03,pts,14.5,8.31225,6.187749999999999,0.114,0.09157791767633328,0.0,1.0
KXNBAPTS-26APR03ATLBKN-ATLJKUMINGA0-20,2026-04-03,pts,19.5,8.31225,11.18775,0.02675,0.017867124596746664,0.0,1.0
KXNBAPTS-26APR03ATLBKN-ATLJKUMINGA0-25,2026-04-03,pts,24.5,8.31225,16.18775,0.00275,0.00284004314415931,0.0,1.0
KXNBAPTS-26APR03ATLBKN-ATLNALEXANDERWALKER7-10,2026-04-03,pts,9.5,17.26175,-7.761749999999999,0.8735,0.8375428103997886,1.0,1.0
KXNBAPTS-26APR03ATLBKN-ATLNALEXANDERWALKER7-15,2026-04-03,pts,14.5,17.26175,-2.7617499999999993,0.62725,0.5875822932565593,1.0,1.0
KXNBAPTS-26APR03ATLBKN-ATLNALEXANDERWALKER7-20,2026-04-03,pts,19.5,17.26175,2.2382500000000007,0.34375,0.3438048743947095,1.0,1.0
KXNBAPTS-26APR03ATLBKN-ATLNALEXANDERWALKER7-25,2026-04-03,pts,24.5,17.26175,7.238250000000001,0.14975,0.174070312392552,0.0,1.0
KXNBAPTS-26APR03ATLBKN-ATLNALEXANDERWALKER7-30,2026-04-03,pts,29.5,17.26175,12.23825,0.051,0.0787452846267368,0.0,1.0
KXNBAPTS-26APR03ATLBKN-ATLOOKONGWU17-10,2026-04-03,pts,9.5,11.656,-2.1560000000000006,0.6165,0.5999527083607987,1.0,1.0
KXNBAPTS-26APR03ATLBKN-ATLOOKONGWU17-15,2026-04-03,pts,14.5,11.656,2.8439999999999994,0.29275,0.275296163523969,1.0,1.0
KXNBAPTS-26APR03ATLBKN-ATLOOKONGWU17-20,2026-04-03,pts,19.5,11.656,7.843999999999999,0.09575,0.09766097686353115,0.0,1.0
KXNBAPTS-26APR03ATLBKN-ATLOOKONGWU17-25,2026-04-03,pts,24.5,11.656,12.844,0.02875,0.02886837261881703,0.0,1.0
KXNBAPTS-26APR03ATLBKN-BKNNCLAXTON33-10,2026-04-03,pts,9.5,8.74975,0.7502499999999994,0.40225,0.38257279345243744,1.0,1.0
KXNBAPTS-26APR03ATLBKN-BKNNCLAXTON33-15,2026-04-03,pts,14.5,8.74975,5.750249999999999,0.11425,0.11155751872517627,1.0,1.0
KXNBAPTS-26APR03ATLBKN-BKNNCLAXTON33-20,2026-04-03,pts,19.5,8.74975,10.75025,0.0195,0.0240748600307924,0.0,1.0
KXNBAPTS-26APR03ATLBKN-BKNNCLAXTON33-25,2026-04-03,pts,24.5,8.74975,15.75025,0.00275,0.004245135798352062,0.0,1.0
KXNBAPTS-26APR03ATLBKN-BKNNCLOWNEY21-10,2026-04-03,pts,9.5,8.91975,0.5802499999999995,0.41025,0.39691874372468905,1.0,1.0
KXNBAPTS-26APR03ATLBKN-BKNNCLOWNEY21-15,2026-04-03,pts,14.5,8.91975,5.5802499999999995,0.161,0.11978110881429871,0.0,1.0
KXNBAPTS-26APR03ATLBKN-BKNNCLOWNEY21-20,2026-04-03,pts,19.5,8.91975,10.58025,0.0475,0.026821131443455992,0.0,1.0
KXNBAPTS-26APR03ATLBKN-BKNNCLOWNEY21-25,2026-04-03,pts,24.5,8.91975,15.58025,0.00875,0.004912690594711,0.0,1.0
KXNBAPTS-26APR03ATLBKN-BKNZWILLIAMS1-10,2026-04-03,pts,9.5,10.06175,-0.56175,0.499,0.48871468960418407,0.0,1.0
KXNBAPTS-26APR03ATLBKN-BKNZWILLIAMS1-15,2026-04-03,pts,14.5,10.06175,4.43825,0.1975,0.18051011403358974,0.0,1.0
KXNBAPTS-26APR03ATLBKN-BKNZWILLIAMS1-20,2026-04-03,pts,19.5,10.06175,9.43825,0.05575,0.05033399752239087,0.0,1.0
KXNBAREB-26APR03ATLBKN-ATLDDANIELS5-10,2026-04-03,reb,9.5,5.85875,3.6412500000000003,0.08775,0.11952807196488369,0.0,1.0
KXNBAREB-26APR03ATLBKN-ATLDDANIELS5-12,2026-04-03,reb,11.5,5.85875,5.64125,0.02475,0.0469804621292349,0.0,1.0
KXNBAREB-26APR03ATLBKN-ATLDDANIELS5-4,2026-04-03,reb,3.5,5.85875,-2.3587499999999997,0.816,0.7696404261476262,1.0,1.0
KXNBAREB-26APR03ATLBKN-ATLDDANIELS5-6,2026-04-03,reb,5.5,5.85875,-0.3587499999999997,0.52,0.4997425696281752,0.0,1.0
KXNBAREB-26APR03ATLBKN-ATLDDANIELS5-8,2026-04-03,reb,7.5,5.85875,1.6412500000000003,0.24675,0.2656201368102207,0.0,1.0
KXNBAREB-26APR03ATLBKN-ATLJJOHNSON1-10,2026-04-03,reb,9.5,8.77125,0.7287499999999998,0.3835,0.38616019099367316,1.0,1.0
KXNBAREB-26APR03ATLBKN-ATLJJOHNSON1-12,2026-04-03,reb,11.5,8.77125,2.72875,0.194,0.22937037892835432,0.0,1.0
KXNBAREB-26APR03ATLBKN-ATLJJOHNSON1-14,2026-04-03,reb,13.5,8.77125,4.72875,0.0775,0.12414010668348208,0.0,1.0
KXNBAREB-26APR03ATLBKN-ATLJJOHNSON1-6,2026-04-03,reb,5.5,8.77125,-3.27125,0.853,0.7826790923563611,1.0,1.0
KXNBAREB-26APR03ATLBKN-ATLJJOHNSON1-8,2026-04-03,reb,7.5,8.77125,-1.2712500000000002,0.63475,0.5838510019148655,1.0,1.0
KXNBAREB-26APR03ATLBKN-ATLJKUMINGA0-2,2026-04-03,reb,1.5,4.1065,-2.6064999999999996,0.89825,0.8754411362484131,1.0,1.0
KXNBAREB-26APR03ATLBKN-ATLJKUMINGA0-4,2026-04-03,reb,3.5,4.1065,-0.6064999999999996,0.564,0.5519465124622516,0.0,1.0
KXNBAREB-26APR03ATLBKN-ATLJKUMINGA0-5,2026-04-03,reb,4.5,4.1065,0.3935000000000004,0.387,0.38690218137440935,0.0,1.0
KXNBAREB-26APR03ATLBKN-ATLJKUMINGA0-6,2026-04-03,reb,5.5,4.1065,1.3935000000000004,0.24775,0.2523600482886148,0.0,1.0
KXNBAREB-26APR03ATLBKN-ATLJKUMINGA0-8,2026-04-03,reb,7.5,4.1065,3.3935000000000004,0.074,0.08954141874804256,0.0,1.0
KXNBAREB-26APR03ATLBKN-ATLNALEXANDERWALKER7-10,2026-04-03,reb,9.5,3.2185,6.281499999999999,0.00275,0.007173338257680961,0.0,1.0
KXNBAREB-26APR03ATLBKN-ATLNALEXANDERWALKER7-2,2026-04-03,reb,1.5,3.2185,-1.7185000000000001,0.822,0.789868402164108,1.0,1.0
KXNBAREB-26APR03ATLBKN-ATLNALEXANDERWALKER7-4,2026-04-03,reb,3.5,3.2185,0.28149999999999986,0.4015,0.39404666989250303,1.0,1.0
KXNBAREB-26APR03ATLBKN-ATLNALEXANDERWALKER7-6,2026-04-03,reb,5.5,3.2185,2.2815,0.1115,0.1339611948591064,0.0,1.0
KXNBAREB-26APR03ATLBKN-ATLNALEXANDERWALKER7-8,2026-04-03,reb,7.5,3.2185,4.281499999999999,0.02175,0.034389026915443655,0.0,1.0
KXNBAREB-26APR03ATLBKN-ATLOOKONGWU17-10,2026-04-03,reb,9.5,6.4375,3.0625,0.142,0.16562950594445125,0.0,1.0
KXNBAREB-26APR03ATLBKN-ATLOOKONGWU17-12,2026-04-03,reb,11.5,6.4375,5.0625,0.04775,0.07239306011930535,0.0,1.0
KXNBAREB-26APR03ATLBKN-ATLOOKONGWU17-4,2026-04-03,reb,3.5,6.4375,-2.9375,0.851,0.8166864224555862,1.0,1.0
KXNBAREB-26APR03ATLBKN-ATLOOKONGWU17-6,2026-04-03,reb,5.5,6.4375,-0.9375,0.6,0.5713959678386618,1.0,1.0
KXNBAREB-26APR03ATLBKN-ATLOOKONGWU17-8,2026-04-03,reb,7.5,6.4375,1.0625,0.33,0.3327806861353857,0.0,1.0
KXNBAREB-26APR03ATLBKN-BKNNCLAXTON33-10,2026-04-03,reb,9.5,6.2905,3.2095000000000002,0.11875,0.15335586163964166,0.0,1.0
KXNBAREB-26APR03ATLBKN-BKNNCLAXTON33-2,2026-04-03,reb,1.5,6.2905,-4.7905,0.98425,0.9635913914701031,1.0,1.0
KXNBAREB-26APR03ATLBKN-BKNNCLAXTON33-4,2026-04-03,reb,3.5,6.2905,-2.7904999999999998,0.85025,0.8057029709872027,1.0,1.0
KXNBAREB-26APR03ATLBKN-BKNNCLAXTON33-6,2026-04-03,reb,5.5,6.2905,-0.7904999999999998,0.58425,0.5539000046293105,0.0,1.0
KXNBAREB-26APR03ATLBKN-BKNNCLAXTON33-8,2026-04-03,reb,7.5,6.2905,1.2095000000000002,0.307,0.31564784261819023,0.0,1.0
KXNBAAST-26APR03ATLBKN-ATLCMCCOLLUM3-10,2026-04-03,ast,9.5,3.25075,6.24925,0.00175,0.007240823228689353,0.0,1.0
KXNBAAST-26APR03ATLBKN-ATLCMCCOLLUM3-2,2026-04-03,ast,1.5,3.25075,-1.75075,0.82375,0.795796205455735,1.0,1.0
KXNBAAST-26APR03ATLBKN-ATLCMCCOLLUM3-4,2026-04-03,ast,3.5,3.25075,0.24924999999999997,0.40025,0.40065396686926524,1.0,1.0
KXNBAAST-26APR03ATLBKN-ATLCMCCOLLUM3-6,2026-04-03,ast,5.5,3.25075,2.24925,0.11625,0.1367241260269072,1.0,1.0
KXNBAAST-26APR03ATLBKN-ATLCMCCOLLUM3-8,2026-04-03,ast,7.5,3.25075,4.24925,0.02475,0.03500660500488151,0.0,1.0
KXNBAAST-26APR03ATLBKN-ATLJJOHNSON1-10,2026-04-03,ast,9.5,6.00125,3.4987500000000002,0.08825,0.1284980606662538,0.0,1.0
KXNBAAST-26APR03ATLBKN-ATLJJOHNSON1-12,2026-04-03,ast,11.5,6.00125,5.49875,0.0205,0.0511153131341916,0.0,1.0
KXNBAAST-26APR03ATLBKN-ATLJJOHNSON1-4,2026-04-03,ast,3.5,6.00125,-2.5012499999999998,0.8345,0.7851106959209255,1.0,1.0
KXNBAAST-26APR03ATLBKN-ATLJJOHNSON1-6,2026-04-03,ast,5.5,6.00125,-0.5012499999999998,0.561,0.5195434547257045,0.0,1.0
KXNBAAST-26APR03ATLBKN-ATLJJOHNSON1-8,2026-04-03,ast,7.5,6.00125,1.4987500000000002,0.26425,0.28120631903330306,0.0,1.0
KXNBAAST-26APR03ATLBKN-ATLNALEXANDERWALKER7-10,2026-04-03,ast,9.5,3.0975,6.4025,0.0015,0.0054699859165668885,0.0,1.0
KXNBAAST-26APR03ATLBKN-ATLNALEXANDERWALKER7-2,2026-04-03,ast,1.5,3.0975,-1.5975000000000001,0.81575,0.7761529103035003,1.0,1.0
KXNBAAST-26APR03ATLBKN-ATLNALEXANDERWALKER7-4,2026-04-03,ast,3.5,3.0975,0.40249999999999986,0.3715,0.37084346921243194,0.0,1.0
KXNBAAST-26APR03ATLBKN-ATLNALEXANDERWALKER7-6,2026-04-03,ast,5.5,3.0975,2.4025,0.0935,0.11873197581945993,0.0,1.0
KXNBAAST-26APR03ATLBKN-ATLNALEXANDERWALKER7-8,2026-04-03,ast,7.5,3.0975,4.4025,0.017,0.028385941918423696,0.0,1.0
KXNBAAST-26APR03ATLBKN-ATLOOKONGWU17-2,2026-04-03,ast,1.5,2.38125,-0.8812500000000001,0.6695,0.6567743024377329,1.0,1.0
KXNBAAST-26APR03ATLBKN-ATLOOKONGWU17-3,2026-04-03,ast,2.5,2.38125,0.11874999999999991,0.4275,0.41507623403550986,1.0,1.0
KXNBAAST-26APR03ATLBKN-ATLOOKONGWU17-4,2026-04-03,ast,3.5,2.38125,1.11875,0.2295,0.2287973228031196,1.0,1.0
KXNBAAST-26APR03ATLBKN-ATLOOKONGWU17-6,2026-04-03,ast,5.5,2.38125,3.11875,0.03875,0.050561557837768056,0.0,1.0
KXNBAAST-26APR03ATLBKN-ATLOOKONGWU17-8,2026-04-03,ast,7.5,2.38125,5.11875,0.00525,0.008163409417777379,0.0,1.0
KXNBAAST-26APR03ATLBKN-BKNNCLAXTON33-2,2026-04-03,ast,1.5,2.44525,-0.9452500000000001,0.68525,0.6695390834989903,1.0,1.0
KXNBAAST-26APR03ATLBKN-BKNNCLAXTON33-3,2026-04-03,ast,2.5,2.44525,0.054749999999999854,0.4385,0.4299940073602295,0.0,1.0
KXNBAAST-26APR03ATLBKN-BKNNCLAXTON33-4,2026-04-03,ast,3.5,2.44525,1.0547499999999999,0.23925,0.2413317996690857,0.0,1.0
KXNBAAST-26APR03ATLBKN-BKNNCLAXTON33-6,2026-04-03,ast,5.5,2.44525,3.05475,0.043,0.055455115680985156,0.0,1.0
KXNBAAST-26APR03ATLBKN-BKNNCLAXTON33-8,2026-04-03,ast,7.5,2.44525,5.05475,0.00475,0.009327842753423798,0.0,1.0
KXNBA3PT-26APR03ATLBKN-ATLCMCCOLLUM3-1,2026-04-03,fg3m,0.5,1.91275,-1.41275,0.8505,0.8185667636117403,1.0,1.0
KXNBA3PT-26APR03ATLBKN-ATLCMCCOLLUM3-2,2026-04-03,fg3m,1.5,1.91275,-0.41274999999999995,0.5715,0.5410642219499314,1.0,1.0
KXNBA3PT-26APR03ATLBKN-ATLCMCCOLLUM3-3,2026-04-03,fg3m,2.5,1.91275,0.58725,0.29975,0.3010429725225361,1.0,1.0
KXNBA3PT-26APR03ATLBKN-ATLCMCCOLLUM3-4,2026-04-03,fg3m,3.5,1.91275,1.58725,0.1285,0.14661075415630942,1.0,1.0
KXNBA3PT-26APR03ATLBKN-ATLCMCCOLLUM3-5,2026-04-03,fg3m,4.5,1.91275,2.58725,0.0435,0.0643525634684532,0.0,1.0
KXNBA3PT-26APR03ATLBKN-ATLJJOHNSON1-1,2026-04-03,fg3m,0.5,1.42975,-0.9297500000000001,0.7525,0.7303230657953532,1.0,1.0
KXNBA3PT-26APR03ATLBKN-ATLJJOHNSON1-2,2026-04-03,fg3m,1.5,1.42975,0.07024999999999992,0.42525,0.40557659082533715,0.0,1.0
KXNBA3PT-26APR03ATLBKN-ATLJJOHNSON1-3,2026-04-03,fg3m,2.5,1.42975,1.07025,0.178,0.18443129873548414,0.0,1.0
KXNBA3PT-26APR03ATLBKN-ATLJJOHNSON1-4,2026-04-03,fg3m,3.5,1.42975,2.0702499999999997,0.05675,0.07240591461671642,0.0,1.0
KXNBA3PT-26APR03ATLBKN-ATLJJOHNSON1-5,2026-04-03,fg3m,4.5,1.42975,3.0702499999999997,0.014,0.025426434105259688,0.0,1.0
KXNBA3PT-26APR03ATLBKN-ATLNALEXANDERWALKER7-1,2026-04-03,fg3m,0.5,2.668,-2.168,0.9255,0.8985401602008507,1.0,1.0
KXNBA3PT-26APR03ATLBKN-ATLNALEXANDERWALKER7-2,2026-04-03,fg3m,1.5,2.668,-1.1680000000000001,0.7415,0.6979523514704611,1.0,1.0
KXNBA3PT-26APR03ATLBKN-ATLNALEXANDERWALKER7-3,2026-04-03,fg3m,2.5,2.668,-0.16800000000000015,0.49475,0.47369457843524376,1.0,1.0
KXNBA3PT-26APR03ATLBKN-ATLNALEXANDERWALKER7-4,2026-04-03,fg3m,3.5,2.668,0.8319999999999999,0.27725,0.2871872216963568,1.0,1.0
KXNBA3PT-26APR03ATLBKN-ATLNALEXANDERWALKER7-5,2026-04-03,fg3m,4.5,2.668,1.8319999999999999,0.133,0.15877763325808236,0.0,1.0
KXNBAPTS-26APR03INDCHA-CHABMILLER24-10,2026-04-03,pts,9.5,17.63275,-8.132750000000001,0.883,0.8468530024114951,1.0,1.0
KXNBAPTS-26APR03INDCHA-CHABMILLER24-15,2026-04-03,pts,14.5,17.63275,-3.1327500000000015,0.64125,0.6042570561862322,1.0,1.0
KXNBAPTS-26APR03INDCHA-CHABMILLER24-20,2026-04-03,pts,19.5,17.63275,1.8672499999999985,0.37275,0.3612021676244963,1.0,1.0
KXNBAPTS-26APR03INDCHA-CHABMILLER24-25,2026-04-03,pts,24.5,17.63275,6.8672499999999985,0.1665,0.18728133073364717,0.0,1.0
KXNBAPTS-26APR03INDCHA-CHABMILLER24-30,2026-04-03,pts,29.5,17.63275,11.867249999999999,0.063,0.08687873412731362,0.0,1.0
KXNBAPTS-26APR03INDCHA-CHACWHITE3-10,2026-04-03,pts,9.5,14.209,-4.709,0.7535,0.7343740847840018,1.0,1.0
KXNBAPTS-26APR03INDCHA-CHACWHITE3-15,2026-04-03,pts,14.5,14.209,0.29100000000000037,0.4485,0.429010434852211,0.0,1.0
KXNBAPTS-26APR03INDCHA-CHACWHITE3-20,2026-04-03,pts,19.5,14.209,5.291,0.198,0.20093292440626853,0.0,1.0
KXNBAPTS-26APR03INDCHA-CHACWHITE3-25,2026-04-03,pts,24.5,14.209,10.291,0.06175,0.07979367162951412,0.0,1.0
KXNBAPTS-26APR03INDCHA-CHAKKNUEPPEL7-15,2026-04-03,pts,14.5,15.67975,-1.1797500000000003,0.542,0.5099850898339027,1.0,1.0
KXNBAPTS-26APR03INDCHA-CHAKKNUEPPEL7-20,2026-04-03,pts,19.5,15.67975,3.8202499999999997,0.26975,0.2689796141952199,1.0,1.0
KXNBAPTS-26APR03INDCHA-CHAKKNUEPPEL7-25,2026-04-03,pts,24.5,15.67975,8.82025,0.102,0.12148296861890029,0.0,1.0
KXNBAPTS-26APR03INDCHA-CHAKKNUEPPEL7-30,2026-04-03,pts,29.5,15.67975,13.82025,0.034,0.0487402274070754,0.0,1.0
KXNBAPTS-26APR03INDCHA-CHALBALL1-15,2026-04-03,pts,14.5,17.744,-3.2439999999999998,0.6445,0.6091438699928637,1.0,1.0
KXNBAPTS-26APR03INDCHA-CHALBALL1-20,2026-04-03,pts,19.5,17.744,1.7560000000000002,0.37375,0.36639338691481627,0.0,1.0
KXNBAPTS-26APR03INDCHA-CHALBALL1-25,2026-04-03,pts,24.5,17.744,6.756,0.176,0.19129479843409491,0.0,1.0
KXNBAPTS-26APR03INDCHA-CHALBALL1-30,2026-04-03,pts,29.5,17.744,11.756,0.06875,0.08939425692643532,0.0,1.0
KXNBAPTS-26APR03INDCHA-CHAMBRIDGES0-10,2026-04-03,pts,9.5,13.73575,-4.2357499999999995,0.74625,0.7132414978465635,1.0,1.0
KXNBAPTS-26APR03INDCHA-CHAMBRIDGES0-15,2026-04-03,pts,14.5,13.73575,0.7642500000000005,0.4175,0.4014280125874322,1.0,1.0
KXNBAPTS-26APR03INDCHA-CHAMBRIDGES0-20,2026-04-03,pts,19.5,13.73575,5.7642500000000005,0.16675,0.17995786297702798,0.0,1.0
KXNBAPTS-26APR03INDCHA-CHAMBRIDGES0-25,2026-04-03,pts,24.5,13.73575,10.76425,0.04425,0.06818248082714351,0.0,1.0
KXNBAREB-26APR03INDCHA-CHABMILLER24-10,2026-04-03,reb,9.5,5.17225,4.32775,0.044,0.07386996915375077,0.0,1.0
KXNBAREB-26APR03INDCHA-CHABMILLER24-2,2026-04-03,reb,1.5,5.17225,-3.67225,0.96025,0.9324678816971658,1.0,1.0
KXNBAREB-26APR03INDCHA-CHABMILLER24-4,2026-04-03,reb,3.5,5.17225,-1.67225,0.74975,0.6990701497787419,1.0,1.0
KXNBAREB-26APR03INDCHA-CHABMILLER24-6,2026-04-03,reb,5.5,5.17225,0.32775,0.41025,0.4062468810301514,1.0,1.0
KXNBAREB-26APR03INDCHA-CHABMILLER24-8,2026-04-03,reb,7.5,5.17225,2.32775,0.15875,0.18931195118384792,0.0,1.0
KXNBAREB-26APR03INDCHA-CHAKKNUEPPEL7-2,2026-04-03,reb,1.5,5.244,-3.7439999999999998,0.95425,0.9351439707845259,1.0,1.0
KXNBAREB-26APR03INDCHA-CHAKKNUEPPEL7-4,2026-04-03,reb,3.5,5.244,-1.7439999999999998,0.74275,0.7072768259461212,1.0,1.0
KXNBAREB-26APR03INDCHA-CHAKKNUEPPEL7-5,2026-04-03,reb,4.5,5.244,-0.7439999999999998,0.5855,0.5591808644636389,0.0,1.0
KXNBAREB-26APR03INDCHA-CHAKKNUEPPEL7-6,2026-04-03,reb,5.5,5.244,0.2560000000000002,0.42175,0.4163656428333614,0.0,1.0
KXNBAREB-26APR03INDCHA-CHAKKNUEPPEL7-8,2026-04-03,reb,7.5,5.244,2.2560000000000002,0.17825,0.19698137543950145,0.0,1.0
KXNBAREB-26APR03INDCHA-CHALBALL1-2,2026-04-03,reb,1.5,4.71875,-3.21875,0.92775,0.9125958190726712,1.0,1.0
KXNBAREB-26APR03INDCHA-CHALBALL1-4,2026-04-03,reb,3.5,4.71875,-1.21875,0.67225,0.6423542136284137,1.0,1.0
KXNBAREB-26APR03INDCHA-CHALBALL1-5,2026-04-03,reb,4.5,4.71875,-0.21875,0.50375,0.4836484220088523,1.0,1.0
KXNBAREB-26APR03INDCHA-CHALBALL1-6,2026-04-03,reb,5.5,4.71875,0.78125,0.33375,0.3410838348380385,1.0,1.0
KXNBAREB-26APR03INDCHA-CHALBALL1-8,2026-04-03,reb,7.5,4.71875,2.78125,0.12525,0.14323184142526946,0.0,1.0
KXNBAREB-26APR03INDCHA-CHAMBRIDGES0-2,2026-04-03,reb,1.5,5.07825,-3.5782499999999997,0.9545,0.9287828401488853,1.0,1.0
KXNBAREB-26APR03INDCHA-CHAMBRIDGES0-4,2026-04-03,reb,3.5,5.07825,-1.5782499999999997,0.73275,0.6880080349146687,1.0,1.0
KXNBAREB-26APR03INDCHA-CHAMBRIDGES0-5,2026-04-03,reb,4.5,5.07825,-0.5782499999999997,0.5635,0.536200263564435,1.0,1.0
KXNBAREB-26APR03INDCHA-CHAMBRIDGES0-6,2026-04-03,reb,5.5,5.07825,0.4217500000000003,0.4015,0.3928951732478291,1.0,1.0
KXNBAREB-26APR03INDCHA-CHAMBRIDGES0-8,2026-04-03,reb,7.5,5.07825,2.4217500000000003,0.146,0.17940544941781633,0.0,1.0
KXNBAAST-26APR03INDCHA-CHABMILLER24-10,2026-04-03,ast,9.5,3.03975,6.46025,0.0015,0.0048940412941212985,0.0,1.0
KXNBAAST-26APR03INDCHA-CHABMILLER24-2,2026-04-03,ast,1.5,3.03975,-1.5397500000000002,0.8005,0.7682701064514794,1.0,1.0
KXNBAAST-26APR03INDCHA-CHABMILLER24-4,2026-04-03,ast,3.5,3.03975,0.4602499999999998,0.365,0.35948618134081545,0.0,1.0
KXNBAAST-26APR03INDCHA-CHABMILLER24-6,2026-04-03,ast,5.5,3.03975,2.46025,0.088,0.11222682547621132,0.0,1.0
KXNBAAST-26APR03INDCHA-CHABMILLER24-8,2026-04-03,ast,7.5,3.03975,4.46025,0.014,0.026115164491112064,0.0,1.0
KXNBAAST-26APR03INDCHA-CHACWHITE3-10,2026-04-03,ast,9.5,2.871,6.629,0.0015,0.0034687414943159744,0.0,1.0
KXNBAAST-26APR03INDCHA-CHACWHITE3-2,2026-04-03,ast,1.5,2.871,-1.371,0.76825,0.7436240931527895,1.0,1.0
KXNBAAST-26APR03INDCHA-CHACWHITE3-4,2026-04-03,ast,3.5,2.871,0.629,0.33275,0.3260230447267307,1.0,1.0
KXNBAAST-26APR03INDCHA-CHACWHITE3-6,2026-04-03,ast,5.5,2.871,2.629,0.0745,0.09415363434421353,0.0,1.0
KXNBAAST-26APR03INDCHA-CHACWHITE3-8,2026-04-03,ast,7.5,2.871,4.629,0.01275,0.020162701116222093,0.0,1.0
KXNBAAST-26APR03INDCHA-CHAKKNUEPPEL7-2,2026-04-03,ast,1.5,2.8605,-1.3605,0.77525,0.7420079054507207,1.0,1.0
KXNBAAST-26APR03INDCHA-CHAKKNUEPPEL7-3,2026-04-03,ast,2.5,2.8605,-0.36050000000000004,0.5345,0.5211804672826289,1.0,1.0
KXNBAAST-26APR03INDCHA-CHAKKNUEPPEL7-4,2026-04-03,ast,3.5,2.8605,0.6395,0.31975,0.3239310974788967,1.0,1.0
KXNBAAST-26APR03INDCHA-CHAKKNUEPPEL7-6,2026-04-03,ast,5.5,2.8605,2.6395,0.07475,0.0930772468863661,0.0,1.0
KXNBAAST-26APR03INDCHA-CHAKKNUEPPEL7-8,2026-04-03,ast,7.5,2.8605,4.6395,0.01025,0.019825187548369816,0.0,1.0
KXNBAAST-26APR03INDCHA-CHALBALL1-10,2026-04-03,ast,9.5,5.84875,3.65125,0.081,0.11700218432906917,0.0,1.0
KXNBAAST-26APR03INDCHA-CHALBALL1-12,2026-04-03,ast,11.5,5.84875,5.65125,0.01925,0.045160186627220655,0.0,1.0
KXNBAAST-26APR03INDCHA-CHALBALL1-6,2026-04-03,ast,5.5,5.84875,-0.3487499999999999,0.5285,0.4997329071787434,1.0,1.0
KXNBAAST-26APR03INDCHA-CHALBALL1-7,2026-04-03,ast,6.5,5.84875,0.6512500000000001,0.3795,0.37156601656191535,1.0,1.0
KXNBAAST-26APR03INDCHA-CHALBALL1-8,2026-04-03,ast,7.5,5.84875,1.65125,0.24875,0.26350235995105054,1.0,1.0
KXNBAAST-26APR03INDCHA-CHAMBRIDGES0-2,2026-04-03,ast,1.5,2.4945,-0.9944999999999999,0.719,0.679056905704527,0.0,1.0
KXNBAAST-26APR03INDCHA-CHAMBRIDGES0-3,2026-04-03,ast,2.5,2.4945,0.00550000000000006,0.45125,0.44132975833867183,0.0,1.0
KXNBAAST-26APR03INDCHA-CHAMBRIDGES0-4,2026-04-03,ast,3.5,2.4945,1.0055,0.2405,0.25103839935344996,0.0,1.0
KXNBAAST-26APR03INDCHA-CHAMBRIDGES0-6,2026-04-03,ast,5.5,2.4945,3.0055,0.04175,0.059390548227075346,0.0,1.0
KXNBAAST-26APR03INDCHA-CHAMBRIDGES0-8,2026-04-03,ast,7.5,2.4945,5.0055,0.005,0.010300275068725329,0.0,1.0
KXNBA3PT-26APR03INDCHA-CHACWHITE3-1,2026-04-03,fg3m,0.5,1.828,-1.328,0.83375,0.8057862343920672,1.0,1.0
KXNBA3PT-26APR03INDCHA-CHACWHITE3-2,2026-04-03,fg3m,1.5,1.828,-0.32800000000000007,0.543,0.5193546657422101,0.0,1.0
KXNBA3PT-26APR03INDCHA-CHACWHITE3-3,2026-04-03,fg3m,2.5,1.828,0.6719999999999999,0.2765,0.28046664992680315,0.0,1.0
KXNBA3PT-26APR03INDCHA-CHACWHITE3-4,2026-04-03,fg3m,3.5,1.828,1.672,0.1125,0.13225807343723073,0.0,1.0
KXNBA3PT-26APR03INDCHA-CHACWHITE3-5,2026-04-03,fg3m,4.5,1.828,2.6719999999999997,0.0465,0.056136924684832,0.0,1.0
KXNBA3PT-26APR03INDCHA-CHAKKNUEPPEL7-1,2026-04-03,fg3m,0.5,2.85825,-2.35825,0.935,0.9117678220067252,1.0,1.0
KXNBA3PT-26APR03INDCHA-CHAKKNUEPPEL7-2,2026-04-03,fg3m,1.5,2.85825,-1.35825,0.76975,0.7282812238283322,1.0,1.0
KXNBA3PT-26APR03INDCHA-CHAKKNUEPPEL7-3,2026-04-03,fg3m,2.5,2.85825,-0.35824999999999996,0.54725,0.512499674334377,1.0,1.0
KXNBA3PT-26APR03INDCHA-CHAKKNUEPPEL7-4,2026-04-03,fg3m,3.5,2.85825,0.64175,0.32575,0.3237310735475992,0.0,1.0
KXNBA3PT-26APR03INDCHA-CHAKKNUEPPEL7-5,2026-04-03,fg3m,4.5,2.85825,1.64175,0.163,0.1870217196012588,0.0,1.0
KXNBA3PT-26APR03INDCHA-CHALBALL1-2,2026-04-03,fg3m,1.5,3.2655,-1.7654999999999998,0.81825,0.7831330669257077,1.0,1.0
KXNBA3PT-26APR03INDCHA-CHALBALL1-3,2026-04-03,fg3m,2.5,3.2655,-0.7654999999999998,0.61875,0.5879746144127831,1.0,1.0
KXNBA3PT-26APR03INDCHA-CHALBALL1-4,2026-04-03,fg3m,3.5,3.2655,0.23450000000000015,0.41425,0.40021001813406776,1.0,1.0
KXNBA3PT-26APR03INDCHA-CHALBALL1-5,2026-04-03,fg3m,4.5,3.2655,1.2345000000000002,0.23975,0.25065772564524247,1.0,1.0
KXNBA3PT-26APR03INDCHA-CHALBALL1-6,2026-04-03,fg3m,5.5,3.2655,2.2345,0.12625,0.14640287289297105,0.0,1.0
KXNBA3PT-26APR03INDCHA-CHAMBRIDGES0-1,2026-04-03,fg3m,0.5,1.43175,-0.9317500000000001,0.758,0.7307769036633056,1.0,1.0
KXNBA3PT-26APR03INDCHA-CHAMBRIDGES0-2,2026-04-03,fg3m,1.5,1.43175,0.06824999999999992,0.4095,0.4061950622267103,1.0,1.0
KXNBA3PT-26APR03INDCHA-CHAMBRIDGES0-3,2026-04-03,fg3m,2.5,1.43175,1.06825,0.1805,0.1849015233063106,1.0,1.0
KXNBA3PT-26APR03INDCHA-CHAMBRIDGES0-4,2026-04-03,fg3m,3.5,1.43175,2.06825,0.06275,0.07266899687902018,0.0,1.0
KXNBA3PT-26APR03INDCHA-CHAMBRIDGES0-5,2026-04-03,fg3m,4.5,1.43175,3.06825,0.01625,0.025547207974762176,0.0,1.0
KXNBAPTS-26APR03ORLDAL-DALCFLAGG32-20,2026-04-03,pts,19.5,18.70625,0.7937499999999993,0.42475,0.4106416073049626,1.0,1.0
KXNBAPTS-26APR03ORLDAL-DALCFLAGG32-25,2026-04-03,pts,24.5,18.70625,5.793749999999999,0.20175,0.2268359098899262,1.0,1.0
KXNBAPTS-26APR03ORLDAL-DALCFLAGG32-30,2026-04-03,pts,29.5,18.70625,10.79375,0.07525,0.11254605861590439,1.0,1.0
KXNBAPTS-26APR03ORLDAL-DALCFLAGG32-35,2026-04-03,pts,34.5,18.70625,15.79375,0.023,0.05127645154892968,1.0,1.0
KXNBAPTS-26APR03ORLDAL-DALDGAFFORD21-10,2026-04-03,pts,9.5,10.07425,-0.5742499999999993,0.493,0.48966816804233193,0.0,1.0
KXNBAPTS-26APR03ORLDAL-DALDGAFFORD21-15,2026-04-03,pts,14.5,10.07425,4.425750000000001,0.205,0.18121859460098466,0.0,1.0
KXNBAPTS-26APR03ORLDAL-DALDGAFFORD21-20,2026-04-03,pts,19.5,10.07425,9.42575,0.05975,0.05064064401130908,0.0,1.0
KXNBAPTS-26APR03ORLDAL-DALKTHOMPSON31-10,2026-04-03,pts,9.5,9.173553719008265,0.32644628099173545,0.42272727272727273,0.4180505681079587,1.0,0.605
KXNBAPTS-26APR03ORLDAL-DALKTHOMPSON31-15,2026-04-03,pts,14.5,9.173553719008265,5.3264462809917354,0.18099173553719008,0.13249719242664615,1.0,0.605
KXNBAPTS-26APR03ORLDAL-DALKTHOMPSON31-20,2026-04-03,pts,19.5,9.173553719008265,10.326446280991735,0.048347107438016526,0.03127954682506684,0.0,0.605
KXNBAPTS-26APR03ORLDAL-DALKTHOMPSON31-25,2026-04-03,pts,24.5,9.173553719008265,15.326446280991735,0.015702479338842976,0.006050658437634415,0.0,0.605
KXNBAPTS-26APR03ORLDAL-DALMCHRISTIE00-10,2026-04-03,pts,9.5,9.67375,-0.17375000000000007,0.46925,0.4585296006633093,1.0,1.0
KXNBAPTS-26APR03ORLDAL-DALMCHRISTIE00-15,2026-04-03,pts,14.5,9.67375,4.82625,0.17925,0.15893386929286502,0.0,1.0
KXNBAPTS-26APR03ORLDAL-DALMCHRISTIE00-20,2026-04-03,pts,19.5,9.67375,9.82625,0.04425,0.04134604567375133,0.0,1.0
KXNBAPTS-26APR03ORLDAL-DALNMARSHALL13-15,2026-04-03,pts,14.5,14.447908121410993,0.05209187858900677,0.4520098441345365,0.44267938006656504,0.0,0.6095
KXNBAPTS-26APR03ORLDAL-DALNMARSHALL13-20,2026-04-03,pts,19.5,14.447908121410993,5.052091878589007,0.20344544708777687,0.21173509863686257,0.0,0.6095
KXNBAPTS-26APR03ORLDAL-DALNMARSHALL13-25,2026-04-03,pts,24.5,14.447908121410993,10.052091878589007,0.06521739130434782,0.08600686330515284,0.0,0.6095
KXNBAPTS-26APR03ORLDAL-DALNMARSHALL13-30,2026-04-03,pts,29.5,14.447908121410993,15.052091878589007,0.018457752255947497,0.030895583423425466,0.0,0.6095
KXNBAPTS-26APR03ORLDAL-ORLDBANE3-10,2026-04-03,pts,9.5,16.31225,-6.812249999999999,0.84225,0.8108777133020001,1.0,1.0
KXNBAPTS-26APR03ORLDAL-ORLDBANE3-15,2026-04-03,pts,14.5,16.31225,-1.8122499999999988,0.57525,0.5422578524321162,1.0,1.0
KXNBAPTS-26APR03ORLDAL-ORLDBANE3-20,2026-04-03,pts,19.5,16.31225,3.187750000000001,0.29675,0.2989069969024485,1.0,1.0
KXNBAPTS-26APR03ORLDAL-ORLDBANE3-25,2026-04-03,pts,24.5,16.31225,8.187750000000001,0.11475,0.1416859936756094,1.0,1.0
KXNBAPTS-26APR03ORLDAL-ORLDBANE3-30,2026-04-03,pts,29.5,16.31225,13.187750000000001,0.03525,0.059799596466978966,0.0,1.0
KXNBAPTS-26APR03ORLDAL-ORLFWAGNER22-10,2026-04-03,pts,9.5,14.304,-4.804,0.7305,0.7384271054905388,1.0,1.0
KXNBAPTS-26APR03ORLDAL-ORLFWAGNER22-15,2026-04-03,pts,14.5,14.304,0.19599999999999973,0.457,0.4344674891016652,1.0,1.0
KXNBAPTS-26APR03ORLDAL-ORLFWAGNER22-20,2026-04-03,pts,19.5,14.304,5.196,0.2205,0.2052128301446543,0.0,1.0
KXNBAPTS-26APR03ORLDAL-ORLFWAGNER22-25,2026-04-03,pts,24.5,14.304,10.196,0.0825,0.08223664219278426,0.0,1.0
KXNBAPTS-26APR03ORLDAL-ORLJSUGGS4-10,2026-04-03,pts,9.5,12.348,-2.8480000000000008,0.64975,0.6415442576623901,1.0,1.0
KXNBAPTS-26APR03ORLDAL-ORLJSUGGS4-15,2026-04-03,pts,14.5,12.348,2.1519999999999992,0.33175,0.31770611687274974,1.0,1.0
KXNBAPTS-26APR03ORLDAL-ORLJSUGGS4-20,2026-04-03,pts,19.5,12.348,7.151999999999999,0.1235,0.12287099506679633,0.0,1.0
KXNBAPTS-26APR03ORLDAL-ORLJSUGGS4-25,2026-04-03,pts,24.5,12.348,12.152,0.0335,0.03978358781322333,0.0,1.0
KXNBAPTS-26APR03ORLDAL-ORLPBANCHERO5-20,2026-04-03,pts,19.5,18.569,0.9310000000000009,0.42975,0.40441214014456506,0.0,1.0
KXNBAPTS-26APR03ORLDAL-ORLPBANCHERO5-25,2026-04-03,pts,24.5,18.569,5.931000000000001,0.19925,0.22168795283949905,0.0,1.0
KXNBAPTS-26APR03ORLDAL-ORLPBANCHERO5-30,2026-04-03,pts,29.5,18.569,10.931000000000001,0.07175,0.10909718193533391,0.0,1.0
KXNBAPTS-26APR03ORLDAL-ORLPBANCHERO5-35,2026-04-03,pts,34.5,18.569,15.931000000000001,0.021,0.049286033125276574,0.0,1.0
KXNBAPTS-26APR03ORLDAL-ORLWCARTER34-10,2026-04-03,pts,9.5,9.688,-0.1880000000000006,0.47225,0.4596578501508678,1.0,1.0
KXNBAPTS-26APR03ORLDAL-ORLWCARTER34-15,2026-04-03,pts,14.5,9.688,4.811999999999999,0.17375,0.15971108497367192,1.0,1.0
KXNBAPTS-26APR03ORLDAL-ORLWCARTER34-20,2026-04-03,pts,19.5,9.688,9.812,0.0405,0.041657913840453475,1.0,1.0
KXNBAREB-26APR03ORLDAL-DALCFLAGG32-10,2026-04-03,reb,9.5,5.7145,3.7855,0.0785,0.10905033190920632,0.0,1.0
KXNBAREB-26APR03ORLDAL-DALCFLAGG32-12,2026-04-03,reb,11.5,5.7145,5.7855,0.024,0.0416360970209646,0.0,1.0
KXNBAREB-26APR03ORLDAL-DALCFLAGG32-6,2026-04-03,reb,5.5,5.7145,-0.21450000000000014,0.5045,0.48078355140613516,1.0,1.0
KXNBAREB-26APR03ORLDAL-DALCFLAGG32-7,2026-04-03,reb,6.5,5.7145,0.7854999999999999,0.35425,0.3542724211305289,0.0,1.0
KXNBAREB-26APR03ORLDAL-DALCFLAGG32-8,2026-04-03,reb,7.5,5.7145,1.7854999999999999,0.2295,0.2491418590521608,0.0,1.0
KXNBAREB-26APR03ORLDAL-DALDGAFFORD21-10,2026-04-03,reb,9.5,6.028,3.4720000000000004,0.129,0.1323673313532604,0.0,1.0
KXNBAREB-26APR03ORLDAL-DALDGAFFORD21-12,2026-04-03,reb,11.5,6.028,5.472,0.04275,0.0537556281500543,0.0,1.0
KXNBAREB-26APR03ORLDAL-DALDGAFFORD21-4,2026-04-03,reb,3.5,6.028,-2.5279999999999996,0.80325,0.7844826577777433,0.0,1.0
KXNBAREB-26APR03ORLDAL-DALDGAFFORD21-6,2026-04-03,reb,5.5,6.028,-0.5279999999999996,0.52925,0.5214503790082683,0.0,1.0
KXNBAREB-26APR03ORLDAL-DALDGAFFORD21-8,2026-04-03,reb,7.5,6.028,1.4720000000000004,0.2865,0.28513847994546215,0.0,1.0
KXNBAREB-26APR03ORLDAL-DALMCHRISTIE00-10,2026-04-03,reb,9.5,2.8665,6.6335,0.001,0.0036283612108313212,0.0,1.0
KXNBAREB-26APR03ORLDAL-DALMCHRISTIE00-2,2026-04-03,reb,1.5,2.8665,-1.3664999999999998,0.76025,0.7411168647756823,1.0,1.0
KXNBAREB-26APR03ORLDAL-DALMCHRISTIE00-4,2026-04-03,reb,3.5,2.8665,0.6335000000000002,0.327,0.32516959254094124,1.0,1.0
KXNBAREB-26APR03ORLDAL-DALMCHRISTIE00-6,2026-04-03,reb,5.5,2.8665,2.6335,0.081,0.0947334447577508,0.0,1.0
KXNBAREB-26APR03ORLDAL-DALMCHRISTIE00-8,2026-04-03,reb,7.5,2.8665,4.6335,0.01325,0.020619398154516744,0.0,1.0
KXNBAREB-26APR03ORLDAL-ORLFWAGNER22-2,2026-04-03,reb,1.5,4.068,-2.5679999999999996,0.8695,0.8726093396282699,1.0,1.0
KXNBAREB-26APR03ORLDAL-ORLFWAGNER22-4,2026-04-03,reb,3.5,4.068,-0.5679999999999996,0.54875,0.5457259446329965,1.0,1.0
KXNBAREB-26APR03ORLDAL-ORLFWAGNER22-5,2026-04-03,reb,4.5,4.068,0.4320000000000004,0.37925,0.38058477793906664,0.0,1.0
KXNBAREB-26APR03ORLDAL-ORLFWAGNER22-6,2026-04-03,reb,5.5,4.068,1.4320000000000004,0.2505,0.24686608375284558,0.0,1.0
KXNBAREB-26APR03ORLDAL-ORLFWAGNER22-8,2026-04-03,reb,7.5,4.068,3.4320000000000004,0.08875,0.08655870558009948,0.0,1.0
KXNBAREB-26APR03ORLDAL-ORLJSUGGS4-2,2026-04-03,reb,1.5,3.8715,-2.3715,0.88275,0.8570747412401376,1.0,1.0
KXNBAREB-26APR03ORLDAL-ORLJSUGGS4-4,2026-04-03,reb,3.5,3.8715,-0.37150000000000016,0.52825,0.5130208561174684,1.0,1.0
KXNBAREB-26APR03ORLDAL-ORLJSUGGS4-5,2026-04-03,reb,4.5,3.8715,0.6284999999999998,0.348,0.34806376376583503,0.0,1.0
KXNBAREB-26APR03ORLDAL-ORLJSUGGS4-6,2026-04-03,reb,5.5,3.8715,1.6284999999999998,0.2045,0.21917143754293356,0.0,1.0
KXNBAREB-26APR03ORLDAL-ORLJSUGGS4-8,2026-04-03,reb,7.5,3.8715,3.6285,0.0545,0.07213677471758095,0.0,1.0
KXNBAREB-26APR03ORLDAL-ORLPBANCHERO5-10,2026-04-03,reb,9.5,6.975,2.5250000000000004,0.18375,0.21314669760061167,0.0,1.0
KXNBAREB-26APR03ORLDAL-ORLPBANCHERO5-12,2026-04-03,reb,11.5,6.975,4.525,0.06,0.10151515604029215,0.0,1.0
KXNBAREB-26APR03ORLDAL-ORLPBANCHERO5-6,2026-04-03,reb,5.5,6.975,-1.4749999999999996,0.682,0.631074434024135,1.0,1.0
KXNBAREB-26APR03ORLDAL-ORLPBANCHERO5-8,2026-04-03,reb,7.5,6.975,0.5250000000000004,0.394,0.3950183445145604,0.0,1.0
KXNBAREB-26APR03ORLDAL-ORLPBANCHERO5-9,2026-04-03,reb,8.5,6.975,1.5250000000000004,0.28,0.29515695118351726,0.0,1.0
KXNBAREB-26APR03ORLDAL-ORLWCARTER34-10,2026-04-03,reb,9.5,6.5605,2.9395,0.14175,0.17615918081687287,0.0,1.0
KXNBAREB-26APR03ORLDAL-ORLWCARTER34-12,2026-04-03,reb,11.5,6.5605,4.9395,0.04125,0.07860171384084391,0.0,1.0
KXNBAREB-26APR03ORLDAL-ORLWCARTER34-4,2026-04-03,reb,3.5,6.5605,-3.0605,0.8755,0.8254081301863143,1.0,1.0
KXNBAREB-26APR03ORLDAL-ORLWCARTER34-6,2026-04-03,reb,5.5,6.5605,-1.0605000000000002,0.62675,0.5856521556673139,1.0,1.0
KXNBAREB-26APR03ORLDAL-ORLWCARTER34-8,2026-04-03,reb,7.5,6.5605,0.9394999999999998,0.34325,0.3471054645067242,0.0,1.0
KXNBAAST-26APR03ORLDAL-DALMCHRISTIE00-10,2026-04-03,ast,9.5,1.6325,7.8675,0.0,7.178595504997443e-05,0.0,1.0
KXNBAAST-26APR03ORLDAL-DALMCHRISTIE00-2,2026-04-03,ast,1.5,1.6325,-0.13250000000000006,0.47825,0.4712209787057924,1.0,1.0
KXNBAAST-26APR03ORLDAL-DALMCHRISTIE00-4,2026-04-03,ast,3.5,1.6325,1.8675,0.09025,0.09652629869448781,0.0,1.0
KXNBAAST-26APR03ORLDAL-DALMCHRISTIE00-6,2026-04-03,ast,5.5,1.6325,3.8674999999999997,0.01,0.011832861132857309,0.0,1.0
KXNBAAST-26APR03ORLDAL-DALMCHRISTIE00-8,2026-04-03,ast,7.5,1.6325,5.8675,0.0,0.0010370178300601607,0.0,1.0
KXNBAAST-26APR03ORLDAL-ORLJSUGGS4-10,2026-04-03,ast,9.5,4.52575,4.97425,0.02225,0.04028882835262204,0.0,1.0
KXNBAAST-26APR03ORLDAL-ORLJSUGGS4-2,2026-04-03,ast,1.5,4.52575,-3.0257500000000004,0.92625,0.9042233937464386,1.0,1.0
KXNBAAST-26APR03ORLDAL-ORLJSUGGS4-4,2026-04-03,ast,3.5,4.52575,-1.0257500000000004,0.64675,0.6175746520287915,1.0,1.0
KXNBAAST-26APR03ORLDAL-ORLJSUGGS4-6,2026-04-03,ast,5.5,4.52575,0.9742499999999996,0.31075,0.3126459401069016,1.0,1.0
KXNBAAST-26APR03ORLDAL-ORLJSUGGS4-8,2026-04-03,ast,7.5,4.52575,2.9742499999999996,0.09675,0.12363890220431761,1.0,1.0
KXNBAAST-26APR03ORLDAL-ORLPBANCHERO5-10,2026-04-03,ast,9.5,4.2395,5.2605,0.0125,0.02956829217099688,0.0,1.0
KXNBAAST-26APR03ORLDAL-ORLPBANCHERO5-2,2026-04-03,ast,1.5,4.2395,-2.7394999999999996,0.91725,0.886675798816253,1.0,1.0
KXNBAAST-26APR03ORLDAL-ORLPBANCHERO5-4,2026-04-03,ast,3.5,4.2395,-0.7394999999999996,0.61225,0.5746244506108675,1.0,1.0
KXNBAAST-26APR03ORLDAL-ORLPBANCHERO5-6,2026-04-03,ast,5.5,4.2395,1.2605000000000004,0.25375,0.27082609468422825,0.0,1.0
KXNBAAST-26APR03ORLDAL-ORLPBANCHERO5-8,2026-04-03,ast,7.5,4.2395,3.2605000000000004,0.07225,0.09880672170578508,0.0,1.0
KXNBA3PT-26APR03ORLDAL-DALCFLAGG32-1,2026-04-03,fg3m,0.5,0.911,-0.41100000000000003,0.58575,0.5770966434483209,1.0,1.0
KXNBA3PT-26APR03ORLDAL-DALCFLAGG32-2,2026-04-03,fg3m,1.5,0.911,0.589,0.233,0.23290755556663045,1.0,1.0
KXNBA3PT-26APR03ORLDAL-DALCFLAGG32-3,2026-04-03,fg3m,2.5,0.911,1.589,0.06975,0.07449643286268748,1.0,1.0
KXNBA3PT-26APR03ORLDAL-DALCFLAGG32-4,2026-04-03,fg3m,3.5,0.911,2.589,0.0175,0.02026142125838515,1.0,1.0
KXNBA3PT-26APR03ORLDAL-DALCFLAGG32-5,2026-04-03,fg3m,4.5,0.911,3.589,0.0035,0.004889546840507464,1.0,1.0
KXNBA3PT-26APR03ORLDAL-ORLDBANE3-1,2026-04-03,fg3m,0.5,1.714,-1.214,0.815,0.786957225990488,1.0,1.0
KXNBA3PT-26APR03ORLDAL-ORLDBANE3-2,2026-04-03,fg3m,1.5,1.714,-0.21399999999999997,0.516,0.48875781735642476,1.0,1.0
KXNBA3PT-26APR03ORLDAL-ORLDBANE3-3,2026-04-03,fg3m,2.5,1.714,0.786,0.245,0.2527212138741922,1.0,1.0
KXNBA3PT-26APR03ORLDAL-ORLDBANE3-4,2026-04-03,fg3m,3.5,1.714,1.786,0.097,0.1137395757378058,0.0,1.0
KXNBA3PT-26APR03ORLDAL-ORLDBANE3-5,2026-04-03,fg3m,4.5,1.714,2.786,0.032,0.04599281713867487,0.0,1.0
KXNBA3PT-26APR03ORLDAL-ORLFWAGNER22-1,2026-04-03,fg3m,0.5,1.0705,-0.5705,0.63925,0.6327793991332309,0.0,1.0
KXNBA3PT-26APR03ORLDAL-ORLFWAGNER22-2,2026-04-03,fg3m,1.5,1.0705,0.4295,0.29075,0.2880175905174873,0.0,1.0
KXNBA3PT-26APR03ORLDAL-ORLFWAGNER22-3,2026-04-03,fg3m,2.5,1.0705,1.4295,0.1005,0.10497848993901593,0.0,1.0
KXNBA3PT-26APR03ORLDAL-ORLFWAGNER22-4,2026-04-03,fg3m,3.5,1.0705,2.4295,0.03,0.03268917872579202,0.0,1.0
KXNBA3PT-26APR03ORLDAL-ORLFWAGNER22-5,2026-04-03,fg3m,4.5,1.0705,3.4295,0.0085,0.00905408519430606,0.0,1.0
KXNBA3PT-26APR03ORLDAL-ORLJSUGGS4-1,2026-04-03,fg3m,0.5,1.784,-1.284,0.82475,0.7987513240329355,1.0,1.0
KXNBA3PT-26APR03ORLDAL-ORLJSUGGS4-2,2026-04-03,fg3m,1.5,1.784,-0.28400000000000003,0.52675,0.5077352959376684,1.0,1.0
KXNBA3PT-26APR03ORLDAL-ORLJSUGGS4-3,2026-04-03,fg3m,2.5,1.784,0.716,0.264,0.26975916716126347,1.0,1.0
KXNBA3PT-26APR03ORLDAL-ORLJSUGGS4-4,2026-04-03,fg3m,3.5,1.784,1.716,0.1145,0.12499690108116956,0.0,1.0
KXNBA3PT-26APR03ORLDAL-ORLJSUGGS4-5,2026-04-03,fg3m,4.5,1.784,2.716,0.03925,0.05209642321475372,0.0,1.0
KXNBA3PT-26APR03ORLDAL-ORLPBANCHERO5-1,2026-04-03,fg3m,0.5,1.1615,-0.6615,0.6895,0.660807093627955,1.0,1.0
KXNBA3PT-26APR03ORLDAL-ORLPBANCHERO5-2,2026-04-03,fg3m,1.5,1.1615,0.3385,0.31975,0.31886347680929306,0.0,1.0
KXNBA3PT-26APR03ORLDAL-ORLPBANCHERO5-3,2026-04-03,fg3m,2.5,1.1615,1.3385,0.1125,0.12392622007926368,0.0,1.0
KXNBA3PT-26APR03ORLDAL-ORLPBANCHERO5-4,2026-04-03,fg3m,3.5,1.1615,2.3385,0.03225,0.04125759965625264,0.0,1.0
KXNBA3PT-26APR03ORLDAL-ORLPBANCHERO5-5,2026-04-03,fg3m,4.5,1.1615,3.3385,0.0065,0.01223478321345417,0.0,1.0
KXNBAPTS-26APR03UTAHOU-HOUASENGUN28-15,2026-04-03,pts,14.5,18.5775,-4.077500000000001,0.69875,0.6441073707933747,1.0,1.0
KXNBAPTS-26APR03UTAHOU-HOUASENGUN28-20,2026-04-03,pts,19.5,18.5775,0.9224999999999994,0.4275,0.404798809162805,0.0,1.0
KXNBAPTS-26APR03UTAHOU-HOUASENGUN28-25,2026-04-03,pts,24.5,18.5775,5.922499999999999,0.195,0.2220061125274897,0.0,1.0
KXNBAPTS-26APR03UTAHOU-HOUASENGUN28-30,2026-04-03,pts,29.5,18.5775,10.9225,0.07,0.10930941185584386,0.0,1.0
KXNBAPTS-26APR03UTAHOU-HOUATHOMPSON1-15,2026-04-03,pts,14.5,16.64025,-2.1402500000000018,0.616,0.5583438389828296,1.0,1.0
KXNBAPTS-26APR03UTAHOU-HOUATHOMPSON1-20,2026-04-03,pts,19.5,16.64025,2.8597499999999982,0.30575,0.31445012842668674,1.0,1.0
KXNBAPTS-26APR03UTAHOU-HOUATHOMPSON1-25,2026-04-03,pts,24.5,16.64025,7.859749999999998,0.11675,0.1526170118402812,0.0,1.0
KXNBAPTS-26APR03UTAHOU-HOUATHOMPSON1-30,2026-04-03,pts,29.5,16.64025,12.859749999999998,0.028,0.06603213904058702,0.0,1.0
KXNBAPTS-26APR03UTAHOU-HOUJSMITH10-10,2026-04-03,pts,9.5,15.21375,-5.713749999999999,0.80975,0.774232621114126,1.0,1.0
KXNBAPTS-26APR03UTAHOU-HOUJSMITH10-15,2026-04-03,pts,14.5,15.21375,-0.7137499999999992,0.50525,0.4851862736523469,1.0,1.0
KXNBAPTS-26APR03UTAHOU-HOUJSMITH10-20,2026-04-03,pts,19.5,15.21375,4.286250000000001,0.24525,0.24709048471978945,0.0,1.0
KXNBAPTS-26APR03UTAHOU-HOUJSMITH10-25,2026-04-03,pts,24.5,15.21375,9.28625,0.0865,0.10741931519180292,0.0,1.0
KXNBAPTS-26APR03UTAHOU-HOUKDURANT7-15,2026-04-03,pts,14.5,22.78925,-8.28925,0.86025,0.7801023319141,1.0,1.0
KXNBAPTS-26APR03UTAHOU-HOUKDURANT7-20,2026-04-03,pts,19.5,22.78925,-3.289249999999999,0.6445,0.5779952304060764,1.0,1.0
KXNBAPTS-26APR03UTAHOU-HOUKDURANT7-25,2026-04-03,pts,24.5,22.78925,1.7107500000000009,0.392,0.3832857321044354,1.0,1.0
KXNBAPTS-26APR03UTAHOU-HOUKDURANT7-30,2026-04-03,pts,29.5,22.78925,6.710750000000001,0.19075,0.23162562545759768,0.0,1.0
KXNBAPTS-26APR03UTAHOU-HOUKDURANT7-35,2026-04-03,pts,34.5,22.78925,11.71075,0.0735,0.12968572164997405,0.0,1.0
KXNBAPTS-26APR03UTAHOU-HOURSHEPPARD15-10,2026-04-03,pts,9.5,14.1935,-4.6935,0.752,0.7337069139529329,1.0,1.0
KXNBAPTS-26APR03UTAHOU-HOURSHEPPARD15-15,2026-04-03,pts,14.5,14.1935,0.3064999999999998,0.44075,0.42811741734605224,0.0,1.0
KXNBAPTS-26APR03UTAHOU-HOURSHEPPARD15-20,2026-04-03,pts,19.5,14.1935,5.3065,0.202,0.20023665745933328,0.0,1.0
KXNBAPTS-26APR03UTAHOU-HOURSHEPPARD15-25,2026-04-03,pts,24.5,14.1935,10.3065,0.07075,0.07939858158891933,0.0,1.0
KXNBAPTS-26APR03UTAHOU-HOUTEASON17-10,2026-04-03,pts,9.5,10.76675,-1.26675,0.54175,0.5405312328305025,1.0,1.0
KXNBAPTS-26APR03UTAHOU-HOUTEASON17-15,2026-04-03,pts,14.5,10.76675,3.73325,0.23925,0.22151993980417795,1.0,1.0
KXNBAPTS-26APR03UTAHOU-HOUTEASON17-20,2026-04-03,pts,19.5,10.76675,8.73325,0.08625,0.06926522240462529,0.0,1.0
KXNBAPTS-26APR03UTAHOU-UTAABAILEY19-15,2026-04-03,pts,14.5,16.0885,-1.5884999999999998,0.54975,0.5310279925415573,1.0,1.0
KXNBAPTS-26APR03UTAHOU-UTAABAILEY19-20,2026-04-03,pts,19.5,16.0885,3.4115,0.28575,0.2883051408726801,1.0,1.0
KXNBAPTS-26APR03UTAHOU-UTAABAILEY19-25,2026-04-03,pts,24.5,16.0885,8.4115,0.128,0.13440137000803454,0.0,1.0
KXNBAPTS-26APR03UTAHOU-UTAABAILEY19-30,2026-04-03,pts,29.5,16.0885,13.4115,0.04525,0.0557416971674769,0.0,1.0
KXNBAREB-26APR03UTAHOU-HOUASENGUN28-10,2026-04-03,reb,9.5,7.52125,1.9787499999999998,0.23675,0.2645335129912493,0.0,1.0
KXNBAREB-26APR03UTAHOU-HOUASENGUN28-12,2026-04-03,reb,11.5,7.52125,3.97875,0.0985,0.13604427210190218,0.0,1.0
KXNBAREB-26APR03UTAHOU-HOUASENGUN28-6,2026-04-03,reb,5.5,7.52125,-2.02125,0.74225,0.6847433332093833,0.0,1.0
KXNBAREB-26APR03UTAHOU-HOUASENGUN28-8,2026-04-03,reb,7.5,7.52125,-0.021250000000000213,0.47075,0.45639948921579443,0.0,1.0
KXNBAREB-26APR03UTAHOU-HOUASENGUN28-9,2026-04-03,reb,8.5,7.52125,0.9787499999999998,0.347,0.35314948418404435,0.0,1.0
KXNBAREB-26APR03UTAHOU-HOUATHOMPSON1-10,2026-04-03,reb,9.5,7.06375,2.4362500000000002,0.1845,0.22132319839270342,0.0,1.0
KXNBAREB-26APR03UTAHOU-HOUATHOMPSON1-12,2026-04-03,reb,11.5,7.06375,4.43625,0.06375,0.10680440640880895,0.0,1.0
KXNBAREB-26APR03UTAHOU-HOUATHOMPSON1-4,2026-04-03,reb,3.5,7.06375,-3.5637499999999998,0.91475,0.8570178633392751,1.0,1.0
KXNBAREB-26APR03UTAHOU-HOUATHOMPSON1-6,2026-04-03,reb,5.5,7.06375,-1.5637499999999998,0.6885,0.6402711741331328,1.0,1.0
KXNBAREB-26APR03UTAHOU-HOUATHOMPSON1-8,2026-04-03,reb,7.5,7.06375,0.43625000000000025,0.40625,0.40515710911186875,1.0,1.0
KXNBAREB-26APR03UTAHOU-HOUJSMITH10-10,2026-04-03,reb,9.5,6.401,3.099,0.1325,0.1625494059823076,0.0,1.0
KXNBAREB-26APR03UTAHOU-HOUJSMITH10-12,2026-04-03,reb,11.5,6.401,5.099,0.035,0.07060424788351616,0.0,1.0
KXNBAREB-26APR03UTAHOU-HOUJSMITH10-6,2026-04-03,reb,5.5,6.401,-0.9009999999999998,0.60575,0.5670979762905874,0.0,1.0
KXNBAREB-26APR03UTAHOU-HOUJSMITH10-7,2026-04-03,reb,6.5,6.401,0.0990000000000002,0.45325,0.44102623057156176,0.0,1.0
KXNBAREB-26APR03UTAHOU-HOUJSMITH10-8,2026-04-03,reb,7.5,6.401,1.0990000000000002,0.3195,0.32852663500852086,0.0,1.0
KXNBAREB-26APR03UTAHOU-HOUKDURANT7-2,2026-04-03,reb,1.5,4.8355,-3.3354999999999997,0.94675,0.9182427059142031,1.0,1.0
KXNBAREB-26APR03UTAHOU-HOUKDURANT7-4,2026-04-03,reb,3.5,4.8355,-1.3354999999999997,0.70475,0.657772150114527,1.0,1.0
KXNBAREB-26APR03UTAHOU-HOUKDURANT7-5,2026-04-03,reb,4.5,4.8355,-0.3354999999999997,0.519,0.5011055188441712,1.0,1.0
KXNBAREB-26APR03UTAHOU-HOUKDURANT7-6,2026-04-03,reb,5.5,4.8355,0.6645000000000003,0.352,0.35801024416465366,0.0,1.0
KXNBAREB-26APR03UTAHOU-HOUKDURANT7-8,2026-04-03,reb,7.5,4.8355,2.6645000000000003,0.124,0.15465554200181242,0.0,1.0
KXNBAREB-26APR03UTAHOU-HOUTEASON17-10,2026-04-03,reb,9.5,5.8305,3.6695,0.10025,0.11744155766467312,0.0,1.0
KXNBAREB-26APR03UTAHOU-HOUTEASON17-12,2026-04-03,reb,11.5,5.8305,5.6695,0.03125,0.04590270177350919,0.0,1.0
KXNBAREB-26APR03UTAHOU-HOUTEASON17-6,2026-04-03,reb,5.5,5.8305,-0.3304999999999998,0.505,0.4960619652750111,1.0,1.0
KXNBAREB-26APR03UTAHOU-HOUTEASON17-7,2026-04-03,reb,6.5,5.8305,0.6695000000000002,0.36725,0.3691804481596175,1.0,1.0
KXNBAREB-26APR03UTAHOU-HOUTEASON17-8,2026-04-03,reb,7.5,5.8305,1.6695000000000002,0.25675,0.2623800401275619,0.0,1.0
KXNBAREB-26APR03UTAHOU-UTAABAILEY19-2,2026-04-03,reb,1.5,3.97175,-2.47175,0.886,0.8652323091084695,1.0,1.0
KXNBAREB-26APR03UTAHOU-UTAABAILEY19-4,2026-04-03,reb,3.5,3.97175,-0.4717500000000001,0.54725,0.5299040949960956,1.0,1.0
KXNBAREB-26APR03UTAHOU-UTAABAILEY19-5,2026-04-03,reb,4.5,3.97175,0.5282499999999999,0.37425,0.36470723673607086,1.0,1.0
KXNBAREB-26APR03UTAHOU-UTAABAILEY19-6,2026-04-03,reb,5.5,3.97175,1.5282499999999999,0.22125,0.23322160521424007,1.0,1.0
KXNBAREB-26APR03UTAHOU-UTAABAILEY19-8,2026-04-03,reb,7.5,3.97175,3.52825,0.058,0.07932497027163521,0.0,1.0
KXNBAAST-26APR03UTAHOU-HOUASENGUN28-10,2026-04-03,ast,9.5,5.67225,3.82775,0.069,0.10431721391503879,0.0,1.0
KXNBAAST-26APR03UTAHOU-HOUASENGUN28-2,2026-04-03,ast,1.5,5.67225,-4.17225,0.972,0.9504572215505894,1.0,1.0
KXNBAAST-26APR03UTAHOU-HOUASENGUN28-4,2026-04-03,ast,3.5,5.67225,-2.17225,0.80625,0.7549671356386262,1.0,1.0
KXNBAAST-26APR03UTAHOU-HOUASENGUN28-6,2026-04-03,ast,5.5,5.67225,-0.17225000000000001,0.50175,0.4762184488885832,0.0,1.0
KXNBAAST-26APR03UTAHOU-HOUASENGUN28-8,2026-04-03,ast,7.5,5.67225,1.82775,0.22075,0.24324165950971366,0.0,1.0
KXNBAAST-26APR03UTAHOU-HOUATHOMPSON1-2,2026-04-03,ast,1.5,5.16275,-3.66275,0.963,0.9338003352354947,1.0,1.0
KXNBAAST-26APR03UTAHOU-HOUATHOMPSON1-4,2026-04-03,ast,3.5,5.16275,-1.66275,0.7605,0.7004911054332574,1.0,1.0
KXNBAAST-26APR03UTAHOU-HOUATHOMPSON1-5,2026-04-03,ast,4.5,5.16275,-0.66275,0.596,0.5496627842162635,0.0,1.0
KXNBAAST-26APR03UTAHOU-HOUATHOMPSON1-6,2026-04-03,ast,5.5,5.16275,0.33725000000000005,0.4125,0.4053028912972412,0.0,1.0
KXNBAAST-26APR03UTAHOU-HOUATHOMPSON1-8,2026-04-03,ast,7.5,5.16275,2.33725,0.1505,0.18691062473263742,0.0,1.0
KXNBAAST-26APR03UTAHOU-HOUKDURANT7-10,2026-04-03,ast,9.5,4.85925,4.64075,0.02825,0.05545312039540151,0.0,1.0
KXNBAAST-26APR03UTAHOU-HOUKDURANT7-2,2026-04-03,ast,1.5,4.85925,-3.3592500000000003,0.9485,0.9211354964491902,1.0,1.0
KXNBAAST-26APR03UTAHOU-HOUKDURANT7-4,2026-04-03,ast,3.5,4.85925,-1.3592500000000003,0.70325,0.663129804258524,1.0,1.0
KXNBAAST-26APR03UTAHOU-HOUKDURANT7-6,2026-04-03,ast,5.5,4.85925,0.6407499999999997,0.3665,0.3614650394338379,1.0,1.0
KXNBAAST-26APR03UTAHOU-HOUKDURANT7-8,2026-04-03,ast,7.5,4.85925,2.6407499999999997,0.1235,0.15554693265355424,0.0,1.0
KXNBAAST-26APR03UTAHOU-HOURSHEPPARD15-2,2026-04-03,ast,1.5,3.9295,-2.4295,0.8855,0.8638457155511299,1.0,1.0
KXNBAAST-26APR03UTAHOU-HOURSHEPPARD15-4,2026-04-03,ast,3.5,3.9295,-0.4295,0.55175,0.5241364831797191,1.0,1.0
KXNBAAST-26APR03UTAHOU-HOURSHEPPARD15-5,2026-04-03,ast,4.5,3.9295,0.5705,0.3655,0.3577714293800611,1.0,1.0
KXNBAAST-26APR03UTAHOU-HOURSHEPPARD15-6,2026-04-03,ast,5.5,3.9295,1.5705,0.21075,0.22639732432793747,1.0,1.0
KXNBAAST-26APR03UTAHOU-HOURSHEPPARD15-8,2026-04-03,ast,7.5,3.9295,3.5705,0.0555,0.07495706624128906,0.0,1.0
KXNBAAST-26APR03UTAHOU-UTAABAILEY19-2,2026-04-03,ast,1.5,1.9755,-0.47550000000000003,0.57475,0.5647877376738742,0.0,1.0
KXNBAAST-26APR03UTAHOU-UTAABAILEY19-3,2026-04-03,ast,2.5,1.9755,0.5245,0.30675,0.31657975459906695,0.0,1.0
KXNBAAST-26APR03UTAHOU-UTAABAILEY19-4,2026-04-03,ast,3.5,1.9755,1.5245,0.14525,0.1528201888314885,0.0,1.0
KXNBAAST-26APR03UTAHOU-UTAABAILEY19-6,2026-04-03,ast,5.5,1.9755,3.5244999999999997,0.02075,0.02541552356969612,0.0,1.0
KXNBAAST-26APR03UTAHOU-UTAABAILEY19-8,2026-04-03,ast,7.5,1.9755,5.5245,0.00125,0.0030515355307197956,0.0,1.0
KXNBA3PT-26APR03UTAHOU-HOUASENGUN28-1,2026-04-03,fg3m,0.5,0.60375,-0.10375000000000001,0.451,0.4406964838209778,0.0,1.0
KXNBA3PT-26APR03UTAHOU-HOUASENGUN28-2,2026-04-03,fg3m,1.5,0.60375,0.89625,0.12225,0.12776697216653266,0.0,1.0
KXNBA3PT-26APR03UTAHOU-HOUASENGUN28-3,2026-04-03,fg3m,2.5,0.60375,1.89625,0.02625,0.028757190139289457,0.0,1.0
KXNBA3PT-26APR03UTAHOU-HOUASENGUN28-4,2026-04-03,fg3m,3.5,0.60375,2.89625,0.004,0.005454010806843157,0.0,1.0
KXNBA3PT-26APR03UTAHOU-HOUASENGUN28-5,2026-04-03,fg3m,4.5,0.60375,3.89625,0.00025,0.0009134941292456844,0.0,1.0
KXNBA3PT-26APR03UTAHOU-HOUATHOMPSON1-1,2026-04-03,fg3m,0.5,0.44475,0.05525000000000002,0.3635,0.350969879796156,0.0,1.0
KXNBA3PT-26APR03UTAHOU-HOUATHOMPSON1-2,2026-04-03,fg3m,1.5,0.44475,1.05525,0.071,0.07820559479906752,0.0,1.0
KXNBA3PT-26APR03UTAHOU-HOUATHOMPSON1-3,2026-04-03,fg3m,2.5,0.44475,2.05525,0.00975,0.013380558889477867,0.0,1.0
KXNBA3PT-26APR03UTAHOU-HOUATHOMPSON1-4,2026-04-03,fg3m,3.5,0.44475,3.05525,0.0005,0.0019200601275884965,0.0,1.0
KXNBA3PT-26APR03UTAHOU-HOUATHOMPSON1-5,2026-04-03,fg3m,4.5,0.44475,4.05525,0.0,0.0002427348340896529,0.0,1.0
KXNBA3PT-26APR03UTAHOU-HOUKDURANT7-1,2026-04-03,fg3m,0.5,2.21675,-1.7167500000000002,0.8835,0.8571794525747745,1.0,1.0
KXNBA3PT-26APR03UTAHOU-HOUKDURANT7-2,2026-04-03,fg3m,1.5,2.21675,-0.7167500000000002,0.65,0.6118300576089581,1.0,1.0
KXNBA3PT-26APR03UTAHOU-HOUKDURANT7-3,2026-04-03,fg3m,2.5,2.21675,0.2832499999999998,0.38375,0.37348184549102326,0.0,1.0
KXNBA3PT-26APR03UTAHOU-HOUKDURANT7-4,2026-04-03,fg3m,3.5,2.21675,1.2832499999999998,0.1845,0.20123776845640418,0.0,1.0
KXNBA3PT-26APR03UTAHOU-HOUKDURANT7-5,2026-04-03,fg3m,4.5,2.21675,2.28325,0.07675,0.09819210499565889,0.0,1.0
KXNBA3PT-26APR03UTAHOU-HOURSHEPPARD15-2,2026-04-03,fg3m,1.5,2.91375,-1.4137499999999998,0.7835,0.7365301647865568,1.0,1.0
KXNBA3PT-26APR03UTAHOU-HOURSHEPPARD15-3,2026-04-03,fg3m,2.5,2.91375,-0.41374999999999984,0.5545,0.5233998937940261,1.0,1.0
KXNBA3PT-26APR03UTAHOU-HOURSHEPPARD15-4,2026-04-03,fg3m,3.5,2.91375,0.5862500000000002,0.32975,0.3343304383417093,1.0,1.0
KXNBA3PT-26APR03UTAHOU-HOURSHEPPARD15-5,2026-04-03,fg3m,4.5,2.91375,1.5862500000000002,0.18125,0.19547891955769237,0.0,1.0
KXNBA3PT-26APR03UTAHOU-HOURSHEPPARD15-6,2026-04-03,fg3m,5.5,2.91375,2.58625,0.08025,0.10622984259638002,0.0,1.0
KXNBA3PT-26APR03UTAHOU-HOUTEASON17-1,2026-04-03,fg3m,0.5,1.3505,-0.8505,0.71625,0.7116236270712614,1.0,1.0
KXNBA3PT-26APR03UTAHOU-HOUTEASON17-2,2026-04-03,fg3m,1.5,1.3505,0.14949999999999997,0.38575,0.3807143208039365,1.0,1.0
KXNBA3PT-26APR03UTAHOU-HOUTEASON17-3,2026-04-03,fg3m,2.5,1.3505,1.1495,0.16125,0.1659852244979746,0.0,1.0
KXNBA3PT-26APR03UTAHOU-HOUTEASON17-4,2026-04-03,fg3m,3.5,1.3505,2.1494999999999997,0.06125,0.06233307744175387,0.0,1.0
KXNBA3PT-26APR03UTAHOU-HOUTEASON17-5,2026-04-03,fg3m,4.5,1.3505,3.1494999999999997,0.018,0.02091225350260939,0.0,1.0
KXNBAPTS-26APR03TORMEM-MEMCCOWARD23-10,2026-04-03,pts,9.5,11.0215,-1.5214999999999996,0.57075,0.5582420268650523,1.0,1.0
KXNBAPTS-26APR03TORMEM-MEMCCOWARD23-15,2026-04-03,pts,14.5,11.0215,3.4785000000000004,0.24675,0.23675924142659543,1.0,1.0
KXNBAPTS-26APR03TORMEM-MEMCCOWARD23-20,2026-04-03,pts,19.5,11.0215,8.4785,0.07925,0.07690446170731913,0.0,1.0
KXNBAPTS-26APR03TORMEM-MEMCCOWARD23-25,2026-04-03,pts,24.5,11.0215,13.4785,0.01725,0.020725257198546676,0.0,1.0
KXNBAPTS-26APR03TORMEM-TORJPOELTL19-10,2026-04-03,pts,9.5,10.871,-1.3710000000000004,0.56175,0.5478452115324681,0.0,1.0
KXNBAPTS-26APR03TORMEM-TORJPOELTL19-15,2026-04-03,pts,14.5,10.871,3.6289999999999996,0.23275,0.22773492824524832,0.0,1.0
KXNBAPTS-26APR03TORMEM-TORJPOELTL19-20,2026-04-03,pts,19.5,10.871,8.629,0.06725,0.07234153822252387,0.0,1.0
KXNBAPTS-26APR03TORMEM-TORJPOELTL19-25,2026-04-03,pts,24.5,10.871,13.629,0.0135,0.019046070354903355,0.0,1.0
KXNBAPTS-26APR03TORMEM-TORRBARRETT9-15,2026-04-03,pts,14.5,17.9745,-3.474499999999999,0.66525,0.6191030652122549,1.0,1.0
KXNBAPTS-26APR03TORMEM-TORRBARRETT9-20,2026-04-03,pts,19.5,17.9745,1.525500000000001,0.389,0.37710518440804086,1.0,1.0
KXNBAPTS-26APR03TORMEM-TORRBARRETT9-25,2026-04-03,pts,24.5,17.9745,6.525500000000001,0.17775,0.19968002680183905,1.0,1.0
KXNBAPTS-26APR03TORMEM-TORRBARRETT9-30,2026-04-03,pts,29.5,17.9745,11.525500000000001,0.0585,0.09471574560463725,0.0,1.0
KXNBAPTS-26APR03TORMEM-TORSBARNES4-15,2026-04-03,pts,14.5,15.497,-0.9969999999999999,0.53375,0.5003605503538495,0.0,1.0
KXNBAPTS-26APR03TORMEM-TORSBARNES4-20,2026-04-03,pts,19.5,15.497,4.003,0.2485,0.2603717921842834,0.0,1.0
KXNBAPTS-26APR03TORMEM-TORSBARNES4-25,2026-04-03,pts,24.5,15.497,9.003,0.08925,0.11587996258160882,0.0,1.0
KXNBAPTS-26APR03TORMEM-TORSBARNES4-30,2026-04-03,pts,29.5,15.497,14.003,0.0235,0.04578347697969842,0.0,1.0
KXNBAREB-26APR03TORMEM-TORJPOELTL19-10,2026-04-03,reb,9.5,7.0285,2.4715,0.19775,0.2180661785682365,0.0,1.0
KXNBAREB-26APR03TORMEM-TORJPOELTL19-12,2026-04-03,reb,11.5,7.0285,4.4715,0.082,0.104688000026818,0.0,1.0
KXNBAREB-26APR03TORMEM-TORJPOELTL19-4,2026-04-03,reb,3.5,7.0285,-3.5285,0.89425,0.8550027015788793,1.0,1.0
KXNBAREB-26APR03TORMEM-TORJPOELTL19-6,2026-04-03,reb,5.5,7.0285,-1.5285000000000002,0.66875,0.6366407093333087,1.0,1.0
KXNBAREB-26APR03TORMEM-TORJPOELTL19-8,2026-04-03,reb,7.5,7.0285,0.4714999999999998,0.402,0.4011366181986591,0.0,1.0
KXNBAREB-26APR03TORMEM-TORRBARRETT9-10,2026-04-03,reb,9.5,5.26525,4.23475,0.04675,0.07940612811634618,0.0,1.0
KXNBAREB-26APR03TORMEM-TORRBARRETT9-2,2026-04-03,reb,1.5,5.26525,-3.76525,0.96225,0.9359146951941266,1.0,1.0
KXNBAREB-26APR03TORMEM-TORRBARRETT9-4,2026-04-03,reb,3.5,5.26525,-1.76525,0.754,0.7096684661466042,0.0,1.0
KXNBAREB-26APR03TORMEM-TORRBARRETT9-6,2026-04-03,reb,5.5,5.26525,0.23475000000000001,0.422,0.41934947856099525,0.0,1.0
KXNBAREB-26APR03TORMEM-TORRBARRETT9-8,2026-04-03,reb,7.5,5.26525,2.23475,0.178,0.19926970344823347,0.0,1.0
KXNBAREB-26APR03TORMEM-TORSBARNES4-10,2026-04-03,reb,9.5,6.29225,3.20775,0.11675,0.15349988175808904,0.0,1.0
KXNBAREB-26APR03TORMEM-TORSBARNES4-12,2026-04-03,reb,11.5,6.29225,5.20775,0.037,0.06542150500138078,0.0,1.0
KXNBAREB-26APR03TORMEM-TORSBARNES4-6,2026-04-03,reb,5.5,6.29225,-0.7922500000000001,0.59025,0.5541111890129836,0.0,1.0
KXNBAREB-26APR03TORMEM-TORSBARNES4-7,2026-04-03,reb,6.5,6.29225,0.20774999999999988,0.4335,0.4275772076705433,0.0,1.0
KXNBAREB-26APR03TORMEM-TORSBARNES4-8,2026-04-03,reb,7.5,6.29225,1.2077499999999999,0.295,0.315851749030151,0.0,1.0
KXNBAAST-26APR03TORMEM-TORJPOELTL19-2,2026-04-03,ast,1.5,1.8605,-0.36050000000000004,0.54325,0.5350625209412903,1.0,1.0
KXNBAAST-26APR03TORMEM-TORJPOELTL19-3,2026-04-03,ast,2.5,1.8605,0.6395,0.2875,0.2878966770819864,1.0,1.0
KXNBAAST-26APR03TORMEM-TORJPOELTL19-4,2026-04-03,ast,3.5,1.8605,1.6395,0.127,0.1329173609667128,1.0,1.0
KXNBAAST-26APR03TORMEM-TORJPOELTL19-6,2026-04-03,ast,5.5,1.8605,3.6395,0.0165,0.020113556639373975,0.0,1.0
KXNBAAST-26APR03TORMEM-TORJPOELTL19-8,2026-04-03,ast,7.5,1.8605,5.6395,0.00175,0.002190072152604694,0.0,1.0
KXNBAAST-26APR03TORMEM-TORRBARRETT9-10,2026-04-03,ast,9.5,3.0485,6.451499999999999,0.00225,0.004978263073958766,0.0,1.0
KXNBAAST-26APR03TORMEM-TORRBARRETT9-2,2026-04-03,ast,1.5,3.0485,-1.5485000000000002,0.794,0.7694819959537433,1.0,1.0
KXNBAAST-26APR03TORMEM-TORRBARRETT9-4,2026-04-03,ast,3.5,3.0485,0.4514999999999998,0.367,0.36121069937242434,1.0,1.0
KXNBAAST-26APR03TORMEM-TORRBARRETT9-6,2026-04-03,ast,5.5,3.0485,2.4515,0.095,0.11320233371065347,0.0,1.0
KXNBAAST-26APR03TORMEM-TORRBARRETT9-8,2026-04-03,ast,7.5,3.0485,4.451499999999999,0.02025,0.026451442418464977,0.0,1.0
KXNBAAST-26APR03TORMEM-TORSBARNES4-10,2026-04-03,ast,9.5,5.135,4.365,0.0455,0.07017560295660097,0.0,1.0
KXNBAAST-26APR03TORMEM-TORSBARNES4-12,2026-04-03,ast,11.5,5.135,6.365,0.01125,0.023115357055457975,0.0,1.0
KXNBAAST-26APR03TORMEM-TORSBARNES4-6,2026-04-03,ast,5.5,5.135,0.3650000000000002,0.407,0.40133329932123274,1.0,1.0
KXNBAAST-26APR03TORMEM-TORSBARNES4-8,2026-04-03,ast,7.5,5.135,2.365,0.14875,0.18396355993878843,0.0,1.0
KXNBAAST-26APR03TORMEM-TORSBARNES4-9,2026-04-03,ast,8.5,5.135,3.365,0.0885,0.11596724013425752,0.0,1.0
KXNBA3PT-26APR03TORMEM-TORSBARNES4-1,2026-04-03,fg3m,0.5,0.76125,-0.26125,0.5285,0.5159859347330582,0.0,1.0
KXNBA3PT-26APR03TORMEM-TORSBARNES4-2,2026-04-03,fg3m,1.5,0.76125,0.73875,0.1815,0.1809420592284512,0.0,1.0
KXNBA3PT-26APR03TORMEM-TORSBARNES4-3,2026-04-03,fg3m,2.5,0.76125,1.73875,0.0415,0.0497891301825274,0.0,1.0
KXNBA3PT-26APR03TORMEM-TORSBARNES4-4,2026-04-03,fg3m,3.5,0.76125,2.73875,0.00875,0.011598238742109857,0.0,1.0
KXNBA3PT-26APR03TORMEM-TORSBARNES4-5,2026-04-03,fg3m,4.5,0.76125,3.73875,0.00075,0.002391737373047653,0.0,1.0
KXNBAPTS-26APR03BOSMIL-BOSDWHITE9-10,2026-04-03,pts,9.5,13.59675,-4.09675,0.734,0.706727933068013,1.0,1.0
KXNBAPTS-26APR03BOSMIL-BOSDWHITE9-15,2026-04-03,pts,14.5,13.59675,0.9032499999999999,0.41275,0.39321097607620703,1.0,1.0
KXNBAPTS-26APR03BOSMIL-BOSDWHITE9-20,2026-04-03,pts,19.5,13.59675,5.90325,0.16325,0.17391957779542222,0.0,1.0
KXNBAPTS-26APR03BOSMIL-BOSDWHITE9-25,2026-04-03,pts,24.5,13.59675,10.90325,0.04425,0.06495305317054578,0.0,1.0
KXNBAPTS-26APR03BOSMIL-BOSJBROWN7-20,2026-04-03,pts,19.5,24.46975,-4.969750000000001,0.72325,0.6351127899925012,1.0,1.0
KXNBAPTS-26APR03BOSMIL-BOSJBROWN7-25,2026-04-03,pts,24.5,24.46975,0.030249999999998778,0.478,0.44513777088932405,1.0,1.0
KXNBAPTS-26APR03BOSMIL-BOSJBROWN7-30,2026-04-03,pts,29.5,24.46975,5.030249999999999,0.25425,0.28594972404444996,0.0,1.0
KXNBAPTS-26APR03BOSMIL-BOSJBROWN7-35,2026-04-03,pts,34.5,24.46975,10.030249999999999,0.1055,0.17080544964387,0.0,1.0
KXNBAPTS-26APR03BOSMIL-BOSJTATUM0-20,2026-04-03,pts,19.5,20.131,-0.6310000000000002,0.51325,0.4732776650207079,1.0,1.0
KXNBAPTS-26APR03BOSMIL-BOSJTATUM0-25,2026-04-03,pts,24.5,20.131,4.369,0.27275,0.281246645770879,0.0,1.0
KXNBAPTS-26APR03BOSMIL-BOSJTATUM0-30,2026-04-03,pts,29.5,20.131,9.369,0.1105,0.1508890981148715,0.0,1.0
KXNBAPTS-26APR03BOSMIL-BOSJTATUM0-35,2026-04-03,pts,34.5,20.131,14.369,0.035,0.07456781703995896,0.0,1.0
KXNBAPTS-26APR03BOSMIL-BOSNQUETA88-10,2026-04-03,pts,9.5,9.097,0.40300000000000047,0.4335,0.41171519834593917,1.0,1.0
KXNBAPTS-26APR03BOSMIL-BOSNQUETA88-15,2026-04-03,pts,14.5,9.097,5.4030000000000005,0.1355,0.12860851936225803,1.0,1.0
KXNBAPTS-26APR03BOSMIL-BOSNQUETA88-20,2026-04-03,pts,19.5,9.097,10.403,0.02775,0.02988916497940064,0.0,1.0
KXNBAPTS-26APR03BOSMIL-BOSNQUETA88-25,2026-04-03,pts,24.5,9.097,15.403,0.00425,0.005688847618383175,0.0,1.0
KXNBAPTS-26APR03BOSMIL-BOSPPRITCHARD11-10,2026-04-03,pts,9.5,14.52925,-5.029249999999999,0.757,0.7477925190792253,1.0,1.0
KXNBAPTS-26APR03BOSMIL-BOSPPRITCHARD11-15,2026-04-03,pts,14.5,14.52925,-0.029249999999999332,0.4605,0.4472911304633974,1.0,1.0
KXNBAPTS-26APR03BOSMIL-BOSPPRITCHARD11-20,2026-04-03,pts,19.5,14.52925,4.970750000000001,0.22025,0.21544125071943587,0.0,1.0
KXNBAPTS-26APR03BOSMIL-BOSPPRITCHARD11-25,2026-04-03,pts,24.5,14.52925,9.97075,0.08125,0.08817450573996466,0.0,1.0
KXNBAPTS-26APR03BOSMIL-BOSSHAUSER30-10,2026-04-03,pts,9.5,8.42225,1.07775,0.37025,0.3545724314019171,1.0,1.0
KXNBAPTS-26APR03BOSMIL-BOSSHAUSER30-15,2026-04-03,pts,14.5,8.42225,6.07775,0.12325,0.0964333741174146,0.0,1.0
KXNBAPTS-26APR03BOSMIL-BOSSHAUSER30-20,2026-04-03,pts,19.5,8.42225,11.07775,0.025,0.019313811593760444,0.0,1.0
KXNBAPTS-26APR03BOSMIL-MILKKUZMA18-10,2026-04-03,pts,9.5,11.930012350761631,-2.430012350761631,0.6138328530259366,0.6169045074062665,1.0,0.60725
KXNBAPTS-26APR03BOSMIL-MILKKUZMA18-15,2026-04-03,pts,14.5,11.930012350761631,2.569987649238369,0.31864965006175383,0.29207961728615517,0.0,0.60725
KXNBAPTS-26APR03BOSMIL-MILKKUZMA18-20,2026-04-03,pts,19.5,11.930012350761631,7.569987649238369,0.11856731165088513,0.10734147706458219,0.0,0.60725
KXNBAPTS-26APR03BOSMIL-MILKKUZMA18-25,2026-04-03,pts,24.5,11.930012350761631,12.569987649238369,0.03293536434746809,0.03293258860273662,0.0,0.60725
KXNBAPTS-26APR03BOSMIL-MILMTURNER3-10,2026-04-03,pts,9.5,10.392798013245033,-0.8927980132450326,0.515728476821192,0.5135497165988321,0.0,0.604
KXNBAPTS-26APR03BOSMIL-MILMTURNER3-15,2026-04-03,pts,14.5,10.392798013245033,4.107201986754967,0.21937086092715233,0.19951891812604783,0.0,0.604
KXNBAPTS-26APR03BOSMIL-MILMTURNER3-20,2026-04-03,pts,19.5,10.392798013245033,9.107201986754967,0.06829470198675497,0.05881160033777022,0.0,0.604
KXNBAREB-26APR03BOSMIL-BOSJBROWN7-10,2026-04-03,reb,9.5,6.2075,3.2925000000000004,0.11625,0.14658562655393725,0.0,1.0
KXNBAREB-26APR03BOSMIL-BOSJBROWN7-12,2026-04-03,reb,11.5,6.2075,5.2925,0.03325,0.061536213260848904,0.0,1.0
KXNBAREB-26APR03BOSMIL-BOSJBROWN7-6,2026-04-03,reb,5.5,6.2075,-0.7074999999999996,0.5785,0.5438045989051401,0.0,1.0
KXNBAREB-26APR03BOSMIL-BOSJBROWN7-7,2026-04-03,reb,6.5,6.2075,0.2925000000000004,0.42375,0.41700458274270646,0.0,1.0
KXNBAREB-26APR03BOSMIL-BOSJBROWN7-8,2026-04-03,reb,7.5,6.2075,1.2925000000000004,0.29125,0.30598183230102416,0.0,1.0
KXNBAREB-26APR03BOSMIL-BOSJTATUM0-10,2026-04-03,reb,9.5,7.21,2.29,0.20125,0.23495961600691584,1.0,1.0
KXNBAREB-26APR03BOSMIL-BOSJTATUM0-12,2026-04-03,reb,11.5,7.21,4.29,0.07675,0.11580034365358838,0.0,1.0
KXNBAREB-26APR03BOSMIL-BOSJTATUM0-6,2026-04-03,reb,5.5,7.21,-1.71,0.7045,0.6550203086995565,1.0,1.0
KXNBAREB-26APR03BOSMIL-BOSJTATUM0-8,2026-04-03,reb,7.5,7.21,0.29000000000000004,0.42875,0.4217381310173779,1.0,1.0
KXNBAREB-26APR03BOSMIL-BOSJTATUM0-9,2026-04-03,reb,8.5,7.21,1.29,0.30025,0.32008741404411734,1.0,1.0
KXNBAREB-26APR03BOSMIL-BOSNQUETA88-10,2026-04-03,reb,9.5,7.2285,2.2714999999999996,0.21675,0.23669776591542002,1.0,1.0
KXNBAREB-26APR03BOSMIL-BOSNQUETA88-12,2026-04-03,reb,11.5,7.2285,4.2715,0.086,0.11696252800936291,0.0,1.0
KXNBAREB-26APR03BOSMIL-BOSNQUETA88-6,2026-04-03,reb,5.5,7.2285,-1.7285000000000004,0.69,0.6568501269870908,1.0,1.0
KXNBAREB-26APR03BOSMIL-BOSNQUETA88-8,2026-04-03,reb,7.5,7.2285,0.27149999999999963,0.4385,0.4238232739788309,1.0,1.0
KXNBAREB-26APR03BOSMIL-BOSNQUETA88-9,2026-04-03,reb,8.5,7.2285,1.2714999999999996,0.3215,0.3220533771756954,1.0,1.0
KXNBAREB-26APR03BOSMIL-BOSPPRITCHARD11-10,2026-04-03,reb,9.5,3.3405,6.1594999999999995,0.00425,0.008850506847780881,0.0,1.0
KXNBAREB-26APR03BOSMIL-BOSPPRITCHARD11-2,2026-04-03,reb,1.5,3.3405,-1.8405,0.83175,0.8045165744912208,1.0,1.0
KXNBAREB-26APR03BOSMIL-BOSPPRITCHARD11-4,2026-04-03,reb,3.5,3.3405,0.15949999999999998,0.42775,0.4173121097783139,0.0,1.0
KXNBAREB-26APR03BOSMIL-BOSPPRITCHARD11-6,2026-04-03,reb,5.5,3.3405,2.1595,0.13175,0.14882175399915631,0.0,1.0
KXNBAREB-26APR03BOSMIL-BOSPPRITCHARD11-8,2026-04-03,reb,7.5,3.3405,4.1594999999999995,0.02475,0.04022531898325621,0.0,1.0
KXNBAREB-26APR03BOSMIL-MILKKUZMA18-10,2026-04-03,reb,9.5,3.899958830794566,5.600041169205435,0.015644298065047343,0.020221036669149095,0.0,0.60725
KXNBAREB-26APR03BOSMIL-MILKKUZMA18-2,2026-04-03,reb,1.5,3.899958830794566,-2.399958830794566,0.8657883902840675,0.8594413374315452,1.0,0.60725
KXNBAREB-26APR03BOSMIL-MILKKUZMA18-4,2026-04-03,reb,3.5,3.899958830794566,-0.39995883079456584,0.5351996706463565,0.5178549444093641,1.0,0.60725
KXNBAREB-26APR03BOSMIL-MILKKUZMA18-6,2026-04-03,reb,5.5,3.899958830794566,1.6000411692054342,0.21572663647591603,0.22314143629754302,1.0,0.60725
KXNBAREB-26APR03BOSMIL-MILKKUZMA18-8,2026-04-03,reb,7.5,3.899958830794566,3.600041169205434,0.06957595718402634,0.07414093986514492,0.0,0.60725
KXNBAREB-26APR03BOSMIL-MILMTURNER3-2,2026-04-03,reb,1.5,4.492135761589404,-2.992135761589404,0.9159768211920529,0.9004258051305363,0.0,0.604
KXNBAREB-26APR03BOSMIL-MILMTURNER3-4,2026-04-03,reb,3.5,4.492135761589404,-0.9921357615894042,0.6374172185430463,0.6107692614631974,0.0,0.604
KXNBAREB-26APR03BOSMIL-MILMTURNER3-5,2026-04-03,reb,4.5,4.492135761589404,0.007864238410595803,0.4586092715231788,0.44877782697142,0.0,0.604
KXNBAREB-26APR03BOSMIL-MILMTURNER3-6,2026-04-03,reb,5.5,4.492135761589404,1.0078642384105958,0.30132450331125826,0.30811397310532807,0.0,0.604
KXNBAREB-26APR03BOSMIL-MILMTURNER3-8,2026-04-03,reb,7.5,4.492135761589404,3.007864238410596,0.10347682119205298,0.12206852536666779,0.0,0.604
KXNBAAST-26APR03BOSMIL-BOSDWHITE9-2,2026-04-03,ast,1.5,4.417,-2.917,0.9305,0.8979175403633329,1.0,1.0
KXNBAAST-26APR03BOSMIL-BOSDWHITE9-4,2026-04-03,ast,3.5,4.417,-0.9169999999999998,0.638,0.6016774109842439,1.0,1.0
KXNBAAST-26APR03BOSMIL-BOSDWHITE9-5,2026-04-03,ast,4.5,4.417,0.08300000000000018,0.44725,0.43764002235343236,1.0,1.0
KXNBAAST-26APR03BOSMIL-BOSDWHITE9-6,2026-04-03,ast,5.5,4.417,1.0830000000000002,0.286,0.29671284574148304,0.0,1.0
KXNBAAST-26APR03BOSMIL-BOSDWHITE9-8,2026-04-03,ast,7.5,4.417,3.083,0.0865,0.11390639549463377,0.0,1.0
KXNBAAST-26APR03BOSMIL-BOSJBROWN7-10,2026-04-03,ast,9.5,4.89075,4.60925,0.03025,0.05703539723561568,0.0,1.0
KXNBAAST-26APR03BOSMIL-BOSJBROWN7-2,2026-04-03,ast,1.5,4.89075,-3.3907499999999997,0.95375,0.9225616301076003,1.0,1.0
KXNBAAST-26APR03BOSMIL-BOSJBROWN7-4,2026-04-03,ast,3.5,4.89075,-1.3907499999999997,0.70925,0.6671863087034153,1.0,1.0
KXNBAAST-26APR03BOSMIL-BOSJBROWN7-6,2026-04-03,ast,5.5,4.89075,0.6092500000000003,0.37425,0.36605178131830884,0.0,1.0
KXNBAAST-26APR03BOSMIL-BOSJBROWN7-8,2026-04-03,ast,7.5,4.89075,2.6092500000000003,0.127,0.15870748511472077,0.0,1.0
KXNBAAST-26APR03BOSMIL-BOSJTATUM0-2,2026-04-03,ast,1.5,4.77925,-3.27925,0.94325,0.9173877082900367,1.0,1.0
KXNBAAST-26APR03BOSMIL-BOSJTATUM0-4,2026-04-03,ast,3.5,4.77925,-1.2792500000000002,0.69475,0.6526380865034602,1.0,1.0
KXNBAAST-26APR03BOSMIL-BOSJTATUM0-5,2026-04-03,ast,4.5,4.77925,-0.2792500000000002,0.524,0.49390335902370175,1.0,1.0
KXNBAAST-26APR03BOSMIL-BOSJTATUM0-6,2026-04-03,ast,5.5,4.77925,0.7207499999999998,0.34725,0.349789016435605,1.0,1.0
KXNBAAST-26APR03BOSMIL-BOSJTATUM0-8,2026-04-03,ast,7.5,4.77925,2.72075,0.1125,0.1476280154585946,1.0,1.0
KXNBAAST-26APR03BOSMIL-BOSPPRITCHARD11-2,2026-04-03,ast,1.5,4.107,-2.607,0.8975,0.8774472353745033,1.0,1.0
KXNBAAST-26APR03BOSMIL-BOSPPRITCHARD11-4,2026-04-03,ast,3.5,4.107,-0.6070000000000002,0.5695,0.553542679502526,1.0,1.0
KXNBAAST-26APR03BOSMIL-BOSPPRITCHARD11-5,2026-04-03,ast,4.5,4.107,0.3929999999999998,0.39525,0.38727080586239115,1.0,1.0
KXNBAAST-26APR03BOSMIL-BOSPPRITCHARD11-6,2026-04-03,ast,5.5,4.107,1.3929999999999998,0.24525,0.25167852818034153,1.0,1.0
KXNBAAST-26APR03BOSMIL-BOSPPRITCHARD11-8,2026-04-03,ast,7.5,4.107,3.393,0.0735,0.08820688171141478,0.0,1.0
KXNBAAST-26APR03BOSMIL-MILMTURNER3-10,2026-04-03,ast,9.5,1.4155629139072847,8.084437086092715,0.0,2.398664937031114e-05,0.0,0.604
KXNBAAST-26APR03BOSMIL-MILMTURNER3-2,2026-04-03,ast,1.5,1.4155629139072847,0.08443708609271527,0.4056291390728477,0.4045917396236036,0.0,0.604
KXNBAAST-26APR03BOSMIL-MILMTURNER3-4,2026-04-03,ast,3.5,1.4155629139072847,2.0844370860927155,0.057947019867549666,0.0665359200982989,0.0,0.604
KXNBAAST-26APR03BOSMIL-MILMTURNER3-6,2026-04-03,ast,5.5,1.4155629139072847,4.0844370860927155,0.004552980132450331,0.00643898920576691,0.0,0.604
KXNBAAST-26APR03BOSMIL-MILMTURNER3-8,2026-04-03,ast,7.5,1.4155629139072847,6.0844370860927155,0.0,0.0004428054834519912,0.0,0.604
KXNBA3PT-26APR03BOSMIL-BOSDWHITE9-1,2026-04-03,fg3m,0.5,2.10725,-1.60725,0.87925,0.8444570505323771,1.0,1.0
KXNBA3PT-26APR03BOSMIL-BOSDWHITE9-2,2026-04-03,fg3m,1.5,2.10725,-0.6072500000000001,0.61825,0.5875956857888408,1.0,1.0
KXNBA3PT-26APR03BOSMIL-BOSDWHITE9-3,2026-04-03,fg3m,2.5,2.10725,0.39274999999999993,0.34825,0.3477235231329844,1.0,1.0
KXNBA3PT-26APR03BOSMIL-BOSDWHITE9-4,2026-04-03,fg3m,3.5,2.10725,1.39275,0.1655,0.18108845376551663,1.0,1.0
KXNBA3PT-26APR03BOSMIL-BOSDWHITE9-5,2026-04-03,fg3m,4.5,2.10725,2.39275,0.06975,0.08525746096038445,1.0,1.0
KXNBA3PT-26APR03BOSMIL-BOSJBROWN7-1,2026-04-03,fg3m,0.5,1.7165,-1.2165,0.82475,0.7873916708952041,1.0,1.0
KXNBA3PT-26APR03BOSMIL-BOSJBROWN7-2,2026-04-03,fg3m,1.5,1.7165,-0.21649999999999991,0.513,0.48944598731515676,1.0,1.0
KXNBA3PT-26APR03BOSMIL-BOSJBROWN7-3,2026-04-03,fg3m,2.5,1.7165,0.7835000000000001,0.24225,0.2533293818077236,0.0,1.0
KXNBA3PT-26APR03BOSMIL-BOSJBROWN7-4,2026-04-03,fg3m,3.5,1.7165,1.7835,0.09575,0.11413508064738087,0.0,1.0
KXNBA3PT-26APR03BOSMIL-BOSJBROWN7-5,2026-04-03,fg3m,4.5,1.7165,2.7835,0.03025,0.04620386230293372,0.0,1.0
KXNBA3PT-26APR03BOSMIL-BOSJTATUM0-2,2026-04-03,fg3m,1.5,2.6145,-1.1145,0.731,0.6888225609554846,1.0,1.0
KXNBA3PT-26APR03BOSMIL-BOSJTATUM0-3,2026-04-03,fg3m,2.5,2.6145,-0.11450000000000005,0.48725,0.46239052273483594,1.0,1.0
KXNBA3PT-26APR03BOSMIL-BOSJTATUM0-4,2026-04-03,fg3m,3.5,2.6145,0.8855,0.271,0.2768877140616629,1.0,1.0
KXNBA3PT-26APR03BOSMIL-BOSJTATUM0-5,2026-04-03,fg3m,4.5,2.6145,1.8855,0.122,0.1510774342564406,0.0,1.0
KXNBA3PT-26APR03BOSMIL-BOSJTATUM0-6,2026-04-03,fg3m,5.5,2.6145,2.8855,0.0545,0.07639721154300982,0.0,1.0
KXNBA3PT-26APR03BOSMIL-BOSPPRITCHARD11-2,2026-04-03,fg3m,1.5,2.33175,-0.83175,0.65375,0.6358204938518601,1.0,1.0
KXNBA3PT-26APR03BOSMIL-BOSPPRITCHARD11-3,2026-04-03,fg3m,2.5,2.33175,0.16825,0.415,0.4000005801842388,0.0,1.0
KXNBA3PT-26APR03BOSMIL-BOSPPRITCHARD11-4,2026-04-03,fg3m,3.5,2.33175,1.16825,0.2155,0.22281138243066967,0.0,1.0
KXNBA3PT-26APR03BOSMIL-BOSPPRITCHARD11-5,2026-04-03,fg3m,4.5,2.33175,2.16825,0.09975,0.11259477662248252,0.0,1.0
KXNBA3PT-26APR03BOSMIL-BOSPPRITCHARD11-6,2026-04-03,fg3m,5.5,2.33175,3.16825,0.03675,0.05259071328858722,0.0,1.0
KXNBAPTS-26APR03CHINYK-CHIIOKORO35-10,2026-04-03,pts,9.5,8.77475,0.7252500000000008,0.39775,0.3846913507245714,0.0,1.0
KXNBAPTS-26APR03CHINYK-CHIIOKORO35-15,2026-04-03,pts,14.5,8.77475,5.725250000000001,0.1295,0.1127514395534982,0.0,1.0
KXNBAPTS-26APR03CHINYK-CHIIOKORO35-20,2026-04-03,pts,19.5,8.77475,10.72525,0.03275,0.024466786775296123,0.0,1.0
KXNBAPTS-26APR03CHINYK-CHIIOKORO35-25,2026-04-03,pts,24.5,8.77475,15.72525,0.00575,0.004338771169447919,0.0,1.0
KXNBAPTS-26APR03CHINYK-CHIMBUZELIS14-15,2026-04-03,pts,14.5,15.202,-0.702,0.50525,0.4845501797223736,0.0,1.0
KXNBAPTS-26APR03CHINYK-CHIMBUZELIS14-20,2026-04-03,pts,19.5,15.202,4.298,0.25075,0.2465414258709765,0.0,1.0
KXNBAPTS-26APR03CHINYK-CHIMBUZELIS14-25,2026-04-03,pts,24.5,15.202,9.298,0.09275,0.10707439312352485,0.0,1.0
KXNBAPTS-26APR03CHINYK-CHIMBUZELIS14-30,2026-04-03,pts,29.5,15.202,14.298,0.03,0.04123815541911802,0.0,1.0
KXNBAPTS-26APR03CHINYK-NYKJBRUNSON11-20,2026-04-03,pts,19.5,22.760486577181208,-3.260486577181208,0.6417785234899329,0.5769554823944165,0.0,0.596
KXNBAPTS-26APR03CHINYK-NYKJBRUNSON11-25,2026-04-03,pts,24.5,22.760486577181208,1.739513422818792,0.38926174496644295,0.3822017472061767,0.0,0.596
KXNBAPTS-26APR03CHINYK-NYKJBRUNSON11-30,2026-04-03,pts,29.5,22.760486577181208,6.739513422818792,0.200503355704698,0.23070945960140143,0.0,0.596
KXNBAPTS-26APR03CHINYK-NYKJBRUNSON11-35,2026-04-03,pts,34.5,22.760486577181208,11.739513422818792,0.0776006711409396,0.12901869077008987,0.0,0.596
KXNBAPTS-26APR03CHINYK-NYKJHART3-10,2026-04-03,pts,9.5,11.88525,-2.385249999999999,0.63025,0.6141787987070061,0.0,1.0
KXNBAPTS-26APR03CHINYK-NYKJHART3-15,2026-04-03,pts,14.5,11.88525,2.614750000000001,0.30425,0.2893353895731904,0.0,1.0
KXNBAPTS-26APR03CHINYK-NYKJHART3-20,2026-04-03,pts,19.5,11.88525,7.614750000000001,0.10075,0.10573210989271176,0.0,1.0
KXNBAPTS-26APR03CHINYK-NYKJHART3-25,2026-04-03,pts,24.5,11.88525,12.61475,0.022,0.03224568462651056,0.0,1.0
KXNBAPTS-26APR03CHINYK-NYKMBRIDGES25-10,2026-04-03,pts,9.5,13.44825,-3.94825,0.7205,0.6996108882042136,1.0,1.0
KXNBAPTS-26APR03CHINYK-NYKMBRIDGES25-15,2026-04-03,pts,14.5,13.44825,1.0517500000000002,0.4005,0.38438031666895767,0.0,1.0
KXNBAPTS-26APR03CHINYK-NYKMBRIDGES25-20,2026-04-03,pts,19.5,13.44825,6.05175,0.1655,0.16753708754427432,0.0,1.0
KXNBAPTS-26APR03CHINYK-NYKMBRIDGES25-25,2026-04-03,pts,24.5,13.44825,11.05175,0.0475,0.061595658534369324,0.0,1.0
KXNBAPTS-26APR03CHINYK-NYKMROBINSON23-10,2026-04-03,pts,9.5,6.28125,3.21875,0.20903716216216217,0.17142457513799203,1.0,0.592
KXNBAPTS-26APR03CHINYK-NYKMROBINSON23-15,2026-04-03,pts,14.5,6.28125,8.21875,0.04560810810810811,0.025362159577105414,1.0,0.592
KXNBAPTS-26APR03CHINYK-NYKMROBINSON23-20,2026-04-03,pts,19.5,6.28125,13.21875,0.005489864864864865,0.002675314207857271,0.0,0.592
KXNBAPTS-26APR03CHINYK-NYKOANUNOBY8-10,2026-04-03,pts,9.5,17.16725,-7.667249999999999,0.86775,0.8350764069300288,1.0,1.0
KXNBAPTS-26APR03CHINYK-NYKOANUNOBY8-15,2026-04-03,pts,14.5,17.16725,-2.6672499999999992,0.62625,0.5832418467814303,1.0,1.0
KXNBAPTS-26APR03CHINYK-NYKOANUNOBY8-20,2026-04-03,pts,19.5,17.16725,2.3327500000000008,0.3525,0.339355495518477,1.0,1.0
KXNBAPTS-26APR03CHINYK-NYKOANUNOBY8-25,2026-04-03,pts,24.5,17.16725,7.332750000000001,0.14725,0.17075082757826077,1.0,1.0
KXNBAREB-26APR03CHINYK-CHIMBUZELIS14-10,2026-04-03,reb,9.5,5.26875,4.23125,0.0585,0.0796186328149121,0.0,1.0
KXNBAREB-26APR03CHINYK-CHIMBUZELIS14-12,2026-04-03,reb,11.5,5.26875,6.23125,0.0145,0.027584959129214326,0.0,1.0
KXNBAREB-26APR03CHINYK-CHIMBUZELIS14-6,2026-04-03,reb,5.5,5.26875,0.23125000000000018,0.4275,0.41984034294371264,1.0,1.0
KXNBAREB-26APR03CHINYK-CHIMBUZELIS14-7,2026-04-03,reb,6.5,5.26875,1.2312500000000002,0.2925,0.29670712485350403,0.0,1.0
KXNBAREB-26APR03CHINYK-CHIMBUZELIS14-8,2026-04-03,reb,7.5,5.26875,2.23125,0.18425,0.1996473220828049,0.0,1.0
KXNBAREB-26APR03CHINYK-NYKJBRUNSON11-10,2026-04-03,reb,9.5,3.471476510067114,6.028523489932886,0.0037751677852348995,0.010946487228909785,0.0,0.596
KXNBAREB-26APR03CHINYK-NYKJBRUNSON11-2,2026-04-03,reb,1.5,3.471476510067114,-1.9714765100671139,0.8565436241610739,0.8190906317502411,0.0,0.596
KXNBAREB-26APR03CHINYK-NYKJBRUNSON11-4,2026-04-03,reb,3.5,3.471476510067114,0.028523489932886115,0.46560402684563756,0.4418170285097768,0.0,0.596
KXNBAREB-26APR03CHINYK-NYKJBRUNSON11-6,2026-04-03,reb,5.5,3.471476510067114,2.028523489932886,0.14052013422818793,0.16539195270293394,0.0,0.596
KXNBAREB-26APR03CHINYK-NYKJBRUNSON11-8,2026-04-03,reb,7.5,3.471476510067114,4.028523489932886,0.026006711409395974,0.04711478797556412,0.0,0.596
KXNBAREB-26APR03CHINYK-NYKJHART3-10,2026-04-03,reb,9.5,7.14975,2.35025,0.2075,0.22931880125846715,1.0,1.0
KXNBAREB-26APR03CHINYK-NYKJHART3-12,2026-04-03,reb,11.5,7.14975,4.35025,0.07875,0.11205280738863022,0.0,1.0
KXNBAREB-26APR03CHINYK-NYKJHART3-4,2026-04-03,reb,3.5,7.14975,-3.64975,0.90125,0.8618172519689271,1.0,1.0
KXNBAREB-26APR03CHINYK-NYKJHART3-6,2026-04-03,reb,5.5,7.14975,-1.64975,0.6905,0.6490052522697243,1.0,1.0
KXNBAREB-26APR03CHINYK-NYKJHART3-8,2026-04-03,reb,7.5,7.14975,0.35024999999999995,0.424,0.41492765578212876,1.0,1.0
KXNBAREB-26APR03CHINYK-NYKMBRIDGES25-10,2026-04-03,reb,9.5,3.4185,6.0815,0.006,0.010060364578385883,0.0,1.0
KXNBAREB-26APR03CHINYK-NYKMBRIDGES25-2,2026-04-03,reb,1.5,3.4185,-1.9184999999999999,0.8375,0.8133341127517099,1.0,1.0
KXNBAREB-26APR03CHINYK-NYKMBRIDGES25-4,2026-04-03,reb,3.5,3.4185,0.08150000000000013,0.43775,0.4319686143042325,0.0,1.0
KXNBAREB-26APR03CHINYK-NYKMBRIDGES25-6,2026-04-03,reb,5.5,3.4185,2.0815,0.14425,0.1586175173002473,0.0,1.0
KXNBAREB-26APR03CHINYK-NYKMBRIDGES25-8,2026-04-03,reb,7.5,3.4185,4.0815,0.03325,0.04425019904753147,0.0,1.0
KXNBAREB-26APR03CHINYK-NYKMROBINSON23-10,2026-04-03,reb,9.5,7.07347972972973,2.42652027027027,0.22466216216216217,0.22222432887677745,1.0,0.592
KXNBAREB-26APR03CHINYK-NYKMROBINSON23-12,2026-04-03,reb,11.5,7.07347972972973,4.42652027027027,0.09712837837837837,0.1073921690574311,0.0,0.592
KXNBAREB-26APR03CHINYK-NYKMROBINSON23-14,2026-04-03,reb,13.5,7.07347972972973,6.42652027027027,0.02787162162162162,0.04680442902410864,0.0,0.592
KXNBAREB-26APR03CHINYK-NYKMROBINSON23-6,2026-04-03,reb,5.5,7.07347972972973,-1.5734797297297298,0.6600506756756757,0.6412680812812468,1.0,0.592
KXNBAREB-26APR03CHINYK-NYKMROBINSON23-8,2026-04-03,reb,7.5,7.07347972972973,0.4265202702702702,0.4028716216216216,0.4062652871793617,1.0,0.592
KXNBAREB-26APR03CHINYK-NYKOANUNOBY8-2,2026-04-03,reb,1.5,4.988,-3.4880000000000004,0.95425,0.9250432118761645,1.0,1.0
KXNBAREB-26APR03CHINYK-NYKOANUNOBY8-4,2026-04-03,reb,3.5,4.988,-1.4880000000000004,0.7135,0.6770506218220445,1.0,1.0
KXNBAREB-26APR03CHINYK-NYKOANUNOBY8-5,2026-04-03,reb,4.5,4.988,-0.48800000000000043,0.541,0.5233480538246622,1.0,1.0
KXNBAREB-26APR03CHINYK-NYKOANUNOBY8-6,2026-04-03,reb,5.5,4.988,0.5119999999999996,0.377,0.37998625611506764,1.0,1.0
KXNBAREB-26APR03CHINYK-NYKOANUNOBY8-8,2026-04-03,reb,7.5,4.988,2.5119999999999996,0.147,0.1700566522768614,1.0,1.0
KXNBAAST-26APR03CHINYK-CHIMBUZELIS14-10,2026-04-03,ast,9.5,1.8855,7.6145,0.0,0.0002080859828191839,0.0,1.0
KXNBAAST-26APR03CHINYK-CHIMBUZELIS14-2,2026-04-03,ast,1.5,1.8855,-0.38549999999999995,0.554,0.541665670430411,0.0,1.0
KXNBAAST-26APR03CHINYK-CHIMBUZELIS14-4,2026-04-03,ast,3.5,1.8855,1.6145,0.1285,0.1371650029548781,0.0,1.0
KXNBAAST-26APR03CHINYK-CHIMBUZELIS14-6,2026-04-03,ast,5.5,1.8855,3.6145,0.0145,0.02119978501682307,0.0,1.0
KXNBAAST-26APR03CHINYK-CHIMBUZELIS14-8,2026-04-03,ast,7.5,1.8855,5.6145,0.00075,0.002359356414447178,0.0,1.0
KXNBAAST-26APR03CHINYK-NYKJBRUNSON11-10,2026-04-03,ast,9.5,6.04488255033557,3.4551174496644297,0.09521812080536912,0.13187440483818746,1.0,0.596
KXNBAAST-26APR03CHINYK-NYKJBRUNSON11-12,2026-04-03,ast,11.5,6.04488255033557,5.45511744966443,0.02181208053691275,0.052901455865758784,0.0,0.596
KXNBAAST-26APR03CHINYK-NYKJBRUNSON11-4,2026-04-03,ast,3.5,6.04488255033557,-2.5448825503355703,0.8506711409395973,0.7888345142918316,1.0,0.596
KXNBAAST-26APR03CHINYK-NYKJBRUNSON11-6,2026-04-03,ast,5.5,6.04488255033557,-0.5448825503355703,0.5549496644295302,0.5251210861270396,1.0,0.596
KXNBAAST-26APR03CHINYK-NYKJBRUNSON11-8,2026-04-03,ast,7.5,6.04488255033557,1.4551174496644297,0.2651006711409396,0.28629749077907074,1.0,0.596
KXNBAAST-26APR03CHINYK-NYKJHART3-2,2026-04-03,ast,1.5,4.35075,-2.8507499999999997,0.914,0.8938644165648184,1.0,1.0
KXNBAAST-26APR03CHINYK-NYKJHART3-4,2026-04-03,ast,3.5,4.35075,-0.8507499999999997,0.62675,0.5917403291785268,1.0,1.0
KXNBAAST-26APR03CHINYK-NYKJHART3-5,2026-04-03,ast,4.5,4.35075,0.14925000000000033,0.4335,0.4270257128213829,0.0,1.0
KXNBAAST-26APR03CHINYK-NYKJHART3-6,2026-04-03,ast,5.5,4.35075,1.1492500000000003,0.271,0.2870277860254732,0.0,1.0
KXNBAAST-26APR03CHINYK-NYKJHART3-8,2026-04-03,ast,7.5,4.35075,3.1492500000000003,0.09225,0.10815377240187907,0.0,1.0
KXNBA3PT-26APR03CHINYK-NYKJBRUNSON11-1,2026-04-03,fg3m,0.5,2.2336409395973154,-1.7336409395973154,0.8821308724832215,0.8590351754450822,1.0,0.596
KXNBA3PT-26APR03CHINYK-NYKJBRUNSON11-2,2026-04-03,fg3m,1.5,2.2336409395973154,-0.7336409395973154,0.6501677852348994,0.6154462020289113,0.0,0.596
KXNBA3PT-26APR03CHINYK-NYKJBRUNSON11-3,2026-04-03,fg3m,2.5,2.2336409395973154,0.26635906040268464,0.3846476510067114,0.37741323811080196,0.0,0.596
KXNBA3PT-26APR03CHINYK-NYKJBRUNSON11-4,2026-04-03,fg3m,3.5,2.2336409395973154,1.2663590604026846,0.19253355704697986,0.2043829724756122,0.0,0.596
KXNBA3PT-26APR03CHINYK-NYKJBRUNSON11-5,2026-04-03,fg3m,4.5,2.2336409395973154,2.2663590604026846,0.08095637583892618,0.1002567604607505,0.0,0.596
KXNBA3PT-26APR03CHINYK-NYKJHART3-1,2026-04-03,fg3m,0.5,1.3985,-0.8985000000000001,0.756,0.723118264855344,0.0,1.0
KXNBA3PT-26APR03CHINYK-NYKJHART3-2,2026-04-03,fg3m,1.5,1.3985,0.10149999999999992,0.402,0.3958549440489051,0.0,1.0
KXNBA3PT-26APR03CHINYK-NYKJHART3-3,2026-04-03,fg3m,2.5,1.3985,1.1015,0.16575,0.17711254684454958,0.0,1.0
KXNBA3PT-26APR03CHINYK-NYKJHART3-4,2026-04-03,fg3m,3.5,1.3985,2.1014999999999997,0.05375,0.0683513213459358,0.0,1.0
KXNBA3PT-26APR03CHINYK-NYKJHART3-5,2026-04-03,fg3m,4.5,1.3985,3.1014999999999997,0.0175,0.02358326467041094,0.0,1.0
KXNBA3PT-26APR03CHINYK-NYKMBRIDGES25-1,2026-04-03,fg3m,0.5,1.72675,-1.22675,0.8125,0.7891624497479264,0.0,1.0
KXNBA3PT-26APR03CHINYK-NYKMBRIDGES25-2,2026-04-03,fg3m,1.5,1.72675,-0.22675,0.5085,0.49225943387779814,0.0,1.0
KXNBA3PT-26APR03CHINYK-NYKMBRIDGES25-3,2026-04-03,fg3m,2.5,1.72675,0.77325,0.2545,0.25582329092633493,0.0,1.0
KXNBA3PT-26APR03CHINYK-NYKMBRIDGES25-4,2026-04-03,fg3m,3.5,1.72675,1.77325,0.104,0.11576184232185838,0.0,1.0
KXNBA3PT-26APR03CHINYK-NYKMBRIDGES25-5,2026-04-03,fg3m,4.5,1.72675,2.77325,0.036,0.04707455160657836,0.0,1.0
KXNBA3PT-26APR03CHINYK-NYKOANUNOBY8-1,2026-04-03,fg3m,0.5,2.4615,-1.9615,0.91225,0.8815801623200301,1.0,1.0
KXNBA3PT-26APR03CHINYK-NYKOANUNOBY8-2,2026-04-03,fg3m,1.5,2.4615,-0.9615,0.70025,0.6611642692836652,1.0,1.0
KXNBA3PT-26APR03CHINYK-NYKOANUNOBY8-3,2026-04-03,fg3m,2.5,2.4615,0.03849999999999998,0.44375,0.42916107745017407,1.0,1.0
KXNBA3PT-26APR03CHINYK-NYKOANUNOBY8-4,2026-04-03,fg3m,3.5,2.4615,1.0385,0.24175,0.24750476054975712,1.0,1.0
KXNBA3PT-26APR03CHINYK-NYKOANUNOBY8-5,2026-04-03,fg3m,4.5,2.4615,2.0385,0.10225,0.1297549887232028,1.0,1.0
KXNBAPTS-26APR03MINPHI-MINDDIVINCENZO0-10,2026-04-03,pts,9.5,10.908,-1.4079999999999995,0.555,0.5504190198315665,1.0,1.0
KXNBAPTS-26APR03MINPHI-MINDDIVINCENZO0-15,2026-04-03,pts,14.5,10.908,3.5920000000000005,0.2435,0.22994808313016823,0.0,1.0
KXNBAPTS-26APR03MINPHI-MINDDIVINCENZO0-20,2026-04-03,pts,19.5,10.908,8.592,0.07325,0.07345005324412246,0.0,1.0
KXNBAPTS-26APR03MINPHI-MINDDIVINCENZO0-25,2026-04-03,pts,24.5,10.908,13.592,0.02075,0.019450159451246396,0.0,1.0
KXNBAPTS-26APR03MINPHI-MINJRANDLE30-15,2026-04-03,pts,14.5,17.60975,-3.1097499999999982,0.64975,0.6032402332440008,1.0,1.0
KXNBAPTS-26APR03MINPHI-MINJRANDLE30-20,2026-04-03,pts,19.5,17.60975,1.8902500000000018,0.36775,0.36012732802492253,1.0,1.0
KXNBAPTS-26APR03MINPHI-MINJRANDLE30-25,2026-04-03,pts,24.5,17.60975,6.890250000000002,0.16575,0.18645444312797887,0.0,1.0
KXNBAPTS-26APR03MINPHI-MINJRANDLE30-30,2026-04-03,pts,29.5,17.60975,11.890250000000002,0.05225,0.08636302468651447,0.0,1.0
KXNBAPTS-26APR03MINPHI-MINRGOBERT27-10,2026-04-03,pts,9.5,10.009,-0.5090000000000003,0.50825,0.4846776788870839,0.0,1.0
KXNBAPTS-26APR03MINPHI-MINRGOBERT27-15,2026-04-03,pts,14.5,10.009,4.491,0.17725,0.1775289655972523,0.0,1.0
KXNBAPTS-26APR03MINPHI-MINRGOBERT27-20,2026-04-03,pts,19.5,10.009,9.491,0.0405,0.04905165590395888,0.0,1.0
KXNBAPTS-26APR03MINPHI-PHIKOUBRE9-10,2026-04-03,pts,9.5,9.442,0.05799999999999983,0.455,0.4399811155743887,1.0,1.0
KXNBAPTS-26APR03MINPHI-PHIKOUBRE9-15,2026-04-03,pts,14.5,9.442,5.058,0.1655,0.1464737097468488,1.0,1.0
KXNBAPTS-26APR03MINPHI-PHIKOUBRE9-20,2026-04-03,pts,19.5,9.442,10.058,0.04575,0.03646948015165119,1.0,1.0
KXNBAPTS-26APR03MINPHI-PHIKOUBRE9-25,2026-04-03,pts,24.5,9.442,15.058,0.01025,0.007453631857377463,0.0,1.0
KXNBAPTS-26APR03MINPHI-PHIPGEORGE8-15,2026-04-03,pts,14.5,13.1735,1.3264999999999993,0.38425,0.36791389166333377,1.0,1.0
KXNBAPTS-26APR03MINPHI-PHIPGEORGE8-20,2026-04-03,pts,19.5,13.1735,6.326499999999999,0.1495,0.15592931828583145,1.0,1.0
KXNBAPTS-26APR03MINPHI-PHIPGEORGE8-25,2026-04-03,pts,24.5,13.1735,11.3265,0.044,0.055639837653019275,0.0,1.0
KXNBAPTS-26APR03MINPHI-PHIPGEORGE8-30,2026-04-03,pts,29.5,13.1735,16.3265,0.009,0.01747663882510453,0.0,1.0
KXNBAPTS-26APR03MINPHI-PHITMAXEY0-25,2026-04-03,pts,24.5,19.608,4.8919999999999995,0.25175,0.261117894050403,0.0,1.0
KXNBAPTS-26APR03MINPHI-PHITMAXEY0-30,2026-04-03,pts,29.5,19.608,9.892,0.103,0.13630862208919026,0.0,1.0
KXNBAPTS-26APR03MINPHI-PHITMAXEY0-35,2026-04-03,pts,34.5,19.608,14.892,0.02875,0.06546904025251665,0.0,1.0
KXNBAPTS-26APR03MINPHI-PHITMAXEY0-40,2026-04-03,pts,39.5,19.608,19.892,0.0065,0.029397315843193605,0.0,1.0
KXNBAPTS-26APR03MINPHI-PHIVEDGECOMBE77-10,2026-04-03,pts,9.5,12.05375,-2.553750000000001,0.641,0.6243512477687996,0.0,1.0
KXNBAPTS-26APR03MINPHI-PHIVEDGECOMBE77-15,2026-04-03,pts,14.5,12.05375,2.446249999999999,0.31575,0.2996677255508081,0.0,1.0
KXNBAPTS-26APR03MINPHI-PHIVEDGECOMBE77-20,2026-04-03,pts,19.5,12.05375,7.446249999999999,0.10875,0.11184554389218138,0.0,1.0
KXNBAPTS-26APR03MINPHI-PHIVEDGECOMBE77-25,2026-04-03,pts,24.5,12.05375,12.44625,0.0295,0.034878359686788096,0.0,1.0
KXNBAREB-26APR03MINPHI-MINDDIVINCENZO0-2,2026-04-03,reb,1.5,3.8375,-2.3375,0.8885,0.8541930702119698,0.0,1.0
KXNBAREB-26APR03MINPHI-MINDDIVINCENZO0-4,2026-04-03,reb,3.5,3.8375,-0.3374999999999999,0.535,0.5072031696373677,0.0,1.0
KXNBAREB-26APR03MINPHI-MINDDIVINCENZO0-5,2026-04-03,reb,4.5,3.8375,0.6625000000000001,0.34675,0.3423997064958708,0.0,1.0
KXNBAREB-26APR03MINPHI-MINDDIVINCENZO0-6,2026-04-03,reb,5.5,3.8375,1.6625,0.19575,0.21444924748611494,0.0,1.0
KXNBAREB-26APR03MINPHI-MINDDIVINCENZO0-8,2026-04-03,reb,7.5,3.8375,3.6625,0.0455,0.06978060909198591,0.0,1.0
KXNBAREB-26APR03MINPHI-MINJRANDLE30-10,2026-04-03,reb,9.5,5.91925,3.58075,0.0865,0.12405171790479841,0.0,1.0
KXNBAREB-26APR03MINPHI-MINJRANDLE30-12,2026-04-03,reb,11.5,5.91925,5.58075,0.023,0.04933967282490248,0.0,1.0
KXNBAREB-26APR03MINPHI-MINJRANDLE30-6,2026-04-03,reb,5.5,5.91925,-0.4192499999999999,0.53575,0.5075704852278624,1.0,1.0
KXNBAREB-26APR03MINPHI-MINJRANDLE30-7,2026-04-03,reb,6.5,5.91925,0.5807500000000001,0.381,0.3805364818833292,1.0,1.0
KXNBAREB-26APR03MINPHI-MINJRANDLE30-8,2026-04-03,reb,7.5,5.91925,1.58075,0.255,0.27257762858331447,0.0,1.0
KXNBAREB-26APR03MINPHI-MINRGOBERT27-10,2026-04-03,reb,9.5,9.7755,-0.2754999999999992,0.51475,0.48050380169595,1.0,1.0
KXNBAREB-26APR03MINPHI-MINRGOBERT27-12,2026-04-03,reb,11.5,9.7755,1.7245000000000008,0.289,0.31258913333293503,1.0,1.0
KXNBAREB-26APR03MINPHI-MINRGOBERT27-14,2026-04-03,reb,13.5,9.7755,3.724500000000001,0.135,0.18645649925573948,1.0,1.0
KXNBAREB-26APR03MINPHI-MINRGOBERT27-16,2026-04-03,reb,15.5,9.7755,5.724500000000001,0.05425,0.10312843653101922,1.0,1.0
KXNBAREB-26APR03MINPHI-MINRGOBERT27-8,2026-04-03,reb,7.5,9.7755,-2.275499999999999,0.73725,0.6697338260477932,1.0,1.0
KXNBAREB-26APR03MINPHI-PHIKOUBRE9-2,2026-04-03,reb,1.5,3.81975,-2.31975,0.86775,0.8526648108172323,1.0,1.0
KXNBAREB-26APR03MINPHI-PHIKOUBRE9-4,2026-04-03,reb,3.5,3.81975,-0.31975,0.51525,0.5041478309072496,1.0,1.0
KXNBAREB-26APR03MINPHI-PHIKOUBRE9-5,2026-04-03,reb,4.5,3.81975,0.68025,0.34375,0.33943955956101624,1.0,1.0
KXNBAREB-26APR03MINPHI-PHIKOUBRE9-6,2026-04-03,reb,5.5,3.81975,1.68025,0.20975,0.2119933818396541,0.0,1.0
KXNBAREB-26APR03MINPHI-PHIKOUBRE9-8,2026-04-03,reb,7.5,3.81975,3.68025,0.0585,0.06856717900771703,0.0,1.0
KXNBAREB-26APR03MINPHI-PHIPGEORGE8-10,2026-04-03,reb,9.5,4.6235,4.8765,0.02775,0.04566248966391173,0.0,1.0
KXNBAREB-26APR03MINPHI-PHIPGEORGE8-2,2026-04-03,reb,1.5,4.6235,-3.1235,0.9275,0.9076836221193041,1.0,1.0
KXNBAREB-26APR03MINPHI-PHIPGEORGE8-4,2026-04-03,reb,3.5,4.6235,-1.1235,0.66525,0.6293466214567034,1.0,1.0
KXNBAREB-26APR03MINPHI-PHIPGEORGE8-6,2026-04-03,reb,5.5,4.6235,0.8765000000000001,0.31925,0.3272345393470514,1.0,1.0
KXNBAREB-26APR03MINPHI-PHIPGEORGE8-8,2026-04-03,reb,7.5,4.6235,2.8765,0.1125,0.13416721215578387,0.0,1.0
KXNBAREB-26APR03MINPHI-PHIVEDGECOMBE77-10,2026-04-03,reb,9.5,4.61875,4.88125,0.02825,0.0454521933164197,0.0,1.0
KXNBAREB-26APR03MINPHI-PHIVEDGECOMBE77-2,2026-04-03,reb,1.5,4.61875,-3.1187500000000004,0.9325,0.9074311494730372,1.0,1.0
KXNBAREB-26APR03MINPHI-PHIVEDGECOMBE77-4,2026-04-03,reb,3.5,4.61875,-1.1187500000000004,0.66375,0.6286877963176888,0.0,1.0
KXNBAREB-26APR03MINPHI-PHIVEDGECOMBE77-6,2026-04-03,reb,5.5,4.61875,0.8812499999999996,0.325,0.32654333355697984,0.0,1.0
KXNBAREB-26APR03MINPHI-PHIVEDGECOMBE77-8,2026-04-03,reb,7.5,4.61875,2.8812499999999996,0.1085,0.13372144515539008,0.0,1.0
KXNBAAST-26APR03MINPHI-MINDDIVINCENZO0-10,2026-04-03,ast,9.5,2.96675,6.53325,0.00125,0.0042321789739022675,0.0,1.0
KXNBAAST-26APR03MINPHI-MINDDIVINCENZO0-2,2026-04-03,ast,1.5,2.96675,-1.4667500000000002,0.795,0.7579098871408626,0.0,1.0
KXNBAAST-26APR03MINPHI-MINDDIVINCENZO0-4,2026-04-03,ast,3.5,2.96675,0.5332499999999998,0.3405,0.3450532116531092,0.0,1.0
KXNBAAST-26APR03MINPHI-MINDDIVINCENZO0-6,2026-04-03,ast,5.5,2.96675,2.53325,0.08675,0.10423304033918024,0.0,1.0
KXNBAAST-26APR03MINPHI-MINDDIVINCENZO0-8,2026-04-03,ast,7.5,2.96675,4.53325,0.013,0.023416772789157547,0.0,1.0
KXNBAAST-26APR03MINPHI-MINJRANDLE30-2,2026-04-03,ast,1.5,3.79125,-2.29125,0.888,0.8521755865780448,1.0,1.0
KXNBAAST-26APR03MINPHI-MINJRANDLE30-4,2026-04-03,ast,3.5,3.79125,-0.2912499999999998,0.52025,0.5003387562495868,0.0,1.0
KXNBAAST-26APR03MINPHI-MINJRANDLE30-5,2026-04-03,ast,4.5,3.79125,0.7087500000000002,0.3355,0.3345870636098712,0.0,1.0
KXNBAAST-26APR03MINPHI-MINJRANDLE30-6,2026-04-03,ast,5.5,3.79125,1.7087500000000002,0.192,0.2071019327095267,0.0,1.0
KXNBAAST-26APR03MINPHI-MINJRANDLE30-8,2026-04-03,ast,7.5,3.79125,3.70875,0.045,0.06542085780567708,0.0,1.0
KXNBAAST-26APR03MINPHI-PHIPGEORGE8-10,2026-04-03,ast,9.5,3.1115,6.3885000000000005,0.00225,0.0056168634535110895,0.0,1.0
KXNBAAST-26APR03MINPHI-PHIPGEORGE8-2,2026-04-03,ast,1.5,3.1115,-1.6115,0.81325,0.778023289103296,1.0,1.0
KXNBAAST-26APR03MINPHI-PHIPGEORGE8-4,2026-04-03,ast,3.5,3.1115,0.38850000000000007,0.37375,0.373587562192655,1.0,1.0
KXNBAAST-26APR03MINPHI-PHIPGEORGE8-6,2026-04-03,ast,5.5,3.1115,2.3885,0.09825,0.12033237236141359,1.0,1.0
KXNBAAST-26APR03MINPHI-PHIPGEORGE8-8,2026-04-03,ast,7.5,3.1115,4.3885000000000005,0.01675,0.02895474462496117,0.0,1.0
KXNBAAST-26APR03MINPHI-PHITMAXEY0-10,2026-04-03,ast,9.5,5.03925,4.46075,0.03525,0.06484141089429973,0.0,1.0
KXNBAAST-26APR03MINPHI-PHITMAXEY0-12,2026-04-03,ast,11.5,5.03925,6.46075,0.00625,0.020857227122059507,0.0,1.0
KXNBAAST-26APR03MINPHI-PHITMAXEY0-6,2026-04-03,ast,5.5,5.03925,0.46075,0.38975,0.38757034660495004,1.0,1.0
KXNBAAST-26APR03MINPHI-PHITMAXEY0-7,2026-04-03,ast,6.5,5.03925,1.46075,0.2515,0.26642731653851204,1.0,1.0
KXNBAAST-26APR03MINPHI-PHITMAXEY0-8,2026-04-03,ast,7.5,5.03925,2.46075,0.14625,0.17391163203542503,1.0,1.0
KXNBAAST-26APR03MINPHI-PHIVEDGECOMBE77-2,2026-04-03,ast,1.5,3.2245,-1.7245,0.81925,0.7925586629865194,1.0,1.0
KXNBAAST-26APR03MINPHI-PHIVEDGECOMBE77-4,2026-04-03,ast,3.5,3.2245,0.2755000000000001,0.41325,0.3955858665736175,0.0,1.0
KXNBAAST-26APR03MINPHI-PHIVEDGECOMBE77-5,2026-04-03,ast,4.5,3.2245,1.2755,0.23075,0.23968742634472506,0.0,1.0
KXNBAAST-26APR03MINPHI-PHIVEDGECOMBE77-6,2026-04-03,ast,5.5,3.2245,2.2755,0.11625,0.13357029583586855,0.0,1.0
KXNBAAST-26APR03MINPHI-PHIVEDGECOMBE77-8,2026-04-03,ast,7.5,3.2245,4.2755,0.01925,0.03381057925768127,0.0,1.0
KXNBA3PT-26APR03MINPHI-PHITMAXEY0-1,2026-04-03,fg3m,0.5,2.1205,-1.6204999999999998,0.87475,0.8460627050383893,1.0,1.0
KXNBA3PT-26APR03MINPHI-PHITMAXEY0-2,2026-04-03,fg3m,1.5,2.1205,-0.6204999999999998,0.61875,0.5906019614581133,0.0,1.0
KXNBA3PT-26APR03MINPHI-PHITMAXEY0-3,2026-04-03,fg3m,2.5,2.1205,0.37950000000000017,0.358,0.35086383751328964,0.0,1.0
KXNBA3PT-26APR03MINPHI-PHITMAXEY0-4,2026-04-03,fg3m,3.5,2.1205,1.3795000000000002,0.16725,0.1835023512849292,0.0,1.0
KXNBA3PT-26APR03MINPHI-PHITMAXEY0-5,2026-04-03,fg3m,4.5,2.1205,2.3795,0.06925,0.08677997222653022,0.0,1.0
KXNBA3PT-26APR03MINPHI-PHIVEDGECOMBE77-1,2026-04-03,fg3m,0.5,1.39725,-0.8972500000000001,0.74325,0.7228255772231302,0.0,1.0
KXNBA3PT-26APR03MINPHI-PHIVEDGECOMBE77-2,2026-04-03,fg3m,1.5,1.39725,0.1027499999999999,0.402,0.39546382777643474,0.0,1.0
KXNBA3PT-26APR03MINPHI-PHIVEDGECOMBE77-3,2026-04-03,fg3m,2.5,1.39725,1.10275,0.17125,0.17682095580502355,0.0,1.0
KXNBA3PT-26APR03MINPHI-PHIVEDGECOMBE77-4,2026-04-03,fg3m,3.5,1.39725,2.10275,0.061,0.06819134970995866,0.0,1.0
KXNBA3PT-26APR03MINPHI-PHIVEDGECOMBE77-5,2026-04-03,fg3m,4.5,1.39725,3.10275,0.015,0.02351125232881679,0.0,1.0
KXNBAPTS-26APR03NOPSAC-NOPDQUEEN22-10,2026-04-03,pts,9.5,9.00575,0.4942499999999992,0.4095,0.40411947285284233,0.0,1.0
KXNBAPTS-26APR03NOPSAC-NOPDQUEEN22-15,2026-04-03,pts,14.5,9.00575,5.494249999999999,0.139,0.12403272339763627,0.0,1.0
KXNBAPTS-26APR03NOPSAC-NOPDQUEEN22-20,2026-04-03,pts,19.5,9.00575,10.49425,0.03225,0.028283436707812415,0.0,1.0
KXNBAPTS-26APR03NOPSAC-NOPHJONES2-10,2026-04-03,pts,9.5,8.38625,1.1137499999999996,0.372,0.35146982607949084,0.0,1.0
KXNBAPTS-26APR03NOPSAC-NOPHJONES2-15,2026-04-03,pts,14.5,8.38625,6.11375,0.10725,0.09483150494066006,0.0,1.0
KXNBAPTS-26APR03NOPSAC-NOPHJONES2-20,2026-04-03,pts,19.5,8.38625,11.11375,0.02275,0.01883205980149283,0.0,1.0
KXNBAPTS-26APR03NOPSAC-NOPHJONES2-25,2026-04-03,pts,24.5,8.38625,16.11375,0.00375,0.0030483248724511025,0.0,1.0
KXNBAPTS-26APR03NOPSAC-NOPSBEY41-15,2026-04-03,pts,14.5,15.5175,-1.0175,0.533,0.5014467288511439,1.0,1.0
KXNBAPTS-26APR03NOPSAC-NOPSBEY41-20,2026-04-03,pts,19.5,15.5175,3.9825,0.26075,0.2613360417012185,1.0,1.0
KXNBAPTS-26APR03NOPSAC-NOPSBEY41-25,2026-04-03,pts,24.5,15.5175,8.9825,0.093,0.11650295417367973,0.0,1.0
KXNBAPTS-26APR03NOPSAC-NOPSBEY41-30,2026-04-03,pts,29.5,15.5175,13.9825,0.027,0.0461097872487205,0.0,1.0
KXNBAPTS-26APR03NOPSAC-NOPTMURPHY25-20,2026-04-03,pts,19.5,18.4345,1.0655000000000001,0.41825,0.39827876901141146,0.0,1.0
KXNBAPTS-26APR03NOPSAC-NOPTMURPHY25-25,2026-04-03,pts,24.5,18.4345,6.0655,0.19525,0.216665672616159,0.0,1.0
KXNBAPTS-26APR03NOPSAC-NOPTMURPHY25-30,2026-04-03,pts,29.5,18.4345,11.0655,0.07325,0.10576321469184224,0.0,1.0
KXNBAPTS-26APR03NOPSAC-NOPTMURPHY25-35,2026-04-03,pts,34.5,18.4345,16.0655,0.0235,0.047379494373712916,0.0,1.0
KXNBAPTS-26APR03NOPSAC-NOPZWILLIAMSON1-15,2026-04-03,pts,14.5,17.4745,-2.974499999999999,0.65375,0.5972156519693381,0.0,1.0
KXNBAPTS-26APR03NOPSAC-NOPZWILLIAMSON1-20,2026-04-03,pts,19.5,17.4745,2.025500000000001,0.3465,0.3537963777755462,0.0,1.0
KXNBAPTS-26APR03NOPSAC-NOPZWILLIAMSON1-25,2026-04-03,pts,24.5,17.4745,7.025500000000001,0.14825,0.18161250753170632,0.0,1.0
KXNBAPTS-26APR03NOPSAC-NOPZWILLIAMSON1-30,2026-04-03,pts,29.5,17.4745,12.025500000000001,0.051,0.08336090180354239,0.0,1.0
KXNBAPTS-26APR03NOPSAC-SACDDEROZAN10-10,2026-04-03,pts,9.5,16.197,-6.696999999999999,0.83475,0.807341172521812,1.0,1.0
KXNBAPTS-26APR03NOPSAC-SACDDEROZAN10-15,2026-04-03,pts,14.5,16.197,-1.6969999999999992,0.565,0.5364993443363002,0.0,1.0
KXNBAPTS-26APR03NOPSAC-SACDDEROZAN10-20,2026-04-03,pts,19.5,16.197,3.303000000000001,0.3005,0.29344517475211596,0.0,1.0
KXNBAPTS-26APR03NOPSAC-SACDDEROZAN10-25,2026-04-03,pts,24.5,16.197,8.303,0.1225,0.13791571891342636,0.0,1.0
KXNBAPTS-26APR03NOPSAC-SACDDEROZAN10-30,2026-04-03,pts,29.5,16.197,13.303,0.03725,0.05768966866224645,0.0,1.0
KXNBAPTS-26APR03NOPSAC-SACPACHIUWA9-10,2026-04-03,pts,9.5,12.8105,-3.3104999999999993,0.675,0.6671261990116439,1.0,1.0
KXNBAPTS-26APR03NOPSAC-SACPACHIUWA9-15,2026-04-03,pts,14.5,12.8105,1.6895000000000007,0.35925,0.3459443136571779,0.0,1.0
KXNBAPTS-26APR03NOPSAC-SACPACHIUWA9-20,2026-04-03,pts,19.5,12.8105,6.689500000000001,0.138,0.14103312858258132,0.0,1.0
KXNBAPTS-26APR03NOPSAC-SACPACHIUWA9-25,2026-04-03,pts,24.5,12.8105,11.6895,0.0405,0.04828781304610763,0.0,1.0
KXNBAREB-26APR03NOPSAC-NOPDQUEEN22-10,2026-04-03,reb,9.5,5.3275,4.1725,0.06675,0.08323022167502747,0.0,1.0
KXNBAREB-26APR03NOPSAC-NOPDQUEEN22-12,2026-04-03,reb,11.5,5.3275,6.1725,0.02175,0.02922794473501178,0.0,1.0
KXNBAREB-26APR03NOPSAC-NOPDQUEEN22-6,2026-04-03,reb,5.5,5.3275,0.17250000000000032,0.43325,0.4280541761500085,1.0,1.0
KXNBAREB-26APR03NOPSAC-NOPDQUEEN22-7,2026-04-03,reb,6.5,5.3275,1.1725000000000003,0.31125,0.3042884505377943,0.0,1.0
KXNBAREB-26APR03NOPSAC-NOPDQUEEN22-8,2026-04-03,reb,7.5,5.3275,2.1725000000000003,0.20175,0.20601537463347175,0.0,1.0
KXNBAREB-26APR03NOPSAC-NOPHJONES2-10,2026-04-03,reb,9.5,3.08425,6.41575,0.00275,0.005609301365956054,0.0,1.0
KXNBAREB-26APR03NOPSAC-NOPHJONES2-2,2026-04-03,reb,1.5,3.08425,-1.58425,0.79075,0.7724643508901953,0.0,1.0
KXNBAREB-26APR03NOPSAC-NOPHJONES2-4,2026-04-03,reb,3.5,3.08425,0.41575000000000006,0.36825,0.36803183288359653,0.0,1.0
KXNBAREB-26APR03NOPSAC-NOPHJONES2-6,2026-04-03,reb,5.5,3.08425,2.41575,0.1035,0.11832156200125965,0.0,1.0
KXNBAREB-26APR03NOPSAC-NOPHJONES2-8,2026-04-03,reb,7.5,3.08425,4.41575,0.02,0.02860741968329361,0.0,1.0
KXNBAREB-26APR03NOPSAC-NOPTMURPHY25-10,2026-04-03,reb,9.5,5.0565,4.4435,0.03975,0.06728033412814016,0.0,1.0
KXNBAREB-26APR03NOPSAC-NOPTMURPHY25-2,2026-04-03,reb,1.5,5.0565,-3.5564999999999998,0.9485,0.9279000990123351,1.0,1.0
KXNBAREB-26APR03NOPSAC-NOPTMURPHY25-4,2026-04-03,reb,3.5,5.0565,-1.5564999999999998,0.728,0.6853976901734973,1.0,1.0
KXNBAREB-26APR03NOPSAC-NOPTMURPHY25-6,2026-04-03,reb,5.5,5.0565,0.4435000000000002,0.4025,0.3897917224676686,0.0,1.0
KXNBAREB-26APR03NOPSAC-NOPTMURPHY25-8,2026-04-03,reb,7.5,5.0565,2.4435000000000002,0.1535,0.1771373801319699,0.0,1.0
KXNBAREB-26APR03NOPSAC-NOPZWILLIAMSON1-10,2026-04-03,reb,9.5,4.891,4.609,0.03925,0.05844799308819981,0.0,1.0
KXNBAREB-26APR03NOPSAC-NOPZWILLIAMSON1-2,2026-04-03,reb,1.5,4.891,-3.391,0.94525,0.9207904188333177,1.0,1.0
KXNBAREB-26APR03NOPSAC-NOPZWILLIAMSON1-4,2026-04-03,reb,3.5,4.891,-1.391,0.7025,0.6649002598618401,1.0,1.0
KXNBAREB-26APR03NOPSAC-NOPZWILLIAMSON1-6,2026-04-03,reb,5.5,4.891,0.609,0.363,0.36602865336472057,1.0,1.0
KXNBAREB-26APR03NOPSAC-NOPZWILLIAMSON1-8,2026-04-03,reb,7.5,4.891,2.609,0.13,0.16020018987982665,0.0,1.0
KXNBAREB-26APR03NOPSAC-SACPACHIUWA9-10,2026-04-03,reb,9.5,7.6805,1.8194999999999997,0.268,0.27988616168162483,0.0,1.0
KXNBAREB-26APR03NOPSAC-SACPACHIUWA9-12,2026-04-03,reb,11.5,7.6805,3.8194999999999997,0.1235,0.14694106819514985,0.0,1.0
KXNBAREB-26APR03NOPSAC-SACPACHIUWA9-6,2026-04-03,reb,5.5,7.6805,-2.1805000000000003,0.735,0.6990886535242704,1.0,1.0
KXNBAREB-26APR03NOPSAC-SACPACHIUWA9-8,2026-04-03,reb,7.5,7.6805,-0.18050000000000033,0.49725,0.4737504987068092,0.0,1.0
KXNBAREB-26APR03NOPSAC-SACPACHIUWA9-9,2026-04-03,reb,8.5,7.6805,0.8194999999999997,0.37575,0.37000396183088824,0.0,1.0
KXNBAAST-26APR03NOPSAC-NOPDQUEEN22-10,2026-04-03,ast,9.5,2.67625,6.82375,0.0015,0.0022415857275173146,0.0,1.0
KXNBAAST-26APR03NOPSAC-NOPDQUEEN22-2,2026-04-03,ast,1.5,2.67625,-1.17625,0.71875,0.7119741304000775,1.0,1.0
KXNBAAST-26APR03NOPSAC-NOPDQUEEN22-4,2026-04-03,ast,3.5,2.67625,0.82375,0.28675,0.2871593201643394,0.0,1.0
KXNBAAST-26APR03NOPSAC-NOPDQUEEN22-6,2026-04-03,ast,5.5,2.67625,2.82375,0.06525,0.07516365347541942,0.0,1.0
KXNBAAST-26APR03NOPSAC-NOPDQUEEN22-8,2026-04-03,ast,7.5,2.67625,4.82375,0.00975,0.014502151948224462,0.0,1.0
KXNBAAST-26APR03NOPSAC-SACDDEROZAN10-2,2026-04-03,ast,1.5,3.99325,-2.49325,0.8825,0.8689023211185071,1.0,1.0
KXNBAAST-26APR03NOPSAC-SACDDEROZAN10-4,2026-04-03,ast,3.5,3.99325,-0.4932500000000002,0.56075,0.5348490076844863,1.0,1.0
KXNBAAST-26APR03NOPSAC-SACDDEROZAN10-5,2026-04-03,ast,4.5,3.99325,0.5067499999999998,0.374,0.36840815215024825,1.0,1.0
KXNBAAST-26APR03NOPSAC-SACDDEROZAN10-6,2026-04-03,ast,5.5,3.99325,1.5067499999999998,0.225,0.23541931466884258,0.0,1.0
KXNBAAST-26APR03NOPSAC-SACDDEROZAN10-8,2026-04-03,ast,7.5,3.99325,3.50675,0.063,0.07958765704052395,0.0,1.0
KXNBA3PT-26APR03NOPSAC-NOPDQUEEN22-1,2026-04-03,fg3m,0.5,0.446,0.05399999999999999,0.3535,0.3517359904772551,0.0,1.0
KXNBA3PT-26APR03NOPSAC-NOPDQUEEN22-2,2026-04-03,fg3m,1.5,0.446,1.054,0.079,0.07857022523042256,0.0,1.0
KXNBA3PT-26APR03NOPSAC-NOPDQUEEN22-3,2026-04-03,fg3m,2.5,0.446,2.054,0.0115,0.013477382509061608,0.0,1.0
KXNBA3PT-26APR03NOPSAC-NOPDQUEEN22-4,2026-04-03,fg3m,3.5,0.446,3.054,0.002,0.0019389796632625078,0.0,1.0
KXNBA3PT-26APR03NOPSAC-NOPDQUEEN22-5,2026-04-03,fg3m,4.5,0.446,4.054,0.0,0.0002457682712445619,0.0,1.0
KXNBA3PT-26APR03NOPSAC-NOPTMURPHY25-2,2026-04-03,fg3m,1.5,2.9405,-1.4405000000000001,0.7935,0.7404137902114079,0.0,1.0
KXNBA3PT-26APR03NOPSAC-NOPTMURPHY25-3,2026-04-03,fg3m,2.5,2.9405,-0.4405000000000001,0.55725,0.5285847794380752,0.0,1.0
KXNBA3PT-26APR03NOPSAC-NOPTMURPHY25-4,2026-04-03,fg3m,3.5,2.9405,0.5594999999999999,0.3395,0.3394242526671676,0.0,1.0
KXNBA3PT-26APR03NOPSAC-NOPTMURPHY25-5,2026-04-03,fg3m,4.5,2.9405,1.5594999999999999,0.1755,0.19958515390979747,0.0,1.0
KXNBA3PT-26APR03NOPSAC-NOPTMURPHY25-6,2026-04-03,fg3m,5.5,2.9405,2.5595,0.0805,0.10910557817586153,0.0,1.0
KXNBAPTS-26APR02PHXCHA-CHABMILLER24-15,2026-04-02,pts,14.5,17.1155,-2.615500000000001,0.6245,0.5808489115178945,1.0,1.0
KXNBAPTS-26APR02PHXCHA-CHABMILLER24-20,2026-04-02,pts,19.5,17.1155,2.384499999999999,0.33725,0.3369163204296932,0.0,1.0
KXNBAPTS-26APR02PHXCHA-CHABMILLER24-25,2026-04-02,pts,24.5,17.1155,7.384499999999999,0.1465,0.1689413217649749,0.0,1.0
KXNBAPTS-26APR02PHXCHA-CHABMILLER24-30,2026-04-02,pts,29.5,17.1155,12.3845,0.04775,0.075649319700548,0.0,1.0
KXNBAPTS-26APR02PHXCHA-CHACWHITE3-10,2026-04-02,pts,9.5,12.8065,-3.3064999999999998,0.6835,0.6669123752170576,1.0,1.0
KXNBAPTS-26APR02PHXCHA-CHACWHITE3-15,2026-04-02,pts,14.5,12.8065,1.6935000000000002,0.3585,0.34570109599512233,1.0,1.0
KXNBAPTS-26APR02PHXCHA-CHACWHITE3-20,2026-04-02,pts,19.5,12.8065,6.6935,0.136,0.1408719798180088,0.0,1.0
KXNBAPTS-26APR02PHXCHA-CHACWHITE3-25,2026-04-02,pts,24.5,12.8065,11.6935,0.037,0.04821010548871241,0.0,1.0
KXNBAPTS-26APR02PHXCHA-CHAKKNUEPPEL7-10,2026-04-02,pts,9.5,14.7565,-5.256500000000001,0.76625,0.7569006982110595,1.0,1.0
KXNBAPTS-26APR02PHXCHA-CHAKKNUEPPEL7-15,2026-04-02,pts,14.5,14.7565,-0.25650000000000084,0.487,0.4600567591277054,1.0,1.0
KXNBAPTS-26APR02PHXCHA-CHAKKNUEPPEL7-20,2026-04-02,pts,19.5,14.7565,4.743499999999999,0.23175,0.22586358426811382,1.0,1.0
KXNBAPTS-26APR02PHXCHA-CHAKKNUEPPEL7-25,2026-04-02,pts,24.5,14.7565,9.7435,0.0855,0.09436765371709543,0.0,1.0
KXNBAPTS-26APR02PHXCHA-CHALBALL1-10,2026-04-02,pts,9.5,17.598,-8.097999999999999,0.8645,0.84600558064479,1.0,1.0
KXNBAPTS-26APR02PHXCHA-CHALBALL1-15,2026-04-02,pts,14.5,17.598,-3.097999999999999,0.635,0.6027199071390348,1.0,1.0
KXNBAPTS-26APR02PHXCHA-CHALBALL1-20,2026-04-02,pts,19.5,17.598,1.902000000000001,0.371,0.35957802049411625,0.0,1.0
KXNBAPTS-26APR02PHXCHA-CHALBALL1-25,2026-04-02,pts,24.5,17.598,6.902000000000001,0.174,0.18603239700454532,0.0,1.0
KXNBAPTS-26APR02PHXCHA-CHALBALL1-30,2026-04-02,pts,29.5,17.598,11.902000000000001,0.06525,0.08610014321536297,0.0,1.0
KXNBAPTS-26APR02PHXCHA-CHAMBRIDGES0-10,2026-04-02,pts,9.5,12.76975,-3.26975,0.68975,0.6649418715762838,1.0,1.0
KXNBAPTS-26APR02PHXCHA-CHAMBRIDGES0-15,2026-04-02,pts,14.5,12.76975,1.7302499999999998,0.349,0.34346553850407735,1.0,1.0
KXNBAPTS-26APR02PHXCHA-CHAMBRIDGES0-20,2026-04-02,pts,19.5,12.76975,6.73025,0.127,0.13939461406526843,1.0,1.0
KXNBAPTS-26APR02PHXCHA-CHAMBRIDGES0-25,2026-04-02,pts,24.5,12.76975,11.73025,0.034,0.04749955423943575,1.0,1.0
KXNBAPTS-26APR02PHXCHA-CHAMDIABATE14-10,2026-04-02,pts,9.5,7.15775,2.34225,0.2605,0.24465220444471325,0.0,1.0
KXNBAPTS-26APR02PHXCHA-CHAMDIABATE14-15,2026-04-02,pts,14.5,7.15775,7.34225,0.054,0.0482298317599682,0.0,1.0
KXNBAPTS-26APR02PHXCHA-CHAMDIABATE14-20,2026-04-02,pts,19.5,7.15775,12.34225,0.00775,0.006868681120667963,0.0,1.0
KXNBAPTS-26APR02PHXCHA-PHXDBOOKER1-20,2026-04-02,pts,19.5,19.3555,0.14450000000000074,0.46525,0.43967089177937146,1.0,1.0
KXNBAPTS-26APR02PHXCHA-PHXDBOOKER1-25,2026-04-02,pts,24.5,19.3555,5.144500000000001,0.237,0.25145174124586334,0.0,1.0
KXNBAPTS-26APR02PHXCHA-PHXDBOOKER1-30,2026-04-02,pts,29.5,19.3555,10.1445,0.091,0.12947041318260433,0.0,1.0
KXNBAPTS-26APR02PHXCHA-PHXDBOOKER1-35,2026-04-02,pts,34.5,19.3555,15.1445,0.0295,0.0613016818259593,0.0,1.0
KXNBAPTS-26APR02PHXCHA-PHXDBROOKS3-10,2026-04-02,pts,9.5,13.62975,-4.12975,0.679,0.708287203622733,1.0,1.0
KXNBAPTS-26APR02PHXCHA-PHXDBROOKS3-15,2026-04-02,pts,14.5,13.62975,0.8702500000000004,0.4185,0.39516617098296347,0.0,1.0
KXNBAPTS-26APR02PHXCHA-PHXDBROOKS3-20,2026-04-02,pts,19.5,13.62975,5.87025,0.203,0.1753476558424929,0.0,1.0
KXNBAPTS-26APR02PHXCHA-PHXDBROOKS3-25,2026-04-02,pts,24.5,13.62975,10.87025,0.08125,0.06571218770362963,0.0,1.0
KXNBAPTS-26APR02PHXCHA-PHXGALLEN8-10,2026-04-02,pts,9.5,11.13575,-1.6357499999999998,0.56875,0.5660061986714569,1.0,1.0
KXNBAPTS-26APR02PHXCHA-PHXGALLEN8-15,2026-04-02,pts,14.5,11.13575,3.36425,0.263,0.24364621901840888,0.0,1.0
KXNBAPTS-26APR02PHXCHA-PHXGALLEN8-20,2026-04-02,pts,19.5,11.13575,8.36425,0.09275,0.08046296527309393,0.0,1.0
KXNBAPTS-26APR02PHXCHA-PHXGALLEN8-25,2026-04-02,pts,24.5,11.13575,13.36425,0.02425,0.022063463144467832,0.0,1.0
KXNBAPTS-26APR02PHXCHA-PHXJGREEN4-10,2026-04-02,pts,9.5,14.52425,-5.02425,0.75375,0.7475883122788847,1.0,1.0
KXNBAPTS-26APR02PHXCHA-PHXJGREEN4-15,2026-04-02,pts,14.5,14.52425,-0.024250000000000327,0.46575,0.4470082849906183,1.0,1.0
KXNBAPTS-26APR02PHXCHA-PHXJGREEN4-20,2026-04-02,pts,19.5,14.52425,4.97575,0.22575,0.2152130478730121,1.0,1.0
KXNBAPTS-26APR02PHXCHA-PHXJGREEN4-25,2026-04-02,pts,24.5,14.52425,9.97575,0.085,0.08804050805685071,1.0,1.0
KXNBAREB-26APR02PHXCHA-CHABMILLER24-10,2026-04-02,reb,9.5,4.822,4.678,0.03225,0.05497303358442285,0.0,1.0
KXNBAREB-26APR02PHXCHA-CHABMILLER24-2,2026-04-02,reb,1.5,4.822,-3.322,0.94525,0.9176099598302664,1.0,1.0
KXNBAREB-26APR02PHXCHA-CHABMILLER24-4,2026-04-02,reb,3.5,4.822,-1.322,0.702,0.6560187611806212,1.0,1.0
KXNBAREB-26APR02PHXCHA-CHABMILLER24-6,2026-04-02,reb,5.5,4.822,0.6779999999999999,0.35,0.35605676456442037,0.0,1.0
KXNBAREB-26APR02PHXCHA-CHABMILLER24-8,2026-04-02,reb,7.5,4.822,2.678,0.1205,0.15331770473127526,0.0,1.0
KXNBAREB-26APR02PHXCHA-CHACWHITE3-2,2026-04-02,reb,1.5,3.28575,-1.7857500000000002,0.82375,0.7980753980947143,1.0,1.0
KXNBAREB-26APR02PHXCHA-CHACWHITE3-3,2026-04-02,reb,2.5,3.28575,-0.7857500000000002,0.62825,0.6015997317693051,1.0,1.0
KXNBAREB-26APR02PHXCHA-CHACWHITE3-4,2026-04-02,reb,3.5,3.28575,0.21424999999999983,0.41325,0.4069200593196378,1.0,1.0
KXNBAREB-26APR02PHXCHA-CHACWHITE3-6,2026-04-02,reb,5.5,3.28575,2.21425,0.1295,0.14208049315149296,0.0,1.0
KXNBAREB-26APR02PHXCHA-CHACWHITE3-8,2026-04-02,reb,7.5,3.28575,4.21425,0.02675,0.037537086559473076,0.0,1.0
KXNBAREB-26APR02PHXCHA-CHAKKNUEPPEL7-10,2026-04-02,reb,9.5,4.971,4.529,0.03975,0.06263010011393855,0.0,1.0
KXNBAREB-26APR02PHXCHA-CHAKKNUEPPEL7-2,2026-04-02,reb,1.5,4.971,-3.471,0.9445,0.9243157491256128,1.0,1.0
KXNBAREB-26APR02PHXCHA-CHAKKNUEPPEL7-4,2026-04-02,reb,3.5,4.971,-1.471,0.70475,0.6749492924413365,0.0,1.0
KXNBAREB-26APR02PHXCHA-CHAKKNUEPPEL7-6,2026-04-02,reb,5.5,4.971,0.5289999999999999,0.3905,0.37754586424319025,0.0,1.0
KXNBAREB-26APR02PHXCHA-CHAKKNUEPPEL7-8,2026-04-02,reb,7.5,4.971,2.529,0.15125,0.16831448826248385,0.0,1.0
KXNBAREB-26APR02PHXCHA-CHALBALL1-2,2026-04-02,reb,1.5,4.481,-2.981,0.922,0.899783512305978,1.0,1.0
KXNBAREB-26APR02PHXCHA-CHALBALL1-4,2026-04-02,reb,3.5,4.481,-0.9809999999999999,0.64375,0.6091603180004768,0.0,1.0
KXNBAREB-26APR02PHXCHA-CHALBALL1-5,2026-04-02,reb,4.5,4.481,0.019000000000000128,0.45925,0.4470329414353532,0.0,1.0
KXNBAREB-26APR02PHXCHA-CHALBALL1-6,2026-04-02,reb,5.5,4.481,1.0190000000000001,0.3045,0.30649354327499023,0.0,1.0
KXNBAREB-26APR02PHXCHA-CHALBALL1-8,2026-04-02,reb,7.5,4.481,3.019,0.09575,0.12106533494794813,0.0,1.0
KXNBAREB-26APR02PHXCHA-CHAMBRIDGES0-2,2026-04-02,reb,1.5,4.7495,-3.2495000000000003,0.93725,0.9141220443955549,1.0,1.0
KXNBAREB-26APR02PHXCHA-CHAMBRIDGES0-4,2026-04-02,reb,3.5,4.7495,-1.2495000000000003,0.68975,0.6464709901812844,1.0,1.0
KXNBAREB-26APR02PHXCHA-CHAMBRIDGES0-5,2026-04-02,reb,4.5,4.7495,-0.24950000000000028,0.51175,0.4882812889306749,0.0,1.0
KXNBAREB-26APR02PHXCHA-CHAMBRIDGES0-6,2026-04-02,reb,5.5,4.7495,0.7504999999999997,0.35125,0.3455484094775978,0.0,1.0
KXNBAREB-26APR02PHXCHA-CHAMBRIDGES0-8,2026-04-02,reb,7.5,4.7495,2.7504999999999997,0.12,0.14620808862937995,0.0,1.0
KXNBAREB-26APR02PHXCHA-CHAMDIABATE14-10,2026-04-02,reb,9.5,8.01625,1.4837500000000006,0.29825,0.3125528438010111,1.0,1.0
KXNBAREB-26APR02PHXCHA-CHAMDIABATE14-12,2026-04-02,reb,11.5,8.01625,3.4837500000000006,0.133,0.17098816441699116,0.0,1.0
KXNBAREB-26APR02PHXCHA-CHAMDIABATE14-14,2026-04-02,reb,13.5,8.01625,5.483750000000001,0.047,0.08483954344720102,0.0,1.0
KXNBAREB-26APR02PHXCHA-CHAMDIABATE14-6,2026-04-02,reb,5.5,8.01625,-2.5162499999999994,0.801,0.7274769346863361,1.0,1.0
KXNBAREB-26APR02PHXCHA-CHAMDIABATE14-8,2026-04-02,reb,7.5,8.01625,-0.5162499999999994,0.5385,0.5093519852711814,1.0,1.0
KXNBAREB-26APR02PHXCHA-PHXDBROOKS3-2,2026-04-02,reb,1.5,3.31425,-1.81425,0.7845,0.8014547824515946,0.0,1.0
KXNBAREB-26APR02PHXCHA-PHXDBROOKS3-3,2026-04-02,reb,2.5,3.31425,-0.8142499999999999,0.59675,0.6066388789258857,0.0,1.0
KXNBAREB-26APR02PHXCHA-PHXDBROOKS3-4,2026-04-02,reb,3.5,3.31425,0.18575000000000008,0.42175,0.4123399418239584,0.0,1.0
KXNBAREB-26APR02PHXCHA-PHXDBROOKS3-6,2026-04-02,reb,5.5,3.31425,2.18575,0.1605,0.145575351852279,0.0,1.0
KXNBAREB-26APR02PHXCHA-PHXDBROOKS3-8,2026-04-02,reb,7.5,3.31425,4.1857500000000005,0.0405,0.03892237052263814,0.0,1.0
KXNBAREB-26APR02PHXCHA-PHXJGREEN4-10,2026-04-02,reb,9.5,3.80925,5.6907499999999995,0.00925,0.01792622336947891,0.0,1.0
KXNBAREB-26APR02PHXCHA-PHXJGREEN4-2,2026-04-02,reb,1.5,3.80925,-2.30925,0.8685,0.8517529697128939,1.0,1.0
KXNBAREB-26APR02PHXCHA-PHXJGREEN4-4,2026-04-02,reb,3.5,3.80925,-0.30925,0.52575,0.5023346237755123,1.0,1.0
KXNBAREB-26APR02PHXCHA-PHXJGREEN4-6,2026-04-02,reb,5.5,3.80925,1.69075,0.2025,0.21054375054790564,0.0,1.0
KXNBAREB-26APR02PHXCHA-PHXJGREEN4-8,2026-04-02,reb,7.5,3.80925,3.69075,0.0525,0.06785476648834943,0.0,1.0
KXNBAAST-26APR02PHXCHA-CHABMILLER24-10,2026-04-02,ast,9.5,2.89625,6.60375,0.00125,0.003659043068895196,0.0,1.0
KXNBAAST-26APR02PHXCHA-CHABMILLER24-2,2026-04-02,ast,1.5,2.89625,-1.3962500000000002,0.7705,0.7474700325802417,1.0,1.0
KXNBAAST-26APR02PHXCHA-CHABMILLER24-4,2026-04-02,ast,3.5,2.89625,0.6037499999999998,0.3365,0.3310501448059642,1.0,1.0
KXNBAAST-26APR02PHXCHA-CHABMILLER24-6,2026-04-02,ast,5.5,2.89625,2.60375,0.08175,0.0967657793470531,0.0,1.0
KXNBAAST-26APR02PHXCHA-CHABMILLER24-8,2026-04-02,ast,7.5,2.89625,4.60375,0.01325,0.02098985712474255,0.0,1.0
KXNBAAST-26APR02PHXCHA-CHACWHITE3-10,2026-04-02,ast,9.5,2.59925,6.90075,0.0005,0.001861795222413365,0.0,1.0
KXNBAAST-26APR02PHXCHA-CHACWHITE3-2,2026-04-02,ast,1.5,2.59925,-1.09925,0.7195,0.6984432918274153,1.0,1.0
KXNBAAST-26APR02PHXCHA-CHACWHITE3-4,2026-04-02,ast,3.5,2.59925,0.9007499999999999,0.263,0.27181400820093105,0.0,1.0
KXNBAAST-26APR02PHXCHA-CHACWHITE3-6,2026-04-02,ast,5.5,2.59925,2.90075,0.05725,0.0682443235760446,0.0,1.0
KXNBAAST-26APR02PHXCHA-CHACWHITE3-8,2026-04-02,ast,7.5,2.59925,4.90075,0.00925,0.01260048098612554,0.0,1.0
KXNBAAST-26APR02PHXCHA-CHAKKNUEPPEL7-2,2026-04-02,ast,1.5,2.726,-1.226,0.7435,0.7204030499316861,1.0,1.0
KXNBAAST-26APR02PHXCHA-CHAKKNUEPPEL7-3,2026-04-02,ast,2.5,2.726,-0.22599999999999998,0.5005,0.4927815656867707,0.0,1.0
KXNBAAST-26APR02PHXCHA-CHAKKNUEPPEL7-4,2026-04-02,ast,3.5,2.726,0.774,0.296,0.29709006572765606,0.0,1.0
KXNBAAST-26APR02PHXCHA-CHAKKNUEPPEL7-6,2026-04-02,ast,5.5,2.726,2.774,0.07,0.07981502392016981,0.0,1.0
KXNBAAST-26APR02PHXCHA-CHAKKNUEPPEL7-8,2026-04-02,ast,7.5,2.726,4.774,0.0095,0.015829897530372006,0.0,1.0
KXNBAAST-26APR02PHXCHA-CHALBALL1-10,2026-04-02,ast,9.5,5.6345,3.8655,0.07425,0.10169418216792325,1.0,1.0
KXNBAAST-26APR02PHXCHA-CHALBALL1-12,2026-04-02,ast,11.5,5.6345,5.8655,0.01675,0.037545894851592654,0.0,1.0
KXNBAAST-26APR02PHXCHA-CHALBALL1-6,2026-04-02,ast,5.5,5.6345,-0.13450000000000006,0.4905,0.471111824979087,1.0,1.0
KXNBAAST-26APR02PHXCHA-CHALBALL1-7,2026-04-02,ast,6.5,5.6345,0.8654999999999999,0.3395,0.3437508828443525,1.0,1.0
KXNBAAST-26APR02PHXCHA-CHALBALL1-8,2026-04-02,ast,7.5,5.6345,1.8655,0.217,0.2389478935155238,1.0,1.0
KXNBAAST-26APR02PHXCHA-CHAMBRIDGES0-2,2026-04-02,ast,1.5,2.391,-0.891,0.682,0.6587482517535137,1.0,1.0
KXNBAAST-26APR02PHXCHA-CHAMBRIDGES0-3,2026-04-02,ast,2.5,2.391,0.10899999999999999,0.427,0.4173620647039985,0.0,1.0
KXNBAAST-26APR02PHXCHA-CHAMBRIDGES0-4,2026-04-02,ast,3.5,2.391,1.109,0.22775,0.230700359286657,0.0,1.0
KXNBAAST-26APR02PHXCHA-CHAMBRIDGES0-6,2026-04-02,ast,5.5,2.391,3.109,0.0385,0.05129087697154988,0.0,1.0
KXNBAAST-26APR02PHXCHA-CHAMBRIDGES0-8,2026-04-02,ast,7.5,2.391,5.109,0.00475,0.008333740229191089,0.0,1.0
KXNBAAST-26APR02PHXCHA-PHXDBOOKER1-10,2026-04-02,ast,9.5,4.56475,4.93525,0.02025,0.04191248618630161,0.0,1.0
KXNBAAST-26APR02PHXCHA-PHXDBOOKER1-2,2026-04-02,ast,1.5,4.56475,-3.06475,0.935,0.9063841928301365,1.0,1.0
KXNBAAST-26APR02PHXCHA-PHXDBOOKER1-4,2026-04-02,ast,3.5,4.56475,-1.06475,0.6645,0.6231502567610911,1.0,1.0
KXNBAAST-26APR02PHXCHA-PHXDBOOKER1-6,2026-04-02,ast,5.5,4.56475,0.9352499999999999,0.31475,0.318365104654445,1.0,1.0
KXNBAAST-26APR02PHXCHA-PHXDBOOKER1-8,2026-04-02,ast,7.5,4.56475,2.93525,0.098,0.12721395094533638,0.0,1.0
KXNBAAST-26APR02PHXCHA-PHXDBROOKS3-1,2026-04-02,ast,0.5,1.28375,-0.78375,0.69425,0.7026121311683522,1.0,1.0
KXNBAAST-26APR02PHXCHA-PHXDBROOKS3-2,2026-04-02,ast,1.5,1.28375,0.21625000000000005,0.362,0.36155842966150065,1.0,1.0
KXNBAAST-26APR02PHXCHA-PHXDBROOKS3-4,2026-04-02,ast,3.5,1.28375,2.21625,0.05425,0.05089379463344279,0.0,1.0
KXNBAAST-26APR02PHXCHA-PHXDBROOKS3-6,2026-04-02,ast,5.5,1.28375,4.2162500000000005,0.00425,0.00417313127871044,0.0,1.0
KXNBAAST-26APR02PHXCHA-PHXDBROOKS3-8,2026-04-02,ast,7.5,1.28375,6.2162500000000005,0.0,0.00024228669637804678,0.0,1.0
KXNBAAST-26APR02PHXCHA-PHXJGREEN4-2,2026-04-02,ast,1.5,2.3845,-0.8845000000000001,0.667,0.6574334651761358,1.0,1.0
KXNBAAST-26APR02PHXCHA-PHXJGREEN4-3,2026-04-02,ast,2.5,2.3845,0.11549999999999994,0.424,0.41583869370272475,1.0,1.0
KXNBAAST-26APR02PHXCHA-PHXJGREEN4-4,2026-04-02,ast,3.5,2.3845,1.1155,0.2265,0.22943139066699836,1.0,1.0
KXNBAAST-26APR02PHXCHA-PHXJGREEN4-6,2026-04-02,ast,5.5,2.3845,3.1155,0.045,0.05080401598028961,1.0,1.0
KXNBAAST-26APR02PHXCHA-PHXJGREEN4-8,2026-04-02,ast,7.5,2.3845,5.1155,0.00575,0.008219908511431728,0.0,1.0
KXNBA3PT-26APR02PHXCHA-CHACWHITE3-1,2026-04-02,fg3m,0.5,1.615,-1.115,0.79875,0.7689183259429127,1.0,1.0
KXNBA3PT-26APR02PHXCHA-CHACWHITE3-2,2026-04-02,fg3m,1.5,1.615,-0.11499999999999999,0.4705,0.46088953375908726,1.0,1.0
KXNBA3PT-26APR02PHXCHA-CHACWHITE3-3,2026-04-02,fg3m,2.5,1.615,0.885,0.22525,0.22869620909419164,1.0,1.0
KXNBA3PT-26APR02PHXCHA-CHACWHITE3-4,2026-04-02,fg3m,3.5,1.615,1.885,0.08475,0.09849541348430846,0.0,1.0
KXNBA3PT-26APR02PHXCHA-CHACWHITE3-5,2026-04-02,fg3m,4.5,1.615,2.885,0.0255,0.03805456241986371,0.0,1.0
KXNBA3PT-26APR02PHXCHA-CHAKKNUEPPEL7-1,2026-04-02,fg3m,0.5,2.6515,-2.1515,0.919,0.8972910219242098,1.0,1.0
KXNBA3PT-26APR02PHXCHA-CHAKKNUEPPEL7-2,2026-04-02,fg3m,1.5,2.6515,-1.1515,0.73225,0.6951656923464379,1.0,1.0
KXNBA3PT-26APR02PHXCHA-CHAKKNUEPPEL7-3,2026-04-02,fg3m,2.5,2.6515,-0.15149999999999997,0.48975,0.4702262142071285,1.0,1.0
KXNBA3PT-26APR02PHXCHA-CHAKKNUEPPEL7-4,2026-04-02,fg3m,3.5,2.6515,0.8485,0.27275,0.28401059034362897,1.0,1.0
KXNBA3PT-26APR02PHXCHA-CHAKKNUEPPEL7-5,2026-04-02,fg3m,4.5,2.6515,1.8485,0.14175,0.1563903452439126,0.0,1.0
KXNBA3PT-26APR02PHXCHA-CHALBALL1-2,2026-04-02,fg3m,1.5,3.29375,-1.7937500000000002,0.82725,0.7864823098156637,1.0,1.0
KXNBA3PT-26APR02PHXCHA-CHALBALL1-3,2026-04-02,fg3m,2.5,3.29375,-0.7937500000000002,0.627,0.5928227208818875,0.0,1.0
KXNBA3PT-26APR02PHXCHA-CHALBALL1-4,2026-04-02,fg3m,3.5,3.29375,0.20624999999999982,0.4085,0.4053741755223427,0.0,1.0
KXNBA3PT-26APR02PHXCHA-CHALBALL1-5,2026-04-02,fg3m,4.5,3.29375,1.2062499999999998,0.23825,0.25517132720259417,0.0,1.0
KXNBA3PT-26APR02PHXCHA-CHALBALL1-6,2026-04-02,fg3m,5.5,3.29375,2.20625,0.127,0.14983016640996305,0.0,1.0
KXNBA3PT-26APR02PHXCHA-CHAMBRIDGES0-1,2026-04-02,fg3m,0.5,1.3195,-0.8194999999999999,0.73225,0.7039133746238493,1.0,1.0
KXNBA3PT-26APR02PHXCHA-CHAMBRIDGES0-2,2026-04-02,fg3m,1.5,1.3195,0.1805000000000001,0.37925,0.37080615443257137,1.0,1.0
KXNBA3PT-26APR02PHXCHA-CHAMBRIDGES0-3,2026-04-02,fg3m,2.5,1.3195,1.1805,0.149,0.1588812911886891,1.0,1.0
KXNBA3PT-26APR02PHXCHA-CHAMBRIDGES0-4,2026-04-02,fg3m,3.5,1.3195,2.1805000000000003,0.0455,0.058584908986838435,1.0,1.0
KXNBA3PT-26APR02PHXCHA-CHAMBRIDGES0-5,2026-04-02,fg3m,4.5,1.3195,3.1805000000000003,0.00925,0.01928951486351116,0.0,1.0
KXNBA3PT-26APR02PHXCHA-PHXDBOOKER1-1,2026-04-02,fg3m,0.5,1.50025,-1.00025,0.7725,0.745811556993055,1.0,1.0
KXNBA3PT-26APR02PHXCHA-PHXDBOOKER1-2,2026-04-02,fg3m,1.5,1.50025,-0.0002500000000000835,0.43375,0.4271021763921736,1.0,1.0
KXNBA3PT-26APR02PHXCHA-PHXDBOOKER1-3,2026-04-02,fg3m,2.5,1.50025,0.9997499999999999,0.19475,0.20112399933569147,1.0,1.0
KXNBA3PT-26APR02PHXCHA-PHXDBOOKER1-4,2026-04-02,fg3m,3.5,1.50025,1.99975,0.0705,0.08193294911641347,0.0,1.0
KXNBA3PT-26APR02PHXCHA-PHXDBOOKER1-5,2026-04-02,fg3m,4.5,1.50025,2.9997499999999997,0.022,0.029888571786077178,0.0,1.0
KXNBAPTS-26APR02MINDET-DETATHOMPSON9-10,2026-04-02,pts,9.5,9.00675,0.49324999999999974,0.4145,0.40420296644607545,0.0,1.0
KXNBAPTS-26APR02MINDET-DETATHOMPSON9-15,2026-04-02,pts,14.5,9.00675,5.49325,0.138,0.12408251204519827,0.0,1.0
KXNBAPTS-26APR02MINDET-DETATHOMPSON9-20,2026-04-02,pts,19.5,9.00675,10.49325,0.02825,0.028300730900497784,0.0,1.0
KXNBAPTS-26APR02MINDET-DETATHOMPSON9-25,2026-04-02,pts,24.5,9.00675,15.49325,0.00425,0.005283112658200029,0.0,1.0
KXNBAPTS-26APR02MINDET-DETDROBINSON55-10,2026-04-02,pts,9.5,10.88975,-1.3897499999999994,0.56125,0.5491509523391178,1.0,1.0
KXNBAPTS-26APR02MINDET-DETDROBINSON55-15,2026-04-02,pts,14.5,10.88975,3.6102500000000006,0.24675,0.22885599616274332,1.0,1.0
KXNBAPTS-26APR02MINDET-DETDROBINSON55-20,2026-04-02,pts,19.5,10.88975,8.61025,0.07775,0.07290219878823934,0.0,1.0
KXNBAPTS-26APR02MINDET-DETTHARRIS12-10,2026-04-02,pts,9.5,12.14,-2.6400000000000006,0.649,0.6294657533842942,0.0,1.0
KXNBAPTS-26APR02MINDET-DETTHARRIS12-15,2026-04-02,pts,14.5,12.14,2.3599999999999994,0.31125,0.3049572551377261,0.0,1.0
KXNBAPTS-26APR02MINDET-DETTHARRIS12-20,2026-04-02,pts,19.5,12.14,7.359999999999999,0.10625,0.11503215099631181,0.0,1.0
KXNBAPTS-26APR02MINDET-DETTHARRIS12-25,2026-04-02,pts,24.5,12.14,12.36,0.02775,0.036275531064991595,0.0,1.0
KXNBAPTS-26APR02MINDET-MINDDIVINCENZO0-10,2026-04-02,pts,9.5,10.0815,-0.5815000000000001,0.50475,0.49022062862542926,0.0,1.0
KXNBAPTS-26APR02MINDET-MINDDIVINCENZO0-15,2026-04-02,pts,14.5,10.0815,4.4185,0.2,0.18162986779667012,0.0,1.0
KXNBAPTS-26APR02MINDET-MINDDIVINCENZO0-20,2026-04-02,pts,19.5,10.0815,9.4185,0.054,0.050818985491359214,0.0,1.0
KXNBAPTS-26APR02MINDET-MINJRANDLE30-15,2026-04-02,pts,14.5,15.94825,-1.4482499999999998,0.56175,0.5238840626250534,1.0,1.0
KXNBAPTS-26APR02MINDET-MINJRANDLE30-20,2026-04-02,pts,19.5,15.94825,3.55175,0.2725,0.28166577566299855,1.0,1.0
KXNBAPTS-26APR02MINDET-MINJRANDLE30-25,2026-04-02,pts,24.5,15.94825,8.55175,0.1095,0.12991054902047305,1.0,1.0
KXNBAPTS-26APR02MINDET-MINJRANDLE30-30,2026-04-02,pts,29.5,15.94825,13.55175,0.0345,0.053279141737957,0.0,1.0
KXNBAPTS-26APR02MINDET-MINRGOBERT27-10,2026-04-02,pts,9.5,9.2675,0.23249999999999993,0.4435,0.42577716739196136,0.0,1.0
KXNBAPTS-26APR02MINDET-MINRGOBERT27-15,2026-04-02,pts,14.5,9.2675,5.2325,0.1435,0.13732953130652958,0.0,1.0
KXNBAPTS-26APR02MINDET-MINRGOBERT27-20,2026-04-02,pts,19.5,9.2675,10.2325,0.0295,0.03304004012378925,0.0,1.0
KXNBAREB-26APR02MINDET-DETATHOMPSON9-10,2026-04-02,reb,9.5,5.22125,4.27875,0.061,0.07676027294976506,0.0,1.0
KXNBAREB-26APR02MINDET-DETATHOMPSON9-2,2026-04-02,reb,1.5,5.22125,-3.7212500000000004,0.944,0.9343078900895362,1.0,1.0
KXNBAREB-26APR02MINDET-DETATHOMPSON9-4,2026-04-02,reb,3.5,5.22125,-1.7212500000000004,0.72675,0.7046967212601837,1.0,1.0
KXNBAREB-26APR02MINDET-DETATHOMPSON9-6,2026-04-02,reb,5.5,5.22125,0.2787499999999996,0.42275,0.41316447121760436,1.0,1.0
KXNBAREB-26APR02MINDET-DETATHOMPSON9-8,2026-04-02,reb,7.5,5.22125,2.2787499999999996,0.18925,0.19453994107615846,1.0,1.0
KXNBAREB-26APR02MINDET-DETTHARRIS12-10,2026-04-02,reb,9.5,5.15625,4.34375,0.051,0.07293910711969154,0.0,1.0
KXNBAREB-26APR02MINDET-DETTHARRIS12-2,2026-04-02,reb,1.5,5.15625,-3.65625,0.9555,0.9318552474991663,0.0,1.0
KXNBAREB-26APR02MINDET-DETTHARRIS12-4,2026-04-02,reb,3.5,5.15625,-1.65625,0.73,0.6972122472449376,0.0,1.0
KXNBAREB-26APR02MINDET-DETTHARRIS12-6,2026-04-02,reb,5.5,5.15625,0.34375,0.40925,0.40398157681516933,0.0,1.0
KXNBAREB-26APR02MINDET-DETTHARRIS12-8,2026-04-02,reb,7.5,5.15625,2.34375,0.16525,0.18761412189319793,0.0,1.0
KXNBAREB-26APR02MINDET-MINDDIVINCENZO0-10,2026-04-02,reb,9.5,3.59375,5.90625,0.006,0.013200115664008472,0.0,1.0
KXNBAREB-26APR02MINDET-MINDDIVINCENZO0-2,2026-04-02,reb,1.5,3.59375,-2.09375,0.8615,0.8316937241227833,0.0,1.0
KXNBAREB-26APR02MINDET-MINDDIVINCENZO0-4,2026-04-02,reb,3.5,3.59375,-0.09375,0.47975,0.46419581157807965,0.0,1.0
KXNBAREB-26APR02MINDET-MINDDIVINCENZO0-6,2026-04-02,reb,5.5,3.59375,1.90625,0.1605,0.18137180752633408,0.0,1.0
KXNBAREB-26APR02MINDET-MINDDIVINCENZO0-8,2026-04-02,reb,7.5,3.59375,3.90625,0.0385,0.05413044182696447,0.0,1.0
KXNBAREB-26APR02MINDET-MINJRANDLE30-10,2026-04-02,reb,9.5,5.426,4.074,0.0595,0.08947194821576465,0.0,1.0
KXNBAREB-26APR02MINDET-MINJRANDLE30-12,2026-04-02,reb,11.5,5.426,6.074,0.01675,0.0321230278165241,0.0,1.0
KXNBAREB-26APR02MINDET-MINJRANDLE30-6,2026-04-02,reb,5.5,5.426,0.07399999999999984,0.455,0.4417110093229285,1.0,1.0
KXNBAREB-26APR02MINDET-MINJRANDLE30-7,2026-04-02,reb,6.5,5.426,1.0739999999999998,0.30175,0.3170160041005382,0.0,1.0
KXNBAREB-26APR02MINDET-MINJRANDLE30-8,2026-04-02,reb,7.5,5.426,2.074,0.18975,0.2168099448272054,0.0,1.0
KXNBAREB-26APR02MINDET-MINRGOBERT27-10,2026-04-02,reb,9.5,9.38525,0.1147500000000008,0.46275,0.4446082253055039,0.0,1.0
KXNBAREB-26APR02MINDET-MINRGOBERT27-11,2026-04-02,reb,10.5,9.38525,1.1147500000000008,0.34575,0.3569501094105709,0.0,1.0
KXNBAREB-26APR02MINDET-MINRGOBERT27-12,2026-04-02,reb,11.5,9.38525,2.114750000000001,0.247,0.2798127463797647,0.0,1.0
KXNBAREB-26APR02MINDET-MINRGOBERT27-14,2026-04-02,reb,13.5,9.38525,4.114750000000001,0.1075,0.1610729805298522,0.0,1.0
KXNBAREB-26APR02MINDET-MINRGOBERT27-16,2026-04-02,reb,15.5,9.38525,6.114750000000001,0.04025,0.08583528956224351,0.0,1.0
KXNBAAST-26APR02MINDET-DETATHOMPSON9-10,2026-04-02,ast,9.5,2.855,6.645,0.0025,0.0033520939643026937,0.0,1.0
KXNBAAST-26APR02MINDET-DETATHOMPSON9-2,2026-04-02,ast,1.5,2.855,-1.355,0.751,0.7411573450931528,1.0,1.0
KXNBAAST-26APR02MINDET-DETATHOMPSON9-4,2026-04-02,ast,3.5,2.855,0.645,0.31425,0.3228350050948776,1.0,1.0
KXNBAAST-26APR02MINDET-DETATHOMPSON9-6,2026-04-02,ast,5.5,2.855,2.645,0.0905,0.092515750100306,1.0,1.0
KXNBAAST-26APR02MINDET-DETATHOMPSON9-8,2026-04-02,ast,7.5,2.855,4.645,0.016,0.019649899938263382,1.0,1.0
KXNBAAST-26APR02MINDET-DETTHARRIS12-10,2026-04-02,ast,9.5,2.54425,6.95575,0.00075,0.0016225751083014384,0.0,1.0
KXNBAAST-26APR02MINDET-DETTHARRIS12-2,2026-04-02,ast,1.5,2.54425,-1.04425,0.70725,0.6884076897984324,0.0,1.0
KXNBAAST-26APR02MINDET-DETTHARRIS12-4,2026-04-02,ast,3.5,2.54425,0.9557500000000001,0.2585,0.26088683609674523,0.0,1.0
KXNBAAST-26APR02MINDET-DETTHARRIS12-6,2026-04-02,ast,5.5,2.54425,2.95575,0.05125,0.06351419427382421,0.0,1.0
KXNBAAST-26APR02MINDET-DETTHARRIS12-8,2026-04-02,ast,7.5,2.54425,4.95575,0.0065,0.011352566429965627,0.0,1.0
KXNBAAST-26APR02MINDET-MINDDIVINCENZO0-2,2026-04-02,ast,1.5,2.92375,-1.42375,0.7795,0.7515941090908592,0.0,1.0
KXNBAAST-26APR02MINDET-MINDDIVINCENZO0-3,2026-04-02,ast,2.5,2.92375,-0.42375000000000007,0.54925,0.5341355962087471,0.0,1.0
KXNBAAST-26APR02MINDET-MINDDIVINCENZO0-4,2026-04-02,ast,3.5,2.92375,0.5762499999999999,0.33675,0.33651867548013215,0.0,1.0
KXNBAAST-26APR02MINDET-MINDDIVINCENZO0-6,2026-04-02,ast,5.5,2.92375,2.57625,0.081,0.09964835262406713,0.0,1.0
KXNBAAST-26APR02MINDET-MINDDIVINCENZO0-8,2026-04-02,ast,7.5,2.92375,4.57625,0.012,0.02191583703208899,0.0,1.0
KXNBAAST-26APR02MINDET-MINJRANDLE30-2,2026-04-02,ast,1.5,3.4815,-1.9815,0.852,0.8221485996950297,1.0,1.0
KXNBAAST-26APR02MINDET-MINJRANDLE30-4,2026-04-02,ast,3.5,3.4815,0.01849999999999996,0.45525,0.4443891176663044,1.0,1.0
KXNBAAST-26APR02MINDET-MINJRANDLE30-5,2026-04-02,ast,4.5,3.4815,1.0185,0.27375,0.2824613110692493,1.0,1.0
KXNBAAST-26APR02MINDET-MINJRANDLE30-6,2026-04-02,ast,5.5,3.4815,2.0185,0.14775,0.1656038924897939,1.0,1.0
KXNBAAST-26APR02MINDET-MINJRANDLE30-8,2026-04-02,ast,7.5,3.4815,4.0184999999999995,0.03325,0.04663860905295947,0.0,1.0
KXNBA3PT-26APR02MINDET-DETDROBINSON55-1,2026-04-02,fg3m,0.5,2.48025,-1.9802499999999998,0.91125,0.8832457560289032,1.0,1.0
KXNBA3PT-26APR02MINDET-DETDROBINSON55-2,2026-04-02,fg3m,1.5,2.48025,-0.9802499999999998,0.7075,0.6646806364696625,1.0,1.0
KXNBA3PT-26APR02MINDET-DETDROBINSON55-3,2026-04-02,fg3m,2.5,2.48025,0.019750000000000156,0.451,0.43330286014556907,1.0,1.0
KXNBA3PT-26APR02MINDET-DETDROBINSON55-4,2026-04-02,fg3m,3.5,2.48025,1.0197500000000002,0.24025,0.25109465840636624,0.0,1.0
KXNBA3PT-26APR02MINDET-DETDROBINSON55-5,2026-04-02,fg3m,4.5,2.48025,2.01975,0.10625,0.1323081201866657,0.0,1.0
KXNBA3PT-26APR02MINDET-DETTHARRIS12-1,2026-04-02,fg3m,0.5,1.13725,-0.6372500000000001,0.67725,0.6535822043400972,0.0,1.0
KXNBA3PT-26APR02MINDET-DETTHARRIS12-2,2026-04-02,fg3m,1.5,1.13725,0.3627499999999999,0.31,0.3107009323992951,0.0,1.0
KXNBA3PT-26APR02MINDET-DETTHARRIS12-3,2026-04-02,fg3m,2.5,1.13725,1.36275,0.1085,0.11878106057905646,0.0,1.0
KXNBA3PT-26APR02MINDET-DETTHARRIS12-4,2026-04-02,fg3m,3.5,1.13725,2.36275,0.0315,0.038870971280212885,0.0,1.0
KXNBA3PT-26APR02MINDET-DETTHARRIS12-5,2026-04-02,fg3m,4.5,1.13725,3.36275,0.009,0.011326381300762023,0.0,1.0
KXNBAPTS-26APR02CLEGSW-CLEDMITCHELL45-15,2026-04-02,pts,14.5,20.399,-5.899000000000001,0.7645,0.7107690513278593,1.0,1.0
KXNBAPTS-26APR02CLEGSW-CLEDMITCHELL45-20,2026-04-02,pts,19.5,20.399,-0.8990000000000009,0.522,0.48459438713015746,1.0,1.0
KXNBAPTS-26APR02CLEGSW-CLEDMITCHELL45-25,2026-04-02,pts,24.5,20.399,4.100999999999999,0.284,0.2915963495982674,1.0,1.0
KXNBAPTS-26APR02CLEGSW-CLEDMITCHELL45-30,2026-04-02,pts,29.5,20.399,9.100999999999999,0.12525,0.15856270545144724,0.0,1.0
KXNBAPTS-26APR02CLEGSW-CLEDMITCHELL45-35,2026-04-02,pts,34.5,20.399,14.100999999999999,0.04225,0.07946899906030769,0.0,1.0
KXNBAPTS-26APR02CLEGSW-CLEDSCHRODER8-10,2026-04-02,pts,9.5,5.7315,3.7685000000000004,0.1785,0.12938338128661886,1.0,1.0
KXNBAPTS-26APR02CLEGSW-CLEDSCHRODER8-15,2026-04-02,pts,14.5,5.7315,8.7685,0.02875,0.01542008791983851,0.0,1.0
KXNBAPTS-26APR02CLEGSW-CLEDSCHRODER8-20,2026-04-02,pts,19.5,5.7315,13.7685,0.006,0.0012996512298427687,0.0,1.0
KXNBAPTS-26APR02CLEGSW-CLEEMOBLEY4-15,2026-04-02,pts,14.5,14.354,0.1460000000000008,0.461,0.43732821036096337,0.0,1.0
KXNBAPTS-26APR02CLEGSW-CLEEMOBLEY4-20,2026-04-02,pts,19.5,14.354,5.146000000000001,0.19375,0.20747377347913232,0.0,1.0
KXNBAPTS-26APR02CLEGSW-CLEEMOBLEY4-25,2026-04-02,pts,24.5,14.354,10.146,0.06375,0.0835371387798548,0.0,1.0
KXNBAPTS-26APR02CLEGSW-CLEEMOBLEY4-30,2026-04-02,pts,29.5,14.354,15.146,0.017,0.02973517327185793,0.0,1.0
KXNBAPTS-26APR02CLEGSW-CLEJALLEN31-10,2026-04-02,pts,9.5,12.00875,-2.508749999999999,0.6405,0.6216580015532527,1.0,1.0
KXNBAPTS-26APR02CLEGSW-CLEJALLEN31-15,2026-04-02,pts,14.5,12.00875,2.491250000000001,0.30925,0.2969079187153302,1.0,1.0
KXNBAPTS-26APR02CLEGSW-CLEJALLEN31-20,2026-04-02,pts,19.5,12.00875,7.491250000000001,0.10975,0.11019823301737386,0.0,1.0
KXNBAPTS-26APR02CLEGSW-CLEJALLEN31-25,2026-04-02,pts,24.5,12.00875,12.49125,0.02825,0.034162746541876676,0.0,1.0
KXNBAPTS-26APR02CLEGSW-CLEJHARDEN1-10,2026-04-02,pts,9.5,16.0605,-6.560500000000001,0.834,0.8030631330087098,1.0,1.0
KXNBAPTS-26APR02CLEGSW-CLEJHARDEN1-15,2026-04-02,pts,14.5,16.0605,-1.560500000000001,0.55775,0.5296081782415634,1.0,1.0
KXNBAPTS-26APR02CLEGSW-CLEJHARDEN1-20,2026-04-02,pts,19.5,16.0605,3.439499999999999,0.28825,0.2869791339946822,0.0,1.0
KXNBAPTS-26APR02CLEGSW-CLEJHARDEN1-25,2026-04-02,pts,24.5,16.0605,8.439499999999999,0.11175,0.13350007987222212,0.0,1.0
KXNBAPTS-26APR02CLEGSW-CLEJHARDEN1-30,2026-04-02,pts,29.5,16.0605,13.439499999999999,0.0395,0.05524505985686923,0.0,1.0
KXNBAPTS-26APR02CLEGSW-GSWDGREEN23-10,2026-04-02,pts,9.5,9.38,0.11999999999999922,0.4495,0.43495704056698237,0.0,1.0
KXNBAPTS-26APR02CLEGSW-GSWDGREEN23-15,2026-04-02,pts,14.5,9.38,5.119999999999999,0.1645,0.14320038754617137,0.0,1.0
KXNBAPTS-26APR02CLEGSW-GSWDGREEN23-20,2026-04-02,pts,19.5,9.38,10.12,0.04225,0.03522719758875981,0.0,1.0
KXNBAPTS-26APR02CLEGSW-GSWKPORZINGIS7-10,2026-04-02,pts,9.5,15.44118844118844,-5.941188441188441,0.7749287749287749,0.7823793064738082,1.0,0.61425
KXNBAPTS-26APR02CLEGSW-GSWKPORZINGIS7-15,2026-04-02,pts,14.5,15.44118844118844,-0.9411884411884408,0.5132275132275133,0.4973951010650699,1.0,0.61425
KXNBAPTS-26APR02CLEGSW-GSWKPORZINGIS7-20,2026-04-02,pts,19.5,15.44118844118844,4.058811558811559,0.27106227106227104,0.2577484994881507,0.0,0.61425
KXNBAPTS-26APR02CLEGSW-GSWKPORZINGIS7-25,2026-04-02,pts,24.5,15.44118844118844,9.05881155881156,0.11518111518111518,0.1141910453673286,0.0,0.61425
KXNBAPTS-26APR02CLEGSW-GSWKPORZINGIS7-30,2026-04-02,pts,29.5,15.44118844118844,14.05881155881156,0.04354904354904355,0.04490196826082893,0.0,0.61425
KXNBAREB-26APR02CLEGSW-CLEDMITCHELL45-10,2026-04-02,reb,9.5,3.61925,5.88075,0.004,0.013708026026041487,0.0,1.0
KXNBAREB-26APR02CLEGSW-CLEDMITCHELL45-2,2026-04-02,reb,1.5,3.61925,-2.11925,0.86225,0.8342064898604893,1.0,1.0
KXNBAREB-26APR02CLEGSW-CLEDMITCHELL45-4,2026-04-02,reb,3.5,3.61925,-0.11925000000000008,0.5,0.46879791562004414,1.0,1.0
KXNBAREB-26APR02CLEGSW-CLEDMITCHELL45-6,2026-04-02,reb,5.5,3.61925,1.88075,0.16475,0.18476060892076274,1.0,1.0
KXNBAREB-26APR02CLEGSW-CLEDMITCHELL45-8,2026-04-02,reb,7.5,3.61925,3.88075,0.03475,0.05566436293009713,0.0,1.0
KXNBAREB-26APR02CLEGSW-CLEEMOBLEY4-10,2026-04-02,reb,9.5,7.04375,2.45625,0.1895,0.21947374826704835,1.0,1.0
KXNBAREB-26APR02CLEGSW-CLEEMOBLEY4-12,2026-04-02,reb,11.5,7.04375,4.45625,0.06175,0.10560109950438556,0.0,1.0
KXNBAREB-26APR02CLEGSW-CLEEMOBLEY4-4,2026-04-02,reb,3.5,7.04375,-3.54375,0.907,0.8558779768709512,1.0,1.0
KXNBAREB-26APR02CLEGSW-CLEEMOBLEY4-6,2026-04-02,reb,5.5,7.04375,-1.5437500000000002,0.687,0.6382149444617506,1.0,1.0
KXNBAREB-26APR02CLEGSW-CLEEMOBLEY4-8,2026-04-02,reb,7.5,7.04375,0.4562499999999998,0.40725,0.402877054117853,1.0,1.0
KXNBAREB-26APR02CLEGSW-CLEJALLEN31-10,2026-04-02,reb,9.5,6.6805,2.8194999999999997,0.16975,0.18664241620673283,1.0,1.0
KXNBAREB-26APR02CLEGSW-CLEJALLEN31-12,2026-04-02,reb,11.5,6.6805,4.8195,0.06225,0.08492391201050598,1.0,1.0
KXNBAREB-26APR02CLEGSW-CLEJALLEN31-6,2026-04-02,reb,5.5,6.6805,-1.1805000000000003,0.628,0.5992195869664669,1.0,1.0
KXNBAREB-26APR02CLEGSW-CLEJALLEN31-7,2026-04-02,reb,6.5,6.6805,-0.18050000000000033,0.4935,0.4749065889360362,1.0,1.0
KXNBAREB-26APR02CLEGSW-CLEJALLEN31-8,2026-04-02,reb,7.5,6.6805,0.8194999999999997,0.367,0.36104910380071475,1.0,1.0
KXNBAREB-26APR02CLEGSW-CLEJHARDEN1-2,2026-04-02,reb,1.5,4.33075,-2.83075,0.921,0.8906782759864522,1.0,1.0
KXNBAREB-26APR02CLEGSW-CLEJHARDEN1-4,2026-04-02,reb,3.5,4.33075,-0.8307500000000001,0.621,0.5869290116380196,0.0,1.0
KXNBAREB-26APR02CLEGSW-CLEJHARDEN1-5,2026-04-02,reb,4.5,4.33075,0.1692499999999999,0.435,0.4232286747512908,0.0,1.0
KXNBAREB-26APR02CLEGSW-CLEJHARDEN1-6,2026-04-02,reb,5.5,4.33075,1.16925,0.27475,0.2846661343528316,0.0,1.0
KXNBAREB-26APR02CLEGSW-CLEJHARDEN1-8,2026-04-02,reb,7.5,4.33075,3.16925,0.0765,0.1078892986219635,0.0,1.0
KXNBAREB-26APR02CLEGSW-GSWDGREEN23-10,2026-04-02,reb,9.5,5.63425,3.8657500000000002,0.07425,0.10341563666407161,0.0,1.0
KXNBAREB-26APR02CLEGSW-GSWDGREEN23-2,2026-04-02,reb,1.5,5.63425,-4.13425,0.9625,0.9478499460612394,1.0,1.0
KXNBAREB-26APR02CLEGSW-GSWDGREEN23-4,2026-04-02,reb,3.5,5.63425,-2.1342499999999998,0.78125,0.7484565128527012,1.0,1.0
KXNBAREB-26APR02CLEGSW-GSWDGREEN23-6,2026-04-02,reb,5.5,5.63425,-0.13424999999999976,0.48825,0.4700634615706796,1.0,1.0
KXNBAREB-26APR02CLEGSW-GSWDGREEN23-8,2026-04-02,reb,7.5,5.63425,1.8657500000000002,0.23125,0.24005493596284533,1.0,1.0
KXNBAREB-26APR02CLEGSW-GSWKPORZINGIS7-10,2026-04-02,reb,9.5,4.580789580789581,4.919210419210419,0.02726902726902727,0.04379255482872757,0.0,0.61425
KXNBAREB-26APR02CLEGSW-GSWKPORZINGIS7-2,2026-04-02,reb,1.5,4.580789580789581,-3.080789580789581,0.9206349206349206,0.9053871066566639,1.0,0.61425
KXNBAREB-26APR02CLEGSW-GSWKPORZINGIS7-4,2026-04-02,reb,3.5,4.580789580789581,-1.080789580789581,0.6487586487586487,0.6233879237313682,1.0,0.61425
KXNBAREB-26APR02CLEGSW-GSWKPORZINGIS7-6,2026-04-02,reb,5.5,4.580789580789581,0.9192104192104189,0.31542531542531543,0.32101840259019065,1.0,0.61425
KXNBAREB-26APR02CLEGSW-GSWKPORZINGIS7-8,2026-04-02,reb,7.5,4.580789580789581,2.919210419210419,0.1164021164021164,0.1301810133193041,0.0,0.61425
KXNBAAST-26APR02CLEGSW-CLEDMITCHELL45-10,2026-04-02,ast,9.5,4.09425,5.40575,0.014,0.024916660858863904,0.0,1.0
KXNBAAST-26APR02CLEGSW-CLEDMITCHELL45-2,2026-04-02,ast,1.5,4.09425,-2.5942499999999997,0.9095,0.8765189122088859,1.0,1.0
KXNBAAST-26APR02CLEGSW-CLEDMITCHELL45-4,2026-04-02,ast,3.5,4.09425,-0.5942499999999997,0.576,0.5514744940691811,0.0,1.0
KXNBAAST-26APR02CLEGSW-CLEDMITCHELL45-6,2026-04-02,ast,5.5,4.09425,1.4057500000000003,0.238,0.24984689605290034,0.0,1.0
KXNBAAST-26APR02CLEGSW-CLEDMITCHELL45-8,2026-04-02,ast,7.5,4.09425,3.4057500000000003,0.06575,0.08721834851200694,0.0,1.0
KXNBAAST-26APR02CLEGSW-CLEDSCHRODER8-2,2026-04-02,ast,1.5,2.43525,-0.9352499999999999,0.67875,0.667574348269432,1.0,1.0
KXNBAAST-26APR02CLEGSW-CLEDSCHRODER8-3,2026-04-02,ast,2.5,2.43525,0.06475000000000009,0.42325,0.4276767844860774,1.0,1.0
KXNBAAST-26APR02CLEGSW-CLEDSCHRODER8-4,2026-04-02,ast,3.5,2.43525,1.06475,0.23775,0.23936696242624855,1.0,1.0
KXNBAAST-26APR02CLEGSW-CLEDSCHRODER8-6,2026-04-02,ast,5.5,2.43525,3.06475,0.052,0.05467401232716451,1.0,1.0
KXNBAAST-26APR02CLEGSW-CLEDSCHRODER8-8,2026-04-02,ast,7.5,2.43525,5.06475,0.00675,0.00913861033737029,0.0,1.0
KXNBAAST-26APR02CLEGSW-CLEJHARDEN1-10,2026-04-02,ast,9.5,5.81375,3.6862500000000002,0.08025,0.11443268337551882,0.0,1.0
KXNBAAST-26APR02CLEGSW-CLEJHARDEN1-12,2026-04-02,ast,11.5,5.81375,5.68625,0.018,0.04385643696841279,0.0,1.0
KXNBAAST-26APR02CLEGSW-CLEJHARDEN1-4,2026-04-02,ast,3.5,5.81375,-2.3137499999999998,0.82075,0.7683885035262192,1.0,1.0
KXNBAAST-26APR02CLEGSW-CLEJHARDEN1-6,2026-04-02,ast,5.5,5.81375,-0.31374999999999975,0.51525,0.4951186993899449,0.0,1.0
KXNBAAST-26APR02CLEGSW-CLEJHARDEN1-8,2026-04-02,ast,7.5,5.81375,1.6862500000000002,0.237,0.2594627175947861,0.0,1.0
KXNBAAST-26APR02CLEGSW-GSWDGREEN23-10,2026-04-02,ast,9.5,4.6535,4.8465,0.02925,0.04575480742640525,0.0,1.0
KXNBAAST-26APR02CLEGSW-GSWDGREEN23-2,2026-04-02,ast,1.5,4.6535,-3.1535,0.93525,0.9111129381753572,1.0,1.0
KXNBAAST-26APR02CLEGSW-GSWDGREEN23-4,2026-04-02,ast,3.5,4.6535,-1.1535000000000002,0.656,0.6355920756330169,1.0,1.0
KXNBAAST-26APR02CLEGSW-GSWDGREEN23-6,2026-04-02,ast,5.5,4.6535,0.8464999999999998,0.33375,0.3313789570958905,1.0,1.0
KXNBAAST-26APR02CLEGSW-GSWDGREEN23-8,2026-04-02,ast,7.5,4.6535,2.8465,0.12,0.1355097395210837,1.0,1.0
KXNBA3PT-26APR02CLEGSW-CLEDMITCHELL45-1,2026-04-02,fg3m,0.5,2.18825,-1.68825,0.88825,0.8539853126081591,1.0,1.0
KXNBA3PT-26APR02CLEGSW-CLEDMITCHELL45-2,2026-04-02,fg3m,1.5,2.18825,-0.68825,0.6355,0.6056551761015505,1.0,1.0
KXNBA3PT-26APR02CLEGSW-CLEDMITCHELL45-3,2026-04-02,fg3m,2.5,2.18825,0.31174999999999997,0.37175,0.36682185333594375,1.0,1.0
KXNBA3PT-26APR02CLEGSW-CLEDMITCHELL45-4,2026-04-02,fg3m,3.5,2.18825,1.31175,0.18225,0.19595181956835317,1.0,1.0
KXNBA3PT-26APR02CLEGSW-CLEDMITCHELL45-5,2026-04-02,fg3m,4.5,2.18825,2.31175,0.07675,0.09474962864721148,0.0,1.0
KXNBA3PT-26APR02CLEGSW-CLEJHARDEN1-1,2026-04-02,fg3m,0.5,2.2765,-1.7765,0.89125,0.8636227258604595,1.0,1.0
KXNBA3PT-26APR02CLEGSW-CLEJHARDEN1-2,2026-04-02,fg3m,1.5,2.2765,-0.7765,0.66375,0.6244779693003011,1.0,1.0
KXNBA3PT-26APR02CLEGSW-CLEJHARDEN1-3,2026-04-02,fg3m,2.5,2.2765,0.22350000000000003,0.39475,0.3873338662609864,1.0,1.0
KXNBA3PT-26APR02CLEGSW-CLEJHARDEN1-4,2026-04-02,fg3m,3.5,2.2765,1.2235,0.2015,0.2124018558610976,0.0,1.0
KXNBA3PT-26APR02CLEGSW-CLEJHARDEN1-5,2026-04-02,fg3m,4.5,2.2765,2.2235,0.08075,0.10557528942121097,0.0,1.0
KXNBAPTS-26APR02SASLAC-LACBLOPEZ11-10,2026-04-02,pts,9.5,9.447,0.053000000000000824,0.44725,0.4403851737959841,0.0,1.0
KXNBAPTS-26APR02SASLAC-LACBLOPEZ11-15,2026-04-02,pts,14.5,9.447,5.053000000000001,0.165,0.1467388299738217,0.0,1.0
KXNBAPTS-26APR02SASLAC-LACBLOPEZ11-20,2026-04-02,pts,19.5,9.447,10.053,0.0455,0.03657080934890089,0.0,1.0
KXNBAPTS-26APR02SASLAC-LACBLOPEZ11-25,2026-04-02,pts,24.5,9.447,15.053,0.00925,0.007481817684143577,0.0,1.0
KXNBAPTS-26APR02SASLAC-LACBMATHURIN9-10,2026-04-02,pts,9.5,13.90725,-4.4072499999999994,0.735,0.7210839043213582,1.0,1.0
KXNBAPTS-26APR02SASLAC-LACBMATHURIN9-15,2026-04-02,pts,14.5,13.90725,0.5927500000000006,0.42975,0.4114967322334754,1.0,1.0
KXNBAPTS-26APR02SASLAC-LACBMATHURIN9-20,2026-04-02,pts,19.5,13.90725,5.5927500000000006,0.1885,0.1874880424143185,0.0,1.0
KXNBAPTS-26APR02SASLAC-LACBMATHURIN9-25,2026-04-02,pts,24.5,13.90725,10.59275,0.06625,0.07228125688099285,0.0,1.0
KXNBAPTS-26APR02SASLAC-LACDGARLAND10-10,2026-04-02,pts,9.5,16.3255,-6.825500000000002,0.826,0.8112799304192855,1.0,1.0
KXNBAPTS-26APR02SASLAC-LACDGARLAND10-15,2026-04-02,pts,14.5,16.3255,-1.8255000000000017,0.5685,0.5429163649408881,0.0,1.0
KXNBAPTS-26APR02SASLAC-LACDGARLAND10-20,2026-04-02,pts,19.5,16.3255,3.1744999999999983,0.31575,0.29953499790743876,0.0,1.0
KXNBAPTS-26APR02SASLAC-LACDGARLAND10-25,2026-04-02,pts,24.5,16.3255,8.174499999999998,0.13475,0.1421218678029994,0.0,1.0
KXNBAPTS-26APR02SASLAC-LACDGARLAND10-30,2026-04-02,pts,29.5,16.3255,13.174499999999998,0.04625,0.060044851291612744,0.0,1.0
KXNBAPTS-26APR02SASLAC-LACDJONES5-10,2026-04-02,pts,9.5,8.75875,0.7412500000000009,0.399,0.38333581258198823,0.0,1.0
KXNBAPTS-26APR02SASLAC-LACDJONES5-15,2026-04-02,pts,14.5,8.75875,5.741250000000001,0.126,0.11198670703326319,0.0,1.0
KXNBAPTS-26APR02SASLAC-LACDJONES5-20,2026-04-02,pts,19.5,8.75875,10.74125,0.0275,0.024215482036429203,0.0,1.0
KXNBAPTS-26APR02SASLAC-LACJCOLLINS20-10,2026-04-02,pts,9.5,10.899,-1.3989999999999991,0.566,0.5497940234409837,1.0,1.0
KXNBAPTS-26APR02SASLAC-LACJCOLLINS20-15,2026-04-02,pts,14.5,10.899,3.601000000000001,0.24175,0.22940940799526266,1.0,1.0
KXNBAPTS-26APR02SASLAC-LACJCOLLINS20-20,2026-04-02,pts,19.5,10.899,8.601,0.07525,0.07317961431063558,0.0,1.0
KXNBAPTS-26APR02SASLAC-LACKLEONARD2-25,2026-04-02,pts,24.5,21.19875,3.3012499999999996,0.31425,0.32250291515227514,0.0,1.0
KXNBAPTS-26APR02SASLAC-LACKLEONARD2-30,2026-04-02,pts,29.5,21.19875,8.30125,0.14675,0.1821793462460688,0.0,1.0
KXNBAPTS-26APR02SASLAC-LACKLEONARD2-35,2026-04-02,pts,34.5,21.19875,13.30125,0.055,0.09501709187490404,0.0,1.0
KXNBAPTS-26APR02SASLAC-LACKLEONARD2-40,2026-04-02,pts,39.5,21.19875,18.30125,0.0195,0.046433767135969806,0.0,1.0
KXNBAPTS-26APR02SASLAC-SASDFOX4-10,2026-04-02,pts,9.5,13.26725,-3.7672500000000007,0.72425,0.6907113731186285,1.0,1.0
KXNBAPTS-26APR02SASLAC-SASDFOX4-15,2026-04-02,pts,14.5,13.26725,1.2327499999999993,0.38625,0.3735500545776377,1.0,1.0
KXNBAPTS-26APR02SASLAC-SASDFOX4-20,2026-04-02,pts,19.5,13.26725,6.232749999999999,0.15075,0.15985956482204922,1.0,1.0
KXNBAPTS-26APR02SASLAC-SASDFOX4-25,2026-04-02,pts,24.5,13.26725,11.23275,0.039,0.05763448027569995,0.0,1.0
KXNBAPTS-26APR02SASLAC-SASDHARPER2-10,2026-04-02,pts,9.5,10.684,-1.1839999999999993,0.55325,0.5346606677020245,1.0,1.0
KXNBAPTS-26APR02SASLAC-SASDHARPER2-15,2026-04-02,pts,14.5,10.684,3.8160000000000007,0.227,0.21661000074038572,1.0,1.0
KXNBAPTS-26APR02SASLAC-SASDHARPER2-20,2026-04-02,pts,19.5,10.684,8.816,0.0605,0.066873161010776,0.0,1.0
KXNBAPTS-26APR02SASLAC-SASDVASSELL24-10,2026-04-02,pts,9.5,11.3255,-1.8255,0.588,0.5786552785435601,1.0,1.0
KXNBAPTS-26APR02SASLAC-SASDVASSELL24-15,2026-04-02,pts,14.5,11.3255,3.1745,0.26025,0.2551425692452626,0.0,1.0
KXNBAPTS-26APR02SASLAC-SASDVASSELL24-20,2026-04-02,pts,19.5,11.3255,8.1745,0.08975,0.08654973083937134,0.0,1.0
KXNBAPTS-26APR02SASLAC-SASDVASSELL24-25,2026-04-02,pts,24.5,11.3255,13.1745,0.024,0.024409043473590852,0.0,1.0
KXNBAPTS-26APR02SASLAC-SASSCASTLE5-10,2026-04-02,pts,9.5,14.07575,-4.575749999999999,0.75275,0.7285841101447272,1.0,1.0
KXNBAPTS-26APR02SASLAC-SASSCASTLE5-15,2026-04-02,pts,14.5,14.07575,0.4242500000000007,0.43475,0.4213095740755284,1.0,1.0
KXNBAPTS-26APR02SASLAC-SASSCASTLE5-20,2026-04-02,pts,19.5,14.07575,5.424250000000001,0.18775,0.19496666479725966,1.0,1.0
KXNBAPTS-26APR02SASLAC-SASSCASTLE5-25,2026-04-02,pts,24.5,14.07575,10.42425,0.064,0.07642950964560113,0.0,1.0
KXNBAREB-26APR02SASLAC-LACBLOPEZ11-2,2026-04-02,reb,1.5,4.644,-3.144,0.93025,0.9087649328953495,1.0,1.0
KXNBAREB-26APR02SASLAC-LACBLOPEZ11-4,2026-04-02,reb,3.5,4.644,-1.1440000000000001,0.663,0.6321788884922569,1.0,1.0
KXNBAREB-26APR02SASLAC-LACBLOPEZ11-5,2026-04-02,reb,4.5,4.644,-0.14400000000000013,0.48325,0.47228520072046076,1.0,1.0
KXNBAREB-26APR02SASLAC-LACBLOPEZ11-6,2026-04-02,reb,5.5,4.644,0.8559999999999999,0.31975,0.33021717707293174,1.0,1.0
KXNBAREB-26APR02SASLAC-LACBLOPEZ11-8,2026-04-02,reb,7.5,4.644,2.856,0.1185,0.13609798608391632,0.0,1.0
KXNBAREB-26APR02SASLAC-LACBMATHURIN9-10,2026-04-02,reb,9.5,4.8185,4.6815,0.042,0.05480003915199727,0.0,1.0
KXNBAREB-26APR02SASLAC-LACBMATHURIN9-2,2026-04-02,reb,1.5,4.8185,-3.3185000000000002,0.93725,0.9174450695182074,1.0,1.0
KXNBAREB-26APR02SASLAC-LACBMATHURIN9-4,2026-04-02,reb,3.5,4.8185,-1.3185000000000002,0.67975,0.6555629280121535,1.0,1.0
KXNBAREB-26APR02SASLAC-LACBMATHURIN9-6,2026-04-02,reb,5.5,4.8185,0.6814999999999998,0.348,0.3555501262336692,1.0,1.0
KXNBAREB-26APR02SASLAC-LACBMATHURIN9-8,2026-04-02,reb,7.5,4.8185,2.6814999999999998,0.13475,0.15297156339159235,0.0,1.0
KXNBAREB-26APR02SASLAC-LACJCOLLINS20-10,2026-04-02,reb,9.5,5.421,4.079,0.06775,0.08914954202068337,0.0,1.0
KXNBAREB-26APR02SASLAC-LACJCOLLINS20-2,2026-04-02,reb,1.5,5.421,-3.9210000000000003,0.95075,0.9412742151695439,1.0,1.0
KXNBAREB-26APR02SASLAC-LACJCOLLINS20-4,2026-04-02,reb,3.5,5.421,-1.9210000000000003,0.757,0.7266643718270642,1.0,1.0
KXNBAREB-26APR02SASLAC-LACJCOLLINS20-6,2026-04-02,reb,5.5,5.421,0.07899999999999974,0.45525,0.44102138041761996,1.0,1.0
KXNBAREB-26APR02SASLAC-LACJCOLLINS20-8,2026-04-02,reb,7.5,5.421,2.0789999999999997,0.1995,0.21625863238523824,0.0,1.0
KXNBAREB-26APR02SASLAC-LACKLEONARD2-10,2026-04-02,reb,9.5,6.0675,3.4325,0.11175,0.13544465223334234,0.0,1.0
KXNBAREB-26APR02SASLAC-LACKLEONARD2-12,2026-04-02,reb,11.5,6.0675,5.4325,0.0285,0.05541530857341659,0.0,1.0
KXNBAREB-26APR02SASLAC-LACKLEONARD2-6,2026-04-02,reb,5.5,6.0675,-0.5674999999999999,0.553,0.5264297221697753,1.0,1.0
KXNBAREB-26APR02SASLAC-LACKLEONARD2-7,2026-04-02,reb,6.5,6.0675,0.4325000000000001,0.4045,0.3993817735608296,0.0,1.0
KXNBAREB-26APR02SASLAC-LACKLEONARD2-8,2026-04-02,reb,7.5,6.0675,1.4325,0.27525,0.28971525540374354,0.0,1.0
KXNBAREB-26APR02SASLAC-SASDFOX4-10,2026-04-02,reb,9.5,2.9,6.6,0.0015,0.0038922792288154096,0.0,1.0
KXNBAREB-26APR02SASLAC-SASDFOX4-2,2026-04-02,reb,1.5,2.9,-1.4,0.769,0.7462049297758795,1.0,1.0
KXNBAREB-26APR02SASLAC-SASDFOX4-4,2026-04-02,reb,3.5,2.9,0.6000000000000001,0.3365,0.33180191323493613,1.0,1.0
KXNBAREB-26APR02SASLAC-SASDFOX4-6,2026-04-02,reb,5.5,2.9,2.6,0.07975,0.09820937912398242,1.0,1.0
KXNBAREB-26APR02SASLAC-SASDFOX4-8,2026-04-02,reb,7.5,2.9,4.6,0.01375,0.021739229880137434,1.0,1.0
KXNBAREB-26APR02SASLAC-SASSCASTLE5-2,2026-04-02,reb,1.5,4.63975,-3.1397500000000003,0.933,0.9085418623684492,1.0,1.0
KXNBAREB-26APR02SASLAC-SASSCASTLE5-4,2026-04-02,reb,3.5,4.63975,-1.1397500000000003,0.65575,0.6315931892818627,1.0,1.0
KXNBAREB-26APR02SASLAC-SASSCASTLE5-5,2026-04-02,reb,4.5,4.63975,-0.13975000000000026,0.479,0.4716349018136984,0.0,1.0
KXNBAREB-26APR02SASLAC-SASSCASTLE5-6,2026-04-02,reb,5.5,4.63975,0.8602499999999997,0.32575,0.32959889245251794,0.0,1.0
KXNBAREB-26APR02SASLAC-SASSCASTLE5-8,2026-04-02,reb,7.5,4.63975,2.8602499999999997,0.1185,0.13569678178651678,0.0,1.0
KXNBAAST-26APR02SASLAC-LACBMATHURIN9-10,2026-04-02,ast,9.5,1.79425,7.70575,0.0,0.00014500029984365614,0.0,1.0
KXNBAAST-26APR02SASLAC-LACBMATHURIN9-2,2026-04-02,ast,1.5,1.79425,-0.2942499999999999,0.525,0.5171837853354422,1.0,1.0
KXNBAAST-26APR02SASLAC-LACBMATHURIN9-4,2026-04-02,ast,3.5,1.79425,1.70575,0.11575,0.12189135478851432,0.0,1.0
KXNBAAST-26APR02SASLAC-LACBMATHURIN9-6,2026-04-02,ast,5.5,1.79425,3.70575,0.012,0.017409620597760633,0.0,1.0
KXNBAAST-26APR02SASLAC-LACBMATHURIN9-8,2026-04-02,ast,7.5,1.79425,5.70575,0.00075,0.0017858528942652496,0.0,1.0
KXNBAAST-26APR02SASLAC-LACDGARLAND10-10,2026-04-02,ast,9.5,5.7435,3.7565,0.08225,0.10935540266668364,0.0,1.0
KXNBAAST-26APR02SASLAC-LACDGARLAND10-12,2026-04-02,ast,11.5,5.7435,5.7565,0.01825,0.04131035676752037,0.0,1.0
KXNBAAST-26APR02SASLAC-LACDGARLAND10-4,2026-04-02,ast,3.5,5.7435,-2.2435,0.8015,0.7618135275247356,0.0,1.0
KXNBAAST-26APR02SASLAC-LACDGARLAND10-6,2026-04-02,ast,5.5,5.7435,-0.24350000000000005,0.50725,0.48578381043623575,0.0,1.0
KXNBAAST-26APR02SASLAC-LACDGARLAND10-8,2026-04-02,ast,7.5,5.7435,1.7565,0.239,0.2513859667160655,0.0,1.0
KXNBAAST-26APR02SASLAC-SASDFOX4-10,2026-04-02,ast,9.5,4.26675,5.23325,0.01475,0.03049922905738922,0.0,1.0
KXNBAAST-26APR02SASLAC-SASDFOX4-2,2026-04-02,ast,1.5,4.26675,-2.76675,0.91725,0.8884823245528518,1.0,1.0
KXNBAAST-26APR02SASLAC-SASDFOX4-4,2026-04-02,ast,3.5,4.26675,-0.76675,0.60675,0.5788664837360338,1.0,1.0
KXNBAAST-26APR02SASLAC-SASDFOX4-6,2026-04-02,ast,5.5,4.26675,1.23325,0.26375,0.27478581732305773,0.0,1.0
KXNBAAST-26APR02SASLAC-SASDFOX4-8,2026-04-02,ast,7.5,4.26675,3.23325,0.07825,0.10105920731389229,0.0,1.0
KXNBAAST-26APR02SASLAC-SASSCASTLE5-10,2026-04-02,ast,9.5,5.76625,3.7337499999999997,0.08,0.11098783261360123,0.0,1.0
KXNBAAST-26APR02SASLAC-SASSCASTLE5-12,2026-04-02,ast,11.5,5.76625,5.73375,0.019,0.0421245665208424,0.0,1.0
KXNBAAST-26APR02SASLAC-SASSCASTLE5-6,2026-04-02,ast,5.5,5.76625,-0.2662500000000003,0.5065,0.48881746813118543,0.0,1.0
KXNBAAST-26APR02SASLAC-SASSCASTLE5-7,2026-04-02,ast,6.5,5.76625,0.7337499999999997,0.364,0.3608781111387236,0.0,1.0
KXNBAAST-26APR02SASLAC-SASSCASTLE5-8,2026-04-02,ast,7.5,5.76625,1.7337499999999997,0.238,0.2539967518565588,0.0,1.0
KXNBA3PT-26APR02SASLAC-LACBMATHURIN9-1,2026-04-02,fg3m,0.5,0.7285,-0.22850000000000004,0.51225,0.5013260806928352,0.0,1.0
KXNBA3PT-26APR02SASLAC-LACBMATHURIN9-2,2026-04-02,fg3m,1.5,0.7285,0.7715,0.166,0.16969120717904373,0.0,1.0
KXNBA3PT-26APR02SASLAC-LACBMATHURIN9-3,2026-04-02,fg3m,2.5,0.7285,1.7715,0.03925,0.044971138796857324,0.0,1.0
KXNBA3PT-26APR02SASLAC-LACBMATHURIN9-4,2026-04-02,fg3m,3.5,0.7285,2.7715,0.00875,0.010079772317034386,0.0,1.0
KXNBA3PT-26APR02SASLAC-LACBMATHURIN9-5,2026-04-02,fg3m,4.5,0.7285,3.7715,0.0015,0.0019990042582230805,0.0,1.0
KXNBA3PT-26APR02SASLAC-LACDGARLAND10-1,2026-04-02,fg3m,0.5,2.7965,-2.2965,0.928,0.9077011068146613,1.0,1.0
KXNBA3PT-26APR02SASLAC-LACDGARLAND10-2,2026-04-02,fg3m,1.5,2.7965,-1.2965,0.75425,0.7187923641666487,0.0,1.0
KXNBA3PT-26APR02SASLAC-LACDGARLAND10-3,2026-04-02,fg3m,2.5,2.7965,-0.2965,0.514,0.5001470214906213,0.0,1.0
KXNBA3PT-26APR02SASLAC-LACDGARLAND10-4,2026-04-02,fg3m,3.5,2.7965,0.7035,0.30975,0.31189749373068487,0.0,1.0
KXNBA3PT-26APR02SASLAC-LACDGARLAND10-5,2026-04-02,fg3m,4.5,2.7965,1.7035,0.1675,0.1777197190853521,0.0,1.0
KXNBA3PT-26APR02SASLAC-LACKLEONARD2-1,2026-04-02,fg3m,0.5,1.9295,-1.4295,0.83975,0.8209785574470364,1.0,1.0
KXNBA3PT-26APR02SASLAC-LACKLEONARD2-2,2026-04-02,fg3m,1.5,1.9295,-0.4295,0.5705,0.545250858102153,1.0,1.0
KXNBA3PT-26APR02SASLAC-LACKLEONARD2-3,2026-04-02,fg3m,2.5,1.9295,0.5705,0.3075,0.30509767290772394,1.0,1.0
KXNBA3PT-26APR02SASLAC-LACKLEONARD2-4,2026-04-02,fg3m,3.5,1.9295,1.5705,0.135,0.1495004662524151,1.0,1.0
KXNBA3PT-26APR02SASLAC-LACKLEONARD2-5,2026-04-02,fg3m,4.5,1.9295,2.5705,0.05375,0.06604240995646005,0.0,1.0
KXNBA3PT-26APR02SASLAC-SASDFOX4-1,2026-04-02,fg3m,0.5,1.2885,-0.7885,0.72,0.6959691517569202,1.0,1.0
KXNBA3PT-26APR02SASLAC-SASDFOX4-2,2026-04-02,fg3m,1.5,1.2885,0.21150000000000002,0.36725,0.36079981007149087,0.0,1.0
KXNBA3PT-26APR02SASLAC-SASDFOX4-3,2026-04-02,fg3m,2.5,1.2885,1.2115,0.1425,0.15184925420449813,0.0,1.0
KXNBA3PT-26APR02SASLAC-SASDFOX4-4,2026-04-02,fg3m,3.5,1.2885,2.2115,0.04225,0.05494825257672542,0.0,1.0
KXNBA3PT-26APR02SASLAC-SASDFOX4-5,2026-04-02,fg3m,4.5,1.2885,3.2115,0.013,0.017746275013503676,0.0,1.0
KXNBA3PT-26APR02SASLAC-SASSCASTLE5-1,2026-04-02,fg3m,0.5,1.1455,-0.6455,0.68025,0.6560595127763644,1.0,1.0
KXNBA3PT-26APR02SASLAC-SASSCASTLE5-2,2026-04-02,fg3m,1.5,1.1455,0.35450000000000004,0.30925,0.3134829021418155,1.0,1.0
KXNBA3PT-26APR02SASLAC-SASSCASTLE5-3,2026-04-02,fg3m,2.5,1.1455,1.3545,0.11275,0.12052404260268634,1.0,1.0
KXNBA3PT-26APR02SASLAC-SASSCASTLE5-4,2026-04-02,fg3m,3.5,1.1455,2.3545,0.034,0.03967456280406845,0.0,1.0
KXNBA3PT-26APR02SASLAC-SASSCASTLE5-5,2026-04-02,fg3m,4.5,1.1455,3.3545,0.00775,0.011630381824181302,0.0,1.0
KXNBAPTS-26APR02LALOKC-LALAREAVES15-10,2026-04-02,pts,9.5,17.47725,-7.9772500000000015,0.8695,0.8430218446957054,1.0,1.0
KXNBAPTS-26APR02LALOKC-LALAREAVES15-15,2026-04-02,pts,14.5,17.47725,-2.9772500000000015,0.63475,0.5973389183907769,1.0,1.0
KXNBAPTS-26APR02LALOKC-LALAREAVES15-20,2026-04-02,pts,19.5,17.47725,2.0227499999999985,0.36925,0.35392527412966523,0.0,1.0
KXNBAPTS-26APR02LALOKC-LALAREAVES15-25,2026-04-02,pts,24.5,17.47725,7.0227499999999985,0.16575,0.18171060117777915,0.0,1.0
KXNBAPTS-26APR02LALOKC-LALAREAVES15-30,2026-04-02,pts,29.5,17.47725,12.022749999999998,0.06025,0.08342142150734078,0.0,1.0
KXNBAPTS-26APR02LALOKC-LALDAYTON5-10,2026-04-02,pts,9.5,8.94175,0.5582499999999992,0.42875,0.398764559390854,0.0,1.0
KXNBAPTS-26APR02LALOKC-LALDAYTON5-15,2026-04-02,pts,14.5,8.94175,5.558249999999999,0.124,0.12086300457683352,0.0,1.0
KXNBAPTS-26APR02LALOKC-LALDAYTON5-20,2026-04-02,pts,19.5,8.94175,10.55825,0.023,0.027190513861700794,0.0,1.0
KXNBAPTS-26APR02LALOKC-LALLDONCIC77-30,2026-04-02,pts,29.5,26.387,3.1129999999999995,0.3365,0.34842855911110715,0.0,1.0
KXNBAPTS-26APR02LALOKC-LALLDONCIC77-35,2026-04-02,pts,34.5,26.387,8.113,0.168,0.22172782003060398,0.0,1.0
KXNBAPTS-26APR02LALOKC-LALLDONCIC77-40,2026-04-02,pts,39.5,26.387,13.113,0.07225,0.13317962821956963,0.0,1.0
KXNBAPTS-26APR02LALOKC-LALLDONCIC77-45,2026-04-02,pts,44.5,26.387,18.113,0.0285,0.07619044775220352,0.0,1.0
KXNBAPTS-26APR02LALOKC-LALLJAMES23-10,2026-04-02,pts,9.5,16.02825,-6.52825,0.8425,0.8020380157682283,1.0,1.0
KXNBAPTS-26APR02LALOKC-LALLJAMES23-15,2026-04-02,pts,14.5,16.02825,-1.5282499999999999,0.56825,0.5279688776804187,0.0,1.0
KXNBAPTS-26APR02LALOKC-LALLJAMES23-20,2026-04-02,pts,19.5,16.02825,3.47175,0.2765,0.2854521421883618,0.0,1.0
KXNBAPTS-26APR02LALOKC-LALLJAMES23-25,2026-04-02,pts,24.5,16.02825,8.47175,0.10075,0.1324648912078572,0.0,1.0
KXNBAPTS-26APR02LALOKC-OKCCHOLMGREN7-10,2026-04-02,pts,9.5,13.989,-4.489000000000001,0.75175,0.7247478539464205,0.0,1.0
KXNBAPTS-26APR02LALOKC-OKCCHOLMGREN7-15,2026-04-02,pts,14.5,13.989,0.5109999999999992,0.43925,0.41626774122641197,0.0,1.0
KXNBAPTS-26APR02LALOKC-OKCCHOLMGREN7-20,2026-04-02,pts,19.5,13.989,5.510999999999999,0.17725,0.19110686015915457,0.0,1.0
KXNBAPTS-26APR02LALOKC-OKCCHOLMGREN7-25,2026-04-02,pts,24.5,13.989,10.511,0.05575,0.07427895810083218,0.0,1.0
KXNBAPTS-26APR02LALOKC-OKCIHARTENSTEIN55-10,2026-04-02,pts,9.5,7.273065784029789,2.2269342159702106,0.25817128671907325,0.25461698731271787,0.0,0.60425
KXNBAPTS-26APR02LALOKC-OKCIHARTENSTEIN55-15,2026-04-02,pts,14.5,7.273065784029789,7.226934215970211,0.06081919735208937,0.05189777141569074,0.0,0.60425
KXNBAPTS-26APR02LALOKC-OKCIHARTENSTEIN55-20,2026-04-02,pts,19.5,7.273065784029789,12.22693421597021,0.007447248655357882,0.007655217393237823,0.0,0.60425
KXNBAPTS-26APR02LALOKC-OKCJWILLIAMS8-15,2026-04-02,pts,14.5,13.627194773376889,0.872805226623111,0.4091465904450796,0.3950148740189434,0.0,0.61225
KXNBAPTS-26APR02LALOKC-OKCJWILLIAMS8-20,2026-04-02,pts,19.5,13.627194773376889,5.872805226623111,0.17558187015108206,0.17523695463669575,0.0,0.61225
KXNBAPTS-26APR02LALOKC-OKCJWILLIAMS8-25,2026-04-02,pts,24.5,13.627194773376889,10.872805226623111,0.05634953042057983,0.065653238371425,0.0,0.61225
KXNBAPTS-26APR02LALOKC-OKCJWILLIAMS8-30,2026-04-02,pts,29.5,13.627194773376889,15.872805226623111,0.014699877501020826,0.02168772081436976,0.0,0.61225
KXNBAPTS-26APR02LALOKC-OKCLDORT5-10,2026-04-02,pts,9.5,7.0165,2.4835000000000003,0.26625,0.23251748590382282,1.0,1.0
KXNBAPTS-26APR02LALOKC-OKCLDORT5-15,2026-04-02,pts,14.5,7.0165,7.4835,0.061,0.04394545113298265,0.0,1.0
KXNBAPTS-26APR02LALOKC-OKCLDORT5-20,2026-04-02,pts,19.5,7.0165,12.4835,0.011,0.005987393739978808,0.0,1.0
KXNBAPTS-26APR02LALOKC-OKCSGILGEOUSALEXANDER2-25,2026-04-02,pts,24.5,25.673,-1.1729999999999983,0.5335,0.4872345751028464,1.0,1.0
KXNBAPTS-26APR02LALOKC-OKCSGILGEOUSALEXANDER2-30,2026-04-02,pts,29.5,25.673,3.8270000000000017,0.30275,0.3252258029952979,0.0,1.0
KXNBAPTS-26APR02LALOKC-OKCSGILGEOUSALEXANDER2-35,2026-04-02,pts,34.5,25.673,8.827000000000002,0.14325,0.2023780387389782,0.0,1.0
KXNBAPTS-26APR02LALOKC-OKCSGILGEOUSALEXANDER2-40,2026-04-02,pts,39.5,25.673,13.827000000000002,0.0575,0.11874530456672105,0.0,1.0
KXNBAREB-26APR02LALOKC-LALDAYTON5-10,2026-04-02,reb,9.5,7.21025,2.2897499999999997,0.2115,0.23498308579430938,0.0,1.0
KXNBAREB-26APR02LALOKC-LALDAYTON5-12,2026-04-02,reb,11.5,7.21025,4.28975,0.089,0.11581601308557654,0.0,1.0
KXNBAREB-26APR02LALOKC-LALDAYTON5-4,2026-04-02,reb,3.5,7.21025,-3.7102500000000003,0.89575,0.8650962828516342,0.0,1.0
KXNBAREB-26APR02LALOKC-LALDAYTON5-6,2026-04-02,reb,5.5,7.21025,-1.7102500000000003,0.704,0.6550450895556205,0.0,1.0
KXNBAREB-26APR02LALOKC-LALDAYTON5-8,2026-04-02,reb,7.5,7.21025,0.28974999999999973,0.42975,0.42176632790236557,0.0,1.0
KXNBAREB-26APR02LALOKC-LALLDONCIC77-10,2026-04-02,reb,9.5,7.31425,2.1857499999999996,0.21275,0.2447895833559527,0.0,1.0
KXNBAREB-26APR02LALOKC-LALLDONCIC77-12,2026-04-02,reb,11.5,7.31425,4.18575,0.07725,0.12241873390868185,0.0,1.0
KXNBAREB-26APR02LALOKC-LALLDONCIC77-4,2026-04-02,reb,3.5,7.31425,-3.8142500000000004,0.92075,0.8705509163833853,1.0,1.0
KXNBAREB-26APR02LALOKC-LALLDONCIC77-6,2026-04-02,reb,5.5,7.31425,-1.8142500000000004,0.72275,0.6652268212598479,0.0,1.0
KXNBAREB-26APR02LALOKC-LALLDONCIC77-8,2026-04-02,reb,7.5,7.31425,0.18574999999999964,0.4565,0.4334492403722282,0.0,1.0
KXNBAREB-26APR02LALOKC-LALLJAMES23-10,2026-04-02,reb,9.5,6.10975,3.39025,0.10425,0.13876886955649248,0.0,1.0
KXNBAREB-26APR02LALOKC-LALLJAMES23-2,2026-04-02,reb,1.5,6.10975,-4.60975,0.982,0.9598413184633987,1.0,1.0
KXNBAREB-26APR02LALOKC-LALLJAMES23-4,2026-04-02,reb,3.5,6.10975,-2.60975,0.83725,0.7913199072369712,1.0,1.0
KXNBAREB-26APR02LALOKC-LALLJAMES23-6,2026-04-02,reb,5.5,6.10975,-0.60975,0.566,0.5317184490876197,1.0,1.0
KXNBAREB-26APR02LALOKC-LALLJAMES23-8,2026-04-02,reb,7.5,6.10975,1.39025,0.272,0.29461763923376105,0.0,1.0
KXNBAREB-26APR02LALOKC-OKCCHOLMGREN7-10,2026-04-02,reb,9.5,7.7785,1.7214999999999998,0.2625,0.2893875288214929,0.0,1.0
KXNBAREB-26APR02LALOKC-OKCCHOLMGREN7-12,2026-04-02,reb,11.5,7.7785,3.7215,0.1115,0.15381526077578067,0.0,1.0
KXNBAREB-26APR02LALOKC-OKCCHOLMGREN7-6,2026-04-02,reb,5.5,7.7785,-2.2785,0.762,0.7076320951859372,0.0,1.0
KXNBAREB-26APR02LALOKC-OKCCHOLMGREN7-8,2026-04-02,reb,7.5,7.7785,-0.2785000000000002,0.50725,0.48428451812571716,0.0,1.0
KXNBAREB-26APR02LALOKC-OKCCHOLMGREN7-9,2026-04-02,reb,8.5,7.7785,0.7214999999999998,0.37925,0.3803352159051566,0.0,1.0
KXNBAREB-26APR02LALOKC-OKCIHARTENSTEIN55-10,2026-04-02,reb,9.5,7.57261067438974,1.9273893256102603,0.24493173355399256,0.26947158179815867,0.0,0.60425
KXNBAREB-26APR02LALOKC-OKCIHARTENSTEIN55-12,2026-04-02,reb,11.5,7.57261067438974,3.9273893256102603,0.0964004964832437,0.13952057817962094,0.0,0.60425
KXNBAREB-26APR02LALOKC-OKCIHARTENSTEIN55-6,2026-04-02,reb,5.5,7.57261067438974,-2.0726106743897397,0.7513446421183285,0.6894329503506581,1.0,0.60425
KXNBAREB-26APR02LALOKC-OKCIHARTENSTEIN55-8,2026-04-02,reb,7.5,7.57261067438974,-0.07261067438973967,0.4927596193628465,0.4620259404313398,0.0,0.60425
KXNBAREB-26APR02LALOKC-OKCIHARTENSTEIN55-9,2026-04-02,reb,8.5,7.57261067438974,0.9273893256102603,0.3574679354571783,0.3585927487965904,0.0,0.60425
KXNBAREB-26APR02LALOKC-OKCJWILLIAMS8-10,2026-04-02,reb,9.5,3.828501429154757,5.671498570845243,0.014699877501020826,0.018397685951475617,0.0,0.61225
KXNBAREB-26APR02LALOKC-OKCJWILLIAMS8-2,2026-04-02,reb,1.5,3.828501429154757,-2.328501429154757,0.8607594936708861,0.8534203641291116,1.0,0.61225
KXNBAREB-26APR02LALOKC-OKCJWILLIAMS8-4,2026-04-02,reb,3.5,3.828501429154757,-0.3285014291547572,0.5059207839934667,0.5056557794438896,1.0,0.61225
KXNBAREB-26APR02LALOKC-OKCJWILLIAMS8-6,2026-04-02,reb,5.5,3.828501429154757,1.6714985708452428,0.20947325438954675,0.2132033937085306,1.0,0.61225
KXNBAREB-26APR02LALOKC-OKCJWILLIAMS8-8,2026-04-02,reb,7.5,3.828501429154757,3.671498570845243,0.062474479379338504,0.069164016932314,1.0,0.61225
KXNBAREB-26APR02LALOKC-OKCSGILGEOUSALEXANDER2-2,2026-04-02,reb,1.5,4.04825,-2.5482500000000003,0.8895,0.8711306814345824,1.0,1.0
KXNBAREB-26APR02LALOKC-OKCSGILGEOUSALEXANDER2-4,2026-04-02,reb,3.5,4.04825,-0.5482500000000003,0.5605,0.5425107719946616,1.0,1.0
KXNBAREB-26APR02LALOKC-OKCSGILGEOUSALEXANDER2-5,2026-04-02,reb,4.5,4.04825,0.45174999999999965,0.39,0.3773361846099078,1.0,1.0
KXNBAREB-26APR02LALOKC-OKCSGILGEOUSALEXANDER2-6,2026-04-02,reb,5.5,4.04825,1.4517499999999997,0.23525,0.24405532314750977,1.0,1.0
KXNBAREB-26APR02LALOKC-OKCSGILGEOUSALEXANDER2-8,2026-04-02,reb,7.5,4.04825,3.4517499999999997,0.0655,0.08504824831013147,0.0,1.0
KXNBAAST-26APR02LALOKC-LALAREAVES15-2,2026-04-02,ast,1.5,4.27575,-2.7757500000000004,0.91925,0.8890723582710025,0.0,1.0
KXNBAAST-26APR02LALOKC-LALAREAVES15-4,2026-04-02,ast,3.5,4.27575,-0.7757500000000004,0.61325,0.5802604643622651,0.0,1.0
KXNBAAST-26APR02LALOKC-LALAREAVES15-5,2026-04-02,ast,4.5,4.27575,0.22424999999999962,0.4245,0.41490454108940755,0.0,1.0
KXNBAAST-26APR02LALOKC-LALAREAVES15-6,2026-04-02,ast,5.5,4.27575,1.2242499999999996,0.26675,0.27609498336490856,0.0,1.0
KXNBAAST-26APR02LALOKC-LALAREAVES15-8,2026-04-02,ast,7.5,4.27575,3.2242499999999996,0.0705,0.10180847421935146,0.0,1.0
KXNBAAST-26APR02LALOKC-LALLDONCIC77-10,2026-04-02,ast,9.5,5.99,3.51,0.08575,0.12763369323135965,0.0,1.0
KXNBAAST-26APR02LALOKC-LALLDONCIC77-12,2026-04-02,ast,11.5,5.99,5.51,0.0195,0.05066072297037505,0.0,1.0
KXNBAAST-26APR02LALOKC-LALLDONCIC77-4,2026-04-02,ast,3.5,5.99,-2.49,0.84075,0.7841404850293563,1.0,1.0
KXNBAAST-26APR02LALOKC-LALLDONCIC77-6,2026-04-02,ast,5.5,5.99,-0.4900000000000002,0.5535,0.5180987190831673,1.0,1.0
KXNBAAST-26APR02LALOKC-LALLDONCIC77-8,2026-04-02,ast,7.5,5.99,1.5099999999999998,0.2605,0.2798952838863138,0.0,1.0
KXNBAAST-26APR02LALOKC-LALLJAMES23-10,2026-04-02,ast,9.5,5.56925,3.9307499999999997,0.06075,0.09723731975972971,0.0,1.0
KXNBAAST-26APR02LALOKC-LALLJAMES23-12,2026-04-02,ast,11.5,5.56925,5.93075,0.01375,0.03539991870232828,0.0,1.0
KXNBAAST-26APR02LALOKC-LALLJAMES23-6,2026-04-02,ast,5.5,5.56925,-0.06925000000000026,0.4815,0.4622239895461,0.0,1.0
KXNBAAST-26APR02LALOKC-LALLJAMES23-7,2026-04-02,ast,6.5,5.56925,0.9307499999999997,0.329,0.33525085721573233,0.0,1.0
KXNBAAST-26APR02LALOKC-LALLJAMES23-8,2026-04-02,ast,7.5,5.56925,1.9307499999999997,0.20925,0.23156410212152367,0.0,1.0
KXNBAAST-26APR02LALOKC-OKCLDORT5-1,2026-04-02,ast,0.5,1.10775,-0.60775,0.6595,0.6515736901690716,1.0,1.0
KXNBAAST-26APR02LALOKC-OKCLDORT5-2,2026-04-02,ast,1.5,1.10775,0.39225,0.29725,0.3016534872035239,0.0,1.0
KXNBAAST-26APR02LALOKC-OKCLDORT5-4,2026-04-02,ast,3.5,1.10775,2.3922499999999998,0.032,0.03335237242819167,0.0,1.0
KXNBAAST-26APR02LALOKC-OKCLDORT5-6,2026-04-02,ast,5.5,1.10775,4.39225,0.00125,0.0021193573818014677,0.0,1.0
KXNBAAST-26APR02LALOKC-OKCLDORT5-8,2026-04-02,ast,7.5,1.10775,6.39225,0.0,9.490701002368152e-05,0.0,1.0
KXNBAAST-26APR02LALOKC-OKCSGILGEOUSALEXANDER2-10,2026-04-02,ast,9.5,5.731,3.769,0.07375,0.10846332480059129,0.0,1.0
KXNBAAST-26APR02LALOKC-OKCSGILGEOUSALEXANDER2-2,2026-04-02,ast,1.5,5.731,-4.231,0.97125,0.9520694588628873,1.0,1.0
KXNBAAST-26APR02LALOKC-OKCSGILGEOUSALEXANDER2-4,2026-04-02,ast,3.5,5.731,-2.231,0.813,0.7606254564407688,1.0,1.0
KXNBAAST-26APR02LALOKC-OKCSGILGEOUSALEXANDER2-6,2026-04-02,ast,5.5,5.731,-0.23099999999999987,0.5025,0.48411269180535277,1.0,1.0
KXNBAAST-26APR02LALOKC-OKCSGILGEOUSALEXANDER2-8,2026-04-02,ast,7.5,5.731,1.7690000000000001,0.23025,0.2499535284167831,0.0,1.0
KXNBA3PT-26APR02LALOKC-LALAREAVES15-1,2026-04-02,fg3m,0.5,1.82025,-1.32025,0.828,0.8045675722046499,1.0,1.0
KXNBA3PT-26APR02LALOKC-LALAREAVES15-2,2026-04-02,fg3m,1.5,1.82025,-0.3202499999999999,0.53825,0.517325384971842,1.0,1.0
KXNBA3PT-26APR02LALOKC-LALAREAVES15-3,2026-04-02,fg3m,2.5,1.82025,0.6797500000000001,0.27875,0.27858140351102456,0.0,1.0
KXNBA3PT-26APR02LALOKC-LALAREAVES15-4,2026-04-02,fg3m,3.5,1.82025,1.67975,0.11725,0.1309692452206055,0.0,1.0
KXNBA3PT-26APR02LALOKC-LALAREAVES15-5,2026-04-02,fg3m,4.5,1.82025,2.6797500000000003,0.0415,0.055413959328291074,0.0,1.0
KXNBA3PT-26APR02LALOKC-LALLDONCIC77-3,2026-04-02,fg3m,2.5,3.27125,-0.7712500000000002,0.6235,0.588965445223465,0.0,1.0
KXNBA3PT-26APR02LALOKC-LALLDONCIC77-4,2026-04-02,fg3m,3.5,3.27125,0.2287499999999998,0.411,0.40126291331244046,0.0,1.0
KXNBA3PT-26APR02LALOKC-LALLDONCIC77-5,2026-04-02,fg3m,4.5,3.27125,1.2287499999999998,0.23775,0.25157577480995164,0.0,1.0
KXNBA3PT-26APR02LALOKC-LALLDONCIC77-6,2026-04-02,fg3m,5.5,3.27125,2.22875,0.119,0.14709829711882583,0.0,1.0
KXNBA3PT-26APR02LALOKC-LALLDONCIC77-7,2026-04-02,fg3m,6.5,3.27125,3.22875,0.04725,0.08110608944146758,0.0,1.0
KXNBA3PT-26APR02LALOKC-LALLJAMES23-1,2026-04-02,fg3m,0.5,1.0465,-0.5465,0.65475,0.6249572141241323,1.0,1.0
KXNBA3PT-26APR02LALOKC-LALLJAMES23-2,2026-04-02,fg3m,1.5,1.0465,0.4535,0.28325,0.27979389576400415,0.0,1.0
KXNBA3PT-26APR02LALOKC-LALLJAMES23-3,2026-04-02,fg3m,2.5,1.0465,1.4535,0.08175,0.10015471557364941,0.0,1.0
KXNBA3PT-26APR02LALOKC-LALLJAMES23-4,2026-04-02,fg3m,3.5,1.0465,2.4535,0.02075,0.030606981607550043,0.0,1.0
KXNBA3PT-26APR02LALOKC-LALLJAMES23-5,2026-04-02,fg3m,4.5,1.0465,3.4535,0.0045,0.008316578172874123,0.0,1.0
KXNBA3PT-26APR02LALOKC-OKCCHOLMGREN7-1,2026-04-02,fg3m,0.5,1.077,-0.577,0.65425,0.6348660361651051,1.0,1.0
KXNBA3PT-26APR02LALOKC-OKCCHOLMGREN7-2,2026-04-02,fg3m,1.5,1.077,0.42300000000000004,0.29375,0.29023913300155835,0.0,1.0
KXNBA3PT-26APR02LALOKC-OKCCHOLMGREN7-3,2026-04-02,fg3m,2.5,1.077,1.423,0.0925,0.1062980528763029,0.0,1.0
KXNBA3PT-26APR02LALOKC-OKCCHOLMGREN7-4,2026-04-02,fg3m,3.5,1.077,2.423,0.02825,0.033265954640683715,0.0,1.0
KXNBA3PT-26APR02LALOKC-OKCCHOLMGREN7-5,2026-04-02,fg3m,4.5,1.077,3.423,0.0065,0.009260946974513518,0.0,1.0
KXNBA3PT-26APR02LALOKC-OKCJWILLIAMS8-1,2026-04-02,fg3m,0.5,0.8538178848509596,-0.35381788485095955,0.5724785626786444,0.5548546297454642,0.0,0.61225
KXNBA3PT-26APR02LALOKC-OKCJWILLIAMS8-2,2026-04-02,fg3m,1.5,0.8538178848509596,0.6461821151490404,0.21069824418129848,0.21301622561907363,0.0,0.61225
KXNBA3PT-26APR02LALOKC-OKCJWILLIAMS8-3,2026-04-02,fg3m,2.5,0.8538178848509596,1.6461821151490406,0.05553287055941201,0.06456887431417213,0.0,0.61225
KXNBA3PT-26APR02LALOKC-OKCJWILLIAMS8-4,2026-04-02,fg3m,3.5,0.8538178848509596,2.6461821151490406,0.013066557778685178,0.016614354711616763,0.0,0.61225
KXNBA3PT-26APR02LALOKC-OKCJWILLIAMS8-5,2026-04-02,fg3m,4.5,0.8538178848509596,3.6461821151490406,0.0016333197223356473,0.0037898777637821457,0.0,0.61225
KXNBA3PT-26APR02LALOKC-OKCSGILGEOUSALEXANDER2-1,2026-04-02,fg3m,0.5,1.426,-0.9259999999999999,0.75525,0.7294697856563253,1.0,1.0
KXNBA3PT-26APR02LALOKC-OKCSGILGEOUSALEXANDER2-2,2026-04-02,fg3m,1.5,1.426,0.07400000000000007,0.422,0.4044157451020305,0.0,1.0
KXNBA3PT-26APR02LALOKC-OKCSGILGEOUSALEXANDER2-3,2026-04-02,fg3m,2.5,1.426,1.074,0.17525,0.18355020055211657,0.0,1.0
KXNBA3PT-26APR02LALOKC-OKCSGILGEOUSALEXANDER2-4,2026-04-02,fg3m,3.5,1.426,2.074,0.054,0.0719137903445064,0.0,1.0
KXNBA3PT-26APR02LALOKC-OKCSGILGEOUSALEXANDER2-5,2026-04-02,fg3m,4.5,1.426,3.074,0.0145,0.025200895673477386,0.0,1.0
KXNBAPTS-26APR02NOPPOR-NOPDQUEEN22-10,2026-04-02,pts,9.5,7.699,1.8010000000000002,0.3195,0.29169542145651917,1.0,1.0
KXNBAPTS-26APR02NOPPOR-NOPDQUEEN22-15,2026-04-02,pts,14.5,7.699,6.801,0.08375,0.06675082945226818,0.0,1.0
KXNBAPTS-26APR02NOPPOR-NOPDQUEEN22-20,2026-04-02,pts,19.5,7.699,11.801,0.0175,0.011125814956709279,0.0,1.0
KXNBAPTS-26APR02NOPPOR-NOPHJONES2-10,2026-04-02,pts,9.5,8.196,1.3040000000000003,0.352,0.3350090074122346,0.0,1.0
KXNBAPTS-26APR02NOPPOR-NOPHJONES2-15,2026-04-02,pts,14.5,8.196,6.304,0.1015,0.08657496640380569,0.0,1.0
KXNBAPTS-26APR02NOPPOR-NOPHJONES2-20,2026-04-02,pts,19.5,8.196,11.304,0.02125,0.01641924079792012,0.0,1.0
KXNBAPTS-26APR02NOPPOR-NOPHJONES2-25,2026-04-02,pts,24.5,8.196,16.304000000000002,0.0035,0.0025350580452924154,0.0,1.0
KXNBAPTS-26APR02NOPPOR-NOPSBEY41-15,2026-04-02,pts,14.5,15.26475,-0.7647499999999994,0.52175,0.48794113729519195,1.0,1.0
KXNBAPTS-26APR02NOPPOR-NOPSBEY41-20,2026-04-02,pts,19.5,15.26475,4.235250000000001,0.247,0.24947551500929688,0.0,1.0
KXNBAPTS-26APR02NOPPOR-NOPSBEY41-25,2026-04-02,pts,24.5,15.26475,9.23525,0.0835,0.10892208664665015,0.0,1.0
KXNBAPTS-26APR02NOPPOR-NOPSBEY41-30,2026-04-02,pts,29.5,15.26475,14.23525,0.01925,0.04218144172190186,0.0,1.0
KXNBAPTS-26APR02NOPPOR-NOPZWILLIAMSON1-15,2026-04-02,pts,14.5,17.212,-2.7119999999999997,0.6325,0.585301957308046,1.0,1.0
KXNBAPTS-26APR02NOPPOR-NOPZWILLIAMSON1-20,2026-04-02,pts,19.5,17.212,2.2880000000000003,0.34275,0.3414632717633106,0.0,1.0
KXNBAPTS-26APR02NOPPOR-NOPZWILLIAMSON1-25,2026-04-02,pts,24.5,17.212,7.288,0.137,0.1723203348026484,0.0,1.0
KXNBAPTS-26APR02NOPPOR-NOPZWILLIAMSON1-30,2026-04-02,pts,29.5,17.212,12.288,0.04425,0.07768503536964988,0.0,1.0
KXNBAPTS-26APR02NOPPOR-PORDAVDIJA8-20,2026-04-02,pts,19.5,18.5735,0.9265000000000008,0.4165,0.4046168614338008,1.0,1.0
KXNBAPTS-26APR02NOPPOR-PORDAVDIJA8-25,2026-04-02,pts,24.5,18.5735,5.926500000000001,0.21875,0.22185637924710122,1.0,1.0
KXNBAPTS-26APR02NOPPOR-PORDAVDIJA8-30,2026-04-02,pts,29.5,18.5735,10.9265,0.08675,0.10920951640458909,0.0,1.0
KXNBAPTS-26APR02NOPPOR-PORDAVDIJA8-35,2026-04-02,pts,34.5,18.5735,15.9265,0.0325,0.04935057428930112,0.0,1.0
KXNBAPTS-26APR02NOPPOR-PORDCLINGAN23-10,2026-04-02,pts,9.5,11.10025,-1.6002500000000008,0.58125,0.5636055976991439,0.0,1.0
KXNBAPTS-26APR02NOPPOR-PORDCLINGAN23-15,2026-04-02,pts,14.5,11.10025,3.399749999999999,0.25875,0.24150319944133447,0.0,1.0
KXNBAPTS-26APR02NOPPOR-PORDCLINGAN23-20,2026-04-02,pts,19.5,11.10025,8.39975,0.0775,0.07934860333820448,0.0,1.0
KXNBAPTS-26APR02NOPPOR-PORDCLINGAN23-25,2026-04-02,pts,24.5,11.10025,13.39975,0.016,0.02164173558637117,0.0,1.0
KXNBAPTS-26APR02NOPPOR-PORJHOLIDAY5-15,2026-04-02,pts,14.5,14.76175,-0.26174999999999926,0.4775,0.46034956544088135,1.0,1.0
KXNBAPTS-26APR02NOPPOR-PORJHOLIDAY5-20,2026-04-02,pts,19.5,14.76175,4.738250000000001,0.23175,0.2261054733625305,1.0,1.0
KXNBAPTS-26APR02NOPPOR-PORJHOLIDAY5-25,2026-04-02,pts,24.5,14.76175,9.73825,0.086,0.09451308456899854,1.0,1.0
KXNBAPTS-26APR02NOPPOR-PORJHOLIDAY5-30,2026-04-02,pts,29.5,14.76175,14.73825,0.02475,0.03497781952144341,0.0,1.0
KXNBAPTS-26APR02NOPPOR-PORTCAMARA33-10,2026-04-02,pts,9.5,11.88375,-2.383749999999999,0.6255,0.6140871658321263,1.0,1.0
KXNBAPTS-26APR02NOPPOR-PORTCAMARA33-15,2026-04-02,pts,14.5,11.88375,2.616250000000001,0.301,0.28924344097752597,1.0,1.0
KXNBAPTS-26APR02NOPPOR-PORTCAMARA33-20,2026-04-02,pts,19.5,11.88375,7.616250000000001,0.10625,0.10567836568374656,1.0,1.0
KXNBAPTS-26APR02NOPPOR-PORTCAMARA33-25,2026-04-02,pts,24.5,11.88375,12.61625,0.0275,0.03222282218284178,0.0,1.0
KXNBAREB-26APR02NOPPOR-NOPDQUEEN22-2,2026-04-02,reb,1.5,4.211,-2.7110000000000003,0.8905,0.882800869886078,1.0,1.0
KXNBAREB-26APR02NOPPOR-NOPDQUEEN22-4,2026-04-02,reb,3.5,4.211,-0.7110000000000003,0.579,0.568515253311352,1.0,1.0
KXNBAREB-26APR02NOPPOR-NOPDQUEEN22-5,2026-04-02,reb,4.5,4.211,0.2889999999999997,0.415,0.403937201576942,1.0,1.0
KXNBAREB-26APR02NOPPOR-NOPDQUEEN22-6,2026-04-02,reb,5.5,4.211,1.2889999999999997,0.26975,0.26735842838330404,1.0,1.0
KXNBAREB-26APR02NOPPOR-NOPDQUEEN22-8,2026-04-02,reb,7.5,4.211,3.2889999999999997,0.087,0.09788799972725704,0.0,1.0
KXNBAREB-26APR02NOPPOR-NOPHJONES2-2,2026-04-02,reb,1.5,2.7505,-1.2505000000000002,0.74925,0.7227099736230136,1.0,1.0
KXNBAREB-26APR02NOPPOR-NOPHJONES2-3,2026-04-02,reb,2.5,2.7505,-0.25050000000000017,0.51225,0.49705283460121175,1.0,1.0
KXNBAREB-26APR02NOPPOR-NOPHJONES2-4,2026-04-02,reb,3.5,2.7505,0.7494999999999998,0.30025,0.3021486407465852,1.0,1.0
KXNBAREB-26APR02NOPPOR-NOPHJONES2-6,2026-04-02,reb,5.5,2.7505,2.7495,0.0665,0.08315369200077838,0.0,1.0
KXNBAREB-26APR02NOPPOR-NOPHJONES2-8,2026-04-02,reb,7.5,2.7505,4.749499999999999,0.01,0.017037688587214217,0.0,1.0
KXNBAREB-26APR02NOPPOR-NOPZWILLIAMSON1-10,2026-04-02,reb,9.5,4.554,4.946,0.0275,0.042643738308010715,0.0,1.0
KXNBAREB-26APR02NOPPOR-NOPZWILLIAMSON1-2,2026-04-02,reb,1.5,4.554,-3.0540000000000003,0.9295,0.9039159591621082,0.0,1.0
KXNBAREB-26APR02NOPPOR-NOPZWILLIAMSON1-4,2026-04-02,reb,3.5,4.554,-1.0540000000000003,0.645,0.6196104378042999,0.0,1.0
KXNBAREB-26APR02NOPPOR-NOPZWILLIAMSON1-6,2026-04-02,reb,5.5,4.554,0.9459999999999997,0.31,0.317118684862965,0.0,1.0
KXNBAREB-26APR02NOPPOR-NOPZWILLIAMSON1-8,2026-04-02,reb,7.5,4.554,2.9459999999999997,0.1085,0.1277062758330728,0.0,1.0
KXNBAREB-26APR02NOPPOR-PORDAVDIJA8-10,2026-04-02,reb,9.5,6.1755,3.3244999999999996,0.117,0.1440076773708613,0.0,1.0
KXNBAREB-26APR02NOPPOR-PORDAVDIJA8-12,2026-04-02,reb,11.5,6.1755,5.3245,0.041,0.06010442130893101,0.0,1.0
KXNBAREB-26APR02NOPPOR-PORDAVDIJA8-6,2026-04-02,reb,5.5,6.1755,-0.6755000000000004,0.57025,0.5398712446531841,1.0,1.0
KXNBAREB-26APR02NOPPOR-PORDAVDIJA8-7,2026-04-02,reb,6.5,6.1755,0.32449999999999957,0.43175,0.41299310503498776,1.0,1.0
KXNBAREB-26APR02NOPPOR-PORDAVDIJA8-8,2026-04-02,reb,7.5,6.1755,1.3244999999999996,0.30725,0.3022587180724695,1.0,1.0
KXNBAREB-26APR02NOPPOR-PORDCLINGAN23-10,2026-04-02,reb,9.5,10.15875,-0.6587499999999995,0.553,0.5145463818767055,0.0,1.0
KXNBAREB-26APR02NOPPOR-PORDCLINGAN23-12,2026-04-02,reb,11.5,10.15875,1.3412500000000005,0.32775,0.34495581379981854,0.0,1.0
KXNBAREB-26APR02NOPPOR-PORDCLINGAN23-13,2026-04-02,reb,12.5,10.15875,2.3412500000000005,0.23875,0.2734696708564529,0.0,1.0
KXNBAREB-26APR02NOPPOR-PORDCLINGAN23-14,2026-04-02,reb,13.5,10.15875,3.3412500000000005,0.169,0.21255618818052024,0.0,1.0
KXNBAREB-26APR02NOPPOR-PORDCLINGAN23-16,2026-04-02,reb,15.5,10.15875,5.3412500000000005,0.07825,0.12164220593894082,0.0,1.0
KXNBAREB-26APR02NOPPOR-PORJHOLIDAY5-2,2026-04-02,reb,1.5,4.1305,-2.6304999999999996,0.90525,0.8771730946541765,1.0,1.0
KXNBAREB-26APR02NOPPOR-PORJHOLIDAY5-4,2026-04-02,reb,3.5,4.1305,-0.6304999999999996,0.58375,0.5557927027450661,1.0,1.0
KXNBAREB-26APR02NOPPOR-PORJHOLIDAY5-5,2026-04-02,reb,4.5,4.1305,0.3695000000000004,0.39325,0.3908295394287117,1.0,1.0
KXNBAREB-26APR02NOPPOR-PORJHOLIDAY5-6,2026-04-02,reb,5.5,4.1305,1.3695000000000004,0.2455,0.255794108237144,0.0,1.0
KXNBAREB-26APR02NOPPOR-PORJHOLIDAY5-8,2026-04-02,reb,7.5,4.1305,3.3695000000000004,0.0645,0.09142615569258872,0.0,1.0
KXNBAAST-26APR02NOPPOR-NOPDQUEEN22-2,2026-04-02,ast,1.5,2.0885,-0.5884999999999998,0.60075,0.5923925247742567,1.0,1.0
KXNBAAST-26APR02NOPPOR-NOPDQUEEN22-3,2026-04-02,ast,2.5,2.0885,0.4115000000000002,0.3445,0.3445488289181087,1.0,1.0
KXNBAAST-26APR02NOPPOR-NOPDQUEEN22-4,2026-04-02,ast,3.5,2.0885,1.4115000000000002,0.16775,0.1731974388440427,1.0,1.0
KXNBAAST-26APR02NOPPOR-NOPDQUEEN22-6,2026-04-02,ast,5.5,2.0885,3.4115,0.027,0.03139937973345586,1.0,1.0
KXNBAAST-26APR02NOPPOR-NOPDQUEEN22-8,2026-04-02,ast,7.5,2.0885,5.4115,0.0025,0.00412314469488495,0.0,1.0
KXNBAAST-26APR02NOPPOR-PORDAVDIJA8-10,2026-04-02,ast,9.5,4.89925,4.60075,0.03675,0.05746678412937367,0.0,1.0
KXNBAAST-26APR02NOPPOR-PORDAVDIJA8-12,2026-04-02,ast,11.5,4.89925,6.60075,0.00675,0.01783309281435297,0.0,1.0
KXNBAAST-26APR02NOPPOR-PORDAVDIJA8-4,2026-04-02,ast,3.5,4.89925,-1.3992500000000003,0.69425,0.6682737342600846,1.0,1.0
KXNBAAST-26APR02NOPPOR-PORDAVDIJA8-6,2026-04-02,ast,5.5,4.89925,0.6007499999999997,0.37825,0.3672882985353022,1.0,1.0
KXNBAAST-26APR02NOPPOR-PORDAVDIJA8-8,2026-04-02,ast,7.5,4.89925,2.6007499999999997,0.14075,0.15956433452442798,0.0,1.0
KXNBAAST-26APR02NOPPOR-PORDCLINGAN23-10,2026-04-02,ast,9.5,1.802,7.698,0.0,0.00014965638917252555,0.0,1.0
KXNBAAST-26APR02NOPPOR-PORDCLINGAN23-2,2026-04-02,ast,1.5,1.802,-0.30200000000000005,0.51825,0.5193037925117809,1.0,1.0
KXNBAAST-26APR02NOPPOR-PORDCLINGAN23-4,2026-04-02,ast,3.5,1.802,1.698,0.12075,0.12316330707850176,0.0,1.0
KXNBAAST-26APR02NOPPOR-PORDCLINGAN23-6,2026-04-02,ast,5.5,1.802,3.698,0.0125,0.01771298459853321,0.0,1.0
KXNBAAST-26APR02NOPPOR-PORDCLINGAN23-8,2026-04-02,ast,7.5,1.802,5.698,0.001,0.0018299451923174948,0.0,1.0
KXNBAAST-26APR02NOPPOR-PORJHOLIDAY5-10,2026-04-02,ast,9.5,4.501,4.999,0.024,0.0392788872522164,0.0,1.0
KXNBAAST-26APR02NOPPOR-PORJHOLIDAY5-2,2026-04-02,ast,1.5,4.501,-3.0010000000000003,0.93075,0.902825048828724,1.0,1.0
KXNBAAST-26APR02NOPPOR-PORJHOLIDAY5-4,2026-04-02,ast,3.5,4.501,-1.0010000000000003,0.64575,0.6140019486441799,1.0,1.0
KXNBAAST-26APR02NOPPOR-PORJHOLIDAY5-6,2026-04-02,ast,5.5,4.501,0.9989999999999997,0.3025,0.30901733647035734,1.0,1.0
KXNBAAST-26APR02NOPPOR-PORJHOLIDAY5-8,2026-04-02,ast,7.5,4.501,2.9989999999999997,0.09575,0.12139301595031993,1.0,1.0
KXNBA3PT-26APR02NOPPOR-NOPDQUEEN22-1,2026-04-02,fg3m,0.5,0.35375,0.14625,0.2925,0.2923446742105902,0.0,1.0
KXNBA3PT-26APR02NOPPOR-NOPDQUEEN22-2,2026-04-02,fg3m,1.5,0.35375,1.14625,0.053,0.05309856640589128,0.0,1.0
KXNBA3PT-26APR02NOPPOR-NOPDQUEEN22-3,2026-04-02,fg3m,2.5,0.35375,2.14625,0.00825,0.007358099646496918,0.0,1.0
KXNBA3PT-26APR02NOPPOR-NOPDQUEEN22-4,2026-04-02,fg3m,3.5,0.35375,3.14625,0.0,0.0008528825621839653,0.0,1.0
KXNBA3PT-26APR02NOPPOR-NOPDQUEEN22-5,2026-04-02,fg3m,4.5,0.35375,4.14625,0.0,8.697559416548373e-05,0.0,1.0
KXNBA3PT-26APR02NOPPOR-PORDAVDIJA8-1,2026-04-02,fg3m,0.5,1.423,-0.923,0.7495,0.7287849626778454,1.0,1.0
KXNBA3PT-26APR02NOPPOR-PORDAVDIJA8-2,2026-04-02,fg3m,1.5,1.423,0.07699999999999996,0.4155,0.4034859326525285,1.0,1.0
KXNBA3PT-26APR02NOPPOR-PORDAVDIJA8-3,2026-04-02,fg3m,2.5,1.423,1.077,0.1685,0.18284586557212112,0.0,1.0
KXNBA3PT-26APR02NOPPOR-PORDAVDIJA8-4,2026-04-02,fg3m,3.5,1.423,2.077,0.06175,0.07152117815867687,0.0,1.0
KXNBA3PT-26APR02NOPPOR-PORDAVDIJA8-5,2026-04-02,fg3m,4.5,1.423,3.077,0.01925,0.025021321647129335,0.0,1.0
KXNBAPTS-26APR01INDCHI-CHIIOKORO35-10,2026-04-01,pts,9.5,9.72275,-0.22274999999999956,0.477,0.4624030787803789,1.0,1.0
KXNBAPTS-26APR01INDCHI-CHIIOKORO35-15,2026-04-01,pts,14.5,9.72275,4.77725,0.1785,0.16161154113089693,0.0,1.0
KXNBAPTS-26APR01INDCHI-CHIIOKORO35-20,2026-04-01,pts,19.5,9.72275,9.77725,0.04425,0.042424271921833734,0.0,1.0
KXNBAPTS-26APR01INDCHI-CHIMBUZELIS14-15,2026-04-01,pts,14.5,16.77975,-2.27975,0.59825,0.5650485688165836,1.0,1.0
KXNBAPTS-26APR01INDCHI-CHIMBUZELIS14-20,2026-04-01,pts,19.5,16.77975,2.72025,0.33075,0.3210544707276083,0.0,1.0
KXNBAPTS-26APR01INDCHI-CHIMBUZELIS14-25,2026-04-01,pts,24.5,16.77975,7.72025,0.1375,0.15735165108789695,0.0,1.0
KXNBAPTS-26APR01INDCHI-CHIMBUZELIS14-30,2026-04-01,pts,29.5,16.77975,12.72025,0.04825,0.06878386077762699,0.0,1.0
KXNBAREB-26APR01INDCHI-CHIMBUZELIS14-10,2026-04-01,reb,9.5,5.8065,3.6935000000000002,0.08575,0.11568201671773926,0.0,1.0
KXNBAREB-26APR01INDCHI-CHIMBUZELIS14-12,2026-04-01,reb,11.5,5.8065,5.6935,0.02075,0.04499900311931182,0.0,1.0
KXNBAREB-26APR01INDCHI-CHIMBUZELIS14-6,2026-04-01,reb,5.5,5.8065,-0.3064999999999998,0.51275,0.4929225468301597,1.0,1.0
KXNBAREB-26APR01INDCHI-CHIMBUZELIS14-7,2026-04-01,reb,6.5,5.8065,0.6935000000000002,0.36775,0.3661015137726348,1.0,1.0
KXNBAREB-26APR01INDCHI-CHIMBUZELIS14-8,2026-04-01,reb,7.5,5.8065,1.6935000000000002,0.24225,0.2596320688131515,1.0,1.0
KXNBAAST-26APR01INDCHI-CHIMBUZELIS14-10,2026-04-01,ast,9.5,1.71425,7.78575,0.0,0.00010351660180019095,0.0,1.0
KXNBAAST-26APR01INDCHI-CHIMBUZELIS14-2,2026-04-01,ast,1.5,1.71425,-0.21425000000000005,0.5045,0.4948589880358185,1.0,1.0
KXNBAAST-26APR01INDCHI-CHIMBUZELIS14-4,2026-04-01,ast,3.5,1.71425,1.78575,0.09875,0.10905499149250153,1.0,1.0
KXNBAAST-26APR01INDCHI-CHIMBUZELIS14-6,2026-04-01,ast,5.5,1.71425,3.78575,0.0105,0.014474156841669417,1.0,1.0
KXNBAAST-26APR01INDCHI-CHIMBUZELIS14-8,2026-04-01,ast,7.5,1.71425,5.78575,0.001,0.0013765571797305087,0.0,1.0
KXNBAPTS-26APR01SASGSW-GSWDGREEN23-10,2026-04-01,pts,9.5,8.71725,0.7827500000000001,0.39475,0.3798143221348169,1.0,1.0
KXNBAPTS-26APR01SASGSW-GSWDGREEN23-15,2026-04-01,pts,14.5,8.71725,5.78275,0.133,0.11001354285613285,0.0,1.0
KXNBAPTS-26APR01SASGSW-GSWDGREEN23-20,2026-04-01,pts,19.5,8.71725,10.78275,0.028,0.02357146665888621,0.0,1.0
KXNBAPTS-26APR01SASGSW-GSWDGREEN23-25,2026-04-01,pts,24.5,8.71725,15.78275,0.00475,0.004125687205249973,0.0,1.0
KXNBAPTS-26APR01SASGSW-SASDFOX4-10,2026-04-01,pts,9.5,13.972,-4.4719999999999995,0.747,0.7239898477293034,1.0,1.0
KXNBAPTS-26APR01SASGSW-SASDFOX4-15,2026-04-01,pts,14.5,13.972,0.5280000000000005,0.43675,0.41527716573608975,0.0,1.0
KXNBAPTS-26APR01SASGSW-SASDFOX4-20,2026-04-01,pts,19.5,13.972,5.5280000000000005,0.18125,0.19035281857092046,0.0,1.0
KXNBAPTS-26APR01SASGSW-SASDFOX4-25,2026-04-01,pts,24.5,13.972,10.528,0.0575,0.07386121667507695,0.0,1.0
KXNBAPTS-26APR01SASGSW-SASDHARPER2-10,2026-04-01,pts,9.5,11.277,-1.7769999999999992,0.594,0.5754514257129221,1.0,1.0
KXNBAPTS-26APR01SASGSW-SASDHARPER2-15,2026-04-01,pts,14.5,11.277,3.2230000000000008,0.25475,0.25219791024821303,0.0,1.0
KXNBAPTS-26APR01SASGSW-SASDHARPER2-20,2026-04-01,pts,19.5,11.277,8.223,0.0785,0.08497323677397184,0.0,1.0
KXNBAPTS-26APR01SASGSW-SASDHARPER2-25,2026-04-01,pts,24.5,11.277,13.223,0.0175,0.02379477791605633,0.0,1.0
KXNBAPTS-26APR01SASGSW-SASDVASSELL24-10,2026-04-01,pts,9.5,11.71625,-2.2162500000000005,0.60975,0.6037347916643347,0.0,1.0
KXNBAPTS-26APR01SASGSW-SASDVASSELL24-15,2026-04-01,pts,14.5,11.71625,2.7837499999999995,0.294,0.27898259959479266,0.0,1.0
KXNBAPTS-26APR01SASGSW-SASDVASSELL24-20,2026-04-01,pts,19.5,11.71625,7.7837499999999995,0.10125,0.09975401915905635,0.0,1.0
KXNBAPTS-26APR01SASGSW-SASDVASSELL24-25,2026-04-01,pts,24.5,11.71625,12.78375,0.026,0.029733254095499317,0.0,1.0
KXNBAPTS-26APR01SASGSW-SASSCASTLE5-15,2026-04-01,pts,14.5,14.03525,0.46475000000000044,0.43375,0.4189584783161573,1.0,1.0
KXNBAPTS-26APR01SASGSW-SASSCASTLE5-20,2026-04-01,pts,19.5,14.03525,5.46475,0.191,0.19316221443630788,0.0,1.0
KXNBAPTS-26APR01SASGSW-SASSCASTLE5-25,2026-04-01,pts,24.5,14.03525,10.46475,0.05975,0.07542159289350947,0.0,1.0
KXNBAPTS-26APR01SASGSW-SASSCASTLE5-30,2026-04-01,pts,29.5,14.03525,15.46475,0.01725,0.026003991062339193,0.0,1.0
KXNBAPTS-26APR01SASGSW-SASVWEMBANYAMA1-20,2026-04-01,pts,19.5,20.77525,-1.2752499999999998,0.5375,0.5002088995069949,1.0,1.0
KXNBAPTS-26APR01SASGSW-SASVWEMBANYAMA1-25,2026-04-01,pts,24.5,20.77525,3.7247500000000002,0.2925,0.30614126045958556,1.0,1.0
KXNBAPTS-26APR01SASGSW-SASVWEMBANYAMA1-30,2026-04-01,pts,29.5,20.77525,8.72475,0.12475,0.16954683402349813,1.0,1.0
KXNBAPTS-26APR01SASGSW-SASVWEMBANYAMA1-35,2026-04-01,pts,34.5,20.77525,13.72475,0.04575,0.08661490483954037,1.0,1.0
KXNBAREB-26APR01SASGSW-GSWDGREEN23-10,2026-04-01,reb,9.5,5.45125,4.04875,0.0635,0.09110910686322893,0.0,1.0
KXNBAREB-26APR01SASGSW-GSWDGREEN23-2,2026-04-01,reb,1.5,5.45125,-3.95125,0.95975,0.9422585658249686,1.0,1.0
KXNBAREB-26APR01SASGSW-GSWDGREEN23-4,2026-04-01,reb,3.5,5.45125,-1.95125,0.77775,0.7298581225312478,0.0,1.0
KXNBAREB-26APR01SASGSW-GSWDGREEN23-6,2026-04-01,reb,5.5,5.45125,0.04875000000000007,0.45875,0.445187535211675,0.0,1.0
KXNBAREB-26APR01SASGSW-GSWDGREEN23-8,2026-04-01,reb,7.5,5.45125,2.04875,0.19425,0.21959931309394098,0.0,1.0
KXNBAREB-26APR01SASGSW-SASDFOX4-10,2026-04-01,reb,9.5,2.908,6.5920000000000005,0.0015,0.003957383992553631,0.0,1.0
KXNBAREB-26APR01SASGSW-SASDFOX4-2,2026-04-01,reb,1.5,2.908,-1.408,0.76925,0.7474052848809385,1.0,1.0
KXNBAREB-26APR01SASGSW-SASDFOX4-4,2026-04-01,reb,3.5,2.908,0.5920000000000001,0.3275,0.3333842032611547,1.0,1.0
KXNBAREB-26APR01SASGSW-SASDFOX4-6,2026-04-01,reb,5.5,2.908,2.592,0.09,0.09904795894081297,0.0,1.0
KXNBAREB-26APR01SASGSW-SASDFOX4-8,2026-04-01,reb,7.5,2.908,4.5920000000000005,0.01625,0.022012421048878128,0.0,1.0
KXNBAREB-26APR01SASGSW-SASSCASTLE5-2,2026-04-01,reb,1.5,4.43175,-2.93175,0.9225,0.896890122953156,1.0,1.0
KXNBAREB-26APR01SASGSW-SASSCASTLE5-4,2026-04-01,reb,3.5,4.43175,-0.9317500000000001,0.62825,0.6019803750448011,1.0,1.0
KXNBAREB-26APR01SASGSW-SASSCASTLE5-5,2026-04-01,reb,4.5,4.43175,0.06824999999999992,0.451,0.43928291106213957,1.0,1.0
KXNBAREB-26APR01SASGSW-SASSCASTLE5-6,2026-04-01,reb,5.5,4.43175,1.06825,0.289,0.2993300480307567,1.0,1.0
KXNBAREB-26APR01SASGSW-SASSCASTLE5-8,2026-04-01,reb,7.5,4.43175,3.06825,0.094,0.11667193444178114,0.0,1.0
KXNBAREB-26APR01SASGSW-SASVWEMBANYAMA1-10,2026-04-01,reb,9.5,9.287,0.2129999999999992,0.4485,0.4353996998501751,1.0,1.0
KXNBAREB-26APR01SASGSW-SASVWEMBANYAMA1-12,2026-04-01,reb,11.5,9.287,2.212999999999999,0.246,0.2716256979423405,1.0,1.0
KXNBAREB-26APR01SASGSW-SASVWEMBANYAMA1-14,2026-04-01,reb,13.5,9.287,4.212999999999999,0.1065,0.15490027295238973,1.0,1.0
KXNBAREB-26APR01SASGSW-SASVWEMBANYAMA1-16,2026-04-01,reb,15.5,9.287,6.212999999999999,0.0375,0.08174177811597061,1.0,1.0
KXNBAREB-26APR01SASGSW-SASVWEMBANYAMA1-8,2026-04-01,reb,7.5,9.287,-1.7870000000000008,0.6865,0.6298888591686197,1.0,1.0
KXNBAAST-26APR01SASGSW-GSWDGREEN23-10,2026-04-01,ast,9.5,4.55475,4.94525,0.02325,0.0414923989317616,0.0,1.0
KXNBAAST-26APR01SASGSW-GSWDGREEN23-12,2026-04-01,ast,11.5,4.55475,6.94525,0.00325,0.011709779715703639,0.0,1.0
KXNBAAST-26APR01SASGSW-GSWDGREEN23-6,2026-04-01,ast,5.5,4.55475,0.9452499999999997,0.30825,0.31689855824043134,0.0,1.0
KXNBAAST-26APR01SASGSW-GSWDGREEN23-7,2026-04-01,ast,6.5,4.55475,1.9452499999999997,0.18675,0.20557089880091883,0.0,1.0
KXNBAAST-26APR01SASGSW-GSWDGREEN23-8,2026-04-01,ast,7.5,4.55475,2.9452499999999997,0.1005,0.12629310170329666,0.0,1.0
KXNBAAST-26APR01SASGSW-SASDFOX4-10,2026-04-01,ast,9.5,4.6865,4.8135,0.03125,0.047235880547569664,0.0,1.0
KXNBAAST-26APR01SASGSW-SASDFOX4-12,2026-04-01,ast,11.5,4.6865,6.8135,0.0055,0.013839644526793315,0.0,1.0
KXNBAAST-26APR01SASGSW-SASDFOX4-6,2026-04-01,ast,5.5,4.6865,0.8135000000000003,0.33025,0.33621499090768403,0.0,1.0
KXNBAAST-26APR01SASGSW-SASDFOX4-7,2026-04-01,ast,6.5,4.6865,1.8135000000000003,0.2055,0.22178102971123903,0.0,1.0
KXNBAAST-26APR01SASGSW-SASDFOX4-8,2026-04-01,ast,7.5,4.6865,2.8135000000000003,0.11125,0.1386495411142855,0.0,1.0
KXNBAAST-26APR01SASGSW-SASSCASTLE5-10,2026-04-01,ast,9.5,5.804,3.6959999999999997,0.077,0.11372158606761806,1.0,1.0
KXNBAAST-26APR01SASGSW-SASSCASTLE5-12,2026-04-01,ast,11.5,5.804,5.696,0.01925,0.04349742801510925,0.0,1.0
KXNBAAST-26APR01SASGSW-SASSCASTLE5-4,2026-04-01,ast,3.5,5.804,-2.3040000000000003,0.81625,0.7674862413877027,1.0,1.0
KXNBAAST-26APR01SASGSW-SASSCASTLE5-6,2026-04-01,ast,5.5,5.804,-0.30400000000000027,0.52225,0.4938289370354436,1.0,1.0
KXNBAAST-26APR01SASGSW-SASSCASTLE5-8,2026-04-01,ast,7.5,5.804,1.6959999999999997,0.23775,0.25833917296711983,1.0,1.0
KXNBAAST-26APR01SASGSW-SASVWEMBANYAMA1-10,2026-04-01,ast,9.5,2.64175,6.85825,0.00075,0.002064678538719944,0.0,1.0
KXNBAAST-26APR01SASGSW-SASVWEMBANYAMA1-2,2026-04-01,ast,1.5,2.64175,-1.14175,0.7385,0.7059854150793926,1.0,1.0
KXNBAAST-26APR01SASGSW-SASVWEMBANYAMA1-4,2026-04-01,ast,3.5,2.64175,0.85825,0.2725,0.2802786841633417,0.0,1.0
KXNBAAST-26APR01SASGSW-SASVWEMBANYAMA1-6,2026-04-01,ast,5.5,2.64175,2.85825,0.05375,0.07202099693089159,0.0,1.0
KXNBAAST-26APR01SASGSW-SASVWEMBANYAMA1-8,2026-04-01,ast,7.5,2.64175,4.85825,0.00675,0.013627401009338347,0.0,1.0
KXNBA3PT-26APR01SASGSW-SASDFOX4-1,2026-04-01,fg3m,0.5,1.37475,-0.8747499999999999,0.73675,0.7174968988836703,1.0,1.0
KXNBA3PT-26APR01SASGSW-SASDFOX4-2,2026-04-01,fg3m,1.5,1.37475,0.12525000000000008,0.39975,0.3883945441654909,0.0,1.0
KXNBA3PT-26APR01SASGSW-SASDFOX4-3,2026-04-01,fg3m,2.5,1.37475,1.12525,0.16575,0.17158850815842785,0.0,1.0
KXNBA3PT-26APR01SASGSW-SASDFOX4-4,2026-04-01,fg3m,3.5,1.37475,2.1252500000000003,0.054,0.06534137036704024,0.0,1.0
KXNBA3PT-26APR01SASGSW-SASDFOX4-5,2026-04-01,fg3m,4.5,1.37475,3.1252500000000003,0.01525,0.022237513236073703,0.0,1.0
KXNBA3PT-26APR01SASGSW-SASSCASTLE5-1,2026-04-01,fg3m,0.5,1.0975,-0.5974999999999999,0.65275,0.6413596443126321,1.0,1.0
KXNBA3PT-26APR01SASGSW-SASSCASTLE5-2,2026-04-01,fg3m,1.5,1.0975,0.4025000000000001,0.294,0.297228455315794,1.0,1.0
KXNBA3PT-26APR01SASGSW-SASSCASTLE5-3,2026-04-01,fg3m,2.5,1.0975,1.4025,0.108,0.11049526261616305,0.0,1.0
KXNBA3PT-26APR01SASGSW-SASSCASTLE5-4,2026-04-01,fg3m,3.5,1.0975,2.4025,0.0325,0.03512075271357884,0.0,1.0
KXNBA3PT-26APR01SASGSW-SASSCASTLE5-5,2026-04-01,fg3m,4.5,1.0975,3.4025,0.008,0.009933517097887368,0.0,1.0
KXNBA3PT-26APR01SASGSW-SASVWEMBANYAMA1-1,2026-04-01,fg3m,0.5,1.877,-1.377,0.84225,0.8132952741770686,1.0,1.0
KXNBA3PT-26APR01SASGSW-SASVWEMBANYAMA1-2,2026-04-01,fg3m,1.5,1.877,-0.377,0.549,0.5320139297456374,1.0,1.0
KXNBA3PT-26APR01SASGSW-SASVWEMBANYAMA1-3,2026-04-01,fg3m,2.5,1.877,0.623,0.288,0.29237401479508107,0.0,1.0
KXNBA3PT-26APR01SASGSW-SASVWEMBANYAMA1-4,2026-04-01,fg3m,3.5,1.877,1.623,0.12925,0.14050020925276763,0.0,1.0
KXNBA3PT-26APR01SASGSW-SASVWEMBANYAMA1-5,2026-04-01,fg3m,4.5,1.877,2.623,0.04825,0.06081832071209914,0.0,1.0
KXNBAPTS-26APR01MILHOU-HOUASENGUN28-10,2026-04-01,pts,9.5,17.2845,-7.784500000000001,0.88475,0.8381307066381072,1.0,1.0
KXNBAPTS-26APR01MILHOU-HOUASENGUN28-15,2026-04-01,pts,14.5,17.2845,-2.7845000000000013,0.64475,0.58862156757908,1.0,1.0
KXNBAPTS-26APR01MILHOU-HOUASENGUN28-20,2026-04-01,pts,19.5,17.2845,2.2154999999999987,0.34125,0.34487504398843305,1.0,1.0
KXNBAPTS-26APR01MILHOU-HOUASENGUN28-25,2026-04-01,pts,24.5,17.2845,7.215499999999999,0.14275,0.1748723219143693,1.0,1.0
KXNBAPTS-26APR01MILHOU-HOUASENGUN28-30,2026-04-01,pts,29.5,17.2845,12.215499999999999,0.0425,0.07923254626649012,0.0,1.0
KXNBAPTS-26APR01MILHOU-HOUATHOMPSON1-10,2026-04-01,pts,9.5,15.5115,-6.0115,0.84675,0.7848363275874636,1.0,1.0
KXNBAPTS-26APR01MILHOU-HOUATHOMPSON1-15,2026-04-01,pts,14.5,15.5115,-1.0114999999999998,0.5395,0.5011289931642748,1.0,1.0
KXNBAPTS-26APR01MILHOU-HOUATHOMPSON1-20,2026-04-01,pts,19.5,15.5115,3.9885,0.245,0.2610537848108474,0.0,1.0
KXNBAPTS-26APR01MILHOU-HOUATHOMPSON1-25,2026-04-01,pts,24.5,15.5115,8.9885,0.076,0.11632046902845417,0.0,1.0
KXNBAPTS-26APR01MILHOU-HOUJSMITH10-10,2026-04-01,pts,9.5,13.89775,-4.39775,0.74875,0.7206550311754346,1.0,1.0
KXNBAPTS-26APR01MILHOU-HOUJSMITH10-15,2026-04-01,pts,14.5,13.89775,0.6022499999999997,0.43075,0.41094108470655033,0.0,1.0
KXNBAPTS-26APR01MILHOU-HOUJSMITH10-20,2026-04-01,pts,19.5,13.89775,5.60225,0.17675,0.18706870584034707,0.0,1.0
KXNBAPTS-26APR01MILHOU-HOUJSMITH10-25,2026-04-01,pts,24.5,13.89775,10.60225,0.055,0.07205093747225944,0.0,1.0
KXNBAPTS-26APR01MILHOU-HOUKDURANT7-15,2026-04-01,pts,14.5,20.878,-6.378,0.8005,0.7262127308659787,1.0,1.0
KXNBAPTS-26APR01MILHOU-HOUKDURANT7-20,2026-04-01,pts,19.5,20.878,-1.3780000000000001,0.55475,0.5044162078597221,0.0,1.0
KXNBAPTS-26APR01MILHOU-HOUKDURANT7-25,2026-04-01,pts,24.5,20.878,3.622,0.3085,0.310113185948404,0.0,1.0
KXNBAPTS-26APR01MILHOU-HOUKDURANT7-30,2026-04-01,pts,29.5,20.878,8.622,0.12275,0.1725867016776449,0.0,1.0
KXNBAPTS-26APR01MILHOU-HOUKDURANT7-35,2026-04-01,pts,34.5,20.878,13.622,0.03775,0.08861905529857328,0.0,1.0
KXNBAPTS-26APR01MILHOU-HOURSHEPPARD15-10,2026-04-01,pts,9.5,12.259,-2.7590000000000003,0.6355,0.6364201190020913,1.0,1.0
KXNBAPTS-26APR01MILHOU-HOURSHEPPARD15-15,2026-04-01,pts,14.5,12.259,2.2409999999999997,0.3275,0.312253043606212,1.0,1.0
KXNBAPTS-26APR01MILHOU-HOURSHEPPARD15-20,2026-04-01,pts,19.5,12.259,7.241,0.12225,0.11949065879900489,1.0,1.0
KXNBAPTS-26APR01MILHOU-HOURSHEPPARD15-25,2026-04-01,pts,24.5,12.259,12.241,0.03575,0.038258523346118234,1.0,1.0
KXNBAPTS-26APR01MILHOU-HOUTEASON17-10,2026-04-01,pts,9.5,9.60975,-0.10975000000000001,0.462,0.45344456301002445,0.0,1.0
KXNBAPTS-26APR01MILHOU-HOUTEASON17-15,2026-04-01,pts,14.5,9.60975,4.89025,0.179,0.15545860842773296,0.0,1.0
KXNBAPTS-26APR01MILHOU-HOUTEASON17-20,2026-04-01,pts,19.5,9.60975,9.89025,0.051,0.03996254444097824,0.0,1.0
KXNBAPTS-26APR01MILHOU-HOUTEASON17-25,2026-04-01,pts,24.5,9.60975,14.89025,0.0125,0.00844206674538528,0.0,1.0
KXNBAREB-26APR01MILHOU-HOUASENGUN28-10,2026-04-01,reb,9.5,8.04875,1.45125,0.29975,0.31572780112192544,0.0,1.0
KXNBAREB-26APR01MILHOU-HOUASENGUN28-12,2026-04-01,reb,11.5,8.04875,3.45125,0.133,0.17338709868032298,0.0,1.0
KXNBAREB-26APR01MILHOU-HOUASENGUN28-6,2026-04-01,reb,5.5,8.04875,-2.54875,0.79025,0.7300943615305306,1.0,1.0
KXNBAREB-26APR01MILHOU-HOUASENGUN28-8,2026-04-01,reb,7.5,8.04875,-0.5487500000000001,0.54475,0.5127224846668479,1.0,1.0
KXNBAREB-26APR01MILHOU-HOUASENGUN28-9,2026-04-01,reb,8.5,8.04875,0.45124999999999993,0.41875,0.4085981067712092,1.0,1.0
KXNBAREB-26APR01MILHOU-HOUATHOMPSON1-10,2026-04-01,reb,9.5,7.41825,2.0817500000000004,0.22775,0.25467512349311117,0.0,1.0
KXNBAREB-26APR01MILHOU-HOUATHOMPSON1-12,2026-04-01,reb,11.5,7.41825,4.08175,0.08975,0.12918583477018275,0.0,1.0
KXNBAREB-26APR01MILHOU-HOUATHOMPSON1-4,2026-04-01,reb,3.5,7.41825,-3.9182499999999996,0.926,0.8757829430391653,1.0,1.0
KXNBAREB-26APR01MILHOU-HOUATHOMPSON1-6,2026-04-01,reb,5.5,7.41825,-1.9182499999999996,0.72875,0.6751561629418568,1.0,1.0
KXNBAREB-26APR01MILHOU-HOUATHOMPSON1-8,2026-04-01,reb,7.5,7.41825,0.08175000000000043,0.46275,0.4450328514077161,1.0,1.0
KXNBAREB-26APR01MILHOU-HOUJSMITH10-10,2026-04-01,reb,9.5,6.894,2.606,0.16625,0.20575603489338778,0.0,1.0
KXNBAREB-26APR01MILHOU-HOUJSMITH10-12,2026-04-01,reb,11.5,6.894,4.606,0.05875,0.09680284386862203,0.0,1.0
KXNBAREB-26APR01MILHOU-HOUJSMITH10-6,2026-04-01,reb,5.5,6.894,-1.3940000000000001,0.67025,0.6225178899365091,1.0,1.0
KXNBAREB-26APR01MILHOU-HOUJSMITH10-7,2026-04-01,reb,6.5,6.894,-0.39400000000000013,0.52725,0.5000383910437143,1.0,1.0
KXNBAREB-26APR01MILHOU-HOUJSMITH10-8,2026-04-01,reb,7.5,6.894,0.6059999999999999,0.3945,0.3857206389454064,0.0,1.0
KXNBAREB-26APR01MILHOU-HOUKDURANT7-2,2026-04-01,reb,1.5,5.1495,-3.6494999999999997,0.961,0.9315950216928317,1.0,1.0
KXNBAREB-26APR01MILHOU-HOUKDURANT7-4,2026-04-01,reb,3.5,5.1495,-1.6494999999999997,0.7415,0.6964253807370623,1.0,1.0
KXNBAREB-26APR01MILHOU-HOUKDURANT7-5,2026-04-01,reb,4.5,5.1495,-0.6494999999999997,0.57775,0.5461788240979524,1.0,1.0
KXNBAREB-26APR01MILHOU-HOUKDURANT7-6,2026-04-01,reb,5.5,5.1495,0.35050000000000026,0.40025,0.4030249706620359,0.0,1.0
KXNBAREB-26APR01MILHOU-HOUKDURANT7-8,2026-04-01,reb,7.5,5.1495,2.3505000000000003,0.16275,0.18689924928043056,0.0,1.0
KXNBAREB-26APR01MILHOU-HOUTEASON17-10,2026-04-01,reb,9.5,6.131,3.3689999999999998,0.13075,0.14045336968107636,0.0,1.0
KXNBAREB-26APR01MILHOU-HOUTEASON17-2,2026-04-01,reb,1.5,6.131,-4.631,0.96725,0.9603029746396448,1.0,1.0
KXNBAREB-26APR01MILHOU-HOUTEASON17-4,2026-04-01,reb,3.5,6.131,-2.6310000000000002,0.816,0.7930627464235123,0.0,1.0
KXNBAREB-26APR01MILHOU-HOUTEASON17-6,2026-04-01,reb,5.5,6.131,-0.6310000000000002,0.544,0.5343637675715145,0.0,1.0
KXNBAREB-26APR01MILHOU-HOUTEASON17-8,2026-04-01,reb,7.5,6.131,1.3689999999999998,0.29425,0.29708573819188766,0.0,1.0
KXNBAAST-26APR01MILHOU-HOUASENGUN28-10,2026-04-01,ast,9.5,5.31775,4.18225,0.04775,0.081000447146506,0.0,1.0
KXNBAAST-26APR01MILHOU-HOUASENGUN28-2,2026-04-01,ast,1.5,5.31775,-3.81775,0.96325,0.939420684331639,1.0,1.0
KXNBAAST-26APR01MILHOU-HOUASENGUN28-4,2026-04-01,ast,3.5,5.31775,-1.8177500000000002,0.7725,0.7181236058510072,1.0,1.0
KXNBAAST-26APR01MILHOU-HOUASENGUN28-6,2026-04-01,ast,5.5,5.31775,0.1822499999999998,0.43625,0.42729564090294525,0.0,1.0
KXNBAAST-26APR01MILHOU-HOUASENGUN28-8,2026-04-01,ast,7.5,5.31775,2.18225,0.1735,0.20362945580660186,0.0,1.0
KXNBAAST-26APR01MILHOU-HOUATHOMPSON1-10,2026-04-01,ast,9.5,4.6425,4.8575,0.02175,0.045267431790062096,0.0,1.0
KXNBAAST-26APR01MILHOU-HOUATHOMPSON1-2,2026-04-01,ast,1.5,4.6425,-3.1425,0.943,0.9105407140436468,1.0,1.0
KXNBAAST-26APR01MILHOU-HOUATHOMPSON1-4,2026-04-01,ast,3.5,4.6425,-1.1425,0.68025,0.6340685300738361,1.0,1.0
KXNBAAST-26APR01MILHOU-HOUATHOMPSON1-6,2026-04-01,ast,5.5,4.6425,0.8574999999999999,0.322,0.32976644539402744,1.0,1.0
KXNBAAST-26APR01MILHOU-HOUATHOMPSON1-8,2026-04-01,ast,7.5,4.6425,2.8575,0.10225,0.13446968957616945,0.0,1.0
KXNBAAST-26APR01MILHOU-HOUKDURANT7-2,2026-04-01,ast,1.5,4.30825,-2.80825,0.919,0.8911760645767712,1.0,1.0
KXNBAAST-26APR01MILHOU-HOUKDURANT7-4,2026-04-01,ast,3.5,4.30825,-0.8082500000000001,0.623,0.585265055797952,1.0,1.0
KXNBAAST-26APR01MILHOU-HOUKDURANT7-5,2026-04-01,ast,4.5,4.30825,0.19174999999999986,0.435,0.42017021676841837,1.0,1.0
KXNBAAST-26APR01MILHOU-HOUKDURANT7-6,2026-04-01,ast,5.5,4.30825,1.1917499999999999,0.27075,0.28082773969949226,1.0,1.0
KXNBAAST-26APR01MILHOU-HOUKDURANT7-8,2026-04-01,ast,7.5,4.30825,3.19175,0.0735,0.10453599079420695,1.0,1.0
KXNBAAST-26APR01MILHOU-HOURSHEPPARD15-10,2026-04-01,ast,9.5,3.395,6.105,0.00275,0.00925928927226538,0.0,1.0
KXNBAAST-26APR01MILHOU-HOURSHEPPARD15-2,2026-04-01,ast,1.5,3.395,-1.895,0.84025,0.8126993412175983,1.0,1.0
KXNBAAST-26APR01MILHOU-HOURSHEPPARD15-4,2026-04-01,ast,3.5,3.395,0.10499999999999998,0.44425,0.42817771098006874,1.0,1.0
KXNBAAST-26APR01MILHOU-HOURSHEPPARD15-6,2026-04-01,ast,5.5,3.395,2.105,0.13275,0.15454646656111637,1.0,1.0
KXNBAAST-26APR01MILHOU-HOURSHEPPARD15-8,2026-04-01,ast,7.5,3.395,4.105,0.02975,0.042041937487927394,0.0,1.0
KXNBA3PT-26APR01MILHOU-HOUASENGUN28-1,2026-04-01,fg3m,0.5,0.5235,-0.023499999999999965,0.405,0.3972966940371243,1.0,1.0
KXNBA3PT-26APR01MILHOU-HOUASENGUN28-2,2026-04-01,fg3m,1.5,0.5235,0.9765,0.10225,0.10203043079903218,1.0,1.0
KXNBA3PT-26APR01MILHOU-HOUASENGUN28-3,2026-04-01,fg3m,2.5,0.5235,1.9765000000000001,0.014,0.020229792737057828,0.0,1.0
KXNBA3PT-26APR01MILHOU-HOUASENGUN28-4,2026-04-01,fg3m,3.5,0.5235,2.9765,0.002,0.0033718317043680557,0.0,1.0
KXNBA3PT-26APR01MILHOU-HOUASENGUN28-5,2026-04-01,fg3m,4.5,0.5235,3.9765,0.00025,0.0004957155269760261,0.0,1.0
KXNBA3PT-26APR01MILHOU-HOUATHOMPSON1-1,2026-04-01,fg3m,0.5,0.40625,0.09375,0.33775,0.32686460552156615,0.0,1.0
KXNBA3PT-26APR01MILHOU-HOUATHOMPSON1-2,2026-04-01,fg3m,1.5,0.40625,1.09375,0.0605,0.06722124652623496,0.0,1.0
KXNBA3PT-26APR01MILHOU-HOUATHOMPSON1-3,2026-04-01,fg3m,2.5,0.40625,2.09375,0.0075,0.010586283654853257,0.0,1.0
KXNBA3PT-26APR01MILHOU-HOUATHOMPSON1-4,2026-04-01,fg3m,3.5,0.40625,3.09375,0.0005,0.0013966645223537633,0.0,1.0
KXNBA3PT-26APR01MILHOU-HOUATHOMPSON1-5,2026-04-01,fg3m,4.5,0.40625,4.09375,0.0,0.0001622431587480211,0.0,1.0
KXNBA3PT-26APR01MILHOU-HOUKDURANT7-1,2026-04-01,fg3m,0.5,2.05875,-1.5587499999999999,0.86725,0.8384160607941132,1.0,1.0
KXNBA3PT-26APR01MILHOU-HOUKDURANT7-2,2026-04-01,fg3m,1.5,2.05875,-0.5587499999999999,0.60275,0.5764156533422371,1.0,1.0
KXNBA3PT-26APR01MILHOU-HOUKDURANT7-3,2026-04-01,fg3m,2.5,2.05875,0.44125000000000014,0.34425,0.3361795077956966,0.0,1.0
KXNBA3PT-26APR01MILHOU-HOUKDURANT7-4,2026-04-01,fg3m,3.5,2.05875,1.4412500000000001,0.161,0.1723167624656876,0.0,1.0
KXNBA3PT-26APR01MILHOU-HOUKDURANT7-5,2026-04-01,fg3m,4.5,2.05875,2.44125,0.05925,0.0797883465672431,0.0,1.0
KXNBA3PT-26APR01MILHOU-HOURSHEPPARD15-1,2026-04-01,fg3m,0.5,2.40125,-1.90125,0.90375,0.8760433499076952,1.0,1.0
KXNBA3PT-26APR01MILHOU-HOURSHEPPARD15-2,2026-04-01,fg3m,1.5,2.40125,-0.9012500000000001,0.67225,0.6496177345397476,1.0,1.0
KXNBA3PT-26APR01MILHOU-HOURSHEPPARD15-3,2026-04-01,fg3m,2.5,2.40125,0.0987499999999999,0.4265,0.41572652935153065,1.0,1.0
KXNBA3PT-26APR01MILHOU-HOURSHEPPARD15-4,2026-04-01,fg3m,3.5,2.40125,1.09875,0.22925,0.23600184992834927,1.0,1.0
KXNBA3PT-26APR01MILHOU-HOURSHEPPARD15-5,2026-04-01,fg3m,4.5,2.40125,2.09875,0.10925,0.12167333336807873,1.0,1.0
KXNBA3PT-26APR01MILHOU-HOUTEASON17-1,2026-04-01,fg3m,0.5,1.1905,-0.6904999999999999,0.6785,0.6692243983159989,1.0,1.0
KXNBA3PT-26APR01MILHOU-HOUTEASON17-2,2026-04-01,fg3m,1.5,1.1905,0.3095000000000001,0.33475,0.3285639197726611,0.0,1.0
KXNBA3PT-26APR01MILHOU-HOUTEASON17-3,2026-04-01,fg3m,2.5,1.1905,1.3095,0.12525,0.13016347314331012,0.0,1.0
KXNBA3PT-26APR01MILHOU-HOUTEASON17-4,2026-04-01,fg3m,3.5,1.1905,2.3095,0.03825,0.04420889172535469,0.0,1.0
KXNBA3PT-26APR01MILHOU-HOUTEASON17-5,2026-04-01,fg3m,4.5,1.1905,3.3095,0.01075,0.013380672484851974,0.0,1.0
KXNBAPTS-26APR01NYKMEM-MEMCCOWARD23-10,2026-04-01,pts,9.5,10.7935,-1.2934999999999999,0.55225,0.5424166863133456,1.0,1.0
KXNBAPTS-26APR01NYKMEM-MEMCCOWARD23-15,2026-04-01,pts,14.5,10.7935,3.7065,0.229,0.22311165145627976,1.0,1.0
KXNBAPTS-26APR01NYKMEM-MEMCCOWARD23-20,2026-04-01,pts,19.5,10.7935,8.7065,0.07275,0.07004794252503943,0.0,1.0
KXNBAPTS-26APR01NYKMEM-MEMCCOWARD23-25,2026-04-01,pts,24.5,10.7935,13.7065,0.01575,0.01821794823800893,0.0,1.0
KXNBAPTS-26APR01NYKMEM-NYKJHART3-10,2026-04-01,pts,9.5,10.81475,-1.31475,0.56025,0.5439101880885339,0.0,1.0
KXNBAPTS-26APR01NYKMEM-NYKJHART3-15,2026-04-01,pts,14.5,10.81475,3.68525,0.237,0.2243776071286886,0.0,1.0
KXNBAPTS-26APR01NYKMEM-NYKJHART3-20,2026-04-01,pts,19.5,10.81475,8.68525,0.0695,0.07067300655240194,0.0,1.0
KXNBAPTS-26APR01NYKMEM-NYKJHART3-25,2026-04-01,pts,24.5,10.81475,13.68525,0.016,0.018442561490226606,0.0,1.0
KXNBAPTS-26APR01NYKMEM-NYKKTOWNS32-10,2026-04-01,pts,9.5,15.97075,-6.470750000000001,0.835,0.8001964998633453,1.0,1.0
KXNBAPTS-26APR01NYKMEM-NYKKTOWNS32-15,2026-04-01,pts,14.5,15.97075,-1.4707500000000007,0.55175,0.5250355528855088,1.0,1.0
KXNBAPTS-26APR01NYKMEM-NYKKTOWNS32-20,2026-04-01,pts,19.5,15.97075,3.5292499999999993,0.28025,0.2827304529835646,1.0,1.0
KXNBAPTS-26APR01NYKMEM-NYKKTOWNS32-25,2026-04-01,pts,24.5,15.97075,8.52925,0.11,0.13062698976285358,0.0,1.0
KXNBAPTS-26APR01NYKMEM-NYKKTOWNS32-30,2026-04-01,pts,29.5,15.97075,13.52925,0.03025,0.0536699811575998,0.0,1.0
KXNBAPTS-26APR01NYKMEM-NYKMBRIDGES25-10,2026-04-01,pts,9.5,11.41825,-1.9182500000000005,0.6085,0.5847262645370643,1.0,1.0
KXNBAPTS-26APR01NYKMEM-NYKMBRIDGES25-15,2026-04-01,pts,14.5,11.41825,3.0817499999999995,0.27175,0.2607842127360547,1.0,1.0
KXNBAPTS-26APR01NYKMEM-NYKMBRIDGES25-20,2026-04-01,pts,19.5,11.41825,8.08175,0.08525,0.08960361346471979,1.0,1.0
KXNBAPTS-26APR01NYKMEM-NYKMBRIDGES25-25,2026-04-01,pts,24.5,11.41825,13.08175,0.01725,0.02561216902724739,0.0,1.0
KXNBAPTS-26APR01NYKMEM-NYKOANUNOBY8-10,2026-04-01,pts,9.5,14.7705,-5.2705,0.79,0.7574508670087889,1.0,1.0
KXNBAPTS-26APR01NYKMEM-NYKOANUNOBY8-15,2026-04-01,pts,14.5,14.7705,-0.2705000000000002,0.49025,0.46083736086472404,1.0,1.0
KXNBAPTS-26APR01NYKMEM-NYKOANUNOBY8-20,2026-04-01,pts,19.5,14.7705,4.7295,0.21675,0.2265087271743914,1.0,1.0
KXNBAPTS-26APR01NYKMEM-NYKOANUNOBY8-25,2026-04-01,pts,24.5,14.7705,9.7295,0.0795,0.09475570293079505,1.0,1.0
KXNBAREB-26APR01NYKMEM-NYKJHART3-10,2026-04-01,reb,9.5,6.84225,2.65775,0.1675,0.20107252299313327,0.0,1.0
KXNBAREB-26APR01NYKMEM-NYKJHART3-12,2026-04-01,reb,11.5,6.84225,4.65775,0.059,0.09385070707995757,0.0,1.0
KXNBAREB-26APR01NYKMEM-NYKJHART3-4,2026-04-01,reb,3.5,6.84225,-3.34225,0.891,0.8438745066091098,1.0,1.0
KXNBAREB-26APR01NYKMEM-NYKJHART3-6,2026-04-01,reb,5.5,6.84225,-1.34225,0.6575,0.616969766883795,1.0,1.0
KXNBAREB-26APR01NYKMEM-NYKJHART3-8,2026-04-01,reb,7.5,6.84225,0.6577500000000001,0.38575,0.37976064537818255,0.0,1.0
KXNBAREB-26APR01NYKMEM-NYKKTOWNS32-10,2026-04-01,reb,9.5,9.986,-0.48600000000000065,0.51975,0.49936125009581156,1.0,1.0
KXNBAREB-26APR01NYKMEM-NYKKTOWNS32-12,2026-04-01,reb,11.5,9.986,1.5139999999999993,0.322,0.33036261904270436,0.0,1.0
KXNBAREB-26APR01NYKMEM-NYKKTOWNS32-14,2026-04-01,reb,13.5,9.986,3.5139999999999993,0.15875,0.20066296192233135,0.0,1.0
KXNBAREB-26APR01NYKMEM-NYKKTOWNS32-16,2026-04-01,reb,15.5,9.986,5.513999999999999,0.069,0.11311655872809201,0.0,1.0
KXNBAREB-26APR01NYKMEM-NYKKTOWNS32-8,2026-04-01,reb,7.5,9.986,-2.4860000000000007,0.74375,0.6857827634136784,1.0,1.0
KXNBAREB-26APR01NYKMEM-NYKMBRIDGES25-10,2026-04-01,reb,9.5,3.23,6.27,0.0035,0.007320675367774032,0.0,1.0
KXNBAREB-26APR01NYKMEM-NYKMBRIDGES25-2,2026-04-01,reb,1.5,3.23,-1.73,0.81325,0.7912953750372392,1.0,1.0
KXNBAREB-26APR01NYKMEM-NYKMBRIDGES25-4,2026-04-01,reb,3.5,3.23,0.27,0.40175,0.3962561485921221,0.0,1.0
KXNBAREB-26APR01NYKMEM-NYKMBRIDGES25-6,2026-04-01,reb,5.5,3.23,2.27,0.12,0.13533664954391877,0.0,1.0
KXNBAREB-26APR01NYKMEM-NYKMBRIDGES25-8,2026-04-01,reb,7.5,3.23,4.27,0.0245,0.03491536777817206,0.0,1.0
KXNBAREB-26APR01NYKMEM-NYKOANUNOBY8-10,2026-04-01,reb,9.5,4.40525,5.09475,0.01975,0.03660132861300658,1.0,1.0
KXNBAREB-26APR01NYKMEM-NYKOANUNOBY8-2,2026-04-01,reb,1.5,4.40525,-2.9052499999999997,0.92225,0.8952970395795498,1.0,1.0
KXNBAREB-26APR01NYKMEM-NYKOANUNOBY8-4,2026-04-01,reb,3.5,4.40525,-0.9052499999999997,0.62675,0.5980737892138117,1.0,1.0
KXNBAREB-26APR01NYKMEM-NYKOANUNOBY8-6,2026-04-01,reb,5.5,4.40525,1.0947500000000003,0.28925,0.2954784578200518,1.0,1.0
KXNBAREB-26APR01NYKMEM-NYKOANUNOBY8-8,2026-04-01,reb,7.5,4.40525,3.0947500000000003,0.09175,0.11433767790546778,1.0,1.0
KXNBAAST-26APR01NYKMEM-NYKJHART3-2,2026-04-01,ast,1.5,3.93125,-2.43125,0.89775,0.8639871836148134,1.0,1.0
KXNBAAST-26APR01NYKMEM-NYKJHART3-4,2026-04-01,ast,3.5,3.93125,-0.4312499999999999,0.5445,0.5244327828128659,1.0,1.0
KXNBAAST-26APR01NYKMEM-NYKJHART3-5,2026-04-01,ast,4.5,3.93125,0.5687500000000001,0.3655,0.35806395209821806,1.0,1.0
KXNBAAST-26APR01NYKMEM-NYKJHART3-6,2026-04-01,ast,5.5,3.93125,1.56875,0.21225,0.22664402003437045,1.0,1.0
KXNBAAST-26APR01NYKMEM-NYKJHART3-8,2026-04-01,ast,7.5,3.93125,3.56875,0.05375,0.07508223489450294,0.0,1.0
KXNBA3PT-26APR01NYKMEM-NYKJHART3-1,2026-04-01,fg3m,0.5,1.3,-0.8,0.722,0.6989439980699308,1.0,1.0
KXNBA3PT-26APR01NYKMEM-NYKJHART3-2,2026-04-01,fg3m,1.5,1.3,0.19999999999999996,0.37775,0.36452307821255203,0.0,1.0
KXNBA3PT-26APR01NYKMEM-NYKJHART3-3,2026-04-01,fg3m,2.5,1.3,1.2,0.13875,0.15444913201657473,0.0,1.0
KXNBA3PT-26APR01NYKMEM-NYKJHART3-4,2026-04-01,fg3m,3.5,1.3,2.2,0.04575,0.056284183960771283,0.0,1.0
KXNBA3PT-26APR01NYKMEM-NYKJHART3-5,2026-04-01,fg3m,4.5,1.3,3.2,0.0125,0.018309539759657323,0.0,1.0
KXNBA3PT-26APR01NYKMEM-NYKKTOWNS32-1,2026-04-01,fg3m,0.5,1.13875,-0.6387499999999999,0.6825,0.6540341211667999,0.0,1.0
KXNBA3PT-26APR01NYKMEM-NYKKTOWNS32-2,2026-04-01,fg3m,1.5,1.13875,0.36125000000000007,0.315,0.311207122678703,0.0,1.0
KXNBA3PT-26APR01NYKMEM-NYKKTOWNS32-3,2026-04-01,fg3m,2.5,1.13875,1.36125,0.108,0.11909738730889807,0.0,1.0
KXNBA3PT-26APR01NYKMEM-NYKKTOWNS32-4,2026-04-01,fg3m,3.5,1.13875,2.36125,0.02725,0.03901643628730467,0.0,1.0
KXNBA3PT-26APR01NYKMEM-NYKKTOWNS32-5,2026-04-01,fg3m,4.5,1.13875,3.36125,0.0045,0.011381269165345653,0.0,1.0
KXNBA3PT-26APR01NYKMEM-NYKMBRIDGES25-1,2026-04-01,fg3m,0.5,1.471,-0.9710000000000001,0.77125,0.7395109692164786,1.0,1.0
KXNBA3PT-26APR01NYKMEM-NYKMBRIDGES25-2,2026-04-01,fg3m,1.5,1.471,0.028999999999999915,0.426,0.4182407059379536,1.0,1.0
KXNBA3PT-26APR01NYKMEM-NYKMBRIDGES25-3,2026-04-01,fg3m,2.5,1.471,1.029,0.191,0.19417044093157498,1.0,1.0
KXNBA3PT-26APR01NYKMEM-NYKMBRIDGES25-4,2026-04-01,fg3m,3.5,1.471,2.029,0.061,0.07791764214451646,0.0,1.0
KXNBA3PT-26APR01NYKMEM-NYKMBRIDGES25-5,2026-04-01,fg3m,4.5,1.471,3.029,0.01675,0.027986025009761217,0.0,1.0
KXNBA3PT-26APR01NYKMEM-NYKOANUNOBY8-1,2026-04-01,fg3m,0.5,2.1095,-1.6095000000000002,0.87225,0.8447310390122083,1.0,1.0
KXNBA3PT-26APR01NYKMEM-NYKOANUNOBY8-2,2026-04-01,fg3m,1.5,2.1095,-0.6095000000000002,0.61925,0.5881076327110518,1.0,1.0
KXNBA3PT-26APR01NYKMEM-NYKOANUNOBY8-3,2026-04-01,fg3m,2.5,2.1095,0.39049999999999985,0.354,0.34825720733808996,1.0,1.0
KXNBA3PT-26APR01NYKMEM-NYKOANUNOBY8-4,2026-04-01,fg3m,3.5,2.1095,1.3904999999999998,0.16775,0.18149785042120237,1.0,1.0
KXNBA3PT-26APR01NYKMEM-NYKOANUNOBY8-5,2026-04-01,fg3m,4.5,2.1095,2.3905,0.0655,0.0855151520316354,0.0,1.0
KXNBAPTS-26APR01BOSMIA-BOSDWHITE9-10,2026-04-01,pts,9.5,15.04075,-5.540749999999999,0.799,0.7678277303853425,0.0,1.0
KXNBAPTS-26APR01BOSMIA-BOSDWHITE9-15,2026-04-01,pts,14.5,15.04075,-0.5407499999999992,0.505,0.4757685694476119,0.0,1.0
KXNBAPTS-26APR01BOSMIA-BOSDWHITE9-20,2026-04-01,pts,19.5,15.04075,4.459250000000001,0.2355,0.23902405827863926,0.0,1.0
KXNBAPTS-26APR01BOSMIA-BOSDWHITE9-25,2026-04-01,pts,24.5,15.04075,9.45925,0.07675,0.10239089301464177,0.0,1.0
KXNBAPTS-26APR01BOSMIA-BOSJBROWN7-25,2026-04-01,pts,24.5,25.69675,-1.1967500000000015,0.53075,0.48804442305159623,1.0,1.0
KXNBAPTS-26APR01BOSMIA-BOSJBROWN7-30,2026-04-01,pts,29.5,25.69675,3.8032499999999985,0.322,0.3259997700547097,1.0,1.0
KXNBAPTS-26APR01BOSMIA-BOSJBROWN7-35,2026-04-01,pts,34.5,25.69675,8.803249999999998,0.1505,0.20301521912370024,1.0,1.0
KXNBAPTS-26APR01BOSMIA-BOSJBROWN7-40,2026-04-01,pts,39.5,25.69675,13.803249999999998,0.06275,0.11921450777924669,1.0,1.0
KXNBAPTS-26APR01BOSMIA-BOSJTATUM0-20,2026-04-01,pts,19.5,19.886752136752136,-0.38675213675213627,0.49615384615384617,0.4628276036975184,1.0,0.585
KXNBAPTS-26APR01BOSMIA-BOSJTATUM0-25,2026-04-01,pts,24.5,19.886752136752136,4.613247863247864,0.2482905982905983,0.2718317195464809,1.0,0.585
KXNBAPTS-26APR01BOSMIA-BOSJTATUM0-30,2026-04-01,pts,29.5,19.886752136752136,9.613247863247864,0.10555555555555556,0.14401242722223628,0.0,0.585
KXNBAPTS-26APR01BOSMIA-BOSJTATUM0-35,2026-04-01,pts,34.5,19.886752136752136,14.613247863247864,0.03247863247863248,0.07024100504586506,0.0,0.585
KXNBAPTS-26APR01BOSMIA-BOSNQUETA88-10,2026-04-01,pts,9.5,9.07534533277522,0.4246546672247806,0.42904981163666805,0.4099169181271972,1.0,0.59725
KXNBAPTS-26APR01BOSMIA-BOSNQUETA88-15,2026-04-01,pts,14.5,9.07534533277522,5.424654667224781,0.13562159899539555,0.12751671587109492,1.0,0.59725
KXNBAPTS-26APR01BOSMIA-BOSNQUETA88-20,2026-04-01,pts,19.5,9.07534533277522,10.42465466722478,0.02971954792800335,0.029503042379314337,0.0,0.59725
KXNBAPTS-26APR01BOSMIA-BOSNQUETA88-25,2026-04-01,pts,24.5,9.07534533277522,15.42465466722478,0.0054416073670992045,0.005589464822655321,0.0,0.59725
KXNBAPTS-26APR01BOSMIA-BOSPPRITCHARD11-10,2026-04-01,pts,9.5,15.88775,-6.3877500000000005,0.79575,0.7975068792127643,1.0,1.0
KXNBAPTS-26APR01BOSMIA-BOSPPRITCHARD11-15,2026-04-01,pts,14.5,15.88775,-1.3877500000000005,0.53975,0.5207776349891312,0.0,1.0
KXNBAPTS-26APR01BOSMIA-BOSPPRITCHARD11-20,2026-04-01,pts,19.5,15.88775,3.6122499999999995,0.29175,0.27880401942545807,0.0,1.0
KXNBAPTS-26APR01BOSMIA-BOSPPRITCHARD11-25,2026-04-01,pts,24.5,15.88775,8.61225,0.12225,0.12799183847815432,0.0,1.0
KXNBAPTS-26APR01BOSMIA-BOSSHAUSER30-10,2026-04-01,pts,9.5,8.598,0.9019999999999992,0.3765,0.36965270907337533,1.0,1.0
KXNBAPTS-26APR01BOSMIA-BOSSHAUSER30-15,2026-04-01,pts,14.5,8.598,5.901999999999999,0.13425,0.10442836174372461,1.0,1.0
KXNBAPTS-26APR01BOSMIA-BOSSHAUSER30-20,2026-04-01,pts,19.5,8.598,10.902,0.037,0.021783190426370447,1.0,1.0
KXNBAPTS-26APR01BOSMIA-MIAAWIGGINS22-10,2026-04-01,pts,9.5,12.00425,-2.5042500000000008,0.62425,0.6213877393467149,1.0,1.0
KXNBAPTS-26APR01BOSMIA-MIAAWIGGINS22-15,2026-04-01,pts,14.5,12.00425,2.4957499999999992,0.30875,0.29663194619677036,0.0,1.0
KXNBAPTS-26APR01BOSMIA-MIAAWIGGINS22-20,2026-04-01,pts,19.5,12.00425,7.495749999999999,0.12125,0.11003408367202383,0.0,1.0
KXNBAPTS-26APR01BOSMIA-MIAAWIGGINS22-25,2026-04-01,pts,24.5,12.00425,12.49575,0.03825,0.03409168790289707,0.0,1.0
KXNBAPTS-26APR01BOSMIA-MIABADEBAYO13-10,2026-04-01,pts,9.5,18.134,-8.634,0.88725,0.8585371827497639,1.0,1.0
KXNBAPTS-26APR01BOSMIA-MIABADEBAYO13-15,2026-04-01,pts,14.5,18.134,-3.6340000000000003,0.6705,0.6258641048586157,1.0,1.0
KXNBAPTS-26APR01BOSMIA-MIABADEBAYO13-20,2026-04-01,pts,19.5,18.134,1.3659999999999997,0.40075,0.3844794715610682,1.0,1.0
KXNBAPTS-26APR01BOSMIA-MIABADEBAYO13-25,2026-04-01,pts,24.5,18.134,6.366,0.1775,0.20553379648634917,1.0,1.0
KXNBAPTS-26APR01BOSMIA-MIABADEBAYO13-30,2026-04-01,pts,29.5,18.134,11.366,0.07275,0.09848288347851875,0.0,1.0
KXNBAPTS-26APR01BOSMIA-MIADMITCHELL45-10,2026-04-01,pts,9.5,7.503,1.9969999999999999,0.305,0.27459714716235206,1.0,1.0
KXNBAPTS-26APR01BOSMIA-MIADMITCHELL45-15,2026-04-01,pts,14.5,7.503,6.997,0.076,0.05966351497106892,1.0,1.0
KXNBAPTS-26APR01BOSMIA-MIADMITCHELL45-20,2026-04-01,pts,19.5,7.503,11.997,0.01225,0.009414123344439917,1.0,1.0
KXNBAPTS-26APR01BOSMIA-MIADMITCHELL45-25,2026-04-01,pts,24.5,7.503,16.997,0.00275,0.0012038147041099068,0.0,1.0
KXNBAPTS-26APR01BOSMIA-MIAKWARE7-10,2026-04-01,pts,9.5,7.5775,1.9225000000000003,0.31375,0.2810919148714829,0.0,1.0
KXNBAPTS-26APR01BOSMIA-MIAKWARE7-15,2026-04-01,pts,14.5,7.5775,6.9225,0.09425,0.06230726569999512,0.0,1.0
KXNBAPTS-26APR01BOSMIA-MIAKWARE7-20,2026-04-01,pts,19.5,7.5775,11.9225,0.02,0.010041008792701311,0.0,1.0
KXNBAPTS-26APR01BOSMIA-MIATHERRO14-20,2026-04-01,pts,19.5,17.727,1.7729999999999997,0.38575,0.3656009725414988,0.0,1.0
KXNBAPTS-26APR01BOSMIA-MIATHERRO14-25,2026-04-01,pts,24.5,17.727,6.773,0.18,0.19068004086426404,0.0,1.0
KXNBAPTS-26APR01BOSMIA-MIATHERRO14-30,2026-04-01,pts,29.5,17.727,11.773,0.06625,0.08900761303530902,0.0,1.0
KXNBAPTS-26APR01BOSMIA-MIATHERRO14-35,2026-04-01,pts,34.5,17.727,16.773,0.0205,0.038070598357214935,0.0,1.0
KXNBAREB-26APR01BOSMIA-BOSJBROWN7-10,2026-04-01,reb,9.5,6.743,2.7569999999999997,0.1585,0.1921792141789337,0.0,1.0
KXNBAREB-26APR01BOSMIA-BOSJBROWN7-12,2026-04-01,reb,11.5,6.743,4.757,0.05825,0.08831870090706684,0.0,1.0
KXNBAREB-26APR01BOSMIA-BOSJBROWN7-4,2026-04-01,reb,3.5,6.743,-3.2430000000000003,0.884,0.8376012905211117,0.0,1.0
KXNBAREB-26APR01BOSMIA-BOSJBROWN7-6,2026-04-01,reb,5.5,6.743,-1.2430000000000003,0.639,0.6061516026221001,0.0,1.0
KXNBAREB-26APR01BOSMIA-BOSJBROWN7-8,2026-04-01,reb,7.5,6.743,0.7569999999999997,0.3675,0.3682925497662056,0.0,1.0
KXNBAREB-26APR01BOSMIA-BOSJTATUM0-10,2026-04-01,reb,9.5,6.914529914529915,2.585470085470085,0.1764957264957265,0.20762246185997257,1.0,0.585
KXNBAREB-26APR01BOSMIA-BOSJTATUM0-12,2026-04-01,reb,11.5,6.914529914529915,4.585470085470085,0.05854700854700855,0.09798669201826149,1.0,0.585
KXNBAREB-26APR01BOSMIA-BOSJTATUM0-6,2026-04-01,reb,5.5,6.914529914529915,-1.4145299145299148,0.6662393162393162,0.6247013121002649,1.0,0.585
KXNBAREB-26APR01BOSMIA-BOSJTATUM0-8,2026-04-01,reb,7.5,6.914529914529915,0.5854700854700852,0.3854700854700855,0.3880809135440727,1.0,0.585
KXNBAREB-26APR01BOSMIA-BOSJTATUM0-9,2026-04-01,reb,8.5,6.914529914529915,1.5854700854700852,0.2692307692307692,0.2887640376569828,1.0,0.585
KXNBAREB-26APR01BOSMIA-BOSNQUETA88-10,2026-04-01,reb,9.5,6.963164503976559,2.536835496023441,0.18585182084554205,0.2120623875666764,1.0,0.59725
KXNBAREB-26APR01BOSMIA-BOSNQUETA88-12,2026-04-01,reb,11.5,6.963164503976559,4.536835496023441,0.06613645876935957,0.10081969947535396,0.0,0.59725
KXNBAREB-26APR01BOSMIA-BOSNQUETA88-14,2026-04-01,reb,13.5,6.963164503976559,6.536835496023441,0.022185014650481373,0.043199474869777044,0.0,0.59725
KXNBAREB-26APR01BOSMIA-BOSNQUETA88-6,2026-04-01,reb,5.5,6.963164503976559,-1.463164503976559,0.6617831728756802,0.629833878531581,1.0,0.59725
KXNBAREB-26APR01BOSMIA-BOSNQUETA88-8,2026-04-01,reb,7.5,6.963164503976559,0.5368354960234409,0.3980745081624111,0.3936623024387097,1.0,0.59725
KXNBAREB-26APR01BOSMIA-BOSPPRITCHARD11-10,2026-04-01,reb,9.5,3.65425,5.84575,0.0105,0.014427091979892559,0.0,1.0
KXNBAREB-26APR01BOSMIA-BOSPPRITCHARD11-2,2026-04-01,reb,1.5,3.65425,-2.15425,0.859,0.8375927052594307,1.0,1.0
KXNBAREB-26APR01BOSMIA-BOSPPRITCHARD11-4,2026-04-01,reb,3.5,3.65425,-0.15425000000000022,0.49225,0.4750766017706972,0.0,1.0
KXNBAREB-26APR01BOSMIA-BOSPPRITCHARD11-6,2026-04-01,reb,5.5,3.65425,1.8457499999999998,0.175,0.1894413170325615,0.0,1.0
KXNBAREB-26APR01BOSMIA-BOSPPRITCHARD11-8,2026-04-01,reb,7.5,3.65425,3.84575,0.043,0.057809351102581785,0.0,1.0
KXNBAREB-26APR01BOSMIA-MIAAWIGGINS22-2,2026-04-01,reb,1.5,4.44825,-2.94825,0.911,0.8978691495746735,1.0,1.0
KXNBAREB-26APR01BOSMIA-MIAAWIGGINS22-4,2026-04-01,reb,3.5,4.44825,-0.9482499999999998,0.62325,0.6043974847603919,1.0,1.0
KXNBAREB-26APR01BOSMIA-MIAAWIGGINS22-5,2026-04-01,reb,4.5,4.44825,0.051750000000000185,0.455,0.441885285597028,0.0,1.0
KXNBAREB-26APR01BOSMIA-MIAAWIGGINS22-6,2026-04-01,reb,5.5,4.44825,1.0517500000000002,0.29975,0.30172932563378796,0.0,1.0
KXNBAREB-26APR01BOSMIA-MIAAWIGGINS22-8,2026-04-01,reb,7.5,4.44825,3.05175,0.101,0.1181358933157225,0.0,1.0
KXNBAREB-26APR01BOSMIA-MIABADEBAYO13-10,2026-04-01,reb,9.5,9.20775,0.29224999999999923,0.43225,0.427927137097437,1.0,1.0
KXNBAREB-26APR01BOSMIA-MIABADEBAYO13-11,2026-04-01,reb,10.5,9.20775,1.2922499999999992,0.32775,0.34088337000980895,0.0,1.0
KXNBAREB-26APR01BOSMIA-MIABADEBAYO13-12,2026-04-01,reb,11.5,9.20775,2.2922499999999992,0.2345,0.2650481220705012,0.0,1.0
KXNBAREB-26APR01BOSMIA-MIABADEBAYO13-14,2026-04-01,reb,13.5,9.20775,4.292249999999999,0.113,0.1499903826120924,0.0,1.0
KXNBAREB-26APR01BOSMIA-MIABADEBAYO13-16,2026-04-01,reb,15.5,9.20775,6.292249999999999,0.042,0.07851812550664639,0.0,1.0
KXNBAREB-26APR01BOSMIA-MIAKWARE7-10,2026-04-01,reb,9.5,6.51725,2.9827500000000002,0.1795,0.1724309007586916,0.0,1.0
KXNBAREB-26APR01BOSMIA-MIAKWARE7-2,2026-04-01,reb,1.5,6.51725,-5.01725,0.9565,0.9677720361248927,1.0,1.0
KXNBAREB-26APR01BOSMIA-MIAKWARE7-4,2026-04-01,reb,3.5,6.51725,-3.0172499999999998,0.8195,0.8223887930143242,0.0,1.0
KXNBAREB-26APR01BOSMIA-MIAKWARE7-6,2026-04-01,reb,5.5,6.51725,-1.0172499999999998,0.58375,0.5806794625920191,0.0,1.0
KXNBAREB-26APR01BOSMIA-MIAKWARE7-8,2026-04-01,reb,7.5,6.51725,0.9827500000000002,0.35675,0.3420711850760465,0.0,1.0
KXNBAREB-26APR01BOSMIA-MIATHERRO14-2,2026-04-01,reb,1.5,4.23225,-2.7322499999999996,0.913,0.8842409927941866,1.0,1.0
KXNBAREB-26APR01BOSMIA-MIATHERRO14-4,2026-04-01,reb,3.5,4.23225,-0.7322499999999996,0.597,0.5718276586081734,0.0,1.0
KXNBAREB-26APR01BOSMIA-MIATHERRO14-5,2026-04-01,reb,4.5,4.23225,0.2677500000000004,0.41525,0.4073794186603974,0.0,1.0
KXNBAREB-26APR01BOSMIA-MIATHERRO14-6,2026-04-01,reb,5.5,4.23225,1.2677500000000004,0.25975,0.2704215942910554,0.0,1.0
KXNBAREB-26APR01BOSMIA-MIATHERRO14-8,2026-04-01,reb,7.5,4.23225,3.2677500000000004,0.078,0.09962925592132843,0.0,1.0
KXNBAAST-26APR01BOSMIA-BOSDWHITE9-2,2026-04-01,ast,1.5,4.738,-3.2380000000000004,0.94275,0.9153823923107386,1.0,1.0
KXNBAAST-26APR01BOSMIA-BOSDWHITE9-4,2026-04-01,ast,3.5,4.738,-1.2380000000000004,0.69075,0.6471214305343882,1.0,1.0
KXNBAAST-26APR01BOSMIA-BOSDWHITE9-5,2026-04-01,ast,4.5,4.738,-0.23800000000000043,0.51775,0.48766146295144286,0.0,1.0
KXNBAAST-26APR01BOSMIA-BOSDWHITE9-6,2026-04-01,ast,5.5,4.738,0.7619999999999996,0.3455,0.3437560352256265,0.0,1.0
KXNBAAST-26APR01BOSMIA-BOSDWHITE9-8,2026-04-01,ast,7.5,4.738,2.7619999999999996,0.10975,0.14360736084628822,0.0,1.0
KXNBAAST-26APR01BOSMIA-BOSJBROWN7-10,2026-04-01,ast,9.5,5.16775,4.33225,0.04075,0.0720537163387871,0.0,1.0
KXNBAAST-26APR01BOSMIA-BOSJBROWN7-2,2026-04-01,ast,1.5,5.16775,-3.66775,0.961,0.9339900098613608,1.0,1.0
KXNBAAST-26APR01BOSMIA-BOSJBROWN7-4,2026-04-01,ast,3.5,5.16775,-1.6677499999999998,0.7485,0.7010748948864325,1.0,1.0
KXNBAAST-26APR01BOSMIA-BOSJBROWN7-6,2026-04-01,ast,5.5,5.16775,0.33225000000000016,0.4165,0.4060171590978894,1.0,1.0
KXNBAAST-26APR01BOSMIA-BOSJBROWN7-8,2026-04-01,ast,7.5,5.16775,2.33225,0.1565,0.18744318585345843,0.0,1.0
KXNBAAST-26APR01BOSMIA-BOSJTATUM0-2,2026-04-01,ast,1.5,4.505982905982906,-3.005982905982906,0.9435897435897436,0.9031082874677147,1.0,0.585
KXNBAAST-26APR01BOSMIA-BOSJTATUM0-4,2026-04-01,ast,3.5,4.505982905982906,-1.005982905982906,0.6508547008547009,0.6147233841535276,1.0,0.585
KXNBAAST-26APR01BOSMIA-BOSJTATUM0-5,2026-04-01,ast,4.5,4.505982905982906,-0.005982905982905962,0.4670940170940171,0.4517492324968557,1.0,0.585
KXNBAAST-26APR01BOSMIA-BOSJTATUM0-6,2026-04-01,ast,5.5,4.505982905982906,0.994017094017094,0.30299145299145297,0.3097478030919044,1.0,0.585
KXNBAAST-26APR01BOSMIA-BOSJTATUM0-8,2026-04-01,ast,7.5,4.505982905982906,2.994017094017094,0.09188034188034189,0.12184373594106057,1.0,0.585
KXNBAAST-26APR01BOSMIA-BOSPPRITCHARD11-2,2026-04-01,ast,1.5,4.367,-2.867,0.9095,0.8948739021949157,1.0,1.0
KXNBAAST-26APR01BOSMIA-BOSPPRITCHARD11-4,2026-04-01,ast,3.5,4.367,-0.867,0.62375,0.5941954134606697,1.0,1.0
KXNBAAST-26APR01BOSMIA-BOSPPRITCHARD11-5,2026-04-01,ast,4.5,4.367,0.133,0.42875,0.42963752563806545,0.0,1.0
KXNBAAST-26APR01BOSMIA-BOSPPRITCHARD11-6,2026-04-01,ast,5.5,4.367,1.133,0.2785,0.2894012981061439,0.0,1.0
KXNBAAST-26APR01BOSMIA-BOSPPRITCHARD11-8,2026-04-01,ast,7.5,4.367,3.133,0.096,0.10955213887103243,0.0,1.0
KXNBAAST-26APR01BOSMIA-MIABADEBAYO13-10,2026-04-01,ast,9.5,2.73975,6.76025,0.00075,0.002597468700980654,0.0,1.0
KXNBAAST-26APR01BOSMIA-MIABADEBAYO13-2,2026-04-01,ast,1.5,2.73975,-1.23975,0.74425,0.7226901791867386,1.0,1.0
KXNBAAST-26APR01BOSMIA-MIABADEBAYO13-4,2026-04-01,ast,3.5,2.73975,0.7602500000000001,0.29925,0.299835607949019,0.0,1.0
KXNBAAST-26APR01BOSMIA-MIABADEBAYO13-6,2026-04-01,ast,5.5,2.73975,2.76025,0.067,0.0811251878284287,0.0,1.0
KXNBAAST-26APR01BOSMIA-MIABADEBAYO13-8,2026-04-01,ast,7.5,2.73975,4.76025,0.00875,0.01621090102748224,0.0,1.0
KXNBAAST-26APR01BOSMIA-MIADMITCHELL45-10,2026-04-01,ast,9.5,4.512,4.988,0.024,0.0397257914887148,0.0,1.0
KXNBAAST-26APR01BOSMIA-MIADMITCHELL45-2,2026-04-01,ast,1.5,4.512,-3.0119999999999996,0.9225,0.9034491587830139,1.0,1.0
KXNBAAST-26APR01BOSMIA-MIADMITCHELL45-4,2026-04-01,ast,3.5,4.512,-1.0119999999999996,0.645,0.615593110157549,1.0,1.0
KXNBAAST-26APR01BOSMIA-MIADMITCHELL45-6,2026-04-01,ast,5.5,4.512,0.9880000000000004,0.3075,0.3106299325786872,1.0,1.0
KXNBAAST-26APR01BOSMIA-MIADMITCHELL45-8,2026-04-01,ast,7.5,4.512,2.9880000000000004,0.10275,0.12238897360361589,0.0,1.0
KXNBAAST-26APR01BOSMIA-MIATHERRO14-10,2026-04-01,ast,9.5,3.45575,6.04425,0.004,0.010219894422665465,0.0,1.0
KXNBAAST-26APR01BOSMIA-MIATHERRO14-2,2026-04-01,ast,1.5,3.45575,-1.95575,0.84525,0.819387425735956,1.0,1.0
KXNBAAST-26APR01BOSMIA-MIATHERRO14-4,2026-04-01,ast,3.5,3.45575,0.0442499999999999,0.46175,0.43958779167904816,1.0,1.0
KXNBAAST-26APR01BOSMIA-MIATHERRO14-6,2026-04-01,ast,5.5,3.45575,2.04425,0.1445,0.16228501717877375,1.0,1.0
KXNBAAST-26APR01BOSMIA-MIATHERRO14-8,2026-04-01,ast,7.5,3.45575,4.04425,0.031,0.04524053963422314,0.0,1.0
KXNBA3PT-26APR01BOSMIA-BOSDWHITE9-1,2026-04-01,fg3m,0.5,2.326,-1.826,0.899,0.868712320415586,0.0,1.0
KXNBA3PT-26APR01BOSMIA-BOSDWHITE9-2,2026-04-01,fg3m,1.5,2.326,-0.8260000000000001,0.677,0.6346556496304843,0.0,1.0
KXNBA3PT-26APR01BOSMIA-BOSDWHITE9-3,2026-04-01,fg3m,2.5,2.326,0.17399999999999993,0.3985,0.3986889689474826,0.0,1.0
KXNBA3PT-26APR01BOSMIA-BOSDWHITE9-4,2026-04-01,fg3m,3.5,2.326,1.174,0.20375,0.2217245989215786,0.0,1.0
KXNBA3PT-26APR01BOSMIA-BOSDWHITE9-5,2026-04-01,fg3m,4.5,2.326,2.174,0.096,0.11185589273804153,0.0,1.0
KXNBA3PT-26APR01BOSMIA-BOSJBROWN7-1,2026-04-01,fg3m,0.5,1.75,-1.25,0.82175,0.7931176052811851,1.0,1.0
KXNBA3PT-26APR01BOSMIA-BOSJBROWN7-2,2026-04-01,fg3m,1.5,1.75,-0.25,0.523,0.498593146661762,1.0,1.0
KXNBA3PT-26APR01BOSMIA-BOSJBROWN7-3,2026-04-01,fg3m,2.5,1.75,0.75,0.2645,0.26148208921921845,1.0,1.0
KXNBA3PT-26APR01BOSMIA-BOSJBROWN7-4,2026-04-01,fg3m,3.5,1.75,1.75,0.09825,0.11948228707377528,1.0,1.0
KXNBA3PT-26APR01BOSMIA-BOSJBROWN7-5,2026-04-01,fg3m,4.5,1.75,2.75,0.03,0.04908163267474053,0.0,1.0
KXNBA3PT-26APR01BOSMIA-BOSJTATUM0-1,2026-04-01,fg3m,0.5,2.544017094017094,-2.044017094017094,0.9175213675213675,0.8887151578247325,1.0,0.585
KXNBA3PT-26APR01BOSMIA-BOSJTATUM0-2,2026-04-01,fg3m,1.5,2.544017094017094,-1.0440170940170939,0.7205128205128205,0.6763715669871915,1.0,0.585
KXNBA3PT-26APR01BOSMIA-BOSJTATUM0-3,2026-04-01,fg3m,2.5,2.544017094017094,-0.04401709401709386,0.46111111111111114,0.44724528416375997,1.0,0.585
KXNBA3PT-26APR01BOSMIA-BOSJTATUM0-4,2026-04-01,fg3m,3.5,2.544017094017094,0.9559829059829061,0.2512820512820513,0.2633307071375408,1.0,0.585
KXNBA3PT-26APR01BOSMIA-BOSJTATUM0-5,2026-04-01,fg3m,4.5,2.544017094017094,1.9559829059829061,0.11581196581196582,0.1411196725187589,0.0,0.585
KXNBA3PT-26APR01BOSMIA-BOSPPRITCHARD11-1,2026-04-01,fg3m,0.5,2.5495,-2.0495,0.90525,0.8891717416561055,1.0,1.0
KXNBA3PT-26APR01BOSMIA-BOSPPRITCHARD11-2,2026-04-01,fg3m,1.5,2.5495,-1.0495,0.71,0.6773577028514871,1.0,1.0
KXNBA3PT-26APR01BOSMIA-BOSPPRITCHARD11-3,2026-04-01,fg3m,2.5,2.5495,-0.0495000000000001,0.46375,0.4484335670105102,1.0,1.0
KXNBA3PT-26APR01BOSMIA-BOSPPRITCHARD11-4,2026-04-01,fg3m,3.5,2.5495,0.9504999999999999,0.25725,0.2643843744299039,1.0,1.0
KXNBA3PT-26APR01BOSMIA-BOSPPRITCHARD11-5,2026-04-01,fg3m,4.5,2.5495,1.9505,0.12775,0.14188629646075035,0.0,1.0
KXNBA3PT-26APR01BOSMIA-MIATHERRO14-1,2026-04-01,fg3m,0.5,2.15475,-1.65475,0.873,0.8501270241557145,1.0,1.0
KXNBA3PT-26APR01BOSMIA-MIATHERRO14-2,2026-04-01,fg3m,1.5,2.15475,-0.6547499999999999,0.62425,0.5982781716983101,1.0,1.0
KXNBA3PT-26APR01BOSMIA-MIATHERRO14-3,2026-04-01,fg3m,2.5,2.15475,0.34525000000000006,0.36875,0.358952530409706,1.0,1.0
KXNBA3PT-26APR01BOSMIA-MIATHERRO14-4,2026-04-01,fg3m,3.5,2.15475,1.34525,0.18,0.18977449507306754,1.0,1.0
KXNBA3PT-26APR01BOSMIA-MIATHERRO14-5,2026-04-01,fg3m,4.5,2.15475,2.34525,0.0755,0.0907707215575797,0.0,1.0
KXNBAPTS-26APR01ATLORL-ATLCMCCOLLUM3-15,2026-04-01,pts,14.5,16.02775,-1.527750000000001,0.5685,0.5279434286799214,0.0,1.0
KXNBAPTS-26APR01ATLORL-ATLCMCCOLLUM3-20,2026-04-01,pts,19.5,16.02775,3.472249999999999,0.2775,0.2854284704533928,0.0,1.0
KXNBAPTS-26APR01ATLORL-ATLCMCCOLLUM3-25,2026-04-01,pts,24.5,16.02775,8.472249999999999,0.09975,0.1324488663625224,0.0,1.0
KXNBAPTS-26APR01ATLORL-ATLCMCCOLLUM3-30,2026-04-01,pts,29.5,16.02775,13.472249999999999,0.03075,0.05466733606122465,0.0,1.0
KXNBAPTS-26APR01ATLORL-ATLDDANIELS5-10,2026-04-01,pts,9.5,10.95875,-1.4587500000000002,0.5765,0.5539304720582034,1.0,1.0
KXNBAPTS-26APR01ATLORL-ATLDDANIELS5-15,2026-04-01,pts,14.5,10.95875,3.54125,0.2395,0.23298959057608648,1.0,1.0
KXNBAPTS-26APR01ATLORL-ATLDDANIELS5-20,2026-04-01,pts,19.5,10.95875,8.54125,0.05975,0.07498462198301148,0.0,1.0
KXNBAPTS-26APR01ATLORL-ATLJJOHNSON1-20,2026-04-01,pts,19.5,18.6115,0.8885000000000005,0.4225,0.4063443436948706,0.0,1.0
KXNBAPTS-26APR01ATLORL-ATLJJOHNSON1-25,2026-04-01,pts,24.5,18.6115,5.8885000000000005,0.1985,0.22327963424620634,0.0,1.0
KXNBAPTS-26APR01ATLORL-ATLJJOHNSON1-30,2026-04-01,pts,29.5,18.6115,10.8885,0.0745,0.11016013815644032,0.0,1.0
KXNBAPTS-26APR01ATLORL-ATLJJOHNSON1-35,2026-04-01,pts,34.5,18.6115,15.8885,0.02,0.049897532208383555,0.0,1.0
KXNBAPTS-26APR01ATLORL-ATLJKUMINGA0-10,2026-04-01,pts,9.5,8.97,0.5299999999999994,0.41225,0.40113098150008886,1.0,1.0
KXNBAPTS-26APR01ATLORL-ATLJKUMINGA0-15,2026-04-01,pts,14.5,8.97,5.529999999999999,0.1405,0.12225805376227827,0.0,1.0
KXNBAPTS-26APR01ATLORL-ATLJKUMINGA0-20,2026-04-01,pts,19.5,8.97,10.53,0.035,0.027669564165242688,0.0,1.0
KXNBAPTS-26APR01ATLORL-ATLJKUMINGA0-25,2026-04-01,pts,24.5,8.97,15.53,0.006,0.005124199013195718,0.0,1.0
KXNBAPTS-26APR01ATLORL-ATLNALEXANDERWALKER7-15,2026-04-01,pts,14.5,17.37325,-2.8732499999999987,0.6305,0.5926549286281877,1.0,1.0
KXNBAPTS-26APR01ATLORL-ATLNALEXANDERWALKER7-20,2026-04-01,pts,19.5,17.37325,2.1267500000000013,0.36575,0.3490460021852779,1.0,1.0
KXNBAPTS-26APR01ATLORL-ATLNALEXANDERWALKER7-25,2026-04-01,pts,24.5,17.37325,7.126750000000001,0.164,0.17801146147301128,1.0,1.0
KXNBAPTS-26APR01ATLORL-ATLNALEXANDERWALKER7-30,2026-04-01,pts,29.5,17.37325,12.126750000000001,0.0545,0.08114787239723154,1.0,1.0
KXNBAPTS-26APR01ATLORL-ATLOOKONGWU17-10,2026-04-01,pts,9.5,11.8165,-2.3164999999999996,0.61725,0.6099593742753008,1.0,1.0
KXNBAPTS-26APR01ATLORL-ATLOOKONGWU17-15,2026-04-01,pts,14.5,11.8165,2.6835000000000004,0.30325,0.2851220167430283,1.0,1.0
KXNBAPTS-26APR01ATLORL-ATLOOKONGWU17-20,2026-04-01,pts,19.5,11.8165,7.6835,0.106,0.10328133765047798,0.0,1.0
KXNBAPTS-26APR01ATLORL-ATLOOKONGWU17-25,2026-04-01,pts,24.5,11.8165,12.6835,0.0305,0.031208194402539857,0.0,1.0
KXNBAPTS-26APR01ATLORL-ORLDBANE3-15,2026-04-01,pts,14.5,17.5455,-3.0455000000000005,0.64725,0.6003879201657314,0.0,1.0
KXNBAPTS-26APR01ATLORL-ORLDBANE3-20,2026-04-01,pts,19.5,17.5455,1.9544999999999995,0.36425,0.3571220103530367,0.0,1.0
KXNBAPTS-26APR01ATLORL-ORLDBANE3-25,2026-04-01,pts,24.5,17.5455,6.9544999999999995,0.16175,0.18414987899638346,0.0,1.0
KXNBAPTS-26APR01ATLORL-ORLDBANE3-30,2026-04-01,pts,29.5,17.5455,11.9545,0.0585,0.08493036280304245,0.0,1.0
KXNBAPTS-26APR01ATLORL-ORLJSUGGS4-10,2026-04-01,pts,9.5,13.36375,-3.8637499999999996,0.7065,0.6954871365073603,0.0,1.0
KXNBAPTS-26APR01ATLORL-ORLJSUGGS4-15,2026-04-01,pts,14.5,13.36375,1.1362500000000004,0.389,0.3793329528892563,0.0,1.0
KXNBAPTS-26APR01ATLORL-ORLJSUGGS4-20,2026-04-01,pts,19.5,13.36375,6.13625,0.1655,0.16393849153093487,0.0,1.0
KXNBAPTS-26APR01ATLORL-ORLJSUGGS4-25,2026-04-01,pts,24.5,13.36375,11.13625,0.0525,0.059728377944430644,0.0,1.0
KXNBAPTS-26APR01ATLORL-ORLPBANCHERO5-20,2026-04-01,pts,19.5,20.33,-0.8299999999999983,0.5145,0.4816959857501828,0.0,1.0
KXNBAPTS-26APR01ATLORL-ORLPBANCHERO5-25,2026-04-01,pts,24.5,20.33,4.170000000000002,0.27275,0.2889303159621781,0.0,1.0
KXNBAPTS-26APR01ATLORL-ORLPBANCHERO5-30,2026-04-01,pts,29.5,20.33,9.170000000000002,0.11925,0.15657464786794584,0.0,1.0
KXNBAPTS-26APR01ATLORL-ORLPBANCHERO5-35,2026-04-01,pts,34.5,20.33,14.170000000000002,0.03475,0.07819193182565753,0.0,1.0
KXNBAPTS-26APR01ATLORL-ORLWCARTER34-10,2026-04-01,pts,9.5,10.25425,-0.7542500000000008,0.522,0.5032622445403875,1.0,1.0
KXNBAPTS-26APR01ATLORL-ORLWCARTER34-15,2026-04-01,pts,14.5,10.25425,4.245749999999999,0.19475,0.1915036513771754,0.0,1.0
KXNBAPTS-26APR01ATLORL-ORLWCARTER34-20,2026-04-01,pts,19.5,10.25425,9.24575,0.04825,0.05517376471363078,0.0,1.0
KXNBAREB-26APR01ATLORL-ATLDDANIELS5-10,2026-04-01,reb,9.5,6.02725,3.4727499999999996,0.10625,0.13230919014978204,1.0,1.0
KXNBAREB-26APR01ATLORL-ATLDDANIELS5-12,2026-04-01,reb,11.5,6.02725,5.47275,0.032,0.053724402319662024,1.0,1.0
KXNBAREB-26APR01ATLORL-ATLDDANIELS5-6,2026-04-01,reb,5.5,6.02725,-0.5272500000000004,0.544,0.5213555110820802,1.0,1.0
KXNBAREB-26APR01ATLORL-ATLDDANIELS5-7,2026-04-01,reb,6.5,6.02725,0.47274999999999956,0.396,0.3942824226635743,1.0,1.0
KXNBAREB-26APR01ATLORL-ATLDDANIELS5-8,2026-04-01,reb,7.5,6.02725,1.4727499999999996,0.26525,0.28505164588407306,1.0,1.0
KXNBAREB-26APR01ATLORL-ATLJJOHNSON1-10,2026-04-01,reb,9.5,9.0065,0.49349999999999916,0.4175,0.40878742389908584,1.0,1.0
KXNBAREB-26APR01ATLORL-ATLJJOHNSON1-12,2026-04-01,reb,11.5,9.0065,2.493499999999999,0.216,0.24847015161807673,1.0,1.0
KXNBAREB-26APR01ATLORL-ATLJJOHNSON1-14,2026-04-01,reb,13.5,9.0065,4.493499999999999,0.0875,0.13781300597465096,1.0,1.0
KXNBAREB-26APR01ATLORL-ATLJJOHNSON1-6,2026-04-01,reb,5.5,9.0065,-3.506500000000001,0.86175,0.7976283691070268,1.0,1.0
KXNBAREB-26APR01ATLORL-ATLJJOHNSON1-8,2026-04-01,reb,7.5,9.0065,-1.5065000000000008,0.65975,0.605354035577832,1.0,1.0
KXNBAREB-26APR01ATLORL-ATLJKUMINGA0-2,2026-04-01,reb,1.5,4.87875,-3.37875,0.9415,0.9202354111342602,0.0,1.0
KXNBAREB-26APR01ATLORL-ATLJKUMINGA0-4,2026-04-01,reb,3.5,4.87875,-1.3787500000000001,0.69025,0.663338016646691,0.0,1.0
KXNBAREB-26APR01ATLORL-ATLJKUMINGA0-5,2026-04-01,reb,4.5,4.87875,-0.37875000000000014,0.52575,0.5074793678282836,0.0,1.0
KXNBAREB-26APR01ATLORL-ATLJKUMINGA0-6,2026-04-01,reb,5.5,4.87875,0.6212499999999999,0.36775,0.36426066254557865,0.0,1.0
KXNBAREB-26APR01ATLORL-ATLJKUMINGA0-8,2026-04-01,reb,7.5,4.87875,2.62125,0.13625,0.1589702750161256,0.0,1.0
KXNBAREB-26APR01ATLORL-ATLNALEXANDERWALKER7-10,2026-04-01,reb,9.5,3.28475,6.21525,0.0035,0.008052447436712407,0.0,1.0
KXNBAREB-26APR01ATLORL-ATLNALEXANDERWALKER7-2,2026-04-01,reb,1.5,3.28475,-1.7847499999999998,0.83675,0.797955769605826,1.0,1.0
KXNBAREB-26APR01ATLORL-ATLNALEXANDERWALKER7-4,2026-04-01,reb,3.5,3.28475,0.21525000000000016,0.4085,0.40672949014807425,1.0,1.0
KXNBAREB-26APR01ATLORL-ATLNALEXANDERWALKER7-6,2026-04-01,reb,5.5,3.28475,2.21525,0.1195,0.14195843916037176,0.0,1.0
KXNBAREB-26APR01ATLORL-ATLNALEXANDERWALKER7-8,2026-04-01,reb,7.5,3.28475,4.21525,0.02175,0.037489034212744965,0.0,1.0
KXNBAREB-26APR01ATLORL-ATLOOKONGWU17-10,2026-04-01,reb,9.5,6.69225,2.8077500000000004,0.15675,0.18767944498889233,0.0,1.0
KXNBAREB-26APR01ATLORL-ATLOOKONGWU17-12,2026-04-01,reb,11.5,6.69225,4.80775,0.0615,0.08555684175821487,0.0,1.0
KXNBAREB-26APR01ATLORL-ATLOOKONGWU17-4,2026-04-01,reb,3.5,6.69225,-3.1922499999999996,0.87375,0.8342976538000404,1.0,1.0
KXNBAREB-26APR01ATLORL-ATLOOKONGWU17-6,2026-04-01,reb,5.5,6.69225,-1.1922499999999996,0.644,0.6005298462634344,1.0,1.0
KXNBAREB-26APR01ATLORL-ATLOOKONGWU17-8,2026-04-01,reb,7.5,6.69225,0.8077500000000004,0.356,0.3624119986527362,0.0,1.0
KXNBAREB-26APR01ATLORL-ORLJSUGGS4-2,2026-04-01,reb,1.5,4.21475,-2.7147500000000004,0.90625,0.8830563656346458,1.0,1.0
KXNBAREB-26APR01ATLORL-ORLJSUGGS4-4,2026-04-01,reb,3.5,4.21475,-0.7147500000000004,0.59575,0.569101196611943,1.0,1.0
KXNBAREB-26APR01ATLORL-ORLJSUGGS4-5,2026-04-01,reb,4.5,4.21475,0.28524999999999956,0.41225,0.404545215764584,1.0,1.0
KXNBAREB-26APR01ATLORL-ORLJSUGGS4-6,2026-04-01,reb,5.5,4.21475,1.2852499999999996,0.259,0.2678986959144082,0.0,1.0
KXNBAREB-26APR01ATLORL-ORLJSUGGS4-8,2026-04-01,reb,7.5,4.21475,3.2852499999999996,0.08075,0.09819421402907691,0.0,1.0
KXNBAREB-26APR01ATLORL-ORLPBANCHERO5-10,2026-04-01,reb,9.5,7.74625,1.7537500000000001,0.26825,0.28625697052704735,0.0,1.0
KXNBAREB-26APR01ATLORL-ORLPBANCHERO5-12,2026-04-01,reb,11.5,7.74625,3.75375,0.113,0.15153936614244,0.0,1.0
KXNBAREB-26APR01ATLORL-ORLPBANCHERO5-6,2026-04-01,reb,5.5,7.74625,-2.24625,0.765,0.7048443129504394,1.0,1.0
KXNBAREB-26APR01ATLORL-ORLPBANCHERO5-8,2026-04-01,reb,7.5,7.74625,-0.24624999999999986,0.49825,0.48083047050866234,1.0,1.0
KXNBAREB-26APR01ATLORL-ORLPBANCHERO5-9,2026-04-01,reb,8.5,7.74625,0.7537500000000001,0.376,0.37693944147538905,0.0,1.0
KXNBAREB-26APR01ATLORL-ORLWCARTER34-10,2026-04-01,reb,9.5,7.274,2.226,0.2135,0.24098434020587056,0.0,1.0
KXNBAREB-26APR01ATLORL-ORLWCARTER34-12,2026-04-01,reb,11.5,7.274,4.226,0.0755,0.1198435502172347,0.0,1.0
KXNBAREB-26APR01ATLORL-ORLWCARTER34-4,2026-04-01,reb,3.5,7.274,-3.774,0.92225,0.8684667523744574,1.0,1.0
KXNBAREB-26APR01ATLORL-ORLWCARTER34-6,2026-04-01,reb,5.5,7.274,-1.774,0.711,0.6613163359842444,1.0,1.0
KXNBAREB-26APR01ATLORL-ORLWCARTER34-8,2026-04-01,reb,7.5,7.274,0.22599999999999998,0.437,0.42893905712968894,0.0,1.0
KXNBAAST-26APR01ATLORL-ATLCMCCOLLUM3-10,2026-04-01,ast,9.5,3.20825,6.29175,0.00275,0.006712865058890349,0.0,1.0
KXNBAAST-26APR01ATLORL-ATLCMCCOLLUM3-2,2026-04-01,ast,1.5,3.20825,-1.70825,0.8215,0.7905286638906002,1.0,1.0
KXNBAAST-26APR01ATLORL-ATLCMCCOLLUM3-4,2026-04-01,ast,3.5,3.20825,0.29174999999999995,0.40275,0.3924400732272255,0.0,1.0
KXNBAAST-26APR01ATLORL-ATLCMCCOLLUM3-6,2026-04-01,ast,5.5,3.20825,2.29175,0.112,0.13163242654176965,0.0,1.0
KXNBAAST-26APR01ATLORL-ATLCMCCOLLUM3-8,2026-04-01,ast,7.5,3.20825,4.29175,0.0215,0.03308309356205463,0.0,1.0
KXNBAAST-26APR01ATLORL-ATLJJOHNSON1-10,2026-04-01,ast,9.5,5.85425,3.6457499999999996,0.08075,0.1174083443488132,0.0,1.0
KXNBAAST-26APR01ATLORL-ATLJJOHNSON1-12,2026-04-01,ast,11.5,5.85425,5.64575,0.0185,0.04536719646040632,0.0,1.0
KXNBAAST-26APR01ATLORL-ATLJJOHNSON1-4,2026-04-01,ast,3.5,5.85425,-2.3542500000000004,0.83,0.7721012628383055,1.0,1.0
KXNBAAST-26APR01ATLORL-ATLJJOHNSON1-6,2026-04-01,ast,5.5,5.85425,-0.3542500000000004,0.529,0.5004557474849647,1.0,1.0
KXNBAAST-26APR01ATLORL-ATLJJOHNSON1-8,2026-04-01,ast,7.5,5.85425,1.6457499999999996,0.242,0.264138043229319,1.0,1.0
KXNBAAST-26APR01ATLORL-ATLNALEXANDERWALKER7-10,2026-04-01,ast,9.5,3.11175,6.38825,0.001,0.0056195125066403895,0.0,1.0
KXNBAAST-26APR01ATLORL-ATLNALEXANDERWALKER7-2,2026-04-01,ast,1.5,3.11175,-1.6117499999999998,0.80625,0.7780565465587047,0.0,1.0
KXNBAAST-26APR01ATLORL-ATLNALEXANDERWALKER7-4,2026-04-01,ast,3.5,3.11175,0.3882500000000002,0.37575,0.37363652934937985,0.0,1.0
KXNBAAST-26APR01ATLORL-ATLNALEXANDERWALKER7-6,2026-04-01,ast,5.5,3.11175,2.38825,0.1015,0.12036103251512631,0.0,1.0
KXNBAAST-26APR01ATLORL-ATLNALEXANDERWALKER7-8,2026-04-01,ast,7.5,3.11175,4.38825,0.01575,0.028964967090131744,0.0,1.0
KXNBAAST-26APR01ATLORL-ATLOOKONGWU17-2,2026-04-01,ast,1.5,2.355,-0.855,0.67275,0.6514068647980811,1.0,1.0
KXNBAAST-26APR01ATLORL-ATLOOKONGWU17-3,2026-04-01,ast,2.5,2.355,0.14500000000000002,0.41825,0.4088992394333144,1.0,1.0
KXNBAAST-26APR01ATLORL-ATLOOKONGWU17-4,2026-04-01,ast,3.5,2.355,1.145,0.2125,0.22368656830879896,1.0,1.0
KXNBAAST-26APR01ATLORL-ATLOOKONGWU17-6,2026-04-01,ast,5.5,2.355,3.145,0.041,0.0486270400187222,0.0,1.0
KXNBAAST-26APR01ATLORL-ATLOOKONGWU17-8,2026-04-01,ast,7.5,2.355,5.145,0.00475,0.0077171618203447645,0.0,1.0
KXNBAAST-26APR01ATLORL-ORLJSUGGS4-10,2026-04-01,ast,9.5,4.71625,4.78375,0.03025,0.048595461465460676,0.0,1.0
KXNBAAST-26APR01ATLORL-ORLJSUGGS4-2,2026-04-01,ast,1.5,4.71625,-3.2162499999999996,0.93575,0.9143044787544601,1.0,1.0
KXNBAAST-26APR01ATLORL-ORLJSUGGS4-4,2026-04-01,ast,3.5,4.71625,-1.2162499999999996,0.6725,0.6441832280121846,1.0,1.0
KXNBAAST-26APR01ATLORL-ORLJSUGGS4-6,2026-04-01,ast,5.5,4.71625,0.7837500000000004,0.34375,0.34057228670181816,1.0,1.0
KXNBAAST-26APR01ATLORL-ORLJSUGGS4-8,2026-04-01,ast,7.5,4.71625,2.7837500000000004,0.1135,0.14150503146174753,1.0,1.0
KXNBAAST-26APR01ATLORL-ORLPBANCHERO5-10,2026-04-01,ast,9.5,4.61625,4.88375,0.02025,0.0441171263940463,0.0,1.0
KXNBAAST-26APR01ATLORL-ORLPBANCHERO5-2,2026-04-01,ast,1.5,4.61625,-3.11625,0.93775,0.9091594872968843,1.0,1.0
KXNBAAST-26APR01ATLORL-ORLPBANCHERO5-4,2026-04-01,ast,3.5,4.61625,-1.11625,0.6735,0.6304116217723713,0.0,1.0
KXNBAAST-26APR01ATLORL-ORLPBANCHERO5-6,2026-04-01,ast,5.5,4.61625,0.88375,0.3225,0.3259176644572296,0.0,1.0
KXNBAAST-26APR01ATLORL-ORLPBANCHERO5-8,2026-04-01,ast,7.5,4.61625,2.88375,0.09875,0.13200116141775076,0.0,1.0
KXNBA3PT-26APR01ATLORL-ATLCMCCOLLUM3-1,2026-04-01,fg3m,0.5,1.97175,-1.47175,0.8605,0.8269025972370436,1.0,1.0
KXNBA3PT-26APR01ATLORL-ATLCMCCOLLUM3-2,2026-04-01,fg3m,1.5,1.97175,-0.4717499999999999,0.592,0.5556596445786361,0.0,1.0
KXNBA3PT-26APR01ATLORL-ATLCMCCOLLUM3-3,2026-04-01,fg3m,2.5,1.97175,0.5282500000000001,0.30975,0.31530142170610964,0.0,1.0
KXNBA3PT-26APR01ATLORL-ATLCMCCOLLUM3-4,2026-04-01,fg3m,3.5,1.97175,1.52825,0.142,0.15686136240979687,0.0,1.0
KXNBA3PT-26APR01ATLORL-ATLCMCCOLLUM3-5,2026-04-01,fg3m,4.5,1.97175,2.52825,0.04925,0.07039961009291273,0.0,1.0
KXNBA3PT-26APR01ATLORL-ATLJJOHNSON1-1,2026-04-01,fg3m,0.5,1.54475,-1.04475,0.77925,0.7550692774308325,0.0,1.0
KXNBA3PT-26APR01ATLORL-ATLJJOHNSON1-2,2026-04-01,fg3m,1.5,1.54475,-0.04475000000000007,0.4565,0.4403914557604316,0.0,1.0
KXNBA3PT-26APR01ATLORL-ATLJJOHNSON1-3,2026-04-01,fg3m,2.5,1.54475,0.9552499999999999,0.20825,0.2117675626518145,0.0,1.0
KXNBA3PT-26APR01ATLORL-ATLJJOHNSON1-4,2026-04-01,fg3m,3.5,1.54475,1.95525,0.07025,0.088206228922878,0.0,1.0
KXNBA3PT-26APR01ATLORL-ATLJJOHNSON1-5,2026-04-01,fg3m,4.5,1.54475,2.95525,0.0215,0.03292259481074988,0.0,1.0
KXNBA3PT-26APR01ATLORL-ATLNALEXANDERWALKER7-1,2026-04-01,fg3m,0.5,2.6605,-2.1605,0.9275,0.8979745126318918,1.0,1.0
KXNBA3PT-26APR01ATLORL-ATLNALEXANDERWALKER7-2,2026-04-01,fg3m,1.5,2.6605,-1.1604999999999999,0.733,0.696688879440045,1.0,1.0
KXNBA3PT-26APR01ATLORL-ATLNALEXANDERWALKER7-3,2026-04-01,fg3m,2.5,2.6605,-0.16049999999999986,0.49175,0.472120043679092,1.0,1.0
KXNBA3PT-26APR01ATLORL-ATLNALEXANDERWALKER7-4,2026-04-01,fg3m,3.5,2.6605,0.8395000000000001,0.2785,0.2857433136684193,1.0,1.0
KXNBA3PT-26APR01ATLORL-ATLNALEXANDERWALKER7-5,2026-04-01,fg3m,4.5,2.6605,1.8395000000000001,0.1385,0.1576911523931226,1.0,1.0
KXNBA3PT-26APR01ATLORL-ORLDBANE3-1,2026-04-01,fg3m,0.5,1.82725,-1.32725,0.82975,0.8056686757464252,1.0,1.0
KXNBA3PT-26APR01ATLORL-ORLDBANE3-2,2026-04-01,fg3m,1.5,1.82725,-0.32725000000000004,0.54,0.5191586070261387,1.0,1.0
KXNBA3PT-26APR01ATLORL-ORLDBANE3-3,2026-04-01,fg3m,2.5,1.82725,0.67275,0.2825,0.2802842248689166,0.0,1.0
KXNBA3PT-26APR01ATLORL-ORLDBANE3-4,2026-04-01,fg3m,3.5,1.82725,1.67275,0.11925,0.13213316742660475,0.0,1.0
KXNBA3PT-26APR01ATLORL-ORLDBANE3-5,2026-04-01,fg3m,4.5,1.82725,2.6727499999999997,0.03975,0.05606675051226795,0.0,1.0
KXNBA3PT-26APR01ATLORL-ORLJSUGGS4-1,2026-04-01,fg3m,0.5,1.94875,-1.44875,0.858,0.823705654146888,0.0,1.0
KXNBA3PT-26APR01ATLORL-ORLJSUGGS4-2,2026-04-01,fg3m,1.5,1.94875,-0.44875,0.5705,0.5500201848117046,0.0,1.0
KXNBA3PT-26APR01ATLORL-ORLJSUGGS4-3,2026-04-01,fg3m,2.5,1.94875,0.55125,0.3065,0.30975120412582235,0.0,1.0
KXNBA3PT-26APR01ATLORL-ORLJSUGGS4-4,2026-04-01,fg3m,3.5,1.94875,1.55125,0.13925,0.15284173155124536,0.0,1.0
KXNBA3PT-26APR01ATLORL-ORLJSUGGS4-5,2026-04-01,fg3m,4.5,1.94875,2.55125,0.0505,0.06801091563000972,0.0,1.0
KXNBA3PT-26APR01ATLORL-ORLPBANCHERO5-1,2026-04-01,fg3m,0.5,1.234,-0.734,0.697,0.6814111341066071,0.0,1.0
KXNBA3PT-26APR01ATLORL-ORLPBANCHERO5-2,2026-04-01,fg3m,1.5,1.234,0.266,0.3495,0.3429810503532291,0.0,1.0
KXNBA3PT-26APR01ATLORL-ORLPBANCHERO5-3,2026-04-01,fg3m,2.5,1.234,1.266,0.13425,0.13967985218633205,0.0,1.0
KXNBA3PT-26APR01ATLORL-ORLPBANCHERO5-4,2026-04-01,fg3m,3.5,1.234,2.266,0.041,0.04883163567352822,0.0,1.0
KXNBA3PT-26APR01ATLORL-ORLPBANCHERO5-5,2026-04-01,fg3m,4.5,1.234,3.266,0.0105,0.015223385722750615,0.0,1.0
KXNBAPTS-26APR01SACTOR-SACDDEROZAN10-15,2026-04-01,pts,14.5,15.188435940099833,-0.6884359400998328,0.4987520798668885,0.4838152330710851,1.0,0.601
KXNBAPTS-26APR01SACTOR-SACDDEROZAN10-20,2026-04-01,pts,19.5,15.188435940099833,4.311564059900167,0.25540765391014975,0.24590780568994197,1.0,0.601
KXNBAPTS-26APR01SACTOR-SACDDEROZAN10-25,2026-04-01,pts,24.5,15.188435940099833,9.311564059900167,0.09608985024958402,0.1066768294957452,1.0,0.601
KXNBAPTS-26APR01SACTOR-SACDDEROZAN10-30,2026-04-01,pts,29.5,15.188435940099833,14.311564059900167,0.025374376039933443,0.04103592800883915,0.0,0.601
KXNBAPTS-26APR01SACTOR-SACPACHIUWA9-10,2026-04-01,pts,9.5,12.02375,-2.5237499999999997,0.63125,0.6225576438568519,1.0,1.0
KXNBAPTS-26APR01SACTOR-SACPACHIUWA9-15,2026-04-01,pts,14.5,12.02375,2.4762500000000003,0.30475,0.2978278407971954,1.0,1.0
KXNBAPTS-26APR01SACTOR-SACPACHIUWA9-20,2026-04-01,pts,19.5,12.02375,7.47625,0.1125,0.11074616312774022,1.0,1.0
KXNBAPTS-26APR01SACTOR-SACPACHIUWA9-25,2026-04-01,pts,24.5,12.02375,12.47625,0.0315,0.0344002685469359,1.0,1.0
KXNBAPTS-26APR01SACTOR-TORJPOELTL19-10,2026-04-01,pts,9.5,9.99075,-0.49075000000000024,0.50425,0.4832759936585673,1.0,1.0
KXNBAPTS-26APR01SACTOR-TORJPOELTL19-15,2026-04-01,pts,14.5,9.99075,4.50925,0.187,0.17650087707146545,1.0,1.0
KXNBAPTS-26APR01SACTOR-TORJPOELTL19-20,2026-04-01,pts,19.5,9.99075,9.50925,0.04725,0.0486124140110199,0.0,1.0
KXNBAPTS-26APR01SACTOR-TORRBARRETT9-10,2026-04-01,pts,9.5,16.58175,-7.0817499999999995,0.86075,0.8188849414887491,1.0,1.0
KXNBAPTS-26APR01SACTOR-TORRBARRETT9-15,2026-04-01,pts,14.5,16.58175,-2.0817499999999995,0.58875,0.5555078283273487,1.0,1.0
KXNBAPTS-26APR01SACTOR-TORRBARRETT9-20,2026-04-01,pts,19.5,16.58175,2.9182500000000005,0.308,0.31167899990785686,1.0,1.0
KXNBAPTS-26APR01SACTOR-TORRBARRETT9-25,2026-04-01,pts,24.5,16.58175,7.9182500000000005,0.12775,0.15064635635815438,0.0,1.0
KXNBAPTS-26APR01SACTOR-TORRBARRETT9-30,2026-04-01,pts,29.5,16.58175,12.91825,0.03675,0.06489602678162965,0.0,1.0
KXNBAPTS-26APR01SACTOR-TORSBARNES4-15,2026-04-01,pts,14.5,14.4655,0.03449999999999953,0.466,0.4436786214538154,0.0,1.0
KXNBAPTS-26APR01SACTOR-TORSBARNES4-20,2026-04-01,pts,19.5,14.4655,5.0344999999999995,0.1995,0.212535473146522,0.0,1.0
KXNBAPTS-26APR01SACTOR-TORSBARNES4-25,2026-04-01,pts,24.5,14.4655,10.0345,0.059,0.08647343737833135,0.0,1.0
KXNBAPTS-26APR01SACTOR-TORSBARNES4-30,2026-04-01,pts,29.5,14.4655,15.0345,0.01175,0.031116080962811377,0.0,1.0
KXNBAREB-26APR01SACTOR-SACPACHIUWA9-10,2026-04-01,reb,9.5,7.0515,2.4485,0.207,0.22018994808385928,1.0,1.0
KXNBAREB-26APR01SACTOR-SACPACHIUWA9-12,2026-04-01,reb,11.5,7.0515,4.4485,0.08425,0.1060666015369729,1.0,1.0
KXNBAREB-26APR01SACTOR-SACPACHIUWA9-4,2026-04-01,reb,3.5,7.0515,-3.5515,0.88225,0.8563207592518267,1.0,1.0
KXNBAREB-26APR01SACTOR-SACPACHIUWA9-6,2026-04-01,reb,5.5,7.0515,-1.5514999999999999,0.671,0.6390128564371416,1.0,1.0
KXNBAREB-26APR01SACTOR-SACPACHIUWA9-8,2026-04-01,reb,7.5,7.0515,0.4485000000000001,0.409,0.40376091307282413,1.0,1.0
KXNBAREB-26APR01SACTOR-TORJPOELTL19-10,2026-04-01,reb,9.5,6.484,3.016,0.14775,0.16958347123091955,0.0,1.0
KXNBAREB-26APR01SACTOR-TORJPOELTL19-12,2026-04-01,reb,11.5,6.484,5.016,0.05475,0.07470760311839764,0.0,1.0
KXNBAREB-26APR01SACTOR-TORJPOELTL19-4,2026-04-01,reb,3.5,6.484,-2.984,0.846,0.8200327650691475,1.0,1.0
KXNBAREB-26APR01SACTOR-TORJPOELTL19-6,2026-04-01,reb,5.5,6.484,-0.984,0.60375,0.5768268681395432,0.0,1.0
KXNBAREB-26APR01SACTOR-TORJPOELTL19-8,2026-04-01,reb,7.5,6.484,1.016,0.33475,0.33819869034363026,0.0,1.0
KXNBAREB-26APR01SACTOR-TORRBARRETT9-10,2026-04-01,reb,9.5,4.779,4.721,0.03225,0.052869613531433934,0.0,1.0
KXNBAREB-26APR01SACTOR-TORRBARRETT9-2,2026-04-01,reb,1.5,4.779,-3.279,0.94475,0.915559757034748,1.0,1.0
KXNBAREB-26APR01SACTOR-TORRBARRETT9-4,2026-04-01,reb,3.5,4.779,-1.279,0.68875,0.6503827395638035,1.0,1.0
KXNBAREB-26APR01SACTOR-TORRBARRETT9-6,2026-04-01,reb,5.5,4.779,0.7210000000000001,0.341,0.34982752327847455,0.0,1.0
KXNBAREB-26APR01SACTOR-TORRBARRETT9-8,2026-04-01,reb,7.5,4.779,2.721,0.127,0.1490855036054597,0.0,1.0
KXNBAREB-26APR01SACTOR-TORSBARNES4-10,2026-04-01,reb,9.5,5.72375,3.77625,0.077,0.10970888140545898,0.0,1.0
KXNBAREB-26APR01SACTOR-TORSBARNES4-12,2026-04-01,reb,11.5,5.72375,5.77625,0.02025,0.04196696340217376,0.0,1.0
KXNBAREB-26APR01SACTOR-TORSBARNES4-6,2026-04-01,reb,5.5,5.72375,-0.2237499999999999,0.50375,0.48201143103781185,0.0,1.0
KXNBAREB-26APR01SACTOR-TORSBARNES4-7,2026-04-01,reb,6.5,5.72375,0.7762500000000001,0.35625,0.3554634655363641,0.0,1.0
KXNBAREB-26APR01SACTOR-TORSBARNES4-8,2026-04-01,reb,7.5,5.72375,1.77625,0.22925,0.2501932408003118,0.0,1.0
KXNBAAST-26APR01SACTOR-SACDDEROZAN10-2,2026-04-01,ast,1.5,3.9363560732113143,-2.4363560732113143,0.8764559068219634,0.8643990850239093,1.0,0.601
KXNBAAST-26APR01SACTOR-SACDDEROZAN10-4,2026-04-01,ast,3.5,3.9363560732113143,-0.4363560732113143,0.5370216306156406,0.5252965968953125,1.0,0.601
KXNBAAST-26APR01SACTOR-SACDDEROZAN10-5,2026-04-01,ast,4.5,3.9363560732113143,0.5636439267886857,0.3589850249584027,0.358917299672983,0.0,0.601
KXNBAAST-26APR01SACTOR-SACDDEROZAN10-6,2026-04-01,ast,5.5,3.9363560732113143,1.5636439267886857,0.21797004991680533,0.22736414052744736,0.0,0.601
KXNBAAST-26APR01SACTOR-SACDDEROZAN10-8,2026-04-01,ast,7.5,3.9363560732113143,3.5636439267886857,0.06198003327787022,0.07544807699929201,0.0,0.601
KXNBAAST-26APR01SACTOR-TORJPOELTL19-10,2026-04-01,ast,9.5,1.81975,7.68025,0.0,0.00016078453172807539,0.0,1.0
KXNBAAST-26APR01SACTOR-TORJPOELTL19-2,2026-04-01,ast,1.5,1.81975,-0.31975,0.5315,0.524130812286539,0.0,1.0
KXNBAAST-26APR01SACTOR-TORJPOELTL19-4,2026-04-01,ast,3.5,1.81975,1.68025,0.11975,0.12609464006567384,0.0,1.0
KXNBAAST-26APR01SACTOR-TORJPOELTL19-6,2026-04-01,ast,5.5,1.81975,3.68025,0.0175,0.01842063568505392,0.0,1.0
KXNBAAST-26APR01SACTOR-TORJPOELTL19-8,2026-04-01,ast,7.5,1.81975,5.68025,0.00125,0.0019340538587947487,0.0,1.0
KXNBAAST-26APR01SACTOR-TORRBARRETT9-10,2026-04-01,ast,9.5,2.7825,6.717499999999999,0.00025,0.002860385495447537,0.0,1.0
KXNBAAST-26APR01SACTOR-TORRBARRETT9-2,2026-04-01,ast,1.5,2.7825,-1.2825000000000002,0.7605,0.7296855174488017,1.0,1.0
KXNBAAST-26APR01SACTOR-TORRBARRETT9-4,2026-04-01,ast,3.5,2.7825,0.7174999999999998,0.30475,0.30837139606062214,1.0,1.0
KXNBAAST-26APR01SACTOR-TORRBARRETT9-6,2026-04-01,ast,5.5,2.7825,2.7175,0.06875,0.0852657399883513,1.0,1.0
KXNBAAST-26APR01SACTOR-TORRBARRETT9-8,2026-04-01,ast,7.5,2.7825,4.717499999999999,0.009,0.017434948775081782,0.0,1.0
KXNBAAST-26APR01SACTOR-TORSBARNES4-10,2026-04-01,ast,9.5,4.86025,4.63975,0.03775,0.05550295435515218,1.0,1.0
KXNBAAST-26APR01SACTOR-TORSBARNES4-12,2026-04-01,ast,11.5,4.86025,6.63975,0.0085,0.017047769886557096,0.0,1.0
KXNBAAST-26APR01SACTOR-TORSBARNES4-4,2026-04-01,ast,3.5,4.86025,-1.3602499999999997,0.7015,0.6632592279524188,1.0,1.0
KXNBAAST-26APR01SACTOR-TORSBARNES4-6,2026-04-01,ast,5.5,4.86025,0.6397500000000003,0.36275,0.36161075167055623,1.0,1.0
KXNBAAST-26APR01SACTOR-TORSBARNES4-8,2026-04-01,ast,7.5,4.86025,2.6397500000000003,0.1215,0.15564690543088266,1.0,1.0
KXNBAPTS-26APR01DENUTA-DENCBRAUN0-10,2026-04-01,pts,9.5,10.35375,-0.8537499999999998,0.525,0.5106660111015932,1.0,1.0
KXNBAPTS-26APR01DENUTA-DENCBRAUN0-15,2026-04-01,pts,14.5,10.35375,4.14625,0.206,0.19725173271014584,1.0,1.0
KXNBAPTS-26APR01DENUTA-DENCBRAUN0-20,2026-04-01,pts,19.5,10.35375,9.14625,0.05425,0.05777331252628626,0.0,1.0
KXNBAPTS-26APR01DENUTA-DENCJOHNSON23-10,2026-04-01,pts,9.5,9.74775,-0.24774999999999991,0.46725,0.464372663813269,1.0,1.0
KXNBAPTS-26APR01DENUTA-DENCJOHNSON23-15,2026-04-01,pts,14.5,9.74775,4.75225,0.18525,0.16298323228339007,1.0,1.0
KXNBAPTS-26APR01DENUTA-DENCJOHNSON23-20,2026-04-01,pts,19.5,9.74775,9.75225,0.05475,0.04298072894631777,0.0,1.0
KXNBAPTS-26APR01DENUTA-DENJMURRAY27-15,2026-04-01,pts,14.5,21.06375,-6.563749999999999,0.79075,0.7319819300513346,1.0,1.0
KXNBAPTS-26APR01DENUTA-DENJMURRAY27-20,2026-04-01,pts,19.5,21.06375,-1.5637499999999989,0.55925,0.5119590446297284,1.0,1.0
KXNBAPTS-26APR01DENUTA-DENJMURRAY27-25,2026-04-01,pts,24.5,21.06375,3.436250000000001,0.306,0.3172905006512631,1.0,1.0
KXNBAPTS-26APR01DENUTA-DENJMURRAY27-30,2026-04-01,pts,29.5,21.06375,8.436250000000001,0.144,0.17812337176692572,1.0,1.0
KXNBAPTS-26APR01DENUTA-DENJMURRAY27-35,2026-04-01,pts,34.5,21.06375,13.436250000000001,0.052,0.09229831048055415,1.0,1.0
KXNBAPTS-26APR01DENUTA-DENNJOKIC15-20,2026-04-01,pts,19.5,23.34975,-3.8497500000000002,0.67525,0.5978380600931674,0.0,1.0
KXNBAPTS-26APR01DENUTA-DENNJOKIC15-25,2026-04-01,pts,24.5,23.34975,1.1502499999999998,0.42,0.4042560018021838,0.0,1.0
KXNBAPTS-26APR01DENUTA-DENNJOKIC15-30,2026-04-01,pts,29.5,23.34975,6.15025,0.21575,0.2495929798298857,0.0,1.0
KXNBAPTS-26APR01DENUTA-DENNJOKIC15-35,2026-04-01,pts,34.5,23.34975,11.15025,0.0825,0.14294772656334287,0.0,1.0
KXNBAPTS-26APR01DENUTA-UTAABAILEY19-10,2026-04-01,pts,9.5,16.45025,-6.9502500000000005,0.83125,0.8150232383934027,1.0,1.0
KXNBAPTS-26APR01DENUTA-UTAABAILEY19-15,2026-04-01,pts,14.5,16.45025,-1.9502500000000005,0.57975,0.5490805076701168,0.0,1.0
KXNBAPTS-26APR01DENUTA-UTAABAILEY19-20,2026-04-01,pts,19.5,16.45025,3.0497499999999995,0.30925,0.30544770762317464,0.0,1.0
KXNBAPTS-26APR01DENUTA-UTAABAILEY19-25,2026-04-01,pts,24.5,16.45025,8.04975,0.133,0.14624957409311834,0.0,1.0
KXNBAPTS-26APR01DENUTA-UTAABAILEY19-30,2026-04-01,pts,29.5,16.45025,13.04975,0.04825,0.062380947088360394,0.0,1.0
KXNBAREB-26APR01DENUTA-DENCJOHNSON23-10,2026-04-01,reb,9.5,2.67375,6.82625,0.0005,0.0023626618156156187,0.0,1.0
KXNBAREB-26APR01DENUTA-DENCJOHNSON23-2,2026-04-01,reb,1.5,2.67375,-1.17375,0.728,0.7098335166307145,1.0,1.0
KXNBAREB-26APR01DENUTA-DENCJOHNSON23-4,2026-04-01,reb,3.5,2.67375,0.8262499999999999,0.28225,0.28690303132988926,1.0,1.0
KXNBAREB-26APR01DENUTA-DENCJOHNSON23-6,2026-04-01,reb,5.5,2.67375,2.82625,0.07175,0.07589519237701647,1.0,1.0
KXNBAREB-26APR01DENUTA-DENCJOHNSON23-8,2026-04-01,reb,7.5,2.67375,4.82625,0.00875,0.01491305257209874,1.0,1.0
KXNBAREB-26APR01DENUTA-DENNJOKIC15-10,2026-04-01,reb,9.5,10.20925,-0.7092500000000008,0.55425,0.518933832488701,1.0,1.0
KXNBAREB-26APR01DENUTA-DENNJOKIC15-12,2026-04-01,reb,11.5,10.20925,1.2907499999999992,0.32925,0.3492192620566664,1.0,1.0
KXNBAREB-26APR01DENUTA-DENNJOKIC15-14,2026-04-01,reb,13.5,10.20925,3.290749999999999,0.163,0.21606950527391366,1.0,1.0
KXNBAREB-26APR01DENUTA-DENNJOKIC15-16,2026-04-01,reb,15.5,10.20925,5.290749999999999,0.064,0.12418869715629344,1.0,1.0
KXNBAREB-26APR01DENUTA-DENNJOKIC15-18,2026-04-01,reb,17.5,10.20925,7.290749999999999,0.0225,0.06693968608449996,0.0,1.0
KXNBAREB-26APR01DENUTA-UTAABAILEY19-2,2026-04-01,reb,1.5,4.516,-3.016,0.92675,0.9017877027637906,0.0,1.0
KXNBAREB-26APR01DENUTA-UTAABAILEY19-4,2026-04-01,reb,3.5,4.516,-1.016,0.64025,0.6141992802618504,0.0,1.0
KXNBAREB-26APR01DENUTA-UTAABAILEY19-5,2026-04-01,reb,4.5,4.516,-0.016000000000000014,0.46175,0.4525077115475733,0.0,1.0
KXNBAREB-26APR01DENUTA-UTAABAILEY19-6,2026-04-01,reb,5.5,4.516,0.984,0.3,0.3115871891119396,0.0,1.0
KXNBAREB-26APR01DENUTA-UTAABAILEY19-8,2026-04-01,reb,7.5,4.516,2.984,0.10475,0.12423040899873716,0.0,1.0
KXNBAAST-26APR01DENUTA-DENJMURRAY27-10,2026-04-01,ast,9.5,5.472,4.028,0.0585,0.09077912752999562,0.0,1.0
KXNBAAST-26APR01DENUTA-DENJMURRAY27-12,2026-04-01,ast,11.5,5.472,6.028,0.0115,0.03234950276845572,0.0,1.0
KXNBAAST-26APR01DENUTA-DENJMURRAY27-6,2026-04-01,ast,5.5,5.472,0.02799999999999958,0.46925,0.4488393631866029,0.0,1.0
KXNBAAST-26APR01DENUTA-DENJMURRAY27-7,2026-04-01,ast,6.5,5.472,1.0279999999999996,0.31775,0.3225730487880656,0.0,1.0
KXNBAAST-26APR01DENUTA-DENJMURRAY27-8,2026-04-01,ast,7.5,5.472,2.0279999999999996,0.1955,0.22065673699627097,0.0,1.0
KXNBAAST-26APR01DENUTA-DENNJOKIC15-10,2026-04-01,ast,9.5,8.44975,1.0502500000000001,0.34525,0.3546155339657404,1.0,1.0
KXNBAAST-26APR01DENUTA-DENNJOKIC15-12,2026-04-01,ast,11.5,8.44975,3.05025,0.149,0.20201280655265985,1.0,1.0
KXNBAAST-26APR01DENUTA-DENNJOKIC15-14,2026-04-01,ast,13.5,8.44975,5.05025,0.0475,0.10427356472021632,0.0,1.0
KXNBAAST-26APR01DENUTA-DENNJOKIC15-16,2026-04-01,ast,15.5,8.44975,7.05025,0.01275,0.04947331101542196,0.0,1.0
KXNBAAST-26APR01DENUTA-DENNJOKIC15-8,2026-04-01,ast,7.5,8.44975,-0.9497499999999999,0.609,0.5551738697313378,1.0,1.0
KXNBAAST-26APR01DENUTA-UTAABAILEY19-10,2026-04-01,ast,9.5,1.9085,7.5915,0.00025,0.0002270972234347246,0.0,1.0
KXNBAAST-26APR01DENUTA-UTAABAILEY19-2,2026-04-01,ast,1.5,1.9085,-0.4085000000000001,0.55325,0.5476711910783442,1.0,1.0
KXNBAAST-26APR01DENUTA-UTAABAILEY19-4,2026-04-01,ast,3.5,1.9085,1.5915,0.1355,0.14111282899833155,0.0,1.0
KXNBAAST-26APR01DENUTA-UTAABAILEY19-6,2026-04-01,ast,5.5,1.9085,3.5915,0.01925,0.022231449512237544,0.0,1.0
KXNBAAST-26APR01DENUTA-UTAABAILEY19-8,2026-04-01,ast,7.5,1.9085,5.5915,0.001,0.0025236565162907176,0.0,1.0
KXNBA3PT-26APR01DENUTA-DENJMURRAY27-2,2026-04-01,fg3m,1.5,2.456,-0.956,0.702,0.660125925110667,1.0,1.0
KXNBA3PT-26APR01DENUTA-DENJMURRAY27-3,2026-04-01,fg3m,2.5,2.456,0.04400000000000004,0.445,0.42794258800672924,1.0,1.0
KXNBA3PT-26APR01DENUTA-DENJMURRAY27-4,2026-04-01,fg3m,3.5,2.456,1.044,0.23325,0.24645254959759266,1.0,1.0
KXNBA3PT-26APR01DENUTA-DENJMURRAY27-5,2026-04-01,fg3m,4.5,2.456,2.044,0.10225,0.12900943476118687,1.0,1.0
KXNBA3PT-26APR01DENUTA-DENJMURRAY27-6,2026-04-01,fg3m,5.5,2.456,3.044,0.04025,0.06249342823367543,1.0,1.0
KXNBA3PT-26APR01DENUTA-DENNJOKIC15-1,2026-04-01,fg3m,0.5,1.53025,-1.03025,0.77025,0.7520952660629744,0.0,1.0
KXNBA3PT-26APR01DENUTA-DENNJOKIC15-2,2026-04-01,fg3m,1.5,1.53025,-0.03025000000000011,0.44275,0.43608694418282135,0.0,1.0
KXNBA3PT-26APR01DENUTA-DENNJOKIC15-3,2026-04-01,fg3m,2.5,1.53025,0.9697499999999999,0.205,0.20829160784935952,0.0,1.0
KXNBA3PT-26APR01DENUTA-DENNJOKIC15-4,2026-04-01,fg3m,3.5,1.53025,1.96975,0.08075,0.08614071991289762,0.0,1.0
KXNBA3PT-26APR01DENUTA-DENNJOKIC15-5,2026-04-01,fg3m,4.5,1.53025,2.96975,0.02375,0.03191548364529451,0.0,1.0
KXNBAPTS-26APR01PHIWAS-PHIKOUBRE9-10,2026-04-01,pts,9.5,11.194,-1.6940000000000008,0.5735,0.5699219379386529,1.0,1.0
KXNBAPTS-26APR01PHIWAS-PHIKOUBRE9-15,2026-04-01,pts,14.5,11.194,3.305999999999999,0.2605,0.24716821264356437,0.0,1.0
KXNBAPTS-26APR01PHIWAS-PHIKOUBRE9-20,2026-04-01,pts,19.5,11.194,8.306,0.08925,0.08230823261760079,0.0,1.0
KXNBAPTS-26APR01PHIWAS-PHIPGEORGE8-10,2026-04-01,pts,9.5,13.26825,-3.76825,0.70475,0.6907612281069762,1.0,1.0
KXNBAPTS-26APR01PHIWAS-PHIPGEORGE8-15,2026-04-01,pts,14.5,13.26825,1.23175,0.38525,0.373610079732147,1.0,1.0
KXNBAPTS-26APR01PHIWAS-PHIPGEORGE8-20,2026-04-01,pts,19.5,13.26825,6.23175,0.154,0.15990166178247933,1.0,1.0
KXNBAPTS-26APR01PHIWAS-PHIPGEORGE8-25,2026-04-01,pts,24.5,13.26825,11.23175,0.0435,0.0576559671176512,1.0,1.0
KXNBAPTS-26APR01PHIWAS-PHITMAXEY0-20,2026-04-01,pts,19.5,20.247,-0.7469999999999999,0.5195,0.4781954447942961,1.0,1.0
KXNBAPTS-26APR01PHIWAS-PHITMAXEY0-25,2026-04-01,pts,24.5,20.247,4.253,0.275,0.2857244771464361,1.0,1.0
KXNBAPTS-26APR01PHIWAS-PHITMAXEY0-30,2026-04-01,pts,29.5,20.247,9.253,0.11425,0.1541944957964031,0.0,1.0
KXNBAPTS-26APR01PHIWAS-PHITMAXEY0-35,2026-04-01,pts,34.5,20.247,14.253,0.032,0.07666966963433575,0.0,1.0
KXNBAPTS-26APR01PHIWAS-PHIVEDGECOMBE77-10,2026-04-01,pts,9.5,12.29175,-2.7917500000000004,0.65125,0.6383133296930481,1.0,1.0
KXNBAPTS-26APR01PHIWAS-PHIVEDGECOMBE77-15,2026-04-01,pts,14.5,12.29175,2.2082499999999996,0.33375,0.31426008276999895,1.0,1.0
KXNBAPTS-26APR01PHIWAS-PHIVEDGECOMBE77-20,2026-04-01,pts,19.5,12.29175,7.20825,0.11625,0.12073004386065489,1.0,1.0
KXNBAPTS-26APR01PHIWAS-PHIVEDGECOMBE77-25,2026-04-01,pts,24.5,12.29175,12.20825,0.0265,0.038815531806416725,0.0,1.0
KXNBAREB-26APR01PHIWAS-PHIKOUBRE9-10,2026-04-01,reb,9.5,4.4715,5.0285,0.0305,0.039222229256326235,0.0,1.0
KXNBAREB-26APR01PHIWAS-PHIKOUBRE9-2,2026-04-01,reb,1.5,4.4715,-2.9715,0.914,0.8992321203115926,1.0,1.0
KXNBAREB-26APR01PHIWAS-PHIKOUBRE9-4,2026-04-01,reb,3.5,4.4715,-0.9714999999999998,0.61975,0.6077834926981909,1.0,1.0
KXNBAREB-26APR01PHIWAS-PHIKOUBRE9-6,2026-04-01,reb,5.5,4.4715,1.0285000000000002,0.30275,0.3051113179741951,0.0,1.0
KXNBAREB-26APR01PHIWAS-PHIKOUBRE9-8,2026-04-01,reb,7.5,4.4715,3.0285,0.10975,0.12021234792725966,0.0,1.0
KXNBAREB-26APR01PHIWAS-PHIPGEORGE8-10,2026-04-01,reb,9.5,4.826,4.674,0.03225,0.05517112875566099,0.0,1.0
KXNBAREB-26APR01PHIWAS-PHIPGEORGE8-2,2026-04-01,reb,1.5,4.826,-3.3259999999999996,0.94425,0.9177979789945233,1.0,1.0
KXNBAREB-26APR01PHIWAS-PHIPGEORGE8-4,2026-04-01,reb,3.5,4.826,-1.3259999999999996,0.6985,0.656539082452842,1.0,1.0
KXNBAREB-26APR01PHIWAS-PHIPGEORGE8-6,2026-04-01,reb,5.5,4.826,0.6740000000000004,0.356,0.3566356896830446,0.0,1.0
KXNBAREB-26APR01PHIWAS-PHIPGEORGE8-8,2026-04-01,reb,7.5,4.826,2.6740000000000004,0.1285,0.15371365124282854,0.0,1.0
KXNBAREB-26APR01PHIWAS-PHIVEDGECOMBE77-10,2026-04-01,reb,9.5,4.91625,4.58375,0.03725,0.059750248285510454,0.0,1.0
KXNBAREB-26APR01PHIWAS-PHIVEDGECOMBE77-2,2026-04-01,reb,1.5,4.91625,-3.41625,0.94225,0.9219215405988649,1.0,1.0
KXNBAREB-26APR01PHIWAS-PHIVEDGECOMBE77-4,2026-04-01,reb,3.5,4.91625,-1.4162499999999998,0.7055,0.6681006653559319,0.0,1.0
KXNBAREB-26APR01PHIWAS-PHIVEDGECOMBE77-6,2026-04-01,reb,5.5,4.91625,0.5837500000000002,0.37625,0.36966934343017466,0.0,1.0
KXNBAREB-26APR01PHIWAS-PHIVEDGECOMBE77-8,2026-04-01,reb,7.5,4.91625,2.58375,0.1435,0.16274600833912378,0.0,1.0
KXNBAAST-26APR01PHIWAS-PHIKOUBRE9-10,2026-04-01,ast,9.5,1.522,7.978,0.0,4.209525848020146e-05,0.0,1.0
KXNBAAST-26APR01PHIWAS-PHIKOUBRE9-2,2026-04-01,ast,1.5,1.522,-0.02200000000000002,0.4465,0.43797193307769744,0.0,1.0
KXNBAAST-26APR01PHIWAS-PHIKOUBRE9-4,2026-04-01,ast,3.5,1.522,1.978,0.07525,0.08062632106553047,0.0,1.0
KXNBAAST-26APR01PHIWAS-PHIKOUBRE9-6,2026-04-01,ast,5.5,1.522,3.9779999999999998,0.0075,0.008806563474273443,0.0,1.0
KXNBAAST-26APR01PHIWAS-PHIKOUBRE9-8,2026-04-01,ast,7.5,1.522,5.978,0.0005,0.0006855635208038446,0.0,1.0
KXNBAAST-26APR01PHIWAS-PHIPGEORGE8-2,2026-04-01,ast,1.5,3.28025,-1.78025,0.83125,0.799373942385131,1.0,1.0
KXNBAAST-26APR01PHIWAS-PHIPGEORGE8-4,2026-04-01,ast,3.5,3.28025,0.2197499999999999,0.418,0.40632880983241193,1.0,1.0
KXNBAAST-26APR01PHIWAS-PHIPGEORGE8-5,2026-04-01,ast,4.5,3.28025,1.21975,0.23925,0.24888862954527424,1.0,1.0
KXNBAAST-26APR01PHIWAS-PHIPGEORGE8-6,2026-04-01,ast,5.5,3.28025,2.21975,0.12075,0.14030232099619777,1.0,1.0
KXNBAAST-26APR01PHIWAS-PHIPGEORGE8-8,2026-04-01,ast,7.5,3.28025,4.2197499999999994,0.02175,0.03638154770765156,0.0,1.0
KXNBAAST-26APR01PHIWAS-PHITMAXEY0-10,2026-04-01,ast,9.5,5.33875,4.16125,0.05525,0.0822976325055611,0.0,1.0
KXNBAAST-26APR01PHIWAS-PHITMAXEY0-12,2026-04-01,ast,11.5,5.33875,6.16125,0.0115,0.028453670569133394,0.0,1.0
KXNBAAST-26APR01PHIWAS-PHITMAXEY0-4,2026-04-01,ast,3.5,5.33875,-1.83875,0.76675,0.7204394620001702,1.0,1.0
KXNBAAST-26APR01PHIWAS-PHITMAXEY0-6,2026-04-01,ast,5.5,5.33875,0.1612499999999999,0.44575,0.43024992616777846,1.0,1.0
KXNBAAST-26APR01PHIWAS-PHITMAXEY0-8,2026-04-01,ast,7.5,5.33875,2.16125,0.179,0.2059261214752579,1.0,1.0
KXNBAAST-26APR01PHIWAS-PHIVEDGECOMBE77-10,2026-04-01,ast,9.5,3.2665,6.233499999999999,0.003,0.007443966370152322,1.0,1.0
KXNBAAST-26APR01PHIWAS-PHIVEDGECOMBE77-2,2026-04-01,ast,1.5,3.2665,-1.7665000000000002,0.82375,0.7977142768277747,1.0,1.0
KXNBAAST-26APR01PHIWAS-PHIVEDGECOMBE77-4,2026-04-01,ast,3.5,3.2665,0.23349999999999982,0.4115,0.4036865421042637,1.0,1.0
KXNBAAST-26APR01PHIWAS-PHIVEDGECOMBE77-6,2026-04-01,ast,5.5,3.2665,2.2335,0.119,0.13863010521332408,1.0,1.0
KXNBAAST-26APR01PHIWAS-PHIVEDGECOMBE77-8,2026-04-01,ast,7.5,3.2665,4.233499999999999,0.02075,0.03573661736099343,1.0,1.0
KXNBAAST-26APR01PHIWAS-WASBCARRINGTON7-2,2026-04-01,ast,1.5,4.5205,-3.0205,0.913,0.9039285476188996,1.0,1.0
KXNBAAST-26APR01PHIWAS-WASBCARRINGTON7-4,2026-04-01,ast,3.5,4.5205,-1.0205000000000002,0.63425,0.616819034835854,1.0,1.0
KXNBAAST-26APR01PHIWAS-WASBCARRINGTON7-5,2026-04-01,ast,4.5,4.5205,-0.020500000000000185,0.46225,0.4540342784584904,1.0,1.0
KXNBAAST-26APR01PHIWAS-WASBCARRINGTON7-6,2026-04-01,ast,5.5,4.5205,0.9794999999999998,0.309,0.31187616105594274,1.0,1.0
KXNBAAST-26APR01PHIWAS-WASBCARRINGTON7-8,2026-04-01,ast,7.5,4.5205,2.9795,0.11125,0.12316100560831644,0.0,1.0
KXNBA3PT-26APR01PHIWAS-PHITMAXEY0-1,2026-04-01,fg3m,0.5,2.26425,-1.76425,0.89925,0.8623289777359602,1.0,1.0
KXNBA3PT-26APR01PHIWAS-PHITMAXEY0-2,2026-04-01,fg3m,1.5,2.26425,-0.7642500000000001,0.66375,0.6219174512294949,0.0,1.0
KXNBA3PT-26APR01PHIWAS-PHITMAXEY0-3,2026-04-01,fg3m,2.5,2.26425,0.2357499999999999,0.3945,0.3845065568587598,0.0,1.0
KXNBA3PT-26APR01PHIWAS-PHITMAXEY0-4,2026-04-01,fg3m,3.5,2.26425,1.23575,0.192,0.21010454398316958,0.0,1.0
KXNBA3PT-26APR01PHIWAS-PHITMAXEY0-5,2026-04-01,fg3m,4.5,2.26425,2.23575,0.0775,0.1040436296051539,0.0,1.0
KXNBA3PT-26APR01PHIWAS-PHIVEDGECOMBE77-1,2026-04-01,fg3m,0.5,1.469,-0.9690000000000001,0.765,0.7390737494631634,1.0,1.0
KXNBA3PT-26APR01PHIWAS-PHIVEDGECOMBE77-2,2026-04-01,fg3m,1.5,1.469,0.030999999999999917,0.432,0.4176311750097845,1.0,1.0
KXNBA3PT-26APR01PHIWAS-PHIVEDGECOMBE77-3,2026-04-01,fg3m,2.5,1.469,1.031,0.184,0.19369635341419433,0.0,1.0
KXNBA3PT-26APR01PHIWAS-PHIVEDGECOMBE77-4,2026-04-01,fg3m,3.5,1.469,2.0309999999999997,0.062,0.0776462971317936,0.0,1.0
KXNBA3PT-26APR01PHIWAS-PHIVEDGECOMBE77-5,2026-04-01,fg3m,4.5,1.469,3.0309999999999997,0.02,0.027858592473183452,0.0,1.0
KXNBAPTS-26MAR31CHABKN-BKNNCLAXTON33-10,2026-03-31,pts,9.5,9.15275,0.3472500000000007,0.4315,0.41633233519608115,0.0,1.0
KXNBAPTS-26MAR31CHABKN-BKNNCLAXTON33-15,2026-03-31,pts,14.5,9.15275,5.347250000000001,0.137,0.13143601310345032,0.0,1.0
KXNBAPTS-26MAR31CHABKN-BKNNCLAXTON33-20,2026-03-31,pts,19.5,9.15275,10.34725,0.02425,0.03089778801288534,0.0,1.0
KXNBAPTS-26MAR31CHABKN-BKNNCLAXTON33-25,2026-03-31,pts,24.5,9.15275,15.34725,0.003,0.005950705739853457,0.0,1.0
KXNBAPTS-26MAR31CHABKN-BKNNCLOWNEY21-10,2026-03-31,pts,9.5,9.49175,0.008250000000000313,0.4615,0.4439940300640459,0.0,1.0
KXNBAPTS-26MAR31CHABKN-BKNNCLOWNEY21-15,2026-03-31,pts,14.5,9.49175,5.00825,0.188,0.14911913054583226,0.0,1.0
KXNBAPTS-26MAR31CHABKN-BKNNCLOWNEY21-20,2026-03-31,pts,19.5,9.49175,10.00825,0.05175,0.037485322533781784,0.0,1.0
KXNBAPTS-26MAR31CHABKN-BKNZWILLIAMS1-10,2026-03-31,pts,9.5,10.36036036036036,-0.8603603603603602,0.5208845208845209,0.5111550574027114,1.0,0.6105
KXNBAPTS-26MAR31CHABKN-BKNZWILLIAMS1-15,2026-03-31,pts,14.5,10.36036036036036,4.13963963963964,0.21580671580671582,0.19763509898083242,0.0,0.6105
KXNBAPTS-26MAR31CHABKN-BKNZWILLIAMS1-20,2026-03-31,pts,19.5,10.36036036036036,9.13963963963964,0.059377559377559376,0.057948365969702986,0.0,0.6105
KXNBAPTS-26MAR31CHABKN-BKNZWILLIAMS1-25,2026-03-31,pts,24.5,10.36036036036036,14.13963963963964,0.012285012285012284,0.014033756755030602,0.0,0.6105
KXNBAPTS-26MAR31CHABKN-CHABMILLER24-15,2026-03-31,pts,14.5,17.06975,-2.569749999999999,0.62125,0.5787239759916096,1.0,1.0
KXNBAPTS-26MAR31CHABKN-CHABMILLER24-20,2026-03-31,pts,19.5,17.06975,2.430250000000001,0.34375,0.3347585197458931,1.0,1.0
KXNBAPTS-26MAR31CHABKN-CHABMILLER24-25,2026-03-31,pts,24.5,17.06975,7.430250000000001,0.141,0.16734661163511855,1.0,1.0
KXNBAPTS-26MAR31CHABKN-CHABMILLER24-30,2026-03-31,pts,29.5,17.06975,12.430250000000001,0.04425,0.0746938689387231,0.0,1.0
KXNBAPTS-26MAR31CHABKN-CHACWHITE3-10,2026-03-31,pts,9.5,12.99025,-3.4902499999999996,0.6835,0.6766034421599884,1.0,1.0
KXNBAPTS-26MAR31CHABKN-CHACWHITE3-15,2026-03-31,pts,14.5,12.99025,1.5097500000000004,0.37625,0.35685004672619014,1.0,1.0
KXNBAPTS-26MAR31CHABKN-CHACWHITE3-20,2026-03-31,pts,19.5,12.99025,6.50975,0.151,0.14834349326938312,0.0,1.0
KXNBAPTS-26MAR31CHABKN-CHACWHITE3-25,2026-03-31,pts,24.5,12.99025,11.50975,0.041,0.05185434543339096,0.0,1.0
KXNBAPTS-26MAR31CHABKN-CHAKKNUEPPEL7-15,2026-03-31,pts,14.5,15.32075,-0.8207500000000003,0.5125,0.49095469019635785,0.0,1.0
KXNBAPTS-26MAR31CHABKN-CHAKKNUEPPEL7-20,2026-03-31,pts,19.5,15.32075,4.17925,0.262,0.25209775998820705,0.0,1.0
KXNBAPTS-26MAR31CHABKN-CHAKKNUEPPEL7-25,2026-03-31,pts,24.5,15.32075,9.17925,0.103,0.11058271754631388,0.0,1.0
KXNBAPTS-26MAR31CHABKN-CHAKKNUEPPEL7-30,2026-03-31,pts,29.5,15.32075,14.17925,0.03025,0.04303401094320369,0.0,1.0
KXNBAPTS-26MAR31CHABKN-CHALBALL1-15,2026-03-31,pts,14.5,17.90525,-3.4052499999999988,0.647,0.6161344504809574,0.0,1.0
KXNBAPTS-26MAR31CHABKN-CHALBALL1-20,2026-03-31,pts,19.5,17.90525,1.5947500000000012,0.38975,0.37389355421386716,0.0,1.0
KXNBAPTS-26MAR31CHABKN-CHALBALL1-25,2026-03-31,pts,24.5,17.90525,6.594750000000001,0.1855,0.19715129648585428,0.0,1.0
KXNBAPTS-26MAR31CHABKN-CHALBALL1-30,2026-03-31,pts,29.5,17.90525,11.594750000000001,0.076,0.09310162470480765,0.0,1.0
KXNBAPTS-26MAR31CHABKN-CHAMBRIDGES0-10,2026-03-31,pts,9.5,13.173,-3.673,0.71375,0.6859779918308504,1.0,1.0
KXNBAPTS-26MAR31CHABKN-CHAMBRIDGES0-15,2026-03-31,pts,14.5,13.173,1.327,0.388,0.3678837864455099,1.0,1.0
KXNBAPTS-26MAR31CHABKN-CHAMBRIDGES0-20,2026-03-31,pts,19.5,13.173,6.327,0.14075,0.15590844466421117,0.0,1.0
KXNBAPTS-26MAR31CHABKN-CHAMBRIDGES0-25,2026-03-31,pts,24.5,13.173,11.327,0.0335,0.05562930450379888,0.0,1.0
KXNBAPTS-26MAR31CHABKN-CHAMDIABATE14-10,2026-03-31,pts,9.5,7.12075,2.37925,0.26975,0.24146527957091157,1.0,1.0
KXNBAPTS-26MAR31CHABKN-CHAMDIABATE14-15,2026-03-31,pts,14.5,7.12075,7.37925,0.05,0.04708531041033459,0.0,1.0
KXNBAPTS-26MAR31CHABKN-CHAMDIABATE14-20,2026-03-31,pts,19.5,7.12075,12.379249999999999,0.0055,0.006629253629247933,0.0,1.0
KXNBAREB-26MAR31CHABKN-BKNNCLAXTON33-10,2026-03-31,reb,9.5,6.00575,3.49425,0.101,0.13064709621127735,0.0,1.0
KXNBAREB-26MAR31CHABKN-BKNNCLAXTON33-12,2026-03-31,reb,11.5,6.00575,5.49425,0.02975,0.05283381337098625,0.0,1.0
KXNBAREB-26MAR31CHABKN-BKNNCLAXTON33-6,2026-03-31,reb,5.5,6.00575,-0.5057499999999999,0.544,0.5186308679058882,0.0,1.0
KXNBAREB-26MAR31CHABKN-BKNNCLAXTON33-7,2026-03-31,reb,6.5,6.00575,0.4942500000000001,0.39525,0.3915530684426479,0.0,1.0
KXNBAREB-26MAR31CHABKN-BKNNCLAXTON33-8,2026-03-31,reb,7.5,6.00575,1.49425,0.26425,0.2825635298102692,0.0,1.0
KXNBAREB-26MAR31CHABKN-CHABMILLER24-10,2026-03-31,reb,9.5,4.8955,4.6045,0.0345,0.058678878709202076,0.0,1.0
KXNBAREB-26MAR31CHABKN-CHABMILLER24-2,2026-03-31,reb,1.5,4.8955,-3.3955,0.95225,0.920993269995986,0.0,1.0
KXNBAREB-26MAR31CHABKN-CHABMILLER24-4,2026-03-31,reb,3.5,4.8955,-1.3955000000000002,0.71,0.6654725731812279,0.0,1.0
KXNBAREB-26MAR31CHABKN-CHABMILLER24-6,2026-03-31,reb,5.5,4.8955,0.6044999999999998,0.366,0.36667784297951234,0.0,1.0
KXNBAREB-26MAR31CHABKN-CHABMILLER24-8,2026-03-31,reb,7.5,4.8955,2.6045,0.12975,0.16065285038108712,0.0,1.0
KXNBAREB-26MAR31CHABKN-CHACWHITE3-2,2026-03-31,reb,1.5,3.35625,-1.8562500000000002,0.82925,0.8063305751156292,1.0,1.0
KXNBAREB-26MAR31CHABKN-CHACWHITE3-3,2026-03-31,reb,2.5,3.35625,-0.8562500000000002,0.63175,0.6139678289652214,0.0,1.0
KXNBAREB-26MAR31CHABKN-CHACWHITE3-4,2026-03-31,reb,3.5,3.35625,0.14374999999999982,0.428,0.42028603018772503,0.0,1.0
KXNBAREB-26MAR31CHABKN-CHACWHITE3-6,2026-03-31,reb,5.5,3.35625,2.14375,0.13775,0.15078197198075172,0.0,1.0
KXNBAREB-26MAR31CHABKN-CHACWHITE3-8,2026-03-31,reb,7.5,3.35625,4.14375,0.0305,0.041019545681438396,0.0,1.0
KXNBAREB-26MAR31CHABKN-CHAKKNUEPPEL7-10,2026-03-31,reb,9.5,4.858,4.642,0.0405,0.05677075039031654,0.0,1.0
KXNBAREB-26MAR31CHABKN-CHAKKNUEPPEL7-2,2026-03-31,reb,1.5,4.858,-3.3579999999999997,0.93575,0.9192858728444968,1.0,1.0
KXNBAREB-26MAR31CHABKN-CHAKKNUEPPEL7-4,2026-03-31,reb,3.5,4.858,-1.3579999999999997,0.685,0.6606774637830153,1.0,1.0
KXNBAREB-26MAR31CHABKN-CHAKKNUEPPEL7-6,2026-03-31,reb,5.5,4.858,0.6420000000000003,0.3625,0.36126347574967077,1.0,1.0
KXNBAREB-26MAR31CHABKN-CHAKKNUEPPEL7-8,2026-03-31,reb,7.5,4.858,2.6420000000000003,0.13675,0.1568947871244215,0.0,1.0
KXNBAREB-26MAR31CHABKN-CHALBALL1-2,2026-03-31,reb,1.5,4.3345,-2.8345000000000002,0.912,0.8909158034601348,1.0,1.0
KXNBAREB-26MAR31CHABKN-CHALBALL1-4,2026-03-31,reb,3.5,4.3345,-0.8345000000000002,0.6075,0.5874957021694152,1.0,1.0
KXNBAREB-26MAR31CHABKN-CHALBALL1-5,2026-03-31,reb,4.5,4.3345,0.16549999999999976,0.4275,0.42382844396661357,1.0,1.0
KXNBAREB-26MAR31CHABKN-CHALBALL1-6,2026-03-31,reb,5.5,4.3345,1.1654999999999998,0.27925,0.2852097092829513,1.0,1.0
KXNBAREB-26MAR31CHABKN-CHALBALL1-8,2026-03-31,reb,7.5,4.3345,3.1654999999999998,0.08725,0.10820980465181096,0.0,1.0
KXNBAREB-26MAR31CHABKN-CHAMBRIDGES0-10,2026-03-31,reb,9.5,4.6985,4.8015,0.03175,0.04906041113411652,0.0,1.0
KXNBAREB-26MAR31CHABKN-CHAMBRIDGES0-2,2026-03-31,reb,1.5,4.6985,-3.1985,0.9345,0.9115751038854655,1.0,1.0
KXNBAREB-26MAR31CHABKN-CHAMBRIDGES0-4,2026-03-31,reb,3.5,4.6985,-1.1985000000000001,0.68025,0.6396212157107436,1.0,1.0
KXNBAREB-26MAR31CHABKN-CHAMBRIDGES0-6,2026-03-31,reb,5.5,4.6985,0.8014999999999999,0.33825,0.33814174059009905,0.0,1.0
KXNBAREB-26MAR31CHABKN-CHAMBRIDGES0-8,2026-03-31,reb,7.5,4.6985,2.8015,0.11175,0.14128496500734522,0.0,1.0
KXNBAREB-26MAR31CHABKN-CHAMDIABATE14-10,2026-03-31,reb,9.5,7.84375,1.65625,0.272,0.2957315111819703,1.0,1.0
KXNBAREB-26MAR31CHABKN-CHAMDIABATE14-12,2026-03-31,reb,11.5,7.84375,3.65625,0.11625,0.15846016538652297,1.0,1.0
KXNBAREB-26MAR31CHABKN-CHAMDIABATE14-6,2026-03-31,reb,5.5,7.84375,-2.34375,0.7785,0.713201866572207,1.0,1.0
KXNBAREB-26MAR31CHABKN-CHAMDIABATE14-8,2026-03-31,reb,7.5,7.84375,-0.34375,0.5235,0.4912345444638664,1.0,1.0
KXNBAREB-26MAR31CHABKN-CHAMDIABATE14-9,2026-03-31,reb,8.5,7.84375,0.65625,0.3875,0.38719227165100156,1.0,1.0
KXNBAAST-26MAR31CHABKN-BKNNCLAXTON33-2,2026-03-31,ast,1.5,2.31275,-0.8127499999999999,0.67225,0.6426041389179024,1.0,1.0
KXNBAAST-26MAR31CHABKN-BKNNCLAXTON33-3,2026-03-31,ast,2.5,2.31275,0.18725000000000014,0.40325,0.3988894082709086,1.0,1.0
KXNBAAST-26MAR31CHABKN-BKNNCLAXTON33-4,2026-03-31,ast,3.5,2.31275,1.1872500000000001,0.20625,0.21550307125495505,0.0,1.0
KXNBAAST-26MAR31CHABKN-BKNNCLAXTON33-6,2026-03-31,ast,5.5,2.31275,3.18725,0.03275,0.04560256174466959,0.0,1.0
KXNBAAST-26MAR31CHABKN-BKNNCLAXTON33-8,2026-03-31,ast,7.5,2.31275,5.187250000000001,0.0045,0.007035925916868191,0.0,1.0
KXNBAAST-26MAR31CHABKN-CHABMILLER24-10,2026-03-31,ast,9.5,2.99375,6.50625,0.00075,0.0044686248380334526,0.0,1.0
KXNBAAST-26MAR31CHABKN-CHABMILLER24-2,2026-03-31,ast,1.5,2.99375,-1.49375,0.7905,0.7617941918443968,1.0,1.0
KXNBAAST-26MAR31CHABKN-CHABMILLER24-4,2026-03-31,ast,3.5,2.99375,0.5062500000000001,0.3545,0.3504003624276276,0.0,1.0
KXNBAAST-26MAR31CHABKN-CHABMILLER24-6,2026-03-31,ast,5.5,2.99375,2.50625,0.08275,0.1071591905153636,0.0,1.0
KXNBAAST-26MAR31CHABKN-CHABMILLER24-8,2026-03-31,ast,7.5,2.99375,4.50625,0.01225,0.024392619432137108,0.0,1.0
KXNBAAST-26MAR31CHABKN-CHACWHITE3-10,2026-03-31,ast,9.5,2.56725,6.93275,0.00125,0.0017195110712168171,0.0,1.0
KXNBAAST-26MAR31CHABKN-CHACWHITE3-2,2026-03-31,ast,1.5,2.56725,-1.06725,0.712,0.6926425756457955,1.0,1.0
KXNBAAST-26MAR31CHABKN-CHACWHITE3-4,2026-03-31,ast,3.5,2.56725,0.93275,0.265,0.26545200122737933,1.0,1.0
KXNBAAST-26MAR31CHABKN-CHACWHITE3-6,2026-03-31,ast,5.5,2.56725,2.93275,0.05325,0.06547049981632502,0.0,1.0
KXNBAAST-26MAR31CHABKN-CHACWHITE3-8,2026-03-31,ast,7.5,2.56725,4.93275,0.00775,0.01186345716685222,0.0,1.0
KXNBAAST-26MAR31CHABKN-CHAKKNUEPPEL7-10,2026-03-31,ast,9.5,2.88275,6.61725,0.00125,0.003556342058366635,0.0,1.0
KXNBAAST-26MAR31CHABKN-CHAKKNUEPPEL7-2,2026-03-31,ast,1.5,2.88275,-1.3827500000000001,0.764,0.7454208970359096,0.0,1.0
KXNBAAST-26MAR31CHABKN-CHAKKNUEPPEL7-4,2026-03-31,ast,3.5,2.88275,0.6172499999999999,0.32975,0.32836304246310877,0.0,1.0
KXNBAAST-26MAR31CHABKN-CHAKKNUEPPEL7-6,2026-03-31,ast,5.5,2.88275,2.61725,0.08125,0.09536503961072729,0.0,1.0
KXNBAAST-26MAR31CHABKN-CHAKKNUEPPEL7-8,2026-03-31,ast,7.5,2.88275,4.61725,0.0125,0.020544881574040108,0.0,1.0
KXNBAAST-26MAR31CHABKN-CHALBALL1-10,2026-03-31,ast,9.5,5.62325,3.8767500000000004,0.07325,0.10091876574312586,0.0,1.0
KXNBAAST-26MAR31CHABKN-CHALBALL1-12,2026-03-31,ast,11.5,5.62325,5.87675,0.0205,0.03717017643425524,0.0,1.0
KXNBAAST-26MAR31CHABKN-CHALBALL1-6,2026-03-31,ast,5.5,5.62325,-0.12324999999999964,0.48425,0.4695849151058209,1.0,1.0
KXNBAAST-26MAR31CHABKN-CHALBALL1-7,2026-03-31,ast,6.5,5.62325,0.8767500000000004,0.33425,0.342285966525955,1.0,1.0
KXNBAAST-26MAR31CHABKN-CHALBALL1-8,2026-03-31,ast,7.5,5.62325,1.8767500000000004,0.21775,0.23767132207859587,1.0,1.0
KXNBAAST-26MAR31CHABKN-CHAMBRIDGES0-2,2026-03-31,ast,1.5,2.472,-0.972,0.70775,0.674741196112733,1.0,1.0
KXNBAAST-26MAR31CHABKN-CHAMBRIDGES0-3,2026-03-31,ast,2.5,2.472,0.028000000000000025,0.44975,0.4361669517232538,0.0,1.0
KXNBAAST-26MAR31CHABKN-CHAMBRIDGES0-4,2026-03-31,ast,3.5,2.472,1.028,0.2345,0.24659806104547322,0.0,1.0
KXNBAAST-26MAR31CHABKN-CHAMBRIDGES0-6,2026-03-31,ast,5.5,2.472,3.028,0.042,0.0575744241829792,0.0,1.0
KXNBAAST-26MAR31CHABKN-CHAMBRIDGES0-8,2026-03-31,ast,7.5,2.472,5.0280000000000005,0.0035,0.009847600292726688,0.0,1.0
KXNBA3PT-26MAR31CHABKN-CHACWHITE3-1,2026-03-31,fg3m,0.5,1.675,-1.175,0.81425,0.7800481985551795,1.0,1.0
KXNBA3PT-26MAR31CHABKN-CHACWHITE3-2,2026-03-31,fg3m,1.5,1.675,-0.17500000000000004,0.49025,0.477922797304529,0.0,1.0
KXNBA3PT-26MAR31CHABKN-CHACWHITE3-3,2026-03-31,fg3m,2.5,1.675,0.825,0.23725,0.2432409131114609,0.0,1.0
KXNBA3PT-26MAR31CHABKN-CHACWHITE3-4,2026-03-31,fg3m,3.5,1.675,1.825,0.09125,0.10763538840336317,0.0,1.0
KXNBA3PT-26MAR31CHABKN-CHACWHITE3-5,2026-03-31,fg3m,4.5,1.675,2.825,0.031,0.04276772932976558,0.0,1.0
KXNBA3PT-26MAR31CHABKN-CHAKKNUEPPEL7-2,2026-03-31,fg3m,1.5,2.842,-1.342,0.76525,0.7258162984682272,0.0,1.0
KXNBA3PT-26MAR31CHABKN-CHAKKNUEPPEL7-3,2026-03-31,fg3m,2.5,2.842,-0.3420000000000001,0.5385,0.5092718565507526,0.0,1.0
KXNBA3PT-26MAR31CHABKN-CHAKKNUEPPEL7-4,2026-03-31,fg3m,3.5,2.842,0.6579999999999999,0.31425,0.3206206797789294,0.0,1.0
KXNBA3PT-26MAR31CHABKN-CHAKKNUEPPEL7-5,2026-03-31,fg3m,4.5,2.842,1.658,0.1705,0.18456238582668105,0.0,1.0
KXNBA3PT-26MAR31CHABKN-CHAKKNUEPPEL7-6,2026-03-31,fg3m,5.5,2.842,2.658,0.07475,0.09867797099199749,0.0,1.0
KXNBA3PT-26MAR31CHABKN-CHALBALL1-2,2026-03-31,fg3m,1.5,3.34125,-1.84125,0.834,0.7919919351260266,1.0,1.0
KXNBA3PT-26MAR31CHABKN-CHALBALL1-3,2026-03-31,fg3m,2.5,3.34125,-0.84125,0.641,0.6008620963376865,1.0,1.0
KXNBA3PT-26MAR31CHABKN-CHALBALL1-4,2026-03-31,fg3m,3.5,3.34125,0.15874999999999995,0.42625,0.41400647831933757,0.0,1.0
KXNBA3PT-26MAR31CHABKN-CHALBALL1-5,2026-03-31,fg3m,4.5,3.34125,1.15875,0.24625,0.2627768616738001,0.0,1.0
KXNBA3PT-26MAR31CHABKN-CHALBALL1-6,2026-03-31,fg3m,5.5,3.34125,2.15875,0.1265,0.15565172718289266,0.0,1.0
KXNBA3PT-26MAR31CHABKN-CHAMBRIDGES0-1,2026-03-31,fg3m,0.5,1.36425,-0.86425,0.73625,0.7149706016887569,1.0,1.0
KXNBA3PT-26MAR31CHABKN-CHAMBRIDGES0-2,2026-03-31,fg3m,1.5,1.36425,0.13575000000000004,0.3965,0.3850767941678974,0.0,1.0
KXNBA3PT-26MAR31CHABKN-CHAMBRIDGES0-3,2026-03-31,fg3m,2.5,1.36425,1.13575,0.16175,0.1691575854031172,0.0,1.0
KXNBA3PT-26MAR31CHABKN-CHAMBRIDGES0-4,2026-03-31,fg3m,3.5,1.36425,2.13575,0.0515,0.06403067823525099,0.0,1.0
KXNBA3PT-26MAR31CHABKN-CHAMBRIDGES0-5,2026-03-31,fg3m,4.5,1.36425,3.13575,0.01425,0.021657648272043195,0.0,1.0
KXNBAPTS-26MAR31TORDET-DETATHOMPSON9-10,2026-03-31,pts,9.5,9.43875,0.06124999999999936,0.4525,0.4397183883588479,0.0,1.0
KXNBAPTS-26MAR31TORDET-DETATHOMPSON9-15,2026-03-31,pts,14.5,9.43875,5.061249999999999,0.16175,0.14630147229911294,0.0,1.0
KXNBAPTS-26MAR31TORDET-DETATHOMPSON9-20,2026-03-31,pts,19.5,9.43875,10.06125,0.04175,0.03640370787104219,0.0,1.0
KXNBAPTS-26MAR31TORDET-DETATHOMPSON9-25,2026-03-31,pts,24.5,9.43875,15.06125,0.00775,0.00743535242798965,0.0,1.0
KXNBAPTS-26MAR31TORDET-TORJPOELTL19-10,2026-03-31,pts,9.5,9.927,-0.4269999999999996,0.50875,0.47835971276986533,1.0,1.0
KXNBAPTS-26MAR31TORDET-TORJPOELTL19-15,2026-03-31,pts,14.5,9.927,4.573,0.1815,0.17292327534447705,0.0,1.0
KXNBAPTS-26MAR31TORDET-TORJPOELTL19-20,2026-03-31,pts,19.5,9.927,9.573,0.041,0.04709590306402789,0.0,1.0
KXNBAPTS-26MAR31TORDET-TORRBARRETT9-10,2026-03-31,pts,9.5,15.8925,-6.3925,0.825,0.7976618120906354,1.0,1.0
KXNBAPTS-26MAR31TORDET-TORRBARRETT9-15,2026-03-31,pts,14.5,15.8925,-1.3925,0.549,0.5210220648776838,1.0,1.0
KXNBAPTS-26MAR31TORDET-TORRBARRETT9-20,2026-03-31,pts,19.5,15.8925,3.6075,0.27575,0.2790286442869814,1.0,1.0
KXNBAPTS-26MAR31TORDET-TORRBARRETT9-25,2026-03-31,pts,24.5,15.8925,8.6075,0.109,0.1281420716161049,0.0,1.0
KXNBAPTS-26MAR31TORDET-TORRBARRETT9-30,2026-03-31,pts,29.5,15.8925,13.6075,0.03625,0.05231769814523779,0.0,1.0
KXNBAPTS-26MAR31TORDET-TORSBARNES4-15,2026-03-31,pts,14.5,14.7785,-0.2784999999999993,0.48025,0.4612831096317511,0.0,1.0
KXNBAPTS-26MAR31TORDET-TORSBARNES4-20,2026-03-31,pts,19.5,14.7785,4.721500000000001,0.226,0.22687753098926788,0.0,1.0
KXNBAPTS-26MAR31TORDET-TORSBARNES4-25,2026-03-31,pts,24.5,14.7785,9.7215,0.078,0.0949777806964115,0.0,1.0
KXNBAPTS-26MAR31TORDET-TORSBARNES4-30,2026-03-31,pts,29.5,14.7785,14.7215,0.01975,0.0352045678853371,0.0,1.0
KXNBAREB-26MAR31TORDET-DETATHOMPSON9-10,2026-03-31,reb,9.5,5.626,3.8739999999999997,0.08775,0.1028444501486816,0.0,1.0
KXNBAREB-26MAR31TORDET-DETATHOMPSON9-2,2026-03-31,reb,1.5,5.626,-4.126,0.94875,0.9476107451491589,1.0,1.0
KXNBAREB-26MAR31TORDET-DETATHOMPSON9-4,2026-03-31,reb,3.5,5.626,-2.1260000000000003,0.76225,0.7476443034631005,1.0,1.0
KXNBAREB-26MAR31TORDET-DETATHOMPSON9-6,2026-03-31,reb,5.5,5.626,-0.12600000000000033,0.48425,0.46895465800987823,1.0,1.0
KXNBAREB-26MAR31TORDET-DETATHOMPSON9-8,2026-03-31,reb,7.5,5.626,1.8739999999999997,0.23675,0.23912446115975527,0.0,1.0
KXNBAREB-26MAR31TORDET-TORJPOELTL19-10,2026-03-31,reb,9.5,6.72475,2.7752499999999998,0.1765,0.19055724386710038,0.0,1.0
KXNBAREB-26MAR31TORDET-TORJPOELTL19-12,2026-03-31,reb,11.5,6.72475,4.77525,0.0665,0.08732027200489423,0.0,1.0
KXNBAREB-26MAR31TORDET-TORJPOELTL19-6,2026-03-31,reb,5.5,6.72475,-1.2247500000000002,0.6275,0.6041369929381738,0.0,1.0
KXNBAREB-26MAR31TORDET-TORJPOELTL19-8,2026-03-31,reb,7.5,6.72475,0.7752499999999998,0.37375,0.36617903581636047,0.0,1.0
KXNBAREB-26MAR31TORDET-TORJPOELTL19-9,2026-03-31,reb,8.5,6.72475,1.7752499999999998,0.26125,0.2687996756082852,0.0,1.0
KXNBAREB-26MAR31TORDET-TORRBARRETT9-10,2026-03-31,reb,9.5,4.57475,4.92525,0.02475,0.04353194004716232,0.0,1.0
KXNBAREB-26MAR31TORDET-TORRBARRETT9-2,2026-03-31,reb,1.5,4.57475,-3.07475,0.9245,0.9050575299641312,1.0,1.0
KXNBAREB-26MAR31TORDET-TORRBARRETT9-4,2026-03-31,reb,3.5,4.57475,-1.0747499999999999,0.65375,0.622539000264847,1.0,1.0
KXNBAREB-26MAR31TORDET-TORRBARRETT9-6,2026-03-31,reb,5.5,4.57475,0.9252500000000001,0.31925,0.3201392545565692,1.0,1.0
KXNBAREB-26MAR31TORDET-TORRBARRETT9-8,2026-03-31,reb,7.5,4.57475,2.92525,0.10775,0.1296213602764995,0.0,1.0
KXNBAREB-26MAR31TORDET-TORSBARNES4-10,2026-03-31,reb,9.5,5.85125,3.6487499999999997,0.0885,0.11897251678041754,0.0,1.0
KXNBAREB-26MAR31TORDET-TORSBARNES4-12,2026-03-31,reb,11.5,5.85125,5.64875,0.026,0.046692851051931994,0.0,1.0
KXNBAREB-26MAR31TORDET-TORSBARNES4-4,2026-03-31,reb,3.5,5.85125,-2.3512500000000003,0.814,0.7689607368142448,0.0,1.0
KXNBAREB-26MAR31TORDET-TORSBARNES4-6,2026-03-31,reb,5.5,5.85125,-0.3512500000000003,0.51975,0.4987669825700667,0.0,1.0
KXNBAREB-26MAR31TORDET-TORSBARNES4-8,2026-03-31,reb,7.5,5.85125,1.6487499999999997,0.24625,0.26475937107154146,0.0,1.0
KXNBAAST-26MAR31TORDET-DETATHOMPSON9-2,2026-03-31,ast,1.5,2.65975,-1.1597499999999998,0.7205,0.7091247767845861,1.0,1.0
KXNBAAST-26MAR31TORDET-DETATHOMPSON9-3,2026-03-31,ast,2.5,2.65975,-0.15974999999999984,0.48275,0.47837963165565167,1.0,1.0
KXNBAAST-26MAR31TORDET-DETATHOMPSON9-4,2026-03-31,ast,3.5,2.65975,0.8402500000000002,0.2825,0.2838677466605942,1.0,1.0
KXNBAAST-26MAR31TORDET-DETATHOMPSON9-6,2026-03-31,ast,5.5,2.65975,2.84025,0.06475,0.0736521050097898,0.0,1.0
KXNBAAST-26MAR31TORDET-DETATHOMPSON9-8,2026-03-31,ast,7.5,2.65975,4.84025,0.012,0.014079144859030057,0.0,1.0
KXNBAAST-26MAR31TORDET-TORJPOELTL19-2,2026-03-31,ast,1.5,1.83025,-0.33024999999999993,0.5315,0.526967563250464,0.0,1.0
KXNBAAST-26MAR31TORDET-TORJPOELTL19-3,2026-03-31,ast,2.5,1.83025,0.6697500000000001,0.2845,0.2803360336224747,0.0,1.0
KXNBAAST-26MAR31TORDET-TORJPOELTL19-4,2026-03-31,ast,3.5,1.83025,1.66975,0.128,0.1278403907634973,0.0,1.0
KXNBAAST-26MAR31TORDET-TORJPOELTL19-6,2026-03-31,ast,5.5,1.83025,3.66975,0.01325,0.018847711026760194,0.0,1.0
KXNBAAST-26MAR31TORDET-TORJPOELTL19-8,2026-03-31,ast,7.5,1.83025,5.6697500000000005,0.00025,0.0019977237001538306,0.0,1.0
KXNBAAST-26MAR31TORDET-TORRBARRETT9-10,2026-03-31,ast,9.5,2.65675,6.843249999999999,0.00075,0.002140218186702514,0.0,1.0
KXNBAAST-26MAR31TORDET-TORRBARRETT9-2,2026-03-31,ast,1.5,2.65675,-1.1567500000000002,0.73925,0.708603801063219,1.0,1.0
KXNBAAST-26MAR31TORDET-TORRBARRETT9-4,2026-03-31,ast,3.5,2.65675,0.8432499999999998,0.27625,0.28326943316732534,0.0,1.0
KXNBAAST-26MAR31TORDET-TORRBARRETT9-6,2026-03-31,ast,5.5,2.65675,2.84325,0.057,0.07337895703453445,0.0,1.0
KXNBAAST-26MAR31TORDET-TORRBARRETT9-8,2026-03-31,ast,7.5,2.65675,4.843249999999999,0.0085,0.014003152349207015,0.0,1.0
KXNBAAST-26MAR31TORDET-TORSBARNES4-10,2026-03-31,ast,9.5,4.4765,5.0235,0.02225,0.03829475644891078,1.0,1.0
KXNBAAST-26MAR31TORDET-TORSBARNES4-12,2026-03-31,ast,11.5,4.4765,7.0235,0.0065,0.010561830156869845,1.0,1.0
KXNBAAST-26MAR31TORDET-TORSBARNES4-6,2026-03-31,ast,5.5,4.4765,1.0235000000000003,0.29325,0.305426498241243,1.0,1.0
KXNBAAST-26MAR31TORDET-TORSBARNES4-7,2026-03-31,ast,6.5,4.4765,2.0235000000000003,0.17075,0.19609763660034285,1.0,1.0
KXNBAAST-26MAR31TORDET-TORSBARNES4-8,2026-03-31,ast,7.5,4.4765,3.0235000000000003,0.08675,0.11918758072210645,1.0,1.0
KXNBA3PT-26MAR31TORDET-TORSBARNES4-1,2026-03-31,fg3m,0.5,0.71275,-0.21275,0.505,0.4940975618078224,0.0,1.0
KXNBA3PT-26MAR31TORDET-TORSBARNES4-2,2026-03-31,fg3m,1.5,0.71275,0.78725,0.1605,0.16430812147736307,0.0,1.0
KXNBA3PT-26MAR31TORDET-TORSBARNES4-3,2026-03-31,fg3m,2.5,0.71275,1.78725,0.03875,0.042734507193203486,0.0,1.0
KXNBA3PT-26MAR31TORDET-TORSBARNES4-4,2026-03-31,fg3m,3.5,0.71275,2.7872500000000002,0.007,0.00939590388559719,0.0,1.0
KXNBA3PT-26MAR31TORDET-TORSBARNES4-5,2026-03-31,fg3m,4.5,0.71275,3.7872500000000002,0.00125,0.0018274268111698744,0.0,1.0
KXNBAPTS-26MAR31NYKHOU-HOUASENGUN28-10,2026-03-31,pts,9.5,17.61375,-8.11375,0.894,0.8463902822913222,1.0,1.0
KXNBAPTS-26MAR31NYKHOU-HOUASENGUN28-15,2026-03-31,pts,14.5,17.61375,-3.1137499999999996,0.6425,0.6034172324895389,0.0,1.0
KXNBAPTS-26MAR31NYKHOU-HOUASENGUN28-20,2026-03-31,pts,19.5,17.61375,1.8862500000000004,0.36525,0.3603142948868292,0.0,1.0
KXNBAPTS-26MAR31NYKHOU-HOUASENGUN28-25,2026-03-31,pts,24.5,17.61375,6.88625,0.159,0.18659817803842804,0.0,1.0
KXNBAPTS-26MAR31NYKHOU-HOUASENGUN28-30,2026-03-31,pts,29.5,17.61375,11.88625,0.0465,0.08645260561529311,0.0,1.0
KXNBAPTS-26MAR31NYKHOU-HOUATHOMPSON1-10,2026-03-31,pts,9.5,15.20375,-5.703749999999999,0.82725,0.773867349578883,1.0,1.0
KXNBAPTS-26MAR31NYKHOU-HOUATHOMPSON1-15,2026-03-31,pts,14.5,15.20375,-0.7037499999999994,0.51175,0.48464495013510256,1.0,1.0
KXNBAPTS-26MAR31NYKHOU-HOUATHOMPSON1-20,2026-03-31,pts,19.5,15.20375,4.296250000000001,0.22875,0.24662319010374179,0.0,1.0
KXNBAPTS-26MAR31NYKHOU-HOUATHOMPSON1-25,2026-03-31,pts,24.5,15.20375,9.29625,0.073,0.10712573341830744,0.0,1.0
KXNBAPTS-26MAR31NYKHOU-HOUJSMITH10-10,2026-03-31,pts,9.5,14.04975,-4.5497499999999995,0.74525,0.7274399029804024,1.0,1.0
KXNBAPTS-26MAR31NYKHOU-HOUJSMITH10-15,2026-03-31,pts,14.5,14.04975,0.4502500000000005,0.431,0.41980078147817024,1.0,1.0
KXNBAPTS-26MAR31NYKHOU-HOUJSMITH10-20,2026-03-31,pts,19.5,14.04975,5.4502500000000005,0.19075,0.19380776069223238,0.0,1.0
KXNBAPTS-26MAR31NYKHOU-HOUJSMITH10-25,2026-03-31,pts,24.5,14.04975,10.45025,0.06325,0.07578166608665804,0.0,1.0
KXNBAPTS-26MAR31NYKHOU-HOUKDURANT7-15,2026-03-31,pts,14.5,20.89075,-6.390750000000001,0.79175,0.7266126031014336,1.0,1.0
KXNBAPTS-26MAR31NYKHOU-HOUKDURANT7-20,2026-03-31,pts,19.5,20.89075,-1.3907500000000006,0.5475,0.5049365570830542,1.0,1.0
KXNBAPTS-26MAR31NYKHOU-HOUKDURANT7-25,2026-03-31,pts,24.5,20.89075,3.6092499999999994,0.29975,0.3106059885429069,1.0,1.0
KXNBAPTS-26MAR31NYKHOU-HOUKDURANT7-30,2026-03-31,pts,29.5,20.89075,8.60925,0.133,0.17296506301284942,0.0,1.0
KXNBAPTS-26MAR31NYKHOU-HOUKDURANT7-35,2026-03-31,pts,34.5,20.89075,13.60925,0.04675,0.08886929800675969,0.0,1.0
KXNBAPTS-26MAR31NYKHOU-HOURSHEPPARD15-10,2026-03-31,pts,9.5,12.06825,-2.568250000000001,0.627,0.6252154436014989,1.0,1.0
KXNBAPTS-26MAR31NYKHOU-HOURSHEPPARD15-15,2026-03-31,pts,14.5,12.06825,2.431749999999999,0.3165,0.3005570096663779,1.0,1.0
KXNBAPTS-26MAR31NYKHOU-HOURSHEPPARD15-20,2026-03-31,pts,19.5,12.06825,7.431749999999999,0.121,0.11237858639301102,1.0,1.0
KXNBAPTS-26MAR31NYKHOU-HOURSHEPPARD15-25,2026-03-31,pts,24.5,12.06825,12.43175,0.03625,0.03511089434351844,0.0,1.0
KXNBAPTS-26MAR31NYKHOU-HOUTEASON17-10,2026-03-31,pts,9.5,8.64125,0.8587500000000006,0.38125,0.3733452284642367,1.0,1.0
KXNBAPTS-26MAR31NYKHOU-HOUTEASON17-15,2026-03-31,pts,14.5,8.64125,5.858750000000001,0.12875,0.10643932648473198,1.0,1.0
KXNBAPTS-26MAR31NYKHOU-HOUTEASON17-20,2026-03-31,pts,19.5,8.64125,10.85875,0.03175,0.022421134940517673,0.0,1.0
KXNBAPTS-26MAR31NYKHOU-NYKJBRUNSON11-15,2026-03-31,pts,14.5,21.004,-6.504000000000001,0.8005,0.7301393268677341,0.0,1.0
KXNBAPTS-26MAR31NYKHOU-NYKJBRUNSON11-20,2026-03-31,pts,19.5,21.004,-1.5040000000000013,0.54825,0.5095416616355202,0.0,1.0
KXNBAPTS-26MAR31NYKHOU-NYKJBRUNSON11-25,2026-03-31,pts,24.5,21.004,3.4959999999999987,0.307,0.314982351418297,0.0,1.0
KXNBAPTS-26MAR31NYKHOU-NYKJBRUNSON11-30,2026-03-31,pts,29.5,21.004,8.495999999999999,0.1295,0.17633672640142306,0.0,1.0
KXNBAPTS-26MAR31NYKHOU-NYKJBRUNSON11-35,2026-03-31,pts,34.5,21.004,13.495999999999999,0.044,0.09110697490806341,0.0,1.0
KXNBAPTS-26MAR31NYKHOU-NYKJHART3-10,2026-03-31,pts,9.5,10.64125,-1.1412499999999994,0.554,0.5316054173521574,1.0,1.0
KXNBAPTS-26MAR31NYKHOU-NYKJHART3-15,2026-03-31,pts,14.5,10.64125,3.8587500000000006,0.22925,0.21408207167915083,0.0,1.0
KXNBAPTS-26MAR31NYKHOU-NYKJHART3-20,2026-03-31,pts,19.5,10.64125,8.85875,0.0625,0.06565479515996309,0.0,1.0
KXNBAPTS-26MAR31NYKHOU-NYKJHART3-25,2026-03-31,pts,24.5,10.64125,13.85875,0.01175,0.0166622943513538,0.0,1.0
KXNBAPTS-26MAR31NYKHOU-NYKKTOWNS32-10,2026-03-31,pts,9.5,15.18525,-5.68525,0.8045,0.7731900059901731,1.0,1.0
KXNBAPTS-26MAR31NYKHOU-NYKKTOWNS32-15,2026-03-31,pts,14.5,15.18525,-0.6852499999999999,0.51075,0.4836425075711953,1.0,1.0
KXNBAPTS-26MAR31NYKHOU-NYKKTOWNS32-20,2026-03-31,pts,19.5,15.18525,4.31475,0.248,0.24575901277193246,1.0,1.0
KXNBAPTS-26MAR31NYKHOU-NYKKTOWNS32-25,2026-03-31,pts,24.5,15.18525,9.31475,0.087,0.10658354435652306,0.0,1.0
KXNBAPTS-26MAR31NYKHOU-NYKMBRIDGES25-10,2026-03-31,pts,9.5,11.2175,-1.7174999999999994,0.5815,0.5714934840539234,0.0,1.0
KXNBAPTS-26MAR31NYKHOU-NYKMBRIDGES25-15,2026-03-31,pts,14.5,11.2175,3.2825000000000006,0.2575,0.2485909905415714,0.0,1.0
KXNBAPTS-26MAR31NYKHOU-NYKMBRIDGES25-20,2026-03-31,pts,19.5,11.2175,8.2825,0.08375,0.08305854200689766,0.0,1.0
KXNBAPTS-26MAR31NYKHOU-NYKMBRIDGES25-25,2026-03-31,pts,24.5,11.2175,13.2825,0.02,0.023055053032562167,0.0,1.0
KXNBAPTS-26MAR31NYKHOU-NYKMROBINSON23-10,2026-03-31,pts,9.5,5.02125,4.47875,0.112,0.08216484120778889,0.0,1.0
KXNBAPTS-26MAR31NYKHOU-NYKMROBINSON23-15,2026-03-31,pts,14.5,5.02125,9.47875,0.017,0.007014263839314028,0.0,1.0
KXNBAPTS-26MAR31NYKHOU-NYKMROBINSON23-20,2026-03-31,pts,19.5,5.02125,14.47875,0.00175,0.0004190772091999806,0.0,1.0
KXNBAPTS-26MAR31NYKHOU-NYKMROBINSON23-25,2026-03-31,pts,24.5,5.02125,19.478749999999998,0.00025,1.9977641088297915e-05,0.0,1.0
KXNBAPTS-26MAR31NYKHOU-NYKOANUNOBY8-10,2026-03-31,pts,9.5,14.23925,-4.73925,0.76175,0.7356713730588971,0.0,1.0
KXNBAPTS-26MAR31NYKHOU-NYKOANUNOBY8-15,2026-03-31,pts,14.5,14.23925,0.2607499999999998,0.4525,0.43075112647322356,0.0,1.0
KXNBAPTS-26MAR31NYKHOU-NYKOANUNOBY8-20,2026-03-31,pts,19.5,14.23925,5.26075,0.19575,0.20229343004848932,0.0,1.0
KXNBAPTS-26MAR31NYKHOU-NYKOANUNOBY8-25,2026-03-31,pts,24.5,14.23925,10.26075,0.065,0.08056756946284749,0.0,1.0
KXNBAREB-26MAR31NYKHOU-HOUASENGUN28-10,2026-03-31,reb,9.5,7.74875,1.7512499999999998,0.26525,0.2864995220950175,0.0,1.0
KXNBAREB-26MAR31NYKHOU-HOUASENGUN28-12,2026-03-31,reb,11.5,7.74875,3.7512499999999998,0.11175,0.15171531551284412,0.0,1.0
KXNBAREB-26MAR31NYKHOU-HOUASENGUN28-6,2026-03-31,reb,5.5,7.74875,-2.2487500000000002,0.75875,0.705061249228947,0.0,1.0
KXNBAREB-26MAR31NYKHOU-HOUASENGUN28-8,2026-03-31,reb,7.5,7.74875,-0.24875000000000025,0.5045,0.4810986691270457,0.0,1.0
KXNBAREB-26MAR31NYKHOU-HOUASENGUN28-9,2026-03-31,reb,8.5,7.74875,0.7512499999999998,0.3735,0.37720282838550045,0.0,1.0
KXNBAREB-26MAR31NYKHOU-HOUATHOMPSON1-10,2026-03-31,reb,9.5,7.2065,2.2935,0.19725,0.23463109329543308,0.0,1.0
KXNBAREB-26MAR31NYKHOU-HOUATHOMPSON1-12,2026-03-31,reb,11.5,7.2065,4.2935,0.0695,0.1155810747111865,0.0,1.0
KXNBAREB-26MAR31NYKHOU-HOUATHOMPSON1-4,2026-03-31,reb,3.5,7.2065,-3.7065,0.912,0.8648953320592605,1.0,1.0
KXNBAREB-26MAR31NYKHOU-HOUATHOMPSON1-6,2026-03-31,reb,5.5,7.2065,-1.7065000000000001,0.717,0.6546732225102136,0.0,1.0
KXNBAREB-26MAR31NYKHOU-HOUATHOMPSON1-8,2026-03-31,reb,7.5,7.2065,0.29349999999999987,0.43175,0.4213433195459918,0.0,1.0
KXNBAREB-26MAR31NYKHOU-HOUJSMITH10-10,2026-03-31,reb,9.5,6.421,3.0789999999999997,0.1275,0.16423453431844492,0.0,1.0
KXNBAREB-26MAR31NYKHOU-HOUJSMITH10-12,2026-03-31,reb,11.5,6.421,5.079,0.0385,0.07158136351346622,0.0,1.0
KXNBAREB-26MAR31NYKHOU-HOUJSMITH10-6,2026-03-31,reb,5.5,6.421,-0.9210000000000003,0.60125,0.5694568460565963,1.0,1.0
KXNBAREB-26MAR31NYKHOU-HOUJSMITH10-7,2026-03-31,reb,6.5,6.421,0.07899999999999974,0.458,0.4434843335845976,0.0,1.0
KXNBAREB-26MAR31NYKHOU-HOUJSMITH10-8,2026-03-31,reb,7.5,6.421,1.0789999999999997,0.323,0.3308577119567222,0.0,1.0
KXNBAREB-26MAR31NYKHOU-HOUKDURANT7-2,2026-03-31,reb,1.5,4.73375,-3.2337499999999997,0.94325,0.9133438708892139,1.0,1.0
KXNBAREB-26MAR31NYKHOU-HOUKDURANT7-4,2026-03-31,reb,3.5,4.73375,-1.2337499999999997,0.68125,0.6443674130358217,1.0,1.0
KXNBAREB-26MAR31NYKHOU-HOUKDURANT7-5,2026-03-31,reb,4.5,4.73375,-0.23374999999999968,0.5015,0.4859114334334157,1.0,1.0
KXNBAREB-26MAR31NYKHOU-HOUKDURANT7-6,2026-03-31,reb,5.5,4.73375,0.7662500000000003,0.33925,0.3432621659253928,1.0,1.0
KXNBAREB-26MAR31NYKHOU-HOUKDURANT7-8,2026-03-31,reb,7.5,4.73375,2.7662500000000003,0.11925,0.14468069646577475,0.0,1.0
KXNBAREB-26MAR31NYKHOU-HOUTEASON17-10,2026-03-31,reb,9.5,5.3965,4.1035,0.07675,0.08757831258295623,0.0,1.0
KXNBAREB-26MAR31NYKHOU-HOUTEASON17-2,2026-03-31,reb,1.5,5.3965,-3.8964999999999996,0.94875,0.9404638497697624,1.0,1.0
KXNBAREB-26MAR31NYKHOU-HOUTEASON17-4,2026-03-31,reb,3.5,5.3965,-1.8964999999999996,0.73875,0.7240523893720896,1.0,1.0
KXNBAREB-26MAR31NYKHOU-HOUTEASON17-6,2026-03-31,reb,5.5,5.3965,0.10350000000000037,0.445,0.4376365088696442,1.0,1.0
KXNBAREB-26MAR31NYKHOU-HOUTEASON17-8,2026-03-31,reb,7.5,5.3965,2.1035000000000004,0.20975,0.21356226746673157,1.0,1.0
KXNBAREB-26MAR31NYKHOU-NYKJBRUNSON11-2,2026-03-31,reb,1.5,2.88775,-1.38775,0.7745,0.7443559378355316,1.0,1.0
KXNBAREB-26MAR31NYKHOU-NYKJBRUNSON11-3,2026-03-31,reb,2.5,2.88775,-0.38775000000000004,0.54875,0.5256368702448929,1.0,1.0
KXNBAREB-26MAR31NYKHOU-NYKJBRUNSON11-4,2026-03-31,reb,3.5,2.88775,0.61225,0.32725,0.3293778275427195,1.0,1.0
KXNBAREB-26MAR31NYKHOU-NYKJBRUNSON11-6,2026-03-31,reb,5.5,2.88775,2.61225,0.07775,0.0969316352861489,1.0,1.0
KXNBAREB-26MAR31NYKHOU-NYKJBRUNSON11-8,2026-03-31,reb,7.5,2.88775,4.6122499999999995,0.01225,0.021325225947548487,0.0,1.0
KXNBAREB-26MAR31NYKHOU-NYKJHART3-10,2026-03-31,reb,9.5,6.32975,3.1702500000000002,0.13025,0.15659839965427202,0.0,1.0
KXNBAREB-26MAR31NYKHOU-NYKJHART3-12,2026-03-31,reb,11.5,6.32975,5.17025,0.03675,0.06718371118637279,0.0,1.0
KXNBAREB-26MAR31NYKHOU-NYKJHART3-6,2026-03-31,reb,5.5,6.32975,-0.8297499999999998,0.59425,0.5586198728667682,0.0,1.0
KXNBAREB-26MAR31NYKHOU-NYKJHART3-7,2026-03-31,reb,6.5,6.32975,0.17025000000000023,0.446,0.43223027319655727,0.0,1.0
KXNBAREB-26MAR31NYKHOU-NYKJHART3-8,2026-03-31,reb,7.5,6.32975,1.1702500000000002,0.31875,0.3202218283863699,0.0,1.0
KXNBAREB-26MAR31NYKHOU-NYKKTOWNS32-10,2026-03-31,reb,9.5,9.073,0.4269999999999996,0.42675,0.4151363086928176,0.0,1.0
KXNBAREB-26MAR31NYKHOU-NYKKTOWNS32-11,2026-03-31,reb,10.5,9.073,1.4269999999999996,0.31,0.32867265660834777,0.0,1.0
KXNBAREB-26MAR31NYKHOU-NYKKTOWNS32-12,2026-03-31,reb,11.5,9.073,2.4269999999999996,0.2215,0.2539263687116329,0.0,1.0
KXNBAREB-26MAR31NYKHOU-NYKKTOWNS32-14,2026-03-31,reb,13.5,9.073,4.427,0.10175,0.1417894488199707,0.0,1.0
KXNBAREB-26MAR31NYKHOU-NYKKTOWNS32-16,2026-03-31,reb,15.5,9.073,6.427,0.03575,0.07319912911418291,0.0,1.0
KXNBAREB-26MAR31NYKHOU-NYKMBRIDGES25-10,2026-03-31,reb,9.5,2.96075,6.53925,0.00175,0.004407346297766068,0.0,1.0
KXNBAREB-26MAR31NYKHOU-NYKMBRIDGES25-2,2026-03-31,reb,1.5,2.96075,-1.46075,0.789,0.7551804260872512,1.0,1.0
KXNBAREB-26MAR31NYKHOU-NYKMBRIDGES25-4,2026-03-31,reb,3.5,2.96075,0.53925,0.34525,0.3437998084881715,0.0,1.0
KXNBAREB-26MAR31NYKHOU-NYKMBRIDGES25-6,2026-03-31,reb,5.5,2.96075,2.53925,0.08275,0.10465805449326804,0.0,1.0
KXNBAREB-26MAR31NYKHOU-NYKMBRIDGES25-8,2026-03-31,reb,7.5,2.96075,4.53925,0.0135,0.02387000090298308,0.0,1.0
KXNBAREB-26MAR31NYKHOU-NYKMROBINSON23-10,2026-03-31,reb,9.5,6.47775,3.0222499999999997,0.152,0.16905009885013456,0.0,1.0
KXNBAREB-26MAR31NYKHOU-NYKMROBINSON23-12,2026-03-31,reb,11.5,6.47775,5.02225,0.0545,0.07439419258399327,0.0,1.0
KXNBAREB-26MAR31NYKHOU-NYKMROBINSON23-4,2026-03-31,reb,3.5,6.47775,-2.9777500000000003,0.84625,0.8195864932005293,1.0,1.0
KXNBAREB-26MAR31NYKHOU-NYKMROBINSON23-6,2026-03-31,reb,5.5,6.47775,-0.9777500000000003,0.5995,0.5760998254922285,0.0,1.0
KXNBAREB-26MAR31NYKHOU-NYKMROBINSON23-8,2026-03-31,reb,7.5,6.47775,1.0222499999999997,0.332,0.3374706028312441,0.0,1.0
KXNBAREB-26MAR31NYKHOU-NYKOANUNOBY8-2,2026-03-31,reb,1.5,3.9015,-2.4015,0.889,0.8595683321923109,1.0,1.0
KXNBAREB-26MAR31NYKHOU-NYKOANUNOBY8-4,2026-03-31,reb,3.5,3.9015,-0.40149999999999997,0.53625,0.5181158028809103,1.0,1.0
KXNBAREB-26MAR31NYKHOU-NYKOANUNOBY8-5,2026-03-31,reb,4.5,3.9015,0.5985,0.3565,0.35305399541717564,1.0,1.0
KXNBAREB-26MAR31NYKHOU-NYKOANUNOBY8-6,2026-03-31,reb,5.5,3.9015,1.5985,0.212,0.22335686591016934,1.0,1.0
KXNBAREB-26MAR31NYKHOU-NYKOANUNOBY8-8,2026-03-31,reb,7.5,3.9015,3.5985,0.05475,0.0742503025434349,0.0,1.0
KXNBAAST-26MAR31NYKHOU-HOUASENGUN28-10,2026-03-31,ast,9.5,5.33775,4.16225,0.053,0.08223561571215843,1.0,1.0
KXNBAAST-26MAR31NYKHOU-HOUASENGUN28-2,2026-03-31,ast,1.5,5.33775,-3.8377499999999998,0.96275,0.9401081822115136,1.0,1.0
KXNBAAST-26MAR31NYKHOU-HOUASENGUN28-4,2026-03-31,ast,3.5,5.33775,-1.8377499999999998,0.7645,0.7203295736562236,1.0,1.0
KXNBAAST-26MAR31NYKHOU-HOUASENGUN28-6,2026-03-31,ast,5.5,5.33775,0.16225000000000023,0.4525,0.43010939179690866,1.0,1.0
KXNBAAST-26MAR31NYKHOU-HOUASENGUN28-8,2026-03-31,ast,7.5,5.33775,2.1622500000000002,0.17675,0.20581659553827492,1.0,1.0
KXNBAAST-26MAR31NYKHOU-HOUATHOMPSON1-2,2026-03-31,ast,1.5,4.625,-3.125,0.93825,0.9096223681719408,1.0,1.0
KXNBAAST-26MAR31NYKHOU-HOUATHOMPSON1-4,2026-03-31,ast,3.5,4.625,-1.125,0.6765,0.6316339091202399,1.0,1.0
KXNBAAST-26MAR31NYKHOU-HOUATHOMPSON1-5,2026-03-31,ast,4.5,4.625,-0.125,0.486,0.4703366637795684,1.0,1.0
KXNBAAST-26MAR31NYKHOU-HOUATHOMPSON1-6,2026-03-31,ast,5.5,4.625,0.875,0.32125,0.3272006903074265,1.0,1.0
KXNBAAST-26MAR31NYKHOU-HOUATHOMPSON1-8,2026-03-31,ast,7.5,4.625,2.875,0.109,0.13282189319069793,1.0,1.0
KXNBAAST-26MAR31NYKHOU-HOUKDURANT7-2,2026-03-31,ast,1.5,4.25275,-2.75275,0.913,0.8875579813601399,1.0,1.0
KXNBAAST-26MAR31NYKHOU-HOUKDURANT7-4,2026-03-31,ast,3.5,4.25275,-0.7527499999999998,0.607,0.57669110104772,1.0,1.0
KXNBAAST-26MAR31NYKHOU-HOUKDURANT7-5,2026-03-31,ast,4.5,4.25275,0.2472500000000002,0.423,0.41116634497244875,1.0,1.0
KXNBAAST-26MAR31NYKHOU-HOUKDURANT7-6,2026-03-31,ast,5.5,4.25275,1.2472500000000002,0.264,0.2727506662725103,1.0,1.0
KXNBAAST-26MAR31NYKHOU-HOUKDURANT7-8,2026-03-31,ast,7.5,4.25275,3.24725,0.07525,0.09989892966356229,1.0,1.0
KXNBAAST-26MAR31NYKHOU-HOURSHEPPARD15-2,2026-03-31,ast,1.5,3.46725,-1.96725,0.836,0.8206259185469986,1.0,1.0
KXNBAAST-26MAR31NYKHOU-HOURSHEPPARD15-4,2026-03-31,ast,3.5,3.46725,0.03275000000000006,0.45225,0.44173470710192075,0.0,1.0
KXNBAAST-26MAR31NYKHOU-HOURSHEPPARD15-5,2026-03-31,ast,4.5,3.46725,1.03275,0.27925,0.28007052723605175,0.0,1.0
KXNBAAST-26MAR31NYKHOU-HOURSHEPPARD15-6,2026-03-31,ast,5.5,3.46725,2.03275,0.153,0.16376444933248835,0.0,1.0
KXNBAAST-26MAR31NYKHOU-HOURSHEPPARD15-8,2026-03-31,ast,7.5,3.46725,4.03275,0.0345,0.045861808487186684,0.0,1.0
KXNBAAST-26MAR31NYKHOU-NYKJBRUNSON11-10,2026-03-31,ast,9.5,5.5465,3.9535,0.0625,0.09570660135192388,0.0,1.0
KXNBAAST-26MAR31NYKHOU-NYKJBRUNSON11-12,2026-03-31,ast,11.5,5.5465,5.9535,0.01375,0.03467050975879982,0.0,1.0
KXNBAAST-26MAR31NYKHOU-NYKJBRUNSON11-6,2026-03-31,ast,5.5,5.5465,-0.046499999999999986,0.47575,0.4591074004593393,1.0,1.0
KXNBAAST-26MAR31NYKHOU-NYKJBRUNSON11-7,2026-03-31,ast,6.5,5.5465,0.9535,0.32625,0.3322856694546724,1.0,1.0
KXNBAAST-26MAR31NYKHOU-NYKJBRUNSON11-8,2026-03-31,ast,7.5,5.5465,1.9535,0.20625,0.2290016370989585,1.0,1.0
KXNBAAST-26MAR31NYKHOU-NYKJHART3-2,2026-03-31,ast,1.5,3.878,-2.378,0.88425,0.8596137182629956,1.0,1.0
KXNBAAST-26MAR31NYKHOU-NYKJHART3-4,2026-03-31,ast,3.5,3.878,-0.3780000000000001,0.53925,0.5153610339325554,0.0,1.0
KXNBAAST-26MAR31NYKHOU-NYKJHART3-5,2026-03-31,ast,4.5,3.878,0.6219999999999999,0.35125,0.349151006680711,0.0,1.0
KXNBAAST-26MAR31NYKHOU-NYKJHART3-6,2026-03-31,ast,5.5,3.878,1.6219999999999999,0.20575,0.21916355500576623,0.0,1.0
KXNBAAST-26MAR31NYKHOU-NYKJHART3-8,2026-03-31,ast,7.5,3.878,3.622,0.04875,0.07132313246419841,0.0,1.0
KXNBA3PT-26MAR31NYKHOU-HOUKDURANT7-1,2026-03-31,fg3m,0.5,2.017,-1.517,0.86325,0.8330026975866962,1.0,1.0
KXNBA3PT-26MAR31NYKHOU-HOUKDURANT7-2,2026-03-31,fg3m,1.5,2.017,-0.5169999999999999,0.5925,0.5665683001504499,1.0,1.0
KXNBA3PT-26MAR31NYKHOU-HOUKDURANT7-3,2026-03-31,fg3m,2.5,2.017,0.4830000000000001,0.3325,0.3261853067638594,1.0,1.0
KXNBA3PT-26MAR31NYKHOU-HOUKDURANT7-4,2026-03-31,fg3m,3.5,2.017,1.483,0.14575,0.16485250496801418,1.0,1.0
KXNBA3PT-26MAR31NYKHOU-HOUKDURANT7-5,2026-03-31,fg3m,4.5,2.017,2.483,0.05525,0.07521399307842613,0.0,1.0
KXNBA3PT-26MAR31NYKHOU-HOURSHEPPARD15-2,2026-03-31,fg3m,1.5,2.382,-0.8820000000000001,0.67625,0.6458480130730897,1.0,1.0
KXNBA3PT-26MAR31NYKHOU-HOURSHEPPARD15-3,2026-03-31,fg3m,2.5,2.382,0.11799999999999988,0.41975,0.41139477253126855,1.0,1.0
KXNBA3PT-26MAR31NYKHOU-HOURSHEPPARD15-4,2026-03-31,fg3m,3.5,2.382,1.1179999999999999,0.21775,0.23233898642561057,1.0,1.0
KXNBA3PT-26MAR31NYKHOU-HOURSHEPPARD15-5,2026-03-31,fg3m,4.5,2.382,2.118,0.09875,0.11913192839552822,0.0,1.0
KXNBA3PT-26MAR31NYKHOU-HOURSHEPPARD15-6,2026-03-31,fg3m,5.5,2.382,3.118,0.04375,0.056487494843104114,0.0,1.0
KXNBA3PT-26MAR31NYKHOU-HOUTEASON17-1,2026-03-31,fg3m,0.5,1.04175,-0.54175,0.6355,0.6233868313320831,1.0,1.0
KXNBA3PT-26MAR31NYKHOU-HOUTEASON17-2,2026-03-31,fg3m,1.5,1.04175,0.45825000000000005,0.27575,0.278162560231213,1.0,1.0
KXNBA3PT-26MAR31NYKHOU-HOUTEASON17-3,2026-03-31,fg3m,2.5,1.04175,1.45825,0.095,0.0992092441699719,1.0,1.0
KXNBA3PT-26MAR31NYKHOU-HOUTEASON17-4,2026-03-31,fg3m,3.5,1.04175,2.45825,0.026,0.030203749986244754,0.0,1.0
KXNBA3PT-26MAR31NYKHOU-HOUTEASON17-5,2026-03-31,fg3m,4.5,1.04175,3.45825,0.0075,0.008175468605711278,0.0,1.0
KXNBA3PT-26MAR31NYKHOU-NYKJBRUNSON11-1,2026-03-31,fg3m,0.5,2.04125,-1.5412499999999998,0.863,0.8361715183626199,1.0,1.0
KXNBA3PT-26MAR31NYKHOU-NYKJBRUNSON11-2,2026-03-31,fg3m,1.5,2.04125,-0.5412499999999998,0.61125,0.5723133057430804,0.0,1.0
KXNBA3PT-26MAR31NYKHOU-NYKJBRUNSON11-3,2026-03-31,fg3m,2.5,2.04125,0.4587500000000002,0.332,0.331996338071019,0.0,1.0
KXNBA3PT-26MAR31NYKHOU-NYKJBRUNSON11-4,2026-03-31,fg3m,3.5,2.04125,1.4587500000000002,0.15625,0.16917783950682963,0.0,1.0
KXNBA3PT-26MAR31NYKHOU-NYKJBRUNSON11-5,2026-03-31,fg3m,4.5,2.04125,2.45875,0.05575,0.07785569937381076,0.0,1.0
KXNBA3PT-26MAR31NYKHOU-NYKJHART3-1,2026-03-31,fg3m,0.5,1.2595,-0.7595000000000001,0.71575,0.6883186060242934,1.0,1.0
KXNBA3PT-26MAR31NYKHOU-NYKJHART3-2,2026-03-31,fg3m,1.5,1.2595,0.24049999999999994,0.35425,0.35135331072684517,0.0,1.0
KXNBA3PT-26MAR31NYKHOU-NYKJHART3-3,2026-03-31,fg3m,2.5,1.2595,1.2405,0.138,0.14534151846426757,0.0,1.0
KXNBA3PT-26MAR31NYKHOU-NYKJHART3-4,2026-03-31,fg3m,3.5,1.2595,2.2405,0.038,0.051649093973092586,0.0,1.0
KXNBA3PT-26MAR31NYKHOU-NYKJHART3-5,2026-03-31,fg3m,4.5,1.2595,3.2405,0.01075,0.016373860303585563,0.0,1.0
KXNBA3PT-26MAR31NYKHOU-NYKKTOWNS32-1,2026-03-31,fg3m,0.5,1.0815,-0.5814999999999999,0.6535,0.6363027755259463,1.0,1.0
KXNBA3PT-26MAR31NYKHOU-NYKKTOWNS32-2,2026-03-31,fg3m,1.5,1.0815,0.4185000000000001,0.298,0.29177562771420695,1.0,1.0
KXNBA3PT-26MAR31NYKHOU-NYKKTOWNS32-3,2026-03-31,fg3m,2.5,1.0815,1.4185,0.097,0.10721480386640703,0.0,1.0
KXNBA3PT-26MAR31NYKHOU-NYKKTOWNS32-4,2026-03-31,fg3m,3.5,1.0815,2.4185,0.02575,0.03366846094844356,0.0,1.0
KXNBA3PT-26MAR31NYKHOU-NYKKTOWNS32-5,2026-03-31,fg3m,4.5,1.0815,3.4185,0.00525,0.009405954182510223,0.0,1.0
KXNBA3PT-26MAR31NYKHOU-NYKMBRIDGES25-1,2026-03-31,fg3m,0.5,1.416,-0.9159999999999999,0.75275,0.7271794042161349,1.0,1.0
KXNBA3PT-26MAR31NYKHOU-NYKMBRIDGES25-2,2026-03-31,fg3m,1.5,1.416,0.08400000000000007,0.40625,0.4013124560105288,0.0,1.0
KXNBA3PT-26MAR31NYKHOU-NYKMBRIDGES25-3,2026-03-31,fg3m,2.5,1.416,1.084,0.1735,0.18120432655100904,0.0,1.0
KXNBA3PT-26MAR31NYKHOU-NYKMBRIDGES25-4,2026-03-31,fg3m,3.5,1.416,2.084,0.059,0.07060885526609939,0.0,1.0
KXNBA3PT-26MAR31NYKHOU-NYKMBRIDGES25-5,2026-03-31,fg3m,4.5,1.416,3.084,0.019,0.024605275337565402,0.0,1.0
KXNBA3PT-26MAR31NYKHOU-NYKOANUNOBY8-1,2026-03-31,fg3m,0.5,2.0085,-1.5085000000000002,0.863,0.8318756140793324,1.0,1.0
KXNBA3PT-26MAR31NYKHOU-NYKOANUNOBY8-2,2026-03-31,fg3m,1.5,2.0085,-0.5085000000000002,0.596,0.5645379368859047,1.0,1.0
KXNBA3PT-26MAR31NYKHOU-NYKOANUNOBY8-3,2026-03-31,fg3m,2.5,2.0085,0.4914999999999998,0.32925,0.3241447035892798,0.0,1.0
KXNBA3PT-26MAR31NYKHOU-NYKOANUNOBY8-4,2026-03-31,fg3m,3.5,2.0085,1.4914999999999998,0.13875,0.163343313728893,0.0,1.0
KXNBA3PT-26MAR31NYKHOU-NYKOANUNOBY8-5,2026-03-31,fg3m,4.5,2.0085,2.4915,0.054,0.07429814062931006,0.0,1.0
KXNBAPTS-26MAR31PORLAC-LACBLOPEZ11-10,2026-03-31,pts,9.5,8.87875,0.6212499999999999,0.4145,0.3934720753605838,1.0,1.0
KXNBAPTS-26MAR31PORLAC-LACBLOPEZ11-15,2026-03-31,pts,14.5,8.87875,5.62125,0.14025,0.11777550257585412,1.0,1.0
KXNBAPTS-26MAR31PORLAC-LACBLOPEZ11-20,2026-03-31,pts,19.5,8.87875,10.62125,0.0305,0.026141320932740686,0.0,1.0
KXNBAPTS-26MAR31PORLAC-LACBMATHURIN9-15,2026-03-31,pts,14.5,15.4955,-0.9954999999999998,0.5235,0.5002810093506197,0.0,1.0
KXNBAPTS-26MAR31PORLAC-LACBMATHURIN9-20,2026-03-31,pts,19.5,15.4955,4.0045,0.26375,0.2603012516687998,0.0,1.0
KXNBAPTS-26MAR31PORLAC-LACBMATHURIN9-25,2026-03-31,pts,24.5,15.4955,9.0045,0.094,0.11583443332162502,0.0,1.0
KXNBAPTS-26MAR31PORLAC-LACBMATHURIN9-30,2026-03-31,pts,29.5,15.4955,14.0045,0.02825,0.04575965388232994,0.0,1.0
KXNBAPTS-26MAR31PORLAC-LACDGARLAND10-10,2026-03-31,pts,9.5,16.4315,-6.9315,0.82075,0.8144656195360396,1.0,1.0
KXNBAPTS-26MAR31PORLAC-LACDGARLAND10-15,2026-03-31,pts,14.5,16.4315,-1.9314999999999998,0.578,0.5481581749440065,1.0,1.0
KXNBAPTS-26MAR31PORLAC-LACDGARLAND10-20,2026-03-31,pts,19.5,16.4315,3.0685000000000002,0.3125,0.304559057802142,1.0,1.0
KXNBAPTS-26MAR31PORLAC-LACDGARLAND10-25,2026-03-31,pts,24.5,16.4315,8.0685,0.133,0.1456264447786917,0.0,1.0
KXNBAPTS-26MAR31PORLAC-LACDGARLAND10-30,2026-03-31,pts,29.5,16.4315,13.0685,0.04775,0.06202672024657763,0.0,1.0
KXNBAPTS-26MAR31PORLAC-LACDJONES5-10,2026-03-31,pts,9.5,9.18225,0.3177500000000002,0.43125,0.4187680488967066,0.0,1.0
KXNBAPTS-26MAR31PORLAC-LACDJONES5-15,2026-03-31,pts,14.5,9.18225,5.31775,0.14925,0.13294174947037551,0.0,1.0
KXNBAPTS-26MAR31PORLAC-LACDJONES5-20,2026-03-31,pts,19.5,9.18225,10.31775,0.03425,0.03143999605290326,0.0,1.0
KXNBAPTS-26MAR31PORLAC-LACDJONES5-25,2026-03-31,pts,24.5,9.18225,15.31775,0.006,0.006092804043019817,0.0,1.0
KXNBAPTS-26MAR31PORLAC-LACJCOLLINS20-10,2026-03-31,pts,9.5,10.766,-1.266,0.54375,0.5404782830180963,1.0,1.0
KXNBAPTS-26MAR31PORLAC-LACJCOLLINS20-15,2026-03-31,pts,14.5,10.766,3.734,0.24025,0.22147534338796004,1.0,1.0
KXNBAPTS-26MAR31PORLAC-LACJCOLLINS20-20,2026-03-31,pts,19.5,10.766,8.734,0.07425,0.06924334336376359,0.0,1.0
KXNBAPTS-26MAR31PORLAC-LACJCOLLINS20-25,2026-03-31,pts,24.5,10.766,13.734,0.017,0.017930010052701895,0.0,1.0
KXNBAPTS-26MAR31PORLAC-LACKLEONARD2-25,2026-03-31,pts,24.5,21.494,3.0060000000000002,0.33425,0.33388511063892135,0.0,1.0
KXNBAPTS-26MAR31PORLAC-LACKLEONARD2-30,2026-03-31,pts,29.5,21.494,8.006,0.1675,0.19113827343306466,0.0,1.0
KXNBAPTS-26MAR31PORLAC-LACKLEONARD2-35,2026-03-31,pts,34.5,21.494,13.006,0.0685,0.10109166363793798,0.0,1.0
KXNBAPTS-26MAR31PORLAC-LACKLEONARD2-40,2026-03-31,pts,39.5,21.494,18.006,0.02125,0.05011796332238605,0.0,1.0
KXNBAPTS-26MAR31PORLAC-PORDAVDIJA8-20,2026-03-31,pts,19.5,18.275,1.2250000000000014,0.417,0.390970282299268,1.0,1.0
KXNBAPTS-26MAR31PORLAC-PORDAVDIJA8-25,2026-03-31,pts,24.5,18.275,6.225000000000001,0.21725,0.21074103397641641,1.0,1.0
KXNBAPTS-26MAR31PORLAC-PORDAVDIJA8-30,2026-03-31,pts,29.5,18.275,11.225000000000001,0.08875,0.10186957007009267,0.0,1.0
KXNBAPTS-26MAR31PORLAC-PORDAVDIJA8-35,2026-03-31,pts,34.5,18.275,16.225,0.026,0.04517516736388805,0.0,1.0
KXNBAPTS-26MAR31PORLAC-PORDCLINGAN23-10,2026-03-31,pts,9.5,10.9505,-1.4505,0.56125,0.5533611298061709,0.0,1.0
KXNBAPTS-26MAR31PORLAC-PORDCLINGAN23-15,2026-03-31,pts,14.5,10.9505,3.5495,0.24875,0.23249470610795075,0.0,1.0
KXNBAPTS-26MAR31PORLAC-PORDCLINGAN23-20,2026-03-31,pts,19.5,10.9505,8.5495,0.07575,0.0747340531304056,0.0,1.0
KXNBAPTS-26MAR31PORLAC-PORDCLINGAN23-25,2026-03-31,pts,24.5,10.9505,13.5495,0.0185,0.01992132281201542,0.0,1.0
KXNBAPTS-26MAR31PORLAC-PORJHOLIDAY5-10,2026-03-31,pts,9.5,13.83,-4.33,0.72775,0.7175776974394755,1.0,1.0
KXNBAPTS-26MAR31PORLAC-PORJHOLIDAY5-15,2026-03-31,pts,14.5,13.83,0.6699999999999999,0.42575,0.40697122853467727,1.0,1.0
KXNBAPTS-26MAR31PORLAC-PORJHOLIDAY5-20,2026-03-31,pts,19.5,13.83,5.67,0.18775,0.18408559218598397,1.0,1.0
KXNBAPTS-26MAR31PORLAC-PORJHOLIDAY5-25,2026-03-31,pts,24.5,13.83,10.67,0.06175,0.07041949677101511,1.0,1.0
KXNBAPTS-26MAR31PORLAC-PORTCAMARA33-10,2026-03-31,pts,9.5,11.19825,-1.6982499999999998,0.581,0.570206502804874,1.0,1.0
KXNBAPTS-26MAR31PORLAC-PORTCAMARA33-15,2026-03-31,pts,14.5,11.19825,3.30175,0.2655,0.24742544524965748,1.0,1.0
KXNBAPTS-26MAR31PORLAC-PORTCAMARA33-20,2026-03-31,pts,19.5,11.19825,8.30175,0.09225,0.08244367779848805,0.0,1.0
KXNBAPTS-26MAR31PORLAC-PORTCAMARA33-25,2026-03-31,pts,24.5,11.19825,13.30175,0.023,0.022818986724171375,0.0,1.0
KXNBAREB-26MAR31PORLAC-LACBLOPEZ11-2,2026-03-31,reb,1.5,4.1465,-2.6464999999999996,0.90075,0.8783137435084175,1.0,1.0
KXNBAREB-26MAR31PORLAC-LACBLOPEZ11-4,2026-03-31,reb,3.5,4.1465,-0.6464999999999996,0.57075,0.5583433088330123,1.0,1.0
KXNBAREB-26MAR31PORLAC-LACBLOPEZ11-5,2026-03-31,reb,4.5,4.1465,0.35350000000000037,0.39275,0.39344297414277574,1.0,1.0
KXNBAREB-26MAR31PORLAC-LACBLOPEZ11-6,2026-03-31,reb,5.5,4.1465,1.3535000000000004,0.257,0.2580871777115781,1.0,1.0
KXNBAREB-26MAR31PORLAC-LACBLOPEZ11-8,2026-03-31,reb,7.5,4.1465,3.3535000000000004,0.0775,0.09269338555698048,0.0,1.0
KXNBAREB-26MAR31PORLAC-LACBMATHURIN9-10,2026-03-31,reb,9.5,4.9895,4.5105,0.04475,0.0636205225751365,0.0,1.0
KXNBAREB-26MAR31PORLAC-LACBMATHURIN9-2,2026-03-31,reb,1.5,4.9895,-3.4894999999999996,0.9425,0.9251070425186995,0.0,1.0
KXNBAREB-26MAR31PORLAC-LACBMATHURIN9-4,2026-03-31,reb,3.5,4.9895,-1.4894999999999996,0.71225,0.6772354623876506,0.0,1.0
KXNBAREB-26MAR31PORLAC-LACBMATHURIN9-6,2026-03-31,reb,5.5,4.9895,0.5105000000000004,0.37875,0.3802014582966968,0.0,1.0
KXNBAREB-26MAR31PORLAC-LACBMATHURIN9-8,2026-03-31,reb,7.5,4.9895,2.5105000000000004,0.14975,0.170210665966968,0.0,1.0
KXNBAREB-26MAR31PORLAC-LACJCOLLINS20-10,2026-03-31,reb,9.5,4.89725,4.60275,0.04475,0.05876880812757379,0.0,1.0
KXNBAREB-26MAR31PORLAC-LACJCOLLINS20-2,2026-03-31,reb,1.5,4.89725,-3.3972499999999997,0.9375,0.9210720077853225,1.0,1.0
KXNBAREB-26MAR31PORLAC-LACJCOLLINS20-4,2026-03-31,reb,3.5,4.89725,-1.3972499999999997,0.68525,0.6656949115606958,1.0,1.0
KXNBAREB-26MAR31PORLAC-LACJCOLLINS20-6,2026-03-31,reb,5.5,4.89725,0.6027500000000003,0.37025,0.3669302648412185,1.0,1.0
KXNBAREB-26MAR31PORLAC-LACJCOLLINS20-8,2026-03-31,reb,7.5,4.89725,2.6027500000000003,0.1455,0.1608290085443641,0.0,1.0
KXNBAREB-26MAR31PORLAC-LACKLEONARD2-10,2026-03-31,reb,9.5,5.58275,3.91725,0.07175,0.09987503973757339,0.0,1.0
KXNBAREB-26MAR31PORLAC-LACKLEONARD2-12,2026-03-31,reb,11.5,5.58275,5.91725,0.01725,0.03709867462090033,0.0,1.0
KXNBAREB-26MAR31PORLAC-LACKLEONARD2-6,2026-03-31,reb,5.5,5.58275,-0.08274999999999988,0.4725,0.4631217698711233,1.0,1.0
KXNBAREB-26MAR31PORLAC-LACKLEONARD2-7,2026-03-31,reb,6.5,5.58275,0.9172500000000001,0.33075,0.3372769706358547,1.0,1.0
KXNBAREB-26MAR31PORLAC-LACKLEONARD2-8,2026-03-31,reb,7.5,5.58275,1.9172500000000001,0.20875,0.23425855707597387,1.0,1.0
KXNBAREB-26MAR31PORLAC-PORDAVDIJA8-10,2026-03-31,reb,9.5,5.97725,3.5227500000000003,0.11175,0.12845772077395168,1.0,1.0
KXNBAREB-26MAR31PORLAC-PORDAVDIJA8-12,2026-03-31,reb,11.5,5.97725,5.52275,0.03175,0.0516668272680918,0.0,1.0
KXNBAREB-26MAR31PORLAC-PORDAVDIJA8-6,2026-03-31,reb,5.5,5.97725,-0.47724999999999973,0.5335,0.5150040261886505,1.0,1.0
KXNBAREB-26MAR31PORLAC-PORDAVDIJA8-7,2026-03-31,reb,6.5,5.97725,0.5227500000000003,0.39975,0.38792946983042387,1.0,1.0
KXNBAREB-26MAR31PORLAC-PORDAVDIJA8-8,2026-03-31,reb,7.5,5.97725,1.5227500000000003,0.27775,0.27926885789052813,1.0,1.0
KXNBAREB-26MAR31PORLAC-PORDCLINGAN23-10,2026-03-31,reb,9.5,10.196,-0.6959999999999997,0.55025,0.51778497114756,0.0,1.0
KXNBAREB-26MAR31PORLAC-PORDCLINGAN23-12,2026-03-31,reb,11.5,10.196,1.3040000000000003,0.34375,0.3481008252863069,0.0,1.0
KXNBAREB-26MAR31PORLAC-PORDCLINGAN23-13,2026-03-31,reb,12.5,10.196,2.3040000000000003,0.25,0.2763755277373955,0.0,1.0
KXNBAREB-26MAR31PORLAC-PORDCLINGAN23-14,2026-03-31,reb,13.5,10.196,3.3040000000000003,0.175,0.21514616448001755,0.0,1.0
KXNBAREB-26MAR31PORLAC-PORDCLINGAN23-16,2026-03-31,reb,15.5,10.196,5.304,0.07675,0.12351822574964355,0.0,1.0
KXNBAREB-26MAR31PORLAC-PORJHOLIDAY5-10,2026-03-31,reb,9.5,3.964,5.536,0.012,0.021955055851633154,0.0,1.0
KXNBAREB-26MAR31PORLAC-PORJHOLIDAY5-2,2026-03-31,reb,1.5,3.964,-2.464,0.89125,0.8646192839568255,1.0,1.0
KXNBAREB-26MAR31PORLAC-PORJHOLIDAY5-4,2026-03-31,reb,3.5,3.964,-0.46399999999999997,0.54675,0.5286134814535739,1.0,1.0
KXNBAREB-26MAR31PORLAC-PORJHOLIDAY5-6,2026-03-31,reb,5.5,3.964,1.536,0.2245,0.23212916989924448,1.0,1.0
KXNBAREB-26MAR31PORLAC-PORJHOLIDAY5-8,2026-03-31,reb,7.5,3.964,3.536,0.05675,0.07875656407937026,0.0,1.0
KXNBAAST-26MAR31PORLAC-LACBMATHURIN9-10,2026-03-31,ast,9.5,2.0915,7.4085,0.00025,0.00043455871862141393,0.0,1.0
KXNBAAST-26MAR31PORLAC-LACBMATHURIN9-2,2026-03-31,ast,1.5,2.0915,-0.5914999999999999,0.6045,0.59310399963302,0.0,1.0
KXNBAAST-26MAR31PORLAC-LACBMATHURIN9-4,2026-03-31,ast,3.5,2.0915,1.4085,0.1665,0.17374821894145032,0.0,1.0
KXNBAAST-26MAR31PORLAC-LACBMATHURIN9-6,2026-03-31,ast,5.5,2.0915,3.4085,0.0255,0.031568873950552745,0.0,1.0
KXNBAAST-26MAR31PORLAC-LACBMATHURIN9-8,2026-03-31,ast,7.5,2.0915,5.4085,0.00275,0.004154930647888189,0.0,1.0
KXNBAAST-26MAR31PORLAC-LACDGARLAND10-10,2026-03-31,ast,9.5,5.968,3.532,0.096,0.12595076518659987,0.0,1.0
KXNBAAST-26MAR31PORLAC-LACDGARLAND10-12,2026-03-31,ast,11.5,5.968,5.532,0.02975,0.04977878363111565,0.0,1.0
KXNBAAST-26MAR31PORLAC-LACDGARLAND10-6,2026-03-31,ast,5.5,5.968,-0.46799999999999997,0.529,0.5152656688297224,0.0,1.0
KXNBAAST-26MAR31PORLAC-LACDGARLAND10-7,2026-03-31,ast,6.5,5.968,0.532,0.3925,0.38694525917189826,0.0,1.0
KXNBAAST-26MAR31PORLAC-LACDGARLAND10-8,2026-03-31,ast,7.5,5.968,1.532,0.2605,0.2773335703915829,0.0,1.0
KXNBAAST-26MAR31PORLAC-PORDAVDIJA8-10,2026-03-31,ast,9.5,4.7495,4.7505,0.0345,0.05014234945994256,0.0,1.0
KXNBAAST-26MAR31PORLAC-PORDAVDIJA8-12,2026-03-31,ast,11.5,4.7495,6.7505,0.00575,0.01494902684841215,0.0,1.0
KXNBAAST-26MAR31PORLAC-PORDAVDIJA8-6,2026-03-31,ast,5.5,4.7495,0.7504999999999997,0.35,0.3454386789359233,1.0,1.0
KXNBAAST-26MAR31PORLAC-PORDAVDIJA8-7,2026-03-31,ast,6.5,4.7495,1.7504999999999997,0.21325,0.22963491054596263,1.0,1.0
KXNBAAST-26MAR31PORLAC-PORDAVDIJA8-8,2026-03-31,ast,7.5,4.7495,2.7504999999999997,0.1215,0.1447238931444429,1.0,1.0
KXNBAAST-26MAR31PORLAC-PORJHOLIDAY5-10,2026-03-31,ast,9.5,4.43125,5.06875,0.0195,0.03651783994652058,0.0,1.0
KXNBAAST-26MAR31PORLAC-PORJHOLIDAY5-2,2026-03-31,ast,1.5,4.43125,-2.9312500000000004,0.9235,0.8987679954942192,1.0,1.0
KXNBAAST-26MAR31PORLAC-PORJHOLIDAY5-4,2026-03-31,ast,3.5,4.43125,-0.9312500000000004,0.63725,0.6037898378467144,0.0,1.0
KXNBAAST-26MAR31PORLAC-PORJHOLIDAY5-6,2026-03-31,ast,5.5,4.43125,1.0687499999999996,0.29,0.2987986352016381,0.0,1.0
KXNBAAST-26MAR31PORLAC-PORJHOLIDAY5-8,2026-03-31,ast,7.5,4.43125,3.0687499999999996,0.08775,0.11516145265362265,0.0,1.0
KXNBA3PT-26MAR31PORLAC-LACBMATHURIN9-1,2026-03-31,fg3m,0.5,0.828,-0.32799999999999996,0.55075,0.544380995197448,0.0,1.0
KXNBA3PT-26MAR31PORLAC-LACBMATHURIN9-2,2026-03-31,fg3m,1.5,0.828,0.672,0.2085,0.2040441194585787,0.0,1.0
KXNBA3PT-26MAR31PORLAC-LACBMATHURIN9-3,2026-03-31,fg3m,2.5,0.828,1.6720000000000002,0.0555,0.06028056771444745,0.0,1.0
KXNBA3PT-26MAR31PORLAC-LACBMATHURIN9-4,2026-03-31,fg3m,3.5,0.828,2.672,0.0115,0.015105993225060566,0.0,1.0
KXNBA3PT-26MAR31PORLAC-LACBMATHURIN9-5,2026-03-31,fg3m,4.5,0.828,3.672,0.0015,0.0033545184611618595,0.0,1.0
KXNBA3PT-26MAR31PORLAC-LACDGARLAND10-1,2026-03-31,fg3m,0.5,2.835,-2.335,0.9375,0.9102608982213505,1.0,1.0
KXNBA3PT-26MAR31PORLAC-LACDGARLAND10-2,2026-03-31,fg3m,1.5,2.835,-1.335,0.766,0.724747454846608,1.0,1.0
KXNBA3PT-26MAR31PORLAC-LACDGARLAND10-3,2026-03-31,fg3m,2.5,2.835,-0.33499999999999996,0.53575,0.5078763638928915,1.0,1.0
KXNBA3PT-26MAR31PORLAC-LACDGARLAND10-4,2026-03-31,fg3m,3.5,2.835,0.665,0.3125,0.3192799490564361,0.0,1.0
KXNBA3PT-26MAR31PORLAC-LACDGARLAND10-5,2026-03-31,fg3m,4.5,2.835,1.665,0.163,0.18350544469889585,0.0,1.0
KXNBA3PT-26MAR31PORLAC-LACKLEONARD2-1,2026-03-31,fg3m,0.5,2.0065,-1.5065,0.86,0.8316091692572161,0.0,1.0
KXNBA3PT-26MAR31PORLAC-LACKLEONARD2-2,2026-03-31,fg3m,1.5,2.0065,-0.5065,0.58825,0.5640589451133674,0.0,1.0
KXNBA3PT-26MAR31PORLAC-LACKLEONARD2-3,2026-03-31,fg3m,2.5,2.0065,0.49350000000000005,0.32675,0.3236642896506384,0.0,1.0
KXNBA3PT-26MAR31PORLAC-LACKLEONARD2-4,2026-03-31,fg3m,3.5,2.0065,1.4935,0.148,0.1629887423550438,0.0,1.0
KXNBA3PT-26MAR31PORLAC-LACKLEONARD2-5,2026-03-31,fg3m,4.5,2.0065,2.4935,0.05725,0.07408341352015824,0.0,1.0
KXNBA3PT-26MAR31PORLAC-PORDAVDIJA8-1,2026-03-31,fg3m,0.5,1.44525,-0.9452499999999999,0.7435,0.733817811772974,1.0,1.0
KXNBA3PT-26MAR31PORLAC-PORDAVDIJA8-2,2026-03-31,fg3m,1.5,1.44525,0.054750000000000076,0.4185,0.41035793493489514,0.0,1.0
KXNBA3PT-26MAR31PORLAC-PORDAVDIJA8-3,2026-03-31,fg3m,2.5,1.44525,1.05475,0.183,0.18808097313977012,0.0,1.0
KXNBA3PT-26MAR31PORLAC-PORDAVDIJA8-4,2026-03-31,fg3m,3.5,1.44525,2.0547500000000003,0.068,0.07445595173827724,0.0,1.0
KXNBA3PT-26MAR31PORLAC-PORDAVDIJA8-5,2026-03-31,fg3m,4.5,1.44525,3.0547500000000003,0.02325,0.02637129401515448,0.0,1.0
KXNBAPTS-26MAR31CLELAL-CLEDMITCHELL45-15,2026-03-31,pts,14.5,22.596,-8.096,0.84,0.7751785055982695,0.0,1.0
KXNBAPTS-26MAR31CLELAL-CLEDMITCHELL45-20,2026-03-31,pts,19.5,22.596,-3.096,0.6305,0.5709693723148956,0.0,1.0
KXNBAPTS-26MAR31CLELAL-CLEDMITCHELL45-25,2026-03-31,pts,24.5,22.596,1.904,0.38275,0.3759894192196829,0.0,1.0
KXNBAPTS-26MAR31CLELAL-CLEDMITCHELL45-30,2026-03-31,pts,29.5,22.596,6.904,0.1945,0.22548282756908544,0.0,1.0
KXNBAPTS-26MAR31CLELAL-CLEDMITCHELL45-35,2026-03-31,pts,34.5,22.596,11.904,0.075,0.1252306680463261,0.0,1.0
KXNBAPTS-26MAR31CLELAL-CLEDSCHRODER8-10,2026-03-31,pts,9.5,6.4215,3.0785,0.2235,0.18272850944950436,0.0,1.0
KXNBAPTS-26MAR31CLELAL-CLEDSCHRODER8-15,2026-03-31,pts,14.5,6.4215,8.0785,0.0505,0.028429051144765127,0.0,1.0
KXNBAPTS-26MAR31CLELAL-CLEDSCHRODER8-20,2026-03-31,pts,19.5,6.4215,13.0785,0.0085,0.003160119996392652,0.0,1.0
KXNBAPTS-26MAR31CLELAL-CLEEMOBLEY4-10,2026-03-31,pts,9.5,15.58825,-6.08825,0.82,0.7874857898670797,0.0,1.0
KXNBAPTS-26MAR31CLELAL-CLEEMOBLEY4-15,2026-03-31,pts,14.5,15.58825,-1.0882500000000004,0.531,0.5051827047167783,0.0,1.0
KXNBAPTS-26MAR31CLELAL-CLEEMOBLEY4-20,2026-03-31,pts,19.5,15.58825,3.9117499999999996,0.25575,0.26466657320048526,0.0,1.0
KXNBAPTS-26MAR31CLELAL-CLEEMOBLEY4-25,2026-03-31,pts,24.5,15.58825,8.91175,0.091,0.11866382572021605,0.0,1.0
KXNBAPTS-26MAR31CLELAL-CLEJHARDEN1-15,2026-03-31,pts,14.5,16.8675,-2.3674999999999997,0.603,0.5692240455088269,1.0,1.0
KXNBAPTS-26MAR31CLELAL-CLEJHARDEN1-20,2026-03-31,pts,19.5,16.8675,2.6325000000000003,0.33175,0.32520530665532066,0.0,1.0
KXNBAPTS-26MAR31CLELAL-CLEJHARDEN1-25,2026-03-31,pts,24.5,16.8675,7.6325,0.1395,0.16035476120679137,0.0,1.0
KXNBAPTS-26MAR31CLELAL-CLEJHARDEN1-30,2026-03-31,pts,29.5,16.8675,12.6325,0.05275,0.07054528680073258,0.0,1.0
KXNBAPTS-26MAR31CLELAL-LALAREAVES15-20,2026-03-31,pts,19.5,19.48,0.019999999999999574,0.47675,0.4451484047738039,0.0,1.0
KXNBAPTS-26MAR31CLELAL-LALAREAVES15-25,2026-03-31,pts,24.5,19.48,5.02,0.2505,0.25621259090786863,0.0,1.0
KXNBAPTS-26MAR31CLELAL-LALAREAVES15-30,2026-03-31,pts,29.5,19.48,10.02,0.10875,0.13282503350988728,0.0,1.0
KXNBAPTS-26MAR31CLELAL-LALAREAVES15-35,2026-03-31,pts,34.5,19.48,15.02,0.03375,0.06333790495456726,0.0,1.0
KXNBAPTS-26MAR31CLELAL-LALDAYTON5-10,2026-03-31,pts,9.5,9.633,-0.13299999999999912,0.46275,0.45529521490270153,1.0,1.0
KXNBAPTS-26MAR31CLELAL-LALDAYTON5-15,2026-03-31,pts,14.5,9.633,4.867000000000001,0.17375,0.15671816851429354,1.0,1.0
KXNBAPTS-26MAR31CLELAL-LALDAYTON5-20,2026-03-31,pts,19.5,9.633,9.867,0.04275,0.04046189626665109,0.0,1.0
KXNBAPTS-26MAR31CLELAL-LALLDONCIC77-25,2026-03-31,pts,24.5,27.32788259958071,-2.827882599580711,0.6138364779874214,0.5415542216588889,1.0,0.59625
KXNBAPTS-26MAR31CLELAL-LALLDONCIC77-30,2026-03-31,pts,29.5,27.32788259958071,2.172117400419289,0.3840670859538784,0.378694442896528,1.0,0.59625
KXNBAPTS-26MAR31CLELAL-LALLDONCIC77-35,2026-03-31,pts,34.5,27.32788259958071,7.172117400419289,0.19035639412997904,0.2477293160706039,1.0,0.59625
KXNBAPTS-26MAR31CLELAL-LALLDONCIC77-40,2026-03-31,pts,39.5,27.32788259958071,12.172117400419289,0.08008385744234801,0.15316172766184555,1.0,0.59625
KXNBAPTS-26MAR31CLELAL-LALLJAMES23-15,2026-03-31,pts,14.5,18.269,-3.7689999999999984,0.67875,0.6315036343331152,0.0,1.0
KXNBAPTS-26MAR31CLELAL-LALLJAMES23-20,2026-03-31,pts,19.5,18.269,1.2310000000000016,0.4025,0.39069463888423406,0.0,1.0
KXNBAPTS-26MAR31CLELAL-LALLJAMES23-25,2026-03-31,pts,24.5,18.269,6.231000000000002,0.1845,0.21051885658567748,0.0,1.0
KXNBAPTS-26MAR31CLELAL-LALLJAMES23-30,2026-03-31,pts,29.5,18.269,11.231000000000002,0.071,0.10172438973995557,0.0,1.0
KXNBAREB-26MAR31CLELAL-CLEDMITCHELL45-2,2026-03-31,reb,1.5,4.213,-2.713,0.9205,0.8829372069121867,1.0,1.0
KXNBAREB-26MAR31CLELAL-CLEDMITCHELL45-4,2026-03-31,reb,3.5,4.213,-0.7130000000000001,0.58975,0.5688278310904555,0.0,1.0
KXNBAREB-26MAR31CLELAL-CLEDMITCHELL45-5,2026-03-31,reb,4.5,4.213,0.2869999999999999,0.4055,0.4042615056406823,0.0,1.0
KXNBAREB-26MAR31CLELAL-CLEDMITCHELL45-6,2026-03-31,reb,5.5,4.213,1.287,0.25375,0.26764655521553604,0.0,1.0
KXNBAREB-26MAR31CLELAL-CLEDMITCHELL45-8,2026-03-31,reb,7.5,4.213,3.287,0.07475,0.09805125702138784,0.0,1.0
KXNBAREB-26MAR31CLELAL-CLEEMOBLEY4-10,2026-03-31,reb,9.5,8.3515,1.1485000000000003,0.3345,0.3453256738598762,0.0,1.0
KXNBAREB-26MAR31CLELAL-CLEEMOBLEY4-12,2026-03-31,reb,11.5,8.3515,3.1485000000000003,0.157,0.19627067230981232,0.0,1.0
KXNBAREB-26MAR31CLELAL-CLEEMOBLEY4-6,2026-03-31,reb,5.5,8.3515,-2.8514999999999997,0.811,0.7534080581852717,0.0,1.0
KXNBAREB-26MAR31CLELAL-CLEEMOBLEY4-8,2026-03-31,reb,7.5,8.3515,-0.8514999999999997,0.58125,0.5434334796769353,0.0,1.0
KXNBAREB-26MAR31CLELAL-CLEEMOBLEY4-9,2026-03-31,reb,8.5,8.3515,0.1485000000000003,0.45475,0.439732003904174,0.0,1.0
KXNBAREB-26MAR31CLELAL-CLEJHARDEN1-2,2026-03-31,reb,1.5,5.25875,-3.75875,0.96025,0.9356799850302021,0.0,1.0
KXNBAREB-26MAR31CLELAL-CLEJHARDEN1-4,2026-03-31,reb,3.5,5.25875,-1.75875,0.744,0.7089387821662436,0.0,1.0
KXNBAREB-26MAR31CLELAL-CLEJHARDEN1-5,2026-03-31,reb,4.5,5.25875,-0.75875,0.59,0.5611860914035233,0.0,1.0
KXNBAREB-26MAR31CLELAL-CLEJHARDEN1-6,2026-03-31,reb,5.5,5.25875,0.24124999999999996,0.41775,0.4184374275578684,0.0,1.0
KXNBAREB-26MAR31CLELAL-CLEJHARDEN1-8,2026-03-31,reb,7.5,5.25875,2.24125,0.17875,0.1985689474803738,0.0,1.0
KXNBAREB-26MAR31CLELAL-LALDAYTON5-10,2026-03-31,reb,9.5,6.865,2.635,0.187,0.20312766473708255,0.0,1.0
KXNBAREB-26MAR31CLELAL-LALDAYTON5-12,2026-03-31,reb,11.5,6.865,4.635,0.07425,0.09514284075154678,0.0,1.0
KXNBAREB-26MAR31CLELAL-LALDAYTON5-4,2026-03-31,reb,3.5,6.865,-3.365,0.872,0.8452781801137371,1.0,1.0
KXNBAREB-26MAR31CLELAL-LALDAYTON5-6,2026-03-31,reb,5.5,6.865,-1.3650000000000002,0.6445,0.6194166178207852,1.0,1.0
KXNBAREB-26MAR31CLELAL-LALDAYTON5-8,2026-03-31,reb,7.5,6.865,0.6349999999999998,0.3855,0.38238252509602344,1.0,1.0
KXNBAREB-26MAR31CLELAL-LALLDONCIC77-10,2026-03-31,reb,9.5,6.982389937106918,2.517610062893082,0.17526205450733753,0.2138244723188143,0.0,0.59625
KXNBAREB-26MAR31CLELAL-LALLDONCIC77-12,2026-03-31,reb,11.5,6.982389937106918,4.517610062893082,0.05492662473794549,0.10195058071891738,0.0,0.59625
KXNBAREB-26MAR31CLELAL-LALLDONCIC77-4,2026-03-31,reb,3.5,6.982389937106918,-3.482389937106918,0.9119496855345912,0.8523237214420183,1.0,0.59625
KXNBAREB-26MAR31CLELAL-LALLDONCIC77-6,2026-03-31,reb,5.5,6.982389937106918,-1.4823899371069178,0.6893081761006289,0.6318473379853109,0.0,0.59625
KXNBAREB-26MAR31CLELAL-LALLDONCIC77-8,2026-03-31,reb,7.5,6.982389937106918,0.5176100628930822,0.3937106918238994,0.3958645850473669,0.0,0.59625
KXNBAREB-26MAR31CLELAL-LALLJAMES23-10,2026-03-31,reb,9.5,6.07125,3.42875,0.09925,0.13573834517369854,0.0,1.0
KXNBAREB-26MAR31CLELAL-LALLJAMES23-2,2026-03-31,reb,1.5,6.07125,-4.57125,0.9775,0.9589901594739787,1.0,1.0
KXNBAREB-26MAR31CLELAL-LALLJAMES23-4,2026-03-31,reb,3.5,6.07125,-2.57125,0.83975,0.7881262695095383,1.0,1.0
KXNBAREB-26MAR31CLELAL-LALLJAMES23-6,2026-03-31,reb,5.5,6.07125,-0.57125,0.55475,0.5269006999664019,0.0,1.0
KXNBAREB-26MAR31CLELAL-LALLJAMES23-8,2026-03-31,reb,7.5,6.07125,1.42875,0.2775,0.2901501012863189,0.0,1.0
KXNBAAST-26MAR31CLELAL-CLEDMITCHELL45-10,2026-03-31,ast,9.5,4.158,5.342,0.016,0.026894345305376044,0.0,1.0
KXNBAAST-26MAR31CLELAL-CLEDMITCHELL45-2,2026-03-31,ast,1.5,4.158,-2.6580000000000004,0.90875,0.8810886151790663,1.0,1.0
KXNBAAST-26MAR31CLELAL-CLEDMITCHELL45-4,2026-03-31,ast,3.5,4.158,-0.6580000000000004,0.58875,0.5617462245186587,1.0,1.0
KXNBAAST-26MAR31CLELAL-CLEDMITCHELL45-6,2026-03-31,ast,5.5,4.158,1.3419999999999996,0.24625,0.2590254668560833,1.0,1.0
KXNBAAST-26MAR31CLELAL-CLEDMITCHELL45-8,2026-03-31,ast,7.5,4.158,3.3419999999999996,0.07,0.09221671452352098,0.0,1.0
KXNBAAST-26MAR31CLELAL-CLEDSCHRODER8-10,2026-03-31,ast,9.5,2.6025,6.8975,0.00075,0.0018767409871441876,0.0,1.0
KXNBAAST-26MAR31CLELAL-CLEDSCHRODER8-2,2026-03-31,ast,1.5,2.6025,-1.1025,0.709,0.6990265337000936,1.0,1.0
KXNBAAST-26MAR31CLELAL-CLEDSCHRODER8-4,2026-03-31,ast,3.5,2.6025,0.8975,0.2615,0.27246075054354657,0.0,1.0
KXNBAAST-26MAR31CLELAL-CLEDSCHRODER8-6,2026-03-31,ast,5.5,2.6025,2.8975,0.06525,0.06852940689019549,0.0,1.0
KXNBAAST-26MAR31CLELAL-CLEDSCHRODER8-8,2026-03-31,ast,7.5,2.6025,4.8975,0.00925,0.012677061088889219,0.0,1.0
KXNBAAST-26MAR31CLELAL-CLEJHARDEN1-10,2026-03-31,ast,9.5,5.9505,3.5495,0.07625,0.1246191042809146,0.0,1.0
KXNBAAST-26MAR31CLELAL-CLEJHARDEN1-12,2026-03-31,ast,11.5,5.9505,5.5495,0.022,0.0490838897972985,0.0,1.0
KXNBAAST-26MAR31CLELAL-CLEJHARDEN1-4,2026-03-31,ast,3.5,5.9505,-2.4505,0.84325,0.7807009297794595,0.0,1.0
KXNBAAST-26MAR31CLELAL-CLEJHARDEN1-6,2026-03-31,ast,5.5,5.9505,-0.4504999999999999,0.54725,0.5130047851368416,0.0,1.0
KXNBAAST-26MAR31CLELAL-CLEJHARDEN1-8,2026-03-31,ast,7.5,5.9505,1.5495,0.249,0.27529790344394955,0.0,1.0
KXNBAAST-26MAR31CLELAL-LALAREAVES15-10,2026-03-31,ast,9.5,4.84525,4.65475,0.0375,0.05475818061303761,0.0,1.0
KXNBAAST-26MAR31CLELAL-LALAREAVES15-2,2026-03-31,ast,1.5,4.84525,-3.34525,0.938,0.920492795166252,1.0,1.0
KXNBAAST-26MAR31CLELAL-LALAREAVES15-4,2026-03-31,ast,3.5,4.84525,-1.34525,0.69575,0.6613134177460926,1.0,1.0
KXNBAAST-26MAR31CLELAL-LALAREAVES15-6,2026-03-31,ast,5.5,4.84525,0.6547499999999999,0.35725,0.35942440270367415,0.0,1.0
KXNBAAST-26MAR31CLELAL-LALAREAVES15-8,2026-03-31,ast,7.5,4.84525,2.65475,0.1345,0.15414983360004553,0.0,1.0
KXNBAAST-26MAR31CLELAL-LALLDONCIC77-10,2026-03-31,ast,9.5,6.1358490566037736,3.3641509433962264,0.09853249475890985,0.13903340351935645,1.0,0.59625
KXNBAAST-26MAR31CLELAL-LALLDONCIC77-12,2026-03-31,ast,11.5,6.1358490566037736,5.3641509433962264,0.02431865828092243,0.05674300994788384,1.0,0.59625
KXNBAAST-26MAR31CLELAL-LALLDONCIC77-4,2026-03-31,ast,3.5,6.1358490566037736,-2.6358490566037736,0.8624737945492662,0.7964010772328364,1.0,0.59625
KXNBAAST-26MAR31CLELAL-LALLDONCIC77-6,2026-03-31,ast,5.5,6.1358490566037736,-0.6358490566037736,0.5647798742138365,0.5366162473215466,1.0,0.59625
KXNBAAST-26MAR31CLELAL-LALLDONCIC77-8,2026-03-31,ast,7.5,6.1358490566037736,1.3641509433962264,0.27840670859538785,0.29694010061032694,1.0,0.59625
KXNBAAST-26MAR31CLELAL-LALLJAMES23-10,2026-03-31,ast,9.5,6.4315,3.0685000000000002,0.1345,0.16334834201988258,0.0,1.0
KXNBAAST-26MAR31CLELAL-LALLJAMES23-12,2026-03-31,ast,11.5,6.4315,5.0685,0.041,0.07032214457667851,0.0,1.0
KXNBAAST-26MAR31CLELAL-LALLJAMES23-6,2026-03-31,ast,5.5,6.4315,-0.9314999999999998,0.6035,0.5726899593226041,1.0,1.0
KXNBAAST-26MAR31CLELAL-LALLJAMES23-7,2026-03-31,ast,6.5,6.4315,0.06850000000000023,0.4485,0.445556323690496,0.0,1.0
KXNBAAST-26MAR31CLELAL-LALLJAMES23-8,2026-03-31,ast,7.5,6.4315,1.0685000000000002,0.328,0.33168085283974813,0.0,1.0
KXNBA3PT-26MAR31CLELAL-CLEDMITCHELL45-1,2026-03-31,fg3m,0.5,2.448,-1.948,0.9075,0.8803642914479726,0.0,1.0
KXNBA3PT-26MAR31CLELAL-CLEDMITCHELL45-2,2026-03-31,fg3m,1.5,2.448,-0.948,0.698,0.6586100129693595,0.0,1.0
KXNBA3PT-26MAR31CLELAL-CLEDMITCHELL45-3,2026-03-31,fg3m,2.5,2.448,0.052000000000000046,0.4425,0.42616737331018295,0.0,1.0
KXNBA3PT-26MAR31CLELAL-CLEDMITCHELL45-4,2026-03-31,fg3m,3.5,2.448,1.052,0.23375,0.24492277142093855,0.0,1.0
KXNBA3PT-26MAR31CLELAL-CLEDMITCHELL45-5,2026-03-31,fg3m,4.5,2.448,2.052,0.1085,0.12792774835401366,0.0,1.0
KXNBA3PT-26MAR31CLELAL-CLEJHARDEN1-1,2026-03-31,fg3m,0.5,2.454,-1.9540000000000002,0.9155,0.8809064131469869,1.0,1.0
KXNBA3PT-26MAR31CLELAL-CLEJHARDEN1-2,2026-03-31,fg3m,1.5,2.454,-0.9540000000000002,0.70475,0.6597475692065886,1.0,1.0
KXNBA3PT-26MAR31CLELAL-CLEJHARDEN1-3,2026-03-31,fg3m,2.5,2.454,0.04599999999999982,0.44725,0.42749910225732046,0.0,1.0
KXNBA3PT-26MAR31CLELAL-CLEJHARDEN1-4,2026-03-31,fg3m,3.5,2.454,1.0459999999999998,0.22325,0.24607002502447284,0.0,1.0
KXNBA3PT-26MAR31CLELAL-CLEJHARDEN1-5,2026-03-31,fg3m,4.5,2.454,2.046,0.106,0.12873870616150862,0.0,1.0
KXNBA3PT-26MAR31CLELAL-LALAREAVES15-1,2026-03-31,fg3m,0.5,2.067,-1.5670000000000002,0.861,0.8394621240791051,1.0,1.0
KXNBA3PT-26MAR31CLELAL-LALAREAVES15-2,2026-03-31,fg3m,1.5,2.067,-0.5670000000000002,0.60075,0.5783370096581724,1.0,1.0
KXNBA3PT-26MAR31CLELAL-LALAREAVES15-3,2026-03-31,fg3m,2.5,2.067,0.43299999999999983,0.336,0.3381484137772175,0.0,1.0
KXNBA3PT-26MAR31CLELAL-LALAREAVES15-4,2026-03-31,fg3m,3.5,2.067,1.4329999999999998,0.1665,0.1738014768140712,0.0,1.0
KXNBA3PT-26MAR31CLELAL-LALAREAVES15-5,2026-03-31,fg3m,4.5,2.067,2.433,0.06725,0.08070700973742573,0.0,1.0
KXNBA3PT-26MAR31CLELAL-LALLDONCIC77-2,2026-03-31,fg3m,1.5,3.3953878406708595,-1.8953878406708595,0.8574423480083857,0.79808962756561,1.0,0.59625
KXNBA3PT-26MAR31CLELAL-LALLDONCIC77-3,2026-03-31,fg3m,2.5,3.3953878406708595,-0.8953878406708595,0.6670859538784067,0.6098540527706868,1.0,0.59625
KXNBA3PT-26MAR31CLELAL-LALLDONCIC77-4,2026-03-31,fg3m,3.5,3.3953878406708595,0.10461215932914047,0.4339622641509434,0.423764187636973,1.0,0.59625
KXNBA3PT-26MAR31CLELAL-LALLDONCIC77-5,2026-03-31,fg3m,4.5,3.3953878406708595,1.1046121593291405,0.26037735849056604,0.2714652890164504,1.0,0.59625
KXNBA3PT-26MAR31CLELAL-LALLDONCIC77-6,2026-03-31,fg3m,5.5,3.3953878406708595,2.1046121593291405,0.12662473794549267,0.1623728524545357,1.0,0.59625
KXNBA3PT-26MAR31CLELAL-LALLJAMES23-1,2026-03-31,fg3m,0.5,1.201,-0.7010000000000001,0.686,0.6722135890022415,1.0,1.0
KXNBA3PT-26MAR31CLELAL-LALLJAMES23-2,2026-03-31,fg3m,1.5,1.201,0.29899999999999993,0.3385,0.33205897497366377,0.0,1.0
KXNBA3PT-26MAR31CLELAL-LALLJAMES23-3,2026-03-31,fg3m,2.5,1.201,1.299,0.13075,0.1324434125165741,0.0,1.0
KXNBA3PT-26MAR31CLELAL-LALLJAMES23-4,2026-03-31,fg3m,3.5,1.201,2.299,0.03775,0.045303339761577965,0.0,1.0
KXNBA3PT-26MAR31CLELAL-LALLJAMES23-5,2026-03-31,fg3m,4.5,1.201,3.299,0.007,0.013811758757828918,0.0,1.0
KXNBAPTS-26MAR31DALMIL-DALCFLAGG32-15,2026-03-31,pts,14.5,18.91775,-4.417750000000002,0.71725,0.6575554230216573,1.0,1.0
KXNBAPTS-26MAR31DALMIL-DALCFLAGG32-20,2026-03-31,pts,19.5,18.91775,0.5822499999999984,0.43675,0.4201802087534514,0.0,1.0
KXNBAPTS-26MAR31DALMIL-DALCFLAGG32-25,2026-03-31,pts,24.5,18.91775,5.582249999999998,0.207,0.23481039295575212,0.0,1.0
KXNBAPTS-26MAR31DALMIL-DALCFLAGG32-30,2026-03-31,pts,29.5,18.91775,10.582249999999998,0.076,0.11795090175850154,0.0,1.0
KXNBAPTS-26MAR31DALMIL-DALDGAFFORD21-10,2026-03-31,pts,9.5,10.42075,-0.92075,0.53375,0.5156063658060885,0.0,1.0
KXNBAPTS-26MAR31DALMIL-DALDGAFFORD21-15,2026-03-31,pts,14.5,10.42075,4.07925,0.21325,0.20114565131046114,0.0,1.0
KXNBAPTS-26MAR31DALMIL-DALDGAFFORD21-20,2026-03-31,pts,19.5,10.42075,9.07925,0.051,0.05956109082676331,0.0,1.0
KXNBAPTS-26MAR31DALMIL-DALMCHRISTIE00-10,2026-03-31,pts,9.5,9.5655,-0.06550000000000011,0.465,0.4499118898897331,0.0,1.0
KXNBAPTS-26MAR31DALMIL-DALMCHRISTIE00-15,2026-03-31,pts,14.5,9.5655,4.9345,0.18,0.1530707959936507,0.0,1.0
KXNBAPTS-26MAR31DALMIL-DALMCHRISTIE00-20,2026-03-31,pts,19.5,9.5655,9.9345,0.042,0.03902240401401669,0.0,1.0
KXNBAPTS-26MAR31DALMIL-MILMTURNER3-10,2026-03-31,pts,9.5,10.797113402061855,-1.2971134020618553,0.5385567010309278,0.5426709131026275,1.0,0.60625
KXNBAPTS-26MAR31DALMIL-MILMTURNER3-15,2026-03-31,pts,14.5,10.797113402061855,3.7028865979381447,0.24824742268041236,0.22332682405464976,0.0,0.60625
KXNBAPTS-26MAR31DALMIL-MILMTURNER3-20,2026-03-31,pts,19.5,10.797113402061855,8.702886597938145,0.08577319587628866,0.07015402543246374,0.0,0.60625
KXNBAPTS-26MAR31DALMIL-MILMTURNER3-25,2026-03-31,pts,24.5,10.797113402061855,13.702886597938145,0.024329896907216497,0.01825601169895663,0.0,0.60625
KXNBAREB-26MAR31DALMIL-DALCFLAGG32-10,2026-03-31,reb,9.5,6.04475,3.4552500000000004,0.101,0.13366863334580004,1.0,1.0
KXNBAREB-26MAR31DALMIL-DALCFLAGG32-12,2026-03-31,reb,11.5,6.04475,5.45525,0.033,0.05445579322648775,0.0,1.0
KXNBAREB-26MAR31DALMIL-DALCFLAGG32-6,2026-03-31,reb,5.5,6.04475,-0.5447499999999996,0.5425,0.523565961970834,1.0,1.0
KXNBAREB-26MAR31DALMIL-DALCFLAGG32-7,2026-03-31,reb,6.5,6.04475,0.4552500000000004,0.396,0.3965012055064655,1.0,1.0
KXNBAREB-26MAR31DALMIL-DALCFLAGG32-8,2026-03-31,reb,7.5,6.04475,1.4552500000000004,0.274,0.2870784376455482,1.0,1.0
KXNBAREB-26MAR31DALMIL-DALDGAFFORD21-10,2026-03-31,reb,9.5,6.9825,2.5175,0.19325,0.2138345711389945,0.0,1.0
KXNBAREB-26MAR31DALMIL-DALDGAFFORD21-12,2026-03-31,reb,11.5,6.9825,4.5175,0.0775,0.1019570726716641,0.0,1.0
KXNBAREB-26MAR31DALMIL-DALDGAFFORD21-6,2026-03-31,reb,5.5,6.9825,-1.4825,0.655,0.6318588395403895,0.0,1.0
KXNBAREB-26MAR31DALMIL-DALDGAFFORD21-8,2026-03-31,reb,7.5,6.9825,0.5175000000000001,0.3955,0.39587718596010335,0.0,1.0
KXNBAREB-26MAR31DALMIL-DALDGAFFORD21-9,2026-03-31,reb,8.5,6.9825,1.5175,0.28,0.2959506846060286,0.0,1.0
KXNBAREB-26MAR31DALMIL-DALMCHRISTIE00-10,2026-03-31,reb,9.5,3.0515,6.4485,0.0025,0.005269436230912805,0.0,1.0
KXNBAREB-26MAR31DALMIL-DALMCHRISTIE00-2,2026-03-31,reb,1.5,3.0515,-1.5514999999999999,0.8065,0.7680034055585528,1.0,1.0
KXNBAREB-26MAR31DALMIL-DALMCHRISTIE00-4,2026-03-31,reb,3.5,3.0515,0.4485000000000001,0.35575,0.3616303027900478,0.0,1.0
KXNBAREB-26MAR31DALMIL-DALMCHRISTIE00-6,2026-03-31,reb,5.5,3.0515,2.4485,0.09225,0.11462811615068236,0.0,1.0
KXNBAREB-26MAR31DALMIL-DALMCHRISTIE00-8,2026-03-31,reb,7.5,3.0515,4.4485,0.0205,0.02729747576577435,0.0,1.0
KXNBAREB-26MAR31DALMIL-MILMTURNER3-2,2026-03-31,reb,1.5,4.474639175257732,-2.9746391752577317,0.9216494845360824,0.8994146743995659,1.0,0.60625
KXNBAREB-26MAR31DALMIL-MILMTURNER3-4,2026-03-31,reb,3.5,4.474639175257732,-0.9746391752577317,0.6362886597938144,0.6082388804252334,1.0,0.60625
KXNBAREB-26MAR31DALMIL-MILMTURNER3-5,2026-03-31,reb,4.5,4.474639175257732,0.025360824742268306,0.44948453608247424,0.4460350040391494,1.0,0.60625
KXNBAREB-26MAR31DALMIL-MILMTURNER3-6,2026-03-31,reb,5.5,4.474639175257732,1.0253608247422683,0.3047422680412371,0.3055680404856662,1.0,0.60625
KXNBAREB-26MAR31DALMIL-MILMTURNER3-8,2026-03-31,reb,7.5,4.474639175257732,3.0253608247422683,0.09938144329896907,0.12049391821118305,1.0,0.60625
KXNBAAST-26MAR31DALMIL-DALMCHRISTIE00-10,2026-03-31,ast,9.5,1.662,7.838,0.0,8.214131905082134e-05,0.0,1.0
KXNBAAST-26MAR31DALMIL-DALMCHRISTIE00-2,2026-03-31,ast,1.5,1.662,-0.16199999999999992,0.491,0.4798463364655714,0.0,1.0
KXNBAAST-26MAR31DALMIL-DALMCHRISTIE00-4,2026-03-31,ast,3.5,1.662,1.838,0.09225,0.10097555350091125,0.0,1.0
KXNBAAST-26MAR31DALMIL-DALMCHRISTIE00-6,2026-03-31,ast,5.5,1.662,3.838,0.0075,0.01274527128221814,0.0,1.0
KXNBAAST-26MAR31DALMIL-DALMCHRISTIE00-8,2026-03-31,ast,7.5,1.662,5.838,0.00025,0.001151051037030948,0.0,1.0
KXNBAAST-26MAR31DALMIL-MILMTURNER3-10,2026-03-31,ast,9.5,1.388041237113402,8.111958762886598,0.0,2.056196011934741e-05,0.0,0.60625
KXNBAAST-26MAR31DALMIL-MILMTURNER3-2,2026-03-31,ast,1.5,1.388041237113402,0.1119587628865979,0.4,0.3957551783980664,1.0,0.60625
KXNBAAST-26MAR31DALMIL-MILMTURNER3-4,2026-03-31,ast,3.5,1.388041237113402,2.111958762886598,0.056082474226804124,0.063100200385525,0.0,0.60625
KXNBAAST-26MAR31DALMIL-MILMTURNER3-6,2026-03-31,ast,5.5,1.388041237113402,4.111958762886598,0.0032989690721649486,0.005907916980499639,0.0,0.60625
KXNBAAST-26MAR31DALMIL-MILMTURNER3-8,2026-03-31,ast,7.5,1.388041237113402,6.111958762886598,0.0004123711340206186,0.0003927747804302051,0.0,0.60625
KXNBA3PT-26MAR31DALMIL-DALCFLAGG32-1,2026-03-31,fg3m,0.5,0.91825,-0.41825,0.601,0.5798257936076604,0.0,1.0
KXNBA3PT-26MAR31DALMIL-DALCFLAGG32-2,2026-03-31,fg3m,1.5,0.91825,0.58175,0.2305,0.23542862258775699,0.0,1.0
KXNBA3PT-26MAR31DALMIL-DALCFLAGG32-3,2026-03-31,fg3m,2.5,0.91825,1.58175,0.06675,0.07579573430010089,0.0,1.0
KXNBA3PT-26MAR31DALMIL-DALCFLAGG32-4,2026-03-31,fg3m,3.5,0.91825,2.58175,0.01775,0.020754183886003363,0.0,1.0
KXNBA3PT-26MAR31DALMIL-DALCFLAGG32-5,2026-03-31,fg3m,4.5,0.91825,3.58175,0.00175,0.0050428893383225315,0.0,1.0
KXNBAPTS-26MAR31PHXORL-ORLDBANE3-10,2026-03-31,pts,9.5,16.999,-7.498999999999999,0.86375,0.8305863879527127,1.0,1.0
KXNBAPTS-26MAR31PHXORL-ORLDBANE3-15,2026-03-31,pts,14.5,16.999,-2.4989999999999988,0.61975,0.5754204326250568,1.0,1.0
KXNBAPTS-26MAR31PHXORL-ORLDBANE3-20,2026-03-31,pts,19.5,16.999,2.5010000000000012,0.33575,0.3314191345249683,1.0,1.0
KXNBAPTS-26MAR31PHXORL-ORLDBANE3-25,2026-03-31,pts,24.5,16.999,7.501000000000001,0.13475,0.16488987534722344,0.0,1.0
KXNBAPTS-26MAR31PHXORL-ORLDBANE3-30,2026-03-31,pts,29.5,16.999,12.501000000000001,0.046,0.07322863372949084,0.0,1.0
KXNBAPTS-26MAR31PHXORL-ORLJSUGGS4-10,2026-03-31,pts,9.5,12.79575,-3.29575,0.67525,0.6663370892000422,1.0,1.0
KXNBAPTS-26MAR31PHXORL-ORLJSUGGS4-15,2026-03-31,pts,14.5,12.79575,1.70425,0.3555,0.34504734205422827,1.0,1.0
KXNBAPTS-26MAR31PHXORL-ORLJSUGGS4-20,2026-03-31,pts,19.5,12.79575,6.70425,0.13875,0.14043922922256258,1.0,1.0
KXNBAPTS-26MAR31PHXORL-ORLJSUGGS4-25,2026-03-31,pts,24.5,12.79575,11.70425,0.04025,0.048001624962942135,0.0,1.0
KXNBAPTS-26MAR31PHXORL-ORLPBANCHERO5-20,2026-03-31,pts,19.5,20.24075,-0.7407499999999985,0.51025,0.47793123200065957,0.0,1.0
KXNBAPTS-26MAR31PHXORL-ORLPBANCHERO5-25,2026-03-31,pts,24.5,20.24075,4.2592500000000015,0.273,0.2854831313891937,0.0,1.0
KXNBAPTS-26MAR31PHXORL-ORLPBANCHERO5-30,2026-03-31,pts,29.5,20.24075,9.259250000000002,0.11375,0.15401577249846676,0.0,1.0
KXNBAPTS-26MAR31PHXORL-ORLPBANCHERO5-35,2026-03-31,pts,34.5,20.24075,14.259250000000002,0.037,0.07655565946876453,0.0,1.0
KXNBAPTS-26MAR31PHXORL-ORLWCARTER34-10,2026-03-31,pts,9.5,10.0955,-0.5954999999999995,0.508,0.4912862897934308,1.0,1.0
KXNBAPTS-26MAR31PHXORL-ORLWCARTER34-15,2026-03-31,pts,14.5,10.0955,4.4045000000000005,0.18925,0.1824247822150189,1.0,1.0
KXNBAPTS-26MAR31PHXORL-ORLWCARTER34-20,2026-03-31,pts,19.5,10.0955,9.4045,0.04925,0.051164379377323765,0.0,1.0
KXNBAPTS-26MAR31PHXORL-PHXDBOOKER1-20,2026-03-31,pts,19.5,20.5365,-1.0365000000000002,0.52225,0.49033821240739717,1.0,1.0
KXNBAPTS-26MAR31PHXORL-PHXDBOOKER1-25,2026-03-31,pts,24.5,20.5365,3.9635,0.2845,0.29691091749256315,1.0,1.0
KXNBAPTS-26MAR31PHXORL-PHXDBOOKER1-30,2026-03-31,pts,29.5,20.5365,8.9635,0.1275,0.16254921292798907,1.0,1.0
KXNBAPTS-26MAR31PHXORL-PHXDBOOKER1-35,2026-03-31,pts,34.5,20.5365,13.9635,0.0465,0.08204496620820423,0.0,1.0
KXNBAPTS-26MAR31PHXORL-PHXGALLEN8-10,2026-03-31,pts,9.5,11.70216306156406,-2.2021630615640593,0.6048252911813644,0.6028532781571183,1.0,0.601
KXNBAPTS-26MAR31PHXORL-PHXGALLEN8-15,2026-03-31,pts,14.5,11.70216306156406,2.7978369384359407,0.2853577371048253,0.27812042930961645,0.0,0.601
KXNBAPTS-26MAR31PHXORL-PHXGALLEN8-20,2026-03-31,pts,19.5,11.70216306156406,7.797836938435941,0.10856905158069884,0.09926282853084145,0.0,0.601
KXNBAPTS-26MAR31PHXORL-PHXGALLEN8-25,2026-03-31,pts,24.5,11.70216306156406,12.79783693843594,0.029950083194675542,0.0295295913248379,0.0,0.601
KXNBAPTS-26MAR31PHXORL-PHXJGREEN4-15,2026-03-31,pts,14.5,16.97425,-2.4742500000000014,0.596,0.5742597766547022,0.0,1.0
KXNBAPTS-26MAR31PHXORL-PHXJGREEN4-20,2026-03-31,pts,19.5,16.97425,2.5257499999999986,0.33325,0.3302502788157785,0.0,1.0
KXNBAPTS-26MAR31PHXORL-PHXJGREEN4-25,2026-03-31,pts,24.5,16.97425,7.525749999999999,0.15075,0.1640331870583558,0.0,1.0
KXNBAPTS-26MAR31PHXORL-PHXJGREEN4-30,2026-03-31,pts,29.5,16.97425,12.525749999999999,0.057,0.07271960702553426,0.0,1.0
KXNBAREB-26MAR31PHXORL-ORLJSUGGS4-10,2026-03-31,reb,9.5,3.8275,5.672499999999999,0.00875,0.018372956026515674,0.0,1.0
KXNBAREB-26MAR31PHXORL-ORLJSUGGS4-2,2026-03-31,reb,1.5,3.8275,-2.3275,0.88025,0.8533341096103062,1.0,1.0
KXNBAREB-26MAR31PHXORL-ORLJSUGGS4-4,2026-03-31,reb,3.5,3.8275,-0.3275000000000001,0.523,0.5054833768983975,1.0,1.0
KXNBAREB-26MAR31PHXORL-ORLJSUGGS4-6,2026-03-31,reb,5.5,3.8275,1.6724999999999999,0.1945,0.21306485000319675,1.0,1.0
KXNBAREB-26MAR31PHXORL-ORLJSUGGS4-8,2026-03-31,reb,7.5,3.8275,3.6725,0.04825,0.06909557958011447,1.0,1.0
KXNBAREB-26MAR31PHXORL-ORLPBANCHERO5-10,2026-03-31,reb,9.5,7.32675,2.1732500000000003,0.21225,0.2459737726905985,0.0,1.0
KXNBAREB-26MAR31PHXORL-ORLPBANCHERO5-12,2026-03-31,reb,11.5,7.32675,4.17325,0.0755,0.12322350666865278,0.0,1.0
KXNBAREB-26MAR31PHXORL-ORLPBANCHERO5-4,2026-03-31,reb,3.5,7.32675,-3.8267499999999997,0.922,0.87119136386519,1.0,1.0
KXNBAREB-26MAR31PHXORL-ORLPBANCHERO5-6,2026-03-31,reb,5.5,7.32675,-1.8267499999999997,0.7245,0.6664335583888954,1.0,1.0
KXNBAREB-26MAR31PHXORL-ORLPBANCHERO5-8,2026-03-31,reb,7.5,7.32675,0.17325000000000035,0.45675,0.4348469122966925,1.0,1.0
KXNBAREB-26MAR31PHXORL-ORLWCARTER34-10,2026-03-31,reb,9.5,6.82425,2.67575,0.161,0.19945077559811064,1.0,1.0
KXNBAREB-26MAR31PHXORL-ORLWCARTER34-12,2026-03-31,reb,11.5,6.82425,4.67575,0.0605,0.0928346904626266,1.0,1.0
KXNBAREB-26MAR31PHXORL-ORLWCARTER34-4,2026-03-31,reb,3.5,6.82425,-3.32425,0.892,0.842754938675299,1.0,1.0
KXNBAREB-26MAR31PHXORL-ORLWCARTER34-6,2026-03-31,reb,5.5,6.82425,-1.3242500000000001,0.6685,0.6150251035226475,1.0,1.0
KXNBAREB-26MAR31PHXORL-ORLWCARTER34-8,2026-03-31,reb,7.5,6.82425,0.6757499999999999,0.371,0.3776842882989917,1.0,1.0
KXNBAREB-26MAR31PHXORL-PHXJGREEN4-2,2026-03-31,reb,1.5,4.3705,-2.8705,0.913,0.8931686928932714,0.0,1.0
KXNBAREB-26MAR31PHXORL-PHXJGREEN4-4,2026-03-31,reb,3.5,4.3705,-0.8704999999999998,0.6155,0.5929051342800539,0.0,1.0
KXNBAREB-26MAR31PHXORL-PHXJGREEN4-5,2026-03-31,reb,4.5,4.3705,0.12950000000000017,0.43675,0.42957200895051495,0.0,1.0
KXNBAREB-26MAR31PHXORL-PHXJGREEN4-6,2026-03-31,reb,5.5,4.3705,1.1295000000000002,0.291,0.2904318628673036,0.0,1.0
KXNBAREB-26MAR31PHXORL-PHXJGREEN4-8,2026-03-31,reb,7.5,4.3705,3.1295,0.09425,0.11130876302417214,0.0,1.0
KXNBAAST-26MAR31PHXORL-ORLJSUGGS4-10,2026-03-31,ast,9.5,4.4635,5.0365,0.02125,0.03777885951482518,0.0,1.0
KXNBAAST-26MAR31PHXORL-ORLJSUGGS4-2,2026-03-31,ast,1.5,4.4635,-2.9635,0.927,0.9006654455581117,1.0,1.0
KXNBAAST-26MAR31PHXORL-ORLJSUGGS4-4,2026-03-31,ast,3.5,4.4635,-0.9634999999999998,0.63525,0.6085379171806988,1.0,1.0
KXNBAAST-26MAR31PHXORL-ORLJSUGGS4-6,2026-03-31,ast,5.5,4.4635,1.0365000000000002,0.304,0.303521735249227,1.0,1.0
KXNBAAST-26MAR31PHXORL-ORLJSUGGS4-8,2026-03-31,ast,7.5,4.4635,3.0365,0.0925,0.1180245995385778,0.0,1.0
KXNBAAST-26MAR31PHXORL-ORLPBANCHERO5-10,2026-03-31,ast,9.5,4.51925,4.98075,0.01525,0.0400220549778485,0.0,1.0
KXNBAAST-26MAR31PHXORL-ORLPBANCHERO5-2,2026-03-31,ast,1.5,4.51925,-3.0192500000000004,0.9325,0.9038582060189189,1.0,1.0
KXNBAAST-26MAR31PHXORL-ORLPBANCHERO5-4,2026-03-31,ast,3.5,4.51925,-1.0192500000000004,0.65725,0.6166389491035911,1.0,1.0
KXNBAAST-26MAR31PHXORL-ORLPBANCHERO5-6,2026-03-31,ast,5.5,4.51925,0.9807499999999996,0.306,0.31169288567430287,1.0,1.0
KXNBAAST-26MAR31PHXORL-ORLPBANCHERO5-8,2026-03-31,ast,7.5,4.51925,2.9807499999999996,0.09275,0.12304733911545296,1.0,1.0
KXNBAAST-26MAR31PHXORL-PHXDBOOKER1-10,2026-03-31,ast,9.5,4.58875,4.91125,0.02375,0.04293130262412692,0.0,1.0
KXNBAAST-26MAR31PHXORL-PHXDBOOKER1-2,2026-03-31,ast,1.5,4.58875,-3.08875,0.93325,0.9076884446468441,1.0,1.0
KXNBAAST-26MAR31PHXORL-PHXDBOOKER1-4,2026-03-31,ast,3.5,4.58875,-1.08875,0.67125,0.6265485245087901,1.0,1.0
KXNBAAST-26MAR31PHXORL-PHXDBOOKER1-6,2026-03-31,ast,5.5,4.58875,0.9112499999999999,0.3145,0.32188486790861726,1.0,1.0
KXNBAAST-26MAR31PHXORL-PHXDBOOKER1-8,2026-03-31,ast,7.5,4.58875,2.91125,0.0985,0.12943559647304437,0.0,1.0
KXNBAAST-26MAR31PHXORL-PHXJGREEN4-10,2026-03-31,ast,9.5,2.5925,6.907500000000001,0.001,0.0018310488370597566,0.0,1.0
KXNBAAST-26MAR31PHXORL-PHXJGREEN4-2,2026-03-31,ast,1.5,2.5925,-1.0924999999999998,0.7145,0.6972284836391143,1.0,1.0
KXNBAAST-26MAR31PHXORL-PHXJGREEN4-4,2026-03-31,ast,3.5,2.5925,0.9075000000000002,0.265,0.27047110779591665,0.0,1.0
KXNBAAST-26MAR31PHXORL-PHXJGREEN4-6,2026-03-31,ast,5.5,2.5925,2.9075,0.0605,0.06765420635110586,0.0,1.0
KXNBAAST-26MAR31PHXORL-PHXJGREEN4-8,2026-03-31,ast,7.5,2.5925,4.907500000000001,0.007,0.01244245194350968,0.0,1.0
KXNBA3PT-26MAR31PHXORL-ORLDBANE3-1,2026-03-31,fg3m,0.5,1.766,-1.266,0.8375,0.7957906878185677,1.0,1.0
KXNBA3PT-26MAR31PHXORL-ORLDBANE3-2,2026-03-31,fg3m,1.5,1.766,-0.266,0.526,0.5029131007614697,1.0,1.0
KXNBA3PT-26MAR31PHXORL-ORLDBANE3-3,2026-03-31,fg3m,2.5,1.766,0.734,0.25725,0.2653771535142513,0.0,1.0
KXNBA3PT-26MAR31PHXORL-ORLDBANE3-4,2026-03-31,fg3m,3.5,1.766,1.734,0.10275,0.12206664470457029,0.0,1.0
KXNBA3PT-26MAR31PHXORL-ORLDBANE3-5,2026-03-31,fg3m,4.5,1.766,2.734,0.03325,0.05048861191136045,0.0,1.0
KXNBA3PT-26MAR31PHXORL-ORLJSUGGS4-1,2026-03-31,fg3m,0.5,1.8915,-1.3915,0.83675,0.8154539675135664,1.0,1.0
KXNBA3PT-26MAR31PHXORL-ORLJSUGGS4-2,2026-03-31,fg3m,1.5,1.8915,-0.39149999999999996,0.56125,0.5357035290787144,1.0,1.0
KXNBA3PT-26MAR31PHXORL-ORLJSUGGS4-3,2026-03-31,fg3m,2.5,1.8915,0.6085,0.28725,0.2958923368944908,0.0,1.0
KXNBA3PT-26MAR31PHXORL-ORLJSUGGS4-4,2026-03-31,fg3m,3.5,1.8915,1.6085,0.1315,0.14296905448980302,0.0,1.0
KXNBA3PT-26MAR31PHXORL-ORLJSUGGS4-5,2026-03-31,fg3m,4.5,1.8915,2.6085000000000003,0.04825,0.06223982648982562,0.0,1.0
KXNBA3PT-26MAR31PHXORL-ORLPBANCHERO5-1,2026-03-31,fg3m,0.5,1.2625,-0.7625,0.71925,0.6891200553154163,1.0,1.0
KXNBA3PT-26MAR31PHXORL-ORLPBANCHERO5-2,2026-03-31,fg3m,1.5,1.2625,0.23750000000000004,0.358,0.3523342822019353,0.0,1.0
KXNBA3PT-26MAR31PHXORL-ORLPBANCHERO5-3,2026-03-31,fg3m,2.5,1.2625,1.2375,0.134,0.14601140864847129,0.0,1.0
KXNBA3PT-26MAR31PHXORL-ORLPBANCHERO5-4,2026-03-31,fg3m,3.5,1.2625,2.2375,0.03825,0.05198572295425796,0.0,1.0
KXNBA3PT-26MAR31PHXORL-ORLPBANCHERO5-5,2026-03-31,fg3m,4.5,1.2625,3.2375,0.01,0.016512661962270414,0.0,1.0
KXNBA3PT-26MAR31PHXORL-PHXDBOOKER1-1,2026-03-31,fg3m,0.5,1.64625,-1.14625,0.80525,0.7747926332601032,1.0,1.0
KXNBA3PT-26MAR31PHXORL-PHXDBOOKER1-2,2026-03-31,fg3m,1.5,1.64625,-0.14625,0.48525,0.46981590562534914,1.0,1.0
KXNBA3PT-26MAR31PHXORL-PHXDBOOKER1-3,2026-03-31,fg3m,2.5,1.64625,0.85375,0.229,0.23626399900290518,0.0,1.0
KXNBA3PT-26MAR31PHXORL-PHXDBOOKER1-4,2026-03-31,fg3m,3.5,1.64625,1.85375,0.08875,0.10321683403663351,0.0,1.0
KXNBA3PT-26MAR31PHXORL-PHXDBOOKER1-5,2026-03-31,fg3m,4.5,1.64625,2.85375,0.03025,0.040471583531766386,0.0,1.0
