ticker,date,stat,threshold,mu_sim,dist,p_sim,p_nb,y,p_play
KXNBAPTS-26APR12ORLBOS-ORLDBANE3-10,2026-04-12,pts,9.5,11.88925,-2.3892500000000005,0.6105,0.6144230599296951,0.0,1.0
KXNBAPTS-26APR12ORLBOS-ORLDBANE3-15,2026-04-12,pts,14.5,11.88925,2.6107499999999995,0.305,0.2895805897273722,0.0,1.0
KXNBAPTS-26APR12ORLBOS-ORLDBANE3-20,2026-04-12,pts,19.5,11.88925,7.6107499999999995,0.11425,0.10587548697809812,0.0,1.0
KXNBAPTS-26APR12ORLBOS-ORLDBANE3-25,2026-04-12,pts,24.5,11.88925,12.61075,0.03575,0.03230670054674234,0.0,1.0
KXNBAPTS-26APR12ORLBOS-ORLDBANE3-30,2026-04-12,pts,29.5,11.88925,17.61075,0.007,0.008637743672325504,0.0,1.0
KXNBAPTS-26APR12ORLBOS-ORLFWAGNER22-10,2026-04-12,pts,9.5,10.51975,-1.0197500000000002,0.51775,0.5228391917270407,1.0,1.0
KXNBAPTS-26APR12ORLBOS-ORLFWAGNER22-15,2026-04-12,pts,14.5,10.51975,3.98025,0.23,0.20693172902029267,1.0,1.0
KXNBAPTS-26APR12ORLBOS-ORLFWAGNER22-20,2026-04-12,pts,19.5,10.51975,8.98025,0.07525,0.062257367848129186,1.0,1.0
KXNBAPTS-26APR12ORLBOS-ORLFWAGNER22-25,2026-04-12,pts,24.5,10.51975,13.98025,0.02125,0.015487412451081872,0.0,1.0
KXNBAPTS-26APR12ORLBOS-ORLFWAGNER22-30,2026-04-12,pts,29.5,10.51975,18.980249999999998,0.0055,0.003359502573314188,0.0,1.0
KXNBAPTS-26APR12ORLBOS-ORLJSUGGS4-10,2026-04-12,pts,9.5,9.3475,0.15249999999999986,0.44375,0.432313403093986,1.0,1.0
KXNBAPTS-26APR12ORLBOS-ORLJSUGGS4-15,2026-04-12,pts,14.5,9.3475,5.1525,0.171,0.14149515463709084,1.0,1.0
KXNBAPTS-26APR12ORLBOS-ORLJSUGGS4-20,2026-04-12,pts,19.5,9.3475,10.1525,0.0405,0.034586489761680106,1.0,1.0
KXNBAPTS-26APR12ORLBOS-ORLJSUGGS4-25,2026-04-12,pts,24.5,9.3475,15.1525,0.0085,0.006935295365368077,0.0,1.0
KXNBAPTS-26APR12ORLBOS-ORLPBANCHERO5-10,2026-04-12,pts,9.5,13.71225,-4.212249999999999,0.72725,0.7121502508381741,1.0,1.0
KXNBAPTS-26APR12ORLBOS-ORLPBANCHERO5-15,2026-04-12,pts,14.5,13.71225,0.7877500000000008,0.4195,0.4000422488484111,1.0,1.0
KXNBAPTS-26APR12ORLBOS-ORLPBANCHERO5-20,2026-04-12,pts,19.5,13.71225,5.787750000000001,0.1745,0.1789328051598047,1.0,1.0
KXNBAPTS-26APR12ORLBOS-ORLPBANCHERO5-25,2026-04-12,pts,24.5,13.71225,10.78775,0.05775,0.0676306420869629,0.0,1.0
KXNBAPTS-26APR12ORLBOS-ORLPBANCHERO5-30,2026-04-12,pts,29.5,13.71225,15.78775,0.016,0.022545420762181245,0.0,1.0
KXNBAPTS-26APR12ORLBOS-ORLWCARTER34-10,2026-04-12,pts,9.5,9.5265,-0.026500000000000412,0.45375,0.44678708919252286,0.0,1.0
KXNBAPTS-26APR12ORLBOS-ORLWCARTER34-15,2026-04-12,pts,14.5,9.5265,4.9735,0.1725,0.15097668361825722,0.0,1.0
KXNBAPTS-26APR12ORLBOS-ORLWCARTER34-20,2026-04-12,pts,19.5,9.5265,9.9735,0.05275,0.03820493222378196,0.0,1.0
KXNBAREB-26APR12ORLBOS-ORLFWAGNER22-10,2026-04-12,reb,9.5,3.361,6.138999999999999,0.00675,0.009157776067370338,0.0,1.0
KXNBAREB-26APR12ORLBOS-ORLFWAGNER22-2,2026-04-12,reb,1.5,3.361,-1.8610000000000002,0.8035,0.8068742877390236,1.0,1.0
KXNBAREB-26APR12ORLBOS-ORLFWAGNER22-4,2026-04-12,reb,3.5,3.361,0.1389999999999998,0.43025,0.4211815218797911,1.0,1.0
KXNBAREB-26APR12ORLBOS-ORLFWAGNER22-6,2026-04-12,reb,5.5,3.361,2.139,0.151,0.15137494532656226,0.0,1.0
KXNBAREB-26APR12ORLBOS-ORLFWAGNER22-8,2026-04-12,reb,7.5,3.361,4.138999999999999,0.036,0.04126090952734918,0.0,1.0
KXNBAREB-26APR12ORLBOS-ORLJSUGGS4-2,2026-04-12,reb,1.5,3.66875,-2.16875,0.856,0.838974629919798,1.0,1.0
KXNBAREB-26APR12ORLBOS-ORLJSUGGS4-4,2026-04-12,reb,3.5,3.66875,-0.16875000000000018,0.47725,0.47766473449408464,1.0,1.0
KXNBAREB-26APR12ORLBOS-ORLJSUGGS4-5,2026-04-12,reb,4.5,3.66875,0.8312499999999998,0.30525,0.31419789725800207,1.0,1.0
KXNBAREB-26APR12ORLBOS-ORLJSUGGS4-6,2026-04-12,reb,5.5,3.66875,1.8312499999999998,0.18375,0.191390134900443,1.0,1.0
KXNBAREB-26APR12ORLBOS-ORLJSUGGS4-8,2026-04-12,reb,7.5,3.66875,3.83125,0.05525,0.05871138002182452,0.0,1.0
KXNBAREB-26APR12ORLBOS-ORLPBANCHERO5-10,2026-04-12,reb,9.5,5.688,3.8120000000000003,0.08675,0.10717399211781564,1.0,1.0
KXNBAREB-26APR12ORLBOS-ORLPBANCHERO5-12,2026-04-12,reb,11.5,5.688,5.812,0.0245,0.04069716570452253,0.0,1.0
KXNBAREB-26APR12ORLBOS-ORLPBANCHERO5-4,2026-04-12,reb,3.5,5.688,-2.1879999999999997,0.78775,0.7536887361185256,1.0,1.0
KXNBAREB-26APR12ORLBOS-ORLPBANCHERO5-6,2026-04-12,reb,5.5,5.688,-0.18799999999999972,0.49175,0.477256871648559,1.0,1.0
KXNBAREB-26APR12ORLBOS-ORLPBANCHERO5-8,2026-04-12,reb,7.5,5.688,1.8120000000000003,0.23025,0.24613421445503603,1.0,1.0
KXNBAREB-26APR12ORLBOS-ORLWCARTER34-10,2026-04-12,reb,9.5,4.59525,4.90475,0.04025,0.044420371574009465,0.0,1.0
KXNBAREB-26APR12ORLBOS-ORLWCARTER34-12,2026-04-12,reb,11.5,4.59525,6.90475,0.0095,0.01295634556792502,0.0,1.0
KXNBAREB-26APR12ORLBOS-ORLWCARTER34-4,2026-04-12,reb,3.5,4.59525,-1.09525,0.64325,0.6254141159246888,1.0,1.0
KXNBAREB-26APR12ORLBOS-ORLWCARTER34-6,2026-04-12,reb,5.5,4.59525,0.9047499999999999,0.3185,0.32312321854770754,1.0,1.0
KXNBAREB-26APR12ORLBOS-ORLWCARTER34-8,2026-04-12,reb,7.5,4.59525,2.90475,0.11725,0.13152505139410786,1.0,1.0
KXNBAAST-26APR12ORLBOS-ORLJSUGGS4-10,2026-04-12,ast,9.5,3.17,6.33,0.003,0.0062623316206711355,0.0,1.0
KXNBAAST-26APR12ORLBOS-ORLJSUGGS4-12,2026-04-12,ast,11.5,3.17,8.33,0.00025,0.0010600912919820349,0.0,1.0
KXNBAAST-26APR12ORLBOS-ORLJSUGGS4-6,2026-04-12,ast,5.5,3.17,2.33,0.11575,0.12711565993779672,0.0,1.0
KXNBAAST-26APR12ORLBOS-ORLJSUGGS4-7,2026-04-12,ast,6.5,3.17,3.33,0.05375,0.06516622807554506,0.0,1.0
KXNBAAST-26APR12ORLBOS-ORLJSUGGS4-8,2026-04-12,ast,7.5,3.17,4.33,0.0245,0.03140953006610736,0.0,1.0
KXNBAAST-26APR12ORLBOS-ORLPBANCHERO5-10,2026-04-12,ast,9.5,3.03775,6.46225,0.00125,0.00487494060490723,1.0,1.0
KXNBAAST-26APR12ORLBOS-ORLPBANCHERO5-2,2026-04-12,ast,1.5,3.03775,-1.53775,0.794,0.7679922150316423,1.0,1.0
KXNBAAST-26APR12ORLBOS-ORLPBANCHERO5-4,2026-04-12,ast,3.5,3.03775,0.46225000000000005,0.36425,0.35909182937167194,1.0,1.0
KXNBAAST-26APR12ORLBOS-ORLPBANCHERO5-6,2026-04-12,ast,5.5,3.03775,2.46225,0.09375,0.1120043661153256,1.0,1.0
KXNBAAST-26APR12ORLBOS-ORLPBANCHERO5-8,2026-04-12,ast,7.5,3.03775,4.46225,0.014,0.02603868924372721,1.0,1.0
KXNBA3PT-26APR12ORLBOS-ORLDBANE3-1,2026-04-12,fg3m,0.5,1.242,-0.742,0.69575,0.6835966504426649,1.0,1.0
KXNBA3PT-26APR12ORLBOS-ORLDBANE3-2,2026-04-12,fg3m,1.5,1.242,0.258,0.3495,0.3456141234063219,0.0,1.0
KXNBA3PT-26APR12ORLBOS-ORLDBANE3-3,2026-04-12,fg3m,2.5,1.242,1.258,0.139,0.14144971511726567,0.0,1.0
KXNBA3PT-26APR12ORLBOS-ORLDBANE3-4,2026-04-12,fg3m,3.5,1.242,2.258,0.0435,0.049707058727264886,0.0,1.0
KXNBA3PT-26APR12ORLBOS-ORLDBANE3-5,2026-04-12,fg3m,4.5,1.242,3.258,0.01075,0.015578683555406925,0.0,1.0
KXNBA3PT-26APR12ORLBOS-ORLFWAGNER22-1,2026-04-12,fg3m,0.5,0.824,-0.32399999999999995,0.55525,0.542733495481261,1.0,1.0
KXNBA3PT-26APR12ORLBOS-ORLFWAGNER22-2,2026-04-12,fg3m,1.5,0.824,0.676,0.19625,0.20265529683273642,1.0,1.0
KXNBA3PT-26APR12ORLBOS-ORLFWAGNER22-3,2026-04-12,fg3m,2.5,0.824,1.6760000000000002,0.0565,0.05962738352606167,0.0,1.0
KXNBA3PT-26APR12ORLBOS-ORLFWAGNER22-4,2026-04-12,fg3m,3.5,0.824,2.676,0.0125,0.014879932176940724,0.0,1.0
KXNBA3PT-26APR12ORLBOS-ORLFWAGNER22-5,2026-04-12,fg3m,4.5,0.824,3.676,0.0025,0.003290321922053252,0.0,1.0
KXNBA3PT-26APR12ORLBOS-ORLJSUGGS4-1,2026-04-12,fg3m,0.5,1.5935,-1.0935,0.7835,0.7647761728280315,1.0,1.0
KXNBA3PT-26APR12ORLBOS-ORLJSUGGS4-2,2026-04-12,fg3m,1.5,1.5935,-0.09349999999999992,0.46775,0.45467926797269365,1.0,1.0
KXNBA3PT-26APR12ORLBOS-ORLJSUGGS4-3,2026-04-12,fg3m,2.5,1.5935,0.9065000000000001,0.22325,0.22350144991121312,1.0,1.0
KXNBA3PT-26APR12ORLBOS-ORLJSUGGS4-4,2026-04-12,fg3m,3.5,1.5935,1.9065,0.0825,0.09529780275379296,1.0,1.0
KXNBA3PT-26APR12ORLBOS-ORLJSUGGS4-5,2026-04-12,fg3m,4.5,1.5935,2.9065000000000003,0.0255,0.03643951485079411,1.0,1.0
KXNBA3PT-26APR12ORLBOS-ORLPBANCHERO5-1,2026-04-12,fg3m,0.5,0.8205,-0.3205,0.55725,0.5412864046448579,0.0,1.0
KXNBA3PT-26APR12ORLBOS-ORLPBANCHERO5-2,2026-04-12,fg3m,1.5,0.8205,0.6795,0.1955,0.2014404157006282,0.0,1.0
KXNBA3PT-26APR12ORLBOS-ORLPBANCHERO5-3,2026-04-12,fg3m,2.5,0.8205,1.6795,0.054,0.05905834840791613,0.0,1.0
KXNBA3PT-26APR12ORLBOS-ORLPBANCHERO5-4,2026-04-12,fg3m,3.5,0.8205,2.6795,0.0115,0.014683801562335952,0.0,1.0
KXNBA3PT-26APR12ORLBOS-ORLPBANCHERO5-5,2026-04-12,fg3m,4.5,0.8205,3.6795,0.002,0.003234853302582108,0.0,1.0
KXNBAAST-26APR12WASCLE-WASBCARRINGTON7-10,2026-04-12,ast,9.5,2.8085,6.6915,0.00275,0.003029928128307602,0.0,1.0
KXNBAAST-26APR12WASCLE-WASBCARRINGTON7-2,2026-04-12,ast,1.5,2.8085,-1.3085,0.7465,0.7338555890502583,1.0,1.0
KXNBAAST-26APR12WASCLE-WASBCARRINGTON7-4,2026-04-12,ast,3.5,2.8085,0.6915,0.3035,0.3135609614820547,1.0,1.0
KXNBAAST-26APR12WASCLE-WASBCARRINGTON7-6,2026-04-12,ast,5.5,2.8085,2.6915,0.08225,0.08783308429358638,1.0,1.0
KXNBAAST-26APR12WASCLE-WASBCARRINGTON7-8,2026-04-12,ast,7.5,2.8085,4.6915,0.01925,0.01820896243194947,1.0,1.0
KXNBAPTS-26APR12CHIDAL-DALCFLAGG32-25,2026-04-12,pts,24.5,15.41625,9.08375,0.0925,0.11343980162134726,0.0,1.0
KXNBAPTS-26APR12CHIDAL-DALCFLAGG32-30,2026-04-12,pts,29.5,15.41625,14.08375,0.025,0.0445113334834526,0.0,1.0
KXNBAPTS-26APR12CHIDAL-DALCFLAGG32-35,2026-04-12,pts,34.5,15.41625,19.083750000000002,0.00525,0.015923655462704578,0.0,1.0
KXNBAPTS-26APR12CHIDAL-DALCFLAGG32-40,2026-04-12,pts,39.5,15.41625,24.083750000000002,0.001,0.005295019499434228,0.0,1.0
KXNBAREB-26APR12CHIDAL-DALCFLAGG32-10,2026-04-12,reb,9.5,4.993,4.507,0.04175,0.06380888161237752,0.0,1.0
KXNBAREB-26APR12CHIDAL-DALCFLAGG32-12,2026-04-12,reb,11.5,4.993,6.507,0.008,0.02068701272907325,0.0,1.0
KXNBAREB-26APR12CHIDAL-DALCFLAGG32-6,2026-04-12,reb,5.5,4.993,0.5069999999999997,0.38775,0.3807035157694123,0.0,1.0
KXNBAREB-26APR12CHIDAL-DALCFLAGG32-8,2026-04-12,reb,7.5,4.993,2.5069999999999997,0.152,0.17057021517407422,0.0,1.0
KXNBAREB-26APR12CHIDAL-DALCFLAGG32-9,2026-04-12,reb,8.5,4.993,3.5069999999999997,0.0785,0.10643195781860149,0.0,1.0
KXNBA3PT-26APR12CHIDAL-DALCFLAGG32-1,2026-04-12,fg3m,0.5,0.962,-0.46199999999999997,0.61775,0.5958780882751127,0.0,1.0
KXNBA3PT-26APR12CHIDAL-DALCFLAGG32-2,2026-04-12,fg3m,1.5,0.962,0.538,0.24525,0.25062259674888887,0.0,1.0
KXNBA3PT-26APR12CHIDAL-DALCFLAGG32-3,2026-04-12,fg3m,2.5,0.962,1.538,0.0765,0.08382054030534469,0.0,1.0
KXNBA3PT-26APR12CHIDAL-DALCFLAGG32-4,2026-04-12,fg3m,3.5,0.962,2.5380000000000003,0.01875,0.023873506762203234,0.0,1.0
KXNBA3PT-26APR12CHIDAL-DALCFLAGG32-5,2026-04-12,fg3m,4.5,0.962,3.5380000000000003,0.003,0.0060379357316142634,0.0,1.0
KXNBAPTS-26APR12MEMHOU-HOURSHEPPARD15-15,2026-04-12,pts,14.5,10.131,4.369,0.2175,0.18444473258171157,1.0,1.0
KXNBAPTS-26APR12MEMHOU-HOURSHEPPARD15-20,2026-04-12,pts,19.5,10.131,9.369,0.06975,0.052046162271371155,0.0,1.0
KXNBAPTS-26APR12MEMHOU-HOURSHEPPARD15-25,2026-04-12,pts,24.5,10.131,14.369,0.01725,0.012111371219843847,0.0,1.0
KXNBAPTS-26APR12MEMHOU-HOURSHEPPARD15-30,2026-04-12,pts,29.5,10.131,19.369,0.00325,0.0024542398401145027,0.0,1.0
KXNBAPTS-26APR12MEMHOU-HOUTEASON17-10,2026-04-12,pts,9.5,9.025,0.47499999999999964,0.41425,0.4057257532493679,1.0,1.0
KXNBAPTS-26APR12MEMHOU-HOUTEASON17-15,2026-04-12,pts,14.5,9.025,5.475,0.15175,0.12499255641862994,1.0,1.0
KXNBAPTS-26APR12MEMHOU-HOUTEASON17-20,2026-04-12,pts,19.5,9.025,10.475,0.03825,0.028617526714612818,1.0,1.0
KXNBAPTS-26APR12MEMHOU-HOUTEASON17-25,2026-04-12,pts,24.5,9.025,15.475,0.00575,0.005363373057154064,0.0,1.0
KXNBAREB-26APR12MEMHOU-HOUTEASON17-10,2026-04-12,reb,9.5,4.7095,4.7905,0.03675,0.049571025395825696,0.0,1.0
KXNBAREB-26APR12MEMHOU-HOUTEASON17-12,2026-04-12,reb,11.5,4.7095,6.7905,0.00875,0.0149239067076814,0.0,1.0
KXNBAREB-26APR12MEMHOU-HOUTEASON17-4,2026-04-12,reb,3.5,4.7095,-1.2095000000000002,0.65825,0.6411079723988642,1.0,1.0
KXNBAREB-26APR12MEMHOU-HOUTEASON17-6,2026-04-12,reb,5.5,4.7095,0.7904999999999998,0.33425,0.3397400982439702,1.0,1.0
KXNBAREB-26APR12MEMHOU-HOUTEASON17-8,2026-04-12,reb,7.5,4.7095,2.7904999999999998,0.13375,0.14234122704176355,1.0,1.0
KXNBAAST-26APR12MEMHOU-HOURSHEPPARD15-10,2026-04-12,ast,9.5,2.65875,6.8412500000000005,0.00175,0.0021504490179684588,0.0,1.0
KXNBAAST-26APR12MEMHOU-HOURSHEPPARD15-2,2026-04-12,ast,1.5,2.65875,-1.15875,0.719,0.7089512180099904,1.0,1.0
KXNBAAST-26APR12MEMHOU-HOURSHEPPARD15-4,2026-04-12,ast,3.5,2.65875,0.84125,0.28525,0.2836683031542606,0.0,1.0
KXNBAAST-26APR12MEMHOU-HOURSHEPPARD15-6,2026-04-12,ast,5.5,2.65875,2.84125,0.0695,0.07356099816703754,0.0,1.0
KXNBAAST-26APR12MEMHOU-HOURSHEPPARD15-8,2026-04-12,ast,7.5,2.65875,4.8412500000000005,0.011,0.014053782736191844,0.0,1.0
KXNBA3PT-26APR12MEMHOU-HOURSHEPPARD15-2,2026-04-12,fg3m,1.5,1.979,-0.4790000000000001,0.5715,0.5574240333313626,1.0,1.0
KXNBA3PT-26APR12MEMHOU-HOURSHEPPARD15-3,2026-04-12,fg3m,2.5,1.979,0.5209999999999999,0.32725,0.3170485505214966,1.0,1.0
KXNBA3PT-26APR12MEMHOU-HOURSHEPPARD15-4,2026-04-12,fg3m,3.5,1.979,1.521,0.15025,0.15813444442421865,1.0,1.0
KXNBA3PT-26APR12MEMHOU-HOURSHEPPARD15-5,2026-04-12,fg3m,4.5,1.979,2.521,0.05925,0.07116078289235461,0.0,1.0
KXNBA3PT-26APR12MEMHOU-HOURSHEPPARD15-6,2026-04-12,fg3m,5.5,1.979,3.521,0.0195,0.02949909163265041,0.0,1.0
KXNBA3PT-26APR12MEMHOU-HOUTEASON17-1,2026-04-12,fg3m,0.5,1.11775,-0.61775,0.65125,0.6476461165541899,1.0,1.0
KXNBA3PT-26APR12MEMHOU-HOUTEASON17-2,2026-04-12,fg3m,1.5,1.11775,0.38225,0.31225,0.3041055732683944,0.0,1.0
KXNBA3PT-26APR12MEMHOU-HOUTEASON17-3,2026-04-12,fg3m,2.5,1.11775,1.38225,0.11225,0.11469267775102154,0.0,1.0
KXNBA3PT-26APR12MEMHOU-HOUTEASON17-4,2026-04-12,fg3m,3.5,1.11775,2.38225,0.033,0.03700599469769161,0.0,1.0
KXNBA3PT-26APR12MEMHOU-HOUTEASON17-5,2026-04-12,fg3m,4.5,1.11775,3.38225,0.00675,0.010628311995281803,0.0,1.0
KXNBAPTS-26APR12DETIND-DETATHOMPSON9-10,2026-04-12,pts,9.5,8.67175,0.8282500000000006,0.398,0.3759444273004183,0.0,1.0
KXNBAPTS-26APR12DETIND-DETATHOMPSON9-15,2026-04-12,pts,14.5,8.67175,5.828250000000001,0.1105,0.10786755835950623,0.0,1.0
KXNBAPTS-26APR12DETIND-DETATHOMPSON9-20,2026-04-12,pts,19.5,8.67175,10.82825,0.02175,0.02287827858195457,0.0,1.0
KXNBAPTS-26APR12DETIND-DETATHOMPSON9-25,2026-04-12,pts,24.5,8.67175,15.82825,0.00225,0.003962725977660564,0.0,1.0
KXNBAPTS-26APR12DETIND-DETCCUNNINGHAM2-10,2026-04-12,pts,9.5,11.63125,-2.1312499999999996,0.593,0.5983901123727526,0.0,1.0
KXNBAPTS-26APR12DETIND-DETCCUNNINGHAM2-15,2026-04-12,pts,14.5,11.63125,2.8687500000000004,0.30325,0.273782687602963,0.0,1.0
KXNBAPTS-26APR12DETIND-DETCCUNNINGHAM2-20,2026-04-12,pts,19.5,11.63125,7.86875,0.1215,0.09680709536043675,0.0,1.0
KXNBAPTS-26APR12DETIND-DETCCUNNINGHAM2-25,2026-04-12,pts,24.5,11.63125,12.86875,0.034,0.028517762385446677,0.0,1.0
KXNBAPTS-26APR12DETIND-DETCCUNNINGHAM2-30,2026-04-12,pts,29.5,11.63125,17.86875,0.008,0.007354194753460774,0.0,1.0
KXNBAPTS-26APR12DETIND-DETTHARRIS12-10,2026-04-12,pts,9.5,8.470781352593566,1.0292186474064344,0.38443860801050556,0.35874806787236446,1.0,0.7615
KXNBAPTS-26APR12DETIND-DETTHARRIS12-15,2026-04-12,pts,14.5,8.470781352593566,6.029218647406434,0.12442547603414314,0.0986123163311452,1.0,0.7615
KXNBAPTS-26APR12DETIND-DETTHARRIS12-20,2026-04-12,pts,19.5,8.470781352593566,11.029218647406434,0.026263952724885097,0.01997613010185506,1.0,0.7615
KXNBAREB-26APR12DETIND-DETATHOMPSON9-10,2026-04-12,reb,9.5,4.138,5.362,0.01875,0.027157688873745256,0.0,1.0
KXNBAREB-26APR12DETIND-DETATHOMPSON9-2,2026-04-12,reb,1.5,4.138,-2.638,0.895,0.8777091584282721,1.0,1.0
KXNBAREB-26APR12DETIND-DETATHOMPSON9-4,2026-04-12,reb,3.5,4.138,-0.6379999999999999,0.57475,0.5569896481075427,1.0,1.0
KXNBAREB-26APR12DETIND-DETATHOMPSON9-6,2026-04-12,reb,5.5,4.138,1.362,0.2475,0.25686862634068897,0.0,1.0
KXNBAREB-26APR12DETIND-DETATHOMPSON9-8,2026-04-12,reb,7.5,4.138,3.362,0.08075,0.0920191037610123,0.0,1.0
KXNBAREB-26APR12DETIND-DETCCUNNINGHAM2-2,2026-04-12,reb,1.5,3.927,-2.427,0.85625,0.8616523647517207,1.0,1.0
KXNBAREB-26APR12DETIND-DETCCUNNINGHAM2-4,2026-04-12,reb,3.5,3.927,-0.42700000000000005,0.53575,0.5224180149186294,1.0,1.0
KXNBAREB-26APR12DETIND-DETCCUNNINGHAM2-5,2026-04-12,reb,4.5,3.927,0.573,0.35975,0.3572895356505177,1.0,1.0
KXNBAREB-26APR12DETIND-DETCCUNNINGHAM2-6,2026-04-12,reb,5.5,3.927,1.573,0.23125,0.22692765035561313,1.0,1.0
KXNBAREB-26APR12DETIND-DETCCUNNINGHAM2-8,2026-04-12,reb,7.5,3.927,3.573,0.07675,0.07607210774136819,1.0,1.0
KXNBAREB-26APR12DETIND-DETTHARRIS12-2,2026-04-12,reb,1.5,3.856204858831254,-2.356204858831254,0.8397898883782009,0.8557857777378498,1.0,0.7615
KXNBAREB-26APR12DETIND-DETTHARRIS12-4,2026-04-12,reb,3.5,3.856204858831254,-0.3562048588312541,0.520682862770847,0.5104094090567248,1.0,0.7615
KXNBAREB-26APR12DETIND-DETTHARRIS12-5,2026-04-12,reb,4.5,3.856204858831254,0.6437951411687459,0.35784635587655944,0.3455167920745934,0.0,0.7615
KXNBAREB-26APR12DETIND-DETTHARRIS12-6,2026-04-12,reb,5.5,3.856204858831254,1.643795141168746,0.22258699934340118,0.2170442571163126,0.0,0.7615
KXNBAREB-26APR12DETIND-DETTHARRIS12-8,2026-04-12,reb,7.5,3.856204858831254,3.643795141168746,0.06828627708470125,0.0710716710172139,0.0,0.7615
KXNBAAST-26APR12DETIND-DETATHOMPSON9-10,2026-04-12,ast,9.5,2.4945,7.0055,0.00075,0.0014274623929602104,0.0,1.0
KXNBAAST-26APR12DETIND-DETATHOMPSON9-2,2026-04-12,ast,1.5,2.4945,-0.9944999999999999,0.7015,0.679056905704527,1.0,1.0
KXNBAAST-26APR12DETIND-DETATHOMPSON9-4,2026-04-12,ast,3.5,2.4945,1.0055,0.24525,0.25103839935344996,1.0,1.0
KXNBAAST-26APR12DETIND-DETATHOMPSON9-6,2026-04-12,ast,5.5,2.4945,3.0055,0.05,0.059390548227075346,0.0,1.0
KXNBAAST-26APR12DETIND-DETATHOMPSON9-8,2026-04-12,ast,7.5,2.4945,5.0055,0.007,0.010300275068725329,0.0,1.0
KXNBAAST-26APR12DETIND-DETCCUNNINGHAM2-10,2026-04-12,ast,9.5,4.1785,5.3215,0.02,0.02755145798102243,1.0,1.0
KXNBAAST-26APR12DETIND-DETCCUNNINGHAM2-12,2026-04-12,ast,11.5,4.1785,7.3215,0.00475,0.006924745325581294,1.0,1.0
KXNBAAST-26APR12DETIND-DETCCUNNINGHAM2-6,2026-04-12,ast,5.5,4.1785,1.3215000000000003,0.2715,0.26198722723977597,1.0,1.0
KXNBAAST-26APR12DETIND-DETCCUNNINGHAM2-8,2026-04-12,ast,7.5,4.1785,3.3215000000000003,0.0885,0.09385339921717584,1.0,1.0
KXNBAAST-26APR12DETIND-DETCCUNNINGHAM2-9,2026-04-12,ast,8.5,4.1785,4.3215,0.04775,0.051972459765202705,1.0,1.0
KXNBAAST-26APR12DETIND-DETTHARRIS12-2,2026-04-12,ast,1.5,1.9274458305975048,-0.42744583059750485,0.5505581089954038,0.5525682642783726,0.0,0.7615
KXNBAAST-26APR12DETIND-DETTHARRIS12-3,2026-04-12,ast,2.5,1.9274458305975048,0.5725541694024952,0.3036769533814839,0.3046117952059081,0.0,0.7615
KXNBAAST-26APR12DETIND-DETTHARRIS12-4,2026-04-12,ast,3.5,1.9274458305975048,1.5725541694024952,0.14773473407747867,0.14439270278584893,0.0,0.7615
KXNBAAST-26APR12DETIND-DETTHARRIS12-6,2026-04-12,ast,5.5,1.9274458305975048,3.572554169402495,0.025935653315824033,0.023104713595368143,0.0,0.7615
KXNBAAST-26APR12DETIND-DETTHARRIS12-8,2026-04-12,ast,7.5,1.9274458305975048,5.572554169402495,0.002954694681549573,0.0026653492999980655,0.0,0.7615
KXNBA3PT-26APR12DETIND-DETCCUNNINGHAM2-1,2026-04-12,fg3m,0.5,1.089,-0.589,0.64925,0.6386831554284662,1.0,1.0
KXNBA3PT-26APR12DETIND-DETCCUNNINGHAM2-2,2026-04-12,fg3m,1.5,1.089,0.41100000000000003,0.29425,0.29433366556456053,0.0,1.0
KXNBA3PT-26APR12DETIND-DETCCUNNINGHAM2-3,2026-04-12,fg3m,2.5,1.089,1.411,0.1085,0.10874848733715936,0.0,1.0
KXNBA3PT-26APR12DETIND-DETCCUNNINGHAM2-4,2026-04-12,fg3m,3.5,1.089,2.411,0.02825,0.0343451144524739,0.0,1.0
KXNBA3PT-26APR12DETIND-DETCCUNNINGHAM2-5,2026-04-12,fg3m,4.5,1.089,3.411,0.0065,0.0096509131665935,0.0,1.0
KXNBAPTS-26APR12GSWLAC-GSWSCURRY30-15,2026-04-12,pts,14.5,12.6215,1.8785000000000007,0.34875,0.33443044602370553,1.0,1.0
KXNBAPTS-26APR12GSWLAC-GSWSCURRY30-20,2026-04-12,pts,19.5,12.6215,6.878500000000001,0.13125,0.13349441371954684,1.0,1.0
KXNBAPTS-26APR12GSWLAC-GSWSCURRY30-25,2026-04-12,pts,24.5,12.6215,11.8785,0.0415,0.044695291983137264,0.0,1.0
KXNBAPTS-26APR12GSWLAC-GSWSCURRY30-30,2026-04-12,pts,29.5,12.6215,16.878500000000003,0.0085,0.013146500664886651,0.0,1.0
KXNBAPTS-26APR12GSWLAC-GSWSCURRY30-35,2026-04-12,pts,34.5,12.6215,21.878500000000003,0.002,0.003504748172245886,0.0,1.0
KXNBAPTS-26APR12GSWLAC-LACDGARLAND10-10,2026-04-12,pts,9.5,12.339,-2.8390000000000004,0.65275,0.6410290706322856,1.0,1.0
KXNBAPTS-26APR12GSWLAC-LACDGARLAND10-15,2026-04-12,pts,14.5,12.339,2.1609999999999996,0.3265,0.3171548614424793,1.0,1.0
KXNBAPTS-26APR12GSWLAC-LACDGARLAND10-20,2026-04-12,pts,19.5,12.339,7.161,0.128,0.12252741047576454,0.0,1.0
KXNBAPTS-26APR12GSWLAC-LACDGARLAND10-25,2026-04-12,pts,24.5,12.339,12.161,0.03875,0.03962773346351334,0.0,1.0
KXNBAPTS-26APR12GSWLAC-LACDGARLAND10-30,2026-04-12,pts,29.5,12.339,17.161,0.01075,0.011247975269971566,0.0,1.0
KXNBAAST-26APR12GSWLAC-GSWSCURRY30-10,2026-04-12,ast,9.5,2.6395,6.8605,0.00075,0.0020535275465207725,0.0,1.0
KXNBAAST-26APR12GSWLAC-GSWSCURRY30-2,2026-04-12,ast,1.5,2.6395,-1.1395,0.73725,0.7055907095946227,1.0,1.0
KXNBAAST-26APR12GSWLAC-GSWSCURRY30-4,2026-04-12,ast,3.5,2.6395,0.8605,0.27525,0.27983019845779933,0.0,1.0
KXNBAAST-26APR12GSWLAC-GSWSCURRY30-6,2026-04-12,ast,5.5,2.6395,2.8605,0.05625,0.07181842378406422,0.0,1.0
KXNBAAST-26APR12GSWLAC-GSWSCURRY30-8,2026-04-12,ast,7.5,2.6395,4.8605,0.009,0.013571641530325307,0.0,1.0
KXNBAAST-26APR12GSWLAC-LACDGARLAND10-10,2026-04-12,ast,9.5,3.56925,5.93075,0.007,0.012201637356660577,0.0,1.0
KXNBAAST-26APR12GSWLAC-LACDGARLAND10-12,2026-04-12,ast,11.5,3.56925,7.93075,0.0005,0.0024580459578512626,0.0,1.0
KXNBAAST-26APR12GSWLAC-LACDGARLAND10-4,2026-04-12,ast,3.5,3.56925,-0.06924999999999981,0.47575,0.46058637938180724,1.0,1.0
KXNBAAST-26APR12GSWLAC-LACDGARLAND10-6,2026-04-12,ast,5.5,3.56925,1.9307500000000002,0.1625,0.1770772933266268,1.0,1.0
KXNBAAST-26APR12GSWLAC-LACDGARLAND10-8,2026-04-12,ast,7.5,3.56925,3.93075,0.03625,0.05159193712647159,0.0,1.0
KXNBA3PT-26APR12GSWLAC-GSWSCURRY30-3,2026-04-12,fg3m,2.5,2.01275,0.48724999999999996,0.32025,0.3251652408066288,1.0,1.0
KXNBA3PT-26APR12GSWLAC-GSWSCURRY30-4,2026-04-12,fg3m,3.5,2.01275,1.48725,0.145,0.1640974531674485,1.0,1.0
KXNBA3PT-26APR12GSWLAC-GSWSCURRY30-5,2026-04-12,fg3m,4.5,2.01275,2.48725,0.05825,0.07475540743358922,0.0,1.0
KXNBA3PT-26APR12GSWLAC-GSWSCURRY30-6,2026-04-12,fg3m,5.5,2.01275,3.48725,0.02,0.03138166168188583,0.0,1.0
KXNBA3PT-26APR12GSWLAC-GSWSCURRY30-7,2026-04-12,fg3m,6.5,2.01275,4.4872499999999995,0.0065,0.012325749127340635,0.0,1.0
KXNBA3PT-26APR12GSWLAC-LACDGARLAND10-1,2026-04-12,fg3m,0.5,1.83125,-1.33125,0.8225,0.806294726614726,1.0,1.0
KXNBA3PT-26APR12GSWLAC-LACDGARLAND10-2,2026-04-12,fg3m,1.5,1.83125,-0.33125000000000004,0.5315,0.5202034531594133,0.0,1.0
KXNBA3PT-26APR12GSWLAC-LACDGARLAND10-3,2026-04-12,fg3m,2.5,1.83125,0.66875,0.287,0.28125711080285587,0.0,1.0
KXNBA3PT-26APR12GSWLAC-LACDGARLAND10-4,2026-04-12,fg3m,3.5,1.83125,1.66875,0.125,0.1327997778865363,0.0,1.0
KXNBA3PT-26APR12GSWLAC-LACDGARLAND10-5,2026-04-12,fg3m,4.5,1.83125,2.66875,0.04525,0.05644153149891351,0.0,1.0
KXNBAPTS-26APR12UTALAL-UTAABAILEY19-15,2026-04-12,pts,14.5,10.839,3.6609999999999996,0.24825,0.22582388633969575,1.0,1.0
KXNBAPTS-26APR12UTALAL-UTAABAILEY19-20,2026-04-12,pts,19.5,10.839,8.661,0.0765,0.07138985016286137,0.0,1.0
KXNBAPTS-26APR12UTALAL-UTAABAILEY19-25,2026-04-12,pts,24.5,10.839,13.661,0.0185,0.018701145516761608,0.0,1.0
KXNBAPTS-26APR12UTALAL-UTAABAILEY19-30,2026-04-12,pts,29.5,10.839,18.661,0.00325,0.004276558077856096,0.0,1.0
KXNBAPTS-26APR12UTALAL-UTAABAILEY19-35,2026-04-12,pts,34.5,10.839,23.661,0.0005,0.0008831450866385593,0.0,1.0
KXNBAREB-26APR12UTALAL-LALLJAMES23-10,2026-04-12,reb,9.5,4.566,4.934,0.02875,0.043156040369395465,0.0,1.0
KXNBAREB-26APR12UTALAL-LALLJAMES23-12,2026-04-12,reb,11.5,4.566,6.934,0.00725,0.012483677283162131,0.0,1.0
KXNBAREB-26APR12UTALAL-LALLJAMES23-4,2026-04-12,reb,3.5,4.566,-1.0659999999999998,0.6495,0.6213063206080451,1.0,1.0
KXNBAREB-26APR12UTALAL-LALLJAMES23-6,2026-04-12,reb,5.5,4.566,0.9340000000000002,0.31225,0.3188655345443373,0.0,1.0
KXNBAREB-26APR12UTALAL-LALLJAMES23-8,2026-04-12,reb,7.5,4.566,2.934,0.1045,0.12881233658636593,0.0,1.0
KXNBAREB-26APR12UTALAL-UTAABAILEY19-10,2026-04-12,reb,9.5,3.56175,5.93825,0.00825,0.012581526446585167,0.0,1.0
KXNBAREB-26APR12UTALAL-UTAABAILEY19-2,2026-04-12,reb,1.5,3.56175,-2.06175,0.85075,0.8284849933625551,1.0,1.0
KXNBAREB-26APR12UTALAL-UTAABAILEY19-4,2026-04-12,reb,3.5,3.56175,-0.06174999999999997,0.4665,0.45838826620801876,0.0,1.0
KXNBAREB-26APR12UTALAL-UTAABAILEY19-6,2026-04-12,reb,5.5,3.56175,1.93825,0.16625,0.17714570921244355,0.0,1.0
KXNBAREB-26APR12UTALAL-UTAABAILEY19-8,2026-04-12,reb,7.5,3.56175,3.93825,0.04,0.05224003098554264,0.0,1.0
KXNBAAST-26APR12UTALAL-LALLJAMES23-10,2026-04-12,ast,9.5,4.562,4.938,0.029,0.04179670316364981,0.0,1.0
KXNBAAST-26APR12UTALAL-LALLJAMES23-12,2026-04-12,ast,11.5,4.562,6.938,0.005,0.01182047073193404,0.0,1.0
KXNBAAST-26APR12UTALAL-LALLJAMES23-14,2026-04-12,ast,13.5,4.562,8.937999999999999,0.00025,0.002960385376432062,0.0,1.0
KXNBAAST-26APR12UTALAL-LALLJAMES23-6,2026-04-12,ast,5.5,4.562,0.9379999999999997,0.303,0.3179618009296994,1.0,1.0
KXNBAAST-26APR12UTALAL-LALLJAMES23-8,2026-04-12,ast,7.5,4.562,2.9379999999999997,0.1,0.1269604324824688,0.0,1.0
KXNBAAST-26APR12UTALAL-UTAABAILEY19-2,2026-04-12,ast,1.5,1.9275,-0.4275,0.56,0.5525822013513951,0.0,1.0
KXNBAAST-26APR12UTALAL-UTAABAILEY19-3,2026-04-12,ast,2.5,1.9275,0.5725,0.30775,0.30462530369677765,0.0,1.0
KXNBAAST-26APR12UTALAL-UTAABAILEY19-4,2026-04-12,ast,3.5,1.9275,1.5725,0.13975,0.14440211597288588,0.0,1.0
KXNBAAST-26APR12UTALAL-UTAABAILEY19-6,2026-04-12,ast,5.5,1.9275,3.5725,0.0175,0.023107240911433014,0.0,1.0
KXNBAAST-26APR12UTALAL-UTAABAILEY19-8,2026-04-12,ast,7.5,1.9275,5.5725,0.00175,0.0026657628099096,0.0,1.0
KXNBAPTS-26APR12ATLMIA-MIAAWIGGINS22-15,2026-04-12,pts,14.5,10.723,3.7769999999999992,0.2345,0.2189213696225767,0.0,1.0
KXNBAPTS-26APR12ATLMIA-MIAAWIGGINS22-20,2026-04-12,pts,19.5,10.723,8.777,0.085,0.06799501551294562,0.0,1.0
KXNBAPTS-26APR12ATLMIA-MIAAWIGGINS22-25,2026-04-12,pts,24.5,10.723,13.777,0.02375,0.017485944352144123,0.0,1.0
KXNBAPTS-26APR12ATLMIA-MIAAWIGGINS22-30,2026-04-12,pts,29.5,10.723,18.777,0.005,0.003923905232598668,0.0,1.0
KXNBAPTS-26APR12ATLMIA-MIABADEBAYO13-15,2026-04-12,pts,14.5,15.05925,-0.5592500000000005,0.495,0.4767809805005706,1.0,1.0
KXNBAPTS-26APR12ATLMIA-MIABADEBAYO13-20,2026-04-12,pts,19.5,15.05925,4.4407499999999995,0.24925,0.23988477255254648,1.0,1.0
KXNBAPTS-26APR12ATLMIA-MIABADEBAYO13-25,2026-04-12,pts,24.5,15.05925,9.44075,0.0995,0.10292344946157483,1.0,1.0
KXNBAPTS-26APR12ATLMIA-MIABADEBAYO13-30,2026-04-12,pts,29.5,15.05925,14.44075,0.03125,0.03913969766299197,0.0,1.0
KXNBAPTS-26APR12ATLMIA-MIABADEBAYO13-35,2026-04-12,pts,34.5,15.05925,19.44075,0.00575,0.01355985656837655,0.0,1.0
KXNBAPTS-26APR12ATLMIA-MIATHERRO14-20,2026-04-12,pts,19.5,13.494007989347537,6.005992010652463,0.16677762982689748,0.16949596291051006,0.0,0.751
KXNBAPTS-26APR12ATLMIA-MIATHERRO14-25,2026-04-12,pts,24.5,13.494007989347537,11.005992010652463,0.05725699067909454,0.06261991367134723,0.0,0.751
KXNBAPTS-26APR12ATLMIA-MIATHERRO14-30,2026-04-12,pts,29.5,13.494007989347537,16.005992010652463,0.014980026631158456,0.02038840367946282,0.0,0.751
KXNBAPTS-26APR12ATLMIA-MIATHERRO14-35,2026-04-12,pts,34.5,13.494007989347537,21.005992010652463,0.0019973368841544607,0.006027606945044894,0.0,0.751
KXNBAREB-26APR12ATLMIA-MIAAWIGGINS22-10,2026-04-12,reb,9.5,3.791,5.709,0.0155,0.01748693586782879,0.0,1.0
KXNBAREB-26APR12ATLMIA-MIAAWIGGINS22-12,2026-04-12,reb,11.5,3.791,7.709,0.0035,0.003936992938183392,0.0,1.0
KXNBAREB-26APR12ATLMIA-MIAAWIGGINS22-6,2026-04-12,reb,5.5,3.791,1.709,0.2055,0.20802983059607272,0.0,1.0
KXNBAREB-26APR12ATLMIA-MIAAWIGGINS22-7,2026-04-12,reb,6.5,3.791,2.709,0.1145,0.121121979046107,0.0,1.0
KXNBAREB-26APR12ATLMIA-MIAAWIGGINS22-8,2026-04-12,reb,7.5,3.791,3.709,0.0635,0.06662608967610528,0.0,1.0
KXNBAREB-26APR12ATLMIA-MIABADEBAYO13-10,2026-04-12,reb,9.5,7.01275,2.4872500000000004,0.18875,0.2166148924461181,1.0,1.0
KXNBAREB-26APR12ATLMIA-MIABADEBAYO13-12,2026-04-12,reb,11.5,7.01275,4.48725,0.074,0.10374899705850082,0.0,1.0
KXNBAREB-26APR12ATLMIA-MIABADEBAYO13-14,2026-04-12,reb,13.5,7.01275,6.48725,0.02525,0.04479787622486808,0.0,1.0
KXNBAREB-26APR12ATLMIA-MIABADEBAYO13-16,2026-04-12,reb,15.5,7.01275,8.48725,0.00575,0.01773793678171598,0.0,1.0
KXNBAREB-26APR12ATLMIA-MIABADEBAYO13-8,2026-04-12,reb,7.5,7.01275,0.4872500000000004,0.40775,0.3993374347347711,1.0,1.0
KXNBAREB-26APR12ATLMIA-MIATHERRO14-10,2026-04-12,reb,9.5,4.187416777629827,5.312583222370173,0.017976031957390146,0.028769364716485835,1.0,0.751
KXNBAREB-26APR12ATLMIA-MIATHERRO14-2,2026-04-12,reb,1.5,4.187416777629827,-2.687416777629827,0.9067909454061251,0.8811806469835319,1.0,0.751
KXNBAREB-26APR12ATLMIA-MIATHERRO14-4,2026-04-12,reb,3.5,4.187416777629827,-0.687416777629827,0.5798934753661784,0.5648165948618216,1.0,0.751
KXNBAREB-26APR12ATLMIA-MIATHERRO14-6,2026-04-12,reb,5.5,4.187416777629827,1.312583222370173,0.25466045272969373,0.2639637605568056,1.0,0.751
KXNBAREB-26APR12ATLMIA-MIATHERRO14-8,2026-04-12,reb,7.5,4.187416777629827,3.312583222370173,0.07956058588548602,0.09597279192732444,1.0,0.751
KXNBAAST-26APR12ATLMIA-MIABADEBAYO13-10,2026-04-12,ast,9.5,3.14025,6.35975,0.00325,0.005927609375385612,0.0,1.0
KXNBAAST-26APR12ATLMIA-MIABADEBAYO13-2,2026-04-12,ast,1.5,3.14025,-1.64025,0.815,0.7818154474859038,1.0,1.0
KXNBAAST-26APR12ATLMIA-MIABADEBAYO13-4,2026-04-12,ast,3.5,3.14025,0.35975,0.38375,0.37921059531973855,0.0,1.0
KXNBAAST-26APR12ATLMIA-MIABADEBAYO13-6,2026-04-12,ast,5.5,3.14025,2.35975,0.10575,0.1236468868722358,0.0,1.0
KXNBAAST-26APR12ATLMIA-MIABADEBAYO13-8,2026-04-12,ast,7.5,3.14025,4.35975,0.0195,0.03014538348756801,0.0,1.0
KXNBAAST-26APR12ATLMIA-MIATHERRO14-2,2026-04-12,ast,1.5,2.8964713715046604,-1.3964713715046604,0.7839547270306259,0.7475034985197901,1.0,0.751
KXNBAAST-26APR12ATLMIA-MIATHERRO14-4,2026-04-12,ast,3.5,2.8964713715046604,0.6035286284953396,0.3285619174434088,0.3310941943704331,1.0,0.751
KXNBAAST-26APR12ATLMIA-MIATHERRO14-5,2026-04-12,ast,4.5,2.8964713715046604,1.6035286284953396,0.17310252996005326,0.18700646964885803,1.0,0.751
KXNBAAST-26APR12ATLMIA-MIATHERRO14-6,2026-04-12,ast,5.5,2.8964713715046604,2.6035286284953396,0.07856191744340879,0.09678882759796115,1.0,0.751
KXNBAAST-26APR12ATLMIA-MIATHERRO14-8,2026-04-12,ast,7.5,2.8964713715046604,4.60352862849534,0.012316910785619174,0.02099720628679347,1.0,0.751
KXNBA3PT-26APR12ATLMIA-MIATHERRO14-1,2026-04-12,fg3m,0.5,1.8551930758988016,-1.3551930758988016,0.835219707057257,0.8099947712568791,1.0,0.751
KXNBA3PT-26APR12ATLMIA-MIATHERRO14-2,2026-04-12,fg3m,1.5,1.8551930758988016,-0.35519307589880156,0.5496005326231691,0.5264164974609058,0.0,0.751
KXNBA3PT-26APR12ATLMIA-MIATHERRO14-3,2026-04-12,fg3m,2.5,1.8551930758988016,0.6448069241011984,0.29227696404793607,0.2870777764528153,0.0,0.751
KXNBA3PT-26APR12ATLMIA-MIATHERRO14-4,2026-04-12,fg3m,3.5,1.8551930758988016,1.6448069241011984,0.11817576564580559,0.13681255761667988,0.0,0.751
KXNBA3PT-26APR12ATLMIA-MIATHERRO14-5,2026-04-12,fg3m,4.5,1.8551930758988016,2.644806924101198,0.03994673768308921,0.05871148554376093,0.0,0.751
KXNBAPTS-26APR12NOPMIN-NOPDQUEEN22-10,2026-04-12,pts,9.5,9.0685,0.4314999999999998,0.424,0.4093478984029434,1.0,1.0
KXNBAPTS-26APR12NOPMIN-NOPDQUEEN22-15,2026-04-12,pts,14.5,9.0685,5.4315,0.1565,0.1271723420741786,1.0,1.0
KXNBAPTS-26APR12NOPMIN-NOPDQUEEN22-20,2026-04-12,pts,19.5,9.0685,10.4315,0.0425,0.02938164040582225,1.0,1.0
KXNBAPTS-26APR12NOPMIN-NOPDQUEEN22-25,2026-04-12,pts,24.5,9.0685,15.4315,0.00775,0.005558317130302526,1.0,1.0
KXNBAPTS-26APR12NOPMIN-NOPDQUEEN22-30,2026-04-12,pts,29.5,9.0685,20.4315,0.001,0.0009123070045455872,1.0,1.0
KXNBAREB-26APR12NOPMIN-NOPDQUEEN22-10,2026-04-12,reb,9.5,4.46375,5.03625,0.03575,0.03890981868128529,1.0,1.0
KXNBAREB-26APR12NOPMIN-NOPDQUEEN22-12,2026-04-12,reb,11.5,4.46375,7.03625,0.00725,0.010927428174425158,1.0,1.0
KXNBAREB-26APR12NOPMIN-NOPDQUEEN22-14,2026-04-12,reb,13.5,4.46375,9.036249999999999,0.00175,0.0027279813669125463,1.0,1.0
KXNBAREB-26APR12NOPMIN-NOPDQUEEN22-6,2026-04-12,reb,5.5,4.46375,1.03625,0.31625,0.3039838486811508,1.0,1.0
KXNBAREB-26APR12NOPMIN-NOPDQUEEN22-8,2026-04-12,reb,7.5,4.46375,3.03625,0.11825,0.11951843732729306,1.0,1.0
KXNBAAST-26APR12NOPMIN-NOPDQUEEN22-10,2026-04-12,ast,9.5,2.22025,7.27975,0.0005,0.0006562829701227679,0.0,1.0
KXNBAAST-26APR12NOPMIN-NOPDQUEEN22-2,2026-04-12,ast,1.5,2.22025,-0.7202500000000001,0.61575,0.6226138848214657,1.0,1.0
KXNBAAST-26APR12NOPMIN-NOPDQUEEN22-4,2026-04-12,ast,3.5,2.22025,1.27975,0.19675,0.19779780972481698,1.0,1.0
KXNBAAST-26APR12NOPMIN-NOPDQUEEN22-6,2026-04-12,ast,5.5,2.22025,3.27975,0.04375,0.03936652581482336,0.0,1.0
KXNBAAST-26APR12NOPMIN-NOPDQUEEN22-8,2026-04-12,ast,7.5,2.22025,5.27975,0.00575,0.005696919276943935,0.0,1.0
KXNBAPTS-26APR12CHANYK-CHABMILLER24-15,2026-04-12,pts,14.5,11.9235,2.5764999999999993,0.31025,0.29168033002854976,1.0,1.0
KXNBAPTS-26APR12CHANYK-CHABMILLER24-20,2026-04-12,pts,19.5,11.9235,7.576499999999999,0.1175,0.10710666827612592,0.0,1.0
KXNBAPTS-26APR12CHANYK-CHABMILLER24-25,2026-04-12,pts,24.5,11.9235,12.5765,0.0295,0.03283209285790112,0.0,1.0
KXNBAPTS-26APR12CHANYK-CHABMILLER24-30,2026-04-12,pts,29.5,11.9235,17.5765,0.00675,0.008819505201094535,0.0,1.0
KXNBAPTS-26APR12CHANYK-CHAKKNUEPPEL7-15,2026-04-12,pts,14.5,10.387,4.1129999999999995,0.22775,0.1991818827644577,0.0,1.0
KXNBAPTS-26APR12CHANYK-CHAKKNUEPPEL7-20,2026-04-12,pts,19.5,10.387,9.113,0.05825,0.05865678746420866,0.0,1.0
KXNBAPTS-26APR12CHANYK-CHAKKNUEPPEL7-25,2026-04-12,pts,24.5,10.387,14.113,0.011,0.014269891059198181,0.0,1.0
KXNBAPTS-26APR12CHANYK-CHAKKNUEPPEL7-30,2026-04-12,pts,29.5,10.387,19.113,0.0025,0.003025725404943058,0.0,1.0
KXNBAPTS-26APR12CHANYK-CHALBALL1-20,2026-04-12,pts,19.5,13.66625,5.83375,0.18025,0.17693120340678103,0.0,1.0
KXNBAPTS-26APR12CHANYK-CHALBALL1-25,2026-04-12,pts,24.5,13.66625,10.83375,0.06225,0.06655733212964343,0.0,1.0
KXNBAPTS-26APR12CHANYK-CHALBALL1-30,2026-04-12,pts,29.5,13.66625,15.83375,0.016,0.022078837333255663,0.0,1.0
KXNBAPTS-26APR12CHANYK-CHALBALL1-35,2026-04-12,pts,34.5,13.66625,20.833750000000002,0.00425,0.006652808313890923,0.0,1.0
KXNBAPTS-26APR12CHANYK-CHAMBRIDGES0-10,2026-04-12,pts,9.5,10.239,-0.7390000000000008,0.51475,0.5021204752494333,0.0,1.0
KXNBAPTS-26APR12CHANYK-CHAMBRIDGES0-15,2026-04-12,pts,14.5,10.239,4.260999999999999,0.2135,0.1906264756301289,0.0,1.0
KXNBAPTS-26APR12CHANYK-CHAMBRIDGES0-20,2026-04-12,pts,19.5,10.239,9.261,0.05425,0.05478122107602357,0.0,1.0
KXNBAPTS-26APR12CHANYK-CHAMBRIDGES0-25,2026-04-12,pts,24.5,10.239,14.261,0.01175,0.012992098365976479,0.0,1.0
KXNBAPTS-26APR12CHANYK-CHAMDIABATE14-10,2026-04-12,pts,9.5,7.59875,1.90125,0.3075,0.2829456308133226,0.0,1.0
KXNBAPTS-26APR12CHANYK-CHAMDIABATE14-15,2026-04-12,pts,14.5,7.59875,6.90125,0.073,0.06307267463122912,0.0,1.0
KXNBAPTS-26APR12CHANYK-CHAMDIABATE14-20,2026-04-12,pts,19.5,7.59875,11.901250000000001,0.0135,0.010225102137358388,0.0,1.0
KXNBAREB-26APR12CHANYK-CHABMILLER24-10,2026-04-12,reb,9.5,3.785,5.715,0.0085,0.017344130482231712,0.0,1.0
KXNBAREB-26APR12CHANYK-CHABMILLER24-2,2026-04-12,reb,1.5,3.785,-2.285,0.88425,0.8496246578773815,1.0,1.0
KXNBAREB-26APR12CHANYK-CHABMILLER24-4,2026-04-12,reb,3.5,3.785,-0.28500000000000014,0.52125,0.4981305395945562,0.0,1.0
KXNBAREB-26APR12CHANYK-CHABMILLER24-6,2026-04-12,reb,5.5,3.785,1.7149999999999999,0.1865,0.20720493839517062,0.0,1.0
KXNBAREB-26APR12CHANYK-CHABMILLER24-8,2026-04-12,reb,7.5,3.785,3.715,0.05,0.06622479888098387,0.0,1.0
KXNBAREB-26APR12CHANYK-CHAKKNUEPPEL7-10,2026-04-12,reb,9.5,3.8925,5.6075,0.01025,0.020025258207592267,0.0,1.0
KXNBAREB-26APR12CHANYK-CHAKKNUEPPEL7-2,2026-04-12,reb,1.5,3.8925,-2.3925,0.884,0.8588250312550432,1.0,1.0
KXNBAREB-26APR12CHANYK-CHAKKNUEPPEL7-4,2026-04-12,reb,3.5,3.8925,-0.39250000000000007,0.53875,0.5165911111192657,1.0,1.0
KXNBAREB-26APR12CHANYK-CHAKKNUEPPEL7-6,2026-04-12,reb,5.5,3.8925,1.6075,0.2065,0.22209944368103296,1.0,1.0
KXNBAREB-26APR12CHANYK-CHAKKNUEPPEL7-8,2026-04-12,reb,7.5,3.8925,3.6075,0.0575,0.07361285582756794,0.0,1.0
KXNBAREB-26APR12CHANYK-CHALBALL1-2,2026-04-12,reb,1.5,3.86625,-2.36625,0.877,0.8566336613110999,1.0,1.0
KXNBAREB-26APR12CHANYK-CHALBALL1-4,2026-04-12,reb,3.5,3.86625,-0.36624999999999996,0.52775,0.5121255370597447,1.0,1.0
KXNBAREB-26APR12CHANYK-CHALBALL1-5,2026-04-12,reb,4.5,3.86625,0.63375,0.34325,0.3471897258170722,1.0,1.0
KXNBAREB-26APR12CHANYK-CHALBALL1-6,2026-04-12,reb,5.5,3.86625,1.63375,0.20525,0.2184407700192793,1.0,1.0
KXNBAREB-26APR12CHANYK-CHALBALL1-8,2026-04-12,reb,7.5,3.86625,3.63375,0.06475,0.07177023149811301,0.0,1.0
KXNBAREB-26APR12CHANYK-CHAMBRIDGES0-10,2026-04-12,reb,9.5,4.216,5.284,0.02025,0.029729145658238476,0.0,1.0
KXNBAREB-26APR12CHANYK-CHAMBRIDGES0-2,2026-04-12,reb,1.5,4.216,-2.716,0.9085,0.8831414012727956,0.0,1.0
KXNBAREB-26APR12CHANYK-CHAMBRIDGES0-4,2026-04-12,reb,3.5,4.216,-0.7160000000000002,0.588,0.5692963776659034,0.0,1.0
KXNBAREB-26APR12CHANYK-CHAMBRIDGES0-6,2026-04-12,reb,5.5,4.216,1.2839999999999998,0.257,0.26807881330691785,0.0,1.0
KXNBAREB-26APR12CHANYK-CHAMBRIDGES0-8,2026-04-12,reb,7.5,4.216,3.284,0.07875,0.09829638721132206,0.0,1.0
KXNBAREB-26APR12CHANYK-CHAMDIABATE14-10,2026-04-12,reb,9.5,4.95225,4.54775,0.03875,0.061635211307989546,0.0,1.0
KXNBAREB-26APR12CHANYK-CHAMDIABATE14-12,2026-04-12,reb,11.5,4.95225,6.54775,0.009,0.01977818050859248,0.0,1.0
KXNBAREB-26APR12CHANYK-CHAMDIABATE14-14,2026-04-12,reb,13.5,4.95225,8.54775,0.00175,0.005656011061810129,0.0,1.0
KXNBAREB-26APR12CHANYK-CHAMDIABATE14-6,2026-04-12,reb,5.5,4.95225,0.5477499999999997,0.37325,0.37485127593576384,1.0,1.0
KXNBAREB-26APR12CHANYK-CHAMDIABATE14-8,2026-04-12,reb,7.5,4.95225,2.5477499999999997,0.144,0.16640013793311137,1.0,1.0
KXNBAAST-26APR12CHANYK-CHABMILLER24-10,2026-04-12,ast,9.5,2.259,7.241,0.0,0.0007382616748047299,0.0,1.0
KXNBAAST-26APR12CHANYK-CHABMILLER24-2,2026-04-12,ast,1.5,2.259,-0.7589999999999999,0.65025,0.6311094149500243,1.0,1.0
KXNBAAST-26APR12CHANYK-CHABMILLER24-4,2026-04-12,ast,3.5,2.259,1.241,0.1975,0.20517666620407415,0.0,1.0
KXNBAAST-26APR12CHANYK-CHABMILLER24-6,2026-04-12,ast,5.5,2.259,3.241,0.03275,0.04191438301223693,0.0,1.0
KXNBAAST-26APR12CHANYK-CHABMILLER24-8,2026-04-12,ast,7.5,2.259,5.241,0.0025,0.006233079113816875,0.0,1.0
KXNBAAST-26APR12CHANYK-CHAKKNUEPPEL7-10,2026-04-12,ast,9.5,2.26,7.24,0.0,0.0007404802397222854,0.0,1.0
KXNBAAST-26APR12CHANYK-CHAKKNUEPPEL7-2,2026-04-12,ast,1.5,2.26,-0.7599999999999998,0.64575,0.6313263278967469,1.0,1.0
KXNBAAST-26APR12CHANYK-CHAKKNUEPPEL7-4,2026-04-12,ast,3.5,2.26,1.2400000000000002,0.2015,0.205367848454739,1.0,1.0
KXNBAAST-26APR12CHANYK-CHAKKNUEPPEL7-6,2026-04-12,ast,5.5,2.26,3.24,0.033,0.04198136645146222,0.0,1.0
KXNBAAST-26APR12CHANYK-CHAKKNUEPPEL7-8,2026-04-12,ast,7.5,2.26,5.24,0.0045,0.006247380918080747,0.0,1.0
KXNBAAST-26APR12CHANYK-CHALBALL1-10,2026-04-12,ast,9.5,3.74625,5.75375,0.00825,0.01580928824223027,0.0,1.0
KXNBAAST-26APR12CHANYK-CHALBALL1-12,2026-04-12,ast,11.5,3.74625,7.75375,0.00125,0.0034129928314060587,0.0,1.0
KXNBAAST-26APR12CHANYK-CHALBALL1-4,2026-04-12,ast,3.5,3.74625,-0.24624999999999986,0.507,0.4924299866890589,1.0,1.0
KXNBAAST-26APR12CHANYK-CHALBALL1-6,2026-04-12,ast,5.5,3.74625,1.7537500000000001,0.185,0.20091216035573423,1.0,1.0
KXNBAAST-26APR12CHANYK-CHALBALL1-8,2026-04-12,ast,7.5,3.74625,3.75375,0.04525,0.06246859344143196,0.0,1.0
KXNBAAST-26APR12CHANYK-CHAMBRIDGES0-2,2026-04-12,ast,1.5,2.08025,-0.5802499999999999,0.596,0.5904303022435767,1.0,1.0
KXNBAAST-26APR12CHANYK-CHAMBRIDGES0-3,2026-04-12,ast,2.5,2.08025,0.41975000000000007,0.34575,0.34251726919312664,0.0,1.0
KXNBAAST-26APR12CHANYK-CHAMBRIDGES0-4,2026-04-12,ast,3.5,2.08025,1.41975,0.16725,0.17168525036450766,0.0,1.0
KXNBAAST-26APR12CHANYK-CHAMBRIDGES0-6,2026-04-12,ast,5.5,2.08025,3.41975,0.0255,0.030936121719887577,0.0,1.0
KXNBAAST-26APR12CHANYK-CHAMBRIDGES0-8,2026-04-12,ast,7.5,2.08025,5.4197500000000005,0.003,0.004036658847876073,0.0,1.0
KXNBA3PT-26APR12CHANYK-CHAKKNUEPPEL7-2,2026-04-12,fg3m,1.5,1.69875,-0.19874999999999998,0.50225,0.48454331693330666,1.0,1.0
KXNBA3PT-26APR12CHANYK-CHAKKNUEPPEL7-3,2026-04-12,fg3m,2.5,1.69875,0.80125,0.2445,0.2490124321689493,1.0,1.0
KXNBA3PT-26APR12CHANYK-CHAKKNUEPPEL7-4,2026-04-12,fg3m,3.5,1.69875,1.80125,0.10375,0.11133787508792559,0.0,1.0
KXNBA3PT-26APR12CHANYK-CHAKKNUEPPEL7-5,2026-04-12,fg3m,4.5,1.69875,2.80125,0.02975,0.044716661851701645,0.0,1.0
KXNBA3PT-26APR12CHANYK-CHAKKNUEPPEL7-6,2026-04-12,fg3m,5.5,1.69875,3.80125,0.00875,0.016500676298521588,0.0,1.0
KXNBA3PT-26APR12CHANYK-CHALBALL1-3,2026-04-12,fg3m,2.5,2.62225,-0.12225000000000019,0.488,0.46403840131220486,1.0,1.0
KXNBA3PT-26APR12CHANYK-CHALBALL1-4,2026-04-12,fg3m,3.5,2.62225,0.8777499999999998,0.26775,0.2783795063895692,1.0,1.0
KXNBA3PT-26APR12CHANYK-CHALBALL1-5,2026-04-12,fg3m,4.5,2.62225,1.8777499999999998,0.1285,0.15218555432563396,1.0,1.0
KXNBA3PT-26APR12CHANYK-CHALBALL1-6,2026-04-12,fg3m,5.5,2.62225,2.87775,0.05825,0.07711231432158161,0.0,1.0
KXNBA3PT-26APR12CHANYK-CHALBALL1-7,2026-04-12,fg3m,6.5,2.62225,3.87775,0.02225,0.03669536195106282,0.0,1.0
KXNBA3PT-26APR12CHANYK-CHAMBRIDGES0-1,2026-04-12,fg3m,0.5,1.0915,-0.5914999999999999,0.656,0.6394726959168453,0.0,1.0
KXNBA3PT-26APR12CHANYK-CHAMBRIDGES0-2,2026-04-12,fg3m,1.5,1.0915,0.4085000000000001,0.2975,0.29518555656151324,0.0,1.0
KXNBA3PT-26APR12CHANYK-CHAMBRIDGES0-3,2026-04-12,fg3m,2.5,1.0915,1.4085,0.103,0.10926130213778384,0.0,1.0
KXNBA3PT-26APR12CHANYK-CHAMBRIDGES0-4,2026-04-12,fg3m,3.5,1.0915,2.4085,0.029,0.03457227751856096,0.0,1.0
KXNBA3PT-26APR12CHANYK-CHAMBRIDGES0-5,2026-04-12,fg3m,4.5,1.0915,3.4085,0.00525,0.00973348085997594,0.0,1.0
KXNBAPTS-26APR12PHXOKC-OKCLDORT5-10,2026-04-12,pts,9.5,7.58425,1.91575,0.31375,0.2816806937350057,0.0,1.0
KXNBAPTS-26APR12PHXOKC-OKCLDORT5-15,2026-04-12,pts,14.5,7.58425,6.91575,0.0825,0.06254985283461689,0.0,1.0
KXNBAPTS-26APR12PHXOKC-OKCLDORT5-20,2026-04-12,pts,19.5,7.58425,11.91575,0.0175,0.010099229335279625,0.0,1.0
KXNBAPTS-26APR12PHXOKC-OKCLDORT5-25,2026-04-12,pts,24.5,7.58425,16.91575,0.00225,0.0013221717615593542,0.0,1.0
KXNBAPTS-26APR12MILPHI-PHIPGEORGE8-10,2026-04-12,pts,9.5,11.9235,-2.4235000000000007,0.629,0.6165090047815106,1.0,1.0
KXNBAPTS-26APR12MILPHI-PHIPGEORGE8-15,2026-04-12,pts,14.5,11.9235,2.5764999999999993,0.29675,0.29168033002854976,0.0,1.0
KXNBAPTS-26APR12MILPHI-PHIPGEORGE8-20,2026-04-12,pts,19.5,11.9235,7.576499999999999,0.112,0.10710666827612592,0.0,1.0
KXNBAPTS-26APR12MILPHI-PHIPGEORGE8-25,2026-04-12,pts,24.5,11.9235,12.5765,0.029,0.03283209285790112,0.0,1.0
KXNBAPTS-26APR12MILPHI-PHIPGEORGE8-30,2026-04-12,pts,29.5,11.9235,17.5765,0.00425,0.008819505201094535,0.0,1.0
KXNBAPTS-26APR12MILPHI-PHITMAXEY0-25,2026-04-12,pts,24.5,14.77625,9.72375,0.077,0.09491529669710641,0.0,1.0
KXNBAPTS-26APR12MILPHI-PHITMAXEY0-30,2026-04-12,pts,29.5,14.77625,14.72375,0.0215,0.035174056691373634,0.0,1.0
KXNBAPTS-26APR12MILPHI-PHITMAXEY0-35,2026-04-12,pts,34.5,14.77625,19.723750000000003,0.0055,0.011868078211392907,0.0,1.0
KXNBAPTS-26APR12MILPHI-PHITMAXEY0-40,2026-04-12,pts,39.5,14.77625,24.723750000000003,0.0005,0.0037189278576434948,0.0,1.0
KXNBAPTS-26APR12MILPHI-PHIVEDGECOMBE77-15,2026-04-12,pts,14.5,12.133,2.367000000000001,0.31075,0.3045279877931669,0.0,1.0
KXNBAPTS-26APR12MILPHI-PHIVEDGECOMBE77-20,2026-04-12,pts,19.5,12.133,7.367000000000001,0.1055,0.11477210755446343,0.0,1.0
KXNBAPTS-26APR12MILPHI-PHIVEDGECOMBE77-25,2026-04-12,pts,24.5,12.133,12.367,0.029,0.03616088256132022,0.0,1.0
KXNBAPTS-26APR12MILPHI-PHIVEDGECOMBE77-30,2026-04-12,pts,29.5,12.133,17.367,0.0065,0.009991493191623402,0.0,1.0
KXNBAREB-26APR12MILPHI-PHIPGEORGE8-10,2026-04-12,reb,9.5,4.0005,5.4995,0.01425,0.022986346214287412,0.0,1.0
KXNBAREB-26APR12MILPHI-PHIPGEORGE8-12,2026-04-12,reb,11.5,4.0005,7.4995,0.00125,0.00557405900704111,0.0,1.0
KXNBAREB-26APR12MILPHI-PHIPGEORGE8-6,2026-04-12,reb,5.5,4.0005,1.4995000000000003,0.22225,0.23728264199943527,0.0,1.0
KXNBAREB-26APR12MILPHI-PHIPGEORGE8-7,2026-04-12,reb,6.5,4.0005,2.4995000000000003,0.1245,0.14295112045124325,0.0,1.0
KXNBAREB-26APR12MILPHI-PHIPGEORGE8-8,2026-04-12,reb,7.5,4.0005,3.4995000000000003,0.06425,0.08145197945197602,0.0,1.0
KXNBAREB-26APR12MILPHI-PHIVEDGECOMBE77-10,2026-04-12,reb,9.5,4.49125,5.00875,0.0235,0.04002535422172804,0.0,1.0
KXNBAREB-26APR12MILPHI-PHIVEDGECOMBE77-2,2026-04-12,reb,1.5,4.49125,-2.99125,0.93025,0.9003748748274656,1.0,1.0
KXNBAREB-26APR12MILPHI-PHIVEDGECOMBE77-4,2026-04-12,reb,3.5,4.49125,-0.99125,0.64475,0.6106414783520875,1.0,1.0
KXNBAREB-26APR12MILPHI-PHIVEDGECOMBE77-6,2026-04-12,reb,5.5,4.49125,1.00875,0.3045,0.3079850733895293,1.0,1.0
KXNBAREB-26APR12MILPHI-PHIVEDGECOMBE77-8,2026-04-12,reb,7.5,4.49125,3.00875,0.0945,0.12198859832575026,0.0,1.0
KXNBAAST-26APR12MILPHI-PHIPGEORGE8-2,2026-04-12,ast,1.5,2.551,-1.0510000000000002,0.714,0.689656265835252,1.0,1.0
KXNBAAST-26APR12MILPHI-PHIPGEORGE8-4,2026-04-12,ast,3.5,2.551,0.9489999999999998,0.2535,0.26222589550766173,0.0,1.0
KXNBAAST-26APR12MILPHI-PHIPGEORGE8-5,2026-04-12,ast,4.5,2.551,1.9489999999999998,0.1235,0.13568056509678839,0.0,1.0
KXNBAAST-26APR12MILPHI-PHIPGEORGE8-6,2026-04-12,ast,5.5,2.551,2.949,0.053,0.06408507202569302,0.0,1.0
KXNBAAST-26APR12MILPHI-PHIPGEORGE8-8,2026-04-12,ast,7.5,2.551,4.949,0.00725,0.011500883299412012,0.0,1.0
KXNBAAST-26APR12MILPHI-PHITMAXEY0-10,2026-04-12,ast,9.5,3.8165,5.6835,0.0095,0.017425870194932247,0.0,1.0
KXNBAAST-26APR12MILPHI-PHITMAXEY0-12,2026-04-12,ast,11.5,3.8165,7.6835,0.00125,0.003862137562840262,0.0,1.0
KXNBAAST-26APR12MILPHI-PHITMAXEY0-4,2026-04-12,ast,3.5,3.8165,-0.3165,0.52825,0.5047419531380858,0.0,1.0
KXNBAAST-26APR12MILPHI-PHITMAXEY0-6,2026-04-12,ast,5.5,3.8165,1.6835,0.203,0.21059572404709626,0.0,1.0
KXNBAAST-26APR12MILPHI-PHITMAXEY0-8,2026-04-12,ast,7.5,3.8165,3.6835,0.04825,0.06711025900617495,0.0,1.0
KXNBAAST-26APR12MILPHI-PHIVEDGECOMBE77-10,2026-04-12,ast,9.5,3.19675,6.30325,0.0015,0.0065749900831787444,1.0,1.0
KXNBAAST-26APR12MILPHI-PHIVEDGECOMBE77-2,2026-04-12,ast,1.5,3.19675,-1.6967500000000002,0.81725,0.7890800059562031,1.0,1.0
KXNBAAST-26APR12MILPHI-PHIVEDGECOMBE77-4,2026-04-12,ast,3.5,3.19675,0.3032499999999998,0.397,0.39021004918647373,1.0,1.0
KXNBAAST-26APR12MILPHI-PHIVEDGECOMBE77-6,2026-04-12,ast,5.5,3.19675,2.30325,0.10925,0.13026780536650695,1.0,1.0
KXNBAAST-26APR12MILPHI-PHIVEDGECOMBE77-8,2026-04-12,ast,7.5,3.19675,4.30325,0.019,0.03257420900551233,1.0,1.0
KXNBA3PT-26APR12MILPHI-PHITMAXEY0-2,2026-04-12,fg3m,1.5,1.464,0.03600000000000003,0.4225,0.416105334138249,1.0,1.0
KXNBA3PT-26APR12MILPHI-PHITMAXEY0-3,2026-04-12,fg3m,2.5,1.464,1.036,0.186,0.19251193939011912,0.0,1.0
KXNBA3PT-26APR12MILPHI-PHITMAXEY0-4,2026-04-12,fg3m,3.5,1.464,2.036,0.07075,0.07696974909724363,0.0,1.0
KXNBA3PT-26APR12MILPHI-PHITMAXEY0-5,2026-04-12,fg3m,4.5,1.464,3.036,0.0185,0.027541497656933034,0.0,1.0
KXNBA3PT-26APR12MILPHI-PHITMAXEY0-6,2026-04-12,fg3m,5.5,1.464,4.036,0.00525,0.009034595197170425,0.0,1.0
KXNBA3PT-26APR12MILPHI-PHIVEDGECOMBE77-1,2026-04-12,fg3m,0.5,1.28125,-0.78125,0.7205,0.6940766225725654,1.0,1.0
KXNBA3PT-26APR12MILPHI-PHIVEDGECOMBE77-2,2026-04-12,fg3m,1.5,1.28125,0.21875,0.36275,0.35844582664725344,0.0,1.0
KXNBA3PT-26APR12MILPHI-PHIVEDGECOMBE77-3,2026-04-12,fg3m,2.5,1.28125,1.21875,0.14425,0.15021570652934646,0.0,1.0
KXNBA3PT-26APR12MILPHI-PHIVEDGECOMBE77-4,2026-04-12,fg3m,3.5,1.28125,2.21875,0.0415,0.05411406911762118,0.0,1.0
KXNBA3PT-26APR12MILPHI-PHIVEDGECOMBE77-5,2026-04-12,fg3m,4.5,1.28125,3.21875,0.01025,0.017396742731547343,0.0,1.0
KXNBAPTS-26APR12SACPOR-PORDAVDIJA8-30,2026-04-12,pts,29.5,16.13775,13.36225,0.04025,0.05662128910344666,0.0,1.0
KXNBAPTS-26APR12SACPOR-PORDAVDIJA8-35,2026-04-12,pts,34.5,16.13775,18.36225,0.0115,0.021527186481338112,0.0,1.0
KXNBAPTS-26APR12SACPOR-PORDAVDIJA8-40,2026-04-12,pts,39.5,16.13775,23.36225,0.00225,0.007615030807643919,0.0,1.0
KXNBAPTS-26APR12SACPOR-PORDAVDIJA8-45,2026-04-12,pts,44.5,16.13775,28.36225,0.0,0.0025409707965141637,0.0,1.0
KXNBAPTS-26APR12SACPOR-PORDAVDIJA8-50,2026-04-12,pts,49.5,16.13775,33.36225,0.0,0.0008080442473653582,0.0,1.0
KXNBAPTS-26APR12SACPOR-PORDCLINGAN23-10,2026-04-12,pts,9.5,9.57825,-0.0782500000000006,0.45875,0.450931178513824,1.0,1.0
KXNBAPTS-26APR12SACPOR-PORDCLINGAN23-15,2026-04-12,pts,14.5,9.57825,4.921749999999999,0.17475,0.15375753321836538,0.0,1.0
KXNBAPTS-26APR12SACPOR-PORDCLINGAN23-20,2026-04-12,pts,19.5,9.57825,9.92175,0.04625,0.03929191534815957,0.0,1.0
KXNBAPTS-26APR12SACPOR-PORDCLINGAN23-25,2026-04-12,pts,24.5,9.57825,14.92175,0.007,0.008249648093494932,0.0,1.0
KXNBAPTS-26APR12SACPOR-PORJHOLIDAY5-15,2026-04-12,pts,14.5,12.02,2.4800000000000004,0.31075,0.29759785852771714,1.0,1.0
KXNBAPTS-26APR12SACPOR-PORJHOLIDAY5-20,2026-04-12,pts,19.5,12.02,7.48,0.11525,0.11060907030351819,1.0,1.0
KXNBAPTS-26APR12SACPOR-PORJHOLIDAY5-25,2026-04-12,pts,24.5,12.02,12.48,0.03075,0.03434079285562508,0.0,1.0
KXNBAPTS-26APR12SACPOR-PORJHOLIDAY5-30,2026-04-12,pts,29.5,12.02,17.48,0.007,0.009346373798040597,0.0,1.0
KXNBAPTS-26APR12SACPOR-PORTCAMARA33-10,2026-04-12,pts,9.5,12.1415,-2.6415000000000006,0.63475,0.6295541496056785,1.0,1.0
KXNBAPTS-26APR12SACPOR-PORTCAMARA33-15,2026-04-12,pts,14.5,12.1415,2.3584999999999994,0.32225,0.3050492399898055,1.0,1.0
KXNBAPTS-26APR12SACPOR-PORTCAMARA33-20,2026-04-12,pts,19.5,12.1415,7.358499999999999,0.125,0.11508790700970262,0.0,1.0
KXNBAPTS-26APR12SACPOR-PORTCAMARA33-25,2026-04-12,pts,24.5,12.1415,12.3585,0.03375,0.03630012746299194,0.0,1.0
KXNBAPTS-26APR12SACPOR-SACPACHIUWA9-10,2026-04-12,pts,9.5,9.35775,0.14225000000000065,0.437,0.43314790437401873,1.0,1.0
KXNBAPTS-26APR12SACPOR-SACPACHIUWA9-15,2026-04-12,pts,14.5,9.35775,5.142250000000001,0.1585,0.14203216097752258,1.0,1.0
KXNBAPTS-26APR12SACPOR-SACPACHIUWA9-20,2026-04-12,pts,19.5,9.35775,10.14225,0.03925,0.03478778095626056,1.0,1.0
KXNBAPTS-26APR12SACPOR-SACPACHIUWA9-25,2026-04-12,pts,24.5,9.35775,15.14225,0.00875,0.0069902083072751475,1.0,1.0
KXNBAREB-26APR12SACPOR-PORDAVDIJA8-10,2026-04-12,reb,9.5,4.98125,4.51875,0.046,0.0631777690193801,0.0,1.0
KXNBAREB-26APR12SACPOR-PORDAVDIJA8-12,2026-04-12,reb,11.5,4.98125,6.51875,0.01125,0.02042210822093471,0.0,1.0
KXNBAREB-26APR12SACPOR-PORDAVDIJA8-14,2026-04-12,reb,13.5,4.98125,8.51875,0.0015,0.00588396219113696,0.0,1.0
KXNBAREB-26APR12SACPOR-PORDAVDIJA8-16,2026-04-12,reb,15.5,4.98125,10.51875,0.00025,0.001543290206090564,0.0,1.0
KXNBAREB-26APR12SACPOR-PORDAVDIJA8-8,2026-04-12,reb,7.5,4.98125,2.51875,0.1525,0.16936417775935075,0.0,1.0
KXNBAREB-26APR12SACPOR-PORDCLINGAN23-10,2026-04-12,reb,9.5,6.1695,3.3305,0.11475,0.14352635191148488,1.0,1.0
KXNBAREB-26APR12SACPOR-PORDCLINGAN23-12,2026-04-12,reb,11.5,6.1695,5.3305,0.03625,0.05983811560069219,0.0,1.0
KXNBAREB-26APR12SACPOR-PORDCLINGAN23-13,2026-04-12,reb,12.5,6.1695,6.3305,0.019,0.0370482270712148,0.0,1.0
KXNBAREB-26APR12SACPOR-PORDCLINGAN23-14,2026-04-12,reb,13.5,6.1695,7.3305,0.008,0.02238134016711546,0.0,1.0
KXNBAREB-26APR12SACPOR-PORDCLINGAN23-16,2026-04-12,reb,15.5,6.1695,9.3305,0.00175,0.007652564938082529,0.0,1.0
KXNBAREB-26APR12SACPOR-PORJHOLIDAY5-2,2026-04-12,reb,1.5,4.426,-2.926,0.91975,0.8965466320393455,1.0,1.0
KXNBAREB-26APR12SACPOR-PORJHOLIDAY5-4,2026-04-12,reb,3.5,4.426,-0.9260000000000002,0.62325,0.6011352912821122,1.0,1.0
KXNBAREB-26APR12SACPOR-PORJHOLIDAY5-5,2026-04-12,reb,4.5,4.426,0.07399999999999984,0.4485,0.4383746426825824,1.0,1.0
KXNBAREB-26APR12SACPOR-PORJHOLIDAY5-6,2026-04-12,reb,5.5,4.426,1.0739999999999998,0.294,0.29849412617110105,1.0,1.0
KXNBAREB-26APR12SACPOR-PORJHOLIDAY5-8,2026-04-12,reb,7.5,4.426,3.074,0.09575,0.11616366383414334,0.0,1.0
KXNBAREB-26APR12SACPOR-SACPACHIUWA9-10,2026-04-12,reb,9.5,4.57675,4.92325,0.03575,0.04361813787453728,1.0,1.0
KXNBAREB-26APR12SACPOR-SACPACHIUWA9-12,2026-04-12,reb,11.5,4.57675,6.92325,0.008,0.012655948279405638,0.0,1.0
KXNBAREB-26APR12SACPOR-SACPACHIUWA9-4,2026-04-12,reb,3.5,4.57675,-1.0767499999999997,0.637,0.6228202937698619,1.0,1.0
KXNBAREB-26APR12SACPOR-SACPACHIUWA9-6,2026-04-12,reb,5.5,4.57675,0.9232500000000003,0.32175,0.3204303856902032,1.0,1.0
KXNBAREB-26APR12SACPOR-SACPACHIUWA9-8,2026-04-12,reb,7.5,4.57675,2.9232500000000003,0.122,0.12980657729184897,1.0,1.0
KXNBAAST-26APR12SACPOR-PORDAVDIJA8-10,2026-04-12,ast,9.5,3.71275,5.78725,0.00775,0.01507611807960596,1.0,1.0
KXNBAAST-26APR12SACPOR-PORDAVDIJA8-12,2026-04-12,ast,11.5,3.71275,7.78725,0.001,0.003213444276680244,0.0,1.0
KXNBAAST-26APR12SACPOR-PORDAVDIJA8-4,2026-04-12,ast,3.5,3.71275,-0.21275000000000022,0.4925,0.4864919427862202,1.0,1.0
KXNBAAST-26APR12SACPOR-PORDAVDIJA8-6,2026-04-12,ast,5.5,3.71275,1.7872499999999998,0.1915,0.19633633831237607,1.0,1.0
KXNBAAST-26APR12SACPOR-PORDAVDIJA8-8,2026-04-12,ast,7.5,3.71275,3.78725,0.04375,0.06031974996248979,1.0,1.0
KXNBAAST-26APR12SACPOR-PORDCLINGAN23-2,2026-04-12,ast,1.5,1.884,-0.3839999999999999,0.55275,0.5412716976501318,0.0,1.0
KXNBAAST-26APR12SACPOR-PORDCLINGAN23-3,2026-04-12,ast,2.5,1.884,0.6160000000000001,0.29225,0.2937679909288262,0.0,1.0
KXNBAAST-26APR12SACPOR-PORDCLINGAN23-4,2026-04-12,ast,3.5,1.884,1.616,0.1245,0.13690885334711134,0.0,1.0
KXNBAAST-26APR12SACPOR-PORDCLINGAN23-6,2026-04-12,ast,5.5,1.884,3.616,0.0165,0.021133581814578917,0.0,1.0
KXNBAAST-26APR12SACPOR-PORDCLINGAN23-8,2026-04-12,ast,7.5,1.884,5.616,0.00175,0.0023489292106818604,0.0,1.0
KXNBAAST-26APR12SACPOR-PORJHOLIDAY5-10,2026-04-12,ast,9.5,3.49075,6.00925,0.0045,0.010804555088006151,0.0,1.0
KXNBAAST-26APR12SACPOR-PORJHOLIDAY5-12,2026-04-12,ast,11.5,3.49075,8.00925,0.00025,0.002107734892301316,0.0,1.0
KXNBAAST-26APR12SACPOR-PORJHOLIDAY5-6,2026-04-12,ast,5.5,3.49075,2.00925,0.1415,0.1668015668412013,0.0,1.0
KXNBAAST-26APR12SACPOR-PORJHOLIDAY5-7,2026-04-12,ast,6.5,3.49075,3.00925,0.07225,0.09138252243742628,0.0,1.0
KXNBAAST-26APR12SACPOR-PORJHOLIDAY5-8,2026-04-12,ast,7.5,3.49075,4.00925,0.0345,0.04714697542221913,0.0,1.0
KXNBA3PT-26APR12SACPOR-PORDAVDIJA8-1,2026-04-12,fg3m,0.5,1.0355,-0.5355000000000001,0.6385,0.6213091951809444,1.0,1.0
KXNBA3PT-26APR12SACPOR-PORDAVDIJA8-2,2026-04-12,fg3m,1.5,1.0355,0.4644999999999999,0.2765,0.27601429292877055,1.0,1.0
KXNBA3PT-26APR12SACPOR-PORDAVDIJA8-3,2026-04-12,fg3m,2.5,1.0355,1.4645,0.09125,0.09796994855517838,1.0,1.0
KXNBA3PT-26APR12SACPOR-PORDAVDIJA8-4,2026-04-12,fg3m,3.5,1.0355,2.4645,0.023,0.029677656377918193,1.0,1.0
KXNBA3PT-26APR12SACPOR-PORDAVDIJA8-5,2026-04-12,fg3m,4.5,1.0355,3.4645,0.005,0.00799221722002419,1.0,1.0
KXNBAPTS-26APR12DENSAS-DENNJOKIC15-15,2026-04-12,pts,14.5,15.733,-1.2330000000000005,0.54925,0.5127646035348805,1.0,1.0
KXNBAPTS-26APR12DENSAS-DENNJOKIC15-20,2026-04-12,pts,19.5,15.733,3.7669999999999995,0.26825,0.27149233276964935,1.0,1.0
KXNBAPTS-26APR12DENSAS-DENNJOKIC15-25,2026-04-12,pts,24.5,15.733,8.767,0.09475,0.12313616373460023,0.0,1.0
KXNBAPTS-26APR12DENSAS-DENNJOKIC15-30,2026-04-12,pts,29.5,15.733,13.767,0.03275,0.04962200870437561,0.0,1.0
KXNBAPTS-26APR12DENSAS-SASDFOX4-10,2026-04-12,pts,9.5,12.08775,-2.5877499999999998,0.64075,0.6263748534077573,1.0,1.0
KXNBAPTS-26APR12DENSAS-SASDFOX4-15,2026-04-12,pts,14.5,12.08775,2.4122500000000002,0.309,0.3017529359423825,1.0,1.0
KXNBAPTS-26APR12DENSAS-SASDFOX4-20,2026-04-12,pts,19.5,12.08775,7.41225,0.1075,0.11309714947941307,1.0,1.0
KXNBAPTS-26APR12DENSAS-SASDFOX4-25,2026-04-12,pts,24.5,12.08775,12.41225,0.0305,0.03542511162535977,0.0,1.0
KXNBAPTS-26APR12DENSAS-SASDFOX4-30,2026-04-12,pts,29.5,12.08775,17.41225,0.00725,0.009729470780320049,0.0,1.0
KXNBAREB-26APR12DENSAS-DENNJOKIC15-10,2026-04-12,reb,9.5,7.3075,2.1925,0.22475,0.24415059468166356,0.0,1.0
KXNBAREB-26APR12DENSAS-DENNJOKIC15-12,2026-04-12,reb,11.5,7.3075,4.1925,0.08575,0.12198514350905665,0.0,1.0
KXNBAREB-26APR12DENSAS-DENNJOKIC15-14,2026-04-12,reb,13.5,7.3075,6.1925,0.02875,0.05504168231477191,0.0,1.0
KXNBAREB-26APR12DENSAS-DENNJOKIC15-6,2026-04-12,reb,5.5,7.3075,-1.8075,0.71225,0.6645736671888315,1.0,1.0
KXNBAREB-26APR12DENSAS-DENNJOKIC15-8,2026-04-12,reb,7.5,7.3075,0.1924999999999999,0.44275,0.4326938998554728,1.0,1.0
KXNBAREB-26APR12DENSAS-SASDFOX4-10,2026-04-12,reb,9.5,3.49675,6.0032499999999995,0.003,0.011388133912073162,0.0,1.0
KXNBAREB-26APR12DENSAS-SASDFOX4-2,2026-04-12,reb,1.5,3.49675,-1.99675,0.841,0.8217726493540478,1.0,1.0
KXNBAREB-26APR12DENSAS-SASDFOX4-4,2026-04-12,reb,3.5,3.49675,0.003249999999999975,0.462,0.44648373192804003,1.0,1.0
KXNBAREB-26APR12DENSAS-SASDFOX4-6,2026-04-12,reb,5.5,3.49675,2.00325,0.15825,0.16865666048042027,1.0,1.0
KXNBAREB-26APR12DENSAS-SASDFOX4-8,2026-04-12,reb,7.5,3.49675,4.0032499999999995,0.03175,0.04851871951183484,0.0,1.0
KXNBAAST-26APR12DENSAS-DENNJOKIC15-10,2026-04-12,ast,9.5,5.367,4.133,0.05625,0.08405973993901816,0.0,1.0
KXNBAAST-26APR12DENSAS-DENNJOKIC15-12,2026-04-12,ast,11.5,5.367,6.133,0.0125,0.02925249657929474,0.0,1.0
KXNBAAST-26APR12DENSAS-DENNJOKIC15-6,2026-04-12,ast,5.5,5.367,0.133,0.4405,0.43421390004250204,0.0,1.0
KXNBAAST-26APR12DENSAS-DENNJOKIC15-8,2026-04-12,ast,7.5,5.367,2.133,0.185,0.20902676424012967,0.0,1.0
KXNBAAST-26APR12DENSAS-DENNJOKIC15-9,2026-04-12,ast,8.5,5.367,3.133,0.1045,0.13524500717251675,0.0,1.0
KXNBAAST-26APR12DENSAS-SASDFOX4-10,2026-04-12,ast,9.5,3.36825,6.13175,0.004,0.008857594668451485,0.0,1.0
KXNBAAST-26APR12DENSAS-SASDFOX4-12,2026-04-12,ast,11.5,3.36825,8.13175,0.0005,0.0016401989348752144,0.0,1.0
KXNBAAST-26APR12DENSAS-SASDFOX4-4,2026-04-12,ast,3.5,3.36825,0.1317499999999998,0.421,0.42311797978866905,1.0,1.0
KXNBAAST-26APR12DENSAS-SASDFOX4-6,2026-04-12,ast,5.5,3.36825,2.13175,0.14625,0.15118116938393578,0.0,1.0
KXNBAAST-26APR12DENSAS-SASDFOX4-8,2026-04-12,ast,7.5,3.36825,4.13175,0.0325,0.04067789425265944,0.0,1.0
KXNBA3PT-26APR12DENSAS-DENNJOKIC15-1,2026-04-12,fg3m,0.5,0.8985,-0.39849999999999997,0.58225,0.5723439962610939,1.0,1.0
KXNBA3PT-26APR12DENSAS-DENNJOKIC15-2,2026-04-12,fg3m,1.5,0.8985,0.6015,0.22975,0.22855969267842857,0.0,1.0
KXNBA3PT-26APR12DENSAS-DENNJOKIC15-3,2026-04-12,fg3m,2.5,0.8985,1.6015000000000001,0.067,0.07227727406483087,0.0,1.0
KXNBA3PT-26APR12DENSAS-DENNJOKIC15-4,2026-04-12,fg3m,3.5,0.8985,2.6015,0.01575,0.019427918684836953,0.0,1.0
KXNBA3PT-26APR12DENSAS-DENNJOKIC15-5,2026-04-12,fg3m,4.5,0.8985,3.6015,0.00325,0.0046326692936004,0.0,1.0
KXNBA3PT-26APR12DENSAS-SASDFOX4-1,2026-04-12,fg3m,0.5,1.12125,-0.6212500000000001,0.667,0.6487199870000401,1.0,1.0
KXNBA3PT-26APR12DENSAS-SASDFOX4-2,2026-04-12,fg3m,1.5,1.12125,0.3787499999999999,0.2995,0.3052913573972533,1.0,1.0
KXNBA3PT-26APR12DENSAS-SASDFOX4-3,2026-04-12,fg3m,2.5,1.12125,1.37875,0.1105,0.11542318814490216,1.0,1.0
KXNBA3PT-26APR12DENSAS-SASDFOX4-4,2026-04-12,fg3m,3.5,1.12125,2.37875,0.0295,0.03733716237142726,1.0,1.0
KXNBA3PT-26APR12DENSAS-SASDFOX4-5,2026-04-12,fg3m,4.5,1.12125,3.37875,0.01025,0.01075149898943184,0.0,1.0
KXNBAPTS-26APR12BKNTOR-TORIQUICKLEY5-10,2026-04-12,pts,9.5,9.24675,0.25324999999999953,0.4425,0.4240752523568936,0.0,1.0
KXNBAPTS-26APR12BKNTOR-TORIQUICKLEY5-15,2026-04-12,pts,14.5,9.24675,5.2532499999999995,0.16075,0.13625660856433297,0.0,1.0
KXNBAPTS-26APR12BKNTOR-TORIQUICKLEY5-20,2026-04-12,pts,19.5,9.24675,10.25325,0.041,0.032646043460109464,0.0,1.0
KXNBAPTS-26APR12BKNTOR-TORIQUICKLEY5-25,2026-04-12,pts,24.5,9.24675,15.25325,0.01,0.006412160183155047,0.0,1.0
KXNBAPTS-26APR12BKNTOR-TORSBARNES4-10,2026-04-12,pts,9.5,10.4285,-0.9284999999999997,0.528,0.5161754670048164,1.0,1.0
KXNBAPTS-26APR12BKNTOR-TORSBARNES4-15,2026-04-12,pts,14.5,10.4285,4.0715,0.2105,0.20159723299031906,1.0,1.0
KXNBAPTS-26APR12BKNTOR-TORSBARNES4-20,2026-04-12,pts,19.5,10.4285,9.0715,0.061,0.05976981655421931,0.0,1.0
KXNBAPTS-26APR12BKNTOR-TORSBARNES4-25,2026-04-12,pts,24.5,10.4285,14.0715,0.0095,0.014643175015559118,0.0,1.0
KXNBAPTS-26APR12BKNTOR-TORSBARNES4-30,2026-04-12,pts,29.5,10.4285,19.0715,0.00175,0.0031272169383560477,0.0,1.0
KXNBAREB-26APR12BKNTOR-TORIQUICKLEY5-10,2026-04-12,reb,9.5,3.48275,6.017250000000001,0.009,0.011141961756775287,0.0,1.0
KXNBAREB-26APR12BKNTOR-TORIQUICKLEY5-2,2026-04-12,reb,1.5,3.48275,-1.9827499999999998,0.8315,0.8202920363187234,1.0,1.0
KXNBAREB-26APR12BKNTOR-TORIQUICKLEY5-4,2026-04-12,reb,3.5,3.48275,0.01725000000000021,0.4475,0.4439012305766531,0.0,1.0
KXNBAREB-26APR12BKNTOR-TORIQUICKLEY5-6,2026-04-12,reb,5.5,3.48275,2.01725,0.16575,0.1668456450843484,0.0,1.0
KXNBAREB-26APR12BKNTOR-TORIQUICKLEY5-8,2026-04-12,reb,7.5,3.48275,4.017250000000001,0.037,0.04773804807263804,0.0,1.0
KXNBAREB-26APR12BKNTOR-TORSBARNES4-10,2026-04-12,reb,9.5,4.34525,5.15475,0.0225,0.03432447150135165,1.0,1.0
KXNBAREB-26APR12BKNTOR-TORSBARNES4-12,2026-04-12,reb,11.5,4.34525,7.15475,0.00375,0.009303662334289253,1.0,1.0
KXNBAREB-26APR12BKNTOR-TORSBARNES4-4,2026-04-12,reb,3.5,4.34525,-0.8452500000000001,0.618,0.5891168613873483,1.0,1.0
KXNBAREB-26APR12BKNTOR-TORSBARNES4-6,2026-04-12,reb,5.5,4.34525,1.15475,0.2735,0.28676839285106526,1.0,1.0
KXNBAREB-26APR12BKNTOR-TORSBARNES4-8,2026-04-12,reb,7.5,4.34525,3.15475,0.0865,0.10913100469828241,1.0,1.0
KXNBAAST-26APR12BKNTOR-TORIQUICKLEY5-10,2026-04-12,ast,9.5,2.701,6.7989999999999995,0.00075,0.0023755219597708654,0.0,1.0
KXNBAAST-26APR12BKNTOR-TORIQUICKLEY5-2,2026-04-12,ast,1.5,2.701,-1.201,0.73675,0.7161976908719279,1.0,1.0
KXNBAAST-26APR12BKNTOR-TORIQUICKLEY5-4,2026-04-12,ast,3.5,2.701,0.7989999999999999,0.28475,0.2920988684971362,1.0,1.0
KXNBAAST-26APR12BKNTOR-TORIQUICKLEY5-6,2026-04-12,ast,5.5,2.701,2.799,0.069,0.07746012661355184,0.0,1.0
KXNBAAST-26APR12BKNTOR-TORIQUICKLEY5-8,2026-04-12,ast,7.5,2.701,4.7989999999999995,0.01125,0.015152801068019306,0.0,1.0
KXNBAAST-26APR12BKNTOR-TORSBARNES4-10,2026-04-12,ast,9.5,3.51075,5.98925,0.005,0.011149123834549135,1.0,1.0
KXNBAAST-26APR12BKNTOR-TORSBARNES4-12,2026-04-12,ast,11.5,3.51075,7.98925,0.0005,0.0021930371656654346,1.0,1.0
KXNBAAST-26APR12BKNTOR-TORSBARNES4-4,2026-04-12,ast,3.5,3.51075,-0.010749999999999815,0.4555,0.44981687999797415,1.0,1.0
KXNBAAST-26APR12BKNTOR-TORSBARNES4-6,2026-04-12,ast,5.5,3.51075,1.9892500000000002,0.15425,0.16940081138729246,1.0,1.0
KXNBAAST-26APR12BKNTOR-TORSBARNES4-8,2026-04-12,ast,7.5,3.51075,3.98925,0.0375,0.048257252095815106,1.0,1.0
KXNBAPTS-26APR10CLEATL-ATLCMCCOLLUM3-15,2026-04-10,pts,14.5,11.871,2.6289999999999996,0.30675,0.2884619112779542,1.0,1.0
KXNBAPTS-26APR10CLEATL-ATLCMCCOLLUM3-20,2026-04-10,pts,19.5,11.871,7.629,0.10775,0.1052220294006111,1.0,1.0
KXNBAPTS-26APR10CLEATL-ATLCMCCOLLUM3-25,2026-04-10,pts,24.5,11.871,12.629,0.0235,0.03202889931063557,1.0,1.0
KXNBAPTS-26APR10CLEATL-ATLCMCCOLLUM3-30,2026-04-10,pts,29.5,11.871,17.628999999999998,0.00475,0.00854200070747868,0.0,1.0
KXNBAPTS-26APR10CLEATL-ATLDDANIELS5-10,2026-04-10,pts,9.5,9.96275,-0.4627499999999998,0.493,0.4811205013502028,1.0,1.0
KXNBAPTS-26APR10CLEATL-ATLDDANIELS5-15,2026-04-10,pts,14.5,9.96275,4.53725,0.18475,0.17492689917401483,0.0,1.0
KXNBAPTS-26APR10CLEATL-ATLDDANIELS5-20,2026-04-10,pts,19.5,9.96275,9.53725,0.04775,0.047942923208345256,0.0,1.0
KXNBAPTS-26APR10CLEATL-ATLDDANIELS5-25,2026-04-10,pts,24.5,9.96275,14.53725,0.0115,0.01082384238123113,0.0,1.0
KXNBAPTS-26APR10CLEATL-ATLJJOHNSON1-20,2026-04-10,pts,19.5,13.11125,6.38875,0.152,0.1533378373309373,0.0,1.0
KXNBAPTS-26APR10CLEATL-ATLJJOHNSON1-25,2026-04-10,pts,24.5,13.11125,11.38875,0.0435,0.054337042921095646,0.0,1.0
KXNBAPTS-26APR10CLEATL-ATLJJOHNSON1-30,2026-04-10,pts,29.5,13.11125,16.38875,0.00975,0.016945678919066176,0.0,1.0
KXNBAPTS-26APR10CLEATL-ATLJJOHNSON1-35,2026-04-10,pts,34.5,13.11125,21.38875,0.001,0.0047947280665840974,0.0,1.0
KXNBAPTS-26APR10CLEATL-ATLJKUMINGA0-10,2026-04-10,pts,9.5,8.419,1.0809999999999995,0.368,0.3542925118588557,1.0,1.0
KXNBAPTS-26APR10CLEATL-ATLJKUMINGA0-15,2026-04-10,pts,14.5,8.419,6.0809999999999995,0.1125,0.09628825351170278,1.0,1.0
KXNBAPTS-26APR10CLEATL-ATLJKUMINGA0-20,2026-04-10,pts,19.5,8.419,11.081,0.029,0.019269987014735368,0.0,1.0
KXNBAPTS-26APR10CLEATL-ATLJKUMINGA0-25,2026-04-10,pts,24.5,8.419,16.081,0.0065,0.0031441382492050085,0.0,1.0
KXNBAPTS-26APR10CLEATL-ATLNALEXANDERWALKER7-15,2026-04-10,pts,14.5,15.021,-0.5210000000000008,0.49325,0.47468636079322735,1.0,1.0
KXNBAPTS-26APR10CLEATL-ATLNALEXANDERWALKER7-20,2026-04-10,pts,19.5,15.021,4.478999999999999,0.238,0.23810571276206538,0.0,1.0
KXNBAPTS-26APR10CLEATL-ATLNALEXANDERWALKER7-25,2026-04-10,pts,24.5,15.021,9.479,0.093,0.10182373281304868,0.0,1.0
KXNBAPTS-26APR10CLEATL-ATLNALEXANDERWALKER7-30,2026-04-10,pts,29.5,15.021,14.479,0.027,0.03858860170384293,0.0,1.0
KXNBAPTS-26APR10CLEATL-ATLOOKONGWU17-10,2026-04-10,pts,9.5,10.1505,-0.6504999999999992,0.50475,0.4954579665100588,0.0,1.0
KXNBAPTS-26APR10CLEATL-ATLOOKONGWU17-15,2026-04-10,pts,14.5,10.1505,4.349500000000001,0.2025,0.1855568565124983,0.0,1.0
KXNBAPTS-26APR10CLEATL-ATLOOKONGWU17-20,2026-04-10,pts,19.5,10.1505,9.3495,0.061,0.05253415714198517,0.0,1.0
KXNBAPTS-26APR10CLEATL-ATLOOKONGWU17-25,2026-04-10,pts,24.5,10.1505,14.3495,0.01325,0.012267212392685134,0.0,1.0
KXNBAPTS-26APR10CLEATL-CLEEMOBLEY4-15,2026-04-10,pts,14.5,11.77775,2.7222500000000007,0.28775,0.2827482080816762,0.0,1.0
KXNBAPTS-26APR10CLEATL-CLEEMOBLEY4-20,2026-04-10,pts,19.5,11.77775,7.722250000000001,0.09,0.10191134240545685,0.0,1.0
KXNBAPTS-26APR10CLEATL-CLEEMOBLEY4-25,2026-04-10,pts,24.5,11.77775,12.72225,0.02175,0.030632757157713963,0.0,1.0
KXNBAPTS-26APR10CLEATL-CLEEMOBLEY4-30,2026-04-10,pts,29.5,11.77775,17.722250000000003,0.004,0.008064687445835883,0.0,1.0
KXNBAPTS-26APR10CLEATL-CLEJHARDEN1-15,2026-04-10,pts,14.5,12.98225,1.5177499999999995,0.3685,0.3563657281471041,1.0,1.0
KXNBAPTS-26APR10CLEATL-CLEJHARDEN1-20,2026-04-10,pts,19.5,12.98225,6.5177499999999995,0.14525,0.14801532922701455,1.0,1.0
KXNBAPTS-26APR10CLEATL-CLEJHARDEN1-25,2026-04-10,pts,24.5,12.98225,11.51775,0.04675,0.05169251682887399,0.0,1.0
KXNBAPTS-26APR10CLEATL-CLEJHARDEN1-30,2026-04-10,pts,29.5,12.98225,16.51775,0.01025,0.015880446799908965,0.0,1.0
KXNBAREB-26APR10CLEATL-ATLDDANIELS5-10,2026-04-10,reb,9.5,5.207,4.293,0.0555,0.0759135956102247,1.0,1.0
KXNBAREB-26APR10CLEATL-ATLDDANIELS5-12,2026-04-10,reb,11.5,5.207,6.293,0.014,0.02592469079170423,0.0,1.0
KXNBAREB-26APR10CLEATL-ATLDDANIELS5-6,2026-04-10,reb,5.5,5.207,0.29300000000000015,0.4205,0.411155882325162,1.0,1.0
KXNBAREB-26APR10CLEATL-ATLDDANIELS5-7,2026-04-10,reb,6.5,5.207,1.2930000000000001,0.2715,0.28875165111575296,1.0,1.0
KXNBAREB-26APR10CLEATL-ATLDDANIELS5-8,2026-04-10,reb,7.5,5.207,2.293,0.16825,0.19301521206958772,1.0,1.0
KXNBAREB-26APR10CLEATL-ATLJJOHNSON1-10,2026-04-10,reb,9.5,6.208,3.292,0.11325,0.1466260514765514,0.0,1.0
KXNBAREB-26APR10CLEATL-ATLJJOHNSON1-12,2026-04-10,reb,11.5,6.208,5.292,0.039,0.061558738500790744,0.0,1.0
KXNBAREB-26APR10CLEATL-ATLJJOHNSON1-14,2026-04-10,reb,13.5,6.208,7.292,0.00925,0.023191294756364278,0.0,1.0
KXNBAREB-26APR10CLEATL-ATLJJOHNSON1-6,2026-04-10,reb,5.5,6.208,-0.7080000000000002,0.56825,0.5438658768352563,1.0,1.0
KXNBAREB-26APR10CLEATL-ATLJJOHNSON1-8,2026-04-10,reb,7.5,6.208,1.2919999999999998,0.293,0.30604002453696477,1.0,1.0
KXNBAREB-26APR10CLEATL-ATLJKUMINGA0-10,2026-04-10,reb,9.5,3.5475,5.952500000000001,0.0085,0.012312713956232457,0.0,1.0
KXNBAREB-26APR10CLEATL-ATLJKUMINGA0-2,2026-04-10,reb,1.5,3.5475,-2.0475,0.83675,0.8270359629324032,1.0,1.0
KXNBAREB-26APR10CLEATL-ATLJKUMINGA0-4,2026-04-10,reb,3.5,3.5475,-0.047499999999999876,0.46225,0.455790678858747,1.0,1.0
KXNBAREB-26APR10CLEATL-ATLJKUMINGA0-6,2026-04-10,reb,5.5,3.5475,1.9525000000000001,0.165,0.17527353871454476,0.0,1.0
KXNBAREB-26APR10CLEATL-ATLJKUMINGA0-8,2026-04-10,reb,7.5,3.5475,3.9525,0.04425,0.05141059058815456,0.0,1.0
KXNBAREB-26APR10CLEATL-ATLNALEXANDERWALKER7-10,2026-04-10,reb,9.5,3.78275,5.71725,0.01075,0.017290784200702847,0.0,1.0
KXNBAREB-26APR10CLEATL-ATLNALEXANDERWALKER7-2,2026-04-10,reb,1.5,3.78275,-2.28275,0.88025,0.8494255895057441,0.0,1.0
KXNBAREB-26APR10CLEATL-ATLNALEXANDERWALKER7-4,2026-04-10,reb,3.5,3.78275,-0.28275000000000006,0.516,0.49773931217531153,0.0,1.0
KXNBAREB-26APR10CLEATL-ATLNALEXANDERWALKER7-6,2026-04-10,reb,5.5,3.78275,1.71725,0.18825,0.20689581089970976,0.0,1.0
KXNBAREB-26APR10CLEATL-ATLNALEXANDERWALKER7-8,2026-04-10,reb,7.5,3.78275,3.71725,0.048,0.0660746544311408,0.0,1.0
KXNBAREB-26APR10CLEATL-ATLOOKONGWU17-10,2026-04-10,reb,9.5,4.733,4.767,0.033,0.050672382525448034,0.0,1.0
KXNBAREB-26APR10CLEATL-ATLOOKONGWU17-12,2026-04-10,reb,11.5,4.733,6.767,0.00725,0.015353110262900538,0.0,1.0
KXNBAREB-26APR10CLEATL-ATLOOKONGWU17-4,2026-04-10,reb,3.5,4.733,-1.2329999999999997,0.67475,0.6442669800866415,1.0,1.0
KXNBAREB-26APR10CLEATL-ATLOOKONGWU17-6,2026-04-10,reb,5.5,4.733,0.7670000000000003,0.33925,0.3431532708898296,0.0,1.0
KXNBAREB-26APR10CLEATL-ATLOOKONGWU17-8,2026-04-10,reb,7.5,4.733,2.7670000000000003,0.1255,0.1446081187629682,0.0,1.0
KXNBAREB-26APR10CLEATL-CLEEMOBLEY4-10,2026-04-10,reb,9.5,5.60025,3.89975,0.0775,0.10107146186674598,0.0,1.0
KXNBAREB-26APR10CLEATL-CLEEMOBLEY4-12,2026-04-10,reb,11.5,5.60025,5.89975,0.0195,0.037682572072958886,0.0,1.0
KXNBAREB-26APR10CLEATL-CLEEMOBLEY4-4,2026-04-10,reb,3.5,5.60025,-2.10025,0.777,0.7450934893274231,1.0,1.0
KXNBAREB-26APR10CLEATL-CLEEMOBLEY4-6,2026-04-10,reb,5.5,5.60025,-0.10024999999999995,0.4855,0.46548593208962674,1.0,1.0
KXNBAREB-26APR10CLEATL-CLEEMOBLEY4-8,2026-04-10,reb,7.5,5.60025,1.89975,0.2215,0.23622494392782667,0.0,1.0
KXNBAREB-26APR10CLEATL-CLEJHARDEN1-2,2026-04-10,reb,1.5,4.00075,-2.50075,0.896,0.8675007044237476,0.0,1.0
KXNBAREB-26APR10CLEATL-CLEJHARDEN1-4,2026-04-10,reb,3.5,4.00075,-0.50075,0.5565,0.5347115839757308,0.0,1.0
KXNBAREB-26APR10CLEATL-CLEJHARDEN1-5,2026-04-10,reb,4.5,4.00075,0.49924999999999997,0.3805,0.369502822938778,0.0,1.0
KXNBAREB-26APR10CLEATL-CLEJHARDEN1-6,2026-04-10,reb,5.5,4.00075,1.49925,0.21775,0.23731801238096306,0.0,1.0
KXNBAREB-26APR10CLEATL-CLEJHARDEN1-8,2026-04-10,reb,7.5,4.00075,3.49925,0.05925,0.08147060193224143,0.0,1.0
KXNBAAST-26APR10CLEATL-ATLCMCCOLLUM3-2,2026-04-10,ast,1.5,2.88675,-1.3867500000000001,0.76775,0.7460297469277051,1.0,1.0
KXNBAAST-26APR10CLEATL-ATLCMCCOLLUM3-4,2026-04-10,ast,3.5,2.88675,0.6132499999999999,0.33525,0.3291593831909545,1.0,1.0
KXNBAAST-26APR10CLEATL-ATLCMCCOLLUM3-5,2026-04-10,ast,4.5,2.88675,1.6132499999999999,0.18425,0.18549416861840862,0.0,1.0
KXNBAAST-26APR10CLEATL-ATLCMCCOLLUM3-6,2026-04-10,ast,5.5,2.88675,2.61325,0.083,0.09577908271172586,0.0,1.0
KXNBAAST-26APR10CLEATL-ATLCMCCOLLUM3-8,2026-04-10,ast,7.5,2.88675,4.61325,0.01175,0.020676070098174515,0.0,1.0
KXNBAAST-26APR10CLEATL-ATLJJOHNSON1-10,2026-04-10,ast,9.5,3.6905,5.8095,0.00625,0.01460239332026747,0.0,1.0
KXNBAAST-26APR10CLEATL-ATLJJOHNSON1-12,2026-04-10,ast,11.5,3.6905,7.8095,0.00025,0.0030859419800157717,0.0,1.0
KXNBAAST-26APR10CLEATL-ATLJJOHNSON1-4,2026-04-10,ast,3.5,3.6905,-0.1905000000000001,0.50425,0.48252460588487545,0.0,1.0
KXNBAAST-26APR10CLEATL-ATLJJOHNSON1-6,2026-04-10,ast,5.5,3.6905,1.8094999999999999,0.18125,0.19331302221795343,0.0,1.0
KXNBAAST-26APR10CLEATL-ATLJJOHNSON1-8,2026-04-10,ast,7.5,3.6905,3.8095,0.04025,0.05891572632141806,0.0,1.0
KXNBAAST-26APR10CLEATL-ATLNALEXANDERWALKER7-10,2026-04-10,ast,9.5,2.5195,6.9805,0.00025,0.0015230722644004047,0.0,1.0
KXNBAAST-26APR10CLEATL-ATLNALEXANDERWALKER7-2,2026-04-10,ast,1.5,2.5195,-1.0194999999999999,0.70775,0.6837885831714863,0.0,1.0
KXNBAAST-26APR10CLEATL-ATLNALEXANDERWALKER7-4,2026-04-10,ast,3.5,2.5195,0.9805000000000001,0.24925,0.25598251125746674,0.0,1.0
KXNBAAST-26APR10CLEATL-ATLNALEXANDERWALKER7-6,2026-04-10,ast,5.5,2.5195,2.9805,0.05025,0.06144420884284785,0.0,1.0
KXNBAAST-26APR10CLEATL-ATLNALEXANDERWALKER7-8,2026-04-10,ast,7.5,2.5195,4.9805,0.00525,0.010820129821997093,0.0,1.0
KXNBAAST-26APR10CLEATL-ATLOOKONGWU17-2,2026-04-10,ast,1.5,1.9895,-0.48950000000000005,0.587,0.5682935453001027,0.0,1.0
KXNBAAST-26APR10CLEATL-ATLOOKONGWU17-3,2026-04-10,ast,2.5,1.9895,0.5105,0.3125,0.3200596478142186,0.0,1.0
KXNBAAST-26APR10CLEATL-ATLOOKONGWU17-4,2026-04-10,ast,3.5,1.9895,1.5105,0.14425,0.15530354857198803,0.0,1.0
KXNBAAST-26APR10CLEATL-ATLOOKONGWU17-6,2026-04-10,ast,5.5,1.9895,3.5105,0.02525,0.026114808380094612,0.0,1.0
KXNBAAST-26APR10CLEATL-ATLOOKONGWU17-8,2026-04-10,ast,7.5,1.9895,5.5105,0.0015,0.0031715344115338384,0.0,1.0
KXNBAAST-26APR10CLEATL-CLEJHARDEN1-10,2026-04-10,ast,9.5,3.70875,5.79125,0.0055,0.014990179569635331,0.0,1.0
KXNBAAST-26APR10CLEATL-CLEJHARDEN1-12,2026-04-10,ast,11.5,3.70875,7.79125,0.00125,0.003190229582254789,0.0,1.0
KXNBAAST-26APR10CLEATL-CLEJHARDEN1-6,2026-04-10,ast,5.5,3.70875,1.7912499999999998,0.18175,0.19579187273074372,0.0,1.0
KXNBAAST-26APR10CLEATL-CLEJHARDEN1-7,2026-04-10,ast,6.5,3.70875,2.79125,0.09325,0.11168678393398312,0.0,1.0
KXNBAAST-26APR10CLEATL-CLEJHARDEN1-8,2026-04-10,ast,7.5,3.70875,3.79125,0.04475,0.060065974208576955,0.0,1.0
KXNBA3PT-26APR10CLEATL-ATLCMCCOLLUM3-1,2026-04-10,fg3m,0.5,1.44375,-0.9437500000000001,0.758,0.7334818587924796,1.0,1.0
KXNBA3PT-26APR10CLEATL-ATLCMCCOLLUM3-2,2026-04-10,fg3m,1.5,1.44375,0.05624999999999991,0.422,0.4098964123849802,1.0,1.0
KXNBA3PT-26APR10CLEATL-ATLCMCCOLLUM3-3,2026-04-10,fg3m,2.5,1.44375,1.05625,0.17925,0.18772724131505614,1.0,1.0
KXNBA3PT-26APR10CLEATL-ATLCMCCOLLUM3-4,2026-04-10,fg3m,3.5,1.44375,2.05625,0.06075,0.07425644577866786,1.0,1.0
KXNBA3PT-26APR10CLEATL-ATLCMCCOLLUM3-5,2026-04-10,fg3m,4.5,1.44375,3.05625,0.019,0.026278966158454486,1.0,1.0
KXNBA3PT-26APR10CLEATL-ATLJJOHNSON1-1,2026-04-10,fg3m,0.5,1.2145,-0.7144999999999999,0.69425,0.6760120435868582,1.0,1.0
KXNBA3PT-26APR10CLEATL-ATLJJOHNSON1-2,2026-04-10,fg3m,1.5,1.2145,0.2855000000000001,0.34325,0.3365387084126469,1.0,1.0
KXNBA3PT-26APR10CLEATL-ATLJJOHNSON1-3,2026-04-10,fg3m,2.5,1.2145,1.2855,0.124,0.135391005623271,0.0,1.0
KXNBA3PT-26APR10CLEATL-ATLJJOHNSON1-4,2026-04-10,fg3m,3.5,1.2145,2.2855,0.03975,0.04673054609770133,0.0,1.0
KXNBA3PT-26APR10CLEATL-ATLJJOHNSON1-5,2026-04-10,fg3m,4.5,1.2145,3.2855,0.0105,0.014378786728753923,0.0,1.0
KXNBA3PT-26APR10CLEATL-ATLNALEXANDERWALKER7-2,2026-04-10,fg3m,1.5,2.3255,-0.8254999999999999,0.66925,0.6345541885894073,1.0,1.0
KXNBA3PT-26APR10CLEATL-ATLNALEXANDERWALKER7-3,2026-04-10,fg3m,2.5,2.3255,0.1745000000000001,0.40875,0.3985748415423078,1.0,1.0
KXNBA3PT-26APR10CLEATL-ATLNALEXANDERWALKER7-4,2026-04-10,fg3m,3.5,2.3255,1.1745,0.2095,0.2216301317145215,0.0,1.0
KXNBA3PT-26APR10CLEATL-ATLNALEXANDERWALKER7-5,2026-04-10,fg3m,4.5,2.3255,2.1745,0.089,0.11179173229962658,0.0,1.0
KXNBA3PT-26APR10CLEATL-ATLNALEXANDERWALKER7-6,2026-04-10,fg3m,5.5,2.3255,3.1745,0.0335,0.05211642749234058,0.0,1.0
KXNBA3PT-26APR10CLEATL-CLEJHARDEN1-1,2026-04-10,fg3m,0.5,1.884,-1.384,0.84925,0.8143409471931915,1.0,1.0
KXNBA3PT-26APR10CLEATL-CLEJHARDEN1-2,2026-04-10,fg3m,1.5,1.884,-0.3839999999999999,0.55275,0.533798331442819,1.0,1.0
KXNBA3PT-26APR10CLEATL-CLEJHARDEN1-3,2026-04-10,fg3m,2.5,1.884,0.6160000000000001,0.28875,0.29407287025912177,0.0,1.0
KXNBA3PT-26APR10CLEATL-CLEJHARDEN1-4,2026-04-10,fg3m,3.5,1.884,1.616,0.128,0.1416904123068835,0.0,1.0
KXNBA3PT-26APR10CLEATL-CLEJHARDEN1-5,2026-04-10,fg3m,4.5,1.884,2.616,0.0455,0.06150251764995451,0.0,1.0
KXNBAPTS-26APR10NOPBOS-BOSDWHITE9-10,2026-04-10,pts,9.5,10.15975,-0.6597500000000007,0.50575,0.49615723158583724,0.0,1.0
KXNBAPTS-26APR10NOPBOS-BOSDWHITE9-15,2026-04-10,pts,14.5,10.15975,4.340249999999999,0.196,0.18608503256152908,0.0,1.0
KXNBAPTS-26APR10NOPBOS-BOSDWHITE9-20,2026-04-10,pts,19.5,10.15975,9.34025,0.05425,0.05276654233975908,0.0,1.0
KXNBAPTS-26APR10NOPBOS-BOSDWHITE9-25,2026-04-10,pts,24.5,10.15975,14.34025,0.0095,0.012341624349344826,0.0,1.0
KXNBAPTS-26APR10NOPBOS-BOSDWHITE9-30,2026-04-10,pts,29.5,10.15975,19.340249999999997,0.001,0.002513902981197913,0.0,1.0
KXNBAPTS-26APR10NOPBOS-BOSJBROWN7-25,2026-04-10,pts,24.5,16.9615,7.538499999999999,0.14725,0.16359242226893378,0.0,1.0
KXNBAPTS-26APR10NOPBOS-BOSJBROWN7-30,2026-04-10,pts,29.5,16.9615,12.538499999999999,0.05225,0.07245810071121561,0.0,1.0
KXNBAPTS-26APR10NOPBOS-BOSJBROWN7-35,2026-04-10,pts,34.5,16.9615,17.5385,0.01225,0.029358096618740448,0.0,1.0
KXNBAPTS-26APR10NOPBOS-BOSJBROWN7-40,2026-04-10,pts,39.5,16.9615,22.5385,0.0015,0.011079858960952427,0.0,1.0
KXNBAPTS-26APR10NOPBOS-BOSNQUETA88-10,2026-04-10,pts,9.5,9.3225,0.1775000000000002,0.452,0.4302752001736968,0.0,1.0
KXNBAPTS-26APR10NOPBOS-BOSNQUETA88-15,2026-04-10,pts,14.5,9.3225,5.1775,0.14175,0.14018849027916291,0.0,1.0
KXNBAPTS-26APR10NOPBOS-BOSNQUETA88-20,2026-04-10,pts,19.5,9.3225,10.1775,0.0325,0.034098540696082646,0.0,1.0
KXNBAPTS-26APR10NOPBOS-BOSNQUETA88-25,2026-04-10,pts,24.5,9.3225,15.1775,0.005,0.00680268106165105,0.0,1.0
KXNBAPTS-26APR10NOPBOS-BOSPPRITCHARD11-10,2026-04-10,pts,9.5,12.14425,-2.6442499999999995,0.637,0.6297161604307642,1.0,1.0
KXNBAPTS-26APR10NOPBOS-BOSPPRITCHARD11-15,2026-04-10,pts,14.5,12.14425,2.3557500000000005,0.316,0.30521787791876054,1.0,1.0
KXNBAPTS-26APR10NOPBOS-BOSPPRITCHARD11-20,2026-04-10,pts,19.5,12.14425,7.3557500000000005,0.11525,0.11519015605835903,1.0,1.0
KXNBAPTS-26APR10NOPBOS-BOSPPRITCHARD11-25,2026-04-10,pts,24.5,12.14425,12.35575,0.03325,0.036345247317894014,0.0,1.0
KXNBAPTS-26APR10NOPBOS-BOSPPRITCHARD11-30,2026-04-10,pts,29.5,12.14425,17.35575,0.007,0.010057408288575709,0.0,1.0
KXNBAPTS-26APR10NOPBOS-BOSSHAUSER30-10,2026-04-10,pts,9.5,7.777,1.7229999999999999,0.32025,0.29850571952616056,1.0,1.0
KXNBAPTS-26APR10NOPBOS-BOSSHAUSER30-15,2026-04-10,pts,14.5,7.777,6.723,0.0905,0.06968870173984598,1.0,1.0
KXNBAPTS-26APR10NOPBOS-BOSSHAUSER30-20,2026-04-10,pts,19.5,7.777,11.722999999999999,0.01925,0.01186407729826433,1.0,1.0
KXNBAPTS-26APR10NOPBOS-BOSSHAUSER30-25,2026-04-10,pts,24.5,7.777,16.723,0.00375,0.0016397893878307146,0.0,1.0
KXNBAPTS-26APR10NOPBOS-NOPDQUEEN22-10,2026-04-10,pts,9.5,7.926,1.5739999999999998,0.3315,0.31151043215208296,1.0,1.0
KXNBAPTS-26APR10NOPBOS-NOPDQUEEN22-15,2026-04-10,pts,14.5,7.926,6.574,0.10675,0.07548292334484097,1.0,1.0
KXNBAPTS-26APR10NOPBOS-NOPDQUEEN22-20,2026-04-10,pts,19.5,7.926,11.574,0.02525,0.01336807018015751,1.0,1.0
KXNBAPTS-26APR10NOPBOS-NOPDQUEEN22-25,2026-04-10,pts,24.5,7.926,16.573999999999998,0.004,0.0019239503320004347,1.0,1.0
KXNBAREB-26APR10NOPBOS-BOSJBROWN7-10,2026-04-10,reb,9.5,4.72325,4.77675,0.033,0.05021370051769214,0.0,1.0
KXNBAREB-26APR10NOPBOS-BOSJBROWN7-12,2026-04-10,reb,11.5,4.72325,6.77675,0.00625,0.015174005113746225,0.0,1.0
KXNBAREB-26APR10NOPBOS-BOSJBROWN7-6,2026-04-10,reb,5.5,4.72325,0.7767499999999998,0.3415,0.3417374276240448,0.0,1.0
KXNBAREB-26APR10NOPBOS-BOSJBROWN7-7,2026-04-10,reb,6.5,4.72325,1.7767499999999998,0.20875,0.22740792392725306,0.0,1.0
KXNBAREB-26APR10NOPBOS-BOSJBROWN7-8,2026-04-10,reb,7.5,4.72325,2.77675,0.11375,0.14366590010256486,0.0,1.0
KXNBAREB-26APR10NOPBOS-BOSNQUETA88-10,2026-04-10,reb,9.5,4.71725,4.78275,0.036,0.04993265829620219,1.0,1.0
KXNBAREB-26APR10NOPBOS-BOSNQUETA88-12,2026-04-10,reb,11.5,4.71725,6.78275,0.00925,0.01506451424608568,0.0,1.0
KXNBAREB-26APR10NOPBOS-BOSNQUETA88-4,2026-04-10,reb,3.5,4.71725,-1.21725,0.6655,0.6421523676962276,1.0,1.0
KXNBAREB-26APR10NOPBOS-BOSNQUETA88-6,2026-04-10,reb,5.5,4.71725,0.7827500000000001,0.33875,0.3408659533157852,1.0,1.0
KXNBAREB-26APR10NOPBOS-BOSNQUETA88-8,2026-04-10,reb,7.5,4.71725,2.78275,0.12575,0.143087269462559,1.0,1.0
KXNBAREB-26APR10NOPBOS-NOPDQUEEN22-10,2026-04-10,reb,9.5,4.2395,5.2605,0.0315,0.03053346965398107,1.0,1.0
KXNBAREB-26APR10NOPBOS-NOPDQUEEN22-12,2026-04-10,reb,11.5,4.2395,7.2605,0.00625,0.008008910584315965,0.0,1.0
KXNBAREB-26APR10NOPBOS-NOPDQUEEN22-14,2026-04-10,reb,13.5,4.2395,9.2605,0.002,0.0018652715057482228,0.0,1.0
KXNBAREB-26APR10NOPBOS-NOPDQUEEN22-16,2026-04-10,reb,15.5,4.2395,11.2605,0.001,0.0003945150703122957,0.0,1.0
KXNBAREB-26APR10NOPBOS-NOPDQUEEN22-18,2026-04-10,reb,17.5,4.2395,13.2605,0.0,7.706273746366232e-05,0.0,1.0
KXNBAAST-26APR10NOPBOS-BOSDWHITE9-10,2026-04-10,ast,9.5,2.80175,6.69825,0.00025,0.002985195693970266,0.0,1.0
KXNBAAST-26APR10NOPBOS-BOSDWHITE9-2,2026-04-10,ast,1.5,2.80175,-1.3017500000000002,0.762,0.7327790489929416,1.0,1.0
KXNBAAST-26APR10NOPBOS-BOSDWHITE9-4,2026-04-10,ast,3.5,2.80175,0.6982499999999998,0.3135,0.3122138828532861,1.0,1.0
KXNBAAST-26APR10NOPBOS-BOSDWHITE9-6,2026-04-10,ast,5.5,2.80175,2.69825,0.06425,0.08716302384677976,0.0,1.0
KXNBAAST-26APR10NOPBOS-BOSDWHITE9-8,2026-04-10,ast,7.5,2.80175,4.69825,0.00825,0.018005848813993586,0.0,1.0
KXNBAAST-26APR10NOPBOS-BOSJBROWN7-10,2026-04-10,ast,9.5,3.32475,6.17525,0.003,0.008231424234298013,0.0,1.0
KXNBAAST-26APR10NOPBOS-BOSJBROWN7-2,2026-04-10,ast,1.5,3.32475,-1.8247499999999999,0.83525,0.8046516748394019,0.0,1.0
KXNBAAST-26APR10NOPBOS-BOSJBROWN7-4,2026-04-10,ast,3.5,3.32475,0.17525000000000013,0.424,0.4148456636140011,0.0,1.0
KXNBAAST-26APR10NOPBOS-BOSJBROWN7-6,2026-04-10,ast,5.5,3.32475,2.17525,0.124,0.14576598712843425,0.0,1.0
KXNBAAST-26APR10NOPBOS-BOSJBROWN7-8,2026-04-10,ast,7.5,3.32475,4.17525,0.02325,0.03851758088465829,0.0,1.0
KXNBAAST-26APR10NOPBOS-BOSPPRITCHARD11-10,2026-04-10,ast,9.5,2.96,6.54,0.001,0.00417456315835496,1.0,1.0
KXNBAAST-26APR10NOPBOS-BOSPPRITCHARD11-2,2026-04-10,ast,1.5,2.96,-1.46,0.7835,0.7569290583536171,1.0,1.0
KXNBAAST-26APR10NOPBOS-BOSPPRITCHARD11-4,2026-04-10,ast,3.5,2.96,0.54,0.3465,0.34371493747925785,1.0,1.0
KXNBAAST-26APR10NOPBOS-BOSPPRITCHARD11-6,2026-04-10,ast,5.5,2.96,2.54,0.08775,0.10350717642050777,1.0,1.0
KXNBAAST-26APR10NOPBOS-BOSPPRITCHARD11-8,2026-04-10,ast,7.5,2.96,4.54,0.014,0.02317685122816937,1.0,1.0
KXNBAAST-26APR10NOPBOS-NOPDQUEEN22-10,2026-04-10,ast,9.5,2.09175,7.40825,0.00025,0.000434921202849492,0.0,1.0
KXNBAAST-26APR10NOPBOS-NOPDQUEEN22-2,2026-04-10,ast,1.5,2.09175,-0.5917500000000002,0.6,0.5931632396389313,1.0,1.0
KXNBAAST-26APR10NOPBOS-NOPDQUEEN22-4,2026-04-10,ast,3.5,2.09175,1.4082499999999998,0.176,0.17379413864276239,1.0,1.0
KXNBAAST-26APR10NOPBOS-NOPDQUEEN22-6,2026-04-10,ast,5.5,2.09175,3.40825,0.02725,0.03158302344016084,0.0,1.0
KXNBAAST-26APR10NOPBOS-NOPDQUEEN22-8,2026-04-10,ast,7.5,2.09175,5.40825,0.0045,0.00415758761385665,0.0,1.0
KXNBA3PT-26APR10NOPBOS-BOSDWHITE9-2,2026-04-10,fg3m,1.5,1.58175,-0.08174999999999999,0.47225,0.45126165978054444,1.0,1.0
KXNBA3PT-26APR10NOPBOS-BOSDWHITE9-3,2026-04-10,fg3m,2.5,1.58175,0.91825,0.20825,0.22066719532878387,1.0,1.0
KXNBA3PT-26APR10NOPBOS-BOSDWHITE9-4,2026-04-10,fg3m,3.5,1.58175,1.91825,0.07975,0.09356815644689631,0.0,1.0
KXNBA3PT-26APR10NOPBOS-BOSDWHITE9-5,2026-04-10,fg3m,4.5,1.58175,2.91825,0.0245,0.03557340650633367,0.0,1.0
KXNBA3PT-26APR10NOPBOS-BOSDWHITE9-6,2026-04-10,fg3m,5.5,1.58175,3.91825,0.0065,0.01241231984716984,0.0,1.0
KXNBA3PT-26APR10NOPBOS-BOSJBROWN7-1,2026-04-10,fg3m,0.5,1.2085,-0.7084999999999999,0.6935,0.6743300218466474,1.0,1.0
KXNBA3PT-26APR10NOPBOS-BOSJBROWN7-2,2026-04-10,fg3m,1.5,1.2085,0.2915000000000001,0.34325,0.33454966998307456,1.0,1.0
KXNBA3PT-26APR10NOPBOS-BOSJBROWN7-3,2026-04-10,fg3m,2.5,1.2085,1.2915,0.12225,0.13407873877063448,0.0,1.0
KXNBA3PT-26APR10NOPBOS-BOSJBROWN7-4,2026-04-10,fg3m,3.5,1.2085,2.2915,0.03625,0.04609345386942976,0.0,1.0
KXNBA3PT-26APR10NOPBOS-BOSJBROWN7-5,2026-04-10,fg3m,4.5,1.2085,3.2915,0.00975,0.014124994551911962,0.0,1.0
KXNBA3PT-26APR10NOPBOS-BOSPPRITCHARD11-1,2026-04-10,fg3m,0.5,1.84925,-1.34925,0.83725,0.8090838725132604,1.0,1.0
KXNBA3PT-26APR10NOPBOS-BOSPPRITCHARD11-2,2026-04-10,fg3m,1.5,1.84925,-0.34925000000000006,0.54425,0.5248808929200715,1.0,1.0
KXNBA3PT-26APR10NOPBOS-BOSPPRITCHARD11-3,2026-04-10,fg3m,2.5,1.84925,0.6507499999999999,0.279,0.2856334822505483,1.0,1.0
KXNBA3PT-26APR10NOPBOS-BOSPPRITCHARD11-4,2026-04-10,fg3m,3.5,1.84925,1.65075,0.1235,0.1358129427836925,1.0,1.0
KXNBA3PT-26APR10NOPBOS-BOSPPRITCHARD11-5,2026-04-10,fg3m,4.5,1.84925,2.65075,0.04375,0.058143803612736855,1.0,1.0
KXNBAPTS-26APR10DETCHA-CHABMILLER24-10,2026-04-10,pts,9.5,11.75575,-2.255750000000001,0.6205,0.6061975664370354,1.0,1.0
KXNBAPTS-26APR10DETCHA-CHABMILLER24-15,2026-04-10,pts,14.5,11.75575,2.744249999999999,0.2965,0.281400880532078,1.0,1.0
KXNBAPTS-26APR10DETCHA-CHABMILLER24-20,2026-04-10,pts,19.5,11.75575,7.744249999999999,0.09575,0.10113721228086425,1.0,1.0
KXNBAPTS-26APR10DETCHA-CHABMILLER24-25,2026-04-10,pts,24.5,11.75575,12.74425,0.02125,0.03030904461994799,0.0,1.0
KXNBAPTS-26APR10DETCHA-CHABMILLER24-30,2026-04-10,pts,29.5,11.75575,17.74425,0.00675,0.007954948414707341,0.0,1.0
KXNBAPTS-26APR10DETCHA-CHAKKNUEPPEL7-15,2026-04-10,pts,14.5,10.92475,3.5752500000000005,0.25525,0.23095118958701277,0.0,1.0
KXNBAPTS-26APR10DETCHA-CHAKKNUEPPEL7-20,2026-04-10,pts,19.5,10.92475,8.57525,0.0855,0.0739547366527904,0.0,1.0
KXNBAPTS-26APR10DETCHA-CHAKKNUEPPEL7-25,2026-04-10,pts,24.5,10.92475,13.57525,0.02,0.019634956787436986,0.0,1.0
KXNBAPTS-26APR10DETCHA-CHAKKNUEPPEL7-30,2026-04-10,pts,29.5,10.92475,18.57525,0.00375,0.004552179622054897,0.0,1.0
KXNBAPTS-26APR10DETCHA-CHALBALL1-15,2026-04-10,pts,14.5,13.30325,1.1967499999999998,0.39575,0.3757096742338508,1.0,1.0
KXNBAPTS-26APR10DETCHA-CHALBALL1-20,2026-04-10,pts,19.5,13.30325,6.19675,0.173,0.16137733768101692,1.0,1.0
KXNBAPTS-26APR10DETCHA-CHALBALL1-25,2026-04-10,pts,24.5,13.30325,11.19675,0.0525,0.05841080133004839,1.0,1.0
KXNBAPTS-26APR10DETCHA-CHALBALL1-30,2026-04-10,pts,29.5,13.30325,16.19675,0.01475,0.018619221290683274,0.0,1.0
KXNBAPTS-26APR10DETCHA-CHAMBRIDGES0-10,2026-04-10,pts,9.5,11.06325,-1.56325,0.56825,0.5610921412591376,1.0,1.0
KXNBAPTS-26APR10DETCHA-CHAMBRIDGES0-15,2026-04-10,pts,14.5,11.06325,3.43675,0.2575,0.23927254144024124,0.0,1.0
KXNBAPTS-26APR10DETCHA-CHAMBRIDGES0-20,2026-04-10,pts,19.5,11.06325,8.43675,0.08,0.07819544563752656,0.0,1.0
KXNBAPTS-26APR10DETCHA-CHAMBRIDGES0-25,2026-04-10,pts,24.5,11.06325,13.43675,0.0185,0.02120787508386568,0.0,1.0
KXNBAPTS-26APR10DETCHA-CHAMDIABATE14-10,2026-04-10,pts,9.5,7.59375,1.90625,0.3005,0.28250942284751235,0.0,1.0
KXNBAPTS-26APR10DETCHA-CHAMDIABATE14-15,2026-04-10,pts,14.5,7.59375,6.90625,0.0775,0.06289212801547017,0.0,1.0
KXNBAPTS-26APR10DETCHA-CHAMDIABATE14-20,2026-04-10,pts,19.5,7.59375,11.90625,0.016,0.010181573208929429,0.0,1.0
KXNBAPTS-26APR10DETCHA-DETATHOMPSON9-10,2026-04-10,pts,9.5,7.88875,1.61125,0.32525,0.30826057680941166,1.0,1.0
KXNBAPTS-26APR10DETCHA-DETATHOMPSON9-15,2026-04-10,pts,14.5,7.88875,6.61125,0.08975,0.07401217411178707,0.0,1.0
KXNBAPTS-26APR10DETCHA-DETATHOMPSON9-20,2026-04-10,pts,19.5,7.88875,11.61125,0.01775,0.012980357592345393,0.0,1.0
KXNBAPTS-26APR10DETCHA-DETATHOMPSON9-25,2026-04-10,pts,24.5,7.88875,16.61125,0.00275,0.0018495646318363868,0.0,1.0
KXNBAPTS-26APR10DETCHA-DETCCUNNINGHAM2-15,2026-04-10,pts,14.5,11.15525,3.3447499999999994,0.27175,0.24482449363433778,0.0,1.0
KXNBAPTS-26APR10DETCHA-DETCCUNNINGHAM2-20,2026-04-10,pts,19.5,11.15525,8.34475,0.10325,0.0810783796627671,0.0,1.0
KXNBAPTS-26APR10DETCHA-DETCCUNNINGHAM2-25,2026-04-10,pts,24.5,11.15525,13.34475,0.03325,0.02229739723974966,0.0,1.0
KXNBAPTS-26APR10DETCHA-DETCCUNNINGHAM2-30,2026-04-10,pts,29.5,11.15525,18.344749999999998,0.0065,0.005358976904536794,0.0,1.0
KXNBAPTS-26APR10DETCHA-DETDROBINSON55-10,2026-04-10,pts,9.5,8.82275,0.6772500000000008,0.39875,0.38875061217000706,1.0,1.0
KXNBAPTS-26APR10DETCHA-DETDROBINSON55-15,2026-04-10,pts,14.5,8.82275,5.677250000000001,0.141,0.11505883349608093,1.0,1.0
KXNBAPTS-26APR10DETCHA-DETDROBINSON55-20,2026-04-10,pts,19.5,8.82275,10.67725,0.034,0.025230787670844412,0.0,1.0
KXNBAPTS-26APR10DETCHA-DETDROBINSON55-25,2026-04-10,pts,24.5,8.82275,15.67725,0.0045,0.0045228801591755685,0.0,1.0
KXNBAPTS-26APR10DETCHA-DETTHARRIS12-10,2026-04-10,pts,9.5,8.267386900742741,1.232613099257259,0.3636056718433491,0.3411972579771747,0.0,0.7405
KXNBAPTS-26APR10DETCHA-DETTHARRIS12-15,2026-04-10,pts,14.5,8.267386900742741,6.232613099257259,0.12660364618501013,0.08963136400945382,0.0,0.7405
KXNBAPTS-26APR10DETCHA-DETTHARRIS12-20,2026-04-10,pts,19.5,8.267386900742741,11.232613099257259,0.033423362592842676,0.017298581508763067,0.0,0.7405
KXNBAREB-26APR10DETCHA-CHABMILLER24-2,2026-04-10,reb,1.5,3.89575,-2.39575,0.88675,0.8590939154543926,1.0,1.0
KXNBAREB-26APR10DETCHA-CHABMILLER24-4,2026-04-10,reb,3.5,3.89575,-0.39575000000000005,0.53,0.5171420701247483,0.0,1.0
KXNBAREB-26APR10DETCHA-CHABMILLER24-5,2026-04-10,reb,4.5,3.89575,0.60425,0.346,0.35209811872678487,0.0,1.0
KXNBAREB-26APR10DETCHA-CHABMILLER24-6,2026-04-10,reb,5.5,3.89575,1.60425,0.20625,0.22255333789349308,0.0,1.0
KXNBAREB-26APR10DETCHA-CHABMILLER24-8,2026-04-10,reb,7.5,3.89575,3.60425,0.05125,0.07384271049503832,0.0,1.0
KXNBAREB-26APR10DETCHA-CHAKKNUEPPEL7-2,2026-04-10,reb,1.5,4.0555,-2.5555000000000003,0.8975,0.8716755480638924,1.0,1.0
KXNBAREB-26APR10DETCHA-CHAKKNUEPPEL7-4,2026-04-10,reb,3.5,4.0555,-0.5555000000000003,0.563,0.5436929182580967,1.0,1.0
KXNBAREB-26APR10DETCHA-CHAKKNUEPPEL7-5,2026-04-10,reb,4.5,4.0555,0.4444999999999997,0.378,0.37852930411581254,0.0,1.0
KXNBAREB-26APR10DETCHA-CHAKKNUEPPEL7-6,2026-04-10,reb,5.5,4.0555,1.4444999999999997,0.2315,0.24508650142912358,0.0,1.0
KXNBAREB-26APR10DETCHA-CHAKKNUEPPEL7-8,2026-04-10,reb,7.5,4.0555,3.4444999999999997,0.0725,0.08560116513891569,0.0,1.0
KXNBAREB-26APR10DETCHA-CHALBALL1-2,2026-04-10,reb,1.5,3.86225,-2.36225,0.87575,0.8562966530232626,1.0,1.0
KXNBAREB-26APR10DETCHA-CHALBALL1-4,2026-04-10,reb,3.5,3.86225,-0.36224999999999996,0.5265,0.5114426517903309,1.0,1.0
KXNBAREB-26APR10DETCHA-CHALBALL1-5,2026-04-10,reb,4.5,3.86225,0.63775,0.34275,0.3465236502579796,1.0,1.0
KXNBAREB-26APR10DETCHA-CHALBALL1-6,2026-04-10,reb,5.5,3.86225,1.63775,0.2075,0.21788443513599665,0.0,1.0
KXNBAREB-26APR10DETCHA-CHALBALL1-8,2026-04-10,reb,7.5,3.86225,3.63775,0.0585,0.07149162695710232,0.0,1.0
KXNBAREB-26APR10DETCHA-CHAMBRIDGES0-10,2026-04-10,reb,9.5,4.23025,5.26975,0.02075,0.030215229773280283,0.0,1.0
KXNBAREB-26APR10DETCHA-CHAMBRIDGES0-2,2026-04-10,reb,1.5,4.23025,-2.73025,0.9045,0.8841062450589189,1.0,1.0
KXNBAREB-26APR10DETCHA-CHAMBRIDGES0-4,2026-04-10,reb,3.5,4.23025,-0.7302499999999998,0.5935,0.5715167252332379,1.0,1.0
KXNBAREB-26APR10DETCHA-CHAMBRIDGES0-6,2026-04-10,reb,5.5,4.23025,1.2697500000000002,0.265,0.27013312836206926,1.0,1.0
KXNBAREB-26APR10DETCHA-CHAMBRIDGES0-8,2026-04-10,reb,7.5,4.23025,3.26975,0.07825,0.09946474868879007,1.0,1.0
KXNBAREB-26APR10DETCHA-CHAMDIABATE14-10,2026-04-10,reb,9.5,5.22375,4.27625,0.05175,0.07690932965052011,0.0,1.0
KXNBAREB-26APR10DETCHA-CHAMDIABATE14-12,2026-04-10,reb,11.5,5.22375,6.27625,0.01425,0.026368343625516544,0.0,1.0
KXNBAREB-26APR10DETCHA-CHAMDIABATE14-6,2026-04-10,reb,5.5,5.22375,0.2762500000000001,0.42225,0.4135165826002718,1.0,1.0
KXNBAREB-26APR10DETCHA-CHAMDIABATE14-8,2026-04-10,reb,7.5,5.22375,2.27625,0.16425,0.194807798803589,0.0,1.0
KXNBAREB-26APR10DETCHA-CHAMDIABATE14-9,2026-04-10,reb,8.5,5.22375,3.27625,0.1015,0.12483269510614181,0.0,1.0
KXNBAREB-26APR10DETCHA-DETATHOMPSON9-2,2026-04-10,reb,1.5,3.86875,-2.36875,0.8745,0.8568438751789393,1.0,1.0
KXNBAREB-26APR10DETCHA-DETATHOMPSON9-4,2026-04-10,reb,3.5,3.86875,-0.3687499999999999,0.525,0.5125520165823853,1.0,1.0
KXNBAREB-26APR10DETCHA-DETATHOMPSON9-5,2026-04-10,reb,4.5,3.86875,0.6312500000000001,0.34775,0.34760596096146323,1.0,1.0
KXNBAREB-26APR10DETCHA-DETATHOMPSON9-6,2026-04-10,reb,5.5,3.86875,1.63125,0.2095,0.21878863950724248,0.0,1.0
KXNBAREB-26APR10DETCHA-DETATHOMPSON9-8,2026-04-10,reb,7.5,3.86875,3.63125,0.058,0.07194465210539569,0.0,1.0
KXNBAREB-26APR10DETCHA-DETCCUNNINGHAM2-10,2026-04-10,reb,9.5,3.57825,5.921749999999999,0.011,0.012897891944027573,0.0,1.0
KXNBAREB-26APR10DETCHA-DETCCUNNINGHAM2-2,2026-04-10,reb,1.5,3.57825,-2.07825,0.82475,0.8301472648840706,1.0,1.0
KXNBAREB-26APR10DETCHA-DETCCUNNINGHAM2-4,2026-04-10,reb,3.5,3.57825,-0.07825000000000015,0.46325,0.4613872408639773,0.0,1.0
KXNBAREB-26APR10DETCHA-DETCCUNNINGHAM2-6,2026-04-10,reb,5.5,3.57825,1.9217499999999998,0.188,0.17932104661063275,0.0,1.0
KXNBAREB-26APR10DETCHA-DETCCUNNINGHAM2-8,2026-04-10,reb,7.5,3.57825,3.92175,0.0525,0.05320997222318469,0.0,1.0
KXNBAREB-26APR10DETCHA-DETTHARRIS12-10,2026-04-10,reb,9.5,3.3703578663065494,6.129642133693451,0.012829169480081027,0.009300551926075262,0.0,0.7405
KXNBAREB-26APR10DETCHA-DETTHARRIS12-2,2026-04-10,reb,1.5,3.3703578663065494,-1.8703578663065494,0.7977717758271439,0.8079409043044259,1.0,0.7405
KXNBAREB-26APR10DETCHA-DETTHARRIS12-4,2026-04-10,reb,3.5,3.3703578663065494,0.12964213369345057,0.42707629979743417,0.42294378429459145,1.0,0.7405
KXNBAREB-26APR10DETCHA-DETTHARRIS12-6,2026-04-10,reb,5.5,3.3703578663065494,2.1296421336934506,0.15361242403781228,0.15254556216936588,1.0,0.7405
KXNBAREB-26APR10DETCHA-DETTHARRIS12-8,2026-04-10,reb,7.5,3.3703578663065494,4.129642133693451,0.04287643484132343,0.041738903984874565,0.0,0.7405
KXNBAAST-26APR10DETCHA-CHABMILLER24-2,2026-04-10,ast,1.5,2.301,-0.8010000000000002,0.65575,0.6401198177254188,0.0,1.0
KXNBAAST-26APR10DETCHA-CHABMILLER24-3,2026-04-10,ast,2.5,2.301,0.19899999999999984,0.395,0.3960912402043071,0.0,1.0
KXNBAAST-26APR10DETCHA-CHABMILLER24-4,2026-04-10,ast,3.5,2.301,1.1989999999999998,0.21375,0.21323720077820651,0.0,1.0
KXNBAAST-26APR10DETCHA-CHABMILLER24-6,2026-04-10,ast,5.5,2.301,3.199,0.037,0.044781033081108146,0.0,1.0
KXNBAAST-26APR10DETCHA-CHABMILLER24-8,2026-04-10,ast,7.5,2.301,5.199,0.00325,0.0068544092941007495,0.0,1.0
KXNBAAST-26APR10DETCHA-CHAKKNUEPPEL7-2,2026-04-10,ast,1.5,2.30625,-0.8062499999999999,0.662,0.6412317926647795,0.0,1.0
KXNBAAST-26APR10DETCHA-CHAKKNUEPPEL7-3,2026-04-10,ast,2.5,2.30625,0.1937500000000001,0.39925,0.3973422414669523,0.0,1.0
KXNBAAST-26APR10DETCHA-CHAKKNUEPPEL7-4,2026-04-10,ast,3.5,2.30625,1.19375,0.207,0.21424904864472505,0.0,1.0
KXNBAAST-26APR10DETCHA-CHAKKNUEPPEL7-6,2026-04-10,ast,5.5,2.30625,3.19375,0.0375,0.04514704371911449,0.0,1.0
KXNBAAST-26APR10DETCHA-CHAKKNUEPPEL7-8,2026-04-10,ast,7.5,2.30625,5.19375,0.0045,0.006935091209884892,0.0,1.0
KXNBAAST-26APR10DETCHA-CHALBALL1-10,2026-04-10,ast,9.5,3.7405,5.7595,0.00825,0.015681731497502405,0.0,1.0
KXNBAAST-26APR10DETCHA-CHALBALL1-12,2026-04-10,ast,11.5,3.7405,7.7595,0.001,0.003378084825740202,0.0,1.0
KXNBAAST-26APR10DETCHA-CHALBALL1-4,2026-04-10,ast,3.5,3.7405,-0.24049999999999994,0.50775,0.4914138055572398,1.0,1.0
KXNBAAST-26APR10DETCHA-CHALBALL1-6,2026-04-10,ast,5.5,3.7405,1.7595,0.194,0.20012476398790424,1.0,1.0
KXNBAAST-26APR10DETCHA-CHALBALL1-8,2026-04-10,ast,7.5,3.7405,3.7595,0.049,0.06209678489253556,1.0,1.0
KXNBAAST-26APR10DETCHA-CHAMBRIDGES0-2,2026-04-10,ast,1.5,2.16975,-0.6697500000000001,0.62725,0.6112761181853881,1.0,1.0
KXNBAAST-26APR10DETCHA-CHAMBRIDGES0-3,2026-04-10,ast,2.5,2.16975,0.33024999999999993,0.36975,0.3644475215829608,1.0,1.0
KXNBAAST-26APR10DETCHA-CHAMBRIDGES0-4,2026-04-10,ast,3.5,2.16975,1.33025,0.1835,0.18827377358952635,0.0,1.0
KXNBAAST-26APR10DETCHA-CHAMBRIDGES0-6,2026-04-10,ast,5.5,2.16975,3.33025,0.02525,0.036185807864607455,0.0,1.0
KXNBAAST-26APR10DETCHA-CHAMBRIDGES0-8,2026-04-10,ast,7.5,2.16975,5.3302499999999995,0.002,0.005049500014685848,0.0,1.0
KXNBAAST-26APR10DETCHA-DETATHOMPSON9-2,2026-04-10,ast,1.5,2.23675,-0.7367499999999998,0.643,0.6262528748893481,1.0,1.0
KXNBAAST-26APR10DETCHA-DETATHOMPSON9-3,2026-04-10,ast,2.5,2.23675,0.2632500000000002,0.382,0.3806860715873791,1.0,1.0
KXNBAAST-26APR10DETCHA-DETATHOMPSON9-4,2026-04-10,ast,3.5,2.23675,1.2632500000000002,0.1885,0.20093262699303838,1.0,1.0
KXNBAAST-26APR10DETCHA-DETATHOMPSON9-6,2026-04-10,ast,5.5,2.23675,3.26325,0.03225,0.04044003754188963,1.0,1.0
KXNBAAST-26APR10DETCHA-DETATHOMPSON9-8,2026-04-10,ast,7.5,2.23675,5.26325,0.00425,0.005920951401020336,0.0,1.0
KXNBAAST-26APR10DETCHA-DETCCUNNINGHAM2-10,2026-04-10,ast,9.5,3.921,5.579000000000001,0.0165,0.020034215390531296,0.0,1.0
KXNBAAST-26APR10DETCHA-DETCCUNNINGHAM2-12,2026-04-10,ast,11.5,3.921,7.579000000000001,0.003,0.00461179188814731,0.0,1.0
KXNBAAST-26APR10DETCHA-DETCCUNNINGHAM2-6,2026-04-10,ast,5.5,3.921,1.5790000000000002,0.233,0.2251998980649872,1.0,1.0
KXNBAAST-26APR10DETCHA-DETCCUNNINGHAM2-8,2026-04-10,ast,7.5,3.921,3.579,0.07025,0.07435067515496274,0.0,1.0
KXNBAAST-26APR10DETCHA-DETCCUNNINGHAM2-9,2026-04-10,ast,8.5,3.921,4.579000000000001,0.0345,0.039460269612534016,0.0,1.0
KXNBAAST-26APR10DETCHA-DETTHARRIS12-10,2026-04-10,ast,9.5,1.847738014854828,7.652261985145172,0.0,0.00017970467423378267,0.0,0.7405
KXNBAAST-26APR10DETCHA-DETTHARRIS12-2,2026-04-10,ast,1.5,1.847738014854828,-0.3477380148548279,0.5276839972991222,0.5316614353040814,0.0,0.7405
KXNBAAST-26APR10DETCHA-DETTHARRIS12-4,2026-04-10,ast,3.5,1.847738014854828,1.652261985145172,0.13605671843349088,0.13076696270146493,0.0,0.7405
KXNBAAST-26APR10DETCHA-DETTHARRIS12-6,2026-04-10,ast,5.5,1.847738014854828,3.652261985145172,0.019581363943281565,0.01957307246595197,0.0,0.7405
KXNBAAST-26APR10DETCHA-DETTHARRIS12-8,2026-04-10,ast,7.5,1.847738014854828,5.652261985145172,0.002025658338960162,0.002107286410393261,0.0,0.7405
KXNBA3PT-26APR10DETCHA-CHAKKNUEPPEL7-2,2026-04-10,fg3m,1.5,1.7685,-0.26849999999999996,0.523,0.5035852405312429,1.0,1.0
KXNBA3PT-26APR10DETCHA-CHAKKNUEPPEL7-3,2026-04-10,fg3m,2.5,1.7685,0.7315,0.266,0.26598577745144447,0.0,1.0
KXNBA3PT-26APR10DETCHA-CHAKKNUEPPEL7-4,2026-04-10,fg3m,3.5,1.7685,1.7315,0.10975,0.12247218967127971,0.0,1.0
KXNBA3PT-26APR10DETCHA-CHAKKNUEPPEL7-5,2026-04-10,fg3m,4.5,1.7685,2.7315,0.037,0.05071034176171074,0.0,1.0
KXNBA3PT-26APR10DETCHA-CHAKKNUEPPEL7-6,2026-04-10,fg3m,5.5,1.7685,3.7315,0.0115,0.01930395006540775,0.0,1.0
KXNBA3PT-26APR10DETCHA-CHALBALL1-3,2026-04-10,fg3m,2.5,2.486,0.01399999999999979,0.4495,0.4345692141849927,1.0,1.0
KXNBA3PT-26APR10DETCHA-CHALBALL1-4,2026-04-10,fg3m,3.5,2.486,1.0139999999999998,0.24275,0.2521963822349923,1.0,1.0
KXNBA3PT-26APR10DETCHA-CHALBALL1-5,2026-04-10,fg3m,4.5,2.486,2.014,0.1125,0.13309459635959264,1.0,1.0
KXNBA3PT-26APR10DETCHA-CHALBALL1-6,2026-04-10,fg3m,5.5,2.486,3.014,0.046,0.06501762244884379,1.0,1.0
KXNBA3PT-26APR10DETCHA-CHALBALL1-7,2026-04-10,fg3m,6.5,2.486,4.013999999999999,0.01925,0.029803732968611385,0.0,1.0
KXNBA3PT-26APR10DETCHA-CHAMBRIDGES0-1,2026-04-10,fg3m,0.5,1.1915,-0.6915,0.682,0.669510407460165,1.0,1.0
KXNBA3PT-26APR10DETCHA-CHAMBRIDGES0-2,2026-04-10,fg3m,1.5,1.1915,0.3085,0.33625,0.3288971838724719,0.0,1.0
KXNBA3PT-26APR10DETCHA-CHAMBRIDGES0-3,2026-04-10,fg3m,2.5,1.1915,1.3085,0.127,0.13038012575084534,0.0,1.0
KXNBA3PT-26APR10DETCHA-CHAMBRIDGES0-4,2026-04-10,fg3m,3.5,1.1915,2.3085,0.03625,0.044312534690568284,0.0,1.0
KXNBA3PT-26APR10DETCHA-CHAMBRIDGES0-5,2026-04-10,fg3m,4.5,1.1915,3.3085,0.00725,0.013421355288246395,0.0,1.0
KXNBA3PT-26APR10DETCHA-DETCCUNNINGHAM2-1,2026-04-10,fg3m,0.5,1.117,-0.617,0.65425,0.6474155186973884,0.0,1.0
KXNBA3PT-26APR10DETCHA-DETCCUNNINGHAM2-2,2026-04-10,fg3m,1.5,1.117,0.383,0.306,0.303851365000392,0.0,1.0
KXNBA3PT-26APR10DETCHA-DETCCUNNINGHAM2-3,2026-04-10,fg3m,2.5,1.117,1.383,0.1115,0.11453633028622878,0.0,1.0
KXNBA3PT-26APR10DETCHA-DETCCUNNINGHAM2-4,2026-04-10,fg3m,3.5,1.117,2.383,0.03325,0.0369352339309541,0.0,1.0
KXNBA3PT-26APR10DETCHA-DETCCUNNINGHAM2-5,2026-04-10,fg3m,4.5,1.117,3.383,0.01025,0.010602034174694297,0.0,1.0
KXNBA3PT-26APR10DETCHA-DETDROBINSON55-1,2026-04-10,fg3m,0.5,1.81375,-1.31375,0.829,0.8035387970451363,1.0,1.0
KXNBA3PT-26APR10DETCHA-DETDROBINSON55-2,2026-04-10,fg3m,1.5,1.81375,-0.31375,0.5375,0.5156177022180388,1.0,1.0
KXNBA3PT-26APR10DETCHA-DETDROBINSON55-3,2026-04-10,fg3m,2.5,1.81375,0.68625,0.2715,0.2769999334597515,1.0,1.0
KXNBA3PT-26APR10DETCHA-DETDROBINSON55-4,2026-04-10,fg3m,3.5,1.81375,1.68625,0.119,0.1298915013634674,0.0,1.0
KXNBA3PT-26APR10DETCHA-DETDROBINSON55-5,2026-04-10,fg3m,4.5,1.81375,2.6862500000000002,0.04325,0.05481130877932794,0.0,1.0
KXNBA3PT-26APR10DETCHA-DETTHARRIS12-1,2026-04-10,fg3m,0.5,0.7916948008102633,-0.29169480081026333,0.5209318028359217,0.5291780480458721,1.0,0.7405
KXNBA3PT-26APR10DETCHA-DETTHARRIS12-2,2026-04-10,fg3m,1.5,0.7916948008102633,0.7083051991897367,0.19547602970965564,0.1914565363794125,0.0,0.7405
KXNBA3PT-26APR10DETCHA-DETTHARRIS12-3,2026-04-10,fg3m,2.5,0.7916948008102633,1.7083051991897367,0.05705604321404457,0.05446512035280271,0.0,0.7405
KXNBA3PT-26APR10DETCHA-DETTHARRIS12-4,2026-04-10,fg3m,3.5,0.7916948008102633,2.708305199189737,0.011816340310600946,0.01312864183388196,0.0,0.7405
KXNBA3PT-26APR10DETCHA-DETTHARRIS12-5,2026-04-10,fg3m,4.5,0.7916948008102633,3.708305199189737,0.005064145847400405,0.0028027725692213457,0.0,0.7405
KXNBAPTS-26APR10ORLCHI-ORLABLACK0-10,2026-04-10,pts,9.5,8.6985,0.8015000000000008,0.39925,0.3782207051377008,0.0,1.0
KXNBAPTS-26APR10ORLCHI-ORLABLACK0-15,2026-04-10,pts,14.5,8.6985,5.801500000000001,0.155,0.10912699540618165,0.0,1.0
KXNBAPTS-26APR10ORLCHI-ORLABLACK0-20,2026-04-10,pts,19.5,8.6985,10.8015,0.04625,0.023284181276899685,0.0,1.0
KXNBAPTS-26APR10ORLCHI-ORLABLACK0-25,2026-04-10,pts,24.5,8.6985,15.8015,0.01125,0.004057933945359471,0.0,1.0
KXNBAPTS-26APR10ORLCHI-ORLDBANE3-15,2026-04-10,pts,14.5,14.14475,0.35524999999999984,0.44075,0.42530395069688776,0.0,1.0
KXNBAPTS-26APR10ORLCHI-ORLDBANE3-20,2026-04-10,pts,19.5,14.14475,5.35525,0.19575,0.19805061028259352,0.0,1.0
KXNBAPTS-26APR10ORLCHI-ORLDBANE3-25,2026-04-10,pts,24.5,14.14475,10.35525,0.06025,0.07816239883377818,0.0,1.0
KXNBAPTS-26APR10ORLCHI-ORLDBANE3-30,2026-04-10,pts,29.5,14.14475,15.35525,0.01525,0.02724979871234423,0.0,1.0
KXNBAPTS-26APR10ORLCHI-ORLFWAGNER22-10,2026-04-10,pts,9.5,10.327,-0.827,0.51175,0.5086833886228546,1.0,1.0
KXNBAPTS-26APR10ORLCHI-ORLFWAGNER22-15,2026-04-10,pts,14.5,10.327,4.173,0.22275,0.19570223563777134,1.0,1.0
KXNBAPTS-26APR10ORLCHI-ORLFWAGNER22-20,2026-04-10,pts,19.5,10.327,9.173,0.0755,0.057067913052570196,1.0,1.0
KXNBAPTS-26APR10ORLCHI-ORLFWAGNER22-25,2026-04-10,pts,24.5,10.327,14.173,0.0205,0.013741868348509545,1.0,1.0
KXNBAPTS-26APR10ORLCHI-ORLJSUGGS4-10,2026-04-10,pts,9.5,10.0735,-0.5734999999999992,0.5055,0.48961099359585925,1.0,1.0
KXNBAPTS-26APR10ORLCHI-ORLJSUGGS4-15,2026-04-10,pts,14.5,10.0735,4.426500000000001,0.19425,0.18117606391767205,0.0,1.0
KXNBAPTS-26APR10ORLCHI-ORLJSUGGS4-20,2026-04-10,pts,19.5,10.0735,9.4265,0.06,0.0506222152758008,0.0,1.0
KXNBAPTS-26APR10ORLCHI-ORLJSUGGS4-25,2026-04-10,pts,24.5,10.0735,14.4265,0.01,0.01165990486149382,0.0,1.0
KXNBAPTS-26APR10ORLCHI-ORLPBANCHERO5-20,2026-04-10,pts,19.5,14.66575,4.834250000000001,0.223,0.22169003293619238,0.0,1.0
KXNBAPTS-26APR10ORLCHI-ORLPBANCHERO5-25,2026-04-10,pts,24.5,14.66575,9.83425,0.07325,0.09187047616359356,0.0,1.0
KXNBAPTS-26APR10ORLCHI-ORLPBANCHERO5-30,2026-04-10,pts,29.5,14.66575,14.83425,0.0195,0.033695634618293946,0.0,1.0
KXNBAPTS-26APR10ORLCHI-ORLPBANCHERO5-35,2026-04-10,pts,34.5,14.66575,19.83425,0.00525,0.011249690906503296,0.0,1.0
KXNBAPTS-26APR10ORLCHI-ORLWCARTER34-10,2026-04-10,pts,9.5,9.9705,-0.4704999999999995,0.48275,0.4817177106649352,1.0,1.0
KXNBAPTS-26APR10ORLCHI-ORLWCARTER34-15,2026-04-10,pts,14.5,9.9705,4.5295000000000005,0.197,0.1753621432790775,0.0,1.0
KXNBAPTS-26APR10ORLCHI-ORLWCARTER34-20,2026-04-10,pts,19.5,9.9705,9.5295,0.0555,0.04812769347592716,0.0,1.0
KXNBAREB-26APR10ORLCHI-ORLFWAGNER22-10,2026-04-10,reb,9.5,3.46925,6.030749999999999,0.01175,0.010908170338910339,0.0,1.0
KXNBAREB-26APR10ORLCHI-ORLFWAGNER22-2,2026-04-10,reb,1.5,3.46925,-1.9692500000000002,0.81225,0.8188523852543337,1.0,1.0
KXNBAREB-26APR10ORLCHI-ORLFWAGNER22-4,2026-04-10,reb,3.5,3.46925,0.030749999999999833,0.44575,0.44140491296691364,0.0,1.0
KXNBAREB-26APR10ORLCHI-ORLFWAGNER22-6,2026-04-10,reb,5.5,3.46925,2.03075,0.17125,0.16510534173743707,0.0,1.0
KXNBAREB-26APR10ORLCHI-ORLFWAGNER22-8,2026-04-10,reb,7.5,3.46925,4.030749999999999,0.0475,0.046992261507935784,0.0,1.0
KXNBAREB-26APR10ORLCHI-ORLJSUGGS4-2,2026-04-10,reb,1.5,4.0345,-2.5345000000000004,0.89575,0.8700906795679971,0.0,1.0
KXNBAREB-26APR10ORLCHI-ORLJSUGGS4-4,2026-04-10,reb,3.5,4.0345,-0.5345000000000004,0.55675,0.5402627513710826,0.0,1.0
KXNBAREB-26APR10ORLCHI-ORLJSUGGS4-5,2026-04-10,reb,4.5,4.0345,0.4654999999999996,0.37875,0.375071509844202,0.0,1.0
KXNBAREB-26APR10ORLCHI-ORLJSUGGS4-6,2026-04-10,reb,5.5,4.0345,1.4654999999999996,0.23175,0.2421016647617834,0.0,1.0
KXNBAREB-26APR10ORLCHI-ORLJSUGGS4-8,2026-04-10,reb,7.5,4.0345,3.4654999999999996,0.06525,0.084004583380072,0.0,1.0
KXNBAREB-26APR10ORLCHI-ORLPBANCHERO5-10,2026-04-10,reb,9.5,5.90975,3.59025,0.0915,0.12333646507564244,0.0,1.0
KXNBAREB-26APR10ORLCHI-ORLPBANCHERO5-12,2026-04-10,reb,11.5,5.90975,5.59025,0.02825,0.048964606486243345,0.0,1.0
KXNBAREB-26APR10ORLCHI-ORLPBANCHERO5-4,2026-04-10,reb,3.5,5.90975,-2.40975,0.82225,0.7742122703156095,1.0,1.0
KXNBAREB-26APR10ORLCHI-ORLPBANCHERO5-6,2026-04-10,reb,5.5,5.90975,-0.40974999999999984,0.52525,0.506346268329289,1.0,1.0
KXNBAREB-26APR10ORLCHI-ORLPBANCHERO5-8,2026-04-10,reb,7.5,5.90975,1.5902500000000002,0.26025,0.2714835530527583,1.0,1.0
KXNBAREB-26APR10ORLCHI-ORLWCARTER34-10,2026-04-10,reb,9.5,4.658,4.842,0.036,0.04720743754209422,0.0,1.0
KXNBAREB-26APR10ORLCHI-ORLWCARTER34-12,2026-04-10,reb,11.5,4.658,6.842,0.009,0.014012781240035244,0.0,1.0
KXNBAREB-26APR10ORLCHI-ORLWCARTER34-4,2026-04-10,reb,3.5,4.658,-1.1580000000000004,0.654,0.6341027866534412,1.0,1.0
KXNBAREB-26APR10ORLCHI-ORLWCARTER34-6,2026-04-10,reb,5.5,4.658,0.8419999999999996,0.32925,0.3322535972504246,1.0,1.0
KXNBAREB-26APR10ORLCHI-ORLWCARTER34-8,2026-04-10,reb,7.5,4.658,2.8419999999999996,0.1205,0.13742298826249022,0.0,1.0
KXNBAAST-26APR10ORLCHI-ORLABLACK0-2,2026-04-10,ast,1.5,1.91175,-0.41175000000000006,0.53025,0.5485144419296639,1.0,1.0
KXNBAAST-26APR10ORLCHI-ORLABLACK0-3,2026-04-10,ast,2.5,1.91175,0.5882499999999999,0.30775,0.3006962744174748,0.0,1.0
KXNBAAST-26APR10ORLCHI-ORLABLACK0-4,2026-04-10,ast,3.5,1.91175,1.58825,0.1485,0.14167369347943537,0.0,1.0
KXNBAAST-26APR10ORLCHI-ORLABLACK0-6,2026-04-10,ast,5.5,1.91175,3.58825,0.0285,0.022379741315448287,0.0,1.0
KXNBAAST-26APR10ORLCHI-ORLABLACK0-8,2026-04-10,ast,7.5,1.91175,5.58825,0.00525,0.002547550037280799,0.0,1.0
KXNBAAST-26APR10ORLCHI-ORLJSUGGS4-10,2026-04-10,ast,9.5,3.58725,5.91275,0.00475,0.012539104168408421,0.0,1.0
KXNBAAST-26APR10ORLCHI-ORLJSUGGS4-12,2026-04-10,ast,11.5,3.58725,7.91275,0.00075,0.0025443881782840627,0.0,1.0
KXNBAAST-26APR10ORLCHI-ORLJSUGGS4-6,2026-04-10,ast,5.5,3.58725,1.91275,0.165,0.17946063113546384,0.0,1.0
KXNBAAST-26APR10ORLCHI-ORLJSUGGS4-7,2026-04-10,ast,6.5,3.58725,2.91275,0.08075,0.10013526430197706,0.0,1.0
KXNBAAST-26APR10ORLCHI-ORLJSUGGS4-8,2026-04-10,ast,7.5,3.58725,3.91275,0.037,0.05264408880477911,0.0,1.0
KXNBAAST-26APR10ORLCHI-ORLPBANCHERO5-2,2026-04-10,ast,1.5,3.21775,-1.71775,0.81575,0.791717843254632,1.0,1.0
KXNBAAST-26APR10ORLCHI-ORLPBANCHERO5-4,2026-04-10,ast,3.5,3.21775,0.2822499999999999,0.40425,0.3942799187189733,1.0,1.0
KXNBAAST-26APR10ORLCHI-ORLPBANCHERO5-5,2026-04-10,ast,4.5,3.21775,1.28225,0.22425,0.2385771538611805,1.0,1.0
KXNBAAST-26APR10ORLCHI-ORLPBANCHERO5-6,2026-04-10,ast,5.5,3.21775,2.28225,0.1225,0.13276397680290486,1.0,1.0
KXNBAAST-26APR10ORLCHI-ORLPBANCHERO5-8,2026-04-10,ast,7.5,3.21775,4.2822499999999994,0.01975,0.033507195826623426,0.0,1.0
KXNBA3PT-26APR10ORLCHI-ORLDBANE3-1,2026-04-10,fg3m,0.5,1.54475,-1.04475,0.7905,0.7550692774308325,0.0,1.0
KXNBA3PT-26APR10ORLCHI-ORLDBANE3-2,2026-04-10,fg3m,1.5,1.54475,-0.04475000000000007,0.4575,0.4403914557604316,0.0,1.0
KXNBA3PT-26APR10ORLCHI-ORLDBANE3-3,2026-04-10,fg3m,2.5,1.54475,0.9552499999999999,0.199,0.2117675626518145,0.0,1.0
KXNBA3PT-26APR10ORLCHI-ORLDBANE3-4,2026-04-10,fg3m,3.5,1.54475,1.95525,0.071,0.088206228922878,0.0,1.0
KXNBA3PT-26APR10ORLCHI-ORLDBANE3-5,2026-04-10,fg3m,4.5,1.54475,2.95525,0.01925,0.03292259481074988,0.0,1.0
KXNBA3PT-26APR10ORLCHI-ORLFWAGNER22-1,2026-04-10,fg3m,0.5,0.775,-0.275,0.52475,0.5219950657579389,1.0,1.0
KXNBA3PT-26APR10ORLCHI-ORLFWAGNER22-2,2026-04-10,fg3m,1.5,0.775,0.725,0.18775,0.18568510998063203,1.0,1.0
KXNBA3PT-26APR10ORLCHI-ORLFWAGNER22-3,2026-04-10,fg3m,2.5,0.775,1.725,0.04975,0.05187785005112344,1.0,1.0
KXNBA3PT-26APR10ORLCHI-ORLFWAGNER22-4,2026-04-10,fg3m,3.5,0.775,2.725,0.011,0.012275120328222422,0.0,1.0
KXNBA3PT-26APR10ORLCHI-ORLFWAGNER22-5,2026-04-10,fg3m,4.5,0.775,3.725,0.00175,0.00257172799926908,0.0,1.0
KXNBA3PT-26APR10ORLCHI-ORLJSUGGS4-1,2026-04-10,fg3m,0.5,1.5795,-1.0795,0.78375,0.7620338254358157,1.0,1.0
KXNBA3PT-26APR10ORLCHI-ORLJSUGGS4-2,2026-04-10,fg3m,1.5,1.5795,-0.0794999999999999,0.462,0.45060532513680596,1.0,1.0
KXNBA3PT-26APR10ORLCHI-ORLJSUGGS4-3,2026-04-10,fg3m,2.5,1.5795,0.9205000000000001,0.2135,0.22012487741353914,1.0,1.0
KXNBA3PT-26APR10ORLCHI-ORLJSUGGS4-4,2026-04-10,fg3m,3.5,1.5795,1.9205,0.08075,0.09323840772029224,1.0,1.0
KXNBA3PT-26APR10ORLCHI-ORLJSUGGS4-5,2026-04-10,fg3m,4.5,1.5795,2.9205,0.028,0.03540889076185949,0.0,1.0
KXNBA3PT-26APR10ORLCHI-ORLPBANCHERO5-1,2026-04-10,fg3m,0.5,0.86125,-0.36124999999999996,0.57375,0.5578189688776134,1.0,1.0
KXNBA3PT-26APR10ORLCHI-ORLPBANCHERO5-2,2026-04-10,fg3m,1.5,0.86125,0.63875,0.2135,0.2156008835301758,0.0,1.0
KXNBA3PT-26APR10ORLCHI-ORLPBANCHERO5-3,2026-04-10,fg3m,2.5,0.86125,1.63875,0.0575,0.06582619831510994,0.0,1.0
KXNBA3PT-26APR10ORLCHI-ORLPBANCHERO5-4,2026-04-10,fg3m,3.5,0.86125,2.63875,0.01425,0.017064439194511838,0.0,1.0
KXNBA3PT-26APR10ORLCHI-ORLPBANCHERO5-5,2026-04-10,fg3m,4.5,0.86125,3.63875,0.00225,0.003922079812722301,0.0,1.0
KXNBAPTS-26APR10OKCDEN-OKCLDORT5-10,2026-04-10,pts,9.5,7.7275,1.7725,0.31725,0.2941837275831747,0.0,1.0
KXNBAPTS-26APR10OKCDEN-OKCLDORT5-15,2026-04-10,pts,14.5,7.7275,6.7725,0.097,0.06781661017458795,0.0,1.0
KXNBAPTS-26APR10OKCDEN-OKCLDORT5-20,2026-04-10,pts,19.5,7.7275,11.7725,0.0215,0.01139172035509406,0.0,1.0
KXNBAPTS-26APR10OKCDEN-OKCLDORT5-25,2026-04-10,pts,24.5,7.7275,16.7725,0.0025,0.0015530482297858583,0.0,1.0
KXNBAAST-26APR10OKCDEN-OKCLDORT5-10,2026-04-10,ast,9.5,1.49825,8.00175,0.0,3.7292602097838135e-05,0.0,1.0
KXNBAAST-26APR10OKCDEN-OKCLDORT5-2,2026-04-10,ast,1.5,1.49825,0.0017499999999999183,0.445,0.4306359287477486,0.0,1.0
KXNBAAST-26APR10OKCDEN-OKCLDORT5-4,2026-04-10,ast,3.5,1.49825,2.00175,0.067,0.07737440572537602,0.0,1.0
KXNBAAST-26APR10OKCDEN-OKCLDORT5-6,2026-04-10,ast,5.5,1.49825,4.0017499999999995,0.00425,0.008233498098441205,0.0,1.0
KXNBAAST-26APR10OKCDEN-OKCLDORT5-8,2026-04-10,ast,7.5,1.49825,6.0017499999999995,0.0,0.0006240174786269481,0.0,1.0
KXNBAPTS-26APR10MINHOU-HOUASENGUN28-15,2026-04-10,pts,14.5,12.34,2.16,0.331,0.3172161142351808,1.0,1.0
KXNBAPTS-26APR10MINHOU-HOUASENGUN28-20,2026-04-10,pts,19.5,12.34,7.16,0.11075,0.12256556719923772,1.0,1.0
KXNBAPTS-26APR10MINHOU-HOUASENGUN28-25,2026-04-10,pts,24.5,12.34,12.16,0.0265,0.03964503244973716,0.0,1.0
KXNBAPTS-26APR10MINHOU-HOUASENGUN28-30,2026-04-10,pts,29.5,12.34,17.16,0.0055,0.011254333348721945,0.0,1.0
KXNBAPTS-26APR10MINHOU-HOUATHOMPSON1-15,2026-04-10,pts,14.5,13.88325,0.6167499999999997,0.429,0.4100925083343211,1.0,1.0
KXNBAPTS-26APR10MINHOU-HOUATHOMPSON1-20,2026-04-10,pts,19.5,13.88325,5.61675,0.17075,0.1864291550377447,1.0,1.0
KXNBAPTS-26APR10MINHOU-HOUATHOMPSON1-25,2026-04-10,pts,24.5,13.88325,10.61675,0.04475,0.07170013418628463,1.0,1.0
KXNBAPTS-26APR10MINHOU-HOUATHOMPSON1-30,2026-04-10,pts,29.5,13.88325,15.61675,0.00875,0.024336437448434833,1.0,1.0
KXNBAPTS-26APR10MINHOU-HOUJSMITH10-10,2026-04-10,pts,9.5,12.314,-2.814,0.6505,0.6395944763142101,1.0,1.0
KXNBAPTS-26APR10MINHOU-HOUJSMITH10-15,2026-04-10,pts,14.5,12.314,2.186,0.33475,0.3156233705702226,1.0,1.0
KXNBAPTS-26APR10MINHOU-HOUJSMITH10-20,2026-04-10,pts,19.5,12.314,7.186,0.122,0.12157506851217992,0.0,1.0
KXNBAPTS-26APR10MINHOU-HOUJSMITH10-25,2026-04-10,pts,24.5,12.314,12.186,0.03475,0.039196734481048656,0.0,1.0
KXNBAPTS-26APR10MINHOU-HOUKDURANT7-20,2026-04-10,pts,19.5,15.95025,3.5497499999999995,0.288,0.28176040556299387,1.0,1.0
KXNBAPTS-26APR10MINHOU-HOUKDURANT7-25,2026-04-10,pts,24.5,15.95025,8.54975,0.117,0.12997416990908472,1.0,1.0
KXNBAPTS-26APR10MINHOU-HOUKDURANT7-30,2026-04-10,pts,29.5,15.95025,13.54975,0.032,0.05331381755896625,1.0,1.0
KXNBAPTS-26APR10MINHOU-HOUKDURANT7-35,2026-04-10,pts,34.5,15.95025,18.54975,0.007,0.019961300337724697,0.0,1.0
KXNBAPTS-26APR10MINHOU-HOURSHEPPARD15-10,2026-04-10,pts,9.5,9.6905,-0.1905000000000001,0.46075,0.4598556386515401,1.0,1.0
KXNBAPTS-26APR10MINHOU-HOURSHEPPARD15-15,2026-04-10,pts,14.5,9.6905,4.8095,0.1915,0.15984756567588698,0.0,1.0
KXNBAPTS-26APR10MINHOU-HOURSHEPPARD15-20,2026-04-10,pts,19.5,9.6905,9.8095,0.0595,0.04171277111816818,0.0,1.0
KXNBAPTS-26APR10MINHOU-MINDDIVINCENZO0-10,2026-04-10,pts,9.5,7.89825,1.60175,0.3345,0.30908951224041137,1.0,1.0
KXNBAPTS-26APR10MINHOU-MINDDIVINCENZO0-15,2026-04-10,pts,14.5,7.89825,6.60175,0.09525,0.07438586831381955,1.0,1.0
KXNBAPTS-26APR10MINHOU-MINDDIVINCENZO0-20,2026-04-10,pts,19.5,7.89825,11.60175,0.02575,0.013078488328086446,0.0,1.0
KXNBAPTS-26APR10MINHOU-MINDDIVINCENZO0-25,2026-04-10,pts,24.5,7.89825,16.60175,0.0045,0.0018683188257239136,0.0,1.0
KXNBAPTS-26APR10MINHOU-MINJMCDANIELS3-10,2026-04-10,pts,9.5,9.73275,-0.23274999999999935,0.4705,0.46319145703614384,1.0,1.0
KXNBAPTS-26APR10MINHOU-MINJMCDANIELS3-15,2026-04-10,pts,14.5,9.73275,4.767250000000001,0.184,0.16215977330900777,1.0,1.0
KXNBAPTS-26APR10MINHOU-MINJMCDANIELS3-20,2026-04-10,pts,19.5,9.73275,9.76725,0.05075,0.042646340615219325,0.0,1.0
KXNBAPTS-26APR10MINHOU-MINJMCDANIELS3-25,2026-04-10,pts,24.5,9.73275,14.76725,0.00975,0.009224370710037455,0.0,1.0
KXNBAREB-26APR10MINHOU-HOUASENGUN28-10,2026-04-10,reb,9.5,5.917,3.583,0.098,0.12388215126562818,0.0,1.0
KXNBAREB-26APR10MINHOU-HOUASENGUN28-12,2026-04-10,reb,11.5,5.917,5.583,0.03075,0.04925068601842497,0.0,1.0
KXNBAREB-26APR10MINHOU-HOUASENGUN28-6,2026-04-10,reb,5.5,5.917,-0.4169999999999998,0.52225,0.5072807072576369,1.0,1.0
KXNBAREB-26APR10MINHOU-HOUASENGUN28-8,2026-04-10,reb,7.5,5.917,1.5830000000000002,0.25325,0.2723184546691345,0.0,1.0
KXNBAREB-26APR10MINHOU-HOUASENGUN28-9,2026-04-10,reb,8.5,5.917,2.583,0.16475,0.1871273788533917,0.0,1.0
KXNBAREB-26APR10MINHOU-HOUATHOMPSON1-10,2026-04-10,reb,9.5,5.887,3.6130000000000004,0.0905,0.1216310580166392,0.0,1.0
KXNBAREB-26APR10MINHOU-HOUATHOMPSON1-12,2026-04-10,reb,11.5,5.887,5.613,0.024,0.04807340583610853,0.0,1.0
KXNBAREB-26APR10MINHOU-HOUATHOMPSON1-4,2026-04-10,reb,3.5,5.887,-2.3869999999999996,0.82225,0.7721836124166004,1.0,1.0
KXNBAREB-26APR10MINHOU-HOUATHOMPSON1-6,2026-04-10,reb,5.5,5.887,-0.38699999999999957,0.5255,0.5034070549224237,1.0,1.0
KXNBAREB-26APR10MINHOU-HOUATHOMPSON1-8,2026-04-10,reb,7.5,5.887,1.6130000000000004,0.25125,0.2688658670042363,1.0,1.0
KXNBAREB-26APR10MINHOU-HOUJSMITH10-10,2026-04-10,reb,9.5,5.18625,4.31375,0.05675,0.07468969748022602,0.0,1.0
KXNBAREB-26APR10MINHOU-HOUJSMITH10-12,2026-04-10,reb,11.5,5.18625,6.31375,0.015,0.025381972707989253,0.0,1.0
KXNBAREB-26APR10MINHOU-HOUJSMITH10-6,2026-04-10,reb,5.5,5.18625,0.31374999999999975,0.41275,0.4082264355360158,1.0,1.0
KXNBAREB-26APR10MINHOU-HOUJSMITH10-7,2026-04-10,reb,6.5,5.18625,1.3137499999999998,0.26575,0.2860820940545461,0.0,1.0
KXNBAREB-26APR10MINHOU-HOUJSMITH10-8,2026-04-10,reb,7.5,5.18625,2.3137499999999998,0.16825,0.1908013358335361,0.0,1.0
KXNBAREB-26APR10MINHOU-HOUKDURANT7-10,2026-04-10,reb,9.5,4.86975,4.63025,0.036,0.057364736739945243,0.0,1.0
KXNBAREB-26APR10MINHOU-HOUKDURANT7-2,2026-04-10,reb,1.5,4.86975,-3.36975,0.9405,0.919825024915442,1.0,1.0
KXNBAREB-26APR10MINHOU-HOUKDURANT7-4,2026-04-10,reb,3.5,4.86975,-1.3697499999999998,0.698,0.6621862530389326,1.0,1.0
KXNBAREB-26APR10MINHOU-HOUKDURANT7-6,2026-04-10,reb,5.5,4.86975,0.6302500000000002,0.36375,0.3629610453044635,1.0,1.0
KXNBAREB-26APR10MINHOU-HOUKDURANT7-8,2026-04-10,reb,7.5,4.86975,2.63025,0.134,0.158068846957107,0.0,1.0
KXNBAAST-26APR10MINHOU-HOUASENGUN28-10,2026-04-10,ast,9.5,3.42075,6.07925,0.00325,0.009658175852378048,0.0,1.0
KXNBAAST-26APR10MINHOU-HOUASENGUN28-2,2026-04-10,ast,1.5,3.42075,-1.92075,0.842,0.8155643733668433,1.0,1.0
KXNBAAST-26APR10MINHOU-HOUASENGUN28-4,2026-04-10,ast,3.5,3.42075,0.07925000000000004,0.45175,0.43302800192679025,1.0,1.0
KXNBAAST-26APR10MINHOU-HOUASENGUN28-6,2026-04-10,ast,5.5,3.42075,2.07925,0.13875,0.15781060526259938,1.0,1.0
KXNBAAST-26APR10MINHOU-HOUASENGUN28-8,2026-04-10,ast,7.5,3.42075,4.07925,0.02875,0.043380620278013815,1.0,1.0
KXNBAAST-26APR10MINHOU-HOUATHOMPSON1-10,2026-04-10,ast,9.5,3.65875,5.8412500000000005,0.00525,0.01394446153948592,0.0,1.0
KXNBAAST-26APR10MINHOU-HOUATHOMPSON1-2,2026-04-10,ast,1.5,3.65875,-2.15875,0.87575,0.8400233004313467,1.0,1.0
KXNBAAST-26APR10MINHOU-HOUATHOMPSON1-4,2026-04-10,ast,3.5,3.65875,-0.15874999999999995,0.483,0.47683145414938477,1.0,1.0
KXNBAAST-26APR10MINHOU-HOUATHOMPSON1-6,2026-04-10,ast,5.5,3.65875,1.84125,0.173,0.1890216008514929,1.0,1.0
KXNBAAST-26APR10MINHOU-HOUATHOMPSON1-8,2026-04-10,ast,7.5,3.65875,3.84125,0.03775,0.056944397559002824,0.0,1.0
KXNBAAST-26APR10MINHOU-HOUKDURANT7-10,2026-04-10,ast,9.5,3.62275,5.87725,0.0055,0.01322380251873112,0.0,1.0
KXNBAAST-26APR10MINHOU-HOUKDURANT7-2,2026-04-10,ast,1.5,3.62275,-2.12275,0.8675,0.8365477311786184,1.0,1.0
KXNBAAST-26APR10MINHOU-HOUKDURANT7-4,2026-04-10,ast,3.5,3.62275,-0.12274999999999991,0.49225,0.4703315713510089,1.0,1.0
KXNBAAST-26APR10MINHOU-HOUKDURANT7-6,2026-04-10,ast,5.5,3.62275,1.87725,0.1625,0.1841893356405786,1.0,1.0
KXNBAAST-26APR10MINHOU-HOUKDURANT7-8,2026-04-10,ast,7.5,3.62275,3.87725,0.037,0.054755086892946725,0.0,1.0
KXNBA3PT-26APR10MINHOU-HOUKDURANT7-1,2026-04-10,fg3m,0.5,1.71775,-1.21775,0.81575,0.7876085175388903,0.0,1.0
KXNBA3PT-26APR10MINHOU-HOUKDURANT7-2,2026-04-10,fg3m,1.5,1.71775,-0.2177500000000001,0.50875,0.4897897836004903,0.0,1.0
KXNBA3PT-26APR10MINHOU-HOUKDURANT7-3,2026-04-10,fg3m,2.5,1.71775,0.7822499999999999,0.249,0.2536334818092181,0.0,1.0
KXNBA3PT-26APR10MINHOU-HOUKDURANT7-4,2026-04-10,fg3m,3.5,1.71775,1.78225,0.10075,0.1143330200156698,0.0,1.0
KXNBA3PT-26APR10MINHOU-HOUKDURANT7-5,2026-04-10,fg3m,4.5,1.71775,2.78225,0.0315,0.04630957887302922,0.0,1.0
KXNBA3PT-26APR10MINHOU-HOURSHEPPARD15-1,2026-04-10,fg3m,0.5,1.98325,-1.48325,0.8525,0.8284764450052793,1.0,1.0
KXNBA3PT-26APR10MINHOU-HOURSHEPPARD15-2,2026-04-10,fg3m,1.5,1.98325,-0.48324999999999996,0.56325,0.5584553798979958,1.0,1.0
KXNBA3PT-26APR10MINHOU-HOURSHEPPARD15-3,2026-04-10,fg3m,2.5,1.98325,0.51675,0.31225,0.31807216895058765,0.0,1.0
KXNBA3PT-26APR10MINHOU-HOURSHEPPARD15-4,2026-04-10,fg3m,3.5,1.98325,1.51675,0.15375,0.15888204938211525,0.0,1.0
KXNBA3PT-26APR10MINHOU-HOURSHEPPARD15-5,2026-04-10,fg3m,4.5,1.98325,2.51675,0.06525,0.0716088070875388,0.0,1.0
KXNBAPTS-26APR10PHIIND-INDJWALKER5-10,2026-04-10,pts,9.5,8.894129287598945,0.605870712401055,0.4112796833773087,0.39476595431602823,1.0,0.758
KXNBAPTS-26APR10PHIIND-INDJWALKER5-15,2026-04-10,pts,14.5,8.894129287598945,5.605870712401055,0.15930079155672824,0.11852618095755718,1.0,0.758
KXNBAPTS-26APR10PHIIND-INDJWALKER5-20,2026-04-10,pts,19.5,8.894129287598945,10.605870712401055,0.04716358839050132,0.026395013306449555,0.0,0.758
KXNBAPTS-26APR10PHIIND-INDJWALKER5-25,2026-04-10,pts,24.5,8.894129287598945,15.605870712401055,0.010224274406332454,0.0048073860923394385,0.0,0.758
KXNBAPTS-26APR10PHIIND-PHIKOUBRE9-10,2026-04-10,pts,9.5,9.4975,0.0024999999999995026,0.4525,0.44445675827478204,1.0,1.0
KXNBAPTS-26APR10PHIIND-PHIKOUBRE9-15,2026-04-10,pts,14.5,9.4975,5.0024999999999995,0.1685,0.14942594639482154,1.0,1.0
KXNBAPTS-26APR10PHIIND-PHIKOUBRE9-20,2026-04-10,pts,19.5,9.4975,10.0025,0.04475,0.03760382364930526,0.0,1.0
KXNBAPTS-26APR10PHIIND-PHIKOUBRE9-25,2026-04-10,pts,24.5,9.4975,15.0025,0.00875,0.007770842155142232,0.0,1.0
KXNBAPTS-26APR10PHIIND-PHIPGEORGE8-15,2026-04-10,pts,14.5,11.28125,3.21875,0.26825,0.2524557883261518,1.0,1.0
KXNBAPTS-26APR10PHIIND-PHIPGEORGE8-20,2026-04-10,pts,19.5,11.28125,8.21875,0.09175,0.08511081860965086,1.0,1.0
KXNBAPTS-26APR10PHIIND-PHIPGEORGE8-25,2026-04-10,pts,24.5,11.28125,13.21875,0.024,0.023848198937550524,0.0,1.0
KXNBAPTS-26APR10PHIIND-PHIPGEORGE8-30,2026-04-10,pts,29.5,11.28125,18.21875,0.007,0.005842497412003156,0.0,1.0
KXNBAPTS-26APR10PHIIND-PHITMAXEY0-25,2026-04-10,pts,24.5,14.1535,10.3465,0.06975,0.07838355677615261,1.0,1.0
KXNBAPTS-26APR10PHIIND-PHITMAXEY0-30,2026-04-10,pts,29.5,14.1535,15.3465,0.01825,0.02735096730641995,1.0,1.0
KXNBAPTS-26APR10PHIIND-PHITMAXEY0-35,2026-04-10,pts,34.5,14.1535,20.3465,0.003,0.00867793690229346,0.0,1.0
KXNBAPTS-26APR10PHIIND-PHITMAXEY0-40,2026-04-10,pts,39.5,14.1535,25.3465,0.001,0.002554933375539914,0.0,1.0
KXNBAPTS-26APR10PHIIND-PHIVEDGECOMBE77-10,2026-04-10,pts,9.5,11.74675,-2.2467500000000005,0.62075,0.6056375949965418,1.0,1.0
KXNBAPTS-26APR10PHIIND-PHIVEDGECOMBE77-15,2026-04-10,pts,14.5,11.74675,2.7532499999999995,0.29575,0.28084978808541017,1.0,1.0
KXNBAPTS-26APR10PHIIND-PHIVEDGECOMBE77-20,2026-04-10,pts,19.5,11.74675,7.7532499999999995,0.098,0.1008212931781346,0.0,1.0
KXNBAPTS-26APR10PHIIND-PHIVEDGECOMBE77-25,2026-04-10,pts,24.5,11.74675,12.75325,0.0245,0.030177239653009336,0.0,1.0
KXNBAREB-26APR10PHIIND-INDJWALKER5-10,2026-04-10,reb,9.5,3.87598944591029,5.624010554089709,0.01912928759894459,0.01959643660016619,0.0,0.758
KXNBAREB-26APR10PHIIND-INDJWALKER5-2,2026-04-10,reb,1.5,3.87598944591029,-2.37598944591029,0.8387203166226913,0.8574508065431005,1.0,0.758
KXNBAREB-26APR10PHIIND-INDJWALKER5-4,2026-04-10,reb,3.5,3.87598944591029,-0.37598944591029015,0.5194591029023746,0.5137855998865407,1.0,0.758
KXNBAREB-26APR10PHIIND-INDJWALKER5-6,2026-04-10,reb,5.5,3.87598944591029,1.6240105540897098,0.22559366754617413,0.21979668226313487,0.0,0.758
KXNBAREB-26APR10PHIIND-INDJWALKER5-8,2026-04-10,reb,7.5,3.87598944591029,3.62401055408971,0.07882585751978892,0.07245100460593168,0.0,0.758
KXNBAREB-26APR10PHIIND-PHIKOUBRE9-2,2026-04-10,reb,1.5,4.2725,-2.7725,0.90175,0.8869181905738145,1.0,1.0
KXNBAREB-26APR10PHIIND-PHIKOUBRE9-4,2026-04-10,reb,3.5,4.2725,-0.7725,0.594,0.5780488035796896,1.0,1.0
KXNBAREB-26APR10PHIIND-PHIKOUBRE9-5,2026-04-10,reb,4.5,4.2725,0.22750000000000004,0.42175,0.4138775699604581,1.0,1.0
KXNBAREB-26APR10PHIIND-PHIKOUBRE9-6,2026-04-10,reb,5.5,4.2725,1.2275,0.27375,0.2762338933499825,1.0,1.0
KXNBAREB-26APR10PHIIND-PHIKOUBRE9-8,2026-04-10,reb,7.5,4.2725,3.2275,0.092,0.10296732495283034,0.0,1.0
KXNBAREB-26APR10PHIIND-PHIPGEORGE8-10,2026-04-10,reb,9.5,4.07525,5.42475,0.01425,0.025197381283860287,0.0,1.0
KXNBAREB-26APR10PHIIND-PHIPGEORGE8-2,2026-04-10,reb,1.5,4.07525,-2.5752499999999996,0.89475,0.873147689050935,1.0,1.0
KXNBAREB-26APR10PHIIND-PHIPGEORGE8-4,2026-04-10,reb,3.5,4.07525,-0.5752499999999996,0.559,0.546902104147643,1.0,1.0
KXNBAREB-26APR10PHIIND-PHIPGEORGE8-6,2026-04-10,reb,5.5,4.07525,1.4247500000000004,0.2475,0.24789920129931087,0.0,1.0
KXNBAREB-26APR10PHIIND-PHIPGEORGE8-8,2026-04-10,reb,7.5,4.07525,3.4247500000000004,0.06725,0.08711652901243738,0.0,1.0
KXNBAREB-26APR10PHIIND-PHIVEDGECOMBE77-2,2026-04-10,reb,1.5,4.4605,-2.9604999999999997,0.9225,0.8985896751427773,1.0,1.0
KXNBAREB-26APR10PHIIND-PHIVEDGECOMBE77-4,2026-04-10,reb,3.5,4.4605,-0.9604999999999997,0.634,0.606184414573715,1.0,1.0
KXNBAREB-26APR10PHIIND-PHIVEDGECOMBE77-5,2026-04-10,reb,4.5,4.4605,0.03950000000000031,0.45675,0.4438135158121095,1.0,1.0
KXNBAREB-26APR10PHIIND-PHIVEDGECOMBE77-6,2026-04-10,reb,5.5,4.4605,1.0395000000000003,0.29375,0.3035110783350028,1.0,1.0
KXNBAREB-26APR10PHIIND-PHIVEDGECOMBE77-8,2026-04-10,reb,7.5,4.4605,3.0395000000000003,0.10025,0.11922796502740451,1.0,1.0
KXNBAAST-26APR10PHIIND-PHIKOUBRE9-10,2026-04-10,ast,9.5,1.72275,7.77725,0.0,0.00010739337241150171,0.0,1.0
KXNBAAST-26APR10PHIIND-PHIKOUBRE9-2,2026-04-10,ast,1.5,1.72275,-0.22275,0.50225,0.4972690765616834,0.0,1.0
KXNBAAST-26APR10PHIIND-PHIKOUBRE9-4,2026-04-10,ast,3.5,1.72275,1.77725,0.1085,0.11039267625897731,0.0,1.0
KXNBAAST-26APR10PHIIND-PHIKOUBRE9-6,2026-04-10,ast,5.5,1.72275,3.77725,0.01325,0.0147693015204865,0.0,1.0
KXNBAAST-26APR10PHIIND-PHIKOUBRE9-8,2026-04-10,ast,7.5,1.72275,5.77725,0.0005,0.0014162418030704282,0.0,1.0
KXNBAAST-26APR10PHIIND-PHIPGEORGE8-2,2026-04-10,ast,1.5,2.513,-1.013,0.70225,0.68256474714038,1.0,1.0
KXNBAAST-26APR10PHIIND-PHIPGEORGE8-4,2026-04-10,ast,3.5,2.513,0.9870000000000001,0.25625,0.2546960518556204,0.0,1.0
KXNBAAST-26APR10PHIIND-PHIPGEORGE8-5,2026-04-10,ast,4.5,2.513,1.987,0.1205,0.13038747299187814,0.0,1.0
KXNBAAST-26APR10PHIIND-PHIPGEORGE8-6,2026-04-10,ast,5.5,2.513,2.987,0.05175,0.060906648370310235,0.0,1.0
KXNBAAST-26APR10PHIIND-PHIPGEORGE8-8,2026-04-10,ast,7.5,2.513,4.987,0.007,0.010683242666508663,0.0,1.0
KXNBAAST-26APR10PHIIND-PHITMAXEY0-10,2026-04-10,ast,9.5,3.6005,5.8995,0.0045,0.012791674468188186,0.0,1.0
KXNBAAST-26APR10PHIIND-PHITMAXEY0-12,2026-04-10,ast,11.5,3.6005,7.8995,0.00125,0.0026094325868822876,0.0,1.0
KXNBAAST-26APR10PHIIND-PHITMAXEY0-6,2026-04-10,ast,5.5,3.6005,1.8995000000000002,0.162,0.18122123987417926,0.0,1.0
KXNBAAST-26APR10PHIIND-PHITMAXEY0-7,2026-04-10,ast,6.5,3.6005,2.8995,0.08675,0.10136669904974915,0.0,1.0
KXNBAAST-26APR10PHIIND-PHITMAXEY0-8,2026-04-10,ast,7.5,3.6005,3.8995,0.03975,0.05342642434792644,0.0,1.0
KXNBAAST-26APR10PHIIND-PHIVEDGECOMBE77-2,2026-04-10,ast,1.5,2.99725,-1.4972500000000002,0.78825,0.7622931721295599,1.0,1.0
KXNBAAST-26APR10PHIIND-PHIVEDGECOMBE77-4,2026-04-10,ast,3.5,2.99725,0.5027499999999998,0.35875,0.3510927815628623,1.0,1.0
KXNBAAST-26APR10PHIIND-PHIVEDGECOMBE77-5,2026-04-10,ast,4.5,2.99725,1.5027499999999998,0.1865,0.2028718659934451,1.0,1.0
KXNBAAST-26APR10PHIIND-PHIVEDGECOMBE77-6,2026-04-10,ast,5.5,2.99725,2.50275,0.0885,0.10754114587966512,0.0,1.0
KXNBAAST-26APR10PHIIND-PHIVEDGECOMBE77-8,2026-04-10,ast,7.5,2.99725,4.50275,0.013,0.024521017882715324,0.0,1.0
KXNBA3PT-26APR10PHIIND-PHITMAXEY0-1,2026-04-10,fg3m,0.5,1.4835,-0.9835,0.77275,0.7422248931048716,1.0,1.0
KXNBA3PT-26APR10PHIIND-PHITMAXEY0-2,2026-04-10,fg3m,1.5,1.4835,0.01649999999999996,0.43275,0.4220398106689266,0.0,1.0
KXNBA3PT-26APR10PHIIND-PHITMAXEY0-3,2026-04-10,fg3m,2.5,1.4835,1.0165,0.18575,0.19713754952742357,0.0,1.0
KXNBA3PT-26APR10PHIIND-PHITMAXEY0-4,2026-04-10,fg3m,3.5,1.4835,2.0164999999999997,0.06675,0.07962289167648318,0.0,1.0
KXNBA3PT-26APR10PHIIND-PHITMAXEY0-5,2026-04-10,fg3m,4.5,1.4835,3.0164999999999997,0.019,0.028790179274143957,0.0,1.0
KXNBA3PT-26APR10PHIIND-PHIVEDGECOMBE77-1,2026-04-10,fg3m,0.5,1.35975,-0.85975,0.735,0.7138800887726313,0.0,1.0
KXNBA3PT-26APR10PHIIND-PHIVEDGECOMBE77-2,2026-04-10,fg3m,1.5,1.35975,0.14024999999999999,0.3885,0.38365128768903467,0.0,1.0
KXNBA3PT-26APR10PHIIND-PHIVEDGECOMBE77-3,2026-04-10,fg3m,2.5,1.35975,1.14025,0.16375,0.16811796542641888,0.0,1.0
KXNBA3PT-26APR10PHIIND-PHIVEDGECOMBE77-4,2026-04-10,fg3m,3.5,1.35975,2.14025,0.0535,0.06347274681000903,0.0,1.0
KXNBA3PT-26APR10PHIIND-PHIVEDGECOMBE77-5,2026-04-10,fg3m,4.5,1.35975,3.14025,0.0135,0.021411961129380597,0.0,1.0
KXNBAPTS-26APR10PHXLAL-LALDAYTON5-10,2026-04-10,pts,9.5,8.429,1.0709999999999997,0.38075,0.35515368859241936,1.0,1.0
KXNBAPTS-26APR10PHXLAL-LALDAYTON5-15,2026-04-10,pts,14.5,8.429,6.071,0.11525,0.09673509910694367,0.0,1.0
KXNBAPTS-26APR10PHXLAL-LALDAYTON5-20,2026-04-10,pts,19.5,8.429,11.071,0.02475,0.019405043576271486,0.0,1.0
KXNBAPTS-26APR10PHXLAL-LALDAYTON5-25,2026-04-10,pts,24.5,8.429,16.070999999999998,0.00525,0.003173846598590213,0.0,1.0
KXNBAPTS-26APR10PHXLAL-LALLJAMES23-15,2026-04-10,pts,14.5,12.50075,1.99925,0.34325,0.3270541748150779,1.0,1.0
KXNBAPTS-26APR10PHXLAL-LALLJAMES23-20,2026-04-10,pts,19.5,12.50075,6.99925,0.12475,0.1287612995046925,1.0,1.0
KXNBAPTS-26APR10PHXLAL-LALLJAMES23-25,2026-04-10,pts,24.5,12.50075,11.99925,0.0345,0.042484893148789116,1.0,1.0
KXNBAPTS-26APR10PHXLAL-LALLJAMES23-30,2026-04-10,pts,29.5,12.50075,16.99925,0.0075,0.012309628496873004,0.0,1.0
KXNBAPTS-26APR10PHXLAL-LALLJAMES23-35,2026-04-10,pts,34.5,12.50075,21.99925,0.0015,0.0032318015911544373,0.0,1.0
KXNBAPTS-26APR10PHXLAL-LALMSMART36-10,2026-04-10,pts,9.5,8.172057352450818,1.3279426475491825,0.3494498166055352,0.3329307421368227,0.0,0.74975
KXNBAPTS-26APR10PHXLAL-LALMSMART36-15,2026-04-10,pts,14.5,8.172057352450818,6.3279426475491825,0.10503501167055686,0.08556126354622995,0.0,0.74975
KXNBAPTS-26APR10PHXLAL-LALMSMART36-20,2026-04-10,pts,19.5,8.172057352450818,11.327942647549182,0.027009003001000332,0.01613122614300777,0.0,0.74975
KXNBAPTS-26APR10PHXLAL-PHXDBROOKS3-10,2026-04-10,pts,9.5,10.8585,-1.3584999999999994,0.554,0.5469730682077975,1.0,1.0
KXNBAPTS-26APR10PHXLAL-PHXDBROOKS3-15,2026-04-10,pts,14.5,10.8585,3.6415000000000006,0.253,0.22698808687718075,0.0,1.0
KXNBAPTS-26APR10PHXLAL-PHXDBROOKS3-20,2026-04-10,pts,19.5,10.8585,8.6415,0.08,0.07196900774127057,0.0,1.0
KXNBAPTS-26APR10PHXLAL-PHXDBROOKS3-25,2026-04-10,pts,24.5,10.8585,13.6415,0.01975,0.018910832019460977,0.0,1.0
KXNBAPTS-26APR10PHXLAL-PHXDBROOKS3-30,2026-04-10,pts,29.5,10.8585,18.6415,0.0025,0.0043381041395101905,0.0,1.0
KXNBAPTS-26APR10PHXLAL-PHXMWILLIAMS15-10,2026-04-10,pts,9.5,7.7525,1.7474999999999996,0.31175,0.29636655246455024,0.0,1.0
KXNBAPTS-26APR10PHXLAL-PHXMWILLIAMS15-15,2026-04-10,pts,14.5,7.7525,6.7475,0.0835,0.06875878831706383,0.0,1.0
KXNBAPTS-26APR10PHXLAL-PHXMWILLIAMS15-20,2026-04-10,pts,19.5,7.7525,11.747499999999999,0.016,0.011628607672340974,0.0,1.0
KXNBAPTS-26APR10PHXLAL-PHXMWILLIAMS15-25,2026-04-10,pts,24.5,7.7525,16.7475,0.0015,0.0015963950118597081,0.0,1.0
KXNBAREB-26APR10PHXLAL-LALDAYTON5-10,2026-04-10,reb,9.5,3.76925,5.7307500000000005,0.013,0.016973056790152263,0.0,1.0
KXNBAREB-26APR10PHXLAL-LALDAYTON5-12,2026-04-10,reb,11.5,3.76925,7.7307500000000005,0.0025,0.003790751704298323,0.0,1.0
KXNBAREB-26APR10PHXLAL-LALDAYTON5-4,2026-04-10,reb,3.5,3.76925,-0.26925,0.49425,0.4953878404869998,1.0,1.0
KXNBAREB-26APR10PHXLAL-LALDAYTON5-6,2026-04-10,reb,5.5,3.76925,1.73075,0.20675,0.20504344334036628,0.0,1.0
KXNBAREB-26APR10PHXLAL-LALDAYTON5-8,2026-04-10,reb,7.5,3.76925,3.73075,0.059,0.06517768253769263,0.0,1.0
KXNBAREB-26APR10PHXLAL-LALLJAMES23-10,2026-04-10,reb,9.5,4.7625,4.7375,0.0325,0.05207517817478324,0.0,1.0
KXNBAREB-26APR10PHXLAL-LALLJAMES23-12,2026-04-10,reb,11.5,4.7625,6.7375,0.00675,0.015903984129844062,0.0,1.0
KXNBAREB-26APR10PHXLAL-LALLJAMES23-4,2026-04-10,reb,3.5,4.7625,-1.2625000000000002,0.6745,0.6481993524480056,1.0,1.0
KXNBAREB-26APR10PHXLAL-LALLJAMES23-6,2026-04-10,reb,5.5,4.7625,0.7374999999999998,0.3575,0.3474346338300318,1.0,1.0
KXNBAREB-26APR10PHXLAL-LALLJAMES23-8,2026-04-10,reb,7.5,4.7625,2.7375,0.126,0.14747345326324024,0.0,1.0
KXNBAREB-26APR10PHXLAL-PHXDBROOKS3-10,2026-04-10,reb,9.5,3.7345,5.765499999999999,0.01,0.01617361839544651,0.0,1.0
KXNBAREB-26APR10PHXLAL-PHXDBROOKS3-2,2026-04-10,reb,1.5,3.7345,-2.2345,0.8645,0.8450904749556858,1.0,1.0
KXNBAREB-26APR10PHXLAL-PHXDBROOKS3-4,2026-04-10,reb,3.5,3.7345,-0.23450000000000015,0.495,0.4893028120032008,0.0,1.0
KXNBAREB-26APR10PHXLAL-PHXDBROOKS3-6,2026-04-10,reb,5.5,3.7345,1.7654999999999998,0.194,0.20029468363711933,0.0,1.0
KXNBAREB-26APR10PHXLAL-PHXDBROOKS3-8,2026-04-10,reb,7.5,3.7345,3.7655,0.054,0.0628996093035854,0.0,1.0
KXNBAREB-26APR10PHXLAL-PHXMWILLIAMS15-10,2026-04-10,reb,9.5,4.2965,5.2035,0.025,0.03254182899565683,0.0,1.0
KXNBAREB-26APR10PHXLAL-PHXMWILLIAMS15-12,2026-04-10,reb,11.5,4.2965,7.2035,0.0065,0.008689244843738342,0.0,1.0
KXNBAREB-26APR10PHXLAL-PHXMWILLIAMS15-4,2026-04-10,reb,3.5,4.2965,-0.7965,0.59375,0.5817252560375481,1.0,1.0
KXNBAREB-26APR10PHXLAL-PHXMWILLIAMS15-6,2026-04-10,reb,5.5,4.2965,1.2035,0.2785,0.2797054082313457,0.0,1.0
KXNBAREB-26APR10PHXLAL-PHXMWILLIAMS15-8,2026-04-10,reb,7.5,4.2965,3.2035,0.09475,0.1049823230083855,0.0,1.0
KXNBAAST-26APR10PHXLAL-LALLJAMES23-10,2026-04-10,ast,9.5,4.04475,5.45525,0.0115,0.02344897999298312,1.0,1.0
KXNBAAST-26APR10PHXLAL-LALLJAMES23-12,2026-04-10,ast,11.5,4.04475,7.45525,0.00175,0.005636011010951347,1.0,1.0
KXNBAAST-26APR10PHXLAL-LALLJAMES23-14,2026-04-10,ast,13.5,4.04475,9.45525,0.0,0.0011964169118082735,0.0,1.0
KXNBAAST-26APR10PHXLAL-LALLJAMES23-6,2026-04-10,ast,5.5,4.04475,1.4552500000000004,0.229,0.24275697720454104,1.0,1.0
KXNBAAST-26APR10PHXLAL-LALLJAMES23-8,2026-04-10,ast,7.5,4.04475,3.4552500000000004,0.0605,0.08343390645253768,1.0,1.0
KXNBA3PT-26APR10PHXLAL-LALLJAMES23-1,2026-04-10,fg3m,0.5,0.84875,-0.34875,0.56775,0.5528203883931948,1.0,1.0
KXNBA3PT-26APR10PHXLAL-LALLJAMES23-2,2026-04-10,fg3m,1.5,0.84875,0.65125,0.2045,0.21125416099317396,1.0,1.0
KXNBA3PT-26APR10PHXLAL-LALLJAMES23-3,2026-04-10,fg3m,2.5,0.84875,1.65125,0.0605,0.0637173266159381,0.0,1.0
KXNBA3PT-26APR10PHXLAL-LALLJAMES23-4,2026-04-10,fg3m,3.5,0.84875,2.65125,0.01325,0.016311525569164598,0.0,1.0
KXNBA3PT-26APR10PHXLAL-LALLJAMES23-5,2026-04-10,fg3m,4.5,0.84875,3.65125,0.002,0.0037015123111803216,0.0,1.0
KXNBAPTS-26APR10BKNMIL-MILKKUZMA18-10,2026-04-10,pts,9.5,7.693049551047555,1.8069504489524446,0.3202527435982707,0.29117592112165724,0.0,0.75175
KXNBAPTS-26APR10BKNMIL-MILKKUZMA18-15,2026-04-10,pts,14.5,7.693049551047555,6.806950448952445,0.08779514466245428,0.06652942689279795,0.0,0.75175
KXNBAPTS-26APR10BKNMIL-MILKKUZMA18-20,2026-04-10,pts,19.5,7.693049551047555,11.806950448952445,0.014299966744263386,0.011070851715577645,0.0,0.75175
KXNBAPTS-26APR10BKNMIL-MILKKUZMA18-25,2026-04-10,pts,24.5,7.693049551047555,16.806950448952445,0.0009976720984369804,0.0014948349393486549,0.0,0.75175
KXNBAPTS-26APR10BKNMIL-MILMTURNER3-10,2026-04-10,pts,9.5,6.734516237027117,2.765483762972883,0.24204887847338466,0.20860561708831982,1.0,0.74675
KXNBAPTS-26APR10BKNMIL-MILMTURNER3-15,2026-04-10,pts,14.5,6.734516237027117,7.765483762972883,0.056243722798794776,0.03608253716427401,0.0,0.74675
KXNBAPTS-26APR10BKNMIL-MILMTURNER3-20,2026-04-10,pts,19.5,6.734516237027117,12.765483762972883,0.005691329092735186,0.004480131995372338,0.0,0.74675
KXNBAPTS-26APR10BKNMIL-MILMTURNER3-25,2026-04-10,pts,24.5,6.734516237027117,17.765483762972885,0.0,0.0004485886158518415,0.0,0.74675
KXNBAREB-26APR10BKNMIL-MILKKUZMA18-10,2026-04-10,reb,9.5,2.909876953774526,6.590123046225473,0.002327901563019621,0.003972776553221702,0.0,0.75175
KXNBAREB-26APR10BKNMIL-MILKKUZMA18-2,2026-04-10,reb,1.5,2.909876953774526,-1.4098769537745262,0.7648819421350183,0.7476860961092968,0.0,0.75175
KXNBAREB-26APR10BKNMIL-MILKKUZMA18-4,2026-04-10,reb,3.5,2.909876953774526,0.5901230462254738,0.3438643165946126,0.333755345262428,0.0,0.75175
KXNBAREB-26APR10BKNMIL-MILKKUZMA18-6,2026-04-10,reb,5.5,2.909876953774526,2.590123046225474,0.09045560359161955,0.09924517718141213,0.0,0.75175
KXNBAREB-26APR10BKNMIL-MILKKUZMA18-8,2026-04-10,reb,7.5,2.909876953774526,4.590123046225473,0.014965081476554705,0.022076840550624754,0.0,0.75175
KXNBAREB-26APR10BKNMIL-MILMTURNER3-10,2026-04-10,reb,9.5,3.0462002008704387,6.453799799129561,0.004017408771342484,0.0052159051875811935,0.0,0.74675
KXNBAREB-26APR10BKNMIL-MILMTURNER3-2,2026-04-10,reb,1.5,3.0462002008704387,-1.5462002008704387,0.7780381653833277,0.7672733254526269,1.0,0.74675
KXNBAREB-26APR10BKNMIL-MILMTURNER3-4,2026-04-10,reb,3.5,3.0462002008704387,0.45379979912956125,0.360562437227988,0.36059258201017097,1.0,0.74675
KXNBAREB-26APR10BKNMIL-MILMTURNER3-6,2026-04-10,reb,5.5,3.0462002008704387,2.4537997991295613,0.11014395714763978,0.11403509241806897,0.0,0.74675
KXNBAREB-26APR10BKNMIL-MILMTURNER3-8,2026-04-10,reb,7.5,3.0462002008704387,4.453799799129561,0.026782725142283227,0.027089157589925472,0.0,0.74675
KXNBAAST-26APR10BKNMIL-MILMTURNER3-10,2026-04-10,ast,9.5,1.1526615333110144,8.347338466688985,0.0,4.623734208175634e-06,0.0,0.74675
KXNBAAST-26APR10BKNMIL-MILMTURNER3-2,2026-04-10,ast,1.5,1.1526615333110144,0.3473384666889856,0.3183796451288919,0.3171623154766048,1.0,0.74675
KXNBAAST-26APR10BKNMIL-MILMTURNER3-4,2026-04-10,ast,3.5,1.1526615333110144,2.347338466688986,0.031134917977904252,0.03745349369922957,0.0,0.74675
KXNBAAST-26APR10BKNMIL-MILMTURNER3-6,2026-04-10,ast,5.5,1.1526615333110144,4.347338466688986,0.002678272514228323,0.002550649082351031,0.0,0.74675
KXNBAAST-26APR10BKNMIL-MILMTURNER3-8,2026-04-10,ast,7.5,1.1526615333110144,6.347338466688986,0.00033478406427854036,0.00012255922990167534,0.0,0.74675
KXNBAPTS-26APR10TORNYK-NYKJBRUNSON11-15,2026-04-10,pts,14.5,14.55425,-0.05424999999999969,0.4595,0.44870410189223,1.0,1.0
KXNBAPTS-26APR10TORNYK-NYKJBRUNSON11-20,2026-04-10,pts,19.5,14.55425,4.94575,0.20775,0.21658301388931744,1.0,1.0
KXNBAPTS-26APR10TORNYK-NYKJBRUNSON11-25,2026-04-10,pts,24.5,14.55425,9.94575,0.0725,0.08884597064086164,1.0,1.0
KXNBAPTS-26APR10TORNYK-NYKJBRUNSON11-30,2026-04-10,pts,29.5,14.55425,14.94575,0.0205,0.03224351749503529,0.0,1.0
KXNBAPTS-26APR10TORNYK-NYKJBRUNSON11-35,2026-04-10,pts,34.5,14.55425,19.94575,0.0055,0.010649105878891674,0.0,1.0
KXNBAPTS-26APR10TORNYK-NYKJHART3-10,2026-04-10,pts,9.5,9.482,0.018000000000000682,0.4565,0.44320889220983584,0.0,1.0
KXNBAPTS-26APR10TORNYK-NYKJHART3-15,2026-04-10,pts,14.5,9.482,5.018000000000001,0.1585,0.14859937841135984,0.0,1.0
KXNBAPTS-26APR10TORNYK-NYKJHART3-20,2026-04-10,pts,19.5,9.482,10.018,0.04425,0.03728490321557143,0.0,1.0
KXNBAPTS-26APR10TORNYK-NYKJHART3-25,2026-04-10,pts,24.5,9.482,15.018,0.00925,0.007681286938703291,0.0,1.0
KXNBAPTS-26APR10TORNYK-NYKKTOWNS32-10,2026-04-10,pts,9.5,11.699628754640568,-2.1996287546405675,0.6122173472831589,0.6026945104506536,1.0,0.74075
KXNBAPTS-26APR10TORNYK-NYKKTOWNS32-15,2026-04-10,pts,14.5,11.699628754640568,2.8003712453594325,0.2915963550455619,0.277965336417763,1.0,0.74075
KXNBAPTS-26APR10TORNYK-NYKKTOWNS32-20,2026-04-10,pts,19.5,11.699628754640568,7.8003712453594325,0.09787377657779278,0.09917457859339185,1.0,0.74075
KXNBAPTS-26APR10TORNYK-NYKKTOWNS32-25,2026-04-10,pts,24.5,11.699628754640568,12.800371245359432,0.019237259534255823,0.029493045201056667,0.0,0.74075
KXNBAPTS-26APR10TORNYK-NYKKTOWNS32-30,2026-04-10,pts,29.5,11.699628754640568,17.800371245359432,0.006074924063449207,0.0076799066759635215,0.0,0.74075
KXNBAPTS-26APR10TORNYK-NYKMBRIDGES25-10,2026-04-10,pts,9.5,9.59425,-0.09425000000000061,0.47725,0.45220868500082545,1.0,1.0
KXNBAPTS-26APR10TORNYK-NYKMBRIDGES25-15,2026-04-10,pts,14.5,9.59425,4.905749999999999,0.1695,0.15462078660477108,0.0,1.0
KXNBAPTS-26APR10TORNYK-NYKMBRIDGES25-20,2026-04-10,pts,19.5,9.59425,9.90575,0.04375,0.03963170225607282,0.0,1.0
KXNBAPTS-26APR10TORNYK-NYKMBRIDGES25-25,2026-04-10,pts,24.5,9.59425,14.90575,0.0075,0.008346985501851312,0.0,1.0
KXNBAPTS-26APR10TORNYK-NYKOANUNOBY8-10,2026-04-10,pts,9.5,9.907567293042153,-0.40756729304215256,0.4936515997968512,0.47685495946252965,0.0,0.49225
KXNBAPTS-26APR10TORNYK-NYKOANUNOBY8-15,2026-04-10,pts,14.5,9.907567293042153,4.592432706957847,0.17470797359065515,0.17183703103013737,0.0,0.49225
KXNBAPTS-26APR10TORNYK-NYKOANUNOBY8-20,2026-04-10,pts,19.5,9.907567293042153,9.592432706957847,0.04418486541391569,0.04663914836329042,0.0,0.49225
KXNBAPTS-26APR10TORNYK-NYKOANUNOBY8-25,2026-04-10,pts,24.5,9.907567293042153,14.592432706957847,0.005078720162519045,0.01042346109011294,0.0,0.49225
KXNBAPTS-26APR10TORNYK-NYKOANUNOBY8-30,2026-04-10,pts,29.5,9.907567293042153,19.592432706957847,0.0005078720162519045,0.002027008937782848,0.0,0.49225
KXNBAPTS-26APR10TORNYK-TORJPOELTL19-10,2026-04-10,pts,9.5,8.07575,1.4242500000000007,0.33625,0.3245588145014253,0.0,1.0
KXNBAPTS-26APR10TORNYK-TORJPOELTL19-15,2026-04-10,pts,14.5,8.07575,6.424250000000001,0.1005,0.08154230873195079,0.0,1.0
KXNBAPTS-26APR10TORNYK-TORJPOELTL19-20,2026-04-10,pts,19.5,8.07575,11.42425,0.0175,0.015007352631575488,0.0,1.0
KXNBAPTS-26APR10TORNYK-TORJPOELTL19-25,2026-04-10,pts,24.5,8.07575,16.42425,0.00175,0.0022467580491465355,0.0,1.0
KXNBAPTS-26APR10TORNYK-TORSBARNES4-10,2026-04-10,pts,9.5,9.54425,-0.0442499999999999,0.45425,0.4482105735450638,1.0,1.0
KXNBAPTS-26APR10TORNYK-TORSBARNES4-15,2026-04-10,pts,14.5,9.54425,4.95575,0.1585,0.1519285531079363,1.0,1.0
KXNBAPTS-26APR10TORNYK-TORSBARNES4-20,2026-04-10,pts,19.5,9.54425,9.95575,0.03875,0.03857569437028607,0.0,1.0
KXNBAPTS-26APR10TORNYK-TORSBARNES4-25,2026-04-10,pts,24.5,9.54425,14.95575,0.00775,0.0080455254128311,0.0,1.0
KXNBAREB-26APR10TORNYK-NYKJBRUNSON11-10,2026-04-10,reb,9.5,3.5935,5.906499999999999,0.008,0.013195202213982848,0.0,1.0
KXNBAREB-26APR10TORNYK-NYKJBRUNSON11-2,2026-04-10,reb,1.5,3.5935,-2.0935,0.861,0.8316688963426315,1.0,1.0
KXNBAREB-26APR10TORNYK-NYKJBRUNSON11-4,2026-04-10,reb,3.5,3.5935,-0.09350000000000014,0.46925,0.46415057896859435,0.0,1.0
KXNBAREB-26APR10TORNYK-NYKJBRUNSON11-6,2026-04-10,reb,5.5,3.5935,1.9064999999999999,0.1695,0.18133867559917705,0.0,1.0
KXNBAREB-26APR10TORNYK-NYKJBRUNSON11-8,2026-04-10,reb,7.5,3.5935,3.9065,0.03775,0.05411552401862996,0.0,1.0
KXNBAREB-26APR10TORNYK-NYKJHART3-10,2026-04-10,reb,9.5,4.57425,4.92575,0.0265,0.04351040674906703,0.0,1.0
KXNBAREB-26APR10TORNYK-NYKJHART3-12,2026-04-10,reb,11.5,4.57425,6.92575,0.00525,0.012615735881291612,0.0,1.0
KXNBAREB-26APR10TORNYK-NYKJHART3-4,2026-04-10,reb,3.5,4.57425,-1.0742500000000001,0.6495,0.6224686500406972,1.0,1.0
KXNBAREB-26APR10TORNYK-NYKJHART3-6,2026-04-10,reb,5.5,4.57425,0.9257499999999999,0.316,0.3200664714488174,0.0,1.0
KXNBAREB-26APR10TORNYK-NYKJHART3-8,2026-04-10,reb,7.5,4.57425,2.92575,0.112,0.12957507328262696,0.0,1.0
KXNBAREB-26APR10TORNYK-NYKKTOWNS32-10,2026-04-10,reb,9.5,6.069524130948363,3.4304758690516373,0.11272359095511306,0.13560314534758,1.0,0.74075
KXNBAREB-26APR10TORNYK-NYKKTOWNS32-12,2026-04-10,reb,11.5,6.069524130948363,5.430475869051637,0.03543705703678704,0.05550115598016947,0.0,0.74075
KXNBAREB-26APR10TORNYK-NYKKTOWNS32-14,2026-04-10,reb,13.5,6.069524130948363,7.430475869051637,0.00911238609517381,0.020368118576441274,0.0,0.74075
KXNBAREB-26APR10TORNYK-NYKKTOWNS32-16,2026-04-10,reb,15.5,6.069524130948363,9.430475869051637,0.0010124873439082012,0.006830548573307116,0.0,0.74075
KXNBAREB-26APR10TORNYK-NYKKTOWNS32-8,2026-04-10,reb,7.5,6.069524130948363,1.4304758690516373,0.27269659129260887,0.28994996438001774,1.0,0.74075
KXNBAREB-26APR10TORNYK-NYKMBRIDGES25-10,2026-04-10,reb,9.5,3.26125,6.23875,0.0045,0.007732154892207022,0.0,1.0
KXNBAREB-26APR10TORNYK-NYKMBRIDGES25-2,2026-04-10,reb,1.5,3.26125,-1.76125,0.81725,0.7951237334700514,0.0,1.0
KXNBAREB-26APR10TORNYK-NYKMBRIDGES25-4,2026-04-10,reb,3.5,3.26125,0.23875000000000002,0.4075,0.4022435242011848,0.0,1.0
KXNBAREB-26APR10TORNYK-NYKMBRIDGES25-6,2026-04-10,reb,5.5,3.26125,2.23875,0.125,0.1391015148460768,0.0,1.0
KXNBAREB-26APR10TORNYK-NYKMBRIDGES25-8,2026-04-10,reb,7.5,3.26125,4.23875,0.02425,0.03637060359919675,0.0,1.0
KXNBAREB-26APR10TORNYK-NYKOANUNOBY8-10,2026-04-10,reb,9.5,3.5073641442356527,5.992635855764347,0.004062976130015236,0.01157731281647878,0.0,0.49225
KXNBAREB-26APR10TORNYK-NYKOANUNOBY8-2,2026-04-10,reb,1.5,3.5073641442356527,-2.0073641442356527,0.8445911630269172,0.8228868556625131,1.0,0.49225
KXNBAREB-26APR10TORNYK-NYKOANUNOBY8-4,2026-04-10,reb,3.5,3.5073641442356527,-0.007364144235652681,0.4540375825292026,0.4484373644225005,1.0,0.49225
KXNBAREB-26APR10TORNYK-NYKOANUNOBY8-6,2026-04-10,reb,5.5,3.5073641442356527,1.9926358557643473,0.16150330116810563,0.17003387682078364,0.0,0.49225
KXNBAREB-26APR10TORNYK-NYKOANUNOBY8-8,2026-04-10,reb,7.5,3.5073641442356527,3.9926358557643473,0.029964448958862366,0.04911551491670019,0.0,0.49225
KXNBAREB-26APR10TORNYK-TORJPOELTL19-10,2026-04-10,reb,9.5,3.6745,5.8255,0.0095,0.01485485313571655,0.0,1.0
KXNBAREB-26APR10TORNYK-TORJPOELTL19-12,2026-04-10,reb,11.5,3.6745,7.8255,0.0015,0.0032013190268985747,0.0,1.0
KXNBAREB-26APR10TORNYK-TORJPOELTL19-6,2026-04-10,reb,5.5,3.6745,1.8255,0.18,0.1921644742415899,0.0,1.0
KXNBAREB-26APR10TORNYK-TORJPOELTL19-7,2026-04-10,reb,6.5,3.6745,2.8255,0.09675,0.10964578241483691,0.0,1.0
KXNBAREB-26APR10TORNYK-TORJPOELTL19-8,2026-04-10,reb,7.5,3.6745,3.8255,0.047,0.059071249053980646,0.0,1.0
KXNBAREB-26APR10TORNYK-TORSBARNES4-10,2026-04-10,reb,9.5,3.864,5.636,0.011,0.01928894922800095,0.0,1.0
KXNBAREB-26APR10TORNYK-TORSBARNES4-12,2026-04-10,reb,11.5,3.864,7.636,0.00225,0.004459280370051721,0.0,1.0
KXNBAREB-26APR10TORNYK-TORSBARNES4-4,2026-04-10,reb,3.5,3.864,-0.3639999999999999,0.51925,0.5117414925081807,1.0,1.0
KXNBAREB-26APR10TORNYK-TORSBARNES4-6,2026-04-10,reb,5.5,3.864,1.6360000000000001,0.21875,0.21812779273226035,0.0,1.0
KXNBAREB-26APR10TORNYK-TORSBARNES4-8,2026-04-10,reb,7.5,3.864,3.636,0.055,0.07161344547986304,0.0,1.0
KXNBAAST-26APR10TORNYK-NYKJBRUNSON11-10,2026-04-10,ast,9.5,4.7205,4.7795,0.031,0.048791574314758224,0.0,1.0
KXNBAAST-26APR10TORNYK-NYKJBRUNSON11-12,2026-04-10,ast,11.5,4.7205,6.7795,0.007,0.014430883975898423,0.0,1.0
KXNBAAST-26APR10TORNYK-NYKJBRUNSON11-4,2026-04-10,ast,3.5,4.7205,-1.2205000000000004,0.67475,0.6447589593428311,0.0,1.0
KXNBAAST-26APR10TORNYK-NYKJBRUNSON11-6,2026-04-10,ast,5.5,4.7205,0.7794999999999996,0.34125,0.3411945300133512,0.0,1.0
KXNBAAST-26APR10TORNYK-NYKJBRUNSON11-8,2026-04-10,ast,7.5,4.7205,2.7794999999999996,0.1145,0.1419148618550291,0.0,1.0
KXNBAAST-26APR10TORNYK-NYKJHART3-10,2026-04-10,ast,9.5,2.58,6.92,0.00025,0.001775152048192452,0.0,1.0
KXNBAAST-26APR10TORNYK-NYKJHART3-2,2026-04-10,ast,1.5,2.58,-1.08,0.71975,0.694966465423737,1.0,1.0
KXNBAAST-26APR10TORNYK-NYKJHART3-4,2026-04-10,ast,3.5,2.58,0.9199999999999999,0.2715,0.2679855094567454,0.0,1.0
KXNBAAST-26APR10TORNYK-NYKJHART3-6,2026-04-10,ast,5.5,2.58,2.92,0.05375,0.06656846655360349,0.0,1.0
KXNBAAST-26APR10TORNYK-NYKJHART3-8,2026-04-10,ast,7.5,2.58,4.92,0.0055,0.012153433034456818,0.0,1.0
KXNBAAST-26APR10TORNYK-TORSBARNES4-10,2026-04-10,ast,9.5,3.25925,6.24075,0.00275,0.007349946966533016,0.0,1.0
KXNBAAST-26APR10TORNYK-TORSBARNES4-2,2026-04-10,ast,1.5,3.25925,-1.7592500000000002,0.82575,0.796833618624664,1.0,1.0
KXNBAAST-26APR10TORNYK-TORSBARNES4-4,2026-04-10,ast,3.5,3.25925,0.2407499999999998,0.40625,0.4022913797836918,1.0,1.0
KXNBAAST-26APR10TORNYK-TORSBARNES4-6,2026-04-10,ast,5.5,3.25925,2.24075,0.12675,0.137751486860892,0.0,1.0
KXNBAAST-26APR10TORNYK-TORSBARNES4-8,2026-04-10,ast,7.5,3.25925,4.24075,0.0235,0.035399423453714274,0.0,1.0
KXNBA3PT-26APR10TORNYK-NYKJBRUNSON11-1,2026-04-10,fg3m,0.5,1.3,-0.8,0.72075,0.6989439980699308,1.0,1.0
KXNBA3PT-26APR10TORNYK-NYKJBRUNSON11-2,2026-04-10,fg3m,1.5,1.3,0.19999999999999996,0.372,0.36452307821255203,1.0,1.0
KXNBA3PT-26APR10TORNYK-NYKJBRUNSON11-3,2026-04-10,fg3m,2.5,1.3,1.2,0.145,0.15444913201657473,0.0,1.0
KXNBA3PT-26APR10TORNYK-NYKJBRUNSON11-4,2026-04-10,fg3m,3.5,1.3,2.2,0.0435,0.056284183960771283,0.0,1.0
KXNBA3PT-26APR10TORNYK-NYKJBRUNSON11-5,2026-04-10,fg3m,4.5,1.3,3.2,0.01375,0.018309539759657323,0.0,1.0
KXNBA3PT-26APR10TORNYK-NYKJHART3-1,2026-04-10,fg3m,0.5,1.18825,-0.68825,0.69775,0.6685798536297111,0.0,1.0
KXNBA3PT-26APR10TORNYK-NYKJHART3-2,2026-04-10,fg3m,1.5,1.18825,0.31174999999999997,0.3305,0.3278137690114563,0.0,1.0
KXNBA3PT-26APR10TORNYK-NYKJHART3-3,2026-04-10,fg3m,2.5,1.18825,1.31175,0.11375,0.1296763812210161,0.0,1.0
KXNBA3PT-26APR10TORNYK-NYKJHART3-4,2026-04-10,fg3m,3.5,1.18825,2.31175,0.034,0.043976150187242546,0.0,1.0
KXNBA3PT-26APR10TORNYK-NYKJHART3-5,2026-04-10,fg3m,4.5,1.18825,3.31175,0.009,0.013289422650733074,0.0,1.0
KXNBA3PT-26APR10TORNYK-NYKKTOWNS32-1,2026-04-10,fg3m,0.5,0.8066149173135336,-0.30661491731353363,0.5521430982112724,0.5354942987916649,1.0,0.74075
KXNBA3PT-26APR10TORNYK-NYKKTOWNS32-2,2026-04-10,fg3m,1.5,0.8066149173135336,0.6933850826864664,0.19473506581167735,0.19662429647551338,0.0,0.74075
KXNBA3PT-26APR10TORNYK-NYKKTOWNS32-3,2026-04-10,fg3m,2.5,0.8066149173135336,1.6933850826864663,0.05028687141410732,0.05682409035163327,0.0,0.74075
KXNBA3PT-26APR10TORNYK-NYKKTOWNS32-4,2026-04-10,fg3m,3.5,0.8066149173135336,2.6933850826864663,0.008437394532568343,0.013921058006497788,0.0,0.74075
KXNBA3PT-26APR10TORNYK-NYKKTOWNS32-5,2026-04-10,fg3m,4.5,0.8066149173135336,3.6933850826864663,0.0010124873439082012,0.003021191206769358,0.0,0.74075
KXNBA3PT-26APR10TORNYK-NYKMBRIDGES25-1,2026-04-10,fg3m,0.5,1.121,-0.621,0.664,0.6486434048445164,1.0,1.0
KXNBA3PT-26APR10TORNYK-NYKMBRIDGES25-2,2026-04-10,fg3m,1.5,1.121,0.379,0.31125,0.30520668711109045,1.0,1.0
KXNBA3PT-26APR10TORNYK-NYKMBRIDGES25-3,2026-04-10,fg3m,2.5,1.121,1.379,0.10225,0.11537096040594663,0.0,1.0
KXNBA3PT-26APR10TORNYK-NYKMBRIDGES25-4,2026-04-10,fg3m,3.5,1.121,2.379,0.03375,0.03731345562656363,0.0,1.0
KXNBA3PT-26APR10TORNYK-NYKMBRIDGES25-5,2026-04-10,fg3m,4.5,1.121,3.379,0.00625,0.010742669456267784,0.0,1.0
KXNBA3PT-26APR10TORNYK-NYKOANUNOBY8-1,2026-04-10,fg3m,0.5,1.2579989842559676,-0.7579989842559676,0.7166074149314373,0.6879167331095665,0.0,0.49225
KXNBA3PT-26APR10TORNYK-NYKOANUNOBY8-2,2026-04-10,fg3m,1.5,1.2579989842559676,0.24200101574403243,0.36262061960385983,0.3508621729190772,0.0,0.49225
KXNBA3PT-26APR10TORNYK-NYKOANUNOBY8-3,2026-04-10,fg3m,2.5,1.2579989842559676,1.2420010157440324,0.13204672422549518,0.14500664187303847,0.0,0.49225
KXNBA3PT-26APR10TORNYK-NYKOANUNOBY8-4,2026-04-10,fg3m,3.5,1.2579989842559676,2.2420010157440324,0.03707465718638903,0.05148107173956773,0.0,0.49225
KXNBA3PT-26APR10TORNYK-NYKOANUNOBY8-5,2026-04-10,fg3m,4.5,1.2579989842559676,3.2420010157440324,0.008633824276282377,0.016304686147638803,0.0,0.49225
KXNBA3PT-26APR10TORNYK-TORSBARNES4-1,2026-04-10,fg3m,0.5,0.6035,-0.10350000000000004,0.44925,0.4405668894054543,0.0,1.0
KXNBA3PT-26APR10TORNYK-TORSBARNES4-2,2026-04-10,fg3m,1.5,0.6035,0.8965,0.12525,0.1276849814794162,0.0,1.0
KXNBA3PT-26APR10TORNYK-TORSBARNES4-3,2026-04-10,fg3m,2.5,0.6035,1.8965,0.0235,0.02872824940644081,0.0,1.0
KXNBA3PT-26APR10TORNYK-TORSBARNES4-4,2026-04-10,fg3m,3.5,0.6035,2.8965,0.00525,0.005446493625444471,0.0,1.0
KXNBA3PT-26APR10TORNYK-TORSBARNES4-5,2026-04-10,fg3m,4.5,0.6035,3.8965,0.00025,0.0009118920069811631,0.0,1.0
KXNBAPTS-26APR10LACPOR-LACBLOPEZ11-10,2026-04-10,pts,9.5,8.41975,1.0802499999999995,0.37375,0.3543571118354676,1.0,1.0
KXNBAPTS-26APR10LACPOR-LACBLOPEZ11-15,2026-04-10,pts,14.5,8.41975,6.0802499999999995,0.11425,0.09632173396832999,1.0,1.0
KXNBAPTS-26APR10LACPOR-LACBLOPEZ11-20,2026-04-10,pts,19.5,8.41975,11.08025,0.0245,0.01928009450123791,1.0,1.0
KXNBAPTS-26APR10LACPOR-LACBMATHURIN9-10,2026-04-10,pts,9.5,10.79475,-1.2947500000000005,0.54875,0.5425046445230183,0.0,1.0
KXNBAPTS-26APR10LACPOR-LACBMATHURIN9-15,2026-04-10,pts,14.5,10.79475,3.7052499999999995,0.24325,0.22318608269030493,0.0,1.0
KXNBAPTS-26APR10LACPOR-LACBMATHURIN9-20,2026-04-10,pts,19.5,10.79475,8.70525,0.0775,0.0700846307621199,0.0,1.0
KXNBAPTS-26APR10LACPOR-LACBMATHURIN9-25,2026-04-10,pts,24.5,10.79475,13.70525,0.018,0.018231109661606015,0.0,1.0
KXNBAPTS-26APR10LACPOR-LACDGARLAND10-15,2026-04-10,pts,14.5,11.80375,2.696249999999999,0.3035,0.2843408677944457,1.0,1.0
KXNBAPTS-26APR10LACPOR-LACDGARLAND10-20,2026-04-10,pts,19.5,11.80375,7.696249999999999,0.10325,0.1028296567913396,0.0,1.0
KXNBAPTS-26APR10LACPOR-LACDGARLAND10-25,2026-04-10,pts,24.5,11.80375,12.69625,0.0265,0.031018115444072403,0.0,1.0
KXNBAPTS-26APR10LACPOR-LACDGARLAND10-30,2026-04-10,pts,29.5,11.80375,17.69625,0.00625,0.0081957848858345,0.0,1.0
KXNBAPTS-26APR10LACPOR-LACDJONES5-10,2026-04-10,pts,9.5,7.33325,2.1667500000000004,0.2825,0.25983447033572293,1.0,1.0
KXNBAPTS-26APR10LACPOR-LACDJONES5-15,2026-04-10,pts,14.5,7.33325,7.16675,0.07375,0.05387250207719718,0.0,1.0
KXNBAPTS-26APR10LACPOR-LACDJONES5-20,2026-04-10,pts,19.5,7.33325,12.16675,0.012,0.008090589355591371,0.0,1.0
KXNBAPTS-26APR10LACPOR-LACJCOLLINS20-10,2026-04-10,pts,9.5,9.42525,0.07474999999999987,0.442,0.4386263080642736,0.0,1.0
KXNBAPTS-26APR10LACPOR-LACJCOLLINS20-15,2026-04-10,pts,14.5,9.42525,5.07475,0.15525,0.145586791715274,0.0,1.0
KXNBAPTS-26APR10LACPOR-LACJCOLLINS20-20,2026-04-10,pts,19.5,9.42525,10.07475,0.04575,0.03613127313963893,0.0,1.0
KXNBAPTS-26APR10LACPOR-LACJCOLLINS20-25,2026-04-10,pts,24.5,9.42525,15.07475,0.0095,0.007359770554704603,0.0,1.0
KXNBAPTS-26APR10LACPOR-LACKLEONARD2-25,2026-04-10,pts,24.5,13.724,10.776,0.05275,0.06790626460170102,0.0,1.0
KXNBAPTS-26APR10LACPOR-LACKLEONARD2-30,2026-04-10,pts,29.5,13.724,15.776,0.0115,0.02266563181768666,0.0,1.0
KXNBAPTS-26APR10LACPOR-LACKLEONARD2-35,2026-04-10,pts,34.5,13.724,20.776,0.0025,0.006872697718651399,0.0,1.0
KXNBAPTS-26APR10LACPOR-LACKLEONARD2-40,2026-04-10,pts,39.5,13.724,25.776,0.0,0.0019326776788791689,0.0,1.0
KXNBAPTS-26APR10LACPOR-PORDAVDIJA8-20,2026-04-10,pts,19.5,15.1995,4.3004999999999995,0.24725,0.2464246262214741,1.0,1.0
KXNBAPTS-26APR10LACPOR-PORDAVDIJA8-25,2026-04-10,pts,24.5,15.1995,9.3005,0.0975,0.1070010687291244,1.0,1.0
KXNBAPTS-26APR10LACPOR-PORDAVDIJA8-30,2026-04-10,pts,29.5,15.1995,14.3005,0.0315,0.04120083804271335,1.0,1.0
KXNBAPTS-26APR10LACPOR-PORDAVDIJA8-35,2026-04-10,pts,34.5,15.1995,19.3005,0.0085,0.01445735966744166,1.0,1.0
KXNBAPTS-26APR10LACPOR-PORDCLINGAN23-10,2026-04-10,pts,9.5,8.86175,0.6382499999999993,0.40975,0.3920404393554039,1.0,1.0
KXNBAPTS-26APR10LACPOR-PORDCLINGAN23-15,2026-04-10,pts,14.5,8.86175,5.638249999999999,0.1395,0.11694801216762085,1.0,1.0
KXNBAPTS-26APR10LACPOR-PORDCLINGAN23-20,2026-04-10,pts,19.5,8.86175,10.63825,0.032,0.02586271736558554,0.0,1.0
KXNBAPTS-26APR10LACPOR-PORDCLINGAN23-25,2026-04-10,pts,24.5,8.86175,15.63825,0.00675,0.004676721085758895,0.0,1.0
KXNBAPTS-26APR10LACPOR-PORJHOLIDAY5-15,2026-04-10,pts,14.5,11.76975,2.73025,0.29425,0.28225823679546425,0.0,1.0
KXNBAPTS-26APR10LACPOR-PORJHOLIDAY5-20,2026-04-10,pts,19.5,11.76975,7.73025,0.108,0.1016295317160596,0.0,1.0
KXNBAPTS-26APR10LACPOR-PORJHOLIDAY5-25,2026-04-10,pts,24.5,11.76975,12.73025,0.02975,0.030514793361047343,0.0,1.0
KXNBAPTS-26APR10LACPOR-PORJHOLIDAY5-30,2026-04-10,pts,29.5,11.76975,17.730249999999998,0.00525,0.008024656510072892,0.0,1.0
KXNBAPTS-26APR10LACPOR-PORTCAMARA33-10,2026-04-10,pts,9.5,12.287,-2.787000000000001,0.6355,0.6380392943349135,0.0,1.0
KXNBAPTS-26APR10LACPOR-PORTCAMARA33-15,2026-04-10,pts,14.5,12.287,2.212999999999999,0.3285,0.31396901404882627,0.0,1.0
KXNBAPTS-26APR10LACPOR-PORTCAMARA33-20,2026-04-10,pts,19.5,12.287,7.212999999999999,0.13,0.12054995897152199,0.0,1.0
KXNBAPTS-26APR10LACPOR-PORTCAMARA33-25,2026-04-10,pts,24.5,12.287,12.213,0.0365,0.038734442530904856,0.0,1.0
KXNBAREB-26APR10LACPOR-LACBLOPEZ11-2,2026-04-10,reb,1.5,3.77325,-2.27325,0.86725,0.8485820690068864,1.0,1.0
KXNBAREB-26APR10LACPOR-LACBLOPEZ11-4,2026-04-10,reb,3.5,3.77325,-0.27325,0.5125,0.4960853057209924,1.0,1.0
KXNBAREB-26APR10LACPOR-LACBLOPEZ11-5,2026-04-10,reb,4.5,3.77325,0.72675,0.335,0.3316760671004454,1.0,1.0
KXNBAREB-26APR10LACPOR-LACBLOPEZ11-6,2026-04-10,reb,5.5,3.77325,1.72675,0.19075,0.20559186207051172,1.0,1.0
KXNBAREB-26APR10LACPOR-LACBLOPEZ11-8,2026-04-10,reb,7.5,3.77325,3.72675,0.0525,0.06544275545016665,0.0,1.0
KXNBAREB-26APR10LACPOR-LACBMATHURIN9-2,2026-04-10,reb,1.5,3.4735,-1.9735,0.84325,0.8193068763009734,0.0,1.0
KXNBAREB-26APR10LACPOR-LACBMATHURIN9-4,2026-04-10,reb,3.5,3.4735,0.026499999999999968,0.45475,0.44219142725367033,0.0,1.0
KXNBAREB-26APR10LACPOR-LACBMATHURIN9-5,2026-04-10,reb,4.5,3.4735,1.0265,0.279,0.28154765843575036,0.0,1.0
KXNBAREB-26APR10LACPOR-LACBMATHURIN9-6,2026-04-10,reb,5.5,3.4735,2.0265,0.15225,0.16565257101252706,0.0,1.0
KXNBAREB-26APR10LACPOR-LACBMATHURIN9-8,2026-04-10,reb,7.5,3.4735,4.0265,0.03225,0.04722630438081776,0.0,1.0
KXNBAREB-26APR10LACPOR-LACJCOLLINS20-10,2026-04-10,reb,9.5,3.98,5.52,0.01375,0.022403256188714527,0.0,1.0
KXNBAREB-26APR10LACPOR-LACJCOLLINS20-2,2026-04-10,reb,1.5,3.98,-2.48,0.88125,0.8658817120622315,1.0,1.0
KXNBAREB-26APR10LACPOR-LACJCOLLINS20-4,2026-04-10,reb,3.5,3.98,-0.48,0.5525,0.5312752653887034,0.0,1.0
KXNBAREB-26APR10LACPOR-LACJCOLLINS20-6,2026-04-10,reb,5.5,3.98,1.52,0.2275,0.23438559781511026,0.0,1.0
KXNBAREB-26APR10LACPOR-LACJCOLLINS20-8,2026-04-10,reb,7.5,3.98,3.52,0.06875,0.07993236721908736,0.0,1.0
KXNBAREB-26APR10LACPOR-LACKLEONARD2-10,2026-04-10,reb,9.5,3.98525,5.514749999999999,0.0145,0.022551637103179534,0.0,1.0
KXNBAREB-26APR10LACPOR-LACKLEONARD2-12,2026-04-10,reb,11.5,3.98525,7.514749999999999,0.004,0.005440138176446063,0.0,1.0
KXNBAREB-26APR10LACPOR-LACKLEONARD2-6,2026-04-10,reb,5.5,3.98525,1.5147499999999998,0.22875,0.23512689108819507,1.0,1.0
KXNBAREB-26APR10LACPOR-LACKLEONARD2-7,2026-04-10,reb,6.5,3.98525,2.51475,0.1235,0.14131369223317392,1.0,1.0
KXNBAREB-26APR10LACPOR-LACKLEONARD2-8,2026-04-10,reb,7.5,3.98525,3.51475,0.06275,0.08032013559594642,1.0,1.0
KXNBAREB-26APR10LACPOR-PORDAVDIJA8-10,2026-04-10,reb,9.5,5.105,4.395,0.05275,0.07000049194596492,0.0,1.0
KXNBAREB-26APR10LACPOR-PORDAVDIJA8-12,2026-04-10,reb,11.5,5.105,6.395,0.014,0.023329544594767437,0.0,1.0
KXNBAREB-26APR10LACPOR-PORDAVDIJA8-6,2026-04-10,reb,5.5,5.105,0.3949999999999996,0.39825,0.3967050398872052,0.0,1.0
KXNBAREB-26APR10LACPOR-PORDAVDIJA8-7,2026-04-10,reb,6.5,5.105,1.3949999999999996,0.267,0.27565143586562224,0.0,1.0
KXNBAREB-26APR10LACPOR-PORDAVDIJA8-8,2026-04-10,reb,7.5,5.105,2.3949999999999996,0.1715,0.18220758797469772,0.0,1.0
KXNBAREB-26APR10LACPOR-PORDCLINGAN23-10,2026-04-10,reb,9.5,6.05625,3.4437499999999996,0.11325,0.13456517123779144,1.0,1.0
KXNBAREB-26APR10LACPOR-PORDCLINGAN23-12,2026-04-10,reb,11.5,6.05625,5.44375,0.03475,0.05493959306444718,1.0,1.0
KXNBAREB-26APR10LACPOR-PORDCLINGAN23-13,2026-04-10,reb,12.5,6.05625,6.44375,0.01575,0.03365243605431223,1.0,1.0
KXNBAREB-26APR10LACPOR-PORDCLINGAN23-14,2026-04-10,reb,13.5,6.05625,7.44375,0.00725,0.02011047619942652,0.0,1.0
KXNBAREB-26APR10LACPOR-PORDCLINGAN23-16,2026-04-10,reb,15.5,6.05625,9.44375,0.00175,0.006726579532432053,0.0,1.0
KXNBAREB-26APR10LACPOR-PORJHOLIDAY5-2,2026-04-10,reb,1.5,4.458,-2.958,0.918,0.8984430646727285,1.0,1.0
KXNBAREB-26APR10LACPOR-PORJHOLIDAY5-4,2026-04-10,reb,3.5,4.458,-0.9580000000000002,0.6235,0.6058202603711633,0.0,1.0
KXNBAREB-26APR10LACPOR-PORJHOLIDAY5-5,2026-04-10,reb,4.5,4.458,0.041999999999999815,0.445,0.44342026679498603,0.0,1.0
KXNBAREB-26APR10LACPOR-PORJHOLIDAY5-6,2026-04-10,reb,5.5,4.458,1.0419999999999998,0.3025,0.30314742548883533,0.0,1.0
KXNBAREB-26APR10LACPOR-PORJHOLIDAY5-8,2026-04-10,reb,7.5,4.458,3.042,0.10475,0.11900473534179579,0.0,1.0
KXNBAAST-26APR10LACPOR-LACBMATHURIN9-10,2026-04-10,ast,9.5,1.90825,7.59175,0.0005,0.00022688322052233367,0.0,1.0
KXNBAAST-26APR10LACPOR-LACBMATHURIN9-2,2026-04-10,ast,1.5,1.90825,-0.40825,0.5535,0.5476062707330744,0.0,1.0
KXNBAAST-26APR10LACPOR-LACBMATHURIN9-4,2026-04-10,ast,3.5,1.90825,1.59175,0.13675,0.14106971622189657,0.0,1.0
KXNBAAST-26APR10LACPOR-LACBMATHURIN9-6,2026-04-10,ast,5.5,1.90825,3.59175,0.01825,0.022220068289515282,0.0,1.0
KXNBAAST-26APR10LACPOR-LACBMATHURIN9-8,2026-04-10,ast,7.5,1.90825,5.59175,0.00275,0.0025218255710740545,0.0,1.0
KXNBAAST-26APR10LACPOR-LACDGARLAND10-10,2026-04-10,ast,9.5,3.2875,6.2125,0.0055,0.007721241148239022,0.0,1.0
KXNBAAST-26APR10LACPOR-LACDGARLAND10-12,2026-04-10,ast,11.5,3.2875,8.2125,0.0005,0.0013796195909733244,0.0,1.0
KXNBAAST-26APR10LACPOR-LACDGARLAND10-6,2026-04-10,ast,5.5,3.2875,2.2125,0.1225,0.1411871066114042,1.0,1.0
KXNBAAST-26APR10LACPOR-LACDGARLAND10-7,2026-04-10,ast,6.5,3.2875,3.2125,0.06225,0.07423999809909787,1.0,1.0
KXNBAAST-26APR10LACPOR-LACDGARLAND10-8,2026-04-10,ast,7.5,3.2875,4.2125,0.02625,0.03672446500360904,0.0,1.0
KXNBAAST-26APR10LACPOR-PORDAVDIJA8-10,2026-04-10,ast,9.5,3.693,5.807,0.0085,0.01465509816452848,0.0,1.0
KXNBAAST-26APR10LACPOR-PORDAVDIJA8-12,2026-04-10,ast,11.5,3.693,7.807,0.00125,0.003100070884742512,0.0,1.0
KXNBAAST-26APR10LACPOR-PORDAVDIJA8-6,2026-04-10,ast,5.5,3.693,1.807,0.18375,0.19365207503473636,0.0,1.0
KXNBAAST-26APR10LACPOR-PORDAVDIJA8-7,2026-04-10,ast,6.5,3.693,2.807,0.09675,0.11015698031747434,0.0,1.0
KXNBAAST-26APR10LACPOR-PORDAVDIJA8-8,2026-04-10,ast,7.5,3.693,3.807,0.048,0.059072556622073,0.0,1.0
KXNBAAST-26APR10LACPOR-PORDCLINGAN23-10,2026-04-10,ast,9.5,1.7545,7.7455,0.0,0.000122950541913025,0.0,1.0
KXNBAAST-26APR10LACPOR-PORDCLINGAN23-2,2026-04-10,ast,1.5,1.7545,-0.25449999999999995,0.5155,0.5061915053083056,1.0,1.0
KXNBAAST-26APR10LACPOR-PORDCLINGAN23-4,2026-04-10,ast,3.5,1.7545,1.7455,0.108,0.1154451814600228,0.0,1.0
KXNBAAST-26APR10LACPOR-PORDCLINGAN23-6,2026-04-10,ast,5.5,1.7545,3.7455,0.011,0.015906729688829557,0.0,1.0
KXNBAAST-26APR10LACPOR-PORDCLINGAN23-8,2026-04-10,ast,7.5,1.7545,5.7455,0.0015,0.0015722977959450324,0.0,1.0
KXNBAAST-26APR10LACPOR-PORJHOLIDAY5-10,2026-04-10,ast,9.5,3.4395,6.0605,0.00525,0.009956271451543541,0.0,1.0
KXNBAAST-26APR10LACPOR-PORJHOLIDAY5-2,2026-04-10,ast,1.5,3.4395,-1.9394999999999998,0.837,0.8176225487858642,1.0,1.0
KXNBAAST-26APR10LACPOR-PORJHOLIDAY5-4,2026-04-10,ast,3.5,3.4395,0.06050000000000022,0.44675,0.4365469463681626,1.0,1.0
KXNBAAST-26APR10LACPOR-PORJHOLIDAY5-6,2026-04-10,ast,5.5,3.4395,2.0605,0.149,0.16020228308619977,0.0,1.0
KXNBAAST-26APR10LACPOR-PORJHOLIDAY5-8,2026-04-10,ast,7.5,3.4395,4.0605,0.0325,0.04437122165036622,0.0,1.0
KXNBA3PT-26APR10LACPOR-LACBMATHURIN9-1,2026-04-10,fg3m,0.5,0.60675,-0.10675000000000001,0.45425,0.4422489713359624,0.0,1.0
KXNBA3PT-26APR10LACPOR-LACBMATHURIN9-2,2026-04-10,fg3m,1.5,0.60675,0.89325,0.12225,0.12875163532396872,0.0,1.0
KXNBA3PT-26APR10LACPOR-LACBMATHURIN9-3,2026-04-10,fg3m,2.5,0.60675,1.89325,0.0275,0.029105619527449056,0.0,1.0
KXNBA3PT-26APR10LACPOR-LACBMATHURIN9-4,2026-04-10,fg3m,3.5,0.60675,2.89325,0.00225,0.005544739182139935,0.0,1.0
KXNBA3PT-26APR10LACPOR-LACBMATHURIN9-5,2026-04-10,fg3m,4.5,0.60675,3.89325,0.00025,0.0009328791989406948,0.0,1.0
KXNBA3PT-26APR10LACPOR-LACDGARLAND10-1,2026-04-10,fg3m,0.5,1.783,-1.283,0.81925,0.7985881236583369,1.0,1.0
KXNBA3PT-26APR10LACPOR-LACDGARLAND10-2,2026-04-10,fg3m,1.5,1.783,-0.2829999999999999,0.53075,0.5074684448738747,1.0,1.0
KXNBA3PT-26APR10LACPOR-LACDGARLAND10-3,2026-04-10,fg3m,2.5,1.783,0.7170000000000001,0.26375,0.2695157318988747,0.0,1.0
KXNBA3PT-26APR10LACPOR-LACDGARLAND10-4,2026-04-10,fg3m,3.5,1.783,1.717,0.11175,0.12483348358717006,0.0,1.0
KXNBA3PT-26APR10LACPOR-LACDGARLAND10-5,2026-04-10,fg3m,4.5,1.783,2.717,0.04075,0.052006409491332284,0.0,1.0
KXNBA3PT-26APR10LACPOR-LACKLEONARD2-1,2026-04-10,fg3m,0.5,1.43675,-0.93675,0.75475,0.731907723989111,1.0,1.0
KXNBA3PT-26APR10LACPOR-LACKLEONARD2-2,2026-04-10,fg3m,1.5,1.43675,0.06325000000000003,0.424,0.407739269050412,0.0,1.0
KXNBA3PT-26APR10LACPOR-LACKLEONARD2-3,2026-04-10,fg3m,2.5,1.43675,1.06325,0.17675,0.1860780028885558,0.0,1.0
KXNBA3PT-26APR10LACPOR-LACKLEONARD2-4,2026-04-10,fg3m,3.5,1.43675,2.06325,0.06125,0.07332857180252172,0.0,1.0
KXNBA3PT-26APR10LACPOR-LACKLEONARD2-5,2026-04-10,fg3m,4.5,1.43675,3.06325,0.01625,0.02585062455053977,0.0,1.0
KXNBA3PT-26APR10LACPOR-PORDAVDIJA8-1,2026-04-10,fg3m,0.5,1.01175,-0.5117499999999999,0.63175,0.6132950970934999,1.0,1.0
KXNBA3PT-26APR10LACPOR-PORDAVDIJA8-2,2026-04-10,fg3m,1.5,1.01175,0.4882500000000001,0.2655,0.26783361704708986,0.0,1.0
KXNBA3PT-26APR10LACPOR-PORDAVDIJA8-3,2026-04-10,fg3m,2.5,1.01175,1.48825,0.08525,0.09331081004230113,0.0,1.0
KXNBA3PT-26APR10LACPOR-PORDAVDIJA8-4,2026-04-10,fg3m,3.5,1.01175,2.48825,0.02425,0.027724946569662512,0.0,1.0
KXNBA3PT-26APR10LACPOR-PORDAVDIJA8-5,2026-04-10,fg3m,4.5,1.01175,3.48825,0.0045,0.007320664591302872,0.0,1.0
KXNBAPTS-26APR10GSWSAC-GSWDGREEN23-10,2026-04-10,pts,9.5,7.6765,1.8235000000000001,0.313,0.28973114106436837,0.0,1.0
KXNBAPTS-26APR10GSWSAC-GSWDGREEN23-15,2026-04-10,pts,14.5,7.6765,6.8235,0.0975,0.06591569401813535,0.0,1.0
KXNBAPTS-26APR10GSWSAC-GSWDGREEN23-20,2026-04-10,pts,19.5,7.6765,11.8235,0.01775,0.010918989175971006,0.0,1.0
KXNBAPTS-26APR10GSWSAC-GSWDGREEN23-25,2026-04-10,pts,24.5,7.6765,16.8235,0.0025,0.00146748683897302,0.0,1.0
KXNBAPTS-26APR10GSWSAC-GSWSCURRY30-20,2026-04-10,pts,19.5,13.98025,5.51975,0.19175,0.1907186529874514,0.0,1.0
KXNBAPTS-26APR10GSWSAC-GSWSCURRY30-25,2026-04-10,pts,24.5,13.98025,10.51975,0.06875,0.07406379252508943,0.0,1.0
KXNBAPTS-26APR10GSWSAC-GSWSCURRY30-30,2026-04-10,pts,29.5,13.98025,15.51975,0.019,0.025392337419056665,0.0,1.0
KXNBAPTS-26APR10GSWSAC-GSWSCURRY30-35,2026-04-10,pts,34.5,13.98025,20.519750000000002,0.00425,0.007912906872817316,0.0,1.0
KXNBAPTS-26APR10GSWSAC-SACPACHIUWA9-10,2026-04-10,pts,9.5,10.18925,-0.6892499999999995,0.50625,0.4983828071941857,0.0,1.0
KXNBAPTS-26APR10GSWSAC-SACPACHIUWA9-15,2026-04-10,pts,14.5,10.18925,4.3107500000000005,0.20125,0.18777216277894004,0.0,1.0
KXNBAPTS-26APR10GSWSAC-SACPACHIUWA9-20,2026-04-10,pts,19.5,10.18925,9.31075,0.05625,0.05351152940476889,0.0,1.0
KXNBAPTS-26APR10GSWSAC-SACPACHIUWA9-25,2026-04-10,pts,24.5,10.18925,14.31075,0.012,0.012581040999871451,0.0,1.0
KXNBAREB-26APR10GSWSAC-GSWDGREEN23-10,2026-04-10,reb,9.5,3.86925,5.63075,0.014,0.01942318958870981,0.0,1.0
KXNBAREB-26APR10GSWSAC-GSWDGREEN23-12,2026-04-10,reb,11.5,3.86925,7.63075,0.0025,0.0044987607789590545,0.0,1.0
KXNBAREB-26APR10GSWSAC-GSWDGREEN23-6,2026-04-10,reb,5.5,3.86925,1.63075,0.20475,0.21885822813460276,0.0,1.0
KXNBAREB-26APR10GSWSAC-GSWDGREEN23-7,2026-04-10,reb,6.5,3.86925,2.63075,0.112,0.12910313492469083,0.0,1.0
KXNBAREB-26APR10GSWSAC-GSWDGREEN23-8,2026-04-10,reb,7.5,3.86925,3.63075,0.05825,0.0719795632383492,0.0,1.0
KXNBAREB-26APR10GSWSAC-SACPACHIUWA9-10,2026-04-10,reb,9.5,4.979,4.521,0.051,0.06305731932762448,0.0,1.0
KXNBAREB-26APR10GSWSAC-SACPACHIUWA9-12,2026-04-10,reb,11.5,4.979,6.521,0.015,0.020371645822264806,0.0,1.0
KXNBAREB-26APR10GSWSAC-SACPACHIUWA9-4,2026-04-10,reb,3.5,4.979,-1.479,0.6975,0.6759396352563494,1.0,1.0
KXNBAREB-26APR10GSWSAC-SACPACHIUWA9-6,2026-04-10,reb,5.5,4.979,0.5209999999999999,0.38,0.3786946098975096,1.0,1.0
KXNBAREB-26APR10GSWSAC-SACPACHIUWA9-8,2026-04-10,reb,7.5,4.979,2.521,0.16225,0.16913356699009552,0.0,1.0
KXNBAAST-26APR10GSWSAC-GSWDGREEN23-10,2026-04-10,ast,9.5,3.2515,6.2485,0.0035,0.00725040394666121,0.0,1.0
KXNBAAST-26APR10GSWSAC-GSWDGREEN23-12,2026-04-10,ast,11.5,3.2515,8.2485,0.00025,0.0012745624707857228,0.0,1.0
KXNBAAST-26APR10GSWSAC-GSWDGREEN23-4,2026-04-10,ast,3.5,3.2515,0.24849999999999994,0.4105,0.4007985179895047,1.0,1.0
KXNBAAST-26APR10GSWSAC-GSWDGREEN23-6,2026-04-10,ast,5.5,3.2515,2.2485,0.13575,0.136814655923292,1.0,1.0
KXNBAAST-26APR10GSWSAC-GSWDGREEN23-8,2026-04-10,ast,7.5,3.2515,4.2485,0.02,0.03504115643955685,0.0,1.0
KXNBAAST-26APR10GSWSAC-GSWSCURRY30-2,2026-04-10,ast,1.5,2.74525,-1.24525,0.74725,0.7235999359230221,1.0,1.0
KXNBAAST-26APR10GSWSAC-GSWSCURRY30-4,2026-04-10,ast,3.5,2.74525,0.75475,0.29825,0.3009338509024977,1.0,1.0
KXNBAAST-26APR10GSWSAC-GSWSCURRY30-5,2026-04-10,ast,4.5,2.74525,1.75475,0.15275,0.16389044405118414,1.0,1.0
KXNBAAST-26APR10GSWSAC-GSWSCURRY30-6,2026-04-10,ast,5.5,2.74525,2.75475,0.07375,0.0816522109849146,0.0,1.0
KXNBAAST-26APR10GSWSAC-GSWSCURRY30-8,2026-04-10,ast,7.5,2.74525,4.75475,0.01125,0.016365023098266818,0.0,1.0
KXNBA3PT-26APR10GSWSAC-GSWSCURRY30-3,2026-04-10,fg3m,2.5,2.24275,0.25725,0.38225,0.37952838886321827,0.0,1.0
KXNBA3PT-26APR10GSWSAC-GSWSCURRY30-4,2026-04-10,fg3m,3.5,2.24275,1.25725,0.19,0.20608278880704145,0.0,1.0
KXNBA3PT-26APR10GSWSAC-GSWSCURRY30-5,2026-04-10,fg3m,4.5,2.24275,2.25725,0.0845,0.10137763793469756,0.0,1.0
KXNBA3PT-26APR10GSWSAC-GSWSCURRY30-6,2026-04-10,fg3m,5.5,2.24275,3.25725,0.03425,0.046055794376655634,0.0,1.0
KXNBA3PT-26APR10GSWSAC-GSWSCURRY30-7,2026-04-10,fg3m,6.5,2.24275,4.25725,0.01075,0.01960388497527943,0.0,1.0
KXNBAPTS-26APR10DALSAS-DALCFLAGG32-20,2026-04-10,pts,19.5,13.7685,5.7315000000000005,0.17125,0.18138918007843974,1.0,1.0
KXNBAPTS-26APR10DALSAS-DALCFLAGG32-25,2026-04-10,pts,24.5,13.7685,10.7315,0.048,0.06895548871045865,1.0,1.0
KXNBAPTS-26APR10DALSAS-DALCFLAGG32-30,2026-04-10,pts,29.5,13.7685,15.7315,0.012,0.023124707642627418,1.0,1.0
KXNBAPTS-26APR10DALSAS-DALCFLAGG32-35,2026-04-10,pts,34.5,13.7685,20.7315,0.0015,0.0070457281157426666,0.0,1.0
KXNBAPTS-26APR10DALSAS-DALMCHRISTIE00-10,2026-04-10,pts,9.5,8.1235,1.3765,0.34075,0.3287120069816164,1.0,1.0
KXNBAPTS-26APR10DALSAS-DALMCHRISTIE00-15,2026-04-10,pts,14.5,8.1235,6.3765,0.107,0.08352315328500048,1.0,1.0
KXNBAPTS-26APR10DALSAS-DALMCHRISTIE00-20,2026-04-10,pts,19.5,8.1235,11.3765,0.02875,0.015557675347838695,0.0,1.0
KXNBAPTS-26APR10DALSAS-SASDFOX4-10,2026-04-10,pts,9.5,12.05225,-2.552250000000001,0.64675,0.6242617473444159,1.0,1.0
KXNBAPTS-26APR10DALSAS-SASDFOX4-15,2026-04-10,pts,14.5,12.05225,2.447749999999999,0.31825,0.2995757306540734,1.0,1.0
KXNBAPTS-26APR10DALSAS-SASDFOX4-20,2026-04-10,pts,19.5,12.05225,7.447749999999999,0.10875,0.11179046373588664,0.0,1.0
KXNBAPTS-26APR10DALSAS-SASDFOX4-25,2026-04-10,pts,24.5,12.05225,12.44775,0.027,0.03485435859541075,0.0,1.0
KXNBAPTS-26APR10DALSAS-SASDHARPER2-10,2026-04-10,pts,9.5,10.999,-1.4990000000000006,0.5705,0.5566998945272662,1.0,1.0
KXNBAPTS-26APR10DALSAS-SASDHARPER2-15,2026-04-10,pts,14.5,10.999,3.5009999999999994,0.2385,0.23540646852539104,0.0,1.0
KXNBAPTS-26APR10DALSAS-SASDHARPER2-20,2026-04-10,pts,19.5,10.999,8.501,0.07325,0.07621323354908638,0.0,1.0
KXNBAPTS-26APR10DALSAS-SASDHARPER2-25,2026-04-10,pts,24.5,10.999,13.501,0.01975,0.020468204103873955,0.0,1.0
KXNBAPTS-26APR10DALSAS-SASDVASSELL24-10,2026-04-10,pts,9.5,10.66975,-1.1697500000000005,0.53775,0.5336439442397718,0.0,1.0
KXNBAPTS-26APR10DALSAS-SASDVASSELL24-15,2026-04-10,pts,14.5,10.66975,3.8302499999999995,0.23375,0.21576668718758774,0.0,1.0
KXNBAPTS-26APR10DALSAS-SASDVASSELL24-20,2026-04-10,pts,19.5,10.66975,8.83025,0.06675,0.06646571664505097,0.0,1.0
KXNBAREB-26APR10DALSAS-DALCFLAGG32-10,2026-04-10,reb,9.5,4.8875,4.6125,0.03925,0.05826877531571484,0.0,1.0
KXNBAREB-26APR10DALSAS-DALCFLAGG32-12,2026-04-10,reb,11.5,4.8875,6.6125,0.00975,0.01839067669915928,0.0,1.0
KXNBAREB-26APR10DALSAS-DALCFLAGG32-4,2026-04-10,reb,3.5,4.8875,-1.3875000000000002,0.6965,0.6644545435699032,1.0,1.0
KXNBAREB-26APR10DALSAS-DALCFLAGG32-6,2026-04-10,reb,5.5,4.8875,0.6124999999999998,0.362,0.36552362463405796,1.0,1.0
KXNBAREB-26APR10DALSAS-DALCFLAGG32-8,2026-04-10,reb,7.5,4.8875,2.6125,0.13675,0.15984843756350187,0.0,1.0
KXNBAREB-26APR10DALSAS-DALMCHRISTIE00-2,2026-04-10,reb,1.5,3.0565,-1.5565000000000002,0.7905,0.7686900863262832,0.0,1.0
KXNBAREB-26APR10DALSAS-DALMCHRISTIE00-3,2026-04-10,reb,2.5,3.0565,-0.5565000000000002,0.57475,0.5591171578141254,0.0,1.0
KXNBAREB-26APR10DALSAS-DALMCHRISTIE00-4,2026-04-10,reb,3.5,3.0565,0.4434999999999998,0.36075,0.3626088761279289,0.0,1.0
KXNBAREB-26APR10DALSAS-DALMCHRISTIE00-6,2026-04-10,reb,5.5,3.0565,2.4435,0.104,0.11518879400922644,0.0,1.0
KXNBAREB-26APR10DALSAS-DALMCHRISTIE00-8,2026-04-10,reb,7.5,3.0565,4.4435,0.01975,0.02749494385910589,0.0,1.0
KXNBAREB-26APR10DALSAS-SASDFOX4-10,2026-04-10,reb,9.5,3.6315,5.8685,0.00825,0.013956795784393683,0.0,1.0
KXNBAREB-26APR10DALSAS-SASDFOX4-2,2026-04-10,reb,1.5,3.6315,-2.1315,0.8515,0.8353998537153828,0.0,1.0
KXNBAREB-26APR10DALSAS-SASDFOX4-4,2026-04-10,reb,3.5,3.6315,-0.13149999999999995,0.48475,0.471000483469205,0.0,1.0
KXNBAREB-26APR10DALSAS-SASDFOX4-6,2026-04-10,reb,5.5,3.6315,1.8685,0.1765,0.18639504489919068,0.0,1.0
KXNBAREB-26APR10DALSAS-SASDFOX4-8,2026-04-10,reb,7.5,3.6315,3.8685,0.04425,0.05640990250504274,0.0,1.0
KXNBAAST-26APR10DALSAS-DALMCHRISTIE00-10,2026-04-10,ast,9.5,1.6265,7.8735,0.0,6.981856550480892e-05,0.0,1.0
KXNBAAST-26APR10DALSAS-DALMCHRISTIE00-2,2026-04-10,ast,1.5,1.6265,-0.12650000000000006,0.47925,0.469453571885724,1.0,1.0
KXNBAAST-26APR10DALSAS-DALMCHRISTIE00-4,2026-04-10,ast,3.5,1.6265,1.8735,0.0865,0.09563157647525955,0.0,1.0
KXNBAAST-26APR10DALSAS-DALMCHRISTIE00-6,2026-04-10,ast,5.5,1.6265,3.8735,0.008,0.011652808632769074,0.0,1.0
KXNBAAST-26APR10DALSAS-DALMCHRISTIE00-8,2026-04-10,ast,7.5,1.6265,5.8735,0.00025,0.0010149370167711336,0.0,1.0
KXNBAAST-26APR10DALSAS-SASDFOX4-10,2026-04-10,ast,9.5,3.2085,6.2915,0.0035,0.0067158856757749685,1.0,1.0
KXNBAAST-26APR10DALSAS-SASDFOX4-2,2026-04-10,ast,1.5,3.2085,-1.7085,0.81325,0.790560045273799,1.0,1.0
KXNBAAST-26APR10DALSAS-SASDFOX4-4,2026-04-10,ast,3.5,3.2085,0.2915000000000001,0.405,0.3924885176103694,1.0,1.0
KXNBAAST-26APR10DALSAS-SASDFOX4-6,2026-04-10,ast,5.5,3.2085,2.2915,0.11575,0.13166215501025036,1.0,1.0
KXNBAAST-26APR10DALSAS-SASDFOX4-8,2026-04-10,ast,7.5,3.2085,4.2915,0.01975,0.0330942110108684,1.0,1.0
KXNBA3PT-26APR10DALSAS-DALCFLAGG32-1,2026-04-10,fg3m,0.5,0.75175,-0.25175000000000003,0.5315,0.511784263366371,1.0,1.0
KXNBA3PT-26APR10DALSAS-DALCFLAGG32-2,2026-04-10,fg3m,1.5,0.75175,0.74825,0.168,0.177671279425773,1.0,1.0
KXNBA3PT-26APR10DALSAS-DALCFLAGG32-3,2026-04-10,fg3m,2.5,0.75175,1.74825,0.0445,0.04836859494125623,1.0,1.0
KXNBA3PT-26APR10DALSAS-DALCFLAGG32-4,2026-04-10,fg3m,3.5,0.75175,2.74825,0.00675,0.011144236555703624,0.0,1.0
KXNBA3PT-26APR10DALSAS-DALCFLAGG32-5,2026-04-10,fg3m,4.5,0.75175,3.74825,0.001,0.0022726779661901286,0.0,1.0
KXNBA3PT-26APR10DALSAS-SASDFOX4-1,2026-04-10,fg3m,0.5,1.0895,-0.5894999999999999,0.6615,0.6388412198437814,1.0,1.0
KXNBA3PT-26APR10DALSAS-SASDFOX4-2,2026-04-10,fg3m,1.5,1.0895,0.4105000000000001,0.29125,0.2945040756063032,1.0,1.0
KXNBA3PT-26APR10DALSAS-SASDFOX4-3,2026-04-10,fg3m,2.5,1.0895,1.4105,0.10075,0.10885098713683672,0.0,1.0
KXNBA3PT-26APR10DALSAS-SASDFOX4-4,2026-04-10,fg3m,3.5,1.0895,2.4105,0.0295,0.03439048263261468,0.0,1.0
KXNBA3PT-26APR10DALSAS-SASDFOX4-5,2026-04-10,fg3m,4.5,1.0895,3.4105,0.0055,0.009667390040592694,0.0,1.0
KXNBAPTS-26APR10MEMUTA-UTAABAILEY19-20,2026-04-10,pts,19.5,10.67725,8.82275,0.06725,0.06667999640248878,1.0,1.0
KXNBAPTS-26APR10MEMUTA-UTAABAILEY19-25,2026-04-10,pts,24.5,10.67725,13.82275,0.016,0.017021691370418868,0.0,1.0
KXNBAPTS-26APR10MEMUTA-UTAABAILEY19-30,2026-04-10,pts,29.5,10.67725,18.82275,0.0035,0.0037910326912609094,0.0,1.0
KXNBAPTS-26APR10MEMUTA-UTAABAILEY19-35,2026-04-10,pts,34.5,10.67725,23.82275,0.0005,0.0007622234490810564,0.0,1.0
KXNBAREB-26APR10MEMUTA-UTAABAILEY19-10,2026-04-10,reb,9.5,3.63025,5.86975,0.00975,0.013931268385173334,1.0,1.0
KXNBAREB-26APR10MEMUTA-UTAABAILEY19-12,2026-04-10,reb,11.5,3.63025,7.86975,0.00025,0.0029513889257972714,0.0,1.0
KXNBAREB-26APR10MEMUTA-UTAABAILEY19-6,2026-04-10,reb,5.5,3.63025,1.8697499999999998,0.1725,0.1862280757939473,1.0,1.0
KXNBAREB-26APR10MEMUTA-UTAABAILEY19-7,2026-04-10,reb,6.5,3.63025,2.86975,0.09075,0.10541986301547923,1.0,1.0
KXNBAREB-26APR10MEMUTA-UTAABAILEY19-8,2026-04-10,reb,7.5,3.63025,3.86975,0.047,0.05633356995992855,1.0,1.0
KXNBAAST-26APR10MEMUTA-UTAABAILEY19-10,2026-04-10,ast,9.5,1.99825,7.5017499999999995,0.0,0.00031532350907903517,0.0,1.0
KXNBAAST-26APR10MEMUTA-UTAABAILEY19-2,2026-04-10,ast,1.5,1.99825,-0.4982500000000001,0.5845,0.5704722983264762,1.0,1.0
KXNBAAST-26APR10MEMUTA-UTAABAILEY19-4,2026-04-10,ast,3.5,1.99825,1.50175,0.14825,0.15686186224867138,0.0,1.0
KXNBAAST-26APR10MEMUTA-UTAABAILEY19-6,2026-04-10,ast,5.5,1.99825,3.50175,0.02175,0.02655786731840193,0.0,1.0
KXNBAAST-26APR10MEMUTA-UTAABAILEY19-8,2026-04-10,ast,7.5,1.99825,5.5017499999999995,0.001,0.0032483012406677725,0.0,1.0
KXNBAPTS-26APR10MIAWAS-MIAAWIGGINS22-10,2026-04-10,pts,9.5,11.09975,-1.5997500000000002,0.55875,0.5635717097534352,1.0,1.0
KXNBAPTS-26APR10MIAWAS-MIAAWIGGINS22-15,2026-04-10,pts,14.5,11.09975,3.4002499999999998,0.25775,0.24147303533046194,0.0,1.0
KXNBAPTS-26APR10MIAWAS-MIAAWIGGINS22-20,2026-04-10,pts,19.5,11.09975,8.40025,0.08925,0.07933296363169817,0.0,1.0
KXNBAPTS-26APR10MIAWAS-MIAAWIGGINS22-25,2026-04-10,pts,24.5,11.09975,13.40025,0.0235,0.0216358339687569,0.0,1.0
KXNBAPTS-26APR10MIAWAS-MIABADEBAYO13-15,2026-04-10,pts,14.5,15.1085,-0.6084999999999994,0.50725,0.4794700096040182,1.0,1.0
KXNBAPTS-26APR10MIAWAS-MIABADEBAYO13-20,2026-04-10,pts,19.5,15.1085,4.391500000000001,0.24575,0.24217839636757732,1.0,1.0
KXNBAPTS-26APR10MIAWAS-MIABADEBAYO13-25,2026-04-10,pts,24.5,15.1085,9.3915,0.0925,0.10434726619833068,0.0,1.0
KXNBAPTS-26APR10MIAWAS-MIABADEBAYO13-30,2026-04-10,pts,29.5,15.1085,14.3915,0.02825,0.039856241045867824,0.0,1.0
KXNBAPTS-26APR10MIAWAS-MIABADEBAYO13-35,2026-04-10,pts,34.5,15.1085,19.3915,0.00375,0.013870493156104002,0.0,1.0
KXNBAREB-26APR10MIAWAS-MIAAWIGGINS22-10,2026-04-10,reb,9.5,3.7835,5.7165,0.015,0.01730855383713059,0.0,1.0
KXNBAREB-26APR10MIAWAS-MIAAWIGGINS22-2,2026-04-10,reb,1.5,3.7835,-2.2835,0.87125,0.8494919758997898,1.0,1.0
KXNBAREB-26APR10MIAWAS-MIAAWIGGINS22-4,2026-04-10,reb,3.5,3.7835,-0.2835000000000001,0.4945,0.4978697430870438,0.0,1.0
KXNBAREB-26APR10MIAWAS-MIAAWIGGINS22-6,2026-04-10,reb,5.5,3.7835,1.7165,0.1925,0.2069988408015775,0.0,1.0
KXNBAREB-26APR10MIAWAS-MIAAWIGGINS22-8,2026-04-10,reb,7.5,3.7835,3.7165,0.05625,0.06612468199042176,0.0,1.0
KXNBAREB-26APR10MIAWAS-MIABADEBAYO13-10,2026-04-10,reb,9.5,6.77425,2.7257499999999997,0.1705,0.19496633890425197,1.0,1.0
KXNBAREB-26APR10MIAWAS-MIABADEBAYO13-12,2026-04-10,reb,11.5,6.77425,4.72575,0.0605,0.0900419556916976,0.0,1.0
KXNBAREB-26APR10MIAWAS-MIABADEBAYO13-14,2026-04-10,reb,13.5,6.77425,6.72575,0.017,0.037437043396137626,0.0,1.0
KXNBAREB-26APR10MIAWAS-MIABADEBAYO13-16,2026-04-10,reb,15.5,6.77425,8.72575,0.004,0.014260658665082526,0.0,1.0
KXNBAREB-26APR10MIAWAS-MIABADEBAYO13-8,2026-04-10,reb,7.5,6.77425,0.7257499999999997,0.374,0.37190831738179075,1.0,1.0
KXNBAAST-26APR10MIAWAS-MIABADEBAYO13-10,2026-04-10,ast,9.5,2.99775,6.50225,0.00175,0.004504477328009848,0.0,1.0
KXNBAAST-26APR10MIAWAS-MIABADEBAYO13-2,2026-04-10,ast,1.5,2.99775,-1.49775,0.7905,0.762364370411091,1.0,1.0
KXNBAAST-26APR10MIAWAS-MIABADEBAYO13-4,2026-04-10,ast,3.5,2.99775,0.5022500000000001,0.3525,0.3511916843875659,1.0,1.0
KXNBAAST-26APR10MIAWAS-MIABADEBAYO13-6,2026-04-10,ast,5.5,2.99775,2.50225,0.095,0.10759576008754423,1.0,1.0
KXNBAAST-26APR10MIAWAS-MIABADEBAYO13-8,2026-04-10,ast,7.5,2.99775,4.50225,0.01325,0.02453939621422041,1.0,1.0
KXNBAAST-26APR10MIAWAS-WASBCARRINGTON7-10,2026-04-10,ast,9.5,2.8735,6.6265,0.0025,0.003487241647047723,0.0,1.0
KXNBAAST-26APR10MIAWAS-WASBCARRINGTON7-2,2026-04-10,ast,1.5,2.8735,-1.3735,0.75375,0.744007432209024,1.0,1.0
KXNBAAST-26APR10MIAWAS-WASBCARRINGTON7-4,2026-04-10,ast,3.5,2.8735,0.6265000000000001,0.32375,0.32652100705177733,1.0,1.0
KXNBAAST-26APR10MIAWAS-WASBCARRINGTON7-6,2026-04-10,ast,5.5,2.8735,2.6265,0.09625,0.09441077321262226,0.0,1.0
KXNBAAST-26APR10MIAWAS-WASBCARRINGTON7-8,2026-04-10,ast,7.5,2.8735,4.6265,0.01725,0.020243618630814586,0.0,1.0
KXNBAPTS-26APR09LALGSW-GSWDGREEN23-10,2026-04-09,pts,9.5,8.29075,1.2092500000000008,0.36075,0.3432196199655041,0.0,1.0
KXNBAPTS-26APR09LALGSW-GSWDGREEN23-15,2026-04-09,pts,14.5,8.29075,6.209250000000001,0.1155,0.09064259615056758,0.0,1.0
KXNBAPTS-26APR09LALGSW-GSWDGREEN23-20,2026-04-09,pts,19.5,8.29075,11.20925,0.02325,0.017593116531893438,0.0,1.0
KXNBAPTS-26APR09LALGSW-GSWDGREEN23-25,2026-04-09,pts,24.5,8.29075,16.20925,0.00525,0.002781621836936088,0.0,1.0
KXNBAPTS-26APR09LALGSW-LALDAYTON5-10,2026-04-09,pts,9.5,8.25575,1.2442499999999992,0.36125,0.34018939062889897,1.0,1.0
KXNBAPTS-26APR09LALGSW-LALDAYTON5-15,2026-04-09,pts,14.5,8.25575,6.244249999999999,0.108,0.0891296865488943,1.0,1.0
KXNBAPTS-26APR09LALGSW-LALDAYTON5-20,2026-04-09,pts,19.5,8.25575,11.24425,0.021,0.01715312307121808,1.0,1.0
KXNBAPTS-26APR09LALGSW-LALLJAMES23-15,2026-04-09,pts,14.5,13.159,1.3409999999999993,0.385,0.36704064864694574,1.0,1.0
KXNBAPTS-26APR09LALGSW-LALLJAMES23-20,2026-04-09,pts,19.5,13.159,6.340999999999999,0.155,0.15532436584856946,1.0,1.0
KXNBAPTS-26APR09LALGSW-LALLJAMES23-25,2026-04-09,pts,24.5,13.159,11.341,0.04725,0.055334829217742354,1.0,1.0
KXNBAPTS-26APR09LALGSW-LALLJAMES23-30,2026-04-09,pts,29.5,13.159,16.341,0.0115,0.017351969888901864,0.0,1.0
KXNBAPTS-26APR09LALGSW-LALLJAMES23-35,2026-04-09,pts,34.5,13.159,21.341,0.00175,0.004937242528564312,0.0,1.0
KXNBAREB-26APR09LALGSW-GSWDGREEN23-10,2026-04-09,reb,9.5,4.33175,5.16825,0.02125,0.03382479375658165,0.0,1.0
KXNBAREB-26APR09LALGSW-GSWDGREEN23-2,2026-04-09,reb,1.5,4.33175,-2.8317500000000004,0.91025,0.8907416696718674,1.0,1.0
KXNBAREB-26APR09LALGSW-GSWDGREEN23-4,2026-04-09,reb,3.5,4.33175,-0.8317500000000004,0.605,0.5870801882686333,1.0,1.0
KXNBAREB-26APR09LALGSW-GSWDGREEN23-6,2026-04-09,reb,5.5,4.33175,1.1682499999999996,0.2815,0.2848110798169389,0.0,1.0
KXNBAREB-26APR09LALGSW-GSWDGREEN23-8,2026-04-09,reb,7.5,4.33175,3.1682499999999996,0.0945,0.10797472418904541,0.0,1.0
KXNBAREB-26APR09LALGSW-LALDAYTON5-10,2026-04-09,reb,9.5,3.74275,5.75725,0.0115,0.016361024215276077,0.0,1.0
KXNBAREB-26APR09LALGSW-LALDAYTON5-12,2026-04-09,reb,11.5,3.74275,7.75725,0.00325,0.0036181975870825944,0.0,1.0
KXNBAREB-26APR09LALGSW-LALDAYTON5-4,2026-04-09,reb,3.5,3.74275,-0.24275000000000002,0.49875,0.4907516298567103,1.0,1.0
KXNBAREB-26APR09LALGSW-LALDAYTON5-6,2026-04-09,reb,5.5,3.74275,1.75725,0.1905,0.20141951287058113,0.0,1.0
KXNBAREB-26APR09LALGSW-LALDAYTON5-8,2026-04-09,reb,7.5,3.74275,3.75725,0.0495,0.06343642233261093,0.0,1.0
KXNBAREB-26APR09LALGSW-LALLJAMES23-10,2026-04-09,reb,9.5,4.9165,4.5835,0.04575,0.05976322374878573,0.0,1.0
KXNBAREB-26APR09LALGSW-LALLJAMES23-12,2026-04-09,reb,11.5,4.9165,6.5835,0.0095,0.019003582870812163,0.0,1.0
KXNBAREB-26APR09LALGSW-LALLJAMES23-4,2026-04-09,reb,3.5,4.9165,-1.4165,0.69425,0.6681322199429267,1.0,1.0
KXNBAREB-26APR09LALGSW-LALLJAMES23-6,2026-04-09,reb,5.5,4.9165,0.5834999999999999,0.37025,0.36970536528288045,1.0,1.0
KXNBAREB-26APR09LALGSW-LALLJAMES23-8,2026-04-09,reb,7.5,4.9165,2.5835,0.14475,0.16277128576595823,1.0,1.0
KXNBAAST-26APR09LALGSW-GSWDGREEN23-10,2026-04-09,ast,9.5,3.3885,6.1114999999999995,0.0035,0.009160500381119596,0.0,1.0
KXNBAAST-26APR09LALGSW-GSWDGREEN23-12,2026-04-09,ast,11.5,3.3885,8.1115,0.0005,0.0017112509465163628,0.0,1.0
KXNBAAST-26APR09LALGSW-GSWDGREEN23-6,2026-04-09,ast,5.5,3.3885,2.1115,0.13475,0.1537263072138194,1.0,1.0
KXNBAAST-26APR09LALGSW-GSWDGREEN23-7,2026-04-09,ast,6.5,3.3885,3.1115,0.067,0.08253425196078534,0.0,1.0
KXNBAAST-26APR09LALGSW-GSWDGREEN23-8,2026-04-09,ast,7.5,3.3885,4.1114999999999995,0.0315,0.0417079931617641,0.0,1.0
KXNBAAST-26APR09LALGSW-LALLJAMES23-10,2026-04-09,ast,9.5,4.226,5.274,0.01275,0.029113971643402348,1.0,1.0
KXNBAAST-26APR09LALGSW-LALLJAMES23-12,2026-04-09,ast,11.5,4.226,7.274,0.0025,0.007431076364722178,0.0,1.0
KXNBAAST-26APR09LALGSW-LALLJAMES23-14,2026-04-09,ast,13.5,4.226,9.274000000000001,0.00025,0.0016767385247334898,0.0,1.0
KXNBAAST-26APR09LALGSW-LALLJAMES23-6,2026-04-09,ast,5.5,4.226,1.274,0.257,0.26886683515994436,1.0,1.0
KXNBAAST-26APR09LALGSW-LALLJAMES23-8,2026-04-09,ast,7.5,4.226,3.274,0.0745,0.09769984860823244,1.0,1.0
KXNBA3PT-26APR09LALGSW-LALLJAMES23-1,2026-04-09,fg3m,0.5,0.8175,-0.3175,0.55625,0.5400419177150702,1.0,1.0
KXNBA3PT-26APR09LALGSW-LALLJAMES23-2,2026-04-09,fg3m,1.5,0.8175,0.6825,0.1935,0.20039935644044282,1.0,1.0
KXNBA3PT-26APR09LALGSW-LALLJAMES23-3,2026-04-09,fg3m,2.5,0.8175,1.6825,0.05375,0.058572469872558375,1.0,1.0
KXNBA3PT-26APR09LALGSW-LALLJAMES23-4,2026-04-09,fg3m,3.5,0.8175,2.6825,0.0125,0.014516930560113606,0.0,1.0
KXNBA3PT-26APR09LALGSW-LALLJAMES23-5,2026-04-09,fg3m,4.5,0.8175,3.6825,0.0015,0.003187828222373734,0.0,1.0
KXNBAPTS-26APR09PHIHOU-HOUASENGUN28-15,2026-04-09,pts,14.5,13.48775,1.0122499999999999,0.39875,0.3867342459879376,0.0,1.0
KXNBAPTS-26APR09PHIHOU-HOUASENGUN28-20,2026-04-09,pts,19.5,13.48775,6.01225,0.16125,0.16922764612915508,0.0,1.0
KXNBAPTS-26APR09PHIHOU-HOUASENGUN28-25,2026-04-09,pts,24.5,13.48775,11.01225,0.045,0.06247929210115677,0.0,1.0
KXNBAPTS-26APR09PHIHOU-HOUASENGUN28-30,2026-04-09,pts,29.5,13.48775,16.01225,0.01025,0.020328657279650608,0.0,1.0
KXNBAPTS-26APR09PHIHOU-HOUATHOMPSON1-15,2026-04-09,pts,14.5,14.19675,0.30325000000000024,0.4435,0.4283047240559723,1.0,1.0
KXNBAPTS-26APR09PHIHOU-HOUATHOMPSON1-20,2026-04-09,pts,19.5,14.19675,5.30325,0.18525,0.20038260074222947,0.0,1.0
KXNBAPTS-26APR09PHIHOU-HOUATHOMPSON1-25,2026-04-09,pts,24.5,14.19675,10.30325,0.05675,0.07948134136147766,0.0,1.0
KXNBAPTS-26APR09PHIHOU-HOUATHOMPSON1-30,2026-04-09,pts,29.5,14.19675,15.30325,0.0145,0.02785455692759553,0.0,1.0
KXNBAPTS-26APR09PHIHOU-HOUJSMITH10-10,2026-04-09,pts,9.5,12.6235,-3.1235,0.65725,0.6569923481458528,1.0,1.0
KXNBAPTS-26APR09PHIHOU-HOUJSMITH10-15,2026-04-09,pts,14.5,12.6235,1.8765,0.34825,0.3345525006727642,1.0,1.0
KXNBAPTS-26APR09PHIHOU-HOUJSMITH10-20,2026-04-09,pts,19.5,12.6235,6.8765,0.13925,0.13357336548134913,0.0,1.0
KXNBAPTS-26APR09PHIHOU-HOUJSMITH10-25,2026-04-09,pts,24.5,12.6235,11.8765,0.043,0.04473246037101808,0.0,1.0
KXNBAPTS-26APR09PHIHOU-HOUKDURANT7-20,2026-04-09,pts,19.5,16.4685,3.031500000000001,0.304,0.30631263384377605,1.0,1.0
KXNBAPTS-26APR09PHIHOU-HOUKDURANT7-25,2026-04-09,pts,24.5,16.4685,8.031500000000001,0.124,0.14685700365972054,1.0,1.0
KXNBAPTS-26APR09PHIHOU-HOUKDURANT7-30,2026-04-09,pts,29.5,16.4685,13.031500000000001,0.0425,0.06272678177183688,0.0,1.0
KXNBAPTS-26APR09PHIHOU-HOUKDURANT7-35,2026-04-09,pts,34.5,16.4685,18.0315,0.0105,0.024482974832274462,0.0,1.0
KXNBAPTS-26APR09PHIHOU-HOURSHEPPARD15-10,2026-04-09,pts,9.5,10.968,-1.468,0.55375,0.554568139364714,0.0,1.0
KXNBAPTS-26APR09PHIHOU-HOURSHEPPARD15-15,2026-04-09,pts,14.5,10.968,3.532,0.256,0.23354466565050858,0.0,1.0
KXNBAPTS-26APR09PHIHOU-HOURSHEPPARD15-20,2026-04-09,pts,19.5,10.968,8.532,0.08475,0.07526607257680462,0.0,1.0
KXNBAPTS-26APR09PHIHOU-HOUTEASON17-10,2026-04-09,pts,9.5,8.74275,0.7572500000000009,0.392,0.3819790729673648,1.0,1.0
KXNBAPTS-26APR09PHIHOU-HOUTEASON17-15,2026-04-09,pts,14.5,8.74275,5.757250000000001,0.13575,0.11122419186452337,1.0,1.0
KXNBAPTS-26APR09PHIHOU-HOUTEASON17-20,2026-04-09,pts,19.5,8.74275,10.75725,0.036,0.02396585376185556,0.0,1.0
KXNBAPTS-26APR09PHIHOU-HOUTEASON17-25,2026-04-09,pts,24.5,8.74275,15.75725,0.00825,0.004219191786456689,0.0,1.0
KXNBAPTS-26APR09PHIHOU-PHIKOUBRE9-10,2026-04-09,pts,9.5,9.22625,0.2737499999999997,0.4285,0.42239122491253245,1.0,1.0
KXNBAPTS-26APR09PHIHOU-PHIKOUBRE9-15,2026-04-09,pts,14.5,9.22625,5.27375,0.165,0.13519970930867764,1.0,1.0
KXNBAPTS-26APR09PHIHOU-PHIKOUBRE9-20,2026-04-09,pts,19.5,9.22625,10.27375,0.04425,0.0322596662304967,0.0,1.0
KXNBAPTS-26APR09PHIHOU-PHIPGEORGE8-10,2026-04-09,pts,9.5,11.99775,-2.49775,0.62475,0.6209970594036643,0.0,1.0
KXNBAPTS-26APR09PHIHOU-PHIPGEORGE8-15,2026-04-09,pts,14.5,11.99775,2.50225,0.307,0.29623332320167617,0.0,1.0
KXNBAPTS-26APR09PHIHOU-PHIPGEORGE8-20,2026-04-09,pts,19.5,11.99775,7.50225,0.1175,0.10979716657886407,0.0,1.0
KXNBAPTS-26APR09PHIHOU-PHIPGEORGE8-25,2026-04-09,pts,24.5,11.99775,12.50225,0.032,0.03398920890475943,0.0,1.0
KXNBAPTS-26APR09PHIHOU-PHITMAXEY0-15,2026-04-09,pts,14.5,13.947,0.5530000000000008,0.428,0.41381894105068273,1.0,1.0
KXNBAPTS-26APR09PHIHOU-PHITMAXEY0-20,2026-04-09,pts,19.5,13.947,5.553000000000001,0.184,0.1892453600530103,1.0,1.0
KXNBAPTS-26APR09PHIHOU-PHITMAXEY0-25,2026-04-09,pts,24.5,13.947,10.553,0.0595,0.07324909865888019,0.0,1.0
KXNBAPTS-26APR09PHIHOU-PHITMAXEY0-30,2026-04-09,pts,29.5,13.947,15.553,0.01725,0.025027116248298897,0.0,1.0
KXNBAPTS-26APR09PHIHOU-PHITMAXEY0-35,2026-04-09,pts,34.5,13.947,20.553,0.00225,0.007771867999836313,0.0,1.0
KXNBAPTS-26APR09PHIHOU-PHIVEDGECOMBE77-10,2026-04-09,pts,9.5,10.862,-1.362,0.56875,0.5472174012903148,1.0,1.0
KXNBAPTS-26APR09PHIHOU-PHIVEDGECOMBE77-15,2026-04-09,pts,14.5,10.862,3.638,0.2365,0.227197158756839,1.0,1.0
KXNBAPTS-26APR09PHIHOU-PHIVEDGECOMBE77-20,2026-04-09,pts,19.5,10.862,8.638,0.06575,0.07207321591151317,1.0,1.0
KXNBAPTS-26APR09PHIHOU-PHIVEDGECOMBE77-25,2026-04-09,pts,24.5,10.862,13.638,0.0115,0.018948633806093573,0.0,1.0
KXNBAREB-26APR09PHIHOU-HOUASENGUN28-10,2026-04-09,reb,9.5,5.8715,3.6285,0.08975,0.12047517847713274,1.0,1.0
KXNBAREB-26APR09PHIHOU-HOUASENGUN28-12,2026-04-09,reb,11.5,5.8715,5.6285,0.0265,0.04747185713320767,1.0,1.0
KXNBAREB-26APR09PHIHOU-HOUASENGUN28-6,2026-04-09,reb,5.5,5.8715,-0.37150000000000016,0.52225,0.5013984584277833,1.0,1.0
KXNBAREB-26APR09PHIHOU-HOUASENGUN28-8,2026-04-09,reb,7.5,5.8715,1.6284999999999998,0.2485,0.26708434644548895,1.0,1.0
KXNBAREB-26APR09PHIHOU-HOUASENGUN28-9,2026-04-09,reb,8.5,5.8715,2.6285,0.154,0.18276654917227042,1.0,1.0
KXNBAREB-26APR09PHIHOU-HOUATHOMPSON1-10,2026-04-09,reb,9.5,6.03175,3.4682500000000003,0.09275,0.1326581997453029,0.0,1.0
KXNBAREB-26APR09PHIHOU-HOUATHOMPSON1-12,2026-04-09,reb,11.5,6.03175,5.46825,0.0215,0.05391191783220339,0.0,1.0
KXNBAREB-26APR09PHIHOU-HOUATHOMPSON1-6,2026-04-09,reb,5.5,6.03175,-0.5317499999999997,0.555,0.5219245384323404,0.0,1.0
KXNBAREB-26APR09PHIHOU-HOUATHOMPSON1-8,2026-04-09,reb,7.5,6.03175,1.4682500000000003,0.2685,0.28557268897446064,0.0,1.0
KXNBAREB-26APR09PHIHOU-HOUATHOMPSON1-9,2026-04-09,reb,8.5,6.03175,2.4682500000000003,0.16975,0.1982648873884827,0.0,1.0
KXNBAREB-26APR09PHIHOU-HOUJSMITH10-10,2026-04-09,reb,9.5,5.48975,4.01025,0.06775,0.0936341470326637,0.0,1.0
KXNBAREB-26APR09PHIHOU-HOUJSMITH10-12,2026-04-09,reb,11.5,5.48975,6.01025,0.01675,0.03409162252510223,0.0,1.0
KXNBAREB-26APR09PHIHOU-HOUJSMITH10-6,2026-04-09,reb,5.5,5.48975,0.010250000000000092,0.4605,0.4504684324399827,0.0,1.0
KXNBAREB-26APR09PHIHOU-HOUJSMITH10-7,2026-04-09,reb,6.5,5.48975,1.01025,0.3225,0.325257838260102,0.0,1.0
KXNBAREB-26APR09PHIHOU-HOUJSMITH10-8,2026-04-09,reb,7.5,5.48975,2.01025,0.21125,0.22386879214450017,0.0,1.0
KXNBAREB-26APR09PHIHOU-HOUKDURANT7-10,2026-04-09,reb,9.5,4.8935,4.6065,0.03775,0.05857619861317653,0.0,1.0
KXNBAREB-26APR09PHIHOU-HOUKDURANT7-2,2026-04-09,reb,1.5,4.8935,-3.3935000000000004,0.9465,0.9209031819876405,1.0,1.0
KXNBAREB-26APR09PHIHOU-HOUKDURANT7-4,2026-04-09,reb,3.5,4.8935,-1.3935000000000004,0.69525,0.6652183159117071,1.0,1.0
KXNBAREB-26APR09PHIHOU-HOUKDURANT7-6,2026-04-09,reb,5.5,4.8935,0.6064999999999996,0.36925,0.3663893328369846,1.0,1.0
KXNBAREB-26APR09PHIHOU-HOUKDURANT7-8,2026-04-09,reb,7.5,4.8935,2.6064999999999996,0.1355,0.16045161141709352,0.0,1.0
KXNBAREB-26APR09PHIHOU-HOUTEASON17-10,2026-04-09,reb,9.5,4.639,4.861,0.04075,0.04635278327200376,0.0,1.0
KXNBAREB-26APR09PHIHOU-HOUTEASON17-12,2026-04-09,reb,11.5,4.639,6.861,0.00925,0.013686734105816,0.0,1.0
KXNBAREB-26APR09PHIHOU-HOUTEASON17-6,2026-04-09,reb,5.5,4.639,0.8609999999999998,0.32925,0.32948977953438485,1.0,1.0
KXNBAREB-26APR09PHIHOU-HOUTEASON17-7,2026-04-09,reb,6.5,4.639,1.8609999999999998,0.21125,0.21700589769673206,1.0,1.0
KXNBAREB-26APR09PHIHOU-HOUTEASON17-8,2026-04-09,reb,7.5,4.639,2.8609999999999998,0.12425,0.13562603093727144,1.0,1.0
KXNBAREB-26APR09PHIHOU-PHIKOUBRE9-2,2026-04-09,reb,1.5,3.88775,-2.38775,0.87925,0.8584310883561586,1.0,1.0
KXNBAREB-26APR09PHIHOU-PHIKOUBRE9-4,2026-04-09,reb,3.5,3.88775,-0.38775000000000004,0.52575,0.5157851000674056,1.0,1.0
KXNBAREB-26APR09PHIHOU-PHIKOUBRE9-5,2026-04-09,reb,4.5,3.88775,0.61225,0.34575,0.3507677331411738,0.0,1.0
KXNBAREB-26APR09PHIHOU-PHIKOUBRE9-6,2026-04-09,reb,5.5,3.88775,1.61225,0.20825,0.22143641833211014,0.0,1.0
KXNBAREB-26APR09PHIHOU-PHIKOUBRE9-8,2026-04-09,reb,7.5,3.88775,3.61225,0.063,0.07327759512420773,0.0,1.0
KXNBAREB-26APR09PHIHOU-PHIPGEORGE8-10,2026-04-09,reb,9.5,3.711,5.789,0.01125,0.0156478864459223,0.0,1.0
KXNBAREB-26APR09PHIHOU-PHIPGEORGE8-2,2026-04-09,reb,1.5,3.711,-2.211,0.8585,0.84293258228123,1.0,1.0
KXNBAREB-26APR09PHIHOU-PHIPGEORGE8-4,2026-04-09,reb,3.5,3.711,-0.21099999999999985,0.4965,0.48516176254505394,1.0,1.0
KXNBAREB-26APR09PHIHOU-PHIPGEORGE8-6,2026-04-09,reb,5.5,3.711,1.7890000000000001,0.18575,0.1970996503033704,0.0,1.0
KXNBAREB-26APR09PHIHOU-PHIPGEORGE8-8,2026-04-09,reb,7.5,3.711,3.789,0.049,0.06138428099597504,0.0,1.0
KXNBAREB-26APR09PHIHOU-PHIVEDGECOMBE77-10,2026-04-09,reb,9.5,4.00425,5.49575,0.01875,0.023094086534637515,0.0,1.0
KXNBAREB-26APR09PHIHOU-PHIVEDGECOMBE77-2,2026-04-09,reb,1.5,4.00425,-2.50425,0.88575,0.8677717760594944,1.0,1.0
KXNBAREB-26APR09PHIHOU-PHIVEDGECOMBE77-4,2026-04-09,reb,3.5,4.00425,-0.5042499999999999,0.546,0.535289453159959,1.0,1.0
KXNBAREB-26APR09PHIHOU-PHIVEDGECOMBE77-6,2026-04-09,reb,5.5,4.00425,1.4957500000000001,0.22175,0.23781329872559576,1.0,1.0
KXNBAREB-26APR09PHIHOU-PHIVEDGECOMBE77-8,2026-04-09,reb,7.5,4.00425,3.49575,0.07275,0.0817315454424089,0.0,1.0
KXNBAAST-26APR09PHIHOU-HOUASENGUN28-10,2026-04-09,ast,9.5,3.60475,5.89525,0.00775,0.012873438710869767,0.0,1.0
KXNBAAST-26APR09PHIHOU-HOUASENGUN28-2,2026-04-09,ast,1.5,3.60475,-2.10475,0.863,0.834781059315693,1.0,1.0
KXNBAAST-26APR09PHIHOU-HOUASENGUN28-4,2026-04-09,ast,3.5,3.60475,-0.10475000000000012,0.484,0.46706411970951756,1.0,1.0
KXNBAAST-26APR09PHIHOU-HOUASENGUN28-6,2026-04-09,ast,5.5,3.60475,1.8952499999999999,0.1625,0.18178706344642448,0.0,1.0
KXNBAAST-26APR09PHIHOU-HOUASENGUN28-8,2026-04-09,ast,7.5,3.60475,3.89525,0.03875,0.0536787684849398,0.0,1.0
KXNBAAST-26APR09PHIHOU-HOUATHOMPSON1-10,2026-04-09,ast,9.5,3.74825,5.7517499999999995,0.00725,0.01585382313809769,0.0,1.0
KXNBAAST-26APR09PHIHOU-HOUATHOMPSON1-2,2026-04-09,ast,1.5,3.74825,-2.24825,0.87975,0.8483393899785021,1.0,1.0
KXNBAAST-26APR09PHIHOU-HOUATHOMPSON1-4,2026-04-09,ast,3.5,3.74825,-0.24825000000000008,0.5135,0.49278314454562655,1.0,1.0
KXNBAAST-26APR09PHIHOU-HOUATHOMPSON1-6,2026-04-09,ast,5.5,3.74825,1.75175,0.183,0.20118622798343522,0.0,1.0
KXNBAAST-26APR09PHIHOU-HOUATHOMPSON1-8,2026-04-09,ast,7.5,3.74825,3.75175,0.0415,0.06259820690837303,0.0,1.0
KXNBAAST-26APR09PHIHOU-HOUKDURANT7-10,2026-04-09,ast,9.5,3.81475,5.68525,0.01025,0.01738428052809604,0.0,1.0
KXNBAAST-26APR09PHIHOU-HOUKDURANT7-2,2026-04-09,ast,1.5,3.81475,-2.31475,0.8855,0.8542297709102235,1.0,1.0
KXNBAAST-26APR09PHIHOU-HOUKDURANT7-4,2026-04-09,ast,3.5,3.81475,-0.3147500000000001,0.527,0.5044375882918126,1.0,1.0
KXNBAAST-26APR09PHIHOU-HOUKDURANT7-6,2026-04-09,ast,5.5,3.81475,1.68525,0.18775,0.2103531171412607,0.0,1.0
KXNBAAST-26APR09PHIHOU-HOUKDURANT7-8,2026-04-09,ast,7.5,3.81475,3.68525,0.0455,0.0669924128722087,0.0,1.0
KXNBAAST-26APR09PHIHOU-HOURSHEPPARD15-10,2026-04-09,ast,9.5,2.78675,6.71325,0.002,0.00288759216213752,0.0,1.0
KXNBAAST-26APR09PHIHOU-HOURSHEPPARD15-2,2026-04-09,ast,1.5,2.78675,-1.28675,0.74675,0.7303714957523977,0.0,1.0
KXNBAAST-26APR09PHIHOU-HOURSHEPPARD15-4,2026-04-09,ast,3.5,2.78675,0.7132499999999999,0.31325,0.3092198275089246,0.0,1.0
KXNBAAST-26APR09PHIHOU-HOURSHEPPARD15-6,2026-04-09,ast,5.5,2.78675,2.71325,0.07125,0.08568287928632035,0.0,1.0
KXNBAAST-26APR09PHIHOU-HOURSHEPPARD15-8,2026-04-09,ast,7.5,2.78675,4.71325,0.01375,0.0175599312621203,0.0,1.0
KXNBAAST-26APR09PHIHOU-PHIKOUBRE9-10,2026-04-09,ast,9.5,1.69725,7.80275,0.00025,9.610944586080361e-05,0.0,1.0
KXNBAAST-26APR09PHIHOU-PHIKOUBRE9-2,2026-04-09,ast,1.5,1.69725,-0.19724999999999993,0.4995,0.4900117573749365,0.0,1.0
KXNBAAST-26APR09PHIHOU-PHIKOUBRE9-4,2026-04-09,ast,3.5,1.69725,1.80275,0.09275,0.10639896422692008,0.0,1.0
KXNBAAST-26APR09PHIHOU-PHIKOUBRE9-6,2026-04-09,ast,5.5,1.69725,3.80275,0.011,0.013895608251364155,0.0,1.0
KXNBAAST-26APR09PHIHOU-PHIKOUBRE9-8,2026-04-09,ast,7.5,1.69725,5.80275,0.00125,0.0012997571555499743,0.0,1.0
KXNBAAST-26APR09PHIHOU-PHIPGEORGE8-10,2026-04-09,ast,9.5,2.61875,6.88125,0.00125,0.0019528692608818954,0.0,1.0
KXNBAAST-26APR09PHIHOU-PHIPGEORGE8-2,2026-04-09,ast,1.5,2.61875,-1.11875,0.72925,0.7019265637909695,0.0,1.0
KXNBAAST-26APR09PHIHOU-PHIPGEORGE8-4,2026-04-09,ast,3.5,2.61875,0.8812500000000001,0.261,0.2756959300623646,0.0,1.0
KXNBAAST-26APR09PHIHOU-PHIPGEORGE8-6,2026-04-09,ast,5.5,2.61875,2.88125,0.0585,0.06996408890361017,0.0,1.0
KXNBAAST-26APR09PHIHOU-PHIPGEORGE8-8,2026-04-09,ast,7.5,2.61875,4.88125,0.008,0.01306478273683176,0.0,1.0
KXNBAAST-26APR09PHIHOU-PHITMAXEY0-10,2026-04-09,ast,9.5,3.53975,5.96025,0.006,0.0116624923006311,0.0,1.0
KXNBAAST-26APR09PHIHOU-PHITMAXEY0-12,2026-04-09,ast,11.5,3.53975,7.96025,0.00125,0.002321473358289361,0.0,1.0
KXNBAAST-26APR09PHIHOU-PHITMAXEY0-4,2026-04-09,ast,3.5,3.53975,-0.039750000000000174,0.46175,0.45517015092830704,1.0,1.0
KXNBAAST-26APR09PHIHOU-PHITMAXEY0-6,2026-04-09,ast,5.5,3.53975,1.9602499999999998,0.161,0.17319275633737463,0.0,1.0
KXNBAAST-26APR09PHIHOU-PHITMAXEY0-8,2026-04-09,ast,7.5,3.53975,3.96025,0.038,0.04989412091522216,0.0,1.0
KXNBAAST-26APR09PHIHOU-PHIVEDGECOMBE77-10,2026-04-09,ast,9.5,2.66,6.84,0.001,0.002156862411435867,0.0,1.0
KXNBAAST-26APR09PHIHOU-PHIVEDGECOMBE77-2,2026-04-09,ast,1.5,2.66,-1.1600000000000001,0.734,0.7091681508922454,1.0,1.0
KXNBAAST-26APR09PHIHOU-PHIVEDGECOMBE77-4,2026-04-09,ast,3.5,2.66,0.8399999999999999,0.28,0.2839176084124033,1.0,1.0
KXNBAAST-26APR09PHIHOU-PHIVEDGECOMBE77-6,2026-04-09,ast,5.5,2.66,2.84,0.06225,0.07367489070429134,1.0,1.0
KXNBAAST-26APR09PHIHOU-PHIVEDGECOMBE77-8,2026-04-09,ast,7.5,2.66,4.84,0.0075,0.014085490280950741,1.0,1.0
KXNBA3PT-26APR09PHIHOU-HOUASENGUN28-1,2026-04-09,fg3m,0.5,0.693,-0.19299999999999995,0.49125,0.48486517586187206,0.0,1.0
KXNBA3PT-26APR09PHIHOU-HOUASENGUN28-2,2026-04-09,fg3m,1.5,0.693,0.807,0.1545,0.1575879510355569,0.0,1.0
KXNBA3PT-26APR09PHIHOU-HOUASENGUN28-3,2026-04-09,fg3m,2.5,0.693,1.807,0.04,0.040005294766599864,0.0,1.0
KXNBA3PT-26APR09PHIHOU-HOUASENGUN28-4,2026-04-09,fg3m,3.5,0.693,2.807,0.0065,0.008580225691596999,0.0,1.0
KXNBA3PT-26APR09PHIHOU-HOUASENGUN28-5,2026-04-09,fg3m,4.5,0.693,3.807,0.00075,0.001627385620179278,0.0,1.0
KXNBA3PT-26APR09PHIHOU-HOUATHOMPSON1-1,2026-04-09,fg3m,0.5,0.4385,0.0615,0.3495,0.34712393363711436,0.0,1.0
KXNBA3PT-26APR09PHIHOU-HOUATHOMPSON1-2,2026-04-09,fg3m,1.5,0.4385,1.0615,0.07525,0.07638970046047144,0.0,1.0
KXNBA3PT-26APR09PHIHOU-HOUATHOMPSON1-3,2026-04-09,fg3m,2.5,0.4385,2.0615,0.013,0.012902202938646301,0.0,1.0
KXNBA3PT-26APR09PHIHOU-HOUATHOMPSON1-4,2026-04-09,fg3m,3.5,0.4385,3.0615,0.00075,0.001827330446290798,0.0,1.0
KXNBA3PT-26APR09PHIHOU-HOUATHOMPSON1-5,2026-04-09,fg3m,4.5,0.4385,4.0615,0.0,0.00022798497252740635,0.0,1.0
KXNBA3PT-26APR09PHIHOU-HOUKDURANT7-1,2026-04-09,fg3m,0.5,1.87025,-1.37025,0.84075,0.8122806341117114,1.0,1.0
KXNBA3PT-26APR09PHIHOU-HOUKDURANT7-2,2026-04-09,fg3m,1.5,1.87025,-0.37024999999999997,0.555,0.5302875669858984,1.0,1.0
KXNBA3PT-26APR09PHIHOU-HOUKDURANT7-3,2026-04-09,fg3m,2.5,1.87025,0.62975,0.2885,0.2907352404071777,1.0,1.0
KXNBA3PT-26APR09PHIHOU-HOUKDURANT7-4,2026-04-09,fg3m,3.5,1.87025,1.62975,0.12625,0.13935546866364268,0.0,1.0
KXNBA3PT-26APR09PHIHOU-HOUKDURANT7-5,2026-04-09,fg3m,4.5,1.87025,2.62975,0.04225,0.06016218993033007,0.0,1.0
KXNBA3PT-26APR09PHIHOU-HOURSHEPPARD15-1,2026-04-09,fg3m,0.5,2.2405,-1.7405,0.88225,0.859780948404894,1.0,1.0
KXNBA3PT-26APR09PHIHOU-HOURSHEPPARD15-2,2026-04-09,fg3m,1.5,2.2405,-0.7404999999999999,0.649,0.6169054561098599,1.0,1.0
KXNBA3PT-26APR09PHIHOU-HOURSHEPPARD15-3,2026-04-09,fg3m,2.5,2.2405,0.25950000000000006,0.37975,0.37900626152165506,0.0,1.0
KXNBA3PT-26APR09PHIHOU-HOURSHEPPARD15-4,2026-04-09,fg3m,3.5,2.2405,1.2595,0.19625,0.20566268996635118,0.0,1.0
KXNBA3PT-26APR09PHIHOU-HOURSHEPPARD15-5,2026-04-09,fg3m,4.5,2.2405,2.2595,0.08625,0.10110029208844606,0.0,1.0
KXNBA3PT-26APR09PHIHOU-HOUTEASON17-1,2026-04-09,fg3m,0.5,1.005,-0.5049999999999999,0.62375,0.6109825257228235,1.0,1.0
KXNBA3PT-26APR09PHIHOU-HOUTEASON17-2,2026-04-09,fg3m,1.5,1.005,0.4950000000000001,0.27075,0.26550394643093456,1.0,1.0
KXNBA3PT-26APR09PHIHOU-HOUTEASON17-3,2026-04-09,fg3m,2.5,1.005,1.495,0.0815,0.09200144145149192,1.0,1.0
KXNBA3PT-26APR09PHIHOU-HOUTEASON17-4,2026-04-09,fg3m,3.5,1.005,2.495,0.023,0.027183405892811097,0.0,1.0
KXNBA3PT-26APR09PHIHOU-HOUTEASON17-5,2026-04-09,fg3m,4.5,1.005,3.495,0.0045,0.007136885276786686,0.0,1.0
KXNBA3PT-26APR09PHIHOU-PHITMAXEY0-1,2026-04-09,fg3m,0.5,1.308,-0.808,0.722,0.7009940403208185,1.0,1.0
KXNBA3PT-26APR09PHIHOU-PHITMAXEY0-2,2026-04-09,fg3m,1.5,1.308,0.19199999999999995,0.3755,0.3671053964162151,1.0,1.0
KXNBA3PT-26APR09PHIHOU-PHITMAXEY0-3,2026-04-09,fg3m,2.5,1.308,1.192,0.14525,0.15626391396053696,1.0,1.0
KXNBA3PT-26APR09PHIHOU-PHITMAXEY0-4,2026-04-09,fg3m,3.5,1.308,2.192,0.0485,0.05722269770836208,1.0,1.0
KXNBA3PT-26APR09PHIHOU-PHITMAXEY0-5,2026-04-09,fg3m,4.5,1.308,3.192,0.014,0.018707787146987953,1.0,1.0
KXNBA3PT-26APR09PHIHOU-PHIVEDGECOMBE77-1,2026-04-09,fg3m,0.5,1.18775,-0.6877500000000001,0.6935,0.668436428646161,1.0,1.0
KXNBA3PT-26APR09PHIHOU-PHIVEDGECOMBE77-2,2026-04-09,fg3m,1.5,1.18775,0.3122499999999999,0.33575,0.32764701135189467,1.0,1.0
KXNBA3PT-26APR09PHIHOU-PHIVEDGECOMBE77-3,2026-04-09,fg3m,2.5,1.18775,1.31225,0.118,0.12956820955147186,1.0,1.0
KXNBA3PT-26APR09PHIHOU-PHIVEDGECOMBE77-4,2026-04-09,fg3m,3.5,1.18775,2.3122499999999997,0.0325,0.043924515472561376,0.0,1.0
KXNBA3PT-26APR09PHIHOU-PHIVEDGECOMBE77-5,2026-04-09,fg3m,4.5,1.18775,3.3122499999999997,0.00575,0.01326919873955712,0.0,1.0
KXNBAPTS-26APR09BOSNYK-BOSJTATUM0-15,2026-04-09,pts,14.5,13.92875,0.5712499999999991,0.42525,0.41275332044792734,1.0,1.0
KXNBAPTS-26APR09BOSNYK-BOSJTATUM0-20,2026-04-09,pts,19.5,13.92875,5.571249999999999,0.1875,0.18843799770628522,1.0,1.0
KXNBAPTS-26APR09BOSNYK-BOSJTATUM0-25,2026-04-09,pts,24.5,13.92875,10.57125,0.06325,0.07280391530362662,0.0,1.0
KXNBAPTS-26APR09BOSNYK-BOSJTATUM0-30,2026-04-09,pts,29.5,13.92875,15.57125,0.0185,0.02482811070952562,0.0,1.0
KXNBAPTS-26APR09BOSNYK-BOSJTATUM0-35,2026-04-09,pts,34.5,13.92875,20.57125,0.00425,0.007695235594464611,0.0,1.0
KXNBAPTS-26APR09BOSNYK-BOSNVUCEVIC4-10,2026-04-09,pts,9.5,5.919,3.5810000000000004,0.19625,0.14326762497157053,1.0,1.0
KXNBAPTS-26APR09BOSNYK-BOSNVUCEVIC4-15,2026-04-09,pts,14.5,5.919,8.581,0.04975,0.01844863975196598,0.0,1.0
KXNBAPTS-26APR09BOSNYK-BOSNVUCEVIC4-20,2026-04-09,pts,19.5,5.919,13.581,0.009,0.0016846770715688297,0.0,1.0
KXNBAPTS-26APR09BOSNYK-BOSNVUCEVIC4-25,2026-04-09,pts,24.5,5.919,18.581,0.001,0.0001234246212813428,0.0,1.0
KXNBAPTS-26APR09BOSNYK-BOSPPRITCHARD11-10,2026-04-09,pts,9.5,11.522,-2.0220000000000002,0.6015,0.5914301645471443,1.0,1.0
KXNBAPTS-26APR09BOSNYK-BOSPPRITCHARD11-15,2026-04-09,pts,14.5,11.522,2.9779999999999998,0.28025,0.26710910089035944,1.0,1.0
KXNBAPTS-26APR09BOSNYK-BOSPPRITCHARD11-20,2026-04-09,pts,19.5,11.522,7.978,0.09525,0.09307961605534887,1.0,1.0
KXNBAPTS-26APR09BOSNYK-BOSPPRITCHARD11-25,2026-04-09,pts,24.5,11.522,12.978,0.0235,0.027002508537140923,0.0,1.0
KXNBAPTS-26APR09BOSNYK-BOSSHAUSER30-10,2026-04-09,pts,9.5,7.50125,1.9987500000000002,0.30575,0.2744446766438058,0.0,1.0
KXNBAPTS-26APR09BOSNYK-BOSSHAUSER30-15,2026-04-09,pts,14.5,7.50125,6.99875,0.08825,0.05960215849170469,0.0,1.0
KXNBAPTS-26APR09BOSNYK-BOSSHAUSER30-20,2026-04-09,pts,19.5,7.50125,11.998750000000001,0.01425,0.009399741063069955,0.0,1.0
KXNBAPTS-26APR09BOSNYK-NYKJBRUNSON11-20,2026-04-09,pts,19.5,14.4485,5.051500000000001,0.21,0.2117620166694728,1.0,1.0
KXNBAPTS-26APR09BOSNYK-NYKJBRUNSON11-25,2026-04-09,pts,24.5,14.4485,10.0515,0.0685,0.08602254116361563,1.0,1.0
KXNBAPTS-26APR09BOSNYK-NYKJBRUNSON11-30,2026-04-09,pts,29.5,14.4485,15.0515,0.017,0.030902986049882064,0.0,1.0
KXNBAPTS-26APR09BOSNYK-NYKJBRUNSON11-35,2026-04-09,pts,34.5,14.4485,20.0515,0.00575,0.010100826017723108,0.0,1.0
KXNBAPTS-26APR09BOSNYK-NYKJHART3-10,2026-04-09,pts,9.5,8.74725,0.7527500000000007,0.402,0.3823607765778486,1.0,1.0
KXNBAPTS-26APR09BOSNYK-NYKJHART3-15,2026-04-09,pts,14.5,8.74725,5.752750000000001,0.12675,0.11143842451754837,1.0,1.0
KXNBAPTS-26APR09BOSNYK-NYKJHART3-20,2026-04-09,pts,19.5,8.74725,10.75275,0.02625,0.02403589243178117,1.0,1.0
KXNBAPTS-26APR09BOSNYK-NYKKTOWNS32-15,2026-04-09,pts,14.5,11.618103733069045,2.881896266930955,0.2943508424182359,0.2729790102347138,1.0,0.75675
KXNBAPTS-26APR09BOSNYK-NYKKTOWNS32-20,2026-04-09,pts,19.5,11.618103733069045,7.881896266930955,0.09051866534522629,0.09635495544415862,0.0,0.75675
KXNBAPTS-26APR09BOSNYK-NYKKTOWNS32-25,2026-04-09,pts,24.5,11.618103733069045,12.881896266930955,0.022134126197555334,0.02833263592488633,0.0,0.75675
KXNBAPTS-26APR09BOSNYK-NYKKTOWNS32-30,2026-04-09,pts,29.5,11.618103733069045,17.881896266930955,0.003303600925008259,0.007292745026477365,0.0,0.75675
KXNBAPTS-26APR09BOSNYK-NYKMBRIDGES25-10,2026-04-09,pts,9.5,9.60175,-0.10174999999999912,0.4695,0.4528069006569382,1.0,1.0
KXNBAPTS-26APR09BOSNYK-NYKMBRIDGES25-15,2026-04-09,pts,14.5,9.60175,4.898250000000001,0.166,0.15502599506475612,0.0,1.0
KXNBAPTS-26APR09BOSNYK-NYKMBRIDGES25-20,2026-04-09,pts,19.5,9.60175,9.89825,0.04625,0.03979158150627826,0.0,1.0
KXNBAPTS-26APR09BOSNYK-NYKMBRIDGES25-25,2026-04-09,pts,24.5,9.60175,14.89825,0.00725,0.008392895807500689,0.0,1.0
KXNBAPTS-26APR09BOSNYK-NYKMROBINSON23-10,2026-04-09,pts,9.5,6.8325,2.6675000000000004,0.24675,0.21685978332017986,0.0,1.0
KXNBAPTS-26APR09BOSNYK-NYKMROBINSON23-15,2026-04-09,pts,14.5,6.8325,7.6675,0.05375,0.038710365130998126,0.0,1.0
KXNBAPTS-26APR09BOSNYK-NYKMROBINSON23-20,2026-04-09,pts,19.5,6.8325,12.6675,0.0085,0.0049674994837731745,0.0,1.0
KXNBAPTS-26APR09BOSNYK-NYKMROBINSON23-25,2026-04-09,pts,24.5,6.8325,17.6675,0.00175,0.0005143791912178841,0.0,1.0
KXNBAPTS-26APR09BOSNYK-NYKOANUNOBY8-10,2026-04-09,pts,9.5,12.529,-3.029,0.65,0.6517635041303376,1.0,1.0
KXNBAPTS-26APR09BOSNYK-NYKOANUNOBY8-15,2026-04-09,pts,14.5,12.529,1.971,0.34925,0.3287810885065553,0.0,1.0
KXNBAPTS-26APR09BOSNYK-NYKOANUNOBY8-20,2026-04-09,pts,19.5,12.529,6.971,0.1405,0.12986265677679354,0.0,1.0
KXNBAPTS-26APR09BOSNYK-NYKOANUNOBY8-25,2026-04-09,pts,24.5,12.529,11.971,0.03575,0.042996093000372326,0.0,1.0
KXNBAREB-26APR09BOSNYK-BOSJTATUM0-10,2026-04-09,reb,9.5,5.3975,4.1025,0.059,0.08764216541054892,1.0,1.0
KXNBAREB-26APR09BOSNYK-BOSJTATUM0-12,2026-04-09,reb,11.5,5.3975,6.1025,0.015,0.03126714708322842,1.0,1.0
KXNBAREB-26APR09BOSNYK-BOSJTATUM0-6,2026-04-09,reb,5.5,5.3975,0.10250000000000004,0.45575,0.4377748504876684,1.0,1.0
KXNBAREB-26APR09BOSNYK-BOSJTATUM0-8,2026-04-09,reb,7.5,5.3975,2.1025,0.19075,0.2136721566369293,1.0,1.0
KXNBAREB-26APR09BOSNYK-BOSJTATUM0-9,2026-04-09,reb,8.5,5.3975,3.1025,0.114,0.13952648260001643,1.0,1.0
KXNBAREB-26APR09BOSNYK-BOSNVUCEVIC4-10,2026-04-09,reb,9.5,2.94475,6.55525,0.0065,0.004267017956681052,0.0,1.0
KXNBAREB-26APR09BOSNYK-BOSNVUCEVIC4-2,2026-04-09,reb,1.5,2.94475,-1.44475,0.7265,0.7528475284080112,1.0,1.0
KXNBAREB-26APR09BOSNYK-BOSNVUCEVIC4-4,2026-04-09,reb,3.5,2.94475,0.55525,0.3445,0.3406440346574613,1.0,1.0
KXNBAREB-26APR09BOSNYK-BOSNVUCEVIC4-6,2026-04-09,reb,5.5,2.94475,2.55525,0.1165,0.10294172798920398,0.0,1.0
KXNBAREB-26APR09BOSNYK-BOSNVUCEVIC4-8,2026-04-09,reb,7.5,2.94475,4.55525,0.036,0.023296201919706383,0.0,1.0
KXNBAREB-26APR09BOSNYK-BOSPPRITCHARD11-10,2026-04-09,reb,9.5,3.443,6.057,0.00825,0.010463565496056315,0.0,1.0
KXNBAREB-26APR09BOSNYK-BOSPPRITCHARD11-2,2026-04-09,reb,1.5,3.443,-1.943,0.83825,0.8160192224392101,1.0,1.0
KXNBAREB-26APR09BOSNYK-BOSPPRITCHARD11-4,2026-04-09,reb,3.5,3.443,0.05699999999999994,0.4455,0.43653420830372436,0.0,1.0
KXNBAREB-26APR09BOSNYK-BOSPPRITCHARD11-6,2026-04-09,reb,5.5,3.443,2.057,0.1425,0.16173869132109508,0.0,1.0
KXNBAREB-26APR09BOSNYK-BOSPPRITCHARD11-8,2026-04-09,reb,7.5,3.443,4.057,0.0355,0.04556181316610042,0.0,1.0
KXNBAREB-26APR09BOSNYK-NYKJBRUNSON11-2,2026-04-09,reb,1.5,3.7275,-2.2275,0.86275,0.844450917854417,0.0,1.0
KXNBAREB-26APR09BOSNYK-NYKJBRUNSON11-3,2026-04-09,reb,2.5,3.7275,-1.2275,0.697,0.6738063739867892,0.0,1.0
KXNBAREB-26APR09BOSNYK-NYKJBRUNSON11-4,2026-04-09,reb,3.5,3.7275,-0.22750000000000004,0.499,0.4880714877361173,0.0,1.0
KXNBAREB-26APR09BOSNYK-NYKJBRUNSON11-6,2026-04-09,reb,5.5,3.7275,1.7725,0.1875,0.19934156463608177,0.0,1.0
KXNBAREB-26APR09BOSNYK-NYKJBRUNSON11-8,2026-04-09,reb,7.5,3.7275,3.7725,0.05275,0.062446100878450816,0.0,1.0
KXNBAREB-26APR09BOSNYK-NYKJHART3-10,2026-04-09,reb,9.5,4.8905,4.6095,0.04175,0.058422371264861495,0.0,1.0
KXNBAREB-26APR09BOSNYK-NYKJHART3-12,2026-04-09,reb,11.5,4.8905,6.6095,0.00975,0.018453443491811328,0.0,1.0
KXNBAREB-26APR09BOSNYK-NYKJHART3-6,2026-04-09,reb,5.5,4.8905,0.6094999999999997,0.3685,0.36595651192208933,0.0,1.0
KXNBAREB-26APR09BOSNYK-NYKJHART3-7,2026-04-09,reb,6.5,4.8905,1.6094999999999997,0.23475,0.24835243342722235,0.0,1.0
KXNBAREB-26APR09BOSNYK-NYKJHART3-8,2026-04-09,reb,7.5,4.8905,2.6094999999999997,0.14125,0.1601499225484334,0.0,1.0
KXNBAREB-26APR09BOSNYK-NYKKTOWNS32-10,2026-04-09,reb,9.5,6.090849025437727,3.409150974562273,0.11133135117277833,0.13727761424457918,1.0,0.75675
KXNBAREB-26APR09BOSNYK-NYKKTOWNS32-12,2026-04-09,reb,11.5,6.090849025437727,5.409150974562273,0.036009250082590025,0.056410317571099156,1.0,0.75675
KXNBAREB-26APR09BOSNYK-NYKKTOWNS32-14,2026-04-09,reb,13.5,6.090849025437727,7.409150974562273,0.009250082590023126,0.020786731352419707,0.0,0.75675
KXNBAREB-26APR09BOSNYK-NYKKTOWNS32-16,2026-04-09,reb,15.5,6.090849025437727,9.409150974562273,0.0019821605550049554,0.007000080761282779,0.0,0.75675
KXNBAREB-26APR09BOSNYK-NYKKTOWNS32-8,2026-04-09,reb,7.5,6.090849025437727,1.409150974562273,0.2920383217707301,0.29242368053272927,1.0,0.75675
KXNBAREB-26APR09BOSNYK-NYKMBRIDGES25-10,2026-04-09,reb,9.5,3.30575,6.19425,0.005,0.008346688486165266,0.0,1.0
KXNBAREB-26APR09BOSNYK-NYKMBRIDGES25-2,2026-04-09,reb,1.5,3.30575,-1.8057500000000002,0.8255,0.8004529437555199,1.0,1.0
KXNBAREB-26APR09BOSNYK-NYKMBRIDGES25-4,2026-04-09,reb,3.5,3.30575,0.1942499999999998,0.40575,0.4107257984822219,0.0,1.0
KXNBAREB-26APR09BOSNYK-NYKMBRIDGES25-6,2026-04-09,reb,5.5,3.30575,2.19425,0.13675,0.14452974542925479,0.0,1.0
KXNBAREB-26APR09BOSNYK-NYKMBRIDGES25-8,2026-04-09,reb,7.5,3.30575,4.19425,0.03425,0.03850602087637223,0.0,1.0
KXNBAREB-26APR09BOSNYK-NYKMROBINSON23-10,2026-04-09,reb,9.5,4.477,5.023,0.0295,0.03944487646706185,0.0,1.0
KXNBAREB-26APR09BOSNYK-NYKMROBINSON23-12,2026-04-09,reb,11.5,4.477,7.023,0.008,0.01112081715102109,0.0,1.0
KXNBAREB-26APR09BOSNYK-NYKMROBINSON23-4,2026-04-09,reb,3.5,4.477,-0.9770000000000003,0.618,0.6085810761301286,1.0,1.0
KXNBAREB-26APR09BOSNYK-NYKMROBINSON23-6,2026-04-09,reb,5.5,4.477,1.0229999999999997,0.29975,0.3059115326000805,1.0,1.0
KXNBAREB-26APR09BOSNYK-NYKMROBINSON23-8,2026-04-09,reb,7.5,4.477,3.0229999999999997,0.1135,0.1207058627731491,0.0,1.0
KXNBAREB-26APR09BOSNYK-NYKOANUNOBY8-2,2026-04-09,reb,1.5,4.50125,-3.0012499999999998,0.923,0.9009482741534683,1.0,1.0
KXNBAREB-26APR09BOSNYK-NYKOANUNOBY8-4,2026-04-09,reb,3.5,4.50125,-1.0012499999999998,0.64175,0.6120821506334105,1.0,1.0
KXNBAREB-26APR09BOSNYK-NYKOANUNOBY8-5,2026-04-09,reb,4.5,4.50125,-0.0012499999999997513,0.47125,0.45020387474302626,0.0,1.0
KXNBAREB-26APR09BOSNYK-NYKOANUNOBY8-6,2026-04-09,reb,5.5,4.50125,0.9987500000000002,0.309,0.30944038123329154,0.0,1.0
KXNBAREB-26APR09BOSNYK-NYKOANUNOBY8-8,2026-04-09,reb,7.5,4.50125,2.9987500000000002,0.09625,0.12289226476755799,0.0,1.0
KXNBAAST-26APR09BOSNYK-BOSJTATUM0-10,2026-04-09,ast,9.5,3.388,6.112,0.00425,0.009152932763387245,0.0,1.0
KXNBAAST-26APR09BOSNYK-BOSJTATUM0-2,2026-04-09,ast,1.5,3.388,-1.888,0.84125,0.8119127250764488,1.0,1.0
KXNBAAST-26APR09BOSNYK-BOSJTATUM0-4,2026-04-09,ast,3.5,3.388,0.1120000000000001,0.436,0.42685572124762483,1.0,1.0
KXNBAAST-26APR09BOSNYK-BOSJTATUM0-6,2026-04-09,ast,5.5,3.388,2.112,0.13525,0.15366328209038915,1.0,1.0
KXNBAAST-26APR09BOSNYK-BOSJTATUM0-8,2026-04-09,ast,7.5,3.388,4.112,0.0325,0.041682371488272474,1.0,1.0
KXNBAAST-26APR09BOSNYK-BOSPPRITCHARD11-2,2026-04-09,ast,1.5,2.72025,-1.22025,0.74275,0.7194411971678529,1.0,1.0
KXNBAAST-26APR09BOSNYK-BOSPPRITCHARD11-4,2026-04-09,ast,3.5,2.72025,0.7797499999999999,0.29575,0.29594198739741073,1.0,1.0
KXNBAAST-26APR09BOSNYK-BOSPPRITCHARD11-5,2026-04-09,ast,4.5,2.72025,1.77975,0.14525,0.16015959008769132,1.0,1.0
KXNBAAST-26APR09BOSNYK-BOSPPRITCHARD11-6,2026-04-09,ast,5.5,2.72025,2.77975,0.064,0.07927027972562839,1.0,1.0
KXNBAAST-26APR09BOSNYK-BOSPPRITCHARD11-8,2026-04-09,ast,7.5,2.72025,4.77975,0.0085,0.01567238409336169,0.0,1.0
KXNBAAST-26APR09BOSNYK-NYKJBRUNSON11-10,2026-04-09,ast,9.5,4.5255,4.9745,0.023,0.04027854758943761,1.0,1.0
KXNBAAST-26APR09BOSNYK-NYKJBRUNSON11-12,2026-04-09,ast,11.5,4.5255,6.9745,0.00475,0.011270716474242382,0.0,1.0
KXNBAAST-26APR09BOSNYK-NYKJBRUNSON11-4,2026-04-09,ast,3.5,4.5255,-1.0255,0.6435,0.6175386974680066,1.0,1.0
KXNBAAST-26APR09BOSNYK-NYKJBRUNSON11-6,2026-04-09,ast,5.5,4.5255,0.9744999999999999,0.3095,0.3126092831722892,1.0,1.0
KXNBAAST-26APR09BOSNYK-NYKJBRUNSON11-8,2026-04-09,ast,7.5,4.5255,2.9745,0.10025,0.12361612702537561,1.0,1.0
KXNBAAST-26APR09BOSNYK-NYKJHART3-2,2026-04-09,ast,1.5,2.5435,-1.0434999999999999,0.71575,0.6882686643432797,1.0,1.0
KXNBAAST-26APR09BOSNYK-NYKJHART3-4,2026-04-09,ast,3.5,2.5435,0.9565000000000001,0.25675,0.2607380901509564,0.0,1.0
KXNBAAST-26APR09BOSNYK-NYKJHART3-5,2026-04-09,ast,4.5,2.5435,1.9565000000000001,0.1125,0.1346296219220371,0.0,1.0
KXNBAAST-26APR09BOSNYK-NYKJHART3-6,2026-04-09,ast,5.5,2.5435,2.9565,0.04675,0.06345093070104568,0.0,1.0
KXNBAAST-26APR09BOSNYK-NYKJHART3-8,2026-04-09,ast,7.5,2.5435,4.9565,0.00575,0.011336169377123784,0.0,1.0
KXNBA3PT-26APR09BOSNYK-BOSJTATUM0-2,2026-04-09,fg3m,1.5,1.81575,-0.31575,0.53275,0.5161436975557616,1.0,1.0
KXNBA3PT-26APR09BOSNYK-BOSJTATUM0-3,2026-04-09,fg3m,2.5,1.81575,0.68425,0.27525,0.27748656618936596,0.0,1.0
KXNBA3PT-26APR09BOSNYK-BOSJTATUM0-4,2026-04-09,fg3m,3.5,1.81575,1.68425,0.1075,0.1302228012343094,0.0,1.0
KXNBA3PT-26APR09BOSNYK-BOSJTATUM0-5,2026-04-09,fg3m,4.5,1.81575,2.68425,0.03975,0.05499637892241782,0.0,1.0
KXNBA3PT-26APR09BOSNYK-BOSJTATUM0-6,2026-04-09,fg3m,5.5,1.81575,3.68425,0.01725,0.021363135266346256,0.0,1.0
KXNBA3PT-26APR09BOSNYK-BOSNVUCEVIC4-1,2026-04-09,fg3m,0.5,0.577,-0.07699999999999996,0.41725,0.42663529154076796,1.0,1.0
KXNBA3PT-26APR09BOSNYK-BOSNVUCEVIC4-2,2026-04-09,fg3m,1.5,0.577,0.923,0.1235,0.11905307198904713,1.0,1.0
KXNBA3PT-26APR09BOSNYK-BOSNVUCEVIC4-3,2026-04-09,fg3m,2.5,0.577,1.923,0.03075,0.025743949663006194,0.0,1.0
KXNBA3PT-26APR09BOSNYK-BOSNVUCEVIC4-4,2026-04-09,fg3m,3.5,0.577,2.923,0.00475,0.004687144761545303,0.0,1.0
KXNBA3PT-26APR09BOSNYK-BOSNVUCEVIC4-5,2026-04-09,fg3m,4.5,0.577,3.923,0.0005,0.0007533303503440836,0.0,1.0
KXNBA3PT-26APR09BOSNYK-BOSPPRITCHARD11-1,2026-04-09,fg3m,0.5,1.85125,-1.35125,0.83675,0.8093909639330139,1.0,1.0
KXNBA3PT-26APR09BOSNYK-BOSPPRITCHARD11-2,2026-04-09,fg3m,1.5,1.85125,-0.35125000000000006,0.546,0.5253981485464574,1.0,1.0
KXNBA3PT-26APR09BOSNYK-BOSPPRITCHARD11-3,2026-04-09,fg3m,2.5,1.85125,0.6487499999999999,0.28975,0.28611956425843066,1.0,1.0
KXNBA3PT-26APR09BOSNYK-BOSPPRITCHARD11-4,2026-04-09,fg3m,3.5,1.85125,1.64875,0.1185,0.13614907829694867,0.0,1.0
KXNBA3PT-26APR09BOSNYK-BOSPPRITCHARD11-5,2026-04-09,fg3m,4.5,1.85125,2.6487499999999997,0.041,0.058334531585550686,0.0,1.0
KXNBA3PT-26APR09BOSNYK-NYKJBRUNSON11-1,2026-04-09,fg3m,0.5,1.26825,-0.7682500000000001,0.71725,0.6906496602127833,1.0,1.0
KXNBA3PT-26APR09BOSNYK-NYKJBRUNSON11-2,2026-04-09,fg3m,1.5,1.26825,0.2317499999999999,0.359,0.3542120831577513,1.0,1.0
KXNBA3PT-26APR09BOSNYK-NYKJBRUNSON11-3,2026-04-09,fg3m,2.5,1.26825,1.23175,0.14,0.1472975454057046,0.0,1.0
KXNBA3PT-26APR09BOSNYK-NYKJBRUNSON11-4,2026-04-09,fg3m,3.5,1.26825,2.23175,0.03975,0.05263394798544174,0.0,1.0
KXNBA3PT-26APR09BOSNYK-NYKJBRUNSON11-5,2026-04-09,fg3m,4.5,1.26825,3.23175,0.00975,0.01678073930382462,0.0,1.0
KXNBA3PT-26APR09BOSNYK-NYKJHART3-1,2026-04-09,fg3m,0.5,1.023,-0.5229999999999999,0.63025,0.617114915270023,1.0,1.0
KXNBA3PT-26APR09BOSNYK-NYKJHART3-2,2026-04-09,fg3m,1.5,1.023,0.4770000000000001,0.27225,0.27171195985525587,1.0,1.0
KXNBA3PT-26APR09BOSNYK-NYKJHART3-3,2026-04-09,fg3m,2.5,1.023,1.477,0.09475,0.09550775864534655,1.0,1.0
KXNBA3PT-26APR09BOSNYK-NYKJHART3-4,2026-04-09,fg3m,3.5,1.023,2.4770000000000003,0.02125,0.028640740051137592,1.0,1.0
KXNBA3PT-26APR09BOSNYK-NYKJHART3-5,2026-04-09,fg3m,4.5,1.023,3.4770000000000003,0.004,0.007633902098117429,1.0,1.0
KXNBA3PT-26APR09BOSNYK-NYKKTOWNS32-1,2026-04-09,fg3m,0.5,0.7865873802444665,-0.2865873802444665,0.5381565906838454,0.5269936098548146,1.0,0.75675
KXNBA3PT-26APR09BOSNYK-NYKKTOWNS32-2,2026-04-09,fg3m,1.5,0.7865873802444665,0.7134126197555335,0.18136769078295342,0.1896895562470109,0.0,0.75675
KXNBA3PT-26APR09BOSNYK-NYKKTOWNS32-3,2026-04-09,fg3m,2.5,0.7865873802444665,1.7134126197555335,0.05120581433762801,0.053667692186387006,0.0,0.75675
KXNBA3PT-26APR09BOSNYK-NYKKTOWNS32-4,2026-04-09,fg3m,3.5,0.7865873802444665,2.7134126197555335,0.012553683515031383,0.012863820344103605,0.0,0.75675
KXNBA3PT-26APR09BOSNYK-NYKKTOWNS32-5,2026-04-09,fg3m,4.5,0.7865873802444665,3.7134126197555335,0.002973240832507433,0.0027306101247331904,0.0,0.75675
KXNBA3PT-26APR09BOSNYK-NYKMBRIDGES25-1,2026-04-09,fg3m,0.5,1.11625,-0.61625,0.6675,0.6471847501414567,1.0,1.0
KXNBA3PT-26APR09BOSNYK-NYKMBRIDGES25-2,2026-04-09,fg3m,1.5,1.11625,0.38375000000000004,0.30025,0.303597117520482,1.0,1.0
KXNBA3PT-26APR09BOSNYK-NYKMBRIDGES25-3,2026-04-09,fg3m,2.5,1.11625,1.38375,0.108,0.1143800502698189,0.0,1.0
KXNBA3PT-26APR09BOSNYK-NYKMBRIDGES25-4,2026-04-09,fg3m,3.5,1.11625,2.38375,0.03075,0.03686454510734205,0.0,1.0
KXNBA3PT-26APR09BOSNYK-NYKMBRIDGES25-5,2026-04-09,fg3m,4.5,1.11625,3.38375,0.008,0.010575798442638895,0.0,1.0
KXNBA3PT-26APR09BOSNYK-NYKOANUNOBY8-1,2026-04-09,fg3m,0.5,2.14675,-1.64675,0.876,0.849188670321705,1.0,1.0
KXNBA3PT-26APR09BOSNYK-NYKOANUNOBY8-2,2026-04-09,fg3m,1.5,2.14675,-0.6467499999999999,0.62,0.5964973698043448,1.0,1.0
KXNBA3PT-26APR09BOSNYK-NYKOANUNOBY8-3,2026-04-09,fg3m,2.5,2.14675,0.35325000000000006,0.36925,0.35706700823603876,1.0,1.0
KXNBA3PT-26APR09BOSNYK-NYKOANUNOBY8-4,2026-04-09,fg3m,3.5,2.14675,1.35325,0.18375,0.18830540478909785,0.0,1.0
KXNBA3PT-26APR09BOSNYK-NYKOANUNOBY8-5,2026-04-09,fg3m,4.5,2.14675,2.35325,0.067,0.08983151579694659,0.0,1.0
KXNBAPTS-26APR09MIATOR-MIAAWIGGINS22-10,2026-04-09,pts,9.5,11.465,-1.9649999999999999,0.59825,0.5877584400291378,0.0,1.0
KXNBAPTS-26APR09MIATOR-MIAAWIGGINS22-15,2026-04-09,pts,14.5,11.465,3.035,0.28625,0.26363251760395734,0.0,1.0
KXNBAPTS-26APR09MIATOR-MIAAWIGGINS22-20,2026-04-09,pts,19.5,11.465,8.035,0.094,0.091162136643122,0.0,1.0
KXNBAPTS-26APR09MIATOR-MIAAWIGGINS22-25,2026-04-09,pts,24.5,11.465,13.035,0.0285,0.026232818407512903,0.0,1.0
KXNBAPTS-26APR09MIATOR-MIABADEBAYO13-15,2026-04-09,pts,14.5,14.33725,0.16275000000000084,0.45825,0.43637075567369465,1.0,1.0
KXNBAPTS-26APR09MIATOR-MIABADEBAYO13-20,2026-04-09,pts,19.5,14.33725,5.162750000000001,0.205,0.20671573021762868,1.0,1.0
KXNBAPTS-26APR09MIATOR-MIABADEBAYO13-25,2026-04-09,pts,24.5,14.33725,10.16275,0.07725,0.08310034719456871,0.0,1.0
KXNBAPTS-26APR09MIATOR-MIABADEBAYO13-30,2026-04-09,pts,29.5,14.33725,15.16275,0.0255,0.029531135619226045,0.0,1.0
KXNBAPTS-26APR09MIATOR-MIADMITCHELL45-10,2026-04-09,pts,9.5,9.143,0.3569999999999993,0.42975,0.41552617160700034,1.0,1.0
KXNBAPTS-26APR09MIATOR-MIADMITCHELL45-15,2026-04-09,pts,14.5,9.143,5.356999999999999,0.154,0.13093980309092268,1.0,1.0
KXNBAPTS-26APR09MIATOR-MIADMITCHELL45-20,2026-04-09,pts,19.5,9.143,10.357,0.04125,0.030719877824350816,0.0,1.0
KXNBAPTS-26APR09MIATOR-MIANPOWELL24-15,2026-04-09,pts,14.5,12.176432078559738,2.3235679214402616,0.32078559738134205,0.3071912694426797,0.0,0.76375
KXNBAPTS-26APR09MIATOR-MIANPOWELL24-20,2026-04-09,pts,19.5,12.176432078559738,7.323567921440262,0.11914893617021277,0.11638958075842709,0.0,0.76375
KXNBAPTS-26APR09MIATOR-MIANPOWELL24-25,2026-04-09,pts,24.5,12.176432078559738,12.323567921440262,0.03600654664484452,0.036875811391790414,0.0,0.76375
KXNBAPTS-26APR09MIATOR-MIANPOWELL24-30,2026-04-09,pts,29.5,12.176432078559738,17.32356792144026,0.007855973813420621,0.010247673367570154,0.0,0.76375
KXNBAPTS-26APR09MIATOR-MIATHERRO14-15,2026-04-09,pts,14.5,13.51654287643484,0.9834571235651595,0.40681971640783254,0.388447837560409,1.0,0.7405
KXNBAPTS-26APR09MIATOR-MIATHERRO14-20,2026-04-09,pts,19.5,13.51654287643484,5.9834571235651595,0.16711681296421338,0.17046324700356064,0.0,0.7405
KXNBAPTS-26APR09MIATOR-MIATHERRO14-25,2026-04-09,pts,24.5,13.51654287643484,10.98345712356516,0.059081701553004726,0.06312770836865744,0.0,0.7405
KXNBAPTS-26APR09MIATOR-MIATHERRO14-30,2026-04-09,pts,29.5,13.51654287643484,15.98345712356516,0.015530047265361242,0.02060451533883667,0.0,0.7405
KXNBAPTS-26APR09MIATOR-TORIQUICKLEY5-10,2026-04-09,pts,9.5,9.467,0.032999999999999474,0.45325,0.4419997347815071,1.0,1.0
KXNBAPTS-26APR09MIATOR-TORIQUICKLEY5-15,2026-04-09,pts,14.5,9.467,5.0329999999999995,0.16875,0.1478009954913332,0.0,1.0
KXNBAPTS-26APR09MIATOR-TORIQUICKLEY5-20,2026-04-09,pts,19.5,9.467,10.033,0.04575,0.036977836483816806,0.0,1.0
KXNBAPTS-26APR09MIATOR-TORIQUICKLEY5-25,2026-04-09,pts,24.5,9.467,15.033,0.01125,0.007595334332712422,0.0,1.0
KXNBAPTS-26APR09MIATOR-TORJPOELTL19-10,2026-04-09,pts,9.5,9.5375,-0.037499999999999645,0.468,0.44766950357722257,0.0,1.0
KXNBAPTS-26APR09MIATOR-TORJPOELTL19-15,2026-04-09,pts,14.5,9.5375,4.9625,0.1695,0.15156633338856107,0.0,1.0
KXNBAPTS-26APR09MIATOR-TORJPOELTL19-20,2026-04-09,pts,19.5,9.5375,9.9625,0.03925,0.038434445948056783,0.0,1.0
KXNBAPTS-26APR09MIATOR-TORRBARRETT9-15,2026-04-09,pts,14.5,12.3635,2.1365,0.32425,0.3186553945523153,1.0,1.0
KXNBAPTS-26APR09MIATOR-TORRBARRETT9-20,2026-04-09,pts,19.5,12.3635,7.1365,0.12625,0.12346364038623048,1.0,1.0
KXNBAPTS-26APR09MIATOR-TORRBARRETT9-25,2026-04-09,pts,24.5,12.3635,12.1365,0.03275,0.040052865894862566,0.0,1.0
KXNBAPTS-26APR09MIATOR-TORRBARRETT9-30,2026-04-09,pts,29.5,12.3635,17.136499999999998,0.007,0.011404478040779487,0.0,1.0
KXNBAPTS-26APR09MIATOR-TORSBARNES4-10,2026-04-09,pts,9.5,10.68675,-1.18675,0.549,0.5348566823553602,1.0,1.0
KXNBAPTS-26APR09MIATOR-TORSBARNES4-15,2026-04-09,pts,14.5,10.68675,3.81325,0.22375,0.21677282169456336,0.0,1.0
KXNBAPTS-26APR09MIATOR-TORSBARNES4-20,2026-04-09,pts,19.5,10.68675,8.81325,0.06075,0.0669519426194709,0.0,1.0
KXNBAPTS-26APR09MIATOR-TORSBARNES4-25,2026-04-09,pts,24.5,10.68675,13.81325,0.01425,0.01711739973804638,0.0,1.0
KXNBAREB-26APR09MIATOR-MIAAWIGGINS22-2,2026-04-09,reb,1.5,4.061,-2.561,0.88625,0.8720872926484684,0.0,1.0
KXNBAREB-26APR09MIATOR-MIAAWIGGINS22-4,2026-04-09,reb,3.5,4.061,-0.5609999999999999,0.55225,0.5445882546873259,0.0,1.0
KXNBAREB-26APR09MIATOR-MIAAWIGGINS22-5,2026-04-09,reb,4.5,4.061,0.43900000000000006,0.38975,0.37943396877986946,0.0,1.0
KXNBAREB-26APR09MIATOR-MIAAWIGGINS22-6,2026-04-09,reb,5.5,4.061,1.439,0.23925,0.24586925679474658,0.0,1.0
KXNBAREB-26APR09MIATOR-MIAAWIGGINS22-8,2026-04-09,reb,7.5,4.061,3.439,0.0765,0.08602182324030094,0.0,1.0
KXNBAREB-26APR09MIATOR-MIABADEBAYO13-10,2026-04-09,reb,9.5,6.524,2.976,0.152,0.1730109636083369,1.0,1.0
KXNBAREB-26APR09MIATOR-MIABADEBAYO13-11,2026-04-09,reb,10.5,6.524,3.976,0.0965,0.11691425570943237,1.0,1.0
KXNBAREB-26APR09MIATOR-MIABADEBAYO13-12,2026-04-09,reb,11.5,6.524,4.976,0.055,0.076730398905133,0.0,1.0
KXNBAREB-26APR09MIATOR-MIABADEBAYO13-14,2026-04-09,reb,13.5,6.524,6.976,0.01475,0.03059164617100585,0.0,1.0
KXNBAREB-26APR09MIATOR-MIABADEBAYO13-16,2026-04-09,reb,15.5,6.524,8.975999999999999,0.0035,0.011163873257129198,0.0,1.0
KXNBAREB-26APR09MIATOR-MIANPOWELL24-2,2026-04-09,reb,1.5,3.523731587561375,-2.023731587561375,0.8369885433715221,0.8245910453351537,0.0,0.76375
KXNBAREB-26APR09MIATOR-MIANPOWELL24-3,2026-04-09,reb,2.5,3.523731587561375,-1.0237315875613748,0.6559738134206219,0.6420513073358829,0.0,0.76375
KXNBAREB-26APR09MIATOR-MIANPOWELL24-4,2026-04-09,reb,3.5,3.523731587561375,-0.023731587561374834,0.4585924713584288,0.45144260262057345,0.0,0.76375
KXNBAREB-26APR09MIATOR-MIANPOWELL24-6,2026-04-09,reb,5.5,3.523731587561375,1.9762684124386252,0.16333878887070377,0.17216457978309385,0.0,0.76375
KXNBAREB-26APR09MIATOR-MIANPOWELL24-8,2026-04-09,reb,7.5,3.523731587561375,3.976268412438625,0.041243862520458266,0.05004412185615703,0.0,0.76375
KXNBAREB-26APR09MIATOR-MIATHERRO14-2,2026-04-09,reb,1.5,4.085077650236327,-2.585077650236327,0.900067521944632,0.8738736558930196,1.0,0.7405
KXNBAREB-26APR09MIATOR-MIATHERRO14-4,2026-04-09,reb,3.5,4.085077650236327,-0.5850776502363271,0.5654962862930453,0.5484929155981435,1.0,0.7405
KXNBAREB-26APR09MIATOR-MIATHERRO14-5,2026-04-09,reb,4.5,4.085077650236327,0.4149223497636729,0.3808237677245105,0.3833895764490495,0.0,0.7405
KXNBAREB-26APR09MIATOR-MIATHERRO14-6,2026-04-09,reb,5.5,4.085077650236327,1.414922349763673,0.23024983119513842,0.24930073118379947,0.0,0.7405
KXNBAREB-26APR09MIATOR-MIATHERRO14-8,2026-04-09,reb,7.5,4.085077650236327,3.414922349763673,0.07832545577312626,0.08787554288799604,0.0,0.7405
KXNBAREB-26APR09MIATOR-TORIQUICKLEY5-10,2026-04-09,reb,9.5,3.528,5.9719999999999995,0.00825,0.011951437516245056,0.0,1.0
KXNBAREB-26APR09MIATOR-TORIQUICKLEY5-2,2026-04-09,reb,1.5,3.528,-2.028,0.83675,0.8250327074204793,1.0,1.0
KXNBAREB-26APR09MIATOR-TORIQUICKLEY5-4,2026-04-09,reb,3.5,3.528,-0.028000000000000025,0.46025,0.4522248530681242,0.0,1.0
KXNBAREB-26APR09MIATOR-TORIQUICKLEY5-6,2026-04-09,reb,5.5,3.528,1.972,0.162,0.17272161537004205,0.0,1.0
KXNBAREB-26APR09MIATOR-TORIQUICKLEY5-8,2026-04-09,reb,7.5,3.528,3.972,0.04175,0.0502879497851596,0.0,1.0
KXNBAREB-26APR09MIATOR-TORJPOELTL19-10,2026-04-09,reb,9.5,4.33775,5.16225,0.0285,0.03404630218761928,0.0,1.0
KXNBAREB-26APR09MIATOR-TORJPOELTL19-12,2026-04-09,reb,11.5,4.33775,7.16225,0.0045,0.00920714773750897,0.0,1.0
KXNBAREB-26APR09MIATOR-TORJPOELTL19-4,2026-04-09,reb,3.5,4.33775,-0.8377499999999998,0.61125,0.5879863445461015,0.0,1.0
KXNBAREB-26APR09MIATOR-TORJPOELTL19-6,2026-04-09,reb,5.5,4.33775,1.1622500000000002,0.27975,0.2856808718814411,0.0,1.0
KXNBAREB-26APR09MIATOR-TORJPOELTL19-8,2026-04-09,reb,7.5,4.33775,3.1622500000000002,0.095,0.10848792955115216,0.0,1.0
KXNBAREB-26APR09MIATOR-TORRBARRETT9-10,2026-04-09,reb,9.5,4.34175,5.15825,0.02125,0.03419448157049099,0.0,1.0
KXNBAREB-26APR09MIATOR-TORRBARRETT9-2,2026-04-09,reb,1.5,4.34175,-2.84175,0.917,0.8913734886489922,1.0,1.0
KXNBAREB-26APR09MIATOR-TORRBARRETT9-4,2026-04-09,reb,3.5,4.34175,-0.8417500000000002,0.61325,0.5885895881248574,1.0,1.0
KXNBAREB-26APR09MIATOR-TORRBARRETT9-6,2026-04-09,reb,5.5,4.34175,1.1582499999999998,0.27475,0.2862608448605878,1.0,1.0
KXNBAREB-26APR09MIATOR-TORRBARRETT9-8,2026-04-09,reb,7.5,4.34175,3.15825,0.0885,0.1088306864015196,0.0,1.0
KXNBAREB-26APR09MIATOR-TORSBARNES4-10,2026-04-09,reb,9.5,4.42,5.08,0.02475,0.03717511994265332,0.0,1.0
KXNBAREB-26APR09MIATOR-TORSBARNES4-12,2026-04-09,reb,11.5,4.42,7.08,0.0055,0.010305985017220354,0.0,1.0
KXNBAREB-26APR09MIATOR-TORSBARNES4-4,2026-04-09,reb,3.5,4.42,-0.9199999999999999,0.6265,0.6002519451572432,1.0,1.0
KXNBAREB-26APR09MIATOR-TORSBARNES4-6,2026-04-09,reb,5.5,4.42,1.08,0.2925,0.2976219732148734,0.0,1.0
KXNBAREB-26APR09MIATOR-TORSBARNES4-8,2026-04-09,reb,7.5,4.42,3.08,0.09,0.11563434444110177,0.0,1.0
KXNBAAST-26APR09MIATOR-MIABADEBAYO13-10,2026-04-09,ast,9.5,2.71325,6.78675,0.00125,0.0024440467155143475,0.0,1.0
KXNBAAST-26APR09MIATOR-MIABADEBAYO13-2,2026-04-09,ast,1.5,2.71325,-1.21325,0.7395,0.7182659163491869,1.0,1.0
KXNBAAST-26APR09MIATOR-MIABADEBAYO13-4,2026-04-09,ast,3.5,2.71325,0.7867500000000001,0.2885,0.29454439800366217,1.0,1.0
KXNBAAST-26APR09MIATOR-MIABADEBAYO13-6,2026-04-09,ast,5.5,2.71325,2.78675,0.0675,0.07860962291901297,1.0,1.0
KXNBAAST-26APR09MIATOR-MIABADEBAYO13-8,2026-04-09,ast,7.5,2.71325,4.78675,0.012,0.015482067638281305,1.0,1.0
KXNBAAST-26APR09MIATOR-MIADMITCHELL45-10,2026-04-09,ast,9.5,3.09275,6.4072499999999994,0.002,0.005420805097604342,1.0,1.0
KXNBAAST-26APR09MIATOR-MIADMITCHELL45-2,2026-04-09,ast,1.5,3.09275,-1.59275,0.80325,0.7755147512670703,1.0,1.0
KXNBAAST-26APR09MIATOR-MIADMITCHELL45-4,2026-04-09,ast,3.5,3.09275,0.4072499999999999,0.3655,0.3699115875167269,1.0,1.0
KXNBAAST-26APR09MIATOR-MIADMITCHELL45-6,2026-04-09,ast,5.5,3.09275,2.40725,0.10925,0.11819103394436614,1.0,1.0
KXNBAAST-26APR09MIATOR-MIADMITCHELL45-8,2026-04-09,ast,7.5,3.09275,4.4072499999999994,0.01825,0.028194585019497564,1.0,1.0
KXNBAAST-26APR09MIATOR-MIANPOWELL24-10,2026-04-09,ast,9.5,1.962684124386252,7.537315875613748,0.0,0.00027752976126038664,0.0,0.76375
KXNBAAST-26APR09MIATOR-MIANPOWELL24-2,2026-04-09,ast,1.5,1.962684124386252,-0.46268412438625206,0.5675941080196399,0.5615570485931305,0.0,0.76375
KXNBAAST-26APR09MIATOR-MIANPOWELL24-4,2026-04-09,ast,3.5,1.962684124386252,1.537315875613748,0.1463175122749591,0.15055779772428834,0.0,0.76375
KXNBAAST-26APR09MIATOR-MIANPOWELL24-6,2026-04-09,ast,5.5,1.962684124386252,3.537315875613748,0.022913256955810146,0.024785724021962996,0.0,0.76375
KXNBAAST-26APR09MIATOR-MIANPOWELL24-8,2026-04-09,ast,7.5,1.962684124386252,5.537315875613748,0.0029459901800327334,0.0029446928243228587,0.0,0.76375
KXNBAAST-26APR09MIATOR-MIATHERRO14-2,2026-04-09,ast,1.5,2.924713031735314,-1.424713031735314,0.7829169480081026,0.751737322375474,1.0,0.7405
KXNBAAST-26APR09MIATOR-MIATHERRO14-4,2026-04-09,ast,3.5,2.924713031735314,0.575286968264686,0.3386225523295071,0.3367100430294654,1.0,0.7405
KXNBAAST-26APR09MIATOR-MIATHERRO14-5,2026-04-09,ast,4.5,2.924713031735314,1.575286968264686,0.17893315327481432,0.19141863718069696,0.0,0.7405
KXNBAAST-26APR09MIATOR-MIATHERRO14-6,2026-04-09,ast,5.5,2.924713031735314,2.575286968264686,0.08440243079000675,0.09975000348286345,0.0,0.7405
KXNBAAST-26APR09MIATOR-MIATHERRO14-8,2026-04-09,ast,7.5,2.924713031735314,4.575286968264686,0.011816340310600946,0.02194874168502836,0.0,0.7405
KXNBAAST-26APR09MIATOR-TORIQUICKLEY5-10,2026-04-09,ast,9.5,2.82425,6.67575,0.00125,0.0031362872049016666,0.0,1.0
KXNBAAST-26APR09MIATOR-TORIQUICKLEY5-2,2026-04-09,ast,1.5,2.82425,-1.3242500000000001,0.759,0.7363510600215437,1.0,1.0
KXNBAAST-26APR09MIATOR-TORIQUICKLEY5-4,2026-04-09,ast,3.5,2.82425,0.6757499999999999,0.316,0.31670341762195653,1.0,1.0
KXNBAAST-26APR09MIATOR-TORIQUICKLEY5-6,2026-04-09,ast,5.5,2.82425,2.67575,0.08125,0.08940614878422781,0.0,1.0
KXNBAAST-26APR09MIATOR-TORIQUICKLEY5-8,2026-04-09,ast,7.5,2.82425,4.67575,0.013,0.018688839690685133,0.0,1.0
KXNBAAST-26APR09MIATOR-TORJPOELTL19-2,2026-04-09,ast,1.5,1.7365,-0.23649999999999993,0.5075,0.5011486206783345,0.0,1.0
KXNBAAST-26APR09MIATOR-TORJPOELTL19-3,2026-04-09,ast,2.5,1.7365,0.7635000000000001,0.25625,0.2569201981191782,0.0,1.0
KXNBAAST-26APR09MIATOR-TORJPOELTL19-4,2026-04-09,ast,3.5,1.7365,1.7635,0.10775,0.11257003840456481,0.0,1.0
KXNBAAST-26APR09MIATOR-TORJPOELTL19-6,2026-04-09,ast,5.5,1.7365,3.7635,0.01025,0.015255087736717576,0.0,1.0
KXNBAAST-26APR09MIATOR-TORJPOELTL19-8,2026-04-09,ast,7.5,1.7365,5.7635000000000005,0.002,0.001482291372700728,0.0,1.0
KXNBAAST-26APR09MIATOR-TORRBARRETT9-10,2026-04-09,ast,9.5,2.25825,7.24175,0.0005,0.0007366012258812615,0.0,1.0
KXNBAAST-26APR09MIATOR-TORRBARRETT9-2,2026-04-09,ast,1.5,2.25825,-0.7582499999999999,0.639,0.6309466537200024,1.0,1.0
KXNBAAST-26APR09MIATOR-TORRBARRETT9-4,2026-04-09,ast,3.5,2.25825,1.2417500000000001,0.197,0.20503330387617336,0.0,1.0
KXNBAAST-26APR09MIATOR-TORRBARRETT9-6,2026-04-09,ast,5.5,2.25825,3.24175,0.033,0.04186418611265463,0.0,1.0
KXNBAAST-26APR09MIATOR-TORRBARRETT9-8,2026-04-09,ast,7.5,2.25825,5.24175,0.00325,0.006222368305435655,0.0,1.0
KXNBAAST-26APR09MIATOR-TORSBARNES4-10,2026-04-09,ast,9.5,3.783,5.7170000000000005,0.00875,0.016641483683872305,0.0,1.0
KXNBAAST-26APR09MIATOR-TORSBARNES4-12,2026-04-09,ast,11.5,3.783,7.7170000000000005,0.00175,0.0036426658335820816,0.0,1.0
KXNBAAST-26APR09MIATOR-TORSBARNES4-6,2026-04-09,ast,5.5,3.783,1.717,0.19525,0.2059635566656186,0.0,1.0
KXNBAAST-26APR09MIATOR-TORSBARNES4-7,2026-04-09,ast,6.5,3.783,2.717,0.10175,0.11902446425683744,0.0,1.0
KXNBAAST-26APR09MIATOR-TORSBARNES4-8,2026-04-09,ast,7.5,3.783,3.717,0.048,0.06487398427442548,0.0,1.0
KXNBA3PT-26APR09MIATOR-MIANPOWELL24-1,2026-04-09,fg3m,0.5,1.5685761047463176,-1.0685761047463176,0.7836333878887071,0.7598689051058265,0.0,0.76375
KXNBA3PT-26APR09MIATOR-MIANPOWELL24-2,2026-04-09,fg3m,1.5,1.5685761047463176,-0.06857610474631759,0.4657937806873977,0.44741012245283196,0.0,0.76375
KXNBA3PT-26APR09MIATOR-MIANPOWELL24-3,2026-04-09,fg3m,2.5,1.5685761047463176,0.9314238952536824,0.21112929623567922,0.21749386523524983,0.0,0.76375
KXNBA3PT-26APR09MIATOR-MIANPOWELL24-4,2026-04-09,fg3m,3.5,1.5685761047463176,1.9314238952536824,0.08019639934533551,0.09164418496097304,0.0,0.76375
KXNBA3PT-26APR09MIATOR-MIANPOWELL24-5,2026-04-09,fg3m,4.5,1.5685761047463176,2.9314238952536824,0.024222585924713585,0.03461625901395393,0.0,0.76375
KXNBA3PT-26APR09MIATOR-MIATHERRO14-1,2026-04-09,fg3m,0.5,1.8031735313977042,-1.3031735313977042,0.8298446995273464,0.8018517078336095,1.0,0.7405
KXNBA3PT-26APR09MIATOR-MIATHERRO14-2,2026-04-09,fg3m,1.5,1.8031735313977042,-0.3031735313977042,0.5273463875759622,0.5128279182958024,1.0,0.7405
KXNBA3PT-26APR09MIATOR-MIATHERRO14-3,2026-04-09,fg3m,2.5,1.8031735313977042,0.6968264686022958,0.26907494935854154,0.2744261580378311,1.0,0.7405
KXNBA3PT-26APR09MIATOR-MIATHERRO14-4,2026-04-09,fg3m,3.5,1.8031735313977042,1.6968264686022958,0.11580013504388927,0.12814418299230912,0.0,0.7405
KXNBA3PT-26APR09MIATOR-MIATHERRO14-5,2026-04-09,fg3m,4.5,1.8031735313977042,2.696826468602296,0.04287643484132343,0.05383795804717084,0.0,0.7405
KXNBA3PT-26APR09MIATOR-TORSBARNES4-1,2026-04-09,fg3m,0.5,0.62825,-0.12824999999999998,0.45775,0.45323357698058053,1.0,1.0
KXNBA3PT-26APR09MIATOR-TORSBARNES4-2,2026-04-09,fg3m,1.5,0.62825,0.87175,0.13375,0.13584859386756853,1.0,1.0
KXNBA3PT-26APR09MIATOR-TORSBARNES4-3,2026-04-09,fg3m,2.5,0.62825,1.87175,0.03275,0.03166399555250343,0.0,1.0
KXNBA3PT-26APR09MIATOR-TORSBARNES4-4,2026-04-09,fg3m,3.5,0.62825,2.87175,0.00375,0.006223465259053262,0.0,1.0
KXNBA3PT-26APR09MIATOR-TORSBARNES4-5,2026-04-09,fg3m,4.5,0.62825,3.87175,0.00025,0.0010806393561083594,0.0,1.0
KXNBAAST-26APR09CHIWAS-WASBCARRINGTON7-10,2026-04-09,ast,9.5,3.03575,6.46425,0.002,0.004855895526774456,0.0,1.0
KXNBAAST-26APR09CHIWAS-WASBCARRINGTON7-2,2026-04-09,ast,1.5,3.03575,-1.5357500000000002,0.77775,0.7677139924139347,1.0,1.0
KXNBAAST-26APR09CHIWAS-WASBCARRINGTON7-4,2026-04-09,ast,3.5,3.03575,0.46424999999999983,0.35625,0.35869741256297905,1.0,1.0
KXNBAAST-26APR09CHIWAS-WASBCARRINGTON7-6,2026-04-09,ast,5.5,3.03575,2.46425,0.109,0.1117820984986787,0.0,1.0
KXNBAAST-26APR09CHIWAS-WASBCARRINGTON7-8,2026-04-09,ast,7.5,3.03575,4.46425,0.01875,0.025962358322396573,0.0,1.0
KXNBAPTS-26APR08ATLCLE-ATLCMCCOLLUM3-15,2026-04-08,pts,14.5,11.88075,2.619249999999999,0.29475,0.28905954621903274,0.0,1.0
KXNBAPTS-26APR08ATLCLE-ATLCMCCOLLUM3-20,2026-04-08,pts,19.5,11.88075,7.619249999999999,0.105,0.10557091361176663,0.0,1.0
KXNBAPTS-26APR08ATLCLE-ATLCMCCOLLUM3-25,2026-04-08,pts,24.5,11.88075,12.61925,0.02675,0.0321771276079027,0.0,1.0
KXNBAPTS-26APR08ATLCLE-ATLCMCCOLLUM3-30,2026-04-08,pts,29.5,11.88075,17.61925,0.00525,0.008593055517771564,0.0,1.0
KXNBAPTS-26APR08ATLCLE-ATLDDANIELS5-10,2026-04-08,pts,9.5,9.986,-0.48600000000000065,0.492,0.4829107523021676,1.0,1.0
KXNBAPTS-26APR08ATLCLE-ATLDDANIELS5-15,2026-04-08,pts,14.5,9.986,4.513999999999999,0.18925,0.17623357491843217,0.0,1.0
KXNBAPTS-26APR08ATLCLE-ATLDDANIELS5-20,2026-04-08,pts,19.5,9.986,9.514,0.05025,0.04849846310533468,0.0,1.0
KXNBAPTS-26APR08ATLCLE-ATLJJOHNSON1-15,2026-04-08,pts,14.5,13.195,1.3049999999999997,0.37825,0.36920796539299927,0.0,1.0
KXNBAPTS-26APR08ATLCLE-ATLJJOHNSON1-20,2026-04-08,pts,19.5,13.195,6.305,0.15175,0.1568277717235691,0.0,1.0
KXNBAPTS-26APR08ATLCLE-ATLJJOHNSON1-25,2026-04-08,pts,24.5,13.195,11.305,0.05325,0.056093817707361326,0.0,1.0
KXNBAPTS-26APR08ATLCLE-ATLJJOHNSON1-30,2026-04-08,pts,29.5,13.195,16.305,0.01275,0.01766260496995664,0.0,1.0
KXNBAPTS-26APR08ATLCLE-ATLJKUMINGA0-10,2026-04-08,pts,9.5,7.4355,2.0645,0.29125,0.26871984388534,1.0,1.0
KXNBAPTS-26APR08ATLCLE-ATLJKUMINGA0-15,2026-04-08,pts,14.5,7.4355,7.0645,0.07975,0.05732181356370025,1.0,1.0
KXNBAPTS-26APR08ATLCLE-ATLJKUMINGA0-20,2026-04-08,pts,19.5,7.4355,12.064499999999999,0.0155,0.008870631604902979,1.0,1.0
KXNBAPTS-26APR08ATLCLE-ATLJKUMINGA0-25,2026-04-08,pts,24.5,7.4355,17.0645,0.0025,0.0011120080827423662,0.0,1.0
KXNBAPTS-26APR08ATLCLE-ATLNALEXANDERWALKER7-15,2026-04-08,pts,14.5,14.60425,-0.1042500000000004,0.4735,0.4515237273354671,1.0,1.0
KXNBAPTS-26APR08ATLCLE-ATLNALEXANDERWALKER7-20,2026-04-08,pts,19.5,14.60425,4.89575,0.21825,0.21887022312345605,1.0,1.0
KXNBAPTS-26APR08ATLCLE-ATLNALEXANDERWALKER7-25,2026-04-08,pts,24.5,14.60425,9.89575,0.08,0.09019625649391516,1.0,1.0
KXNBAPTS-26APR08ATLCLE-ATLNALEXANDERWALKER7-30,2026-04-08,pts,29.5,14.60425,14.89575,0.02375,0.03288976988216019,0.0,1.0
KXNBAPTS-26APR08ATLCLE-ATLOOKONGWU17-10,2026-04-08,pts,9.5,9.8585,-0.3584999999999994,0.48775,0.4730428270367678,1.0,1.0
KXNBAPTS-26APR08ATLCLE-ATLOOKONGWU17-15,2026-04-08,pts,14.5,9.8585,4.641500000000001,0.1845,0.16910344392640064,1.0,1.0
KXNBAPTS-26APR08ATLCLE-ATLOOKONGWU17-20,2026-04-08,pts,19.5,9.8585,9.6415,0.05225,0.04549733805056744,0.0,1.0
KXNBAPTS-26APR08ATLCLE-ATLOOKONGWU17-25,2026-04-08,pts,24.5,9.8585,14.6415,0.01225,0.010076354607893245,0.0,1.0
KXNBAPTS-26APR08ATLCLE-CLEEMOBLEY4-10,2026-04-08,pts,9.5,11.62025,-2.1202500000000004,0.6115,0.5976939492563926,1.0,1.0
KXNBAPTS-26APR08ATLCLE-CLEEMOBLEY4-15,2026-04-08,pts,14.5,11.62025,2.8797499999999996,0.2775,0.27311020812431963,1.0,1.0
KXNBAPTS-26APR08ATLCLE-CLEEMOBLEY4-20,2026-04-08,pts,19.5,11.62025,7.87975,0.09075,0.09642870510421853,1.0,1.0
KXNBAPTS-26APR08ATLCLE-CLEEMOBLEY4-25,2026-04-08,pts,24.5,11.62025,12.87975,0.0245,0.028362807473191864,0.0,1.0
KXNBAPTS-26APR08ATLCLE-CLEEMOBLEY4-30,2026-04-08,pts,29.5,11.62025,17.87975,0.0035,0.00730275172571182,0.0,1.0
KXNBAPTS-26APR08ATLCLE-CLEJALLEN31-10,2026-04-08,pts,9.5,10.1135,-0.6135000000000002,0.50325,0.49265417624456165,1.0,1.0
KXNBAPTS-26APR08ATLCLE-CLEJALLEN31-15,2026-04-08,pts,14.5,10.1135,4.3865,0.19575,0.183448220950171,1.0,1.0
KXNBAPTS-26APR08ATLCLE-CLEJALLEN31-20,2026-04-08,pts,19.5,10.1135,9.3865,0.0575,0.05161041223508511,0.0,1.0
KXNBAPTS-26APR08ATLCLE-CLEJALLEN31-25,2026-04-08,pts,24.5,10.1135,14.3865,0.01275,0.01197269650553312,0.0,1.0
KXNBAPTS-26APR08ATLCLE-CLEJHARDEN1-15,2026-04-08,pts,14.5,13.12225,1.3777500000000007,0.37975,0.3648256731102334,1.0,1.0
KXNBAPTS-26APR08ATLCLE-CLEJHARDEN1-20,2026-04-08,pts,19.5,13.12225,6.377750000000001,0.1565,0.15379469501488918,1.0,1.0
KXNBAPTS-26APR08ATLCLE-CLEJHARDEN1-25,2026-04-08,pts,24.5,13.12225,11.37775,0.04875,0.054565995955227264,0.0,1.0
KXNBAPTS-26APR08ATLCLE-CLEJHARDEN1-30,2026-04-08,pts,29.5,13.12225,16.37775,0.01225,0.01703869705017169,0.0,1.0
KXNBAREB-26APR08ATLCLE-ATLDDANIELS5-10,2026-04-08,reb,9.5,5.0005,4.4995,0.04575,0.06421355899303605,0.0,1.0
KXNBAREB-26APR08ATLCLE-ATLDDANIELS5-12,2026-04-08,reb,11.5,5.0005,6.4995,0.0145,0.02085731311456762,0.0,1.0
KXNBAREB-26APR08ATLCLE-ATLDDANIELS5-6,2026-04-08,reb,5.5,5.0005,0.4995000000000003,0.37225,0.38177896847294734,1.0,1.0
KXNBAREB-26APR08ATLCLE-ATLDDANIELS5-7,2026-04-08,reb,6.5,5.0005,1.4995000000000003,0.2495,0.26230163085089764,1.0,1.0
KXNBAREB-26APR08ATLCLE-ATLDDANIELS5-8,2026-04-08,reb,7.5,5.0005,2.4995000000000003,0.1565,0.17134154202878027,0.0,1.0
KXNBAREB-26APR08ATLCLE-ATLJJOHNSON1-10,2026-04-08,reb,9.5,5.981,3.519,0.10075,0.12874488741957635,1.0,1.0
KXNBAREB-26APR08ATLCLE-ATLJJOHNSON1-12,2026-04-08,reb,11.5,5.981,5.519,0.0295,0.05181949456840018,0.0,1.0
KXNBAREB-26APR08ATLCLE-ATLJJOHNSON1-14,2026-04-08,reb,13.5,5.981,7.519,0.00675,0.018692045565011584,0.0,1.0
KXNBAREB-26APR08ATLCLE-ATLJJOHNSON1-6,2026-04-08,reb,5.5,5.981,-0.48099999999999987,0.53975,0.5154822215378623,1.0,1.0
KXNBAREB-26APR08ATLCLE-ATLJJOHNSON1-8,2026-04-08,reb,7.5,5.981,1.5190000000000001,0.271,0.2797021273356328,1.0,1.0
KXNBAREB-26APR08ATLCLE-ATLJKUMINGA0-2,2026-04-08,reb,1.5,3.199,-1.6989999999999998,0.81,0.787426194894193,1.0,1.0
KXNBAREB-26APR08ATLCLE-ATLJKUMINGA0-4,2026-04-08,reb,3.5,3.199,0.30100000000000016,0.39575,0.39029286432225097,1.0,1.0
KXNBAREB-26APR08ATLCLE-ATLJKUMINGA0-5,2026-04-08,reb,4.5,3.199,1.3010000000000002,0.22375,0.23615347335479886,1.0,1.0
KXNBAREB-26APR08ATLCLE-ATLJKUMINGA0-6,2026-04-08,reb,5.5,3.199,2.301,0.1165,0.13164142219793873,1.0,1.0
KXNBAREB-26APR08ATLCLE-ATLJKUMINGA0-8,2026-04-08,reb,7.5,3.199,4.301,0.02325,0.0335078046907219,0.0,1.0
KXNBAREB-26APR08ATLCLE-ATLNALEXANDERWALKER7-10,2026-04-08,reb,9.5,3.6385,5.8614999999999995,0.0065,0.01410035042774127,0.0,1.0
KXNBAREB-26APR08ATLCLE-ATLNALEXANDERWALKER7-2,2026-04-08,reb,1.5,3.6385,-2.1385,0.86575,0.8360778044630869,1.0,1.0
KXNBAREB-26APR08ATLCLE-ATLNALEXANDERWALKER7-4,2026-04-08,reb,3.5,3.6385,-0.13850000000000007,0.48275,0.4722566698219307,1.0,1.0
KXNBAREB-26APR08ATLCLE-ATLNALEXANDERWALKER7-6,2026-04-08,reb,5.5,3.6385,1.8615,0.17225,0.18733086332509297,0.0,1.0
KXNBAREB-26APR08ATLCLE-ATLNALEXANDERWALKER7-8,2026-04-08,reb,7.5,3.6385,3.8615,0.0425,0.05683844379740577,0.0,1.0
KXNBAREB-26APR08ATLCLE-ATLOOKONGWU17-10,2026-04-08,reb,9.5,4.74125,4.75875,0.03875,0.051062420662694175,0.0,1.0
KXNBAREB-26APR08ATLCLE-ATLOOKONGWU17-12,2026-04-08,reb,11.5,4.74125,6.75875,0.01025,0.015505807686270412,0.0,1.0
KXNBAREB-26APR08ATLCLE-ATLOOKONGWU17-4,2026-04-08,reb,3.5,4.74125,-1.24125,0.6795,0.6453704291319959,1.0,1.0
KXNBAREB-26APR08ATLCLE-ATLOOKONGWU17-6,2026-04-08,reb,5.5,4.74125,0.75875,0.335,0.34435098664852104,0.0,1.0
KXNBAREB-26APR08ATLCLE-ATLOOKONGWU17-8,2026-04-08,reb,7.5,4.74125,2.75875,0.127,0.1454072511259672,0.0,1.0
KXNBAREB-26APR08ATLCLE-CLEEMOBLEY4-10,2026-04-08,reb,9.5,5.09375,4.40625,0.04325,0.06936424761111026,1.0,1.0
KXNBAREB-26APR08ATLCLE-CLEEMOBLEY4-12,2026-04-08,reb,11.5,5.09375,6.40625,0.0085,0.023054410010319826,1.0,1.0
KXNBAREB-26APR08ATLCLE-CLEEMOBLEY4-6,2026-04-08,reb,5.5,5.09375,0.40625,0.401,0.395103721459265,1.0,1.0
KXNBAREB-26APR08ATLCLE-CLEEMOBLEY4-8,2026-04-08,reb,7.5,5.09375,2.40625,0.15925,0.1810274329468341,1.0,1.0
KXNBAREB-26APR08ATLCLE-CLEEMOBLEY4-9,2026-04-08,reb,8.5,5.09375,3.40625,0.0845,0.11430286982572258,1.0,1.0
KXNBAREB-26APR08ATLCLE-CLEJALLEN31-10,2026-04-08,reb,9.5,4.64725,4.85275,0.03275,0.04672273463349563,0.0,1.0
KXNBAREB-26APR08ATLCLE-CLEJALLEN31-12,2026-04-08,reb,11.5,4.64725,6.85275,0.00625,0.013827644230358538,0.0,1.0
KXNBAREB-26APR08ATLCLE-CLEJALLEN31-4,2026-04-08,reb,3.5,4.64725,-1.1472499999999997,0.661,0.6326262547241069,1.0,1.0
KXNBAREB-26APR08ATLCLE-CLEJALLEN31-6,2026-04-08,reb,5.5,4.64725,0.8527500000000003,0.3295,0.33068995704889614,1.0,1.0
KXNBAREB-26APR08ATLCLE-CLEJALLEN31-8,2026-04-08,reb,7.5,4.64725,2.8527500000000003,0.119,0.13640511326406768,1.0,1.0
KXNBAREB-26APR08ATLCLE-CLEJHARDEN1-2,2026-04-08,reb,1.5,3.96025,-2.46025,0.8895,0.8643216183761224,1.0,1.0
KXNBAREB-26APR08ATLCLE-CLEJHARDEN1-4,2026-04-08,reb,3.5,3.96025,-0.4602499999999998,0.54625,0.527988107533113,1.0,1.0
KXNBAREB-26APR08ATLCLE-CLEJHARDEN1-5,2026-04-08,reb,4.5,3.96025,0.5397500000000002,0.36575,0.36280297818773455,1.0,1.0
KXNBAREB-26APR08ATLCLE-CLEJHARDEN1-6,2026-04-08,reb,5.5,3.96025,1.5397500000000002,0.2205,0.23160092868524773,0.0,1.0
KXNBAREB-26APR08ATLCLE-CLEJHARDEN1-8,2026-04-08,reb,7.5,3.96025,3.53975,0.062,0.07848228787184475,0.0,1.0
KXNBAAST-26APR08ATLCLE-ATLCMCCOLLUM3-2,2026-04-08,ast,1.5,2.8395,-1.3395000000000001,0.75725,0.7387454913338165,1.0,1.0
KXNBAAST-26APR08ATLCLE-ATLCMCCOLLUM3-4,2026-04-08,ast,3.5,2.8395,0.6604999999999999,0.316,0.3197449666996366,1.0,1.0
KXNBAAST-26APR08ATLCLE-ATLCMCCOLLUM3-5,2026-04-08,ast,4.5,2.8395,1.6604999999999999,0.17075,0.17819289082341494,0.0,1.0
KXNBAAST-26APR08ATLCLE-ATLCMCCOLLUM3-6,2026-04-08,ast,5.5,2.8395,2.6605,0.082,0.09094199475034181,0.0,1.0
KXNBAAST-26APR08ATLCLE-ATLCMCCOLLUM3-8,2026-04-08,ast,7.5,2.8395,4.6605,0.016,0.019161453731946665,0.0,1.0
KXNBAAST-26APR08ATLCLE-ATLJJOHNSON1-10,2026-04-08,ast,9.5,3.73475,5.76525,0.008,0.015554887285183727,0.0,1.0
KXNBAAST-26APR08ATLCLE-ATLJJOHNSON1-12,2026-04-08,ast,11.5,3.73475,7.76525,0.00025,0.0033434509055482176,0.0,1.0
KXNBAAST-26APR08ATLCLE-ATLJJOHNSON1-4,2026-04-08,ast,3.5,3.73475,-0.23475000000000001,0.50925,0.4903963622886778,1.0,1.0
KXNBAAST-26APR08ATLCLE-ATLJJOHNSON1-6,2026-04-08,ast,5.5,3.73475,1.76525,0.18675,0.19933818585892815,1.0,1.0
KXNBAAST-26APR08ATLCLE-ATLJJOHNSON1-8,2026-04-08,ast,7.5,3.73475,3.76525,0.044,0.06172620895606984,0.0,1.0
KXNBAAST-26APR08ATLCLE-ATLNALEXANDERWALKER7-10,2026-04-08,ast,9.5,2.54475,6.9552499999999995,0.00075,0.0016246361229337314,0.0,1.0
KXNBAAST-26APR08ATLCLE-ATLNALEXANDERWALKER7-2,2026-04-08,ast,1.5,2.54475,-1.04475,0.7095,0.6885003406526455,1.0,1.0
KXNBAAST-26APR08ATLCLE-ATLNALEXANDERWALKER7-4,2026-04-08,ast,3.5,2.54475,0.9552499999999999,0.2545,0.26098600437934427,0.0,1.0
KXNBAAST-26APR08ATLCLE-ATLNALEXANDERWALKER7-6,2026-04-08,ast,5.5,2.54475,2.95525,0.05325,0.06355638858656654,0.0,1.0
KXNBAAST-26APR08ATLCLE-ATLNALEXANDERWALKER7-8,2026-04-08,ast,7.5,2.54475,4.9552499999999995,0.006,0.01136350696452515,0.0,1.0
KXNBAAST-26APR08ATLCLE-ATLOOKONGWU17-2,2026-04-08,ast,1.5,2.115,-0.6150000000000002,0.60975,0.5986392950840493,0.0,1.0
KXNBAAST-26APR08ATLCLE-ATLOOKONGWU17-3,2026-04-08,ast,2.5,2.115,0.3849999999999998,0.3485,0.3510613513072375,0.0,1.0
KXNBAAST-26APR08ATLCLE-ATLOOKONGWU17-4,2026-04-08,ast,3.5,2.115,1.3849999999999998,0.1775,0.17807880677408094,0.0,1.0
KXNBAAST-26APR08ATLCLE-ATLOOKONGWU17-6,2026-04-08,ast,5.5,2.115,3.385,0.03075,0.03291573655854674,0.0,1.0
KXNBAAST-26APR08ATLCLE-ATLOOKONGWU17-8,2026-04-08,ast,7.5,2.115,5.385,0.0025,0.00441021011150744,0.0,1.0
KXNBAAST-26APR08ATLCLE-CLEJHARDEN1-10,2026-04-08,ast,9.5,3.78375,5.7162500000000005,0.00575,0.01665877411243122,0.0,1.0
KXNBAAST-26APR08ATLCLE-CLEJHARDEN1-12,2026-04-08,ast,11.5,3.78375,7.7162500000000005,0.0005,0.0036474727387157957,0.0,1.0
KXNBAAST-26APR08ATLCLE-CLEJHARDEN1-6,2026-04-08,ast,5.5,3.78375,1.71625,0.187,0.20606698006702162,0.0,1.0
KXNBAAST-26APR08ATLCLE-CLEJHARDEN1-8,2026-04-08,ast,7.5,3.78375,3.71625,0.04,0.06492359588586294,0.0,1.0
KXNBAAST-26APR08ATLCLE-CLEJHARDEN1-9,2026-04-08,ast,8.5,3.78375,4.7162500000000005,0.01575,0.03363070201889207,0.0,1.0
KXNBA3PT-26APR08ATLCLE-ATLCMCCOLLUM3-1,2026-04-08,fg3m,0.5,1.56,-1.06,0.78475,0.7581536601669085,0.0,1.0
KXNBA3PT-26APR08ATLCLE-ATLCMCCOLLUM3-2,2026-04-08,fg3m,1.5,1.56,-0.06000000000000005,0.4645,0.44489160385515536,0.0,1.0
KXNBA3PT-26APR08ATLCLE-ATLCMCCOLLUM3-3,2026-04-08,fg3m,2.5,1.56,0.94,0.20775,0.21543071106803025,0.0,1.0
KXNBA3PT-26APR08ATLCLE-ATLCMCCOLLUM3-4,2026-04-08,fg3m,3.5,1.56,1.94,0.07425,0.09040047402709295,0.0,1.0
KXNBA3PT-26APR08ATLCLE-ATLCMCCOLLUM3-5,2026-04-08,fg3m,4.5,1.56,2.94,0.0215,0.03400107776913852,0.0,1.0
KXNBA3PT-26APR08ATLCLE-ATLJJOHNSON1-1,2026-04-08,fg3m,0.5,1.24875,-0.74875,0.70625,0.6854274963240901,0.0,1.0
KXNBA3PT-26APR08ATLCLE-ATLJJOHNSON1-2,2026-04-08,fg3m,1.5,1.24875,0.25125,0.34975,0.3478311952632167,0.0,1.0
KXNBA3PT-26APR08ATLCLE-ATLJJOHNSON1-3,2026-04-08,fg3m,2.5,1.24875,1.25125,0.13525,0.1429475891471319,0.0,1.0
KXNBA3PT-26APR08ATLCLE-ATLJJOHNSON1-4,2026-04-08,fg3m,3.5,1.24875,2.2512499999999998,0.046,0.05045174286171461,0.0,1.0
KXNBA3PT-26APR08ATLCLE-ATLJJOHNSON1-5,2026-04-08,fg3m,4.5,1.24875,3.2512499999999998,0.00925,0.015882467495978214,0.0,1.0
KXNBA3PT-26APR08ATLCLE-ATLNALEXANDERWALKER7-2,2026-04-08,fg3m,1.5,2.28175,-0.7817500000000002,0.659,0.6255702304595507,1.0,1.0
KXNBA3PT-26APR08ATLCLE-ATLNALEXANDERWALKER7-3,2026-04-08,fg3m,2.5,2.28175,0.21824999999999983,0.39025,0.3885435169087691,1.0,1.0
KXNBA3PT-26APR08ATLCLE-ATLNALEXANDERWALKER7-4,2026-04-08,fg3m,3.5,2.28175,1.2182499999999998,0.1955,0.2133876677480594,1.0,1.0
KXNBA3PT-26APR08ATLCLE-ATLNALEXANDERWALKER7-5,2026-04-08,fg3m,4.5,2.28175,2.21825,0.08775,0.1062344987834698,0.0,1.0
KXNBA3PT-26APR08ATLCLE-ATLNALEXANDERWALKER7-6,2026-04-08,fg3m,5.5,2.28175,3.21825,0.03525,0.04886127786503125,0.0,1.0
KXNBA3PT-26APR08ATLCLE-CLEJHARDEN1-1,2026-04-08,fg3m,0.5,1.8835,-1.3835,0.83675,0.8142664763206086,1.0,1.0
KXNBA3PT-26APR08ATLCLE-CLEJHARDEN1-2,2026-04-08,fg3m,1.5,1.8835,-0.38349999999999995,0.558,0.5336710733149795,1.0,1.0
KXNBA3PT-26APR08ATLCLE-CLEJHARDEN1-3,2026-04-08,fg3m,2.5,1.8835,0.6165,0.2885,0.29395154495935105,1.0,1.0
KXNBA3PT-26APR08ATLCLE-CLEJHARDEN1-4,2026-04-08,fg3m,3.5,1.8835,1.6165,0.1285,0.1416052950301221,1.0,1.0
KXNBA3PT-26APR08ATLCLE-CLEJHARDEN1-5,2026-04-08,fg3m,4.5,1.8835,2.6165000000000003,0.04925,0.061453519556317615,0.0,1.0
KXNBAPTS-26APR08MEMDEN-DENAGORDON32-10,2026-04-08,pts,9.5,11.43775,-1.9377499999999994,0.588,0.5859932922992427,0.0,1.0
KXNBAPTS-26APR08MEMDEN-DENAGORDON32-15,2026-04-08,pts,14.5,11.43775,3.0622500000000006,0.28725,0.26197191836298117,0.0,1.0
KXNBAPTS-26APR08MEMDEN-DENAGORDON32-20,2026-04-08,pts,19.5,11.43775,8.06225,0.09575,0.09025213530762655,0.0,1.0
KXNBAPTS-26APR08MEMDEN-DENAGORDON32-25,2026-04-08,pts,24.5,11.43775,13.06225,0.02875,0.02586988724902073,0.0,1.0
KXNBAPTS-26APR08MEMDEN-DENCBRAUN0-10,2026-04-08,pts,9.5,10.5595,-1.0594999999999999,0.53175,0.5257206046360458,1.0,1.0
KXNBAPTS-26APR08MEMDEN-DENCBRAUN0-15,2026-04-08,pts,14.5,10.5595,3.9405,0.22025,0.2092652708581897,0.0,1.0
KXNBAPTS-26APR08MEMDEN-DENCBRAUN0-20,2026-04-08,pts,19.5,10.5595,8.9405,0.0695,0.06335819780585561,0.0,1.0
KXNBAPTS-26APR08MEMDEN-DENCJOHNSON23-10,2026-04-08,pts,9.5,10.53175,-1.0317500000000006,0.52625,0.5237104261664087,1.0,1.0
KXNBAPTS-26APR08MEMDEN-DENCJOHNSON23-15,2026-04-08,pts,14.5,10.53175,3.9682499999999994,0.23475,0.20763558685199768,1.0,1.0
KXNBAPTS-26APR08MEMDEN-DENCJOHNSON23-20,2026-04-08,pts,19.5,10.53175,8.96825,0.0795,0.06258859643098691,0.0,1.0
KXNBAPTS-26APR08MEMDEN-DENCJOHNSON23-25,2026-04-08,pts,24.5,10.53175,13.96825,0.022,0.01560085480377249,0.0,1.0
KXNBAPTS-26APR08MEMDEN-DENJMURRAY27-15,2026-04-08,pts,14.5,15.6545,-1.1545000000000005,0.54125,0.5086631576491435,1.0,1.0
KXNBAPTS-26APR08MEMDEN-DENJMURRAY27-20,2026-04-08,pts,19.5,15.6545,3.8454999999999995,0.27175,0.2677888007803776,1.0,1.0
KXNBAPTS-26APR08MEMDEN-DENJMURRAY27-25,2026-04-08,pts,24.5,15.6545,8.8455,0.10125,0.12070227101385389,1.0,1.0
KXNBAPTS-26APR08MEMDEN-DENJMURRAY27-30,2026-04-08,pts,29.5,15.6545,13.8455,0.03175,0.0483252945406879,0.0,1.0
KXNBAPTS-26APR08MEMDEN-DENJMURRAY27-35,2026-04-08,pts,34.5,15.6545,18.8455,0.00775,0.017649121636004517,0.0,1.0
KXNBAPTS-26APR08MEMDEN-DENNJOKIC15-20,2026-04-08,pts,19.5,16.78675,2.7132499999999986,0.31575,0.321385702668765,0.0,1.0
KXNBAPTS-26APR08MEMDEN-DENNJOKIC15-25,2026-04-08,pts,24.5,16.78675,7.713249999999999,0.13475,0.15759052032456544,0.0,1.0
KXNBAPTS-26APR08MEMDEN-DENNJOKIC15-30,2026-04-08,pts,29.5,16.78675,12.713249999999999,0.04025,0.0689235117346505,0.0,1.0
KXNBAPTS-26APR08MEMDEN-DENNJOKIC15-35,2026-04-08,pts,34.5,16.78675,17.71325,0.01025,0.027564945605377478,0.0,1.0
KXNBAPTS-26APR08MEMDEN-MEMCCOWARD23-10,2026-04-08,pts,9.5,8.124371438149513,1.3756285618504869,0.35065370432450554,0.3287877620731463,1.0,0.74575
KXNBAPTS-26APR08MEMDEN-MEMCCOWARD23-15,2026-04-08,pts,14.5,8.124371438149513,6.375628561850487,0.10124036205162588,0.08355951982249221,1.0,0.74575
KXNBAPTS-26APR08MEMDEN-MEMCCOWARD23-20,2026-04-08,pts,19.5,8.124371438149513,11.375628561850487,0.019778746228628897,0.015567844502807127,1.0,0.74575
KXNBAPTS-26APR08MEMDEN-MEMCCOWARD23-25,2026-04-08,pts,24.5,8.124371438149513,16.375628561850487,0.0036875628561850488,0.002360101864360753,1.0,0.74575
KXNBAREB-26APR08MEMDEN-DENAGORDON32-10,2026-04-08,reb,9.5,4.067,5.433,0.016,0.02494676429549969,0.0,1.0
KXNBAREB-26APR08MEMDEN-DENAGORDON32-2,2026-04-08,reb,1.5,4.067,-2.567,0.8945,0.8725348977357914,1.0,1.0
KXNBAREB-26APR08MEMDEN-DENAGORDON32-4,2026-04-08,reb,3.5,4.067,-0.5670000000000002,0.56,0.545563543010712,0.0,1.0
KXNBAREB-26APR08MEMDEN-DENAGORDON32-6,2026-04-08,reb,5.5,4.067,1.4329999999999998,0.24225,0.24672363959955823,0.0,1.0
KXNBAREB-26APR08MEMDEN-DENAGORDON32-8,2026-04-08,reb,7.5,4.067,3.433,0.071,0.08648190541258938,0.0,1.0
KXNBAREB-26APR08MEMDEN-DENCJOHNSON23-10,2026-04-08,reb,9.5,3.57,5.93,0.00825,0.012739021337799916,0.0,1.0
KXNBAREB-26APR08MEMDEN-DENCJOHNSON23-2,2026-04-08,reb,1.5,3.57,-2.07,0.84575,0.8293182064266852,1.0,1.0
KXNBAREB-26APR08MEMDEN-DENCJOHNSON23-4,2026-04-08,reb,3.5,3.57,-0.06999999999999984,0.472,0.4598889342086292,0.0,1.0
KXNBAREB-26APR08MEMDEN-DENCJOHNSON23-6,2026-04-08,reb,5.5,3.57,1.9300000000000002,0.1685,0.17823237226563715,0.0,1.0
KXNBAREB-26APR08MEMDEN-DENCJOHNSON23-8,2026-04-08,reb,7.5,3.57,3.93,0.042,0.0527237229537163,0.0,1.0
KXNBAREB-26APR08MEMDEN-DENNJOKIC15-10,2026-04-08,reb,9.5,7.32775,2.17225,0.21175,0.24606855662331817,1.0,1.0
KXNBAREB-26APR08MEMDEN-DENNJOKIC15-12,2026-04-08,reb,11.5,7.32775,4.17225,0.07975,0.12328799079649222,1.0,1.0
KXNBAREB-26APR08MEMDEN-DENNJOKIC15-13,2026-04-08,reb,12.5,7.32775,5.17225,0.04475,0.0839064060199155,1.0,1.0
KXNBAREB-26APR08MEMDEN-DENNJOKIC15-14,2026-04-08,reb,13.5,7.32775,6.17225,0.02425,0.05579218823372467,1.0,1.0
KXNBAREB-26APR08MEMDEN-DENNJOKIC15-16,2026-04-08,reb,15.5,7.32775,8.17225,0.00625,0.023180427845147955,1.0,1.0
KXNBAAST-26APR08MEMDEN-DENAGORDON32-2,2026-04-08,ast,1.5,2.29525,-0.7952499999999998,0.64825,0.6388983022148282,1.0,1.0
KXNBAAST-26APR08MEMDEN-DENAGORDON32-3,2026-04-08,ast,2.5,2.29525,0.2047500000000002,0.39375,0.3947197063248217,1.0,1.0
KXNBAAST-26APR08MEMDEN-DENAGORDON32-4,2026-04-08,ast,3.5,2.29525,1.2047500000000002,0.2115,0.21213004471132624,1.0,1.0
KXNBAAST-26APR08MEMDEN-DENAGORDON32-6,2026-04-08,ast,5.5,2.29525,3.20475,0.04325,0.04438212110495943,1.0,1.0
KXNBAAST-26APR08MEMDEN-DENAGORDON32-8,2026-04-08,ast,7.5,2.29525,5.204750000000001,0.00425,0.006766820324640821,0.0,1.0
KXNBAAST-26APR08MEMDEN-DENJMURRAY27-10,2026-04-08,ast,9.5,3.911,5.589,0.0085,0.019773866217713154,0.0,1.0
KXNBAAST-26APR08MEMDEN-DENJMURRAY27-12,2026-04-08,ast,11.5,3.911,7.589,0.00075,0.004535644527176141,0.0,1.0
KXNBAAST-26APR08MEMDEN-DENJMURRAY27-6,2026-04-08,ast,5.5,3.911,1.589,0.20825,0.22379290145334452,0.0,1.0
KXNBAAST-26APR08MEMDEN-DENJMURRAY27-7,2026-04-08,ast,6.5,3.911,2.589,0.10625,0.13214213596578872,0.0,1.0
KXNBAAST-26APR08MEMDEN-DENJMURRAY27-8,2026-04-08,ast,7.5,3.911,3.589,0.052,0.07364061454513016,0.0,1.0
KXNBAAST-26APR08MEMDEN-DENNJOKIC15-10,2026-04-08,ast,9.5,5.8015,3.6985,0.08225,0.11353958460072489,1.0,1.0
KXNBAAST-26APR08MEMDEN-DENNJOKIC15-11,2026-04-08,ast,10.5,5.8015,4.6985,0.0395,0.07132003068085535,0.0,1.0
KXNBAAST-26APR08MEMDEN-DENNJOKIC15-12,2026-04-08,ast,11.5,5.8015,5.6985,0.02075,0.04340566749346786,0.0,1.0
KXNBAAST-26APR08MEMDEN-DENNJOKIC15-14,2026-04-08,ast,13.5,5.8015,7.6985,0.00175,0.014795163357757546,0.0,1.0
KXNBAAST-26APR08MEMDEN-DENNJOKIC15-16,2026-04-08,ast,15.5,5.8015,9.6985,0.00025,0.004587553206932271,0.0,1.0
KXNBA3PT-26APR08MEMDEN-DENAGORDON32-1,2026-04-08,fg3m,0.5,1.3215,-0.8214999999999999,0.7205,0.7044177872506412,0.0,1.0
KXNBA3PT-26APR08MEMDEN-DENAGORDON32-2,2026-04-08,fg3m,1.5,1.3215,0.1785000000000001,0.37875,0.3714483897966989,0.0,1.0
KXNBA3PT-26APR08MEMDEN-DENAGORDON32-3,2026-04-08,fg3m,2.5,1.3215,1.1785,0.1525,0.15933750591188445,0.0,1.0
KXNBA3PT-26APR08MEMDEN-DENAGORDON32-4,2026-04-08,fg3m,3.5,1.3215,2.1785,0.054,0.058823385130793215,0.0,1.0
KXNBA3PT-26APR08MEMDEN-DENAGORDON32-5,2026-04-08,fg3m,4.5,1.3215,3.1785,0.0125,0.019391800760696132,0.0,1.0
KXNBA3PT-26APR08MEMDEN-DENJMURRAY27-2,2026-04-08,fg3m,1.5,2.28875,-0.7887499999999998,0.67075,0.6270218289965301,1.0,1.0
KXNBA3PT-26APR08MEMDEN-DENJMURRAY27-3,2026-04-08,fg3m,2.5,2.28875,0.21125000000000016,0.39525,0.390154448640716,1.0,1.0
KXNBA3PT-26APR08MEMDEN-DENJMURRAY27-4,2026-04-08,fg3m,3.5,2.28875,1.2112500000000002,0.19625,0.2147032210662142,1.0,1.0
KXNBA3PT-26APR08MEMDEN-DENJMURRAY27-5,2026-04-08,fg3m,4.5,2.28875,2.21125,0.0865,0.10711602470519677,1.0,1.0
KXNBA3PT-26APR08MEMDEN-DENJMURRAY27-6,2026-04-08,fg3m,5.5,2.28875,3.21125,0.02825,0.04937445221379211,0.0,1.0
KXNBA3PT-26APR08MEMDEN-DENNJOKIC15-1,2026-04-08,fg3m,0.5,1.02775,-0.5277499999999999,0.6295,0.6187149002668548,0.0,1.0
KXNBA3PT-26APR08MEMDEN-DENNJOKIC15-2,2026-04-08,fg3m,1.5,1.02775,0.47225000000000006,0.279,0.2733477338133714,0.0,1.0
KXNBA3PT-26APR08MEMDEN-DENNJOKIC15-3,2026-04-08,fg3m,2.5,1.02775,1.47225,0.08925,0.09644079384309301,0.0,1.0
KXNBA3PT-26APR08MEMDEN-DENNJOKIC15-4,2026-04-08,fg3m,3.5,1.02775,2.47225,0.02275,0.029032368173927403,0.0,1.0
KXNBA3PT-26APR08MEMDEN-DENNJOKIC15-5,2026-04-08,fg3m,4.5,1.02775,3.47225,0.006,0.007768781438078021,0.0,1.0
KXNBAPTS-26APR08MILDET-DETATHOMPSON9-10,2026-04-08,pts,9.5,7.894,1.6059999999999999,0.3285,0.30871868164120553,1.0,1.0
KXNBAPTS-26APR08MILDET-DETATHOMPSON9-15,2026-04-08,pts,14.5,7.894,6.606,0.08825,0.0742185709442601,0.0,1.0
KXNBAPTS-26APR08MILDET-DETATHOMPSON9-20,2026-04-08,pts,19.5,7.894,11.606,0.0125,0.013034524500356803,0.0,1.0
KXNBAPTS-26APR08MILDET-DETATHOMPSON9-25,2026-04-08,pts,24.5,7.894,16.606,0.0015,0.0018599105618942735,0.0,1.0
KXNBAPTS-26APR08MILDET-DETDROBINSON55-10,2026-04-08,pts,9.5,8.9315,0.5685000000000002,0.41725,0.397904894738099,1.0,1.0
KXNBAPTS-26APR08MILDET-DETDROBINSON55-15,2026-04-08,pts,14.5,8.9315,5.5685,0.14525,0.12035844560713582,1.0,1.0
KXNBAPTS-26APR08MILDET-DETDROBINSON55-20,2026-04-08,pts,19.5,8.9315,10.5685,0.04025,0.02701801438700424,1.0,1.0
KXNBAPTS-26APR08MILDET-DETDROBINSON55-25,2026-04-08,pts,24.5,8.9315,15.5685,0.0065,0.004961554887019881,0.0,1.0
KXNBAPTS-26APR08MILDET-DETTHARRIS12-10,2026-04-08,pts,9.5,8.510314507947244,0.9896854920527556,0.388231315522489,0.36214328563997833,1.0,0.73925
KXNBAPTS-26APR08MILDET-DETTHARRIS12-15,2026-04-08,pts,14.5,8.510314507947244,5.989685492052756,0.1376394994927291,0.100403614617259,0.0,0.73925
KXNBAPTS-26APR08MILDET-DETTHARRIS12-20,2026-04-08,pts,19.5,8.510314507947244,10.989685492052756,0.032127155901251266,0.02052663916257036,0.0,0.73925
KXNBAPTS-26APR08MILDET-DETTHARRIS12-25,2026-04-08,pts,24.5,8.510314507947244,15.989685492052756,0.00608725059181603,0.003423421866895815,0.0,0.73925
KXNBAREB-26APR08MILDET-DETATHOMPSON9-10,2026-04-08,reb,9.5,4.03925,5.46075,0.01475,0.02411581768720439,0.0,1.0
KXNBAREB-26APR08MILDET-DETATHOMPSON9-2,2026-04-08,reb,1.5,4.03925,-2.53925,0.89125,0.8704509383705081,1.0,1.0
KXNBAREB-26APR08MILDET-DETATHOMPSON9-4,2026-04-08,reb,3.5,4.03925,-0.53925,0.55575,0.5410402305369508,1.0,1.0
KXNBAREB-26APR08MILDET-DETATHOMPSON9-6,2026-04-08,reb,5.5,4.03925,1.46075,0.2425,0.24277626163568655,0.0,1.0
KXNBAREB-26APR08MILDET-DETATHOMPSON9-8,2026-04-08,reb,7.5,4.03925,3.46075,0.0615,0.08436438512189726,0.0,1.0
KXNBAREB-26APR08MILDET-DETTHARRIS12-10,2026-04-08,reb,9.5,3.5691579303347987,5.930842069665202,0.015218126479540075,0.012722883033765786,0.0,0.73925
KXNBAREB-26APR08MILDET-DETTHARRIS12-2,2026-04-08,reb,1.5,3.5691579303347987,-2.0691579303347987,0.8204261075414271,0.8292333518835342,1.0,0.73925
KXNBAREB-26APR08MILDET-DETTHARRIS12-4,2026-04-08,reb,3.5,3.5691579303347987,-0.06915793033479867,0.45316198850186,0.45973587044746334,1.0,0.73925
KXNBAREB-26APR08MILDET-DETTHARRIS12-6,2026-04-08,reb,5.5,3.5691579303347987,1.9308420696652013,0.18599932363882313,0.17812136511149146,0.0,0.73925
KXNBAREB-26APR08MILDET-DETTHARRIS12-8,2026-04-08,reb,7.5,3.5691579303347987,3.9308420696652013,0.05749070003381806,0.05267423575948249,0.0,0.73925
KXNBAAST-26APR08MILDET-DETATHOMPSON9-10,2026-04-08,ast,9.5,2.27125,7.22875,0.0,0.0007658066432925104,0.0,1.0
KXNBAAST-26APR08MILDET-DETATHOMPSON9-2,2026-04-08,ast,1.5,2.27125,-0.7712500000000002,0.64525,0.6337585748860364,1.0,1.0
KXNBAAST-26APR08MILDET-DETATHOMPSON9-4,2026-04-08,ast,3.5,2.27125,1.2287499999999998,0.20275,0.2075211801954091,1.0,1.0
KXNBAAST-26APR08MILDET-DETATHOMPSON9-6,2026-04-08,ast,5.5,2.27125,3.22875,0.038,0.04273920100311823,0.0,1.0
KXNBAAST-26APR08MILDET-DETATHOMPSON9-8,2026-04-08,ast,7.5,2.27125,5.22875,0.00475,0.006409914756877466,0.0,1.0
KXNBAAST-26APR08MILDET-DETTHARRIS12-10,2026-04-08,ast,9.5,1.9945891105850524,7.505410889414947,0.00033818058843422386,0.0003112506157330053,0.0,0.73925
KXNBAAST-26APR08MILDET-DETTHARRIS12-2,2026-04-08,ast,1.5,1.9945891105850524,-0.4945891105850524,0.5590125126817721,0.5695618928651364,1.0,0.73925
KXNBAAST-26APR08MILDET-DETTHARRIS12-4,2026-04-08,ast,3.5,1.9945891105850524,1.5054108894149476,0.1657084883327697,0.15620930767365193,0.0,0.73925
KXNBAAST-26APR08MILDET-DETTHARRIS12-6,2026-04-08,ast,5.5,1.9945891105850524,3.5054108894149474,0.029083530605343254,0.02637193412563177,0.0,0.73925
KXNBAAST-26APR08MILDET-DETTHARRIS12-8,2026-04-08,ast,7.5,1.9945891105850524,5.505410889414947,0.0033818058843422386,0.0032160162357408595,0.0,0.73925
KXNBA3PT-26APR08MILDET-DETDROBINSON55-1,2026-04-08,fg3m,0.5,1.8645,-1.3645,0.836,0.8114113903148519,1.0,1.0
KXNBA3PT-26APR08MILDET-DETDROBINSON55-2,2026-04-08,fg3m,1.5,1.8645,-0.36450000000000005,0.549,0.5288125524146088,1.0,1.0
KXNBA3PT-26APR08MILDET-DETDROBINSON55-3,2026-04-08,fg3m,2.5,1.8645,0.6355,0.28775,0.28933881418014784,1.0,1.0
KXNBA3PT-26APR08MILDET-DETDROBINSON55-4,2026-04-08,fg3m,3.5,1.8645,1.6355,0.12475,0.1383826309302052,1.0,1.0
KXNBA3PT-26APR08MILDET-DETDROBINSON55-5,2026-04-08,fg3m,4.5,1.8645,2.6355,0.0465,0.0596060831976889,0.0,1.0
KXNBA3PT-26APR08MILDET-DETTHARRIS12-1,2026-04-08,fg3m,0.5,0.7683462969225566,-0.2683462969225566,0.521136286777139,0.5190978144390501,1.0,0.73925
KXNBA3PT-26APR08MILDET-DETTHARRIS12-2,2026-04-08,fg3m,1.5,0.7683462969225566,0.7316537030774434,0.18566114305038892,0.18338865727643405,1.0,0.73925
KXNBA3PT-26APR08MILDET-DETTHARRIS12-3,2026-04-08,fg3m,2.5,0.7683462969225566,1.7316537030774435,0.048359824146094015,0.050862308224054686,0.0,0.73925
KXNBA3PT-26APR08MILDET-DETTHARRIS12-4,2026-04-08,fg3m,3.5,0.7683462969225566,2.7316537030774435,0.011159959418329387,0.011944643626918272,0.0,0.73925
KXNBA3PT-26APR08MILDET-DETTHARRIS12-5,2026-04-08,fg3m,4.5,0.7683462969225566,3.7316537030774435,0.002029083530605343,0.0024834848067493143,0.0,0.73925
KXNBAPTS-26APR08OKCLAC-LACBLOPEZ11-10,2026-04-08,pts,9.5,7.6275,1.8724999999999996,0.30475,0.28545424854185975,1.0,1.0
KXNBAPTS-26APR08OKCLAC-LACBLOPEZ11-15,2026-04-08,pts,14.5,7.6275,6.8725,0.091,0.06411618553507759,1.0,1.0
KXNBAPTS-26APR08OKCLAC-LACBLOPEZ11-20,2026-04-08,pts,19.5,7.6275,11.872499999999999,0.01725,0.010477947437179225,0.0,1.0
KXNBAPTS-26APR08OKCLAC-LACBLOPEZ11-25,2026-04-08,pts,24.5,7.6275,16.8725,0.003,0.001388815357389328,0.0,1.0
KXNBAPTS-26APR08OKCLAC-LACDJONES5-10,2026-04-08,pts,9.5,6.61725,2.8827499999999997,0.22625,0.19881687289666417,1.0,1.0
KXNBAPTS-26APR08OKCLAC-LACDJONES5-15,2026-04-08,pts,14.5,6.61725,7.88275,0.049,0.03308342454408819,0.0,1.0
KXNBAPTS-26APR08OKCLAC-LACDJONES5-20,2026-04-08,pts,19.5,6.61725,12.88275,0.006,0.003944808645731213,0.0,1.0
KXNBAPTS-26APR08OKCLAC-LACJCOLLINS20-10,2026-04-08,pts,9.5,8.78175,0.7182499999999994,0.39875,0.38528401715026295,1.0,1.0
KXNBAPTS-26APR08OKCLAC-LACJCOLLINS20-15,2026-04-08,pts,14.5,8.78175,5.718249999999999,0.12375,0.11308670453827419,0.0,1.0
KXNBAPTS-26APR08OKCLAC-LACJCOLLINS20-20,2026-04-08,pts,19.5,8.78175,10.71825,0.02925,0.02457726048902542,0.0,1.0
KXNBAPTS-26APR08OKCLAC-LACJCOLLINS20-25,2026-04-08,pts,24.5,8.78175,15.71825,0.006,0.004365264356475884,0.0,1.0
KXNBAPTS-26APR08OKCLAC-LACKLEONARD2-20,2026-04-08,pts,19.5,13.551,5.949,0.17325,0.17194552393651197,1.0,1.0
KXNBAPTS-26APR08OKCLAC-LACKLEONARD2-25,2026-04-08,pts,24.5,13.551,10.949,0.05925,0.06390844487365932,0.0,1.0
KXNBAPTS-26APR08OKCLAC-LACKLEONARD2-30,2026-04-08,pts,29.5,13.551,15.949,0.0155,0.020937892522683632,0.0,1.0
KXNBAPTS-26APR08OKCLAC-LACKLEONARD2-35,2026-04-08,pts,34.5,13.551,20.948999999999998,0.003,0.00622946464062335,0.0,1.0
KXNBAPTS-26APR08OKCLAC-OKCCHOLMGREN7-10,2026-04-08,pts,9.5,10.256,-0.7560000000000002,0.5155,0.5033931483905727,1.0,1.0
KXNBAPTS-26APR08OKCLAC-OKCCHOLMGREN7-15,2026-04-08,pts,14.5,10.256,4.244,0.20125,0.19160437705183864,1.0,1.0
KXNBAPTS-26APR08OKCLAC-OKCCHOLMGREN7-20,2026-04-08,pts,19.5,10.256,9.244,0.06,0.055218910865460824,1.0,1.0
KXNBAPTS-26APR08OKCLAC-OKCCHOLMGREN7-25,2026-04-08,pts,24.5,10.256,14.244,0.01625,0.013134673078633807,1.0,1.0
KXNBAPTS-26APR08OKCLAC-OKCIHARTENSTEIN55-10,2026-04-08,pts,9.5,6.43675,3.06325,0.22175,0.1839694507437788,1.0,1.0
KXNBAPTS-26APR08OKCLAC-OKCIHARTENSTEIN55-15,2026-04-08,pts,14.5,6.43675,8.06325,0.047,0.028775937470970403,0.0,1.0
KXNBAPTS-26APR08OKCLAC-OKCIHARTENSTEIN55-20,2026-04-08,pts,19.5,6.43675,13.06325,0.0075,0.0032166029161779797,0.0,1.0
KXNBAPTS-26APR08OKCLAC-OKCJWILLIAMS8-10,2026-04-08,pts,9.5,10.6125,-1.1125000000000007,0.5415,0.5295421582766432,1.0,1.0
KXNBAPTS-26APR08OKCLAC-OKCJWILLIAMS8-15,2026-04-08,pts,14.5,10.6125,3.8874999999999993,0.226,0.2123854492308076,1.0,1.0
KXNBAPTS-26APR08OKCLAC-OKCJWILLIAMS8-20,2026-04-08,pts,19.5,10.6125,8.8875,0.06275,0.06484213243641235,0.0,1.0
KXNBAPTS-26APR08OKCLAC-OKCJWILLIAMS8-25,2026-04-08,pts,24.5,10.6125,13.8875,0.0115,0.01637899813908028,0.0,1.0
KXNBAPTS-26APR08OKCLAC-OKCLDORT5-10,2026-04-08,pts,9.5,7.5495,1.9505,0.3055,0.27865010529276124,0.0,1.0
KXNBAPTS-26APR08OKCLAC-OKCLDORT5-15,2026-04-08,pts,14.5,7.5495,6.9505,0.0895,0.06130638455000581,0.0,1.0
KXNBAPTS-26APR08OKCLAC-OKCLDORT5-20,2026-04-08,pts,19.5,7.5495,11.9505,0.019,0.009802035959397215,0.0,1.0
KXNBAPTS-26APR08OKCLAC-OKCSGILGEOUSALEXANDER2-20,2026-04-08,pts,19.5,16.794,2.7059999999999995,0.3265,0.3217287450724231,1.0,1.0
KXNBAPTS-26APR08OKCLAC-OKCSGILGEOUSALEXANDER2-25,2026-04-08,pts,24.5,16.794,7.7059999999999995,0.13325,0.1578380485542782,0.0,1.0
KXNBAPTS-26APR08OKCLAC-OKCSGILGEOUSALEXANDER2-30,2026-04-08,pts,29.5,16.794,12.706,0.04375,0.0690683079959381,0.0,1.0
KXNBAPTS-26APR08OKCLAC-OKCSGILGEOUSALEXANDER2-35,2026-04-08,pts,34.5,16.794,17.706,0.01125,0.02763790998154092,0.0,1.0
KXNBAPTS-26APR08OKCLAC-OKCSGILGEOUSALEXANDER2-40,2026-04-08,pts,39.5,16.794,22.706,0.0015,0.010299053082210685,0.0,1.0
KXNBAREB-26APR08OKCLAC-LACBLOPEZ11-2,2026-04-08,reb,1.5,4.19825,-2.69825,0.9005,0.881927805762019,1.0,1.0
KXNBAREB-26APR08OKCLAC-LACBLOPEZ11-4,2026-04-08,reb,3.5,4.19825,-0.6982499999999998,0.587,0.5665185591074615,1.0,1.0
KXNBAREB-26APR08OKCLAC-LACBLOPEZ11-5,2026-04-08,reb,4.5,4.19825,0.3017500000000002,0.41625,0.40186817220437365,1.0,1.0
KXNBAREB-26APR08OKCLAC-LACBLOPEZ11-6,2026-04-08,reb,5.5,4.19825,1.3017500000000002,0.2585,0.265522486447324,1.0,1.0
KXNBAREB-26APR08OKCLAC-LACBLOPEZ11-8,2026-04-08,reb,7.5,4.19825,3.30175,0.0775,0.09685030343673018,0.0,1.0
KXNBAREB-26APR08OKCLAC-LACJCOLLINS20-10,2026-04-08,reb,9.5,4.24775,5.25225,0.02075,0.030819109415692103,0.0,1.0
KXNBAREB-26APR08OKCLAC-LACJCOLLINS20-2,2026-04-08,reb,1.5,4.24775,-2.74775,0.9065,0.8852797408293206,1.0,1.0
KXNBAREB-26APR08OKCLAC-LACJCOLLINS20-4,2026-04-08,reb,3.5,4.24775,-0.7477499999999999,0.5975,0.5742315917796799,1.0,1.0
KXNBAREB-26APR08OKCLAC-LACJCOLLINS20-6,2026-04-08,reb,5.5,4.24775,1.25225,0.264,0.2726583411347805,1.0,1.0
KXNBAREB-26APR08OKCLAC-LACJCOLLINS20-8,2026-04-08,reb,7.5,4.24775,3.25225,0.0815,0.10090856508747414,1.0,1.0
KXNBAREB-26APR08OKCLAC-LACKLEONARD2-10,2026-04-08,reb,9.5,4.39,5.11,0.0215,0.03601393174765499,0.0,1.0
KXNBAREB-26APR08OKCLAC-LACKLEONARD2-12,2026-04-08,reb,11.5,4.39,7.11,0.0055,0.009894815004291013,0.0,1.0
KXNBAREB-26APR08OKCLAC-LACKLEONARD2-6,2026-04-08,reb,5.5,4.39,1.1100000000000003,0.29275,0.2932631411009383,1.0,1.0
KXNBAREB-26APR08OKCLAC-LACKLEONARD2-7,2026-04-08,reb,6.5,4.39,2.1100000000000003,0.175,0.18699881110364247,1.0,1.0
KXNBAREB-26APR08OKCLAC-LACKLEONARD2-8,2026-04-08,reb,7.5,4.39,3.1100000000000003,0.0935,0.11300393628950267,1.0,1.0
KXNBAREB-26APR08OKCLAC-OKCCHOLMGREN7-10,2026-04-08,reb,9.5,4.70875,4.79125,0.034,0.049536111223519086,1.0,1.0
KXNBAREB-26APR08OKCLAC-OKCCHOLMGREN7-12,2026-04-08,reb,11.5,4.70875,6.79125,0.0075,0.01491034838337757,1.0,1.0
KXNBAREB-26APR08OKCLAC-OKCCHOLMGREN7-6,2026-04-08,reb,5.5,4.70875,0.7912499999999998,0.339,0.3396311328562557,1.0,1.0
KXNBAREB-26APR08OKCLAC-OKCCHOLMGREN7-8,2026-04-08,reb,7.5,4.70875,2.79125,0.1305,0.1422691107210463,1.0,1.0
KXNBAREB-26APR08OKCLAC-OKCCHOLMGREN7-9,2026-04-08,reb,8.5,4.70875,3.79125,0.067,0.08567846501266219,1.0,1.0
KXNBAREB-26APR08OKCLAC-OKCIHARTENSTEIN55-10,2026-04-08,reb,9.5,4.38825,5.11175,0.02725,0.03594690522357691,0.0,1.0
KXNBAREB-26APR08OKCLAC-OKCIHARTENSTEIN55-12,2026-04-08,reb,11.5,4.38825,7.11175,0.007,0.009871201140491448,0.0,1.0
KXNBAREB-26APR08OKCLAC-OKCIHARTENSTEIN55-4,2026-04-08,reb,3.5,4.38825,-0.8882500000000002,0.6135,0.5955517400412615,1.0,1.0
KXNBAREB-26APR08OKCLAC-OKCIHARTENSTEIN55-6,2026-04-08,reb,5.5,4.38825,1.1117499999999998,0.28975,0.29300898451642143,1.0,1.0
KXNBAREB-26APR08OKCLAC-OKCIHARTENSTEIN55-8,2026-04-08,reb,7.5,4.38825,3.11175,0.10425,0.1128513335153184,0.0,1.0
KXNBAREB-26APR08OKCLAC-OKCJWILLIAMS8-2,2026-04-08,reb,1.5,3.555,-2.055,0.8435,0.8278001694033751,1.0,1.0
KXNBAREB-26APR08OKCLAC-OKCJWILLIAMS8-4,2026-04-08,reb,3.5,3.555,-0.05500000000000016,0.46125,0.45715869946620413,1.0,1.0
KXNBAREB-26APR08OKCLAC-OKCJWILLIAMS8-5,2026-04-08,reb,4.5,3.555,0.9449999999999998,0.29225,0.2951625512512821,1.0,1.0
KXNBAREB-26APR08OKCLAC-OKCJWILLIAMS8-6,2026-04-08,reb,5.5,3.555,1.9449999999999998,0.1745,0.17625813054059247,1.0,1.0
KXNBAREB-26APR08OKCLAC-OKCJWILLIAMS8-8,2026-04-08,reb,7.5,3.555,3.945,0.043,0.05184618614152792,0.0,1.0
KXNBAREB-26APR08OKCLAC-OKCSGILGEOUSALEXANDER2-2,2026-04-08,reb,1.5,3.77875,-2.27875,0.8805,0.8490710168729448,0.0,1.0
KXNBAREB-26APR08OKCLAC-OKCSGILGEOUSALEXANDER2-4,2026-04-08,reb,3.5,3.77875,-0.27875000000000005,0.51375,0.4970433132430139,0.0,1.0
KXNBAREB-26APR08OKCLAC-OKCSGILGEOUSALEXANDER2-5,2026-04-08,reb,4.5,3.77875,0.72125,0.32825,0.33259491643165684,0.0,1.0
KXNBAREB-26APR08OKCLAC-OKCSGILGEOUSALEXANDER2-6,2026-04-08,reb,5.5,3.77875,1.72125,0.189,0.20634653148500415,0.0,1.0
KXNBAREB-26APR08OKCLAC-OKCSGILGEOUSALEXANDER2-8,2026-04-08,reb,7.5,3.77875,3.72125,0.04625,0.06580818866010762,0.0,1.0
KXNBAAST-26APR08OKCLAC-OKCSGILGEOUSALEXANDER2-10,2026-04-08,ast,9.5,3.55575,5.94425,0.0065,0.011952774880473527,1.0,1.0
KXNBAAST-26APR08OKCLAC-OKCSGILGEOUSALEXANDER2-12,2026-04-08,ast,11.5,3.55575,7.94425,0.00075,0.0023947941788747817,0.0,1.0
KXNBAAST-26APR08OKCLAC-OKCSGILGEOUSALEXANDER2-6,2026-04-08,ast,5.5,3.55575,1.9442499999999998,0.159,0.1752962728198515,1.0,1.0
KXNBAAST-26APR08OKCLAC-OKCSGILGEOUSALEXANDER2-7,2026-04-08,ast,6.5,3.55575,2.94425,0.07775,0.09723616431294013,1.0,1.0
KXNBAAST-26APR08OKCLAC-OKCSGILGEOUSALEXANDER2-8,2026-04-08,ast,7.5,3.55575,3.94425,0.034,0.050810876706805286,1.0,1.0
KXNBA3PT-26APR08OKCLAC-LACKLEONARD2-1,2026-04-08,fg3m,0.5,1.45225,-0.95225,0.7585,0.7353792728646766,1.0,1.0
KXNBA3PT-26APR08OKCLAC-LACKLEONARD2-2,2026-04-08,fg3m,1.5,1.45225,0.04774999999999996,0.41,0.4125083246985344,1.0,1.0
KXNBA3PT-26APR08OKCLAC-LACKLEONARD2-3,2026-04-08,fg3m,2.5,1.45225,1.04775,0.18575,0.18973320332521548,0.0,1.0
KXNBA3PT-26APR08OKCLAC-LACKLEONARD2-4,2026-04-08,fg3m,3.5,1.45225,2.0477499999999997,0.07075,0.0753901198100605,0.0,1.0
KXNBA3PT-26APR08OKCLAC-LACKLEONARD2-5,2026-04-08,fg3m,4.5,1.45225,3.0477499999999997,0.0205,0.026804680334777453,0.0,1.0
KXNBA3PT-26APR08OKCLAC-OKCCHOLMGREN7-1,2026-04-08,fg3m,0.5,0.959,-0.45899999999999996,0.6105,0.5947997839680772,1.0,1.0
KXNBA3PT-26APR08OKCLAC-OKCCHOLMGREN7-2,2026-04-08,fg3m,1.5,0.959,0.541,0.2445,0.24958212595232432,1.0,1.0
KXNBA3PT-26APR08OKCLAC-OKCCHOLMGREN7-3,2026-04-08,fg3m,2.5,0.959,1.541,0.079,0.08326041462649325,1.0,1.0
KXNBA3PT-26APR08OKCLAC-OKCCHOLMGREN7-4,2026-04-08,fg3m,3.5,0.959,2.541,0.01925,0.02365161465605381,0.0,1.0
KXNBA3PT-26APR08OKCLAC-OKCCHOLMGREN7-5,2026-04-08,fg3m,4.5,0.959,3.541,0.00475,0.0059658094382354365,0.0,1.0
KXNBA3PT-26APR08OKCLAC-OKCJWILLIAMS8-1,2026-04-08,fg3m,0.5,0.61575,-0.11575000000000002,0.4595,0.44687726962319063,0.0,1.0
KXNBA3PT-26APR08OKCLAC-OKCJWILLIAMS8-2,2026-04-08,fg3m,1.5,0.61575,0.88425,0.1245,0.1317140388669672,0.0,1.0
KXNBA3PT-26APR08OKCLAC-OKCJWILLIAMS8-3,2026-04-08,fg3m,2.5,0.61575,1.88425,0.02625,0.030163509684337453,0.0,1.0
KXNBA3PT-26APR08OKCLAC-OKCJWILLIAMS8-4,2026-04-08,fg3m,3.5,0.61575,2.8842499999999998,0.00425,0.0058227387764757665,0.0,1.0
KXNBA3PT-26APR08OKCLAC-OKCJWILLIAMS8-5,2026-04-08,fg3m,4.5,0.61575,3.8842499999999998,0.001,0.0009928237327938572,0.0,1.0
KXNBA3PT-26APR08OKCLAC-OKCSGILGEOUSALEXANDER2-1,2026-04-08,fg3m,0.5,0.96125,-0.46125000000000005,0.61075,0.5956088167799298,1.0,1.0
KXNBA3PT-26APR08OKCLAC-OKCSGILGEOUSALEXANDER2-2,2026-04-08,fg3m,1.5,0.96125,0.53875,0.2565,0.25036250247996716,1.0,1.0
KXNBA3PT-26APR08OKCLAC-OKCSGILGEOUSALEXANDER2-3,2026-04-08,fg3m,2.5,0.96125,1.5387499999999998,0.07675,0.0836803758301079,0.0,1.0
KXNBA3PT-26APR08OKCLAC-OKCSGILGEOUSALEXANDER2-4,2026-04-08,fg3m,3.5,0.96125,2.53875,0.015,0.023817923293208643,0.0,1.0
KXNBA3PT-26APR08OKCLAC-OKCSGILGEOUSALEXANDER2-5,2026-04-08,fg3m,4.5,0.96125,3.53875,0.00225,0.0060198494840310035,0.0,1.0
KXNBAPTS-26APR08MINORL-MINDDIVINCENZO0-10,2026-04-08,pts,9.5,8.305,1.1950000000000003,0.365,0.3444523860926203,1.0,1.0
KXNBAPTS-26APR08MINORL-MINDDIVINCENZO0-15,2026-04-08,pts,14.5,8.305,6.195,0.1155,0.09126201333792994,0.0,1.0
KXNBAPTS-26APR08MINORL-MINDDIVINCENZO0-20,2026-04-08,pts,19.5,8.305,11.195,0.024,0.01777440871736302,0.0,1.0
KXNBAPTS-26APR08MINORL-MINDDIVINCENZO0-25,2026-04-08,pts,24.5,8.305,16.195,0.004,0.002820238949947984,0.0,1.0
KXNBAPTS-26APR08MINORL-ORLABLACK0-10,2026-04-08,pts,9.5,8.284,1.2159999999999993,0.3675,0.34263547911733694,0.0,1.0
KXNBAPTS-26APR08MINORL-ORLABLACK0-15,2026-04-08,pts,14.5,8.284,6.215999999999999,0.13475,0.09034988269933086,0.0,1.0
KXNBAPTS-26APR08MINORL-ORLABLACK0-20,2026-04-08,pts,19.5,8.284,11.216,0.03,0.017507676642344983,0.0,1.0
KXNBAPTS-26APR08MINORL-ORLABLACK0-25,2026-04-08,pts,24.5,8.284,16.216,0.00575,0.0027634715630234785,0.0,1.0
KXNBAPTS-26APR08MINORL-ORLDBANE3-10,2026-04-08,pts,9.5,13.71875,-4.21875,0.7395,0.7124524890440742,1.0,1.0
KXNBAPTS-26APR08MINORL-ORLDBANE3-15,2026-04-08,pts,14.5,13.71875,0.78125,0.41725,0.4004256881092112,1.0,1.0
KXNBAPTS-26APR08MINORL-ORLDBANE3-20,2026-04-08,pts,19.5,13.71875,5.78125,0.16925,0.1792161638909272,0.0,1.0
KXNBAPTS-26APR08MINORL-ORLDBANE3-25,2026-04-08,pts,24.5,13.71875,10.78125,0.054,0.0677830407076323,0.0,1.0
KXNBAPTS-26APR08MINORL-ORLDBANE3-30,2026-04-08,pts,29.5,13.71875,15.78125,0.0145,0.022611868647518296,0.0,1.0
KXNBAPTS-26APR08MINORL-ORLFWAGNER22-10,2026-04-08,pts,9.5,9.802,-0.3019999999999996,0.478,0.4686309765843133,1.0,1.0
KXNBAPTS-26APR08MINORL-ORLFWAGNER22-15,2026-04-08,pts,14.5,9.802,4.698,0.19725,0.16597239281170595,1.0,1.0
KXNBAPTS-26APR08MINORL-ORLFWAGNER22-20,2026-04-08,pts,19.5,9.802,9.698,0.06275,0.04420297294109421,0.0,1.0
KXNBAPTS-26APR08MINORL-ORLFWAGNER22-25,2026-04-08,pts,24.5,9.802,14.698,0.0145,0.00968692199741672,0.0,1.0
KXNBAPTS-26APR08MINORL-ORLJSUGGS4-10,2026-04-08,pts,9.5,9.82375,-0.3237500000000004,0.483,0.47033214698073567,1.0,1.0
KXNBAPTS-26APR08MINORL-ORLJSUGGS4-15,2026-04-08,pts,14.5,9.82375,4.67625,0.18,0.16717557253220794,0.0,1.0
KXNBAPTS-26APR08MINORL-ORLJSUGGS4-20,2026-04-08,pts,19.5,9.82375,9.67625,0.04925,0.04469865892892455,0.0,1.0
KXNBAPTS-26APR08MINORL-ORLJSUGGS4-25,2026-04-08,pts,24.5,9.82375,14.67625,0.01,0.009835545621253217,0.0,1.0
KXNBAPTS-26APR08MINORL-ORLPBANCHERO5-15,2026-04-08,pts,14.5,14.40675,0.09324999999999939,0.4615,0.4403375870784033,1.0,1.0
KXNBAPTS-26APR08MINORL-ORLPBANCHERO5-20,2026-04-08,pts,19.5,14.40675,5.093249999999999,0.19975,0.20986509385939112,1.0,1.0
KXNBAPTS-26APR08MINORL-ORLPBANCHERO5-25,2026-04-08,pts,24.5,14.40675,10.09325,0.07175,0.08492008241078708,0.0,1.0
KXNBAPTS-26APR08MINORL-ORLPBANCHERO5-30,2026-04-08,pts,29.5,14.40675,15.09325,0.01625,0.030383550824258365,0.0,1.0
KXNBAREB-26APR08MINORL-MINDDIVINCENZO0-10,2026-04-08,reb,9.5,3.42175,6.078250000000001,0.0045,0.01011320281281236,0.0,1.0
KXNBAREB-26APR08MINORL-MINDDIVINCENZO0-2,2026-04-08,reb,1.5,3.42175,-1.9217499999999998,0.84325,0.8136925889456338,0.0,1.0
KXNBAREB-26APR08MINORL-MINDDIVINCENZO0-4,2026-04-08,reb,3.5,3.42175,0.07825000000000015,0.444,0.4325753279931358,0.0,1.0
KXNBAREB-26APR08MINORL-MINDDIVINCENZO0-6,2026-04-08,reb,5.5,3.42175,2.07825,0.14475,0.15903036383476576,0.0,1.0
KXNBAREB-26APR08MINORL-MINDDIVINCENZO0-8,2026-04-08,reb,7.5,3.42175,4.078250000000001,0.027,0.044422884930830464,0.0,1.0
KXNBAREB-26APR08MINORL-ORLFWAGNER22-10,2026-04-08,reb,9.5,3.59,5.91,0.013,0.013126547990697346,0.0,1.0
KXNBAREB-26APR08MINORL-ORLFWAGNER22-2,2026-04-08,reb,1.5,3.59,-2.09,0.82275,0.8313209120435311,0.0,1.0
KXNBAREB-26APR08MINORL-ORLFWAGNER22-4,2026-04-08,reb,3.5,3.59,-0.08999999999999986,0.468,0.46351709150013454,0.0,1.0
KXNBAREB-26APR08MINORL-ORLFWAGNER22-6,2026-04-08,reb,5.5,3.59,1.9100000000000001,0.187,0.18087501757013502,0.0,1.0
KXNBAREB-26APR08MINORL-ORLFWAGNER22-8,2026-04-08,reb,7.5,3.59,3.91,0.05325,0.05390692085695381,0.0,1.0
KXNBAREB-26APR08MINORL-ORLJSUGGS4-10,2026-04-08,reb,9.5,4.223,5.277,0.01575,0.029967291346791103,0.0,1.0
KXNBAREB-26APR08MINORL-ORLJSUGGS4-2,2026-04-08,reb,1.5,4.223,-2.723,0.905,0.8836164061704203,0.0,1.0
KXNBAREB-26APR08MINORL-ORLJSUGGS4-4,2026-04-08,reb,3.5,4.223,-0.7229999999999999,0.5975,0.5703881586779156,0.0,1.0
KXNBAREB-26APR08MINORL-ORLJSUGGS4-6,2026-04-08,reb,5.5,4.223,1.2770000000000001,0.2655,0.2690877280958752,0.0,1.0
KXNBAREB-26APR08MINORL-ORLJSUGGS4-8,2026-04-08,reb,7.5,4.223,3.277,0.07925,0.09886949578912396,0.0,1.0
KXNBAREB-26APR08MINORL-ORLPBANCHERO5-10,2026-04-08,reb,9.5,5.85625,3.64375,0.0935,0.11934275773957903,0.0,1.0
KXNBAREB-26APR08MINORL-ORLPBANCHERO5-12,2026-04-08,reb,11.5,5.85625,5.64375,0.0285,0.0468844728690464,0.0,1.0
KXNBAREB-26APR08MINORL-ORLPBANCHERO5-4,2026-04-08,reb,3.5,5.85625,-2.35625,0.8045,0.7694140737754096,1.0,1.0
KXNBAREB-26APR08MINORL-ORLPBANCHERO5-6,2026-04-08,reb,5.5,5.85625,-0.3562500000000002,0.52,0.49941750002269225,1.0,1.0
KXNBAREB-26APR08MINORL-ORLPBANCHERO5-8,2026-04-08,reb,7.5,5.85625,1.6437499999999998,0.2515,0.2653331704702907,1.0,1.0
KXNBAAST-26APR08MINORL-MINDDIVINCENZO0-10,2026-04-08,ast,9.5,2.039,7.461,0.0,0.00036364847808822987,0.0,1.0
KXNBAAST-26APR08MINORL-MINDDIVINCENZO0-2,2026-04-08,ast,1.5,2.039,-0.5390000000000001,0.60075,0.580494063752022,1.0,1.0
KXNBAAST-26APR08MINORL-MINDDIVINCENZO0-4,2026-04-08,ast,3.5,2.039,1.4609999999999999,0.15225,0.1641800544444214,0.0,1.0
KXNBAAST-26APR08MINORL-MINDDIVINCENZO0-6,2026-04-08,ast,5.5,2.039,3.461,0.023,0.028682397788178493,0.0,1.0
KXNBAAST-26APR08MINORL-MINDDIVINCENZO0-8,2026-04-08,ast,7.5,2.039,5.461,0.001,0.0036241969972922172,0.0,1.0
KXNBAAST-26APR08MINORL-ORLABLACK0-2,2026-04-08,ast,1.5,1.871,-0.371,0.5425,0.5378454177578381,1.0,1.0
KXNBAAST-26APR08MINORL-ORLABLACK0-3,2026-04-08,ast,2.5,1.871,0.629,0.29625,0.2905203862059298,0.0,1.0
KXNBAAST-26APR08MINORL-ORLABLACK0-4,2026-04-08,ast,3.5,1.871,1.629,0.1365,0.13469576197473843,0.0,1.0
KXNBAAST-26APR08MINORL-ORLABLACK0-6,2026-04-08,ast,5.5,1.871,3.629,0.02425,0.02056533286661577,0.0,1.0
KXNBAAST-26APR08MINORL-ORLABLACK0-8,2026-04-08,ast,7.5,1.871,5.629,0.002,0.0022600118707658545,0.0,1.0
KXNBAAST-26APR08MINORL-ORLJSUGGS4-10,2026-04-08,ast,9.5,3.628,5.872,0.00475,0.013327237349731846,0.0,1.0
KXNBAAST-26APR08MINORL-ORLJSUGGS4-2,2026-04-08,ast,1.5,3.628,-2.128,0.87,0.8370593609925361,1.0,1.0
KXNBAAST-26APR08MINORL-ORLJSUGGS4-4,2026-04-08,ast,3.5,3.628,-0.1280000000000001,0.48475,0.4712823924026428,1.0,1.0
KXNBAAST-26APR08MINORL-ORLJSUGGS4-6,2026-04-08,ast,5.5,3.628,1.8719999999999999,0.1715,0.184891760155809,0.0,1.0
KXNBAAST-26APR08MINORL-ORLJSUGGS4-8,2026-04-08,ast,7.5,3.628,3.872,0.034,0.05507131771555773,0.0,1.0
KXNBAAST-26APR08MINORL-ORLPBANCHERO5-2,2026-04-08,ast,1.5,3.0275,-1.5274999999999999,0.79375,0.7665628157242048,1.0,1.0
KXNBAAST-26APR08MINORL-ORLPBANCHERO5-4,2026-04-08,ast,3.5,3.0275,0.47250000000000014,0.35675,0.35706976607276664,1.0,1.0
KXNBAAST-26APR08MINORL-ORLPBANCHERO5-5,2026-04-08,ast,4.5,3.0275,1.4725000000000001,0.19625,0.20769603875668052,1.0,1.0
KXNBAAST-26APR08MINORL-ORLPBANCHERO5-6,2026-04-08,ast,5.5,3.0275,2.4725,0.0935,0.11086727651001627,1.0,1.0
KXNBAAST-26APR08MINORL-ORLPBANCHERO5-8,2026-04-08,ast,7.5,3.0275,4.4725,0.01375,0.025649017303250976,0.0,1.0
KXNBA3PT-26APR08MINORL-ORLDBANE3-1,2026-04-08,fg3m,0.5,1.52375,-1.02375,0.78025,0.7507488469524102,1.0,1.0
KXNBA3PT-26APR08MINORL-ORLDBANE3-2,2026-04-08,fg3m,1.5,1.52375,-0.023749999999999938,0.45225,0.43414924482608397,0.0,1.0
KXNBA3PT-26APR08MINORL-ORLDBANE3-3,2026-04-08,fg3m,2.5,1.52375,0.9762500000000001,0.191,0.2067357864786703,0.0,1.0
KXNBA3PT-26APR08MINORL-ORLDBANE3-4,2026-04-08,fg3m,3.5,1.52375,1.97625,0.06775,0.08522146908849593,0.0,1.0
KXNBA3PT-26APR08MINORL-ORLDBANE3-5,2026-04-08,fg3m,4.5,1.52375,2.9762500000000003,0.0225,0.031469823402294095,0.0,1.0
KXNBA3PT-26APR08MINORL-ORLFWAGNER22-1,2026-04-08,fg3m,0.5,0.763,-0.263,0.514,0.5167554578968154,1.0,1.0
KXNBA3PT-26APR08MINORL-ORLFWAGNER22-2,2026-04-08,fg3m,1.5,0.763,0.737,0.18625,0.18154514834292557,0.0,1.0
KXNBA3PT-26APR08MINORL-ORLFWAGNER22-3,2026-04-08,fg3m,2.5,0.763,1.737,0.047,0.05005282900725494,0.0,1.0
KXNBA3PT-26APR08MINORL-ORLFWAGNER22-4,2026-04-08,fg3m,3.5,0.763,2.737,0.01325,0.011683085559964113,0.0,1.0
KXNBA3PT-26APR08MINORL-ORLFWAGNER22-5,2026-04-08,fg3m,4.5,0.763,3.737,0.00225,0.0024141378979634087,0.0,1.0
KXNBA3PT-26APR08MINORL-ORLJSUGGS4-1,2026-04-08,fg3m,0.5,1.46175,-0.9617500000000001,0.74925,0.7374818557628509,1.0,1.0
KXNBA3PT-26APR08MINORL-ORLJSUGGS4-2,2026-04-08,fg3m,1.5,1.46175,0.038249999999999895,0.428,0.41541776887440196,1.0,1.0
KXNBA3PT-26APR08MINORL-ORLJSUGGS4-3,2026-04-08,fg3m,2.5,1.46175,1.03825,0.185,0.19197933270748146,1.0,1.0
KXNBA3PT-26APR08MINORL-ORLJSUGGS4-4,2026-04-08,fg3m,3.5,1.46175,2.0382499999999997,0.07325,0.07666615043228853,0.0,1.0
KXNBA3PT-26APR08MINORL-ORLJSUGGS4-5,2026-04-08,fg3m,4.5,1.46175,3.0382499999999997,0.01975,0.027399497678658236,0.0,1.0
KXNBA3PT-26APR08MINORL-ORLPBANCHERO5-1,2026-04-08,fg3m,0.5,0.843,-0.34299999999999997,0.56225,0.5504996042502261,1.0,1.0
KXNBA3PT-26APR08MINORL-ORLPBANCHERO5-2,2026-04-08,fg3m,1.5,0.843,0.657,0.21125,0.20925539265253468,0.0,1.0
KXNBA3PT-26APR08MINORL-ORLPBANCHERO5-3,2026-04-08,fg3m,2.5,0.843,1.657,0.05475,0.06275691305213471,0.0,1.0
KXNBA3PT-26APR08MINORL-ORLPBANCHERO5-4,2026-04-08,fg3m,3.5,0.843,2.657,0.0125,0.015971934730297233,0.0,1.0
KXNBA3PT-26APR08MINORL-ORLPBANCHERO5-5,2026-04-08,fg3m,4.5,0.843,3.657,0.00175,0.0036029864780489085,0.0,1.0
KXNBAPTS-26APR08DALPHX-DALCFLAGG32-20,2026-04-08,pts,19.5,14.445,5.055,0.2055,0.21160285097659814,0.0,1.0
KXNBAPTS-26APR08DALPHX-DALCFLAGG32-25,2026-04-08,pts,24.5,14.445,10.055,0.06825,0.08592985238005091,0.0,1.0
KXNBAPTS-26APR08DALPHX-DALCFLAGG32-30,2026-04-08,pts,29.5,14.445,15.055,0.019,0.03085922773623373,0.0,1.0
KXNBAPTS-26APR08DALPHX-DALCFLAGG32-35,2026-04-08,pts,34.5,14.445,20.055,0.003,0.010083030325887643,0.0,1.0
KXNBAPTS-26APR08DALPHX-DALMCHRISTIE00-10,2026-04-08,pts,9.5,7.504,1.9960000000000004,0.30625,0.2746842752651656,1.0,1.0
KXNBAPTS-26APR08DALPHX-DALMCHRISTIE00-15,2026-04-08,pts,14.5,7.504,6.996,0.081,0.05969859121222021,1.0,1.0
KXNBAPTS-26APR08DALPHX-DALMCHRISTIE00-20,2026-04-08,pts,19.5,7.504,11.996,0.01775,0.009422348812582193,0.0,1.0
KXNBAPTS-26APR08DALPHX-PHXDBOOKER1-15,2026-04-08,pts,14.5,15.75275,-1.2527500000000007,0.54675,0.5137926238276644,1.0,1.0
KXNBAPTS-26APR08DALPHX-PHXDBOOKER1-20,2026-04-08,pts,19.5,15.75275,3.7472499999999993,0.27075,0.27242473781438703,1.0,1.0
KXNBAPTS-26APR08DALPHX-PHXDBOOKER1-25,2026-04-08,pts,24.5,15.75275,8.74725,0.10525,0.12375164105271452,1.0,1.0
KXNBAPTS-26APR08DALPHX-PHXDBOOKER1-30,2026-04-08,pts,29.5,15.75275,13.74725,0.02875,0.049951372057882915,1.0,1.0
KXNBAPTS-26APR08DALPHX-PHXDBOOKER1-35,2026-04-08,pts,34.5,15.75275,18.74725,0.0065,0.018396079505074936,1.0,1.0
KXNBAPTS-26APR08DALPHX-PHXDBROOKS3-10,2026-04-08,pts,9.5,9.8555,-0.35549999999999926,0.48175,0.4728091661530657,1.0,1.0
KXNBAPTS-26APR08DALPHX-PHXDBROOKS3-15,2026-04-08,pts,14.5,9.8555,4.644500000000001,0.1995,0.1689367421977923,1.0,1.0
KXNBAPTS-26APR08DALPHX-PHXDBROOKS3-20,2026-04-08,pts,19.5,9.8555,9.6445,0.0565,0.04542806138298727,1.0,1.0
KXNBAPTS-26APR08DALPHX-PHXDBROOKS3-25,2026-04-08,pts,24.5,9.8555,14.6445,0.01225,0.01005540199044952,1.0,1.0
KXNBAPTS-26APR08DALPHX-PHXDBROOKS3-30,2026-04-08,pts,29.5,9.8555,19.6445,0.00275,0.0019363273331406416,0.0,1.0
KXNBAPTS-26APR08DALPHX-PHXJGREEN4-10,2026-04-08,pts,9.5,11.7415,-2.2415000000000003,0.608,0.6053106269740489,0.0,1.0
KXNBAPTS-26APR08DALPHX-PHXJGREEN4-15,2026-04-08,pts,14.5,11.7415,2.7584999999999997,0.3005,0.2805283418039589,0.0,1.0
KXNBAPTS-26APR08DALPHX-PHXJGREEN4-20,2026-04-08,pts,19.5,11.7415,7.7585,0.105,0.10063721413945304,0.0,1.0
KXNBAPTS-26APR08DALPHX-PHXJGREEN4-25,2026-04-08,pts,24.5,11.7415,12.7585,0.0265,0.030100520343057546,0.0,1.0
KXNBAPTS-26APR08DALPHX-PHXJGREEN4-30,2026-04-08,pts,29.5,11.7415,17.758499999999998,0.0075,0.007884446536337353,0.0,1.0
KXNBAREB-26APR08DALPHX-DALCFLAGG32-10,2026-04-08,reb,9.5,4.62275,4.87725,0.03075,0.04562924614360786,1.0,1.0
KXNBAREB-26APR08DALPHX-DALCFLAGG32-12,2026-04-08,reb,11.5,4.62275,6.87725,0.00675,0.013412145859204805,0.0,1.0
KXNBAREB-26APR08DALPHX-DALCFLAGG32-6,2026-04-08,reb,5.5,4.62275,0.8772500000000001,0.326,0.32712540401532164,1.0,1.0
KXNBAREB-26APR08DALPHX-DALCFLAGG32-7,2026-04-08,reb,6.5,4.62275,1.87725,0.1975,0.2150126269654229,1.0,1.0
KXNBAREB-26APR08DALPHX-DALCFLAGG32-8,2026-04-08,reb,7.5,4.62275,2.87725,0.11375,0.1340967875229162,1.0,1.0
KXNBAREB-26APR08DALPHX-DALMCHRISTIE00-10,2026-04-08,reb,9.5,3.00075,6.49925,0.0025,0.0047732384732367406,0.0,1.0
KXNBAREB-26APR08DALPHX-DALMCHRISTIE00-2,2026-04-08,reb,1.5,3.00075,-1.50075,0.79075,0.7609172874036516,1.0,1.0
KXNBAREB-26APR08DALPHX-DALMCHRISTIE00-4,2026-04-08,reb,3.5,3.00075,0.49924999999999997,0.345,0.35167429443630394,0.0,1.0
KXNBAREB-26APR08DALPHX-DALMCHRISTIE00-6,2026-04-08,reb,5.5,3.00075,2.49925,0.095,0.10900382702528744,0.0,1.0
KXNBAREB-26APR08DALPHX-DALMCHRISTIE00-8,2026-04-08,reb,7.5,3.00075,4.49925,0.0165,0.02534431715438279,0.0,1.0
KXNBAREB-26APR08DALPHX-PHXDBROOKS3-10,2026-04-08,reb,9.5,3.592,5.9079999999999995,0.00975,0.013165748337696792,0.0,1.0
KXNBAREB-26APR08DALPHX-PHXDBROOKS3-2,2026-04-08,reb,1.5,3.592,-2.092,0.833,0.8315198506171215,1.0,1.0
KXNBAREB-26APR08DALPHX-PHXDBROOKS3-4,2026-04-08,reb,3.5,3.592,-0.09200000000000008,0.47125,0.4638791371055391,1.0,1.0
KXNBAREB-26APR08DALPHX-PHXDBROOKS3-6,2026-04-08,reb,5.5,3.592,1.908,0.17525,0.18113992179689342,0.0,1.0
KXNBAREB-26APR08DALPHX-PHXDBROOKS3-8,2026-04-08,reb,7.5,3.592,3.908,0.053,0.05402606639696328,0.0,1.0
KXNBAREB-26APR08DALPHX-PHXJGREEN4-10,2026-04-08,reb,9.5,3.82025,5.67975,0.01225,0.018194592425865297,0.0,1.0
KXNBAREB-26APR08DALPHX-PHXJGREEN4-2,2026-04-08,reb,1.5,3.82025,-2.32025,0.86225,0.8527080866915578,0.0,1.0
KXNBAREB-26APR08DALPHX-PHXJGREEN4-4,2026-04-08,reb,3.5,3.82025,-0.32025000000000015,0.51875,0.5042340663439102,0.0,1.0
KXNBAREB-26APR08DALPHX-PHXJGREEN4-6,2026-04-08,reb,5.5,3.82025,1.6797499999999999,0.20775,0.21206247053416605,0.0,1.0
KXNBAREB-26APR08DALPHX-PHXJGREEN4-8,2026-04-08,reb,7.5,3.82025,3.67975,0.055,0.0686012034862079,0.0,1.0
KXNBAAST-26APR08DALPHX-DALMCHRISTIE00-2,2026-04-08,ast,1.5,1.6175,-0.11749999999999994,0.47875,0.4667941952287462,1.0,1.0
KXNBAAST-26APR08DALPHX-DALMCHRISTIE00-3,2026-04-08,ast,2.5,1.6175,0.8825000000000001,0.22275,0.22737462406153497,0.0,1.0
KXNBAAST-26APR08DALPHX-DALMCHRISTIE00-4,2026-04-08,ast,3.5,1.6175,1.8825,0.0835,0.09429605647210249,0.0,1.0
KXNBAAST-26APR08DALPHX-DALMCHRISTIE00-6,2026-04-08,ast,5.5,1.6175,3.8825000000000003,0.008,0.011386195176785963,0.0,1.0
KXNBAAST-26APR08DALPHX-DALMCHRISTIE00-8,2026-04-08,ast,7.5,1.6175,5.8825,0.001,0.0009825015170955576,0.0,1.0
KXNBAAST-26APR08DALPHX-PHXDBOOKER1-10,2026-04-08,ast,9.5,3.53525,5.96475,0.00275,0.011581756829665335,0.0,1.0
KXNBAAST-26APR08DALPHX-PHXDBOOKER1-2,2026-04-08,ast,1.5,3.53525,-2.03525,0.85525,0.8277745907991804,1.0,1.0
KXNBAAST-26APR08DALPHX-PHXDBOOKER1-4,2026-04-08,ast,3.5,3.53525,-0.035250000000000004,0.46925,0.45434133003187704,1.0,1.0
KXNBAAST-26APR08DALPHX-PHXDBOOKER1-6,2026-04-08,ast,5.5,3.53525,1.96475,0.16,0.1726025912813306,1.0,1.0
KXNBAAST-26APR08DALPHX-PHXDBOOKER1-8,2026-04-08,ast,7.5,3.53525,3.96475,0.03175,0.049638032508201535,1.0,1.0
KXNBAAST-26APR08DALPHX-PHXDBROOKS3-10,2026-04-08,ast,9.5,1.7845,7.7155000000000005,0.0,0.00013931244054954384,0.0,1.0
KXNBAAST-26APR08DALPHX-PHXDBROOKS3-2,2026-04-08,ast,1.5,1.7845,-0.2845,0.51725,0.514505947597747,1.0,1.0
KXNBAAST-26APR08DALPHX-PHXDBROOKS3-4,2026-04-08,ast,3.5,1.7845,1.7155,0.11375,0.12029809673008252,0.0,1.0
KXNBAAST-26APR08DALPHX-PHXDBROOKS3-6,2026-04-08,ast,5.5,1.7845,3.7155,0.01575,0.017032787616443,0.0,1.0
KXNBAAST-26APR08DALPHX-PHXDBROOKS3-8,2026-04-08,ast,7.5,1.7845,5.7155000000000005,0.002,0.0017315380743851971,0.0,1.0
KXNBAAST-26APR08DALPHX-PHXJGREEN4-10,2026-04-08,ast,9.5,2.387,7.1129999999999995,0.00025,0.0010685011433814173,0.0,1.0
KXNBAAST-26APR08DALPHX-PHXJGREEN4-2,2026-04-08,ast,1.5,2.387,-0.887,0.67175,0.6579397103348277,0.0,1.0
KXNBAAST-26APR08DALPHX-PHXJGREEN4-4,2026-04-08,ast,3.5,2.387,1.113,0.22875,0.22991932488994438,0.0,1.0
KXNBAAST-26APR08DALPHX-PHXJGREEN4-6,2026-04-08,ast,5.5,2.387,3.113,0.04475,0.05099096342809628,0.0,1.0
KXNBAAST-26APR08DALPHX-PHXJGREEN4-8,2026-04-08,ast,7.5,2.387,5.1129999999999995,0.00575,0.008263558225534484,0.0,1.0
KXNBA3PT-26APR08DALPHX-DALCFLAGG32-1,2026-04-08,fg3m,0.5,0.80175,-0.30174999999999996,0.54125,0.533445385388239,0.0,1.0
KXNBA3PT-26APR08DALPHX-DALCFLAGG32-2,2026-04-08,fg3m,1.5,0.80175,0.69825,0.1975,0.19493836191806457,0.0,1.0
KXNBA3PT-26APR08DALPHX-DALCFLAGG32-3,2026-04-08,fg3m,2.5,0.80175,1.69825,0.052,0.05605011761954615,0.0,1.0
KXNBA3PT-26APR08DALPHX-DALCFLAGG32-4,2026-04-08,fg3m,3.5,0.80175,2.69825,0.00975,0.013659593829846384,0.0,1.0
KXNBA3PT-26APR08DALPHX-DALCFLAGG32-5,2026-04-08,fg3m,4.5,0.80175,3.69825,0.00125,0.0029487150882633317,0.0,1.0
KXNBA3PT-26APR08DALPHX-PHXDBOOKER1-1,2026-04-08,fg3m,0.5,1.34875,-0.8487499999999999,0.7325,0.7111944685912233,1.0,1.0
KXNBA3PT-26APR08DALPHX-PHXDBOOKER1-2,2026-04-08,fg3m,1.5,1.34875,0.1512500000000001,0.4015,0.3801576603616823,1.0,1.0
KXNBA3PT-26APR08DALPHX-PHXDBOOKER1-3,2026-04-08,fg3m,2.5,1.34875,1.15125,0.15325,0.16558238706447148,0.0,1.0
KXNBA3PT-26APR08DALPHX-PHXDBOOKER1-4,2026-04-08,fg3m,3.5,1.34875,2.15125,0.049,0.06211855643478814,0.0,1.0
KXNBA3PT-26APR08DALPHX-PHXDBOOKER1-5,2026-04-08,fg3m,4.5,1.34875,3.15125,0.01025,0.02081851781031041,0.0,1.0
KXNBAPTS-26APR08PORSAS-PORDAVDIJA8-20,2026-04-08,pts,19.5,14.1645,5.3355,0.1995,0.19893553484414228,1.0,1.0
KXNBAPTS-26APR08PORSAS-PORDAVDIJA8-25,2026-04-08,pts,24.5,14.1645,10.3355,0.078,0.07866203192624577,1.0,1.0
KXNBAPTS-26APR08PORSAS-PORDAVDIJA8-30,2026-04-08,pts,29.5,14.1645,15.3355,0.02675,0.027478491241046954,0.0,1.0
KXNBAPTS-26APR08PORSAS-PORDAVDIJA8-35,2026-04-08,pts,34.5,14.1645,20.3355,0.00775,0.00872824268524075,0.0,1.0
KXNBAPTS-26APR08PORSAS-PORDCLINGAN23-10,2026-04-08,pts,9.5,8.75225,0.7477499999999999,0.39775,0.3827847811942854,1.0,1.0
KXNBAPTS-26APR08PORSAS-PORDCLINGAN23-15,2026-04-08,pts,14.5,8.75225,5.74775,0.12875,0.11167666721468528,0.0,1.0
KXNBAPTS-26APR08PORSAS-PORDCLINGAN23-20,2026-04-08,pts,19.5,8.75225,10.74775,0.032,0.024113868520002635,0.0,1.0
KXNBAPTS-26APR08PORSAS-PORJHOLIDAY5-15,2026-04-08,pts,14.5,11.72025,2.77975,0.29825,0.27922743998291766,0.0,1.0
KXNBAPTS-26APR08PORSAS-PORJHOLIDAY5-20,2026-04-08,pts,19.5,11.72025,7.77975,0.1125,0.0998936948984096,0.0,1.0
KXNBAPTS-26APR08PORSAS-PORJHOLIDAY5-25,2026-04-08,pts,24.5,11.72025,12.77975,0.034,0.0297912454574355,0.0,1.0
KXNBAPTS-26APR08PORSAS-PORJHOLIDAY5-30,2026-04-08,pts,29.5,11.72025,17.77975,0.00625,0.007780154025077368,0.0,1.0
KXNBAPTS-26APR08PORSAS-PORTCAMARA33-10,2026-04-08,pts,9.5,11.8075,-2.307499999999999,0.61525,0.6094040466608948,1.0,1.0
KXNBAPTS-26APR08PORSAS-PORTCAMARA33-15,2026-04-08,pts,14.5,11.8075,2.692500000000001,0.30425,0.28457060875061957,1.0,1.0
KXNBAPTS-26APR08PORSAS-PORTCAMARA33-20,2026-04-08,pts,19.5,11.8075,7.692500000000001,0.10975,0.10296241182346588,0.0,1.0
KXNBAPTS-26APR08PORSAS-PORTCAMARA33-25,2026-04-08,pts,24.5,11.8075,12.6925,0.0315,0.03107394548780429,0.0,1.0
KXNBAPTS-26APR08PORSAS-SASDFOX4-15,2026-04-08,pts,14.5,11.2595,3.240500000000001,0.256,0.2511363913681277,1.0,1.0
KXNBAPTS-26APR08PORSAS-SASDFOX4-20,2026-04-08,pts,19.5,11.2595,8.2405,0.083,0.08440786990023907,1.0,1.0
KXNBAPTS-26APR08PORSAS-SASDFOX4-25,2026-04-08,pts,24.5,11.2595,13.2405,0.0205,0.02357562983771444,1.0,1.0
KXNBAPTS-26APR08PORSAS-SASDFOX4-30,2026-04-08,pts,29.5,11.2595,18.2405,0.00375,0.0057568161808295715,0.0,1.0
KXNBAPTS-26APR08PORSAS-SASDHARPER2-15,2026-04-08,pts,14.5,10.46325,4.03675,0.21625,0.2036249640492641,0.0,1.0
KXNBAPTS-26APR08PORSAS-SASDHARPER2-20,2026-04-08,pts,19.5,10.46325,9.03675,0.05525,0.06071062351947132,0.0,1.0
KXNBAPTS-26APR08PORSAS-SASDHARPER2-25,2026-04-08,pts,24.5,10.46325,14.03675,0.01125,0.01496085985074902,0.0,1.0
KXNBAPTS-26APR08PORSAS-SASDHARPER2-30,2026-04-08,pts,29.5,10.46325,19.036749999999998,0.00175,0.003214182940818655,0.0,1.0
KXNBAPTS-26APR08PORSAS-SASDVASSELL24-10,2026-04-08,pts,9.5,10.779,-1.279,0.54125,0.5413954110663919,1.0,1.0
KXNBAPTS-26APR08PORSAS-SASDVASSELL24-15,2026-04-08,pts,14.5,10.779,3.721,0.243,0.2222485884147395,0.0,1.0
KXNBAPTS-26APR08PORSAS-SASDVASSELL24-20,2026-04-08,pts,19.5,10.779,8.721,0.0715,0.06962309290339008,0.0,1.0
KXNBAPTS-26APR08PORSAS-SASDVASSELL24-25,2026-04-08,pts,24.5,10.779,13.721,0.0185,0.01806574195942412,0.0,1.0
KXNBAREB-26APR08PORSAS-PORDAVDIJA8-10,2026-04-08,reb,9.5,5.21075,4.28925,0.061,0.07613591910221951,0.0,1.0
KXNBAREB-26APR08PORSAS-PORDAVDIJA8-12,2026-04-08,reb,11.5,5.21075,6.28925,0.016,0.02602358418163908,0.0,1.0
KXNBAREB-26APR08PORSAS-PORDAVDIJA8-4,2026-04-08,reb,3.5,5.21075,-1.71075,0.73275,0.7034990274280721,1.0,1.0
KXNBAREB-26APR08PORSAS-PORDAVDIJA8-6,2026-04-08,reb,5.5,5.21075,0.28925,0.41525,0.41168471341815016,1.0,1.0
KXNBAREB-26APR08PORSAS-PORDAVDIJA8-8,2026-04-08,reb,7.5,5.21075,2.28925,0.17975,0.19341611529907599,0.0,1.0
KXNBAREB-26APR08PORSAS-PORDCLINGAN23-10,2026-04-08,reb,9.5,6.30325,3.1967499999999998,0.12875,0.15440633567107542,1.0,1.0
KXNBAREB-26APR08PORSAS-PORDCLINGAN23-12,2026-04-08,reb,11.5,6.30325,5.19675,0.04925,0.06593568872011546,0.0,1.0
KXNBAREB-26APR08PORSAS-PORDCLINGAN23-13,2026-04-08,reb,12.5,6.30325,6.19675,0.0265,0.04132828492297724,0.0,1.0
KXNBAREB-26APR08PORSAS-PORDCLINGAN23-14,2026-04-08,reb,13.5,6.30325,7.19675,0.0155,0.0252794719836974,0.0,1.0
KXNBAREB-26APR08PORSAS-PORDCLINGAN23-16,2026-04-08,reb,15.5,6.30325,9.19675,0.0035,0.008864201805336869,0.0,1.0
KXNBAREB-26APR08PORSAS-PORJHOLIDAY5-2,2026-04-08,reb,1.5,4.41125,-2.91125,0.90775,0.8956599899714917,1.0,1.0
KXNBAREB-26APR08PORSAS-PORJHOLIDAY5-4,2026-04-08,reb,3.5,4.41125,-0.9112499999999999,0.61775,0.5989609502701684,1.0,1.0
KXNBAREB-26APR08PORSAS-PORJHOLIDAY5-5,2026-04-08,reb,4.5,4.41125,0.0887500000000001,0.435,0.43604150829110644,1.0,1.0
KXNBAREB-26APR08PORSAS-PORJHOLIDAY5-6,2026-04-08,reb,5.5,4.41125,1.08875,0.2895,0.29635030246066973,1.0,1.0
KXNBAREB-26APR08PORSAS-PORJHOLIDAY5-8,2026-04-08,reb,7.5,4.41125,3.08875,0.10375,0.11486434857835881,1.0,1.0
KXNBAREB-26APR08PORSAS-SASDFOX4-10,2026-04-08,reb,9.5,3.2585,6.2415,0.00425,0.007695287080096036,0.0,1.0
KXNBAREB-26APR08PORSAS-SASDFOX4-2,2026-04-08,reb,1.5,3.2585,-1.7585000000000002,0.8015,0.7947897080724136,1.0,1.0
KXNBAREB-26APR08PORSAS-SASDFOX4-4,2026-04-08,reb,3.5,3.2585,0.24149999999999983,0.40925,0.40171763051180087,1.0,1.0
KXNBAREB-26APR08PORSAS-SASDFOX4-6,2026-04-08,reb,5.5,3.2585,2.2415,0.1325,0.13876862711373672,0.0,1.0
KXNBAREB-26APR08PORSAS-SASDFOX4-8,2026-04-08,reb,7.5,3.2585,4.2415,0.0295,0.036241076407030115,0.0,1.0
KXNBAAST-26APR08PORSAS-PORDAVDIJA8-10,2026-04-08,ast,9.5,3.44075,6.0592500000000005,0.00625,0.009976375613554356,0.0,1.0
KXNBAAST-26APR08PORSAS-PORDAVDIJA8-12,2026-04-08,ast,11.5,3.44075,8.05925,0.00075,0.0019057791624497167,0.0,1.0
KXNBAAST-26APR08PORSAS-PORDAVDIJA8-6,2026-04-08,ast,5.5,3.44075,2.05925,0.15125,0.16036216760597255,1.0,1.0
KXNBAAST-26APR08PORSAS-PORDAVDIJA8-7,2026-04-08,ast,6.5,3.44075,3.05925,0.07825,0.08699996338351801,0.0,1.0
KXNBAAST-26APR08PORSAS-PORDAVDIJA8-8,2026-04-08,ast,7.5,3.44075,4.0592500000000005,0.0405,0.0444377362893883,0.0,1.0
KXNBAAST-26APR08PORSAS-PORDCLINGAN23-10,2026-04-08,ast,9.5,1.58025,7.9197500000000005,0.0,5.6104239031906644e-05,0.0,1.0
KXNBAAST-26APR08PORSAS-PORDCLINGAN23-2,2026-04-08,ast,1.5,1.58025,-0.08024999999999993,0.458,0.4556824206575705,1.0,1.0
KXNBAAST-26APR08PORSAS-PORDCLINGAN23-4,2026-04-08,ast,3.5,1.58025,1.91975,0.08725,0.08885360097106543,1.0,1.0
KXNBAAST-26APR08PORSAS-PORDCLINGAN23-6,2026-04-08,ast,5.5,1.58025,3.91975,0.008,0.010326395813758382,0.0,1.0
KXNBAAST-26APR08PORSAS-PORDCLINGAN23-8,2026-04-08,ast,7.5,1.58025,5.9197500000000005,0.00075,0.0008567204006453277,0.0,1.0
KXNBAAST-26APR08PORSAS-PORJHOLIDAY5-10,2026-04-08,ast,9.5,3.34775,6.15225,0.003,0.00855837048707997,0.0,1.0
KXNBAAST-26APR08PORSAS-PORJHOLIDAY5-2,2026-04-08,ast,1.5,3.34775,-1.84775,0.8365,0.8073243052790355,1.0,1.0
KXNBAAST-26APR08PORSAS-PORJHOLIDAY5-4,2026-04-08,ast,3.5,3.34775,0.15225,0.423,0.4192262547561685,1.0,1.0
KXNBAAST-26APR08PORSAS-PORJHOLIDAY5-6,2026-04-08,ast,5.5,3.34775,2.15225,0.133,0.1486202127193964,1.0,1.0
KXNBAAST-26APR08PORSAS-PORJHOLIDAY5-8,2026-04-08,ast,7.5,3.34775,4.15225,0.0285,0.03965089780833175,0.0,1.0
KXNBAAST-26APR08PORSAS-SASDFOX4-10,2026-04-08,ast,9.5,3.03175,6.468249999999999,0.0025,0.004817971819467415,0.0,1.0
KXNBAAST-26APR08PORSAS-SASDFOX4-12,2026-04-08,ast,11.5,3.03175,8.46825,0.0005,0.0007627744915813528,0.0,1.0
KXNBAAST-26APR08PORSAS-SASDFOX4-6,2026-04-08,ast,5.5,3.03175,2.46825,0.097,0.11133813945020132,1.0,1.0
KXNBAAST-26APR08PORSAS-SASDFOX4-7,2026-04-08,ast,6.5,3.03175,3.46825,0.04325,0.0553045211926787,1.0,1.0
KXNBAAST-26APR08PORSAS-SASDFOX4-8,2026-04-08,ast,7.5,3.03175,4.468249999999999,0.0165,0.025810129173138185,0.0,1.0
KXNBA3PT-26APR08PORSAS-PORDAVDIJA8-1,2026-04-08,fg3m,0.5,0.9635,-0.4635,0.6035,0.5964160231256936,1.0,1.0
KXNBA3PT-26APR08PORSAS-PORDAVDIJA8-2,2026-04-08,fg3m,1.5,0.9635,0.5365,0.25,0.2511427375968249,0.0,1.0
KXNBA3PT-26APR08PORSAS-PORDAVDIJA8-3,2026-04-08,fg3m,2.5,0.9635,1.5365,0.0845,0.08410113474773728,0.0,1.0
KXNBA3PT-26APR08PORSAS-PORDAVDIJA8-4,2026-04-08,fg3m,3.5,0.9635,2.5365,0.021,0.023984894591405514,0.0,1.0
KXNBA3PT-26APR08PORSAS-PORDAVDIJA8-5,2026-04-08,fg3m,4.5,0.9635,3.5365,0.004,0.006074217763342937,0.0,1.0
KXNBA3PT-26APR08PORSAS-SASDFOX4-1,2026-04-08,fg3m,0.5,0.968,-0.46799999999999997,0.6255,0.5980249748054286,1.0,1.0
KXNBA3PT-26APR08PORSAS-SASDFOX4-2,2026-04-08,fg3m,1.5,0.968,0.532,0.24525,0.25270276872564823,1.0,1.0
KXNBA3PT-26APR08PORSAS-SASDFOX4-3,2026-04-08,fg3m,2.5,0.968,1.532,0.07625,0.08494503458026048,1.0,1.0
KXNBA3PT-26APR08PORSAS-SASDFOX4-4,2026-04-08,fg3m,3.5,0.968,2.532,0.018,0.024320825263396184,0.0,1.0
KXNBA3PT-26APR08PORSAS-SASDFOX4-5,2026-04-08,fg3m,4.5,0.968,3.532,0.00275,0.006183942399615505,0.0,1.0
KXNBAPTS-26APR07CHABOS-BOSDWHITE9-10,2026-04-07,pts,9.5,9.934,-0.4339999999999993,0.49575,0.47890105103506486,1.0,1.0
KXNBAPTS-26APR07CHABOS-BOSDWHITE9-15,2026-04-07,pts,14.5,9.934,4.566000000000001,0.17775,0.17331505723884233,0.0,1.0
KXNBAPTS-26APR07CHABOS-BOSDWHITE9-20,2026-04-07,pts,19.5,9.934,9.566,0.0495,0.04726106609638159,0.0,1.0
KXNBAPTS-26APR07CHABOS-BOSDWHITE9-25,2026-04-07,pts,24.5,9.934,14.566,0.00975,0.010613914649981404,0.0,1.0
KXNBAPTS-26APR07CHABOS-BOSJBROWN7-20,2026-04-07,pts,19.5,16.18225,3.31775,0.2875,0.29274627754211835,1.0,1.0
KXNBAPTS-26APR07CHABOS-BOSJBROWN7-25,2026-04-07,pts,24.5,16.18225,8.31775,0.113,0.13743594121247193,1.0,1.0
KXNBAPTS-26APR07CHABOS-BOSJBROWN7-30,2026-04-07,pts,29.5,16.18225,13.31775,0.0375,0.057422661728112834,1.0,1.0
KXNBAPTS-26APR07CHABOS-BOSJBROWN7-35,2026-04-07,pts,34.5,16.18225,18.31775,0.00975,0.021910395174600916,1.0,1.0
KXNBAPTS-26APR07CHABOS-BOSJTATUM0-15,2026-04-07,pts,14.5,13.496,1.0039999999999996,0.39775,0.38722543704289614,1.0,1.0
KXNBAPTS-26APR07CHABOS-BOSJTATUM0-20,2026-04-07,pts,19.5,13.496,6.004,0.153,0.16958139956945906,1.0,1.0
KXNBAPTS-26APR07CHABOS-BOSJTATUM0-25,2026-04-07,pts,24.5,13.496,11.004,0.04775,0.06266471156703934,0.0,1.0
KXNBAPTS-26APR07CHABOS-BOSJTATUM0-30,2026-04-07,pts,29.5,13.496,16.003999999999998,0.00875,0.020407446296995202,0.0,1.0
KXNBAPTS-26APR07CHABOS-BOSNQUETA88-10,2026-04-07,pts,9.5,9.614,-0.11400000000000077,0.469,0.4537831384290636,1.0,1.0
KXNBAPTS-26APR07CHABOS-BOSNQUETA88-15,2026-04-07,pts,14.5,9.614,4.885999999999999,0.16775,0.1556885979492424,0.0,1.0
KXNBAPTS-26APR07CHABOS-BOSNQUETA88-20,2026-04-07,pts,19.5,9.614,9.886,0.03975,0.04005354697515828,0.0,1.0
KXNBAPTS-26APR07CHABOS-BOSNVUCEVIC4-10,2026-04-07,pts,9.5,5.82775,3.67225,0.19625,0.1364462129039814,0.0,1.0
KXNBAPTS-26APR07CHABOS-BOSNVUCEVIC4-15,2026-04-07,pts,14.5,5.82775,8.67225,0.048,0.016929279712528555,0.0,1.0
KXNBAPTS-26APR07CHABOS-BOSNVUCEVIC4-20,2026-04-07,pts,19.5,5.82775,13.67225,0.0095,0.0014875267112941515,0.0,1.0
KXNBAPTS-26APR07CHABOS-BOSPPRITCHARD11-10,2026-04-07,pts,9.5,11.719,-2.2189999999999994,0.60025,0.6039066804678728,1.0,1.0
KXNBAPTS-26APR07CHABOS-BOSPPRITCHARD11-15,2026-04-07,pts,14.5,11.719,2.7810000000000006,0.29075,0.2791509261337155,0.0,1.0
KXNBAPTS-26APR07CHABOS-BOSPPRITCHARD11-20,2026-04-07,pts,19.5,11.719,7.781000000000001,0.10375,0.09985003665797287,0.0,1.0
KXNBAPTS-26APR07CHABOS-BOSPPRITCHARD11-25,2026-04-07,pts,24.5,11.719,12.781,0.02825,0.029773115499172276,0.0,1.0
KXNBAPTS-26APR07CHABOS-BOSSHAUSER30-10,2026-04-07,pts,9.5,7.751,1.7489999999999997,0.32,0.29623558212158074,0.0,1.0
KXNBAPTS-26APR07CHABOS-BOSSHAUSER30-15,2026-04-07,pts,14.5,7.751,6.749,0.09175,0.06870206616490449,0.0,1.0
KXNBAPTS-26APR07CHABOS-BOSSHAUSER30-20,2026-04-07,pts,19.5,7.751,11.748999999999999,0.02025,0.011614298147021085,0.0,1.0
KXNBAPTS-26APR07CHABOS-CHABMILLER24-10,2026-04-07,pts,9.5,11.43525,-1.93525,0.59575,0.5858310344136497,1.0,1.0
KXNBAPTS-26APR07CHABOS-CHABMILLER24-15,2026-04-07,pts,14.5,11.43525,3.06475,0.2745,0.2618196193350728,1.0,1.0
KXNBAPTS-26APR07CHABOS-CHABMILLER24-20,2026-04-07,pts,19.5,11.43525,8.06475,0.09875,0.09016886671198843,1.0,1.0
KXNBAPTS-26APR07CHABOS-CHABMILLER24-25,2026-04-07,pts,24.5,11.43525,13.06475,0.0265,0.025836753563079018,0.0,1.0
KXNBAPTS-26APR07CHABOS-CHAKKNUEPPEL7-10,2026-04-07,pts,9.5,10.609,-1.109,0.54025,0.5292905098648828,1.0,1.0
KXNBAPTS-26APR07CHABOS-CHAKKNUEPPEL7-15,2026-04-07,pts,14.5,10.609,3.891,0.2305,0.21217909696499893,0.0,1.0
KXNBAPTS-26APR07CHABOS-CHAKKNUEPPEL7-20,2026-04-07,pts,19.5,10.609,8.891,0.068,0.06474356871604114,0.0,1.0
KXNBAPTS-26APR07CHABOS-CHAKKNUEPPEL7-25,2026-04-07,pts,24.5,10.609,13.891,0.01525,0.01634473482679677,0.0,1.0
KXNBAPTS-26APR07CHABOS-CHALBALL1-10,2026-04-07,pts,9.5,12.2545,-2.7545,0.63825,0.6361592864670451,1.0,1.0
KXNBAPTS-26APR07CHABOS-CHALBALL1-15,2026-04-07,pts,14.5,12.2545,2.2455,0.3265,0.31197723294937985,1.0,1.0
KXNBAPTS-26APR07CHABOS-CHALBALL1-20,2026-04-07,pts,19.5,12.2545,7.2455,0.12575,0.11932077454753742,1.0,1.0
KXNBAPTS-26APR07CHABOS-CHALBALL1-25,2026-04-07,pts,24.5,12.2545,12.2455,0.03375,0.038182368137818945,1.0,1.0
KXNBAPTS-26APR07CHABOS-CHALBALL1-30,2026-04-07,pts,29.5,12.2545,17.2455,0.00725,0.010719814558536767,1.0,1.0
KXNBAPTS-26APR07CHABOS-CHALBALL1-50,2026-04-07,pts,49.5,12.2545,37.2455,0.0,2.9860421231320267e-05,0.0,1.0
KXNBAPTS-26APR07CHABOS-CHALBALL1-60,2026-04-07,pts,59.5,12.2545,47.2455,0.0,1.1728636445385021e-06,0.0,1.0
KXNBAPTS-26APR07CHABOS-CHAMBRIDGES0-10,2026-04-07,pts,9.5,10.72275,-1.2227499999999996,0.55225,0.5374168623040749,1.0,1.0
KXNBAPTS-26APR07CHABOS-CHAMBRIDGES0-15,2026-04-07,pts,14.5,10.72275,3.7772500000000004,0.232,0.21890653774434432,0.0,1.0
KXNBAPTS-26APR07CHABOS-CHAMBRIDGES0-20,2026-04-07,pts,19.5,10.72275,8.77725,0.067,0.06798779273813382,0.0,1.0
KXNBAPTS-26APR07CHABOS-CHAMBRIDGES0-25,2026-04-07,pts,24.5,10.72275,13.77725,0.01675,0.017483384491074783,0.0,1.0
KXNBAPTS-26APR07CHABOS-CHAMDIABATE14-10,2026-04-07,pts,9.5,7.6875,1.8125,0.30775,0.29069143196972946,0.0,1.0
KXNBAPTS-26APR07CHABOS-CHAMDIABATE14-15,2026-04-07,pts,14.5,7.6875,6.8125,0.07725,0.0663232899391214,0.0,1.0
KXNBAPTS-26APR07CHABOS-CHAMDIABATE14-20,2026-04-07,pts,19.5,7.6875,11.8125,0.0115,0.011019763524143578,0.0,1.0
KXNBAREB-26APR07CHABOS-BOSJBROWN7-10,2026-04-07,reb,9.5,4.36375,5.13625,0.0195,0.03501672929133548,0.0,1.0
KXNBAREB-26APR07CHABOS-BOSJBROWN7-2,2026-04-07,reb,1.5,4.36375,-2.8637499999999996,0.91475,0.8927500274662229,1.0,1.0
KXNBAREB-26APR07CHABOS-BOSJBROWN7-4,2026-04-07,reb,3.5,4.36375,-0.8637499999999996,0.62425,0.5918951164298099,1.0,1.0
KXNBAREB-26APR07CHABOS-BOSJBROWN7-6,2026-04-07,reb,5.5,4.36375,1.1362500000000004,0.2865,0.28945220941859684,1.0,1.0
KXNBAREB-26APR07CHABOS-BOSJBROWN7-8,2026-04-07,reb,7.5,4.36375,3.1362500000000004,0.085,0.11072467361216698,1.0,1.0
KXNBAREB-26APR07CHABOS-BOSJTATUM0-10,2026-04-07,reb,9.5,5.63025,3.86975,0.08175,0.10313850792102686,0.0,1.0
KXNBAREB-26APR07CHABOS-BOSJTATUM0-12,2026-04-07,reb,11.5,5.63025,5.86975,0.0225,0.03869690465283471,0.0,1.0
KXNBAREB-26APR07CHABOS-BOSJTATUM0-6,2026-04-07,reb,5.5,5.63025,-0.1302500000000002,0.476,0.46952601439147235,0.0,1.0
KXNBAREB-26APR07CHABOS-BOSJTATUM0-8,2026-04-07,reb,7.5,5.63025,1.8697499999999998,0.21475,0.23960370689647992,0.0,1.0
KXNBAREB-26APR07CHABOS-BOSJTATUM0-9,2026-04-07,reb,8.5,5.63025,2.86975,0.13625,0.1602269016104576,0.0,1.0
KXNBAREB-26APR07CHABOS-BOSNQUETA88-10,2026-04-07,reb,9.5,4.63625,4.86375,0.032,0.04622985785829825,0.0,1.0
KXNBAREB-26APR07CHABOS-BOSNQUETA88-12,2026-04-07,reb,11.5,4.63625,6.86375,0.0055,0.013639989533099306,0.0,1.0
KXNBAREB-26APR07CHABOS-BOSNQUETA88-6,2026-04-07,reb,5.5,4.63625,0.8637499999999996,0.331,0.3290896891947779,0.0,1.0
KXNBAREB-26APR07CHABOS-BOSNQUETA88-8,2026-04-07,reb,7.5,4.63625,2.8637499999999996,0.11925,0.13536673944777877,0.0,1.0
KXNBAREB-26APR07CHABOS-BOSNQUETA88-9,2026-04-07,reb,8.5,4.63625,3.8637499999999996,0.06125,0.08074526128634019,0.0,1.0
KXNBAREB-26APR07CHABOS-BOSNVUCEVIC4-2,2026-04-07,reb,1.5,2.782,-1.282,0.69025,0.7278317756359338,1.0,1.0
KXNBAREB-26APR07CHABOS-BOSNVUCEVIC4-4,2026-04-07,reb,3.5,2.782,0.718,0.31675,0.3084054804395344,1.0,1.0
KXNBAREB-26APR07CHABOS-BOSNVUCEVIC4-5,2026-04-07,reb,4.5,2.782,1.718,0.1835,0.17028502807066692,1.0,1.0
KXNBAREB-26APR07CHABOS-BOSNVUCEVIC4-6,2026-04-07,reb,5.5,2.782,2.718,0.11125,0.08622681675205845,1.0,1.0
KXNBAREB-26APR07CHABOS-BOSNVUCEVIC4-8,2026-04-07,reb,7.5,2.782,4.718,0.032,0.01796554386182414,0.0,1.0
KXNBAREB-26APR07CHABOS-BOSPPRITCHARD11-2,2026-04-07,reb,1.5,3.28575,-1.7857500000000002,0.818,0.7980753980947143,1.0,1.0
KXNBAREB-26APR07CHABOS-BOSPPRITCHARD11-3,2026-04-07,reb,2.5,3.28575,-0.7857500000000002,0.6105,0.6015997317693051,1.0,1.0
KXNBAREB-26APR07CHABOS-BOSPPRITCHARD11-4,2026-04-07,reb,3.5,3.28575,0.21424999999999983,0.412,0.4069200593196378,1.0,1.0
KXNBAREB-26APR07CHABOS-BOSPPRITCHARD11-6,2026-04-07,reb,5.5,3.28575,2.21425,0.1325,0.14208049315149296,0.0,1.0
KXNBAREB-26APR07CHABOS-BOSPPRITCHARD11-8,2026-04-07,reb,7.5,3.28575,4.21425,0.02925,0.037537086559473076,0.0,1.0
KXNBAREB-26APR07CHABOS-CHABMILLER24-2,2026-04-07,reb,1.5,4.2915,-2.7915,0.9195,0.8881593411449148,0.0,1.0
KXNBAREB-26APR07CHABOS-CHABMILLER24-4,2026-04-07,reb,3.5,4.2915,-0.7915000000000001,0.59925,0.5809613672928629,0.0,1.0
KXNBAREB-26APR07CHABOS-CHABMILLER24-5,2026-04-07,reb,4.5,4.2915,0.2084999999999999,0.416,0.41693476810578134,0.0,1.0
KXNBAREB-26APR07CHABOS-CHABMILLER24-6,2026-04-07,reb,5.5,4.2915,1.2085,0.26725,0.27898184517112057,0.0,1.0
KXNBAREB-26APR07CHABOS-CHABMILLER24-8,2026-04-07,reb,7.5,4.2915,3.2085,0.08375,0.10456102827513714,0.0,1.0
KXNBAREB-26APR07CHABOS-CHAKKNUEPPEL7-2,2026-04-07,reb,1.5,4.10675,-2.60675,0.898,0.8754593083255316,1.0,1.0
KXNBAREB-26APR07CHABOS-CHAKKNUEPPEL7-4,2026-04-07,reb,3.5,4.10675,-0.6067499999999999,0.56575,0.5519867021433996,1.0,1.0
KXNBAREB-26APR07CHABOS-CHAKKNUEPPEL7-5,2026-04-07,reb,4.5,4.10675,0.3932500000000001,0.386,0.3869431349378665,1.0,1.0
KXNBAREB-26APR07CHABOS-CHAKKNUEPPEL7-6,2026-04-07,reb,5.5,4.10675,1.39325,0.246,0.25239578428148324,0.0,1.0
KXNBAREB-26APR07CHABOS-CHAKKNUEPPEL7-8,2026-04-07,reb,7.5,4.10675,3.39325,0.07325,0.08956095136417797,0.0,1.0
KXNBAREB-26APR07CHABOS-CHALBALL1-2,2026-04-07,reb,1.5,3.8755,-2.3755,0.87675,0.857409857257053,1.0,1.0
KXNBAREB-26APR07CHABOS-CHALBALL1-4,2026-04-07,reb,3.5,3.8755,-0.37550000000000017,0.5295,0.5137022655239728,1.0,1.0
KXNBAREB-26APR07CHABOS-CHALBALL1-5,2026-04-07,reb,4.5,3.8755,0.6244999999999998,0.34925,0.3487295529957377,1.0,1.0
KXNBAREB-26APR07CHABOS-CHALBALL1-6,2026-04-07,reb,5.5,3.8755,1.6244999999999998,0.215,0.21972849814858697,0.0,1.0
KXNBAREB-26APR07CHABOS-CHALBALL1-8,2026-04-07,reb,7.5,3.8755,3.6245,0.06,0.07241671159930141,0.0,1.0
KXNBAREB-26APR07CHABOS-CHAMBRIDGES0-10,2026-04-07,reb,9.5,4.1265,5.3735,0.01375,0.026791240746162348,1.0,1.0
KXNBAREB-26APR07CHABOS-CHAMBRIDGES0-2,2026-04-07,reb,1.5,4.1265,-2.6265,0.90625,0.8768861907985751,1.0,1.0
KXNBAREB-26APR07CHABOS-CHAMBRIDGES0-4,2026-04-07,reb,3.5,4.1265,-0.6265000000000001,0.57375,0.5551533595452984,1.0,1.0
KXNBAREB-26APR07CHABOS-CHAMBRIDGES0-6,2026-04-07,reb,5.5,4.1265,1.3735,0.24325,0.2552212949450321,1.0,1.0
KXNBAREB-26APR07CHABOS-CHAMBRIDGES0-8,2026-04-07,reb,7.5,4.1265,3.3735,0.07675,0.09111068758324614,1.0,1.0
KXNBAREB-26APR07CHABOS-CHAMDIABATE14-10,2026-04-07,reb,9.5,5.48475,4.01525,0.0635,0.09330426551916471,0.0,1.0
KXNBAREB-26APR07CHABOS-CHAMDIABATE14-12,2026-04-07,reb,11.5,5.48475,6.01525,0.01725,0.03393450890264682,0.0,1.0
KXNBAREB-26APR07CHABOS-CHAMDIABATE14-6,2026-04-07,reb,5.5,5.48475,0.015249999999999986,0.463,0.4497839824052272,0.0,1.0
KXNBAREB-26APR07CHABOS-CHAMDIABATE14-8,2026-04-07,reb,7.5,5.48475,2.01525,0.2105,0.2233132228417135,0.0,1.0
KXNBAREB-26APR07CHABOS-CHAMDIABATE14-9,2026-04-07,reb,8.5,5.48475,3.01525,0.12875,0.14715628344261666,0.0,1.0
KXNBAAST-26APR07CHABOS-BOSDWHITE9-2,2026-04-07,ast,1.5,2.93825,-1.43825,0.787,0.7537418194717288,1.0,1.0
KXNBAAST-26APR07CHABOS-BOSDWHITE9-4,2026-04-07,ast,3.5,2.93825,0.56175,0.33625,0.3393989702773281,0.0,1.0
KXNBAAST-26APR07CHABOS-BOSDWHITE9-5,2026-04-07,ast,4.5,2.93825,1.56175,0.17775,0.19354314681826312,0.0,1.0
KXNBAAST-26APR07CHABOS-BOSDWHITE9-6,2026-04-07,ast,5.5,2.93825,2.56175,0.078,0.10118388192686179,0.0,1.0
KXNBAAST-26APR07CHABOS-BOSDWHITE9-8,2026-04-07,ast,7.5,2.93825,4.56175,0.01525,0.022414704243919115,0.0,1.0
KXNBAAST-26APR07CHABOS-BOSJBROWN7-10,2026-04-07,ast,9.5,3.37525,6.124750000000001,0.0035,0.008961474116364943,0.0,1.0
KXNBAAST-26APR07CHABOS-BOSJBROWN7-2,2026-04-07,ast,1.5,3.37525,-1.8752499999999999,0.83075,0.8104713486286965,1.0,1.0
KXNBAAST-26APR07CHABOS-BOSJBROWN7-4,2026-04-07,ast,3.5,3.37525,0.12475000000000014,0.44325,0.42444406455850614,0.0,1.0
KXNBAAST-26APR07CHABOS-BOSJBROWN7-6,2026-04-07,ast,5.5,3.37525,2.12475,0.135,0.15205925205981663,0.0,1.0
KXNBAAST-26APR07CHABOS-BOSJBROWN7-8,2026-04-07,ast,7.5,3.37525,4.124750000000001,0.025,0.04103222055159206,0.0,1.0
KXNBAAST-26APR07CHABOS-BOSJTATUM0-10,2026-04-07,ast,9.5,3.45125,6.04875,0.00225,0.01014639796892891,0.0,1.0
KXNBAAST-26APR07CHABOS-BOSJTATUM0-2,2026-04-07,ast,1.5,3.45125,-1.95125,0.85225,0.8189004351344881,1.0,1.0
KXNBAAST-26APR07CHABOS-BOSJTATUM0-4,2026-04-07,ast,3.5,3.45125,0.04875000000000007,0.45975,0.4387465471016644,1.0,1.0
KXNBAAST-26APR07CHABOS-BOSJTATUM0-6,2026-04-07,ast,5.5,3.45125,2.04875,0.13775,0.16170734443879287,0.0,1.0
KXNBAAST-26APR07CHABOS-BOSJTATUM0-8,2026-04-07,ast,7.5,3.45125,4.04875,0.02375,0.044998801532915245,0.0,1.0
KXNBAAST-26APR07CHABOS-BOSPPRITCHARD11-2,2026-04-07,ast,1.5,2.7285,-1.2285,0.74325,0.7208202486153512,1.0,1.0
KXNBAAST-26APR07CHABOS-BOSPPRITCHARD11-4,2026-04-07,ast,3.5,2.7285,0.7715000000000001,0.2905,0.2975892432817666,0.0,1.0
KXNBAAST-26APR07CHABOS-BOSPPRITCHARD11-5,2026-04-07,ast,4.5,2.7285,1.7715,0.1535,0.16138771859569911,0.0,1.0
KXNBAAST-26APR07CHABOS-BOSPPRITCHARD11-6,2026-04-07,ast,5.5,2.7285,2.7715,0.06875,0.08005244813074708,0.0,1.0
KXNBAAST-26APR07CHABOS-BOSPPRITCHARD11-8,2026-04-07,ast,7.5,2.7285,4.7715,0.01075,0.015898714973054173,0.0,1.0
KXNBAAST-26APR07CHABOS-CHABMILLER24-2,2026-04-07,ast,1.5,2.332,-0.8319999999999999,0.6665,0.6466400371036094,1.0,1.0
KXNBAAST-26APR07CHABOS-CHABMILLER24-3,2026-04-07,ast,2.5,2.332,0.16800000000000015,0.408,0.40346026436173976,0.0,1.0
KXNBAAST-26APR07CHABOS-CHABMILLER24-4,2026-04-07,ast,3.5,2.332,1.1680000000000001,0.216,0.21922485532516567,0.0,1.0
KXNBAAST-26APR07CHABOS-CHABMILLER24-6,2026-04-07,ast,5.5,2.332,3.168,0.0335,0.046966914360148104,0.0,1.0
KXNBAAST-26APR07CHABOS-CHABMILLER24-8,2026-04-07,ast,7.5,2.332,5.168,0.004,0.007340724051809078,0.0,1.0
KXNBAAST-26APR07CHABOS-CHAKKNUEPPEL7-2,2026-04-07,ast,1.5,2.173,-0.673,0.6305,0.6120149198793376,1.0,1.0
KXNBAAST-26APR07CHABOS-CHAKKNUEPPEL7-3,2026-04-07,ast,2.5,2.173,0.32699999999999996,0.366,0.36523899311768726,1.0,1.0
KXNBAAST-26APR07CHABOS-CHAKKNUEPPEL7-4,2026-04-07,ast,3.5,2.173,1.327,0.18175,0.18888336293840857,1.0,1.0
KXNBAAST-26APR07CHABOS-CHAKKNUEPPEL7-6,2026-04-07,ast,5.5,2.173,3.327,0.0295,0.03638575023637125,0.0,1.0
KXNBAAST-26APR07CHABOS-CHAKKNUEPPEL7-8,2026-04-07,ast,7.5,2.173,5.327,0.0035,0.0050894646660923915,0.0,1.0
KXNBAAST-26APR07CHABOS-CHALBALL1-10,2026-04-07,ast,9.5,3.586,5.914,0.00575,0.012515459265357132,0.0,1.0
KXNBAAST-26APR07CHABOS-CHALBALL1-12,2026-04-07,ast,11.5,3.586,7.914,0.0,0.002538317357448139,0.0,1.0
KXNBAAST-26APR07CHABOS-CHALBALL1-6,2026-04-07,ast,5.5,3.586,1.9140000000000001,0.16125,0.17929480596699732,1.0,1.0
KXNBAAST-26APR07CHABOS-CHALBALL1-7,2026-04-07,ast,6.5,3.586,2.914,0.08025,0.10001945556507874,0.0,1.0
KXNBAAST-26APR07CHABOS-CHALBALL1-8,2026-04-07,ast,7.5,3.586,3.914,0.03625,0.05257062641783772,0.0,1.0
KXNBAAST-26APR07CHABOS-CHAMBRIDGES0-2,2026-04-07,ast,1.5,2.0275,-0.5274999999999999,0.59175,0.5776866361457805,1.0,1.0
KXNBAAST-26APR07CHABOS-CHAMBRIDGES0-3,2026-04-07,ast,2.5,2.0275,0.47250000000000014,0.33275,0.32948610021860625,1.0,1.0
KXNBAAST-26APR07CHABOS-CHAMBRIDGES0-4,2026-04-07,ast,3.5,2.0275,1.4725000000000001,0.15875,0.16210484697717042,1.0,1.0
KXNBAAST-26APR07CHABOS-CHAMBRIDGES0-6,2026-04-07,ast,5.5,2.0275,3.4725,0.02125,0.02807261451195031,0.0,1.0
KXNBAAST-26APR07CHABOS-CHAMBRIDGES0-8,2026-04-07,ast,7.5,2.0275,5.4725,0.00075,0.0035150036276629937,0.0,1.0
KXNBA3PT-26APR07CHABOS-BOSDWHITE9-1,2026-04-07,fg3m,0.5,1.48125,-0.98125,0.769,0.7417387559079729,1.0,1.0
KXNBA3PT-26APR07CHABOS-BOSDWHITE9-2,2026-04-07,fg3m,1.5,1.48125,0.018750000000000044,0.4305,0.42135730605631105,1.0,1.0
KXNBA3PT-26APR07CHABOS-BOSDWHITE9-3,2026-04-07,fg3m,2.5,1.48125,1.01875,0.18775,0.19660296160602309,1.0,1.0
KXNBA3PT-26APR07CHABOS-BOSDWHITE9-4,2026-04-07,fg3m,3.5,1.48125,2.01875,0.068,0.07931476219433486,1.0,1.0
KXNBA3PT-26APR07CHABOS-BOSDWHITE9-5,2026-04-07,fg3m,4.5,1.48125,3.01875,0.01675,0.028644451430525186,0.0,1.0
KXNBA3PT-26APR07CHABOS-BOSJBROWN7-1,2026-04-07,fg3m,0.5,1.1245,-0.6245,0.67475,0.649713839007239,1.0,1.0
KXNBA3PT-26APR07CHABOS-BOSJBROWN7-2,2026-04-07,fg3m,1.5,1.1245,0.37549999999999994,0.304,0.3063916682796719,1.0,1.0
KXNBA3PT-26APR07CHABOS-BOSJBROWN7-3,2026-04-07,fg3m,2.5,1.1245,1.3755,0.109,0.11610282368632474,1.0,1.0
KXNBA3PT-26APR07CHABOS-BOSJBROWN7-4,2026-04-07,fg3m,3.5,1.1245,2.3754999999999997,0.0295,0.037646076298787245,0.0,1.0
KXNBA3PT-26APR07CHABOS-BOSJBROWN7-5,2026-04-07,fg3m,4.5,1.1245,3.3754999999999997,0.0065,0.0108667100673695,0.0,1.0
KXNBA3PT-26APR07CHABOS-BOSJTATUM0-2,2026-04-07,fg3m,1.5,1.74275,-0.24275000000000002,0.5125,0.4966252704326819,1.0,1.0
KXNBA3PT-26APR07CHABOS-BOSJTATUM0-3,2026-04-07,fg3m,2.5,1.74275,0.75725,0.2585,0.25971730449368247,1.0,1.0
KXNBA3PT-26APR07CHABOS-BOSJTATUM0-4,2026-04-07,fg3m,3.5,1.74275,1.75725,0.09725,0.11831766073342087,0.0,1.0
KXNBA3PT-26APR07CHABOS-BOSJTATUM0-5,2026-04-07,fg3m,4.5,1.74275,2.75725,0.0325,0.048450999217978685,0.0,1.0
KXNBA3PT-26APR07CHABOS-BOSJTATUM0-6,2026-04-07,fg3m,5.5,1.74275,3.75725,0.0095,0.01823649270483574,0.0,1.0
KXNBA3PT-26APR07CHABOS-BOSNVUCEVIC4-1,2026-04-07,fg3m,0.5,0.53125,-0.03125,0.402,0.40165000235463666,0.0,1.0
KXNBA3PT-26APR07CHABOS-BOSNVUCEVIC4-2,2026-04-07,fg3m,1.5,0.53125,0.96875,0.1055,0.10445918925471032,0.0,1.0
KXNBA3PT-26APR07CHABOS-BOSNVUCEVIC4-3,2026-04-07,fg3m,2.5,0.53125,1.96875,0.01925,0.020985794515582024,0.0,1.0
KXNBA3PT-26APR07CHABOS-BOSNVUCEVIC4-4,2026-04-07,fg3m,3.5,0.53125,2.96875,0.004,0.0035450001063604963,0.0,1.0
KXNBA3PT-26APR07CHABOS-BOSNVUCEVIC4-5,2026-04-07,fg3m,4.5,0.53125,3.96875,0.0005,0.0005282629368398295,0.0,1.0
KXNBA3PT-26APR07CHABOS-BOSPPRITCHARD11-1,2026-04-07,fg3m,0.5,1.701,-1.201,0.80425,0.7846818643873746,1.0,1.0
KXNBA3PT-26APR07CHABOS-BOSPPRITCHARD11-2,2026-04-07,fg3m,1.5,1.701,-0.20100000000000007,0.49525,0.4851669284092417,1.0,1.0
KXNBA3PT-26APR07CHABOS-BOSPPRITCHARD11-3,2026-04-07,fg3m,2.5,1.701,0.7989999999999999,0.2495,0.2495595064524273,1.0,1.0
KXNBA3PT-26APR07CHABOS-BOSPPRITCHARD11-4,2026-04-07,fg3m,3.5,1.701,1.799,0.10025,0.1116910412181582,1.0,1.0
KXNBA3PT-26APR07CHABOS-BOSPPRITCHARD11-5,2026-04-07,fg3m,4.5,1.701,2.799,0.036,0.044903733059192596,0.0,1.0
KXNBA3PT-26APR07CHABOS-CHAKKNUEPPEL7-2,2026-04-07,fg3m,1.5,1.67125,-0.1712499999999999,0.491,0.4768711202484456,1.0,1.0
KXNBA3PT-26APR07CHABOS-CHAKKNUEPPEL7-3,2026-04-07,fg3m,2.5,1.67125,0.8287500000000001,0.2385,0.2423302192609178,1.0,1.0
KXNBA3PT-26APR07CHABOS-CHAKKNUEPPEL7-4,2026-04-07,fg3m,3.5,1.67125,1.82875,0.09825,0.10705507442263518,0.0,1.0
KXNBA3PT-26APR07CHABOS-CHAKKNUEPPEL7-5,2026-04-07,fg3m,4.5,1.67125,2.8287500000000003,0.03325,0.04246430604931406,0.0,1.0
KXNBA3PT-26APR07CHABOS-CHAKKNUEPPEL7-6,2026-04-07,fg3m,5.5,1.67125,3.8287500000000003,0.0075,0.015471580942584828,0.0,1.0
KXNBA3PT-26APR07CHABOS-CHALBALL1-2,2026-04-07,fg3m,1.5,2.35125,-0.8512499999999998,0.67425,0.6397440988222312,1.0,1.0
KXNBA3PT-26APR07CHABOS-CHALBALL1-3,2026-04-07,fg3m,2.5,2.35125,0.14875000000000016,0.415,0.4044368494823496,1.0,1.0
KXNBA3PT-26APR07CHABOS-CHALBALL1-4,2026-04-07,fg3m,3.5,2.35125,1.1487500000000002,0.21425,0.22650245428374638,1.0,1.0
KXNBA3PT-26APR07CHABOS-CHALBALL1-5,2026-04-07,fg3m,4.5,2.35125,2.14875,0.09525,0.11511467879820048,1.0,1.0
KXNBA3PT-26APR07CHABOS-CHALBALL1-6,2026-04-07,fg3m,5.5,2.35125,3.14875,0.0385,0.054085293925719924,1.0,1.0
KXNBA3PT-26APR07CHABOS-CHAMBRIDGES0-1,2026-04-07,fg3m,0.5,1.1335,-0.6335,0.672,0.6524494884121308,1.0,1.0
KXNBA3PT-26APR07CHABOS-CHAMBRIDGES0-2,2026-04-07,fg3m,1.5,1.1335,0.36650000000000005,0.31425,0.3094347304194738,0.0,1.0
KXNBA3PT-26APR07CHABOS-CHAMBRIDGES0-3,2026-04-07,fg3m,2.5,1.1335,1.3665,0.1105,0.11799137897238954,0.0,1.0
KXNBA3PT-26APR07CHABOS-CHAMBRIDGES0-4,2026-04-07,fg3m,3.5,1.1335,2.3665000000000003,0.02825,0.03850855987349833,0.0,1.0
KXNBA3PT-26APR07CHABOS-CHAMBRIDGES0-5,2026-04-07,fg3m,4.5,1.1335,3.3665000000000003,0.007,0.0111899081848027,0.0,1.0
KXNBAPTS-26APR07MININD-MINDDIVINCENZO0-10,2026-04-07,pts,9.5,9.01525,0.48475,0.427,0.40491243913831465,1.0,1.0
KXNBAPTS-26APR07MININD-MINDDIVINCENZO0-15,2026-04-07,pts,14.5,9.01525,5.48475,0.14325,0.12450603806134952,0.0,1.0
KXNBAPTS-26APR07MININD-MINDDIVINCENZO0-20,2026-04-07,pts,19.5,9.01525,10.48475,0.03175,0.02844800196320263,0.0,1.0
KXNBAPTS-26APR07MININD-MINJRANDLE30-20,2026-04-07,pts,19.5,13.83775,5.66225,0.17575,0.18442616785686794,0.0,1.0
KXNBAPTS-26APR07MININD-MINJRANDLE30-25,2026-04-07,pts,24.5,13.83775,10.66225,0.05225,0.07060513078125452,0.0,1.0
KXNBAPTS-26APR07MININD-MINJRANDLE30-30,2026-04-07,pts,29.5,13.83775,15.66225,0.012,0.02385113847321696,0.0,1.0
KXNBAPTS-26APR07MININD-MINJRANDLE30-35,2026-04-07,pts,34.5,13.83775,20.66225,0.00225,0.007321291751188785,0.0,1.0
KXNBAPTS-26APR07MININD-MINRGOBERT27-10,2026-04-07,pts,9.5,9.57425,-0.07424999999999926,0.4645,0.4506115232533725,0.0,1.0
KXNBAPTS-26APR07MININD-MINRGOBERT27-15,2026-04-07,pts,14.5,9.57425,4.925750000000001,0.1575,0.15354197440408823,0.0,1.0
KXNBAPTS-26APR07MININD-MINRGOBERT27-20,2026-04-07,pts,19.5,9.57425,9.92575,0.03625,0.03920724282041477,0.0,1.0
KXNBAREB-26APR07MININD-MINDDIVINCENZO0-10,2026-04-07,reb,9.5,3.33625,6.16375,0.0035,0.00878774423184503,0.0,1.0
KXNBAREB-26APR07MININD-MINDDIVINCENZO0-2,2026-04-07,reb,1.5,3.33625,-1.8362500000000002,0.83675,0.8040241295103494,1.0,1.0
KXNBAREB-26APR07MININD-MINDDIVINCENZO0-4,2026-04-07,reb,3.5,3.33625,0.16374999999999984,0.42525,0.41650840798867217,1.0,1.0
KXNBAREB-26APR07MININD-MINDDIVINCENZO0-6,2026-04-07,reb,5.5,3.33625,2.16375,0.126,0.14829438622111524,1.0,1.0
KXNBAREB-26APR07MININD-MINDDIVINCENZO0-8,2026-04-07,reb,7.5,3.33625,4.16375,0.02225,0.04001260519118699,0.0,1.0
KXNBAREB-26APR07MININD-MINJRANDLE30-10,2026-04-07,reb,9.5,4.86825,4.63175,0.03025,0.05728871070754071,0.0,1.0
KXNBAREB-26APR07MININD-MINJRANDLE30-12,2026-04-07,reb,11.5,4.86825,6.63175,0.00725,0.01799140506841801,0.0,1.0
KXNBAREB-26APR07MININD-MINJRANDLE30-6,2026-04-07,reb,5.5,4.86825,0.6317500000000003,0.3655,0.36274438717921287,0.0,1.0
KXNBAREB-26APR07MININD-MINJRANDLE30-7,2026-04-07,reb,6.5,4.86825,1.6317500000000003,0.22975,0.2455461689121795,0.0,1.0
KXNBAREB-26APR07MININD-MINJRANDLE30-8,2026-04-07,reb,7.5,4.86825,2.6317500000000003,0.135,0.15791878968293083,0.0,1.0
KXNBAREB-26APR07MININD-MINRGOBERT27-10,2026-04-07,reb,9.5,6.51,2.99,0.14375,0.17180862297719457,1.0,1.0
KXNBAREB-26APR07MININD-MINRGOBERT27-11,2026-04-07,reb,10.5,6.51,3.99,0.083,0.11596747354714854,1.0,1.0
KXNBAREB-26APR07MININD-MINRGOBERT27-12,2026-04-07,reb,11.5,6.51,4.99,0.047,0.0760190865692073,1.0,1.0
KXNBAREB-26APR07MININD-MINRGOBERT27-14,2026-04-07,reb,13.5,6.51,6.99,0.01075,0.030234784330608444,0.0,1.0
KXNBAREB-26APR07MININD-MINRGOBERT27-16,2026-04-07,reb,15.5,6.51,8.99,0.00325,0.011006399670091871,0.0,1.0
KXNBAAST-26APR07MININD-MINDDIVINCENZO0-10,2026-04-07,ast,9.5,2.107,7.393,0.0005,0.0004574978900223625,0.0,1.0
KXNBAAST-26APR07MININD-MINDDIVINCENZO0-2,2026-04-07,ast,1.5,2.107,-0.6070000000000002,0.61925,0.5967624800047917,1.0,1.0
KXNBAAST-26APR07MININD-MINDDIVINCENZO0-4,2026-04-07,ast,3.5,2.107,1.3929999999999998,0.166,0.1766013856640426,1.0,1.0
KXNBAAST-26APR07MININD-MINDDIVINCENZO0-6,2026-04-07,ast,5.5,2.107,3.393,0.022,0.032453412678730253,0.0,1.0
KXNBAAST-26APR07MININD-MINDDIVINCENZO0-8,2026-04-07,ast,7.5,2.107,5.393,0.002,0.004322045702532584,0.0,1.0
KXNBAAST-26APR07MININD-MINJRANDLE30-2,2026-04-07,ast,1.5,2.936,-1.436,0.775,0.7534097589769346,1.0,1.0
KXNBAAST-26APR07MININD-MINJRANDLE30-4,2026-04-07,ast,3.5,2.936,0.5640000000000001,0.3395,0.33895217861300353,1.0,1.0
KXNBAAST-26APR07MININD-MINJRANDLE30-5,2026-04-07,ast,4.5,2.936,1.564,0.183,0.1931896047194568,0.0,1.0
KXNBAAST-26APR07MININD-MINJRANDLE30-6,2026-04-07,ast,5.5,2.936,2.564,0.08575,0.100944907888325,0.0,1.0
KXNBAAST-26APR07MININD-MINJRANDLE30-8,2026-04-07,ast,7.5,2.936,4.564,0.01375,0.02233681097462592,0.0,1.0
KXNBAPTS-26APR07DALLAC-DALCFLAGG32-20,2026-04-07,pts,19.5,14.69,4.8100000000000005,0.21725,0.22280383546044136,1.0,1.0
KXNBAPTS-26APR07DALLAC-DALCFLAGG32-25,2026-04-07,pts,24.5,14.69,9.81,0.0775,0.09253466437301938,1.0,1.0
KXNBAPTS-26APR07DALLAC-DALCFLAGG32-30,2026-04-07,pts,29.5,14.69,14.81,0.01925,0.03401672701010239,0.0,1.0
KXNBAPTS-26APR07DALLAC-DALCFLAGG32-35,2026-04-07,pts,34.5,14.69,19.810000000000002,0.0075,0.011383408941989748,0.0,1.0
KXNBAPTS-26APR07DALLAC-DALKTHOMPSON31-10,2026-04-07,pts,9.5,7.30075,2.19925,0.2895,0.2570157027830984,1.0,1.0
KXNBAPTS-26APR07DALLAC-DALKTHOMPSON31-15,2026-04-07,pts,14.5,7.30075,7.19925,0.07925,0.05280100147369848,0.0,1.0
KXNBAPTS-26APR07DALLAC-DALKTHOMPSON31-20,2026-04-07,pts,19.5,7.30075,12.19925,0.01675,0.007853330668097014,0.0,1.0
KXNBAPTS-26APR07DALLAC-DALMCHRISTIE00-10,2026-04-07,pts,9.5,7.42675,2.07325,0.2935,0.2679585814750117,1.0,1.0
KXNBAPTS-26APR07DALLAC-DALMCHRISTIE00-15,2026-04-07,pts,14.5,7.42675,7.07325,0.077,0.0570220131312662,0.0,1.0
KXNBAPTS-26APR07DALLAC-DALMCHRISTIE00-20,2026-04-07,pts,19.5,7.42675,12.07325,0.01325,0.00880185778157394,0.0,1.0
KXNBAPTS-26APR07DALLAC-DALNMARSHALL13-10,2026-04-07,pts,9.5,10.8195,-1.3194999999999997,0.553,0.5442435099094685,0.0,1.0
KXNBAPTS-26APR07DALLAC-DALNMARSHALL13-15,2026-04-07,pts,14.5,10.8195,3.6805000000000003,0.2315,0.22466076564149629,0.0,1.0
KXNBAPTS-26APR07DALLAC-DALNMARSHALL13-20,2026-04-07,pts,19.5,10.8195,8.6805,0.0735,0.07081312273843832,0.0,1.0
KXNBAPTS-26APR07DALLAC-DALNMARSHALL13-25,2026-04-07,pts,24.5,10.8195,13.6805,0.01625,0.018493021974282153,0.0,1.0
KXNBAPTS-26APR07DALLAC-LACBLOPEZ11-10,2026-04-07,pts,9.5,8.518,0.9819999999999993,0.38275,0.36280266541078965,0.0,1.0
KXNBAPTS-26APR07DALLAC-LACBLOPEZ11-15,2026-04-07,pts,14.5,8.518,5.981999999999999,0.11975,0.10075354483544308,0.0,1.0
KXNBAPTS-26APR07DALLAC-LACBLOPEZ11-20,2026-04-07,pts,19.5,8.518,10.982,0.02675,0.020634812490644583,0.0,1.0
KXNBAPTS-26APR07DALLAC-LACBMATHURIN9-10,2026-04-07,pts,9.5,12.28575,-2.78575,0.63725,0.6379671486299267,0.0,1.0
KXNBAPTS-26APR07DALLAC-LACBMATHURIN9-15,2026-04-07,pts,14.5,12.28575,2.21425,0.323,0.31389241534328927,0.0,1.0
KXNBAPTS-26APR07DALLAC-LACBMATHURIN9-20,2026-04-07,pts,19.5,12.28575,7.21425,0.1215,0.12050258659583457,0.0,1.0
KXNBAPTS-26APR07DALLAC-LACBMATHURIN9-25,2026-04-07,pts,24.5,12.28575,12.21425,0.0435,0.03871312026783158,0.0,1.0
KXNBAPTS-26APR07DALLAC-LACDGARLAND10-10,2026-04-07,pts,9.5,12.5225,-3.022500000000001,0.66,0.651401170516905,1.0,1.0
KXNBAPTS-26APR07DALLAC-LACDGARLAND10-15,2026-04-07,pts,14.5,12.5225,1.9774999999999991,0.34,0.3283838065190484,1.0,1.0
KXNBAPTS-26APR07DALLAC-LACDGARLAND10-20,2026-04-07,pts,19.5,12.5225,6.977499999999999,0.12425,0.12960892086635278,1.0,1.0
KXNBAPTS-26APR07DALLAC-LACDGARLAND10-25,2026-04-07,pts,24.5,12.5225,11.9775,0.041,0.04287815074705781,0.0,1.0
KXNBAPTS-26APR07DALLAC-LACDGARLAND10-30,2026-04-07,pts,29.5,12.5225,16.9775,0.012,0.01245754217062589,0.0,1.0
KXNBAPTS-26APR07DALLAC-LACDJONES5-10,2026-04-07,pts,9.5,7.328,2.1719999999999997,0.285,0.2593789361651575,1.0,1.0
KXNBAPTS-26APR07DALLAC-LACDJONES5-15,2026-04-07,pts,14.5,7.328,7.172,0.07275,0.05369859911753638,0.0,1.0
KXNBAPTS-26APR07DALLAC-LACDJONES5-20,2026-04-07,pts,19.5,7.328,12.172,0.01225,0.008051918314081918,0.0,1.0
KXNBAPTS-26APR07DALLAC-LACDJONES5-25,2026-04-07,pts,24.5,7.328,17.172,0.0015,0.0009773556858129195,0.0,1.0
KXNBAPTS-26APR07DALLAC-LACJCOLLINS20-10,2026-04-07,pts,9.5,9.861,-0.36100000000000065,0.49125,0.473237493103865,1.0,1.0
KXNBAPTS-26APR07DALLAC-LACJCOLLINS20-15,2026-04-07,pts,14.5,9.861,4.638999999999999,0.19325,0.16924240030010873,0.0,1.0
KXNBAPTS-26APR07DALLAC-LACJCOLLINS20-20,2026-04-07,pts,19.5,9.861,9.639,0.0525,0.04555511564849046,0.0,1.0
KXNBAPTS-26APR07DALLAC-LACKLEONARD2-25,2026-04-07,pts,24.5,14.73825,9.76175,0.07675,0.09386292753396408,1.0,1.0
KXNBAPTS-26APR07DALLAC-LACKLEONARD2-30,2026-04-07,pts,29.5,14.73825,14.76175,0.02,0.03466121537304545,1.0,1.0
KXNBAPTS-26APR07DALLAC-LACKLEONARD2-35,2026-04-07,pts,34.5,14.73825,19.76175,0.006,0.011652790456357365,0.0,1.0
KXNBAPTS-26APR07DALLAC-LACKLEONARD2-40,2026-04-07,pts,39.5,14.73825,24.76175,0.00075,0.0036380899980507087,0.0,1.0
KXNBAREB-26APR07DALLAC-DALCFLAGG32-10,2026-04-07,reb,9.5,4.4945,5.0055,0.025,0.04015847565432085,0.0,1.0
KXNBAREB-26APR07DALLAC-DALCFLAGG32-12,2026-04-07,reb,11.5,4.4945,7.0055,0.007,0.01137997175997385,0.0,1.0
KXNBAREB-26APR07DALLAC-DALCFLAGG32-6,2026-04-07,reb,5.5,4.4945,1.0054999999999996,0.306,0.3084580327234221,1.0,1.0
KXNBAREB-26APR07DALLAC-DALCFLAGG32-7,2026-04-07,reb,6.5,4.4945,2.0054999999999996,0.188,0.19944515714086997,1.0,1.0
KXNBAREB-26APR07DALLAC-DALCFLAGG32-8,2026-04-07,reb,7.5,4.4945,3.0054999999999996,0.1055,0.12228197411845243,1.0,1.0
KXNBAREB-26APR07DALLAC-DALMCHRISTIE00-2,2026-04-07,reb,1.5,2.81675,-1.3167499999999999,0.75175,0.7333744455761209,1.0,1.0
KXNBAREB-26APR07DALLAC-DALMCHRISTIE00-3,2026-04-07,reb,2.5,2.81675,-0.31674999999999986,0.52875,0.5109992709266448,1.0,1.0
KXNBAREB-26APR07DALLAC-DALMCHRISTIE00-4,2026-04-07,reb,3.5,2.81675,0.6832500000000001,0.31425,0.3153042702180946,1.0,1.0
KXNBAREB-26APR07DALLAC-DALMCHRISTIE00-6,2026-04-07,reb,5.5,2.81675,2.68325,0.07575,0.08967922260366923,0.0,1.0
KXNBAREB-26APR07DALLAC-DALMCHRISTIE00-8,2026-04-07,reb,7.5,2.81675,4.68325,0.0105,0.019027600757205887,0.0,1.0
KXNBAREB-26APR07DALLAC-LACBLOPEZ11-2,2026-04-07,reb,1.5,3.88025,-2.38025,0.87175,0.8578067491015537,1.0,1.0
KXNBAREB-26APR07DALLAC-LACBLOPEZ11-4,2026-04-07,reb,3.5,3.88025,-0.3802500000000002,0.534,0.5145106084775986,1.0,1.0
KXNBAREB-26APR07DALLAC-LACBLOPEZ11-5,2026-04-07,reb,4.5,3.88025,0.6197499999999998,0.35125,0.3495200124201585,1.0,1.0
KXNBAREB-26APR07DALLAC-LACBLOPEZ11-6,2026-04-07,reb,5.5,3.88025,1.6197499999999998,0.20625,0.22039041060690912,1.0,1.0
KXNBAREB-26APR07DALLAC-LACBLOPEZ11-8,2026-04-07,reb,7.5,3.88025,3.61975,0.06025,0.07274988386159198,1.0,1.0
KXNBAREB-26APR07DALLAC-LACBMATHURIN9-10,2026-04-07,reb,9.5,3.95075,5.54925,0.01225,0.021588443993773132,0.0,1.0
KXNBAREB-26APR07DALLAC-LACBMATHURIN9-2,2026-04-07,reb,1.5,3.95075,-2.45075,0.8845,0.8635644822869212,1.0,1.0
KXNBAREB-26APR07DALLAC-LACBMATHURIN9-4,2026-04-07,reb,3.5,3.95075,-0.4507500000000002,0.542,0.5264012525658817,1.0,1.0
KXNBAREB-26APR07DALLAC-LACBMATHURIN9-6,2026-04-07,reb,5.5,3.95075,1.5492499999999998,0.217,0.230263772123521,1.0,1.0
KXNBAREB-26APR07DALLAC-LACBMATHURIN9-8,2026-04-07,reb,7.5,3.95075,3.54925,0.06725,0.0777896743153953,0.0,1.0
KXNBAREB-26APR07DALLAC-LACJCOLLINS20-10,2026-04-07,reb,9.5,3.98775,5.51225,0.01325,0.02262252359156991,0.0,1.0
KXNBAREB-26APR07DALLAC-LACJCOLLINS20-2,2026-04-07,reb,1.5,3.98775,-2.48775,0.88475,0.8664887915454773,1.0,1.0
KXNBAREB-26APR07DALLAC-LACJCOLLINS20-4,2026-04-07,reb,3.5,3.98775,-0.48775000000000013,0.55175,0.532560785423315,1.0,1.0
KXNBAREB-26APR07DALLAC-LACJCOLLINS20-6,2026-04-07,reb,5.5,3.98775,1.5122499999999999,0.22675,0.2354800422793002,1.0,1.0
KXNBAREB-26APR07DALLAC-LACJCOLLINS20-8,2026-04-07,reb,7.5,3.98775,3.51225,0.0625,0.08050512653497288,0.0,1.0
KXNBAREB-26APR07DALLAC-LACKLEONARD2-10,2026-04-07,reb,9.5,4.45375,5.04625,0.02775,0.03850898785250567,0.0,1.0
KXNBAREB-26APR07DALLAC-LACKLEONARD2-12,2026-04-07,reb,11.5,4.45375,7.04625,0.0065,0.010783077672743446,0.0,1.0
KXNBAREB-26APR07DALLAC-LACKLEONARD2-6,2026-04-07,reb,5.5,4.45375,1.0462499999999997,0.2895,0.30252925010267206,0.0,1.0
KXNBAREB-26APR07DALLAC-LACKLEONARD2-7,2026-04-07,reb,6.5,4.45375,2.0462499999999997,0.18175,0.19456455612313028,0.0,1.0
KXNBAREB-26APR07DALLAC-LACKLEONARD2-8,2026-04-07,reb,7.5,4.45375,3.0462499999999997,0.1055,0.1186256657321958,0.0,1.0
KXNBAAST-26APR07DALLAC-DALMCHRISTIE00-10,2026-04-07,ast,9.5,1.58525,7.91475,0.0,5.746889068014571e-05,0.0,1.0
KXNBAAST-26APR07DALLAC-DALMCHRISTIE00-2,2026-04-07,ast,1.5,1.58525,-0.08525000000000005,0.4605,0.45718370723980073,0.0,1.0
KXNBAAST-26APR07DALLAC-DALMCHRISTIE00-4,2026-04-07,ast,3.5,1.58525,1.91475,0.08,0.08957606622454639,0.0,1.0
KXNBAAST-26APR07DALLAC-DALMCHRISTIE00-6,2026-04-07,ast,5.5,1.58525,3.9147499999999997,0.00875,0.0104646025405557,0.0,1.0
KXNBAAST-26APR07DALLAC-DALMCHRISTIE00-8,2026-04-07,ast,7.5,1.58525,5.91475,0.0,0.0008728322722302284,0.0,1.0
KXNBAAST-26APR07DALLAC-LACBMATHURIN9-10,2026-04-07,ast,9.5,2.04275,7.45725,0.0,0.0003683806070735596,0.0,1.0
KXNBAAST-26APR07DALLAC-LACBMATHURIN9-2,2026-04-07,ast,1.5,2.04275,-0.5427499999999998,0.58775,0.5814060021942282,1.0,1.0
KXNBAAST-26APR07DALLAC-LACBMATHURIN9-4,2026-04-07,ast,3.5,2.04275,1.4572500000000002,0.16,0.16485840350247827,0.0,1.0
KXNBAAST-26APR07DALLAC-LACBMATHURIN9-6,2026-04-07,ast,5.5,2.04275,3.45725,0.02575,0.028882983055495637,0.0,1.0
KXNBAAST-26APR07DALLAC-LACBMATHURIN9-8,2026-04-07,ast,7.5,2.04275,5.45725,0.00175,0.0036603420346501547,0.0,1.0
KXNBAAST-26APR07DALLAC-LACDGARLAND10-10,2026-04-07,ast,9.5,3.685,5.8149999999999995,0.0085,0.014486906534373567,0.0,1.0
KXNBAAST-26APR07DALLAC-LACDGARLAND10-12,2026-04-07,ast,11.5,3.685,7.8149999999999995,0.00075,0.00305503265207141,0.0,1.0
KXNBAAST-26APR07DALLAC-LACDGARLAND10-4,2026-04-07,ast,3.5,3.685,-0.18500000000000005,0.48975,0.48154106375940353,1.0,1.0
KXNBAAST-26APR07DALLAC-LACDGARLAND10-6,2026-04-07,ast,5.5,3.685,1.815,0.175,0.1925676882204551,0.0,1.0
KXNBAAST-26APR07DALLAC-LACDGARLAND10-8,2026-04-07,ast,7.5,3.685,3.815,0.051,0.05857152496956752,0.0,1.0
KXNBA3PT-26APR07DALLAC-DALCFLAGG32-1,2026-04-07,fg3m,0.5,0.8295,-0.3295,0.55525,0.5449970759632257,1.0,1.0
KXNBA3PT-26APR07DALLAC-DALCFLAGG32-2,2026-04-07,fg3m,1.5,0.8295,0.6705,0.2055,0.20456502867705018,0.0,1.0
KXNBA3PT-26APR07DALLAC-DALCFLAGG32-3,2026-04-07,fg3m,2.5,0.8295,1.6705,0.05425,0.06052629494551509,0.0,1.0
KXNBA3PT-26APR07DALLAC-DALCFLAGG32-4,2026-04-07,fg3m,3.5,0.8295,2.6705,0.01225,0.015191292458754724,0.0,1.0
KXNBA3PT-26APR07DALLAC-DALCFLAGG32-5,2026-04-07,fg3m,4.5,0.8295,3.6705,0.00225,0.0033788143159226847,0.0,1.0
KXNBA3PT-26APR07DALLAC-LACBMATHURIN9-1,2026-04-07,fg3m,0.5,0.68775,-0.18774999999999997,0.489,0.48237904094442074,0.0,1.0
KXNBA3PT-26APR07DALLAC-LACBMATHURIN9-2,2026-04-07,fg3m,1.5,0.68775,0.81225,0.15225,0.1558077485821483,0.0,1.0
KXNBA3PT-26APR07DALLAC-LACBMATHURIN9-3,2026-04-07,fg3m,2.5,0.68775,1.8122500000000001,0.03875,0.039294109727949555,0.0,1.0
KXNBA3PT-26APR07DALLAC-LACBMATHURIN9-4,2026-04-07,fg3m,3.5,0.68775,2.81225,0.007,0.008371152624298217,0.0,1.0
KXNBA3PT-26APR07DALLAC-LACBMATHURIN9-5,2026-04-07,fg3m,4.5,0.68775,3.81225,0.00075,0.0015769531263610803,0.0,1.0
KXNBA3PT-26APR07DALLAC-LACDGARLAND10-1,2026-04-07,fg3m,0.5,2.0035,-1.5034999999999998,0.85575,0.8312086060763364,1.0,1.0
KXNBA3PT-26APR07DALLAC-LACDGARLAND10-2,2026-04-07,fg3m,1.5,2.0035,-0.5034999999999998,0.585,0.563339557132502,1.0,1.0
KXNBA3PT-26APR07DALLAC-LACDGARLAND10-3,2026-04-07,fg3m,2.5,2.0035,0.49650000000000016,0.322,0.32294347744307106,0.0,1.0
KXNBA3PT-26APR07DALLAC-LACDGARLAND10-4,2026-04-07,fg3m,3.5,2.0035,1.4965000000000002,0.14925,0.16245726882179468,0.0,1.0
KXNBA3PT-26APR07DALLAC-LACDGARLAND10-5,2026-04-07,fg3m,4.5,2.0035,2.4965,0.06025,0.0737618725515391,0.0,1.0
KXNBA3PT-26APR07DALLAC-LACKLEONARD2-1,2026-04-07,fg3m,0.5,1.4875,-0.9875,0.766,0.7430865837713256,1.0,1.0
KXNBA3PT-26APR07DALLAC-LACKLEONARD2-2,2026-04-07,fg3m,1.5,1.4875,0.012499999999999956,0.4315,0.4232517018161608,1.0,1.0
KXNBA3PT-26APR07DALLAC-LACKLEONARD2-3,2026-04-07,fg3m,2.5,1.4875,1.0125,0.19225,0.19808846688607584,1.0,1.0
KXNBA3PT-26APR07DALLAC-LACKLEONARD2-4,2026-04-07,fg3m,3.5,1.4875,2.0125,0.071,0.08017195523958143,1.0,1.0
KXNBA3PT-26APR07DALLAC-LACKLEONARD2-5,2026-04-07,fg3m,4.5,1.4875,3.0125,0.01975,0.029050313664440885,1.0,1.0
KXNBAPTS-26APR07OKCLAL-LALDAYTON5-10,2026-04-07,pts,9.5,7.9735,1.5265000000000004,0.33125,0.3156525397637192,0.0,1.0
KXNBAPTS-26APR07OKCLAL-LALDAYTON5-15,2026-04-07,pts,14.5,7.9735,6.5265,0.09325,0.07737960399438681,0.0,1.0
KXNBAPTS-26APR07OKCLAL-LALDAYTON5-20,2026-04-07,pts,19.5,7.9735,11.5265,0.02025,0.013873971774163052,0.0,1.0
KXNBAPTS-26APR07OKCLAL-OKCCHOLMGREN7-10,2026-04-07,pts,9.5,10.75675,-1.2567500000000003,0.54375,0.5398248470943507,1.0,1.0
KXNBAPTS-26APR07OKCLAL-OKCCHOLMGREN7-15,2026-04-07,pts,14.5,10.75675,3.7432499999999997,0.239,0.22092546151233583,1.0,1.0
KXNBAPTS-26APR07OKCLAL-OKCCHOLMGREN7-20,2026-04-07,pts,19.5,10.75675,8.74325,0.073,0.06897379997891351,0.0,1.0
KXNBAPTS-26APR07OKCLAL-OKCCHOLMGREN7-25,2026-04-07,pts,24.5,10.75675,13.74325,0.01775,0.01783385049945807,0.0,1.0
KXNBAPTS-26APR07OKCLAL-OKCIHARTENSTEIN55-10,2026-04-07,pts,9.5,7.27525,2.2247500000000002,0.26925,0.2548061570007085,0.0,1.0
KXNBAPTS-26APR07OKCLAL-OKCIHARTENSTEIN55-15,2026-04-07,pts,14.5,7.27525,7.22475,0.062,0.05196871608274822,0.0,1.0
KXNBAPTS-26APR07OKCLAL-OKCIHARTENSTEIN55-20,2026-04-07,pts,19.5,7.27525,12.22475,0.00625,0.007670715575501474,0.0,1.0
KXNBAPTS-26APR07OKCLAL-OKCLDORT5-10,2026-04-07,pts,9.5,7.7205,1.7794999999999996,0.3265,0.29357254867929194,0.0,1.0
KXNBAPTS-26APR07OKCLAL-OKCLDORT5-15,2026-04-07,pts,14.5,7.7205,6.7795,0.0905,0.06755401875027478,0.0,1.0
KXNBAPTS-26APR07OKCLAL-OKCLDORT5-20,2026-04-07,pts,19.5,7.7205,11.779499999999999,0.01775,0.011326002155887527,0.0,1.0
KXNBAPTS-26APR07OKCLAL-OKCSGILGEOUSALEXANDER2-25,2026-04-07,pts,24.5,18.03675,6.463249999999999,0.1815,0.20195984973212533,1.0,1.0
KXNBAPTS-26APR07OKCLAL-OKCSGILGEOUSALEXANDER2-30,2026-04-07,pts,29.5,18.03675,11.463249999999999,0.07275,0.0961778380085313,0.0,1.0
KXNBAPTS-26APR07OKCLAL-OKCSGILGEOUSALEXANDER2-35,2026-04-07,pts,34.5,18.03675,16.46325,0.018,0.04199707270534181,0.0,1.0
KXNBAPTS-26APR07OKCLAL-OKCSGILGEOUSALEXANDER2-40,2026-04-07,pts,39.5,18.03675,21.46325,0.00275,0.017106924623152997,0.0,1.0
KXNBAREB-26APR07OKCLAL-LALDAYTON5-10,2026-04-07,reb,9.5,4.038,5.462,0.018,0.02407882314324894,0.0,1.0
KXNBAREB-26APR07OKCLAL-LALDAYTON5-12,2026-04-07,reb,11.5,4.038,7.462,0.0045,0.005913825665062156,0.0,1.0
KXNBAREB-26APR07OKCLAL-LALDAYTON5-6,2026-04-07,reb,5.5,4.038,1.4619999999999997,0.242,0.24259870487367108,0.0,1.0
KXNBAREB-26APR07OKCLAL-LALDAYTON5-7,2026-04-07,reb,6.5,4.038,2.4619999999999997,0.143,0.14700814165939569,0.0,1.0
KXNBAREB-26APR07OKCLAL-LALDAYTON5-8,2026-04-07,reb,7.5,4.038,3.4619999999999997,0.07875,0.08426962494859291,0.0,1.0
KXNBAREB-26APR07OKCLAL-OKCCHOLMGREN7-10,2026-04-07,reb,9.5,4.7085,4.7915,0.03625,0.04952447640382818,1.0,1.0
KXNBAREB-26APR07OKCLAL-OKCCHOLMGREN7-12,2026-04-07,reb,11.5,4.7085,6.7915,0.00675,0.014905830855782565,0.0,1.0
KXNBAREB-26APR07OKCLAL-OKCCHOLMGREN7-4,2026-04-07,reb,3.5,4.7085,-1.2085,0.66275,0.6409730255632431,1.0,1.0
KXNBAREB-26APR07OKCLAL-OKCCHOLMGREN7-6,2026-04-07,reb,5.5,4.7085,0.7915000000000001,0.33525,0.3395948106107026,1.0,1.0
KXNBAREB-26APR07OKCLAL-OKCCHOLMGREN7-8,2026-04-07,reb,7.5,4.7085,2.7915,0.125,0.14224507514272244,1.0,1.0
KXNBAREB-26APR07OKCLAL-OKCIHARTENSTEIN55-10,2026-04-07,reb,9.5,4.9205,4.5795,0.043,0.05997104925326602,0.0,1.0
KXNBAREB-26APR07OKCLAL-OKCIHARTENSTEIN55-12,2026-04-07,reb,11.5,4.9205,6.5795,0.0095,0.019089203476462813,0.0,1.0
KXNBAREB-26APR07OKCLAL-OKCIHARTENSTEIN55-6,2026-04-07,reb,5.5,4.9205,0.5795000000000003,0.36625,0.3702816477619971,0.0,1.0
KXNBAREB-26APR07OKCLAL-OKCIHARTENSTEIN55-8,2026-04-07,reb,7.5,4.9205,2.5795000000000003,0.1455,0.1631759133728451,0.0,1.0
KXNBAREB-26APR07OKCLAL-OKCIHARTENSTEIN55-9,2026-04-07,reb,8.5,4.9205,3.5795000000000003,0.0815,0.100930805000225,0.0,1.0
KXNBAREB-26APR07OKCLAL-OKCSGILGEOUSALEXANDER2-2,2026-04-07,reb,1.5,3.9965,-2.4965,0.898,0.867170768038213,0.0,1.0
KXNBAREB-26APR07OKCLAL-OKCSGILGEOUSALEXANDER2-4,2026-04-07,reb,3.5,3.9965,-0.49650000000000016,0.5575,0.5340092054114273,0.0,1.0
KXNBAREB-26APR07OKCLAL-OKCSGILGEOUSALEXANDER2-5,2026-04-07,reb,4.5,3.9965,0.5034999999999998,0.36775,0.3688006179022527,0.0,1.0
KXNBAREB-26APR07OKCLAL-OKCSGILGEOUSALEXANDER2-6,2026-04-07,reb,5.5,3.9965,1.5034999999999998,0.2235,0.23671684740237486,0.0,1.0
KXNBAREB-26APR07OKCLAL-OKCSGILGEOUSALEXANDER2-8,2026-04-07,reb,7.5,3.9965,3.5035,0.0615,0.0811543163099191,0.0,1.0
KXNBAAST-26APR07OKCLAL-OKCSGILGEOUSALEXANDER2-10,2026-04-07,ast,9.5,3.71475,5.78525,0.00575,0.015119215097148975,0.0,1.0
KXNBAAST-26APR07OKCLAL-OKCSGILGEOUSALEXANDER2-2,2026-04-07,ast,1.5,3.71475,-2.21475,0.86975,0.8452798938509726,1.0,1.0
KXNBAAST-26APR07OKCLAL-OKCSGILGEOUSALEXANDER2-4,2026-04-07,ast,3.5,3.71475,-0.21475,0.5055,0.48684764654571067,1.0,1.0
KXNBAAST-26APR07OKCLAL-OKCSGILGEOUSALEXANDER2-6,2026-04-07,ast,5.5,3.71475,1.78525,0.1845,0.196608725319124,1.0,1.0
KXNBAAST-26APR07OKCLAL-OKCSGILGEOUSALEXANDER2-8,2026-04-07,ast,7.5,3.71475,3.78525,0.04125,0.06044686233893071,1.0,1.0
KXNBA3PT-26APR07OKCLAL-OKCCHOLMGREN7-1,2026-04-07,fg3m,0.5,1.03525,-0.53525,0.6325,0.6212258205089625,1.0,1.0
KXNBA3PT-26APR07OKCLAL-OKCCHOLMGREN7-2,2026-04-07,fg3m,1.5,1.03525,0.46475,0.2785,0.2759283211363992,0.0,1.0
KXNBA3PT-26APR07OKCLAL-OKCCHOLMGREN7-3,2026-04-07,fg3m,2.5,1.03525,1.46475,0.09575,0.09792048964073152,0.0,1.0
KXNBA3PT-26APR07OKCLAL-OKCCHOLMGREN7-4,2026-04-07,fg3m,3.5,1.03525,2.46475,0.023,0.0296567184508415,0.0,1.0
KXNBA3PT-26APR07OKCLAL-OKCCHOLMGREN7-5,2026-04-07,fg3m,4.5,1.03525,3.46475,0.00475,0.00798494414778117,0.0,1.0
KXNBA3PT-26APR07OKCLAL-OKCSGILGEOUSALEXANDER2-1,2026-04-07,fg3m,0.5,1.03225,-0.5322499999999999,0.63825,0.6202237033973141,1.0,1.0
KXNBA3PT-26APR07OKCLAL-OKCSGILGEOUSALEXANDER2-2,2026-04-07,fg3m,1.5,1.03225,0.4677500000000001,0.28075,0.2748964171765702,1.0,1.0
KXNBA3PT-26APR07OKCLAL-OKCSGILGEOUSALEXANDER2-3,2026-04-07,fg3m,2.5,1.03225,1.46775,0.08825,0.09732766387519076,0.0,1.0
KXNBA3PT-26APR07OKCLAL-OKCSGILGEOUSALEXANDER2-4,2026-04-07,fg3m,3.5,1.03225,2.46775,0.021,0.029406098522505975,0.0,1.0
KXNBA3PT-26APR07OKCLAL-OKCSGILGEOUSALEXANDER2-5,2026-04-07,fg3m,4.5,1.03225,3.46775,0.00325,0.007898008182116278,0.0,1.0
KXNBAPTS-26APR07UTANOP-NOPDQUEEN22-10,2026-04-07,pts,9.5,7.4835,2.0164999999999997,0.3025,0.27289846086339065,1.0,1.0
KXNBAPTS-26APR07UTANOP-NOPDQUEEN22-15,2026-04-07,pts,14.5,7.4835,7.0165,0.08,0.0589817676575517,1.0,1.0
KXNBAPTS-26APR07UTANOP-NOPDQUEEN22-20,2026-04-07,pts,19.5,7.4835,12.0165,0.01525,0.009254745580419499,0.0,1.0
KXNBAPTS-26APR07UTANOP-NOPDQUEEN22-25,2026-04-07,pts,24.5,7.4835,17.0165,0.00275,0.0011766979514520326,0.0,1.0
KXNBAREB-26APR07UTANOP-NOPDQUEEN22-10,2026-04-07,reb,9.5,3.53,5.970000000000001,0.0095,0.01198814384052549,1.0,1.0
KXNBAREB-26APR07UTANOP-NOPDQUEEN22-12,2026-04-07,reb,11.5,3.53,7.970000000000001,0.00225,0.0024406939517104265,1.0,1.0
KXNBAREB-26APR07UTANOP-NOPDQUEEN22-6,2026-04-07,reb,5.5,3.53,1.9700000000000002,0.15825,0.17298281331977616,1.0,1.0
KXNBAREB-26APR07UTANOP-NOPDQUEEN22-7,2026-04-07,reb,6.5,3.53,2.97,0.08275,0.09612888725192947,1.0,1.0
KXNBAREB-26APR07UTANOP-NOPDQUEEN22-8,2026-04-07,reb,7.5,3.53,3.97,0.03975,0.05040243350181928,1.0,1.0
KXNBAAST-26APR07UTANOP-NOPDQUEEN22-10,2026-04-07,ast,9.5,1.90475,7.59525,0.0,0.00022390441649200454,0.0,1.0
KXNBAAST-26APR07UTANOP-NOPDQUEEN22-2,2026-04-07,ast,1.5,1.90475,-0.40474999999999994,0.5555,0.5466965623188592,1.0,1.0
KXNBAAST-26APR07UTANOP-NOPDQUEEN22-4,2026-04-07,ast,3.5,1.90475,1.59525,0.1375,0.14046659852481558,1.0,1.0
KXNBAAST-26APR07UTANOP-NOPDQUEEN22-6,2026-04-07,ast,5.5,1.90475,3.59525,0.01725,0.02206111846907799,1.0,1.0
KXNBAAST-26APR07UTANOP-NOPDQUEEN22-8,2026-04-07,ast,7.5,1.90475,5.59525,0.0025,0.002496297273180348,0.0,1.0
KXNBA3PT-26APR07UTANOP-NOPDQUEEN22-1,2026-04-07,fg3m,0.5,0.5115,-0.011499999999999955,0.385,0.3904852271665843,0.0,1.0
KXNBA3PT-26APR07UTANOP-NOPDQUEEN22-2,2026-04-07,fg3m,1.5,0.5115,0.9885,0.1005,0.09829693561982022,0.0,1.0
KXNBA3PT-26APR07UTANOP-NOPDQUEEN22-3,2026-04-07,fg3m,2.5,0.5115,1.9885000000000002,0.023,0.019088033947853855,0.0,1.0
KXNBA3PT-26APR07UTANOP-NOPDQUEEN22-4,2026-04-07,fg3m,3.5,0.5115,2.9885,0.00275,0.0031148804744133285,0.0,1.0
KXNBA3PT-26APR07UTANOP-NOPDQUEEN22-5,2026-04-07,fg3m,4.5,0.5115,3.9885,0.00025,0.00044826519926755015,0.0,1.0
KXNBAPTS-26APR07HOUPHX-HOUASENGUN28-15,2026-04-07,pts,14.5,13.95225,0.5477500000000006,0.42975,0.4141253153262159,0.0,1.0
KXNBAPTS-26APR07HOUPHX-HOUASENGUN28-20,2026-04-07,pts,19.5,13.95225,5.547750000000001,0.18,0.18947778468387377,0.0,1.0
KXNBAPTS-26APR07HOUPHX-HOUASENGUN28-25,2026-04-07,pts,24.5,13.95225,10.54775,0.055,0.07337742517730894,0.0,1.0
KXNBAPTS-26APR07HOUPHX-HOUASENGUN28-30,2026-04-07,pts,29.5,13.95225,15.54775,0.01275,0.02508455518039232,0.0,1.0
KXNBAPTS-26APR07HOUPHX-HOUATHOMPSON1-10,2026-04-07,pts,9.5,13.75525,-4.25525,0.74575,0.7141439398065794,1.0,1.0
KXNBAPTS-26APR07HOUPHX-HOUATHOMPSON1-15,2026-04-07,pts,14.5,13.75525,0.7447499999999998,0.41925,0.40257681152388736,1.0,1.0
KXNBAPTS-26APR07HOUPHX-HOUATHOMPSON1-20,2026-04-07,pts,19.5,13.75525,5.74475,0.1615,0.18080971023619652,1.0,1.0
KXNBAPTS-26APR07HOUPHX-HOUATHOMPSON1-25,2026-04-07,pts,24.5,13.75525,10.74475,0.05375,0.06864219088905033,0.0,1.0
KXNBAPTS-26APR07HOUPHX-HOUJSMITH10-10,2026-04-07,pts,9.5,11.95875,-2.45875,0.617,0.6186454991962764,1.0,1.0
KXNBAPTS-26APR07HOUPHX-HOUJSMITH10-15,2026-04-07,pts,14.5,11.95875,2.54125,0.3115,0.29384171413781845,1.0,1.0
KXNBAPTS-26APR07HOUPHX-HOUJSMITH10-20,2026-04-07,pts,19.5,11.95875,7.54125,0.1165,0.1083803351512912,1.0,1.0
KXNBAPTS-26APR07HOUPHX-HOUJSMITH10-25,2026-04-07,pts,24.5,11.95875,12.54125,0.03225,0.03337833483860597,0.0,1.0
KXNBAPTS-26APR07HOUPHX-HOUKDURANT7-20,2026-04-07,pts,19.5,15.78875,3.7112499999999997,0.27725,0.2741249107324675,1.0,1.0
KXNBAPTS-26APR07HOUPHX-HOUKDURANT7-25,2026-04-07,pts,24.5,15.78875,8.71125,0.10675,0.12487672952997075,0.0,1.0
KXNBAPTS-26APR07HOUPHX-HOUKDURANT7-30,2026-04-07,pts,29.5,15.78875,13.71125,0.033,0.05055495409581401,0.0,1.0
KXNBAPTS-26APR07HOUPHX-HOUKDURANT7-35,2026-04-07,pts,34.5,15.78875,18.71125,0.006,0.018675017204266564,0.0,1.0
KXNBAPTS-26APR07HOUPHX-HOURSHEPPARD15-10,2026-04-07,pts,9.5,10.689,-1.189,0.5435,0.5350170110010644,1.0,1.0
KXNBAPTS-26APR07HOUPHX-HOURSHEPPARD15-15,2026-04-07,pts,14.5,10.689,3.811,0.239,0.21690605708696808,0.0,1.0
KXNBAPTS-26APR07HOUPHX-HOURSHEPPARD15-20,2026-04-07,pts,19.5,10.689,8.811,0.07825,0.06701643685160863,0.0,1.0
KXNBAPTS-26APR07HOUPHX-HOURSHEPPARD15-25,2026-04-07,pts,24.5,10.689,13.811,0.01675,0.017140120691401695,0.0,1.0
KXNBAPTS-26APR07HOUPHX-HOUTEASON17-10,2026-04-07,pts,9.5,7.9895,1.5105000000000004,0.33975,0.3170471788635444,1.0,1.0
KXNBAPTS-26APR07HOUPHX-HOUTEASON17-15,2026-04-07,pts,14.5,7.9895,6.5105,0.099,0.07802381209855869,0.0,1.0
KXNBAPTS-26APR07HOUPHX-HOUTEASON17-20,2026-04-07,pts,19.5,7.9895,11.5105,0.019,0.01404730587498837,0.0,1.0
KXNBAPTS-26APR07HOUPHX-PHXDBOOKER1-20,2026-04-07,pts,19.5,14.85725,4.6427499999999995,0.226,0.23051365600531837,1.0,1.0
KXNBAPTS-26APR07HOUPHX-PHXDBOOKER1-25,2026-04-07,pts,24.5,14.85725,9.64275,0.08375,0.09717681104286813,1.0,1.0
KXNBAPTS-26APR07HOUPHX-PHXDBOOKER1-30,2026-04-07,pts,29.5,14.85725,14.64275,0.0255,0.0362827237239407,1.0,1.0
KXNBAPTS-26APR07HOUPHX-PHXDBOOKER1-35,2026-04-07,pts,34.5,14.85725,19.64275,0.00475,0.012336272573460705,0.0,1.0
KXNBAPTS-26APR07HOUPHX-PHXDBROOKS3-15,2026-04-07,pts,14.5,9.278225806451612,5.221774193548388,0.16683467741935484,0.1378853598962121,0.0,0.496
KXNBAPTS-26APR07HOUPHX-PHXDBROOKS3-20,2026-04-07,pts,19.5,9.278225806451612,10.221774193548388,0.047379032258064516,0.033244847185575854,0.0,0.496
KXNBAPTS-26APR07HOUPHX-PHXDBROOKS3-25,2026-04-07,pts,24.5,9.278225806451612,15.221774193548388,0.008064516129032258,0.00657238149527084,0.0,0.496
KXNBAPTS-26APR07HOUPHX-PHXDBROOKS3-30,2026-04-07,pts,29.5,9.278225806451612,20.221774193548388,0.0010080645161290322,0.0011281389640777073,0.0,0.496
KXNBAPTS-26APR07HOUPHX-PHXJGREEN4-15,2026-04-07,pts,14.5,9.992686494392979,4.507313505607021,0.20624085811799123,0.17660988520993992,1.0,0.51275
KXNBAPTS-26APR07HOUPHX-PHXJGREEN4-20,2026-04-07,pts,19.5,9.992686494392979,9.507313505607021,0.07947342759629449,0.048658913998285924,0.0,0.51275
KXNBAPTS-26APR07HOUPHX-PHXJGREEN4-25,2026-04-07,pts,24.5,9.992686494392979,14.507313505607021,0.01901511457825451,0.011045529242853624,0.0,0.51275
KXNBAPTS-26APR07HOUPHX-PHXJGREEN4-30,2026-04-07,pts,29.5,9.992686494392979,19.507313505607023,0.0048756704046806435,0.002182333596033925,0.0,0.51275
KXNBAPTS-26APR07HOUPHX-PHXMWILLIAMS15-10,2026-04-07,pts,9.5,7.00075,2.49925,0.25425,0.23117007674195456,1.0,1.0
KXNBAPTS-26APR07HOUPHX-PHXMWILLIAMS15-15,2026-04-07,pts,14.5,7.00075,7.49925,0.05625,0.043482001581971574,1.0,1.0
KXNBAPTS-26APR07HOUPHX-PHXMWILLIAMS15-20,2026-04-07,pts,19.5,7.00075,12.49925,0.00975,0.005894540036880613,0.0,1.0
KXNBAPTS-26APR07HOUPHX-PHXMWILLIAMS15-25,2026-04-07,pts,24.5,7.00075,17.49925,0.0005,0.0006454947451286497,0.0,1.0
KXNBAREB-26APR07HOUPHX-HOUASENGUN28-10,2026-04-07,reb,9.5,5.4135,4.0865,0.061,0.08866704168274675,1.0,1.0
KXNBAREB-26APR07HOUPHX-HOUASENGUN28-12,2026-04-07,reb,11.5,5.4135,6.0865,0.01825,0.03174580734585375,1.0,1.0
KXNBAREB-26APR07HOUPHX-HOUASENGUN28-6,2026-04-07,reb,5.5,5.4135,0.08650000000000002,0.44625,0.4399861956621167,1.0,1.0
KXNBAREB-26APR07HOUPHX-HOUASENGUN28-8,2026-04-07,reb,7.5,5.4135,2.0865,0.199,0.21543231652572403,1.0,1.0
KXNBAREB-26APR07HOUPHX-HOUASENGUN28-9,2026-04-07,reb,8.5,5.4135,3.0865,0.1145,0.14091347981219848,1.0,1.0
KXNBAREB-26APR07HOUPHX-HOUATHOMPSON1-10,2026-04-07,reb,9.5,5.74275,3.75725,0.0805,0.1110673863685514,1.0,1.0
KXNBAREB-26APR07HOUPHX-HOUATHOMPSON1-12,2026-04-07,reb,11.5,5.74275,5.75725,0.02275,0.04265166056381553,0.0,1.0
KXNBAREB-26APR07HOUPHX-HOUATHOMPSON1-4,2026-04-07,reb,3.5,5.74275,-2.24275,0.8065,0.7589134266227859,1.0,1.0
KXNBAREB-26APR07HOUPHX-HOUATHOMPSON1-6,2026-04-07,reb,5.5,5.74275,-0.24275000000000002,0.49625,0.48452843520349287,1.0,1.0
KXNBAREB-26APR07HOUPHX-HOUATHOMPSON1-8,2026-04-07,reb,7.5,5.74275,1.75725,0.23925,0.2523552655370508,1.0,1.0
KXNBAREB-26APR07HOUPHX-HOUJSMITH10-10,2026-04-07,reb,9.5,5.35225,4.14775,0.06425,0.08477672289623173,0.0,1.0
KXNBAREB-26APR07HOUPHX-HOUJSMITH10-12,2026-04-07,reb,11.5,5.35225,6.14775,0.019,0.02993876087498415,0.0,1.0
KXNBAREB-26APR07HOUPHX-HOUJSMITH10-6,2026-04-07,reb,5.5,5.35225,0.14775000000000027,0.4405,0.43149954408501023,1.0,1.0
KXNBAREB-26APR07HOUPHX-HOUJSMITH10-7,2026-04-07,reb,6.5,5.35225,1.1477500000000003,0.295,0.30748497351035475,0.0,1.0
KXNBAREB-26APR07HOUPHX-HOUJSMITH10-8,2026-04-07,reb,7.5,5.35225,2.1477500000000003,0.1895,0.20871423658039456,0.0,1.0
KXNBAREB-26APR07HOUPHX-HOUKDURANT7-10,2026-04-07,reb,9.5,4.76075,4.73925,0.03475,0.05199133302179093,0.0,1.0
KXNBAREB-26APR07HOUPHX-HOUKDURANT7-2,2026-04-07,reb,1.5,4.76075,-3.26075,0.9435,0.9146733558218704,1.0,1.0
KXNBAREB-26APR07HOUPHX-HOUKDURANT7-4,2026-04-07,reb,3.5,4.76075,-1.2607499999999998,0.6745,0.6479671053012381,1.0,1.0
KXNBAREB-26APR07HOUPHX-HOUKDURANT7-6,2026-04-07,reb,5.5,4.76075,0.7392500000000002,0.34475,0.34718076483837845,0.0,1.0
KXNBAREB-26APR07HOUPHX-HOUKDURANT7-8,2026-04-07,reb,7.5,4.76075,2.73925,0.11925,0.14730287165371891,0.0,1.0
KXNBAREB-26APR07HOUPHX-HOUTEASON17-10,2026-04-07,reb,9.5,4.3315,5.1685,0.02725,0.033815584038392243,0.0,1.0
KXNBAREB-26APR07HOUPHX-HOUTEASON17-2,2026-04-07,reb,1.5,4.3315,-2.8315,0.90475,0.8907258248681346,1.0,1.0
KXNBAREB-26APR07HOUPHX-HOUTEASON17-4,2026-04-07,reb,3.5,4.3315,-0.8315000000000001,0.59475,0.5870423981441502,1.0,1.0
KXNBAREB-26APR07HOUPHX-HOUTEASON17-6,2026-04-07,reb,5.5,4.3315,1.1684999999999999,0.281,0.28477484291308774,1.0,1.0
KXNBAREB-26APR07HOUPHX-HOUTEASON17-8,2026-04-07,reb,7.5,4.3315,3.1685,0.101,0.10795336488415752,0.0,1.0
KXNBAREB-26APR07HOUPHX-PHXDBROOKS3-10,2026-04-07,reb,9.5,3.1013104838709675,6.398689516129032,0.005040322580645161,0.005792626724885452,0.0,0.496
KXNBAREB-26APR07HOUPHX-PHXDBROOKS3-2,2026-04-07,reb,1.5,3.1013104838709675,-1.6013104838709675,0.7757056451612904,0.7747540440707309,1.0,0.496
KXNBAREB-26APR07HOUPHX-PHXDBROOKS3-4,2026-04-07,reb,3.5,3.1013104838709675,0.3986895161290325,0.359375,0.37135870649532254,0.0,0.496
KXNBAREB-26APR07HOUPHX-PHXDBROOKS3-6,2026-04-07,reb,5.5,3.1013104838709675,2.3986895161290325,0.12449596774193548,0.12026503812927503,0.0,0.496
KXNBAREB-26APR07HOUPHX-PHXDBROOKS3-8,2026-04-07,reb,7.5,3.1013104838709675,4.398689516129032,0.025705645161290324,0.02930531130216063,0.0,0.496
KXNBAREB-26APR07HOUPHX-PHXJGREEN4-2,2026-04-07,reb,1.5,3.532423208191126,-2.032423208191126,0.8152120916626036,0.8254891842590439,1.0,0.51275
KXNBAREB-26APR07HOUPHX-PHXJGREEN4-4,2026-04-07,reb,3.5,3.532423208191126,-0.03242320819112621,0.454412481716236,0.4530348240779266,0.0,0.51275
KXNBAREB-26APR07HOUPHX-PHXJGREEN4-5,2026-04-07,reb,4.5,3.532423208191126,0.9675767918088738,0.2901023890784983,0.29138784570972187,0.0,0.51275
KXNBAREB-26APR07HOUPHX-PHXJGREEN4-6,2026-04-07,reb,5.5,3.532423208191126,1.9675767918088738,0.17601170160897123,0.17329944742630543,0.0,0.51275
KXNBAREB-26APR07HOUPHX-PHXJGREEN4-8,2026-04-07,reb,7.5,3.532423208191126,3.967576791808874,0.05558264261335934,0.05054134428462187,0.0,0.51275
KXNBAREB-26APR07HOUPHX-PHXMWILLIAMS15-10,2026-04-07,reb,9.5,3.87475,5.625249999999999,0.01475,0.019564496998194403,0.0,1.0
KXNBAREB-26APR07HOUPHX-PHXMWILLIAMS15-12,2026-04-07,reb,11.5,3.87475,7.625249999999999,0.0025,0.004540403428026751,0.0,1.0
KXNBAREB-26APR07HOUPHX-PHXMWILLIAMS15-4,2026-04-07,reb,3.5,3.87475,-0.37475000000000014,0.53625,0.5135745499512051,1.0,1.0
KXNBAREB-26APR07HOUPHX-PHXMWILLIAMS15-6,2026-04-07,reb,5.5,3.87475,1.6252499999999999,0.2085,0.21962402557894112,1.0,1.0
KXNBAREB-26APR07HOUPHX-PHXMWILLIAMS15-8,2026-04-07,reb,7.5,3.87475,3.62525,0.05775,0.07236417959499275,1.0,1.0
KXNBAAST-26APR07HOUPHX-HOUASENGUN28-10,2026-04-07,ast,9.5,3.5215,5.9785,0.006,0.011337516211447074,0.0,1.0
KXNBAAST-26APR07HOUPHX-HOUASENGUN28-2,2026-04-07,ast,1.5,3.5215,-2.0215,0.85575,0.8263528742305293,1.0,1.0
KXNBAAST-26APR07HOUPHX-HOUASENGUN28-4,2026-04-07,ast,3.5,3.5215,-0.021500000000000075,0.4585,0.45180457909314153,1.0,1.0
KXNBAAST-26APR07HOUPHX-HOUASENGUN28-6,2026-04-07,ast,5.5,3.5215,1.9785,0.1615,0.17080329932519855,1.0,1.0
KXNBAAST-26APR07HOUPHX-HOUASENGUN28-8,2026-04-07,ast,7.5,3.5215,3.9785,0.03725,0.048860300112955946,0.0,1.0
KXNBAAST-26APR07HOUPHX-HOUATHOMPSON1-2,2026-04-07,ast,1.5,3.476,-1.976,0.84875,0.82156246239997,1.0,1.0
KXNBAAST-26APR07HOUPHX-HOUATHOMPSON1-4,2026-04-07,ast,3.5,3.476,0.02400000000000002,0.4555,0.44336538625608946,1.0,1.0
KXNBAAST-26APR07HOUPHX-HOUATHOMPSON1-5,2026-04-07,ast,4.5,3.476,1.024,0.27025,0.2815383751022019,1.0,1.0
KXNBAAST-26APR07HOUPHX-HOUATHOMPSON1-6,2026-04-07,ast,5.5,3.476,2.024,0.147,0.1648931199101028,1.0,1.0
KXNBAAST-26APR07HOUPHX-HOUATHOMPSON1-8,2026-04-07,ast,7.5,3.476,4.024,0.03,0.04633787749501428,1.0,1.0
KXNBAAST-26APR07HOUPHX-HOUKDURANT7-10,2026-04-07,ast,9.5,3.67,5.83,0.006,0.014175173373649708,0.0,1.0
KXNBAAST-26APR07HOUPHX-HOUKDURANT7-2,2026-04-07,ast,1.5,3.67,-2.17,0.868,0.8410938191003896,1.0,1.0
KXNBAAST-26APR07HOUPHX-HOUKDURANT7-4,2026-04-07,ast,3.5,3.67,-0.16999999999999993,0.4945,0.47885297149255135,0.0,1.0
KXNBAAST-26APR07HOUPHX-HOUKDURANT7-6,2026-04-07,ast,5.5,3.67,1.83,0.1755,0.19053906770722584,0.0,1.0
KXNBAAST-26APR07HOUPHX-HOUKDURANT7-8,2026-04-07,ast,7.5,3.67,3.83,0.041,0.05763856655284427,0.0,1.0
KXNBAAST-26APR07HOUPHX-HOURSHEPPARD15-10,2026-04-07,ast,9.5,2.859,6.641,0.0025,0.003380972888069822,0.0,1.0
KXNBAAST-26APR07HOUPHX-HOURSHEPPARD15-2,2026-04-07,ast,1.5,2.859,-1.359,0.76675,0.7417762067462579,0.0,1.0
KXNBAAST-26APR07HOUPHX-HOURSHEPPARD15-4,2026-04-07,ast,3.5,2.859,0.641,0.32375,0.3236321836794064,0.0,1.0
KXNBAAST-26APR07HOUPHX-HOURSHEPPARD15-6,2026-04-07,ast,5.5,2.859,2.641,0.0805,0.09292395255111774,0.0,1.0
KXNBAAST-26APR07HOUPHX-HOURSHEPPARD15-8,2026-04-07,ast,7.5,2.859,4.641,0.013,0.01977727935776874,0.0,1.0
KXNBAAST-26APR07HOUPHX-PHXDBOOKER1-10,2026-04-07,ast,9.5,3.30175,6.19825,0.004,0.007913617947954643,0.0,1.0
KXNBAAST-26APR07HOUPHX-PHXDBOOKER1-12,2026-04-07,ast,11.5,3.30175,8.19825,0.00025,0.0014230483272520411,0.0,1.0
KXNBAAST-26APR07HOUPHX-PHXDBOOKER1-6,2026-04-07,ast,5.5,3.30175,2.19825,0.1265,0.14293229011818964,1.0,1.0
KXNBAAST-26APR07HOUPHX-PHXDBOOKER1-7,2026-04-07,ast,6.5,3.30175,3.19825,0.0625,0.07538284357291192,1.0,1.0
KXNBAAST-26APR07HOUPHX-PHXDBOOKER1-8,2026-04-07,ast,7.5,3.30175,4.19825,0.02475,0.03740424307737911,1.0,1.0
KXNBAAST-26APR07HOUPHX-PHXDBROOKS3-10,2026-04-07,ast,9.5,1.628024193548387,7.871975806451613,0.0,7.031404942636765e-05,0.0,0.496
KXNBAAST-26APR07HOUPHX-PHXDBROOKS3-2,2026-04-07,ast,1.5,1.628024193548387,-0.128024193548387,0.47076612903225806,0.46990296839344137,0.0,0.496
KXNBAAST-26APR07HOUPHX-PHXDBROOKS3-4,2026-04-07,ast,3.5,1.628024193548387,1.871975806451613,0.09627016129032258,0.09585853420355206,0.0,0.496
KXNBAAST-26APR07HOUPHX-PHXDBROOKS3-6,2026-04-07,ast,5.5,1.628024193548387,3.871975806451613,0.01310483870967742,0.011698372241259913,0.0,0.496
KXNBAAST-26APR07HOUPHX-PHXDBROOKS3-8,2026-04-07,ast,7.5,1.628024193548387,5.871975806451613,0.0020161290322580645,0.0010205113745401784,0.0,0.496
KXNBAAST-26APR07HOUPHX-PHXJGREEN4-10,2026-04-07,ast,9.5,2.174549000487567,7.325450999512433,0.0,0.0005691157259888335,0.0,0.51275
KXNBAAST-26APR07HOUPHX-PHXJGREEN4-2,2026-04-07,ast,1.5,2.174549000487567,-0.6745490004875672,0.6094588005850804,0.6123665997700598,0.0,0.51275
KXNBAAST-26APR07HOUPHX-PHXJGREEN4-4,2026-04-07,ast,3.5,2.174549000487567,1.3254509995124328,0.18917601170160897,0.18917406973223305,0.0,0.51275
KXNBAAST-26APR07HOUPHX-PHXJGREEN4-6,2026-04-07,ast,5.5,2.174549000487567,3.325450999512433,0.03851779619697709,0.03648127602572615,0.0,0.51275
KXNBAAST-26APR07HOUPHX-PHXJGREEN4-8,2026-04-07,ast,7.5,2.174549000487567,5.325450999512433,0.0024378352023403218,0.005108593550175455,0.0,0.51275
KXNBAAST-26APR07HOUPHX-PHXMWILLIAMS15-1,2026-04-07,ast,0.5,1.2215,-0.7215,0.687,0.6855603232252282,0.0,1.0
KXNBAAST-26APR07HOUPHX-PHXMWILLIAMS15-2,2026-04-07,ast,1.5,1.2215,0.27849999999999997,0.3415,0.3406535006374092,0.0,1.0
KXNBAAST-26APR07HOUPHX-PHXMWILLIAMS15-4,2026-04-07,ast,3.5,1.2215,2.2785,0.044,0.04424130767148293,0.0,1.0
KXNBAAST-26APR07HOUPHX-PHXMWILLIAMS15-6,2026-04-07,ast,5.5,1.2215,4.2785,0.00275,0.0033310310510854535,0.0,1.0
KXNBAAST-26APR07HOUPHX-PHXMWILLIAMS15-8,2026-04-07,ast,7.5,1.2215,6.2785,0.0,0.0001772837180465947,0.0,1.0
KXNBA3PT-26APR07HOUPHX-HOUKDURANT7-1,2026-04-07,fg3m,0.5,1.577,-1.077,0.791,0.7615403249323351,1.0,1.0
KXNBA3PT-26APR07HOUPHX-HOUKDURANT7-2,2026-04-07,fg3m,1.5,1.577,-0.07699999999999996,0.459,0.4498753496079637,1.0,1.0
KXNBA3PT-26APR07HOUPHX-HOUKDURANT7-3,2026-04-07,fg3m,2.5,1.577,0.923,0.2115,0.21952246235496464,1.0,1.0
KXNBA3PT-26APR07HOUPHX-HOUKDURANT7-4,2026-04-07,fg3m,3.5,1.577,1.923,0.07975,0.09287257385794767,1.0,1.0
KXNBA3PT-26APR07HOUPHX-HOUKDURANT7-5,2026-04-07,fg3m,4.5,1.577,2.923,0.026,0.03522659895008873,1.0,1.0
KXNBA3PT-26APR07HOUPHX-HOURSHEPPARD15-1,2026-04-07,fg3m,0.5,2.22975,-1.7297500000000001,0.87675,0.8586101270965605,1.0,1.0
KXNBA3PT-26APR07HOUPHX-HOURSHEPPARD15-2,2026-04-07,fg3m,1.5,2.22975,-0.7297500000000001,0.64425,0.6146160553605173,1.0,1.0
KXNBA3PT-26APR07HOUPHX-HOURSHEPPARD15-3,2026-04-07,fg3m,2.5,2.22975,0.2702499999999999,0.38525,0.37650867651428677,0.0,1.0
KXNBA3PT-26APR07HOUPHX-HOURSHEPPARD15-4,2026-04-07,fg3m,3.5,2.22975,1.2702499999999999,0.19375,0.20365766520592365,0.0,1.0
KXNBA3PT-26APR07HOUPHX-HOURSHEPPARD15-5,2026-04-07,fg3m,4.5,2.22975,2.27025,0.08225,0.09977955973563124,0.0,1.0
KXNBA3PT-26APR07HOUPHX-HOUTEASON17-1,2026-04-07,fg3m,0.5,0.9935,-0.49350000000000005,0.62125,0.6070064728287421,0.0,1.0
KXNBA3PT-26APR07HOUPHX-HOUTEASON17-2,2026-04-07,fg3m,1.5,0.9935,0.5065,0.263,0.2615305736485507,0.0,1.0
KXNBA3PT-26APR07HOUPHX-HOUTEASON17-3,2026-04-07,fg3m,2.5,0.9935,1.5065,0.082,0.08978611887115961,0.0,1.0
KXNBA3PT-26APR07HOUPHX-HOUTEASON17-4,2026-04-07,fg3m,3.5,0.9935,2.5065,0.02125,0.026274500068695916,0.0,1.0
KXNBA3PT-26APR07HOUPHX-HOUTEASON17-5,2026-04-07,fg3m,4.5,0.9935,3.5065,0.00475,0.006830900612654345,0.0,1.0
KXNBA3PT-26APR07HOUPHX-PHXDBOOKER1-1,2026-04-07,fg3m,0.5,1.30125,-0.80125,0.7275,0.6992653625087799,1.0,1.0
KXNBA3PT-26APR07HOUPHX-PHXDBOOKER1-2,2026-04-07,fg3m,1.5,1.30125,0.19874999999999998,0.366,0.36492698847929794,1.0,1.0
KXNBA3PT-26APR07HOUPHX-PHXDBOOKER1-3,2026-04-07,fg3m,2.5,1.30125,1.19875,0.14625,0.1547323616863575,0.0,1.0
KXNBA3PT-26APR07HOUPHX-PHXDBOOKER1-4,2026-04-07,fg3m,3.5,1.30125,2.19875,0.0455,0.056430332044897336,0.0,1.0
KXNBA3PT-26APR07HOUPHX-PHXDBOOKER1-5,2026-04-07,fg3m,4.5,1.30125,3.19875,0.01175,0.018371418668290618,0.0,1.0
KXNBAPTS-26APR07MIATOR-MIAAWIGGINS22-10,2026-04-07,pts,9.5,10.62075,-1.1207499999999992,0.533,0.5301349269325244,1.0,1.0
KXNBAPTS-26APR07MIATOR-MIAAWIGGINS22-15,2026-04-07,pts,14.5,10.62075,3.8792500000000008,0.233,0.21287201771084407,1.0,1.0
KXNBAPTS-26APR07MIATOR-MIAAWIGGINS22-20,2026-04-07,pts,19.5,10.62075,8.87925,0.07,0.06507477842651699,1.0,1.0
KXNBAPTS-26APR07MIATOR-MIAAWIGGINS22-25,2026-04-07,pts,24.5,10.62075,13.87925,0.017,0.016459954623895823,0.0,1.0
KXNBAPTS-26APR07MIATOR-MIABADEBAYO13-15,2026-04-07,pts,14.5,14.536,-0.03599999999999959,0.46725,0.44767283922026935,0.0,1.0
KXNBAPTS-26APR07MIATOR-MIABADEBAYO13-20,2026-04-07,pts,19.5,14.536,4.964,0.217,0.21574940406095122,0.0,1.0
KXNBAPTS-26APR07MIATOR-MIABADEBAYO13-25,2026-04-07,pts,24.5,14.536,9.964,0.079,0.08835555887706048,0.0,1.0
KXNBAPTS-26APR07MIATOR-MIABADEBAYO13-30,2026-04-07,pts,29.5,14.536,14.964,0.0225,0.032009625837904676,0.0,1.0
KXNBAPTS-26APR07MIATOR-MIADMITCHELL45-10,2026-04-07,pts,9.5,9.22375,0.2762499999999992,0.44025,0.42218567883216807,0.0,1.0
KXNBAPTS-26APR07MIATOR-MIADMITCHELL45-15,2026-04-07,pts,14.5,9.22375,5.276249999999999,0.15525,0.13507103090905803,0.0,1.0
KXNBAPTS-26APR07MIATOR-MIADMITCHELL45-20,2026-04-07,pts,19.5,9.22375,10.27625,0.03925,0.03221274224438597,0.0,1.0
KXNBAPTS-26APR07MIATOR-MIANPOWELL24-15,2026-04-07,pts,14.5,12.165489404641775,2.334510595358225,0.32896064581231077,0.3065202930758155,0.0,0.74325
KXNBAPTS-26APR07MIATOR-MIANPOWELL24-20,2026-04-07,pts,19.5,12.165489404641775,7.334510595358225,0.12781701984527413,0.11598116016353832,0.0,0.74325
KXNBAPTS-26APR07MIATOR-MIANPOWELL24-25,2026-04-07,pts,24.5,12.165489404641775,12.334510595358225,0.03834510595358224,0.036694880583210576,0.0,0.74325
KXNBAPTS-26APR07MIATOR-MIANPOWELL24-30,2026-04-07,pts,29.5,12.165489404641775,17.334510595358225,0.009754456777665657,0.01018269434577379,0.0,0.74325
KXNBAPTS-26APR07MIATOR-MIATHERRO14-15,2026-04-07,pts,14.5,13.71566345194546,0.7843365480545401,0.4170269371466578,0.40024362420229775,0.0,0.75175
KXNBAPTS-26APR07MIATOR-MIATHERRO14-20,2026-04-07,pts,19.5,13.71566345194546,5.78433654805454,0.17958097771865647,0.17908159393755207,0.0,0.75175
KXNBAPTS-26APR07MIATOR-MIATHERRO14-25,2026-04-07,pts,24.5,13.71566345194546,10.78433654805454,0.05853009644163618,0.06771065101252938,0.0,0.75175
KXNBAPTS-26APR07MIATOR-MIATHERRO14-30,2026-04-07,pts,29.5,13.71566345194546,15.78433654805454,0.016627868307283005,0.022580299629829992,0.0,0.75175
KXNBAPTS-26APR07MIATOR-TORJPOELTL19-10,2026-04-07,pts,9.5,9.0145,0.48550000000000004,0.42325,0.4048498546735544,1.0,1.0
KXNBAPTS-26APR07MIATOR-TORJPOELTL19-15,2026-04-07,pts,14.5,9.0145,5.4855,0.1365,0.1244686449272,1.0,1.0
KXNBAPTS-26APR07MIATOR-TORJPOELTL19-20,2026-04-07,pts,19.5,9.0145,10.4855,0.0295,0.02843498798789823,0.0,1.0
KXNBAPTS-26APR07MIATOR-TORRBARRETT9-15,2026-04-07,pts,14.5,12.4125,2.0875000000000004,0.3325,0.3216553779771214,1.0,1.0
KXNBAPTS-26APR07MIATOR-TORRBARRETT9-20,2026-04-07,pts,19.5,12.4125,7.0875,0.12575,0.1253447420628344,0.0,1.0
KXNBAPTS-26APR07MIATOR-TORRBARRETT9-25,2026-04-07,pts,24.5,12.4125,12.0875,0.0375,0.04091130928625031,0.0,1.0
KXNBAPTS-26APR07MIATOR-TORRBARRETT9-30,2026-04-07,pts,29.5,12.4125,17.0875,0.0075,0.011722069125395973,0.0,1.0
KXNBAPTS-26APR07MIATOR-TORSBARNES4-15,2026-04-07,pts,14.5,9.9585,4.541499999999999,0.17775,0.17468835110751835,1.0,1.0
KXNBAPTS-26APR07MIATOR-TORSBARNES4-20,2026-04-07,pts,19.5,9.9585,9.5415,0.04675,0.0478417715701378,1.0,1.0
KXNBAPTS-26APR07MIATOR-TORSBARNES4-25,2026-04-07,pts,24.5,9.9585,14.5415,0.0075,0.010792626588943532,1.0,1.0
KXNBAPTS-26APR07MIATOR-TORSBARNES4-30,2026-04-07,pts,29.5,9.9585,19.5415,0.0,0.0021188785375970687,0.0,1.0
KXNBAREB-26APR07MIATOR-MIAAWIGGINS22-2,2026-04-07,reb,1.5,3.85125,-2.35125,0.86775,0.8553656382386546,1.0,1.0
KXNBAREB-26APR07MIATOR-MIAAWIGGINS22-4,2026-04-07,reb,3.5,3.85125,-0.35124999999999984,0.52125,0.5095614359491141,1.0,1.0
KXNBAREB-26APR07MIATOR-MIAAWIGGINS22-5,2026-04-07,reb,4.5,3.85125,0.6487500000000002,0.3445,0.34469132728931684,1.0,1.0
KXNBAREB-26APR07MIATOR-MIAAWIGGINS22-6,2026-04-07,reb,5.5,3.85125,1.6487500000000002,0.21075,0.21635615629876748,0.0,1.0
KXNBAREB-26APR07MIATOR-MIAAWIGGINS22-8,2026-04-07,reb,7.5,3.85125,3.64875,0.063,0.07072844084016072,0.0,1.0
KXNBAREB-26APR07MIATOR-MIABADEBAYO13-10,2026-04-07,reb,9.5,6.36075,3.1392499999999997,0.13275,0.1591774632087537,0.0,1.0
KXNBAREB-26APR07MIATOR-MIABADEBAYO13-11,2026-04-07,reb,10.5,6.36075,4.13925,0.07875,0.10609725874550235,0.0,1.0
KXNBAREB-26APR07MIATOR-MIABADEBAYO13-12,2026-04-07,reb,11.5,6.36075,5.13925,0.0455,0.0686603210131278,0.0,1.0
KXNBAREB-26APR07MIATOR-MIABADEBAYO13-14,2026-04-07,reb,13.5,6.36075,7.13925,0.013,0.026598961741924665,0.0,1.0
KXNBAREB-26APR07MIATOR-MIABADEBAYO13-16,2026-04-07,reb,15.5,6.36075,9.13925,0.00425,0.009426253527656914,0.0,1.0
KXNBAREB-26APR07MIATOR-MIANPOWELL24-10,2026-04-07,reb,9.5,3.5576858392196433,5.942314160780357,0.008745375042045072,0.012504444538541826,0.0,0.74325
KXNBAREB-26APR07MIATOR-MIANPOWELL24-2,2026-04-07,reb,1.5,3.5576858392196433,-2.0576858392196433,0.8469559367642112,0.8280729977584396,1.0,0.74325
KXNBAREB-26APR07MIATOR-MIANPOWELL24-4,2026-04-07,reb,3.5,3.5576858392196433,-0.05768583921964332,0.468886646485032,0.457648134543456,0.0,0.74325
KXNBAREB-26APR07MIATOR-MIANPOWELL24-6,2026-04-07,reb,5.5,3.5576858392196433,1.9423141607803567,0.16548940464177597,0.176611136491162,0.0,0.74325
KXNBAREB-26APR07MIATOR-MIANPOWELL24-8,2026-04-07,reb,7.5,3.5576858392196433,3.9423141607803567,0.04036326942482341,0.05200269260445378,0.0,0.74325
KXNBAREB-26APR07MIATOR-MIATHERRO14-2,2026-04-07,reb,1.5,4.001330229464583,-2.5013302294645827,0.8952444296641171,0.8675456826138637,1.0,0.75175
KXNBAREB-26APR07MIATOR-MIATHERRO14-4,2026-04-07,reb,3.5,4.001330229464583,-0.5013302294645827,0.5573661456601263,0.5348074180425436,1.0,0.75175
KXNBAREB-26APR07MIATOR-MIATHERRO14-5,2026-04-07,reb,4.5,4.001330229464583,0.4986697705354173,0.3601596275357499,0.36959867490614084,1.0,0.75175
KXNBAREB-26APR07MIATOR-MIATHERRO14-6,2026-04-07,reb,5.5,4.001330229464583,1.4986697705354173,0.22713668107748586,0.23740010784550392,0.0,0.75175
KXNBAREB-26APR07MIATOR-MIATHERRO14-8,2026-04-07,reb,7.5,4.001330229464583,3.4986697705354173,0.06418357166611241,0.08151383157858527,0.0,0.75175
KXNBAREB-26APR07MIATOR-TORJPOELTL19-10,2026-04-07,reb,9.5,4.3425,5.1575,0.02675,0.034222310388485444,0.0,1.0
KXNBAREB-26APR07MIATOR-TORJPOELTL19-12,2026-04-07,reb,11.5,4.3425,7.1575,0.00425,0.009268188983228898,0.0,1.0
KXNBAREB-26APR07MIATOR-TORJPOELTL19-6,2026-04-07,reb,5.5,4.3425,1.1574999999999998,0.2825,0.2863695995602281,1.0,1.0
KXNBAREB-26APR07MIATOR-TORJPOELTL19-8,2026-04-07,reb,7.5,4.3425,3.1574999999999998,0.09725,0.10889500843983935,0.0,1.0
KXNBAREB-26APR07MIATOR-TORJPOELTL19-9,2026-04-07,reb,8.5,4.3425,4.1575,0.05225,0.062335637567298985,0.0,1.0
KXNBAREB-26APR07MIATOR-TORRBARRETT9-10,2026-04-07,reb,9.5,4.1575,5.3425,0.016,0.027786473908909315,0.0,1.0
KXNBAREB-26APR07MIATOR-TORRBARRETT9-2,2026-04-07,reb,1.5,4.1575,-2.6574999999999998,0.899,0.879091514420618,1.0,1.0
KXNBAREB-26APR07MIATOR-TORRBARRETT9-4,2026-04-07,reb,3.5,4.1575,-0.6574999999999998,0.577,0.5600905615034879,1.0,1.0
KXNBAREB-26APR07MIATOR-TORRBARRETT9-6,2026-04-07,reb,5.5,4.1575,1.3425000000000002,0.25275,0.25966530323786974,1.0,1.0
KXNBAREB-26APR07MIATOR-TORRBARRETT9-8,2026-04-07,reb,7.5,4.1575,3.3425000000000002,0.07375,0.09356956116707882,1.0,1.0
KXNBAREB-26APR07MIATOR-TORSBARNES4-10,2026-04-07,reb,9.5,4.2595,5.2405,0.0215,0.031228871085359766,0.0,1.0
KXNBAREB-26APR07MIATOR-TORSBARNES4-12,2026-04-07,reb,11.5,4.2595,7.2405,0.00475,0.00824302584033465,0.0,1.0
KXNBAREB-26APR07MIATOR-TORSBARNES4-6,2026-04-07,reb,5.5,4.2595,1.2405,0.24925,0.27435523601161915,1.0,1.0
KXNBAREB-26APR07MIATOR-TORSBARNES4-7,2026-04-07,reb,6.5,4.2595,2.2405,0.14775,0.17179879301725187,1.0,1.0
KXNBAREB-26APR07MIATOR-TORSBARNES4-8,2026-04-07,reb,7.5,4.2595,3.2405,0.086,0.10188351265963924,1.0,1.0
KXNBAAST-26APR07MIATOR-MIABADEBAYO13-10,2026-04-07,ast,9.5,2.70025,6.7997499999999995,0.00075,0.0023713750522911248,0.0,1.0
KXNBAAST-26APR07MIATOR-MIABADEBAYO13-2,2026-04-07,ast,1.5,2.70025,-1.20025,0.73525,0.7160705885271053,1.0,1.0
KXNBAAST-26APR07MIATOR-MIABADEBAYO13-4,2026-04-07,ast,3.5,2.70025,0.79975,0.28875,0.291949154741191,0.0,1.0
KXNBAAST-26APR07MIATOR-MIABADEBAYO13-6,2026-04-07,ast,5.5,2.70025,2.79975,0.067,0.07739002506470638,0.0,1.0
KXNBAAST-26APR07MIATOR-MIABADEBAYO13-8,2026-04-07,ast,7.5,2.70025,4.7997499999999995,0.00925,0.015132797981007862,0.0,1.0
KXNBAAST-26APR07MIATOR-MIADMITCHELL45-10,2026-04-07,ast,9.5,3.08425,6.41575,0.00325,0.005333616494987314,0.0,1.0
KXNBAAST-26APR07MIATOR-MIADMITCHELL45-2,2026-04-07,ast,1.5,3.08425,-1.58425,0.7885,0.7743682508002644,1.0,1.0
KXNBAAST-26APR07MIATOR-MIADMITCHELL45-4,2026-04-07,ast,3.5,3.08425,0.41575000000000006,0.373,0.3682429574235231,1.0,1.0
KXNBAAST-26APR07MIATOR-MIADMITCHELL45-6,2026-04-07,ast,5.5,3.08425,2.41575,0.107,0.11722564054194518,1.0,1.0
KXNBAAST-26APR07MIATOR-MIADMITCHELL45-8,2026-04-07,ast,7.5,3.08425,4.41575,0.017,0.0278542138719603,0.0,1.0
KXNBAAST-26APR07MIATOR-MIANPOWELL24-2,2026-04-07,ast,1.5,2.0161453077699294,-0.5161453077699294,0.5899764547595022,0.5748986507464927,0.0,0.74325
KXNBAAST-26APR07MIATOR-MIANPOWELL24-3,2026-04-07,ast,2.5,2.0161453077699294,0.4838546922300706,0.32055163134880593,0.32667251619682713,0.0,0.74325
KXNBAAST-26APR07MIATOR-MIANPOWELL24-4,2026-04-07,ast,3.5,2.0161453077699294,1.4838546922300706,0.15203498150016817,0.1600634630639176,0.0,0.74325
KXNBAAST-26APR07MIATOR-MIANPOWELL24-6,2026-04-07,ast,5.5,2.0161453077699294,3.4838546922300706,0.020854355869492094,0.027478431989153562,0.0,0.74325
KXNBAAST-26APR07MIATOR-MIANPOWELL24-8,2026-04-07,ast,7.5,2.0161453077699294,5.483854692230071,0.0026908846283215607,0.0034096081953874924,0.0,0.74325
KXNBAAST-26APR07MIATOR-MIATHERRO14-10,2026-04-07,ast,9.5,2.840372464250083,6.659627535749917,0.0013302294645826404,0.003248076746586559,0.0,0.75175
KXNBAAST-26APR07MIATOR-MIATHERRO14-2,2026-04-07,ast,1.5,2.840372464250083,-1.3403724642500832,0.7608912537412704,0.7388818327800598,1.0,0.75175
KXNBAAST-26APR07MIATOR-MIATHERRO14-4,2026-04-07,ast,3.5,2.840372464250083,0.6596275357499168,0.323910874625873,0.3199189375629179,1.0,0.75175
KXNBAAST-26APR07MIATOR-MIATHERRO14-6,2026-04-07,ast,5.5,2.840372464250083,2.659627535749917,0.07715330894579316,0.09103023828716783,1.0,0.75175
KXNBAAST-26APR07MIATOR-MIATHERRO14-8,2026-04-07,ast,7.5,2.840372464250083,4.659627535749917,0.009311606252078483,0.01918873049296288,0.0,0.75175
KXNBAAST-26APR07MIATOR-TORRBARRETT9-10,2026-04-07,ast,9.5,2.253,7.247,0.0,0.0007250611469803436,0.0,1.0
KXNBAAST-26APR07MIATOR-TORRBARRETT9-2,2026-04-07,ast,1.5,2.253,-0.7530000000000001,0.652,0.6298054872915924,1.0,1.0
KXNBAAST-26APR07MIATOR-TORRBARRETT9-4,2026-04-07,ast,3.5,2.253,1.2469999999999999,0.197,0.2040303554783095,0.0,1.0
KXNBAAST-26APR07MIATOR-TORRBARRETT9-6,2026-04-07,ast,5.5,2.253,3.247,0.02875,0.04151378418698226,0.0,1.0
KXNBAAST-26APR07MIATOR-TORRBARRETT9-8,2026-04-07,ast,7.5,2.253,5.247,0.002,0.0061477649414196645,0.0,1.0
KXNBAAST-26APR07MIATOR-TORSBARNES4-10,2026-04-07,ast,9.5,3.793,5.707,0.009,0.016873038175577504,0.0,1.0
KXNBAAST-26APR07MIATOR-TORSBARNES4-12,2026-04-07,ast,11.5,3.793,7.707,0.00125,0.0037071568496436225,0.0,1.0
KXNBAAST-26APR07MIATOR-TORSBARNES4-4,2026-04-07,ast,3.5,3.793,-0.29300000000000015,0.5155,0.5006447332601804,1.0,1.0
KXNBAAST-26APR07MIATOR-TORSBARNES4-6,2026-04-07,ast,5.5,3.793,1.7069999999999999,0.1955,0.20734360876671554,0.0,1.0
KXNBAAST-26APR07MIATOR-TORSBARNES4-8,2026-04-07,ast,7.5,3.793,3.707,0.0515,0.06553718519177498,0.0,1.0
KXNBA3PT-26APR07MIATOR-MIANPOWELL24-1,2026-04-07,fg3m,0.5,1.511940800538177,-1.011940800538177,0.7615203498150017,0.7482814554813038,1.0,0.74325
KXNBA3PT-26APR07MIATOR-MIANPOWELL24-2,2026-04-07,fg3m,1.5,1.511940800538177,-0.011940800538176921,0.4315506222670703,0.43061607206020036,1.0,0.74325
KXNBA3PT-26APR07MIATOR-MIANPOWELL24-3,2026-04-07,fg3m,2.5,1.511940800538177,0.9880591994618231,0.20114362596703667,0.20391311738664497,0.0,0.74325
KXNBA3PT-26APR07MIATOR-MIANPOWELL24-4,2026-04-07,fg3m,3.5,1.511940800538177,1.988059199461823,0.08207198116380761,0.08356204615369967,0.0,0.74325
KXNBA3PT-26APR07MIATOR-MIANPOWELL24-5,2026-04-07,fg3m,4.5,1.511940800538177,2.988059199461823,0.02589976454759502,0.030669342736469152,0.0,0.74325
KXNBA3PT-26APR07MIATOR-MIATHERRO14-1,2026-04-07,fg3m,0.5,1.8839374792151646,-1.3839374792151646,0.8333887595610243,0.8143316370860259,1.0,0.75175
KXNBA3PT-26APR07MIATOR-MIATHERRO14-2,2026-04-07,fg3m,1.5,1.8839374792151646,-0.38393747921516463,0.5600266045892917,0.5337824205622159,0.0,0.75175
KXNBA3PT-26APR07MIATOR-MIATHERRO14-3,2026-04-07,fg3m,2.5,1.8839374792151646,0.6160625207848354,0.2919853674758896,0.2940576997377079,0.0,0.75175
KXNBA3PT-26APR07MIATOR-MIATHERRO14-4,2026-04-07,fg3m,3.5,1.8839374792151646,1.6160625207848354,0.1277020285999335,0.14167976824719197,0.0,0.75175
KXNBA3PT-26APR07MIATOR-MIATHERRO14-5,2026-04-07,fg3m,4.5,1.8839374792151646,2.616062520784835,0.0492184901895577,0.0614963897846732,0.0,0.75175
KXNBA3PT-26APR07MIATOR-TORSBARNES4-1,2026-04-07,fg3m,0.5,0.5955,-0.09550000000000003,0.4505,0.43640188154174,1.0,1.0
KXNBA3PT-26APR07MIATOR-TORSBARNES4-2,2026-04-07,fg3m,1.5,0.5955,0.9045,0.12025,0.1250666213175643,1.0,1.0
KXNBA3PT-26APR07MIATOR-TORSBARNES4-3,2026-04-07,fg3m,2.5,0.5955,1.9045,0.021,0.027809884587627565,0.0,1.0
KXNBA3PT-26APR07MIATOR-TORSBARNES4-4,2026-04-07,fg3m,3.5,0.5955,2.9045,0.00325,0.005209461541649696,0.0,1.0
KXNBA3PT-26APR07MIATOR-TORSBARNES4-5,2026-04-07,fg3m,4.5,0.5955,3.9045,0.0005,0.0008616924730819875,0.0,1.0
KXNBAPTS-26APR07CHIWAS-CHIIOKORO35-10,2026-04-07,pts,9.5,9.14,0.35999999999999943,0.43075,0.4152780081178622,1.0,1.0
KXNBAPTS-26APR07CHIWAS-CHIIOKORO35-15,2026-04-07,pts,14.5,9.14,5.359999999999999,0.15075,0.1307872686331999,0.0,1.0
KXNBAPTS-26APR07CHIWAS-CHIIOKORO35-20,2026-04-07,pts,19.5,9.14,10.36,0.0385,0.030665265477651915,0.0,1.0
KXNBAPTS-26APR07CHIWAS-CHIIOKORO35-25,2026-04-07,pts,24.5,9.14,15.36,0.00575,0.005890051506933225,0.0,1.0
KXNBAPTS-26APR07CHIWAS-WASBCOULIBALY0-10,2026-04-07,pts,9.5,8.93174974907996,0.5682502509200393,0.41217798594847777,0.3979258477271965,1.0,0.74725
KXNBAPTS-26APR07CHIWAS-WASBCOULIBALY0-15,2026-04-07,pts,14.5,8.93174974907996,5.568250250920039,0.1408497825359652,0.12037072934328263,1.0,0.74725
KXNBAPTS-26APR07CHIWAS-WASBCOULIBALY0-20,2026-04-07,pts,19.5,8.93174974907996,10.56825025092004,0.03445968551354968,0.027022209153167,0.0,0.74725
KXNBAPTS-26APR07CHIWAS-WASBCOULIBALY0-25,2026-04-07,pts,24.5,8.93174974907996,15.56825025092004,0.007360321177651389,0.004962597419105985,0.0,0.74725
KXNBAAST-26APR07CHIWAS-WASBCARRINGTON7-2,2026-04-07,ast,1.5,2.8015,-1.3014999999999999,0.74,0.7327390955756781,1.0,1.0
KXNBAAST-26APR07CHIWAS-WASBCARRINGTON7-4,2026-04-07,ast,3.5,2.8015,0.6985000000000001,0.3075,0.3121639878571847,1.0,1.0
KXNBAAST-26APR07CHIWAS-WASBCARRINGTON7-5,2026-04-07,ast,4.5,2.8015,1.6985000000000001,0.1695,0.17238284888194166,1.0,1.0
KXNBAAST-26APR07CHIWAS-WASBCARRINGTON7-6,2026-04-07,ast,5.5,2.8015,2.6985,0.0865,0.0871382543140915,1.0,1.0
KXNBAAST-26APR07CHIWAS-WASBCARRINGTON7-8,2026-04-07,ast,7.5,2.8015,4.6985,0.01625,0.01799835535854366,0.0,1.0
KXNBAPTS-26APR06NYKATL-ATLCMCCOLLUM3-15,2026-04-06,pts,14.5,11.633,2.867000000000001,0.29125,0.2738896831795734,1.0,1.0
KXNBAPTS-26APR06NYKATL-ATLCMCCOLLUM3-20,2026-04-06,pts,19.5,11.633,7.867000000000001,0.1015,0.0968673570312637,0.0,1.0
KXNBAPTS-26APR06NYKATL-ATLCMCCOLLUM3-25,2026-04-06,pts,24.5,11.633,12.867,0.0255,0.02854246374820979,0.0,1.0
KXNBAPTS-26APR06NYKATL-ATLCMCCOLLUM3-30,2026-04-06,pts,29.5,11.633,17.867,0.00525,0.007362403112267546,0.0,1.0
KXNBAPTS-26APR06NYKATL-ATLDDANIELS5-10,2026-04-06,pts,9.5,9.86125,-0.36125000000000007,0.4885,0.4732569571427174,1.0,1.0
KXNBAPTS-26APR06NYKATL-ATLDDANIELS5-15,2026-04-06,pts,14.5,9.86125,4.63875,0.17275,0.16925629784890628,0.0,1.0
KXNBAPTS-26APR06NYKATL-ATLDDANIELS5-20,2026-04-06,pts,19.5,9.86125,9.63875,0.048,0.04556089576026734,0.0,1.0
KXNBAPTS-26APR06NYKATL-ATLJJOHNSON1-20,2026-04-06,pts,19.5,13.01525,6.48475,0.1445,0.14937065448122488,1.0,1.0
KXNBAPTS-26APR06NYKATL-ATLJJOHNSON1-25,2026-04-06,pts,24.5,13.01525,11.48475,0.0415,0.05236191415975533,0.0,1.0
KXNBAPTS-26APR06NYKATL-ATLJJOHNSON1-30,2026-04-06,pts,29.5,13.01525,16.48475,0.0095,0.016148475131275597,0.0,1.0
KXNBAPTS-26APR06NYKATL-ATLJJOHNSON1-35,2026-04-06,pts,34.5,13.01525,21.48475,0.002,0.004517543357806186,0.0,1.0
KXNBAPTS-26APR06NYKATL-ATLJKUMINGA0-10,2026-04-06,pts,9.5,7.22725,2.2727500000000003,0.27675,0.25065245647849277,0.0,1.0
KXNBAPTS-26APR06NYKATL-ATLJKUMINGA0-15,2026-04-06,pts,14.5,7.22725,7.27275,0.07075,0.05042222144841646,0.0,1.0
KXNBAPTS-26APR06NYKATL-ATLJKUMINGA0-20,2026-04-06,pts,19.5,7.22725,12.27275,0.0125,0.007335315715242485,0.0,1.0
KXNBAPTS-26APR06NYKATL-ATLNALEXANDERWALKER7-15,2026-04-06,pts,14.5,13.4775,1.0225000000000009,0.4035,0.38612375939288623,1.0,1.0
KXNBAPTS-26APR06NYKATL-ATLNALEXANDERWALKER7-20,2026-04-06,pts,19.5,13.4775,6.022500000000001,0.172,0.16878845176108537,1.0,1.0
KXNBAPTS-26APR06NYKATL-ATLNALEXANDERWALKER7-25,2026-04-06,pts,24.5,13.4775,11.0225,0.0535,0.06224933763877827,1.0,1.0
KXNBAPTS-26APR06NYKATL-ATLNALEXANDERWALKER7-30,2026-04-06,pts,29.5,13.4775,16.0225,0.01375,0.020231049902215137,1.0,1.0
KXNBAPTS-26APR06NYKATL-ATLOOKONGWU17-10,2026-04-06,pts,9.5,9.397,0.10299999999999976,0.441,0.4363371275820658,1.0,1.0
KXNBAPTS-26APR06NYKATL-ATLOOKONGWU17-15,2026-04-06,pts,14.5,9.397,5.103,0.166,0.14409528380554149,0.0,1.0
KXNBAPTS-26APR06NYKATL-ATLOOKONGWU17-20,2026-04-06,pts,19.5,9.397,10.103,0.0445,0.03556520962905496,0.0,1.0
KXNBAPTS-26APR06NYKATL-ATLOOKONGWU17-25,2026-04-06,pts,24.5,9.397,15.103,0.008,0.007203416032827703,0.0,1.0
KXNBAPTS-26APR06NYKATL-NYKJBRUNSON11-20,2026-04-06,pts,19.5,13.99125,5.508749999999999,0.19175,0.19120671819668655,1.0,1.0
KXNBAPTS-26APR06NYKATL-NYKJBRUNSON11-25,2026-04-06,pts,24.5,13.99125,10.50875,0.06075,0.0743343383378905,1.0,1.0
KXNBAPTS-26APR06NYKATL-NYKJBRUNSON11-30,2026-04-06,pts,29.5,13.99125,15.50875,0.016,0.025513916682133986,1.0,1.0
KXNBAPTS-26APR06NYKATL-NYKJBRUNSON11-35,2026-04-06,pts,34.5,13.99125,20.50875,0.00225,0.007959971990623482,0.0,1.0
KXNBAPTS-26APR06NYKATL-NYKJHART3-10,2026-04-06,pts,9.5,9.35,0.15000000000000036,0.4365,0.4325170025139782,0.0,1.0
KXNBAPTS-26APR06NYKATL-NYKJHART3-15,2026-04-06,pts,14.5,9.35,5.15,0.15625,0.1416260637323632,0.0,1.0
KXNBAPTS-26APR06NYKATL-NYKJHART3-20,2026-04-06,pts,19.5,9.35,10.15,0.04525,0.03463551908519846,0.0,1.0
KXNBAPTS-26APR06NYKATL-NYKJHART3-25,2026-04-06,pts,24.5,9.35,15.15,0.0085,0.006948659670667268,0.0,1.0
KXNBAPTS-26APR06NYKATL-NYKKTOWNS32-15,2026-04-06,pts,14.5,11.734452122408687,2.765547877591313,0.29516288252714706,0.28009684415702507,1.0,0.75975
KXNBAPTS-26APR06NYKATL-NYKKTOWNS32-20,2026-04-06,pts,19.5,11.734452122408687,7.765547877591313,0.09805857189865087,0.1003903369852509,1.0,0.75975
KXNBAPTS-26APR06NYKATL-NYKKTOWNS32-25,2026-04-06,pts,24.5,11.734452122408687,12.765547877591313,0.028298782494241528,0.02999772159879399,0.0,0.75975
KXNBAPTS-26APR06NYKATL-NYKKTOWNS32-30,2026-04-06,pts,29.5,11.734452122408687,17.765547877591313,0.0042777229351760445,0.007849744862243546,0.0,0.75975
KXNBAPTS-26APR06NYKATL-NYKMBRIDGES25-10,2026-04-06,pts,9.5,9.4515,0.048500000000000654,0.4485,0.44074868349590557,1.0,1.0
KXNBAPTS-26APR06NYKATL-NYKMBRIDGES25-15,2026-04-06,pts,14.5,9.4515,5.048500000000001,0.16525,0.1469775825294798,1.0,1.0
KXNBAPTS-26APR06NYKATL-NYKMBRIDGES25-20,2026-04-06,pts,19.5,9.4515,10.0485,0.043,0.036662151844038204,0.0,1.0
KXNBAPTS-26APR06NYKATL-NYKMBRIDGES25-25,2026-04-06,pts,24.5,9.4515,15.0485,0.0085,0.007507250950634536,0.0,1.0
KXNBAPTS-26APR06NYKATL-NYKOANUNOBY8-10,2026-04-06,pts,9.5,12.5185,-3.0184999999999995,0.65925,0.6511780242509495,1.0,1.0
KXNBAPTS-26APR06NYKATL-NYKOANUNOBY8-15,2026-04-06,pts,14.5,12.5185,1.9815000000000005,0.34775,0.32813930696037774,1.0,1.0
KXNBAPTS-26APR06NYKATL-NYKOANUNOBY8-20,2026-04-06,pts,19.5,12.5185,6.9815000000000005,0.1355,0.12945287246288095,1.0,1.0
KXNBAPTS-26APR06NYKATL-NYKOANUNOBY8-25,2026-04-06,pts,24.5,12.5185,11.9815,0.038,0.04280566627379512,0.0,1.0
KXNBAREB-26APR06NYKATL-ATLDDANIELS5-10,2026-04-06,reb,9.5,4.70225,4.79775,0.03675,0.049234132056609314,1.0,1.0
KXNBAREB-26APR06NYKATL-ATLDDANIELS5-12,2026-04-06,reb,11.5,4.70225,6.79775,0.00775,0.014793203379457442,1.0,1.0
KXNBAREB-26APR06NYKATL-ATLDDANIELS5-6,2026-04-06,reb,5.5,4.70225,0.7977499999999997,0.3395,0.3386866824893797,1.0,1.0
KXNBAREB-26APR06NYKATL-ATLDDANIELS5-7,2026-04-06,reb,6.5,4.70225,1.7977499999999997,0.20175,0.22480490875448766,1.0,1.0
KXNBAREB-26APR06NYKATL-ATLDDANIELS5-8,2026-04-06,reb,7.5,4.70225,2.7977499999999997,0.1125,0.14164470568218313,1.0,1.0
KXNBAREB-26APR06NYKATL-ATLJJOHNSON1-10,2026-04-06,reb,9.5,5.78525,3.7147500000000004,0.0935,0.114134205287453,1.0,1.0
KXNBAREB-26APR06NYKATL-ATLJJOHNSON1-12,2026-04-06,reb,11.5,5.78525,5.71475,0.02575,0.04420798692893191,0.0,1.0
KXNBAREB-26APR06NYKATL-ATLJJOHNSON1-14,2026-04-06,reb,13.5,5.78525,7.71475,0.00525,0.015328928274417453,0.0,1.0
KXNBAREB-26APR06NYKATL-ATLJJOHNSON1-6,2026-04-06,reb,5.5,5.78525,-0.28524999999999956,0.5085,0.4901333374073521,1.0,1.0
KXNBAREB-26APR06NYKATL-ATLJJOHNSON1-8,2026-04-06,reb,7.5,5.78525,1.7147500000000004,0.242,0.25720273277099137,1.0,1.0
KXNBAREB-26APR06NYKATL-ATLJKUMINGA0-10,2026-04-06,reb,9.5,2.9775,6.5225,0.00375,0.004557917842742509,0.0,1.0
KXNBAREB-26APR06NYKATL-ATLJKUMINGA0-2,2026-04-06,reb,1.5,2.9775,-1.4775,0.78,0.7575992262024802,1.0,1.0
KXNBAREB-26APR06NYKATL-ATLJKUMINGA0-4,2026-04-06,reb,3.5,2.9775,0.5225,0.34125,0.3470999544986182,1.0,1.0
KXNBAREB-26APR06NYKATL-ATLJKUMINGA0-6,2026-04-06,reb,5.5,2.9775,2.5225,0.103,0.10646835384685294,0.0,1.0
KXNBAREB-26APR06NYKATL-ATLJKUMINGA0-8,2026-04-06,reb,7.5,2.9775,4.5225,0.019,0.024480427814647543,0.0,1.0
KXNBAREB-26APR06NYKATL-ATLNALEXANDERWALKER7-10,2026-04-06,reb,9.5,3.61575,5.88425,0.00525,0.013637519912134133,0.0,1.0
KXNBAREB-26APR06NYKATL-ATLNALEXANDERWALKER7-2,2026-04-06,reb,1.5,3.61575,-2.11575,0.85525,0.8338638968325424,1.0,1.0
KXNBAREB-26APR06NYKATL-ATLNALEXANDERWALKER7-4,2026-04-06,reb,3.5,3.61575,-0.1157499999999998,0.4845,0.46816762322995054,0.0,1.0
KXNBAREB-26APR06NYKATL-ATLNALEXANDERWALKER7-6,2026-04-06,reb,5.5,3.61575,1.8842500000000002,0.16925,0.18429439312559337,0.0,1.0
KXNBAREB-26APR06NYKATL-ATLNALEXANDERWALKER7-8,2026-04-06,reb,7.5,3.61575,3.88425,0.0395,0.05545238275506559,0.0,1.0
KXNBAREB-26APR06NYKATL-ATLOOKONGWU17-10,2026-04-06,reb,9.5,4.464,5.036,0.03,0.038919872355096086,0.0,1.0
KXNBAREB-26APR06NYKATL-ATLOOKONGWU17-12,2026-04-06,reb,11.5,4.464,7.036,0.00625,0.010931054572728804,0.0,1.0
KXNBAREB-26APR06NYKATL-ATLOOKONGWU17-4,2026-04-06,reb,3.5,4.464,-0.9640000000000004,0.62625,0.6066937778678572,1.0,1.0
KXNBAREB-26APR06NYKATL-ATLOOKONGWU17-6,2026-04-06,reb,5.5,4.464,1.0359999999999996,0.29875,0.3040202166220345,1.0,1.0
KXNBAREB-26APR06NYKATL-ATLOOKONGWU17-8,2026-04-06,reb,7.5,4.464,3.0359999999999996,0.105,0.1195407941536657,1.0,1.0
KXNBAREB-26APR06NYKATL-NYKJBRUNSON11-10,2026-04-06,reb,9.5,3.7355,5.7645,0.009,0.016196255380107605,0.0,1.0
KXNBAREB-26APR06NYKATL-NYKJBRUNSON11-2,2026-04-06,reb,1.5,3.7355,-2.2355,0.8675,0.8451816183419976,1.0,1.0
KXNBAREB-26APR06NYKATL-NYKJBRUNSON11-4,2026-04-06,reb,3.5,3.7355,-0.23550000000000004,0.499,0.4894785639302013,0.0,1.0
KXNBAREB-26APR06NYKATL-NYKJBRUNSON11-6,2026-04-06,reb,5.5,3.7355,1.7645,0.18925,0.20043093985777416,0.0,1.0
KXNBAREB-26APR06NYKATL-NYKJBRUNSON11-8,2026-04-06,reb,7.5,3.7355,3.7645,0.0445,0.06296454385692174,0.0,1.0
KXNBAREB-26APR06NYKATL-NYKJHART3-10,2026-04-06,reb,9.5,5.0715,4.4285,0.0495,0.06811528261371513,0.0,1.0
KXNBAREB-26APR06NYKATL-NYKJHART3-12,2026-04-06,reb,11.5,5.0715,6.4285,0.01475,0.022516677179011846,0.0,1.0
KXNBAREB-26APR06NYKATL-NYKJHART3-4,2026-04-06,reb,3.5,5.0715,-1.5715000000000003,0.71575,0.6871999815639618,1.0,1.0
KXNBAREB-26APR06NYKATL-NYKJHART3-6,2026-04-06,reb,5.5,5.0715,0.42849999999999966,0.38925,0.3919325717169627,0.0,1.0
KXNBAREB-26APR06NYKATL-NYKJHART3-8,2026-04-06,reb,7.5,5.0715,2.4284999999999997,0.16875,0.17870056737841633,0.0,1.0
KXNBAREB-26APR06NYKATL-NYKKTOWNS32-10,2026-04-06,reb,9.5,6.085554458703521,3.4144455412964794,0.10299440605462323,0.13686107795408375,1.0,0.75975
KXNBAREB-26APR06NYKATL-NYKKTOWNS32-12,2026-04-06,reb,11.5,6.085554458703521,5.414445541296479,0.03126028298782494,0.05618378380288458,1.0,0.75975
KXNBAREB-26APR06NYKATL-NYKKTOWNS32-14,2026-04-06,reb,13.5,6.085554458703521,7.414445541296479,0.008555445870352089,0.020682254567147673,0.0,0.75975
KXNBAREB-26APR06NYKATL-NYKKTOWNS32-16,2026-04-06,reb,15.5,6.085554458703521,9.41444554129648,0.0026324448831852583,0.006957699460128031,0.0,0.75975
KXNBAREB-26APR06NYKATL-NYKKTOWNS32-8,2026-04-06,reb,7.5,6.085554458703521,1.4144455412964794,0.2796972688384337,0.2918093404392177,1.0,0.75975
KXNBAREB-26APR06NYKATL-NYKMBRIDGES25-10,2026-04-06,reb,9.5,3.28025,6.2197499999999994,0.005,0.007990384972222153,0.0,1.0
KXNBAREB-26APR06NYKATL-NYKMBRIDGES25-2,2026-04-06,reb,1.5,3.28025,-1.78025,0.81025,0.7974165518490565,1.0,1.0
KXNBAREB-26APR06NYKATL-NYKMBRIDGES25-4,2026-04-06,reb,3.5,3.28025,0.2197499999999999,0.41125,0.4058715998641156,1.0,1.0
KXNBAREB-26APR06NYKATL-NYKMBRIDGES25-6,2026-04-06,reb,5.5,3.28025,2.21975,0.13475,0.14140968127823694,0.0,1.0
KXNBAREB-26APR06NYKATL-NYKMBRIDGES25-8,2026-04-06,reb,7.5,3.28025,4.2197499999999994,0.0315,0.03727326314081614,0.0,1.0
KXNBAREB-26APR06NYKATL-NYKOANUNOBY8-2,2026-04-06,reb,1.5,4.60125,-3.1012500000000003,0.928,0.9064946819703177,1.0,1.0
KXNBAREB-26APR06NYKATL-NYKOANUNOBY8-4,2026-04-06,reb,3.5,4.60125,-1.1012500000000003,0.6565,0.6262522008184418,1.0,1.0
KXNBAREB-26APR06NYKATL-NYKOANUNOBY8-5,2026-04-06,reb,4.5,4.60125,-0.10125000000000028,0.48075,0.4657236653911965,1.0,1.0
KXNBAREB-26APR06NYKATL-NYKOANUNOBY8-6,2026-04-06,reb,5.5,4.60125,0.8987499999999997,0.3215,0.323996503850952,0.0,1.0
KXNBAREB-26APR06NYKATL-NYKOANUNOBY8-8,2026-04-06,reb,7.5,4.60125,2.8987499999999997,0.1095,0.1320844065906327,0.0,1.0
KXNBAAST-26APR06NYKATL-ATLCMCCOLLUM3-10,2026-04-06,ast,9.5,2.674,6.8260000000000005,0.0,0.0022297044436927482,0.0,1.0
KXNBAAST-26APR06NYKATL-ATLCMCCOLLUM3-2,2026-04-06,ast,1.5,2.674,-1.174,0.734,0.711587173705297,1.0,1.0
KXNBAAST-26APR06NYKATL-ATLCMCCOLLUM3-4,2026-04-06,ast,3.5,2.674,0.8260000000000001,0.28925,0.28671039083882466,1.0,1.0
KXNBAAST-26APR06NYKATL-ATLCMCCOLLUM3-6,2026-04-06,ast,5.5,2.674,2.826,0.06325,0.07495661483370042,1.0,1.0
KXNBAAST-26APR06NYKATL-ATLCMCCOLLUM3-8,2026-04-06,ast,7.5,2.674,4.8260000000000005,0.009,0.014443964621475569,0.0,1.0
KXNBAAST-26APR06NYKATL-ATLJJOHNSON1-10,2026-04-06,ast,9.5,3.65625,5.84375,0.0065,0.01389355013619975,0.0,1.0
KXNBAAST-26APR06NYKATL-ATLJJOHNSON1-12,2026-04-06,ast,11.5,3.65625,7.84375,0.001,0.002897317684908196,0.0,1.0
KXNBAAST-26APR06NYKATL-ATLJJOHNSON1-4,2026-04-06,ast,3.5,3.65625,-0.15625,0.492,0.47638159715269923,1.0,1.0
KXNBAAST-26APR06NYKATL-ATLJJOHNSON1-6,2026-04-06,ast,5.5,3.65625,1.84375,0.16625,0.1886848570016768,0.0,1.0
KXNBAAST-26APR06NYKATL-ATLJJOHNSON1-8,2026-04-06,ast,7.5,3.65625,3.84375,0.04125,0.05679078440746732,0.0,1.0
KXNBAAST-26APR06NYKATL-ATLNALEXANDERWALKER7-10,2026-04-06,ast,9.5,2.421,7.079000000000001,0.00075,0.0011733064176979724,0.0,1.0
KXNBAAST-26APR06NYKATL-ATLNALEXANDERWALKER7-2,2026-04-06,ast,1.5,2.421,-0.9209999999999998,0.68225,0.6647556509194124,1.0,1.0
KXNBAAST-26APR06NYKATL-ATLNALEXANDERWALKER7-4,2026-04-06,ast,3.5,2.421,1.0790000000000002,0.2255,0.2365709318494067,0.0,1.0
KXNBAAST-26APR06NYKATL-ATLNALEXANDERWALKER7-6,2026-04-06,ast,5.5,2.421,3.079,0.044,0.05357146697908377,0.0,1.0
KXNBAAST-26APR06NYKATL-ATLNALEXANDERWALKER7-8,2026-04-06,ast,7.5,2.421,5.079000000000001,0.00575,0.008873664061196163,0.0,1.0
KXNBAAST-26APR06NYKATL-ATLOOKONGWU17-2,2026-04-06,ast,1.5,2.05125,-0.55125,0.60225,0.5834666501415249,0.0,1.0
KXNBAAST-26APR06NYKATL-ATLOOKONGWU17-3,2026-04-06,ast,2.5,2.05125,0.44875,0.344,0.3353617000591351,0.0,1.0
KXNBAAST-26APR06NYKATL-ATLOOKONGWU17-4,2026-04-06,ast,3.5,2.05125,1.44875,0.16,0.1663989612277843,0.0,1.0
KXNBAAST-26APR06NYKATL-ATLOOKONGWU17-6,2026-04-06,ast,5.5,2.05125,3.44875,0.02,0.029340820881108343,0.0,1.0
KXNBAAST-26APR06NYKATL-ATLOOKONGWU17-8,2026-04-06,ast,7.5,2.05125,5.44875,0.00175,0.003743260379006408,0.0,1.0
KXNBAAST-26APR06NYKATL-NYKJBRUNSON11-10,2026-04-06,ast,9.5,4.28025,5.21975,0.01275,0.030967327154725832,1.0,1.0
KXNBAAST-26APR06NYKATL-NYKJBRUNSON11-12,2026-04-06,ast,11.5,4.28025,7.21975,0.0015,0.00804212743437227,1.0,1.0
KXNBAAST-26APR06NYKATL-NYKJBRUNSON11-4,2026-04-06,ast,3.5,4.28025,-0.7802499999999997,0.613,0.5809561390730449,1.0,1.0
KXNBAAST-26APR06NYKATL-NYKJBRUNSON11-6,2026-04-06,ast,5.5,4.28025,1.2197500000000003,0.266,0.2767498092301057,1.0,1.0
KXNBAAST-26APR06NYKATL-NYKJBRUNSON11-8,2026-04-06,ast,7.5,4.28025,3.2197500000000003,0.08425,0.10218409448240962,1.0,1.0
KXNBAAST-26APR06NYKATL-NYKJHART3-2,2026-04-06,ast,1.5,2.63075,-1.13075,0.729,0.7040508952807691,1.0,1.0
KXNBAAST-26APR06NYKATL-NYKJHART3-4,2026-04-06,ast,3.5,2.63075,0.8692500000000001,0.2695,0.27808643023940083,0.0,1.0
KXNBAAST-26APR06NYKATL-NYKJHART3-5,2026-04-06,ast,4.5,2.63075,1.86925,0.137,0.1470385692855566,0.0,1.0
KXNBAAST-26APR06NYKATL-NYKJHART3-6,2026-04-06,ast,5.5,2.63075,2.86925,0.05625,0.0710334268680669,0.0,1.0
KXNBAAST-26APR06NYKATL-NYKJHART3-8,2026-04-06,ast,7.5,2.63075,4.86925,0.0075,0.013356288162199359,0.0,1.0
KXNBA3PT-26APR06NYKATL-ATLCMCCOLLUM3-1,2026-04-06,fg3m,0.5,1.45125,-0.9512499999999999,0.75175,0.7351568425652257,1.0,1.0
KXNBA3PT-26APR06NYKATL-ATLCMCCOLLUM3-2,2026-04-06,fg3m,1.5,1.45125,0.04875000000000007,0.431,0.41220146773049526,1.0,1.0
KXNBA3PT-26APR06NYKATL-ATLCMCCOLLUM3-3,2026-04-06,fg3m,2.5,1.45125,1.04875,0.18075,0.18949702241113475,1.0,1.0
KXNBA3PT-26APR06NYKATL-ATLCMCCOLLUM3-4,2026-04-06,fg3m,3.5,1.45125,2.04875,0.06525,0.07525635122812402,0.0,1.0
KXNBA3PT-26APR06NYKATL-ATLCMCCOLLUM3-5,2026-04-06,fg3m,4.5,1.45125,3.04875,0.018,0.02674251352611834,0.0,1.0
KXNBA3PT-26APR06NYKATL-ATLJJOHNSON1-1,2026-04-06,fg3m,0.5,1.201,-0.7010000000000001,0.6925,0.6722135890022415,1.0,1.0
KXNBA3PT-26APR06NYKATL-ATLJJOHNSON1-2,2026-04-06,fg3m,1.5,1.201,0.29899999999999993,0.33075,0.33205897497366377,1.0,1.0
KXNBA3PT-26APR06NYKATL-ATLJJOHNSON1-3,2026-04-06,fg3m,2.5,1.201,1.299,0.129,0.1324434125165741,1.0,1.0
KXNBA3PT-26APR06NYKATL-ATLJJOHNSON1-4,2026-04-06,fg3m,3.5,1.201,2.299,0.034,0.045303339761577965,0.0,1.0
KXNBA3PT-26APR06NYKATL-ATLJJOHNSON1-5,2026-04-06,fg3m,4.5,1.201,3.299,0.011,0.013811758757828918,0.0,1.0
KXNBA3PT-26APR06NYKATL-ATLNALEXANDERWALKER7-1,2026-04-06,fg3m,0.5,2.00225,-1.50225,0.856,0.8310413867747938,1.0,1.0
KXNBA3PT-26APR06NYKATL-ATLNALEXANDERWALKER7-2,2026-04-06,fg3m,1.5,2.00225,-0.5022500000000001,0.588,0.5630394931361098,1.0,1.0
KXNBA3PT-26APR06NYKATL-ATLNALEXANDERWALKER7-3,2026-04-06,fg3m,2.5,2.00225,0.4977499999999999,0.32275,0.3226430717656097,1.0,1.0
KXNBA3PT-26APR06NYKATL-ATLNALEXANDERWALKER7-4,2026-04-06,fg3m,3.5,2.00225,1.49775,0.14675,0.16223595787570855,1.0,1.0
KXNBA3PT-26APR06NYKATL-ATLNALEXANDERWALKER7-5,2026-04-06,fg3m,4.5,2.00225,2.49775,0.05875,0.07362809206346954,1.0,1.0
KXNBA3PT-26APR06NYKATL-NYKJBRUNSON11-1,2026-04-06,fg3m,0.5,1.1845,-0.6845000000000001,0.68725,0.6675024533313099,1.0,1.0
KXNBA3PT-26APR06NYKATL-NYKJBRUNSON11-2,2026-04-06,fg3m,1.5,1.1845,0.3154999999999999,0.3285,0.32656257911452746,1.0,1.0
KXNBA3PT-26APR06NYKATL-NYKJBRUNSON11-3,2026-04-06,fg3m,2.5,1.1845,1.3155,0.1245,0.12886572561291632,1.0,1.0
KXNBA3PT-26APR06NYKATL-NYKJBRUNSON11-4,2026-04-06,fg3m,3.5,1.1845,2.3155,0.03425,0.0435896494493474,0.0,1.0
KXNBA3PT-26APR06NYKATL-NYKJBRUNSON11-5,2026-04-06,fg3m,4.5,1.1845,3.3155,0.00825,0.013138219915297289,0.0,1.0
KXNBA3PT-26APR06NYKATL-NYKJHART3-1,2026-04-06,fg3m,0.5,1.1145,-0.6145,0.65575,0.6466456255553452,0.0,1.0
KXNBA3PT-26APR06NYKATL-NYKJHART3-2,2026-04-06,fg3m,1.5,1.1145,0.38549999999999995,0.30725,0.3030037214196384,0.0,1.0
KXNBA3PT-26APR06NYKATL-NYKJHART3-3,2026-04-06,fg3m,2.5,1.1145,1.3855,0.109,0.11401565975726169,0.0,1.0
KXNBA3PT-26APR06NYKATL-NYKJHART3-4,2026-04-06,fg3m,3.5,1.1145,2.3855,0.03225,0.03669988438968341,0.0,1.0
KXNBA3PT-26APR06NYKATL-NYKJHART3-5,2026-04-06,fg3m,4.5,1.1145,3.3855,0.008,0.010514745285237437,0.0,1.0
KXNBA3PT-26APR06NYKATL-NYKKTOWNS32-1,2026-04-06,fg3m,0.5,0.7331358999670944,-0.23313589996709438,0.5100361961171438,0.5034314386306795,1.0,0.75975
KXNBA3PT-26APR06NYKATL-NYKKTOWNS32-2,2026-04-06,fg3m,1.5,0.7331358999670944,0.7668641000329056,0.16452780519907864,0.17127935252854465,1.0,0.75975
KXNBA3PT-26APR06NYKATL-NYKKTOWNS32-3,2026-04-06,fg3m,2.5,0.7331358999670944,1.7668641000329055,0.04343534057255676,0.04563951737116012,0.0,0.75975
KXNBA3PT-26APR06NYKATL-NYKKTOWNS32-4,2026-04-06,fg3m,3.5,0.7331358999670944,2.7668641000329055,0.011516946363935505,0.010286765721431834,0.0,0.75975
KXNBA3PT-26APR06NYKATL-NYKKTOWNS32-5,2026-04-06,fg3m,4.5,0.7331358999670944,3.7668641000329055,0.0029615004935834156,0.002051604388777273,0.0,0.75975
KXNBA3PT-26APR06NYKATL-NYKMBRIDGES25-1,2026-04-06,fg3m,0.5,1.18775,-0.6877500000000001,0.693,0.668436428646161,0.0,1.0
KXNBA3PT-26APR06NYKATL-NYKMBRIDGES25-2,2026-04-06,fg3m,1.5,1.18775,0.3122499999999999,0.32925,0.32764701135189467,0.0,1.0
KXNBA3PT-26APR06NYKATL-NYKMBRIDGES25-3,2026-04-06,fg3m,2.5,1.18775,1.31225,0.12425,0.12956820955147186,0.0,1.0
KXNBA3PT-26APR06NYKATL-NYKMBRIDGES25-4,2026-04-06,fg3m,3.5,1.18775,2.3122499999999997,0.0325,0.043924515472561376,0.0,1.0
KXNBA3PT-26APR06NYKATL-NYKMBRIDGES25-5,2026-04-06,fg3m,4.5,1.18775,3.3122499999999997,0.007,0.01326919873955712,0.0,1.0
KXNBA3PT-26APR06NYKATL-NYKOANUNOBY8-1,2026-04-06,fg3m,0.5,2.114,-1.6139999999999999,0.8735,0.845277379998864,1.0,1.0
KXNBA3PT-26APR06NYKATL-NYKOANUNOBY8-2,2026-04-06,fg3m,1.5,2.114,-0.6139999999999999,0.61925,0.5891297492815353,1.0,1.0
KXNBA3PT-26APR06NYKATL-NYKOANUNOBY8-3,2026-04-06,fg3m,2.5,2.114,0.3860000000000001,0.35625,0.3493240587362503,1.0,1.0
KXNBA3PT-26APR06NYKATL-NYKOANUNOBY8-4,2026-04-06,fg3m,3.5,2.114,1.3860000000000001,0.16575,0.1823172732057876,1.0,1.0
KXNBA3PT-26APR06NYKATL-NYKOANUNOBY8-5,2026-04-06,fg3m,4.5,2.114,2.386,0.064,0.08603157714716625,0.0,1.0
KXNBAPTS-26APR06PORDEN-DENAGORDON32-10,2026-04-06,pts,9.5,10.52925,-1.0292499999999993,0.52575,0.523529016892836,1.0,1.0
KXNBAPTS-26APR06PORDEN-DENAGORDON32-15,2026-04-06,pts,14.5,10.52925,3.9707500000000007,0.224,0.20748890613917714,1.0,1.0
KXNBAPTS-26APR06PORDEN-DENAGORDON32-20,2026-04-06,pts,19.5,10.52925,8.97075,0.0775,0.06251951213585338,1.0,1.0
KXNBAPTS-26APR06PORDEN-DENAGORDON32-25,2026-04-06,pts,24.5,10.52925,13.97075,0.02025,0.015577174348156642,0.0,1.0
KXNBAPTS-26APR06PORDEN-DENCBRAUN0-10,2026-04-06,pts,9.5,10.2265,-0.7264999999999997,0.512,0.5011832148239487,0.0,1.0
KXNBAPTS-26APR06PORDEN-DENCBRAUN0-15,2026-04-06,pts,14.5,10.2265,4.2735,0.20475,0.18990825536169342,0.0,1.0
KXNBAPTS-26APR06PORDEN-DENCBRAUN0-20,2026-04-06,pts,19.5,10.2265,9.2735,0.05175,0.0544606325232706,0.0,1.0
KXNBAPTS-26APR06PORDEN-DENCBRAUN0-25,2026-04-06,pts,24.5,10.2265,14.2735,0.012,0.01288795227955608,0.0,1.0
KXNBAPTS-26APR06PORDEN-DENCJOHNSON23-10,2026-04-06,pts,9.5,9.7825,-0.28250000000000064,0.4735,0.46710282302961137,1.0,1.0
KXNBAPTS-26APR06PORDEN-DENCJOHNSON23-15,2026-04-06,pts,14.5,9.7825,4.717499999999999,0.19325,0.1648959830498572,1.0,1.0
KXNBAPTS-26APR06PORDEN-DENCJOHNSON23-20,2026-04-06,pts,19.5,9.7825,9.7175,0.0545,0.043761319534853516,0.0,1.0
KXNBAPTS-26APR06PORDEN-DENCJOHNSON23-25,2026-04-06,pts,24.5,9.7825,14.7175,0.0135,0.00955503849307815,0.0,1.0
KXNBAPTS-26APR06PORDEN-DENJMURRAY27-15,2026-04-06,pts,14.5,15.39775,-0.8977500000000003,0.5235,0.4950786985806215,1.0,1.0
KXNBAPTS-26APR06PORDEN-DENJMURRAY27-20,2026-04-06,pts,19.5,15.39775,4.10225,0.26225,0.25570878494418947,1.0,1.0
KXNBAPTS-26APR06PORDEN-DENJMURRAY27-25,2026-04-06,pts,24.5,15.39775,9.10225,0.09475,0.11288388234952784,0.0,1.0
KXNBAPTS-26APR06PORDEN-DENJMURRAY27-30,2026-04-06,pts,29.5,15.39775,14.10225,0.03125,0.044222848488192024,0.0,1.0
KXNBAPTS-26APR06PORDEN-DENJMURRAY27-35,2026-04-06,pts,34.5,15.39775,19.102249999999998,0.0065,0.015794695251002744,0.0,1.0
KXNBAPTS-26APR06PORDEN-DENNJOKIC15-25,2026-04-06,pts,24.5,15.73225,8.76775,0.102,0.123112815833749,1.0,1.0
KXNBAPTS-26APR06PORDEN-DENNJOKIC15-30,2026-04-06,pts,29.5,15.73225,13.76775,0.02975,0.04960952594129697,1.0,1.0
KXNBAPTS-26APR06PORDEN-DENNJOKIC15-35,2026-04-06,pts,34.5,15.73225,18.76775,0.006,0.018238499804052233,1.0,1.0
KXNBAPTS-26APR06PORDEN-DENNJOKIC15-40,2026-04-06,pts,39.5,15.73225,23.76775,0.00175,0.006235210834957483,0.0,1.0
KXNBAPTS-26APR06PORDEN-PORDAVDIJA8-20,2026-04-06,pts,19.5,14.567,4.933,0.22275,0.21716578949437193,1.0,1.0
KXNBAPTS-26APR06PORDEN-PORDAVDIJA8-25,2026-04-06,pts,24.5,14.567,9.933,0.092,0.08918936347110018,1.0,1.0
KXNBAPTS-26APR06PORDEN-PORDAVDIJA8-30,2026-04-06,pts,29.5,14.567,14.933,0.0265,0.032407552605558165,0.0,1.0
KXNBAPTS-26APR06PORDEN-PORDAVDIJA8-35,2026-04-06,pts,34.5,14.567,19.933,0.007,0.010716605816368352,0.0,1.0
KXNBAPTS-26APR06PORDEN-PORDCLINGAN23-10,2026-04-06,pts,9.5,8.8005,0.6995000000000005,0.3995,0.3868703606198489,1.0,1.0
KXNBAPTS-26APR06PORDEN-PORDCLINGAN23-15,2026-04-06,pts,14.5,8.8005,5.6995000000000005,0.142,0.11398680961575336,1.0,1.0
KXNBAPTS-26APR06PORDEN-PORDCLINGAN23-20,2026-04-06,pts,19.5,8.8005,10.6995,0.02725,0.024874757555704785,0.0,1.0
KXNBAPTS-26APR06PORDEN-PORDCLINGAN23-25,2026-04-06,pts,24.5,8.8005,15.6995,0.0045,0.004436825499195218,0.0,1.0
KXNBAPTS-26APR06PORDEN-PORJHOLIDAY5-15,2026-04-06,pts,14.5,12.24025,2.2597500000000004,0.33125,0.3111037822361091,1.0,1.0
KXNBAPTS-26APR06PORDEN-PORJHOLIDAY5-20,2026-04-06,pts,19.5,12.24025,7.25975,0.1335,0.11878346876423218,0.0,1.0
KXNBAPTS-26APR06PORDEN-PORJHOLIDAY5-25,2026-04-06,pts,24.5,12.24025,12.25975,0.0375,0.03794181603246127,0.0,1.0
KXNBAPTS-26APR06PORDEN-PORJHOLIDAY5-30,2026-04-06,pts,29.5,12.24025,17.25975,0.0075,0.010632506844121092,0.0,1.0
KXNBAPTS-26APR06PORDEN-PORTCAMARA33-10,2026-04-06,pts,9.5,11.88975,-2.3897499999999994,0.6155,0.6144535830605733,1.0,1.0
KXNBAPTS-26APR06PORDEN-PORTCAMARA33-15,2026-04-06,pts,14.5,11.88975,2.6102500000000006,0.30875,0.2896112401406846,1.0,1.0
KXNBAPTS-26APR06PORDEN-PORTCAMARA33-20,2026-04-06,pts,19.5,11.88975,7.610250000000001,0.11675,0.10589341516521311,1.0,1.0
KXNBAPTS-26APR06PORDEN-PORTCAMARA33-25,2026-04-06,pts,24.5,11.88975,12.61025,0.03175,0.032314332589847505,1.0,1.0
KXNBAREB-26APR06PORDEN-DENAGORDON32-10,2026-04-06,reb,9.5,3.645,5.855,0.00825,0.014234566709394825,0.0,1.0
KXNBAREB-26APR06PORDEN-DENAGORDON32-2,2026-04-06,reb,1.5,3.645,-2.145,0.8535,0.8367047569224711,1.0,1.0
KXNBAREB-26APR06PORDEN-DENAGORDON32-4,2026-04-06,reb,3.5,3.645,-0.14500000000000002,0.483,0.473421542535459,1.0,1.0
KXNBAREB-26APR06PORDEN-DENAGORDON32-6,2026-04-06,reb,5.5,3.645,1.855,0.18125,0.18820103288561063,1.0,1.0
KXNBAREB-26APR06PORDEN-DENAGORDON32-8,2026-04-06,reb,7.5,3.645,3.855,0.04675,0.05723801375027182,1.0,1.0
KXNBAREB-26APR06PORDEN-DENCJOHNSON23-10,2026-04-06,reb,9.5,3.14375,6.35625,0.003,0.006267785381593005,0.0,1.0
KXNBAREB-26APR06PORDEN-DENCJOHNSON23-2,2026-04-06,reb,1.5,3.14375,-1.6437499999999998,0.798,0.7803500421514653,1.0,1.0
KXNBAREB-26APR06PORDEN-DENCJOHNSON23-4,2026-04-06,reb,3.5,3.14375,0.3562500000000002,0.384,0.3796095034906197,1.0,1.0
KXNBAREB-26APR06PORDEN-DENCJOHNSON23-6,2026-04-06,reb,5.5,3.14375,2.35625,0.1135,0.12515619089743224,1.0,1.0
KXNBAREB-26APR06PORDEN-DENCJOHNSON23-8,2026-04-06,reb,7.5,3.14375,4.35625,0.02175,0.03108771264710919,0.0,1.0
KXNBAREB-26APR06PORDEN-DENNJOKIC15-10,2026-04-06,reb,9.5,6.601,2.899,0.149,0.17967487418062322,1.0,1.0
KXNBAREB-26APR06PORDEN-DENNJOKIC15-12,2026-04-06,reb,11.5,6.601,4.899,0.048,0.08070643876276429,1.0,1.0
KXNBAREB-26APR06PORDEN-DENNJOKIC15-14,2026-04-06,reb,13.5,6.601,6.899,0.01475,0.032603453492198065,1.0,1.0
KXNBAREB-26APR06PORDEN-DENNJOKIC15-16,2026-04-06,reb,15.5,6.601,8.899000000000001,0.0025,0.012059231858653319,0.0,1.0
KXNBAREB-26APR06PORDEN-DENNJOKIC15-18,2026-04-06,reb,17.5,6.601,10.899000000000001,0.0005,0.004142013649334975,0.0,1.0
KXNBAREB-26APR06PORDEN-PORDAVDIJA8-10,2026-04-06,reb,9.5,5.42475,4.07525,0.07675,0.08939129126949785,0.0,1.0
KXNBAREB-26APR06PORDEN-PORDAVDIJA8-12,2026-04-06,reb,11.5,5.42475,6.07525,0.02125,0.032085176634937373,0.0,1.0
KXNBAREB-26APR06PORDEN-PORDAVDIJA8-6,2026-04-06,reb,5.5,5.42475,0.0752499999999996,0.45275,0.44153863927631876,0.0,1.0
KXNBAREB-26APR06PORDEN-PORDAVDIJA8-7,2026-04-06,reb,6.5,5.42475,1.0752499999999996,0.3135,0.3168544117300426,0.0,1.0
KXNBAREB-26APR06PORDEN-PORDAVDIJA8-8,2026-04-06,reb,7.5,5.42475,2.0752499999999996,0.201,0.2166720842196318,0.0,1.0
KXNBAREB-26APR06PORDEN-PORDCLINGAN23-10,2026-04-06,reb,9.5,6.21275,3.2872500000000002,0.1265,0.14701030855891295,1.0,1.0
KXNBAREB-26APR06PORDEN-PORDCLINGAN23-12,2026-04-06,reb,11.5,6.21275,5.28725,0.04425,0.06177296364298923,1.0,1.0
KXNBAREB-26APR06PORDEN-PORDCLINGAN23-14,2026-04-06,reb,13.5,6.21275,7.28725,0.0125,0.02329257523290973,0.0,1.0
KXNBAREB-26APR06PORDEN-PORDCLINGAN23-16,2026-04-06,reb,15.5,6.21275,9.28725,0.00325,0.008030036563928977,0.0,1.0
KXNBAREB-26APR06PORDEN-PORDCLINGAN23-8,2026-04-06,reb,7.5,6.21275,1.2872500000000002,0.294,0.30659287723107387,1.0,1.0
KXNBAREB-26APR06PORDEN-PORJHOLIDAY5-2,2026-04-06,reb,1.5,4.3245,-2.8244999999999996,0.91075,0.8902811899362759,1.0,1.0
KXNBAREB-26APR06PORDEN-PORJHOLIDAY5-4,2026-04-06,reb,3.5,4.3245,-0.8244999999999996,0.60525,0.5859831831090151,1.0,1.0
KXNBAREB-26APR06PORDEN-PORJHOLIDAY5-5,2026-04-06,reb,4.5,4.3245,0.17550000000000043,0.4355,0.42222844793006986,1.0,1.0
KXNBAREB-26APR06PORDEN-PORJHOLIDAY5-6,2026-04-06,reb,5.5,4.3245,1.1755000000000004,0.286,0.28376035662016963,1.0,1.0
KXNBAREB-26APR06PORDEN-PORJHOLIDAY5-8,2026-04-06,reb,7.5,4.3245,3.1755000000000004,0.08975,0.10735609352871434,0.0,1.0
KXNBAAST-26APR06PORDEN-DENAGORDON32-10,2026-04-06,ast,9.5,2.00525,7.49475,0.0,0.00032323162641556547,0.0,1.0
KXNBAAST-26APR06PORDEN-DENAGORDON32-2,2026-04-06,ast,1.5,2.00525,-0.5052500000000002,0.56975,0.5722084561776084,1.0,1.0
KXNBAAST-26APR06PORDEN-DENAGORDON32-4,2026-04-06,ast,3.5,2.00525,1.4947499999999998,0.1565,0.1581119017972179,1.0,1.0
KXNBAAST-26APR06PORDEN-DENAGORDON32-6,2026-04-06,ast,5.5,2.00525,3.49475,0.02625,0.02691564835136373,0.0,1.0
KXNBAAST-26APR06PORDEN-DENAGORDON32-8,2026-04-06,ast,7.5,2.00525,5.49475,0.003,0.0033107057004291285,0.0,1.0
KXNBAAST-26APR06PORDEN-DENJMURRAY27-10,2026-04-06,ast,9.5,3.7365,5.7635000000000005,0.0085,0.01559341671859249,0.0,1.0
KXNBAAST-26APR06PORDEN-DENJMURRAY27-12,2026-04-06,ast,11.5,3.7365,7.7635000000000005,0.00225,0.0033539627317785703,0.0,1.0
KXNBAAST-26APR06PORDEN-DENJMURRAY27-6,2026-04-06,ast,5.5,3.7365,1.7635,0.18325,0.19957749220231902,1.0,1.0
KXNBAAST-26APR06PORDEN-DENJMURRAY27-7,2026-04-06,ast,6.5,3.7365,2.7635,0.10075,0.11440505136418189,1.0,1.0
KXNBAAST-26APR06PORDEN-DENJMURRAY27-8,2026-04-06,ast,7.5,3.7365,3.7635,0.04425,0.06183886239551595,0.0,1.0
KXNBAAST-26APR06PORDEN-DENNJOKIC15-10,2026-04-06,ast,9.5,5.53975,3.9602500000000003,0.06625,0.09525476029930724,1.0,1.0
KXNBAAST-26APR06PORDEN-DENNJOKIC15-11,2026-04-06,ast,10.5,5.53975,4.96025,0.0355,0.05821583159970789,1.0,1.0
KXNBAAST-26APR06PORDEN-DENNJOKIC15-12,2026-04-06,ast,11.5,5.53975,5.96025,0.014,0.034455955221291634,1.0,1.0
KXNBAAST-26APR06PORDEN-DENNJOKIC15-14,2026-04-06,ast,13.5,5.53975,7.96025,0.0035,0.011096152588924935,0.0,1.0
KXNBAAST-26APR06PORDEN-DENNJOKIC15-16,2026-04-06,ast,15.5,5.53975,9.96025,0.0005,0.003247572155569256,0.0,1.0
KXNBAAST-26APR06PORDEN-PORDAVDIJA8-10,2026-04-06,ast,9.5,3.6315,5.8685,0.0055,0.013396507702457372,0.0,1.0
KXNBAAST-26APR06PORDEN-PORDAVDIJA8-12,2026-04-06,ast,11.5,3.6315,7.8685,0.00075,0.0027666383218134527,0.0,1.0
KXNBAAST-26APR06PORDEN-PORDAVDIJA8-6,2026-04-06,ast,5.5,3.6315,1.8685,0.17925,0.18536048055917298,1.0,1.0
KXNBAAST-26APR06PORDEN-PORDAVDIJA8-7,2026-04-06,ast,6.5,3.6315,2.8685,0.0975,0.10427518048605955,1.0,1.0
KXNBAAST-26APR06PORDEN-PORDAVDIJA8-8,2026-04-06,ast,7.5,3.6315,3.8685,0.04425,0.05528271608790625,0.0,1.0
KXNBAAST-26APR06PORDEN-PORDCLINGAN23-10,2026-04-06,ast,9.5,1.7545,7.7455,0.0,0.000122950541913025,0.0,1.0
KXNBAAST-26APR06PORDEN-PORDCLINGAN23-2,2026-04-06,ast,1.5,1.7545,-0.25449999999999995,0.51225,0.5061915053083056,0.0,1.0
KXNBAAST-26APR06PORDEN-PORDCLINGAN23-4,2026-04-06,ast,3.5,1.7545,1.7455,0.1115,0.1154451814600228,0.0,1.0
KXNBAAST-26APR06PORDEN-PORDCLINGAN23-6,2026-04-06,ast,5.5,1.7545,3.7455,0.01275,0.015906729688829557,0.0,1.0
KXNBAAST-26APR06PORDEN-PORDCLINGAN23-8,2026-04-06,ast,7.5,1.7545,5.7455,0.001,0.0015722977959450324,0.0,1.0
KXNBAAST-26APR06PORDEN-PORJHOLIDAY5-10,2026-04-06,ast,9.5,3.26125,6.23875,0.005,0.007375796402978696,1.0,1.0
KXNBAAST-26APR06PORDEN-PORJHOLIDAY5-12,2026-04-06,ast,11.5,3.26125,8.23875,0.00025,0.0013023672090397564,0.0,1.0
KXNBAAST-26APR06PORDEN-PORJHOLIDAY5-6,2026-04-06,ast,5.5,3.26125,2.23875,0.1265,0.13799364976784512,1.0,1.0
KXNBAAST-26APR06PORDEN-PORJHOLIDAY5-7,2026-04-06,ast,6.5,3.26125,3.23875,0.0585,0.07215858877878034,1.0,1.0
KXNBAAST-26APR06PORDEN-PORJHOLIDAY5-8,2026-04-06,ast,7.5,3.26125,4.23875,0.0245,0.03549224533837847,1.0,1.0
KXNBA3PT-26APR06PORDEN-DENAGORDON32-1,2026-04-06,fg3m,0.5,1.058,-0.558,0.6375,0.6287286166561834,1.0,1.0
KXNBA3PT-26APR06PORDEN-DENAGORDON32-2,2026-04-06,fg3m,1.5,1.058,0.44199999999999995,0.28575,0.28373844138997195,1.0,1.0
KXNBA3PT-26APR06PORDEN-DENAGORDON32-3,2026-04-06,fg3m,2.5,1.058,1.442,0.09625,0.10245648158361431,1.0,1.0
KXNBA3PT-26APR06PORDEN-DENAGORDON32-4,2026-04-06,fg3m,3.5,1.058,2.442,0.02775,0.03159537356433406,1.0,1.0
KXNBA3PT-26APR06PORDEN-DENAGORDON32-5,2026-04-06,fg3m,4.5,1.058,3.442,0.00925,0.008664831829637731,0.0,1.0
KXNBA3PT-26APR06PORDEN-DENJMURRAY27-2,2026-04-06,fg3m,1.5,2.24275,-0.74275,0.653,0.6173829874870446,1.0,1.0
KXNBA3PT-26APR06PORDEN-DENJMURRAY27-3,2026-04-06,fg3m,2.5,2.24275,0.25725,0.3915,0.37952838886321827,1.0,1.0
KXNBA3PT-26APR06PORDEN-DENJMURRAY27-4,2026-04-06,fg3m,3.5,2.24275,1.25725,0.18725,0.20608278880704145,0.0,1.0
KXNBA3PT-26APR06PORDEN-DENJMURRAY27-5,2026-04-06,fg3m,4.5,2.24275,2.25725,0.0805,0.10137763793469756,0.0,1.0
KXNBA3PT-26APR06PORDEN-DENJMURRAY27-6,2026-04-06,fg3m,5.5,2.24275,3.25725,0.03025,0.046055794376655634,0.0,1.0
KXNBA3PT-26APR06PORDEN-DENNJOKIC15-1,2026-04-06,fg3m,0.5,1.01125,-0.51125,0.63175,0.6131243297379005,1.0,1.0
KXNBA3PT-26APR06PORDEN-DENNJOKIC15-2,2026-04-06,fg3m,1.5,1.01125,0.48875,0.268,0.2676611156434914,0.0,1.0
KXNBA3PT-26APR06PORDEN-DENNJOKIC15-3,2026-04-06,fg3m,2.5,1.01125,1.48875,0.08475,0.09321359193218659,0.0,1.0
KXNBA3PT-26APR06PORDEN-DENNJOKIC15-4,2026-04-06,fg3m,3.5,1.01125,2.48875,0.02175,0.02768462826847895,0.0,1.0
KXNBA3PT-26APR06PORDEN-DENNJOKIC15-5,2026-04-06,fg3m,4.5,1.01125,3.48875,0.004,0.007306944645489977,0.0,1.0
KXNBA3PT-26APR06PORDEN-PORDAVDIJA8-1,2026-04-06,fg3m,0.5,1.0425,-0.5425,0.63475,0.6236352801951348,1.0,1.0
KXNBA3PT-26APR06PORDEN-PORDAVDIJA8-2,2026-04-06,fg3m,1.5,1.0425,0.4575,0.2775,0.2784202178283399,0.0,1.0
KXNBA3PT-26APR06PORDEN-PORDAVDIJA8-3,2026-04-06,fg3m,2.5,1.0425,1.4575,0.09575,0.0993583228915409,0.0,1.0
KXNBA3PT-26APR06PORDEN-PORDAVDIJA8-4,2026-04-06,fg3m,3.5,1.0425,2.4575,0.02775,0.030267222965616125,0.0,1.0
KXNBA3PT-26APR06PORDEN-PORDAVDIJA8-5,2026-04-06,fg3m,4.5,1.0425,3.4575,0.006,0.00819764327937278,0.0,1.0
KXNBAPTS-26APR06CLEMEM-CLEDSCHRODER8-10,2026-04-06,pts,9.5,6.441,3.059,0.216,0.18431568127017706,1.0,1.0
KXNBAPTS-26APR06CLEMEM-CLEDSCHRODER8-15,2026-04-06,pts,14.5,6.441,8.059000000000001,0.04675,0.028873081710303672,1.0,1.0
KXNBAPTS-26APR06CLEMEM-CLEDSCHRODER8-20,2026-04-06,pts,19.5,6.441,13.059000000000001,0.007,0.003232479666948729,1.0,1.0
KXNBAPTS-26APR06CLEMEM-CLEDSCHRODER8-25,2026-04-06,pts,24.5,6.441,18.059,0.00075,0.0002912953396309037,0.0,1.0
KXNBAPTS-26APR06CLEMEM-CLEEMOBLEY4-15,2026-04-06,pts,14.5,11.53,2.9700000000000006,0.273,0.26759735267098395,1.0,1.0
KXNBAPTS-26APR06CLEMEM-CLEEMOBLEY4-20,2026-04-06,pts,19.5,11.53,7.970000000000001,0.0795,0.09335024272371217,1.0,1.0
KXNBAPTS-26APR06CLEMEM-CLEEMOBLEY4-25,2026-04-06,pts,24.5,11.53,12.97,0.01775,0.027111678156707453,0.0,1.0
KXNBAPTS-26APR06CLEMEM-CLEEMOBLEY4-30,2026-04-06,pts,29.5,11.53,17.97,0.00425,0.006890528052798328,0.0,1.0
KXNBAPTS-26APR06CLEMEM-CLEEMOBLEY4-35,2026-04-06,pts,34.5,11.53,22.97,0.0005,0.0015836879177324459,0.0,1.0
KXNBAPTS-26APR06CLEMEM-CLEJALLEN31-10,2026-04-06,pts,9.5,10.5475,-1.0474999999999994,0.53575,0.524852118725101,1.0,1.0
KXNBAPTS-26APR06CLEMEM-CLEJALLEN31-15,2026-04-06,pts,14.5,10.5475,3.9525000000000006,0.2165,0.20856020015954402,0.0,1.0
KXNBAPTS-26APR06CLEMEM-CLEJALLEN31-20,2026-04-06,pts,19.5,10.5475,8.9525,0.07,0.06302477484731173,0.0,1.0
KXNBAPTS-26APR06CLEMEM-CLEJALLEN31-25,2026-04-06,pts,24.5,10.5475,13.9525,0.01675,0.0157506068887866,0.0,1.0
KXNBAPTS-26APR06CLEMEM-CLEJALLEN31-30,2026-04-06,pts,29.5,10.5475,18.9525,0.004,0.003432681189495468,0.0,1.0
KXNBAPTS-26APR06CLEMEM-MEMCCOWARD23-10,2026-04-06,pts,9.5,8.791970802919709,0.7080291970802914,0.40842733908427337,0.38614895760580026,1.0,0.7535
KXNBAPTS-26APR06CLEMEM-MEMCCOWARD23-15,2026-04-06,pts,14.5,8.791970802919709,5.708029197080291,0.12541473125414732,0.11357698656536441,0.0,0.7535
KXNBAPTS-26APR06CLEMEM-MEMCCOWARD23-20,2026-04-06,pts,19.5,8.791970802919709,10.708029197080291,0.02289316522893165,0.024739142551822524,0.0,0.7535
KXNBAPTS-26APR06CLEMEM-MEMCCOWARD23-25,2026-04-06,pts,24.5,8.791970802919709,15.708029197080291,0.004976775049767751,0.004404164938000776,0.0,0.7535
KXNBAREB-26APR06CLEMEM-CLEEMOBLEY4-10,2026-04-06,reb,9.5,5.21675,4.28325,0.05275,0.07649235943400534,0.0,1.0
KXNBAREB-26APR06CLEMEM-CLEEMOBLEY4-12,2026-04-06,reb,11.5,5.21675,6.28325,0.014,0.02618233160373329,0.0,1.0
KXNBAREB-26APR06CLEMEM-CLEEMOBLEY4-14,2026-04-06,reb,13.5,5.21675,8.283249999999999,0.00425,0.00799791127849625,0.0,1.0
KXNBAREB-26APR06CLEMEM-CLEEMOBLEY4-6,2026-04-06,reb,5.5,5.21675,0.2832499999999998,0.41975,0.4125304648713155,1.0,1.0
KXNBAREB-26APR06CLEMEM-CLEEMOBLEY4-8,2026-04-06,reb,7.5,5.21675,2.28325,0.171,0.19405806818651217,0.0,1.0
KXNBAREB-26APR06CLEMEM-CLEJALLEN31-10,2026-04-06,reb,9.5,4.53425,4.96575,0.03,0.04180867236006358,0.0,1.0
KXNBAREB-26APR06CLEMEM-CLEJALLEN31-12,2026-04-06,reb,11.5,4.53425,6.96575,0.00825,0.01198459299067911,0.0,1.0
KXNBAREB-26APR06CLEMEM-CLEJALLEN31-14,2026-04-06,reb,13.5,4.53425,8.96575,0.00175,0.003054932560611734,0.0,1.0
KXNBAREB-26APR06CLEMEM-CLEJALLEN31-6,2026-04-06,reb,5.5,4.53425,0.9657499999999999,0.31075,0.31424367916811047,1.0,1.0
KXNBAREB-26APR06CLEMEM-CLEJALLEN31-8,2026-04-06,reb,7.5,4.53425,2.96575,0.11725,0.1258946542336392,1.0,1.0
KXNBAAST-26APR06CLEMEM-CLEDSCHRODER8-10,2026-04-06,ast,9.5,2.0785,7.4215,0.00025,0.00041604222117885836,1.0,1.0
KXNBAAST-26APR06CLEMEM-CLEDSCHRODER8-12,2026-04-06,ast,11.5,2.0785,9.4215,0.0,3.627083169244205e-05,0.0,1.0
KXNBAAST-26APR06CLEMEM-CLEDSCHRODER8-4,2026-04-06,ast,3.5,2.0785,1.4215,0.16,0.17136494993586937,1.0,1.0
KXNBAAST-26APR06CLEMEM-CLEDSCHRODER8-6,2026-04-06,ast,5.5,2.0785,3.4215,0.028,0.030838392133927917,1.0,1.0
KXNBAAST-26APR06CLEMEM-CLEDSCHRODER8-8,2026-04-06,ast,7.5,2.0785,5.4215,0.00425,0.004018487038781937,1.0,1.0
KXNBAPTS-26APR06DETORL-DETATHOMPSON9-10,2026-04-06,pts,9.5,7.4475,2.0525,0.29275,0.2697641036358519,0.0,1.0
KXNBAPTS-26APR06DETORL-DETATHOMPSON9-15,2026-04-06,pts,14.5,7.4475,7.0525,0.07475,0.05773437181342633,0.0,1.0
KXNBAPTS-26APR06DETORL-DETATHOMPSON9-20,2026-04-06,pts,19.5,7.4475,12.0525,0.01175,0.008965572928968601,0.0,1.0
KXNBAPTS-26APR06DETORL-DETATHOMPSON9-25,2026-04-06,pts,24.5,7.4475,17.052500000000002,0.0,0.0011279092928655476,0.0,1.0
KXNBAPTS-26APR06DETORL-ORLDBANE3-15,2026-04-06,pts,14.5,12.78975,1.7102500000000003,0.346,0.3446823892037053,1.0,1.0
KXNBAPTS-26APR06DETORL-ORLDBANE3-20,2026-04-06,pts,19.5,12.78975,6.71025,0.14025,0.14019790787108644,1.0,1.0
KXNBAPTS-26APR06DETORL-ORLDBANE3-25,2026-04-06,pts,24.5,12.78975,11.71025,0.0435,0.04788549102410877,1.0,1.0
KXNBAPTS-26APR06DETORL-ORLDBANE3-30,2026-04-06,pts,29.5,12.78975,16.710250000000002,0.0105,0.01437735624391523,0.0,1.0
KXNBAPTS-26APR06DETORL-ORLJSUGGS4-10,2026-04-06,pts,9.5,9.85,-0.34999999999999964,0.48225,0.47238061346190974,1.0,1.0
KXNBAPTS-26APR06DETORL-ORLJSUGGS4-15,2026-04-06,pts,14.5,9.85,4.65,0.1895,0.16863125271536206,0.0,1.0
KXNBAPTS-26APR06DETORL-ORLJSUGGS4-20,2026-04-06,pts,19.5,9.85,9.65,0.05225,0.04530121411283505,0.0,1.0
KXNBAPTS-26APR06DETORL-ORLJSUGGS4-25,2026-04-06,pts,24.5,9.85,14.65,0.012,0.010017069200688233,0.0,1.0
KXNBAPTS-26APR06DETORL-ORLPBANCHERO5-15,2026-04-06,pts,14.5,13.24875,1.2512500000000006,0.37275,0.37243922546849517,1.0,1.0
KXNBAPTS-26APR06DETORL-ORLPBANCHERO5-20,2026-04-06,pts,19.5,13.24875,6.251250000000001,0.156,0.15908142882293808,1.0,1.0
KXNBAPTS-26APR06DETORL-ORLPBANCHERO5-25,2026-04-06,pts,24.5,13.24875,11.25125,0.0525,0.057237774667689645,1.0,1.0
KXNBAPTS-26APR06DETORL-ORLPBANCHERO5-30,2026-04-06,pts,29.5,13.24875,16.25125,0.01075,0.018133353238350303,1.0,1.0
KXNBAPTS-26APR06DETORL-ORLWCARTER34-10,2026-04-06,pts,9.5,10.278,-0.7780000000000005,0.50575,0.5050367056921415,1.0,1.0
KXNBAPTS-26APR06DETORL-ORLWCARTER34-15,2026-04-06,pts,14.5,10.278,4.2219999999999995,0.20875,0.19287179512422503,0.0,1.0
KXNBAPTS-26APR06DETORL-ORLWCARTER34-20,2026-04-06,pts,19.5,10.278,9.222,0.05725,0.05578822021441543,0.0,1.0
KXNBAREB-26APR06DETORL-DETATHOMPSON9-10,2026-04-06,reb,9.5,4.13225,5.36775,0.017,0.02697405988437107,0.0,1.0
KXNBAREB-26APR06DETORL-DETATHOMPSON9-2,2026-04-06,reb,1.5,4.13225,-2.63225,0.89,0.8772983953894393,1.0,1.0
KXNBAREB-26APR06DETORL-DETATHOMPSON9-4,2026-04-06,reb,3.5,4.13225,-0.63225,0.5755,0.5560722027518952,0.0,1.0
KXNBAREB-26APR06DETORL-DETATHOMPSON9-6,2026-04-06,reb,5.5,4.13225,1.36775,0.24975,0.25604477187705665,0.0,1.0
KXNBAREB-26APR06DETORL-DETATHOMPSON9-8,2026-04-06,reb,7.5,4.13225,3.36775,0.078,0.09156434172383554,0.0,1.0
KXNBAREB-26APR06DETORL-ORLJSUGGS4-2,2026-04-06,reb,1.5,3.83275,-2.33275,0.87025,0.8537857156301928,1.0,1.0
KXNBAREB-26APR06DETORL-ORLJSUGGS4-4,2026-04-06,reb,3.5,3.83275,-0.3327499999999999,0.5205,0.5063867594906594,1.0,1.0
KXNBAREB-26APR06DETORL-ORLJSUGGS4-5,2026-04-06,reb,4.5,3.83275,0.6672500000000001,0.35475,0.3416077552015466,1.0,1.0
KXNBAREB-26APR06DETORL-ORLJSUGGS4-6,2026-04-06,reb,5.5,3.83275,1.6672500000000001,0.2105,0.21379139942103997,1.0,1.0
KXNBAREB-26APR06DETORL-ORLJSUGGS4-8,2026-04-06,reb,7.5,3.83275,3.66725,0.056,0.06945476774164416,0.0,1.0
KXNBAREB-26APR06DETORL-ORLPBANCHERO5-10,2026-04-06,reb,9.5,5.35075,4.14925,0.06125,0.08468257570559579,0.0,1.0
KXNBAREB-26APR06DETORL-ORLPBANCHERO5-12,2026-04-06,reb,11.5,5.35075,6.14925,0.016,0.029895364663136692,0.0,1.0
KXNBAREB-26APR06DETORL-ORLPBANCHERO5-4,2026-04-06,reb,3.5,5.35075,-1.8507499999999997,0.7605,0.719113804274544,1.0,1.0
KXNBAREB-26APR06DETORL-ORLPBANCHERO5-6,2026-04-06,reb,5.5,5.35075,0.14925000000000033,0.43825,0.4312909923463545,0.0,1.0
KXNBAREB-26APR06DETORL-ORLPBANCHERO5-8,2026-04-06,reb,7.5,5.35075,2.1492500000000003,0.19275,0.20855040448337392,0.0,1.0
KXNBAREB-26APR06DETORL-ORLWCARTER34-10,2026-04-06,reb,9.5,4.6145,4.8855,0.0285,0.045264528528726755,0.0,1.0
KXNBAREB-26APR06DETORL-ORLWCARTER34-12,2026-04-06,reb,11.5,4.6145,6.8855,0.00575,0.013274236592662358,0.0,1.0
KXNBAREB-26APR06DETORL-ORLWCARTER34-6,2026-04-06,reb,5.5,4.6145,0.8855000000000004,0.323,0.32592485658518566,0.0,1.0
KXNBAREB-26APR06DETORL-ORLWCARTER34-7,2026-04-06,reb,6.5,4.6145,1.8855000000000004,0.19275,0.21400235650538568,0.0,1.0
KXNBAREB-26APR06DETORL-ORLWCARTER34-8,2026-04-06,reb,7.5,4.6145,2.8855000000000004,0.11125,0.13332311651271667,0.0,1.0
KXNBAAST-26APR06DETORL-DETATHOMPSON9-2,2026-04-06,ast,1.5,2.0815,-0.5815000000000001,0.6,0.5907281433054373,1.0,1.0
KXNBAAST-26APR06DETORL-DETATHOMPSON9-3,2026-04-06,ast,2.5,2.0815,0.41849999999999987,0.3455,0.34282520134912464,1.0,1.0
KXNBAAST-26APR06DETORL-DETATHOMPSON9-4,2026-04-06,ast,3.5,2.0815,1.4184999999999999,0.1655,0.17191413683354217,1.0,1.0
KXNBAAST-26APR06DETORL-DETATHOMPSON9-6,2026-04-06,ast,5.5,2.0815,3.4185,0.02575,0.03100604365858839,1.0,1.0
KXNBAAST-26APR06DETORL-DETATHOMPSON9-8,2026-04-06,ast,7.5,2.0815,5.4185,0.00175,0.004049675830815724,0.0,1.0
KXNBAAST-26APR06DETORL-ORLJSUGGS4-10,2026-04-06,ast,9.5,3.24375,6.25625,0.0035,0.007151848140225181,1.0,1.0
KXNBAAST-26APR06DETORL-ORLJSUGGS4-2,2026-04-06,ast,1.5,3.24375,-1.74375,0.82025,0.7949378631079984,1.0,1.0
KXNBAAST-26APR06DETORL-ORLJSUGGS4-4,2026-04-06,ast,3.5,3.24375,0.2562500000000001,0.40525,0.3993041421573964,1.0,1.0
KXNBAAST-26APR06DETORL-ORLJSUGGS4-6,2026-04-06,ast,5.5,3.24375,2.25625,0.12125,0.1358803010740035,1.0,1.0
KXNBAAST-26APR06DETORL-ORLJSUGGS4-8,2026-04-06,ast,7.5,3.24375,4.25625,0.0225,0.03468514181817772,1.0,1.0
KXNBAAST-26APR06DETORL-ORLPBANCHERO5-2,2026-04-06,ast,1.5,2.93825,-1.43825,0.77725,0.7537418194717288,1.0,1.0
KXNBAAST-26APR06DETORL-ORLPBANCHERO5-4,2026-04-06,ast,3.5,2.93825,0.56175,0.344,0.3393989702773281,0.0,1.0
KXNBAAST-26APR06DETORL-ORLPBANCHERO5-5,2026-04-06,ast,4.5,2.93825,1.56175,0.185,0.19354314681826312,0.0,1.0
KXNBAAST-26APR06DETORL-ORLPBANCHERO5-6,2026-04-06,ast,5.5,2.93825,2.56175,0.08625,0.10118388192686179,0.0,1.0
KXNBAAST-26APR06DETORL-ORLPBANCHERO5-8,2026-04-06,ast,7.5,2.93825,4.56175,0.0125,0.022414704243919115,0.0,1.0
KXNBA3PT-26APR06DETORL-ORLDBANE3-1,2026-04-06,fg3m,0.5,1.339,-0.839,0.73075,0.7087901791177995,1.0,1.0
KXNBA3PT-26APR06DETORL-ORLDBANE3-2,2026-04-06,fg3m,1.5,1.339,0.16100000000000003,0.38725,0.37705037606944214,1.0,1.0
KXNBA3PT-26APR06DETORL-ORLDBANE3-3,2026-04-06,fg3m,2.5,1.339,1.161,0.15325,0.16334189527907061,1.0,1.0
KXNBA3PT-26APR06DETORL-ORLDBANE3-4,2026-04-06,fg3m,3.5,1.339,2.161,0.04975,0.06092975970407111,1.0,1.0
KXNBA3PT-26APR06DETORL-ORLDBANE3-5,2026-04-06,fg3m,4.5,1.339,3.161,0.01425,0.02030094871101462,0.0,1.0
KXNBA3PT-26APR06DETORL-ORLJSUGGS4-1,2026-04-06,fg3m,0.5,1.498,-0.998,0.76025,0.7453330639024323,1.0,1.0
KXNBA3PT-26APR06DETORL-ORLJSUGGS4-2,2026-04-06,fg3m,1.5,1.498,0.0020000000000000018,0.43475,0.42642405894342217,1.0,1.0
KXNBA3PT-26APR06DETORL-ORLJSUGGS4-3,2026-04-06,fg3m,2.5,1.498,1.002,0.19575,0.20058783122630253,0.0,1.0
KXNBA3PT-26APR06DETORL-ORLJSUGGS4-4,2026-04-06,fg3m,3.5,1.498,2.002,0.074,0.08162099005987122,0.0,1.0
KXNBA3PT-26APR06DETORL-ORLJSUGGS4-5,2026-04-06,fg3m,4.5,1.498,3.002,0.02525,0.02973963931742518,0.0,1.0
KXNBA3PT-26APR06DETORL-ORLPBANCHERO5-1,2026-04-06,fg3m,0.5,0.8195,-0.3195,0.55525,0.5408719992996595,1.0,1.0
KXNBA3PT-26APR06DETORL-ORLPBANCHERO5-2,2026-04-06,fg3m,1.5,0.8195,0.6805,0.19825,0.201093367819019,0.0,1.0
KXNBA3PT-26APR06DETORL-ORLPBANCHERO5-3,2026-04-06,fg3m,2.5,0.8195,1.6804999999999999,0.05475,0.05889619717868955,0.0,1.0
KXNBA3PT-26APR06DETORL-ORLPBANCHERO5-4,2026-04-06,fg3m,3.5,0.8195,2.6805,0.00975,0.014628050693601513,0.0,1.0
KXNBA3PT-26APR06DETORL-ORLPBANCHERO5-5,2026-04-06,fg3m,4.5,0.8195,3.6805,0.00125,0.0032191251327197135,0.0,1.0
KXNBAPTS-26APR06PHISAS-PHIJEMBIID21-25,2026-04-06,pts,24.5,14.36,10.14,0.06925,0.08369387659592631,1.0,1.0
KXNBAPTS-26APR06PHISAS-PHIJEMBIID21-30,2026-04-06,pts,29.5,14.36,15.14,0.0175,0.029808477596946048,1.0,1.0
KXNBAPTS-26APR06PHISAS-PHIJEMBIID21-35,2026-04-06,pts,34.5,14.36,20.14,0.005,0.00965767137286433,0.0,1.0
KXNBAPTS-26APR06PHISAS-PHIJEMBIID21-40,2026-04-06,pts,39.5,14.36,25.14,0.00125,0.002904312967098699,0.0,1.0
KXNBAPTS-26APR06PHISAS-PHIKOUBRE9-10,2026-04-06,pts,9.5,9.71575,-0.2157499999999999,0.467,0.4618507833770621,0.0,1.0
KXNBAPTS-26APR06PHISAS-PHIKOUBRE9-15,2026-04-06,pts,14.5,9.71575,4.78425,0.1885,0.16122813290437055,0.0,1.0
KXNBAPTS-26APR06PHISAS-PHIKOUBRE9-20,2026-04-06,pts,19.5,9.71575,9.78425,0.051,0.042269231735691415,0.0,1.0
KXNBAPTS-26APR06PHISAS-PHIPGEORGE8-15,2026-04-06,pts,14.5,11.83075,2.66925,0.30275,0.2859951619496892,1.0,1.0
KXNBAPTS-26APR06PHISAS-PHIPGEORGE8-20,2026-04-06,pts,19.5,11.83075,7.66925,0.10475,0.10378720774332795,0.0,1.0
KXNBAPTS-26APR06PHISAS-PHIPGEORGE8-25,2026-04-06,pts,24.5,11.83075,12.66925,0.027,0.03142149697248087,0.0,1.0
KXNBAPTS-26APR06PHISAS-PHIPGEORGE8-30,2026-04-06,pts,29.5,11.83075,17.669249999999998,0.00425,0.008333545907095119,0.0,1.0
KXNBAPTS-26APR06PHISAS-PHITMAXEY0-15,2026-04-06,pts,14.5,14.06375,0.43624999999999936,0.431,0.4206134553865578,1.0,1.0
KXNBAPTS-26APR06PHISAS-PHITMAXEY0-20,2026-04-06,pts,19.5,14.06375,5.436249999999999,0.1895,0.1944315679723141,0.0,1.0
KXNBAPTS-26APR06PHISAS-PHITMAXEY0-25,2026-04-06,pts,24.5,14.06375,10.43625,0.0575,0.07613015506124432,0.0,1.0
KXNBAPTS-26APR06PHISAS-PHITMAXEY0-30,2026-04-06,pts,29.5,14.06375,15.43625,0.0145,0.026324639659693005,0.0,1.0
KXNBAPTS-26APR06PHISAS-PHITMAXEY0-35,2026-04-06,pts,34.5,14.06375,20.43625,0.0045,0.00827525903789983,0.0,1.0
KXNBAPTS-26APR06PHISAS-PHIVEDGECOMBE77-10,2026-04-06,pts,9.5,10.779,-1.279,0.54525,0.5413954110663919,1.0,1.0
KXNBAPTS-26APR06PHISAS-PHIVEDGECOMBE77-15,2026-04-06,pts,14.5,10.779,3.721,0.2335,0.2222485884147395,0.0,1.0
KXNBAPTS-26APR06PHISAS-PHIVEDGECOMBE77-20,2026-04-06,pts,19.5,10.779,8.721,0.06525,0.06962309290339008,0.0,1.0
KXNBAPTS-26APR06PHISAS-PHIVEDGECOMBE77-25,2026-04-06,pts,24.5,10.779,13.721,0.0175,0.01806574195942412,0.0,1.0
KXNBAPTS-26APR06PHISAS-SASDFOX4-10,2026-04-06,pts,9.5,11.66675,-2.1667500000000004,0.612,0.6006297857053498,1.0,1.0
KXNBAPTS-26APR06PHISAS-SASDFOX4-15,2026-04-06,pts,14.5,11.66675,2.8332499999999996,0.28675,0.27595369651699997,0.0,1.0
KXNBAPTS-26APR06PHISAS-SASDFOX4-20,2026-04-06,pts,19.5,11.66675,7.83325,0.10125,0.09803293125763968,0.0,1.0
KXNBAPTS-26APR06PHISAS-SASDFOX4-25,2026-04-06,pts,24.5,11.66675,12.83325,0.02575,0.029021504750431304,0.0,1.0
KXNBAPTS-26APR06PHISAS-SASDHARPER2-10,2026-04-06,pts,9.5,10.39825,-0.8982500000000009,0.5355,0.5139513618988214,1.0,1.0
KXNBAPTS-26APR06PHISAS-SASDHARPER2-15,2026-04-06,pts,14.5,10.39825,4.101749999999999,0.2045,0.19983596328463704,1.0,1.0
KXNBAPTS-26APR06PHISAS-SASDHARPER2-20,2026-04-06,pts,19.5,10.39825,9.10175,0.053,0.0589573784699533,0.0,1.0
KXNBAPTS-26APR06PHISAS-SASDVASSELL24-10,2026-04-06,pts,9.5,11.03725,-1.5372500000000002,0.566,0.5593189604211262,0.0,1.0
KXNBAPTS-26APR06PHISAS-SASDVASSELL24-15,2026-04-06,pts,14.5,11.03725,3.4627499999999998,0.2545,0.23770689759555308,0.0,1.0
KXNBAPTS-26APR06PHISAS-SASDVASSELL24-20,2026-04-06,pts,19.5,11.03725,8.46275,0.08475,0.07739020375887906,0.0,1.0
KXNBAPTS-26APR06PHISAS-SASDVASSELL24-25,2026-04-06,pts,24.5,11.03725,13.46275,0.02225,0.020906460141989713,0.0,1.0
KXNBAPTS-26APR06PHISAS-SASSCASTLE5-15,2026-04-06,pts,14.5,13.35225,1.1477500000000003,0.3875,0.378644828096774,1.0,1.0
KXNBAPTS-26APR06PHISAS-SASSCASTLE5-20,2026-04-06,pts,19.5,13.35225,6.14775,0.1645,0.1634506623472891,0.0,1.0
KXNBAPTS-26APR06PHISAS-SASSCASTLE5-25,2026-04-06,pts,24.5,13.35225,11.14775,0.05075,0.05947668397217343,0.0,1.0
KXNBAPTS-26APR06PHISAS-SASSCASTLE5-30,2026-04-06,pts,29.5,13.35225,16.147750000000002,0.01475,0.01906345178960467,0.0,1.0
KXNBAPTS-26APR06PHISAS-SASVWEMBANYAMA1-25,2026-04-06,pts,24.5,17.51175,6.988250000000001,0.169,0.18294250120444477,0.0,1.0
KXNBAPTS-26APR06PHISAS-SASVWEMBANYAMA1-30,2026-04-06,pts,29.5,17.51175,11.98825,0.061,0.0841825146312456,0.0,1.0
KXNBAPTS-26APR06PHISAS-SASVWEMBANYAMA1-35,2026-04-06,pts,34.5,17.51175,16.98825,0.018,0.03547857127503051,0.0,1.0
KXNBAPTS-26APR06PHISAS-SASVWEMBANYAMA1-40,2026-04-06,pts,39.5,17.51175,21.98825,0.00425,0.013938122784403428,0.0,1.0
KXNBAREB-26APR06PHISAS-PHIJEMBIID21-10,2026-04-06,reb,9.5,5.04425,4.45575,0.04775,0.06660268060193641,1.0,1.0
KXNBAREB-26APR06PHISAS-PHIJEMBIID21-12,2026-04-06,reb,11.5,5.04425,6.45575,0.01125,0.021869669306106454,1.0,1.0
KXNBAREB-26APR06PHISAS-PHIJEMBIID21-4,2026-04-06,reb,3.5,5.04425,-1.54425,0.718,0.6839190350131858,1.0,1.0
KXNBAREB-26APR06PHISAS-PHIJEMBIID21-6,2026-04-06,reb,5.5,5.04425,0.4557500000000001,0.395,0.38804161973189155,1.0,1.0
KXNBAREB-26APR06PHISAS-PHIJEMBIID21-8,2026-04-06,reb,7.5,5.04425,2.45575,0.148,0.17586410037313172,1.0,1.0
KXNBAREB-26APR06PHISAS-PHIKOUBRE9-2,2026-04-06,reb,1.5,4.15375,-2.6537499999999996,0.89275,0.8788269506274716,1.0,1.0
KXNBAREB-26APR06PHISAS-PHIKOUBRE9-4,2026-04-06,reb,3.5,4.15375,-0.6537499999999996,0.5715,0.559495483461582,1.0,1.0
KXNBAREB-26APR06PHISAS-PHIKOUBRE9-5,2026-04-06,reb,4.5,4.15375,0.3462500000000004,0.39425,0.3946258886288485,1.0,1.0
KXNBAREB-26APR06PHISAS-PHIKOUBRE9-6,2026-04-06,reb,5.5,4.15375,1.3462500000000004,0.2505,0.2591271588643187,1.0,1.0
KXNBAREB-26APR06PHISAS-PHIKOUBRE9-8,2026-04-06,reb,7.5,4.15375,3.3462500000000004,0.0855,0.09327041254131174,1.0,1.0
KXNBAREB-26APR06PHISAS-PHIPGEORGE8-10,2026-04-06,reb,9.5,4.061,5.439,0.01375,0.024765529464512714,0.0,1.0
KXNBAREB-26APR06PHISAS-PHIPGEORGE8-2,2026-04-06,reb,1.5,4.061,-2.561,0.89975,0.8720872926484684,1.0,1.0
KXNBAREB-26APR06PHISAS-PHIPGEORGE8-4,2026-04-06,reb,3.5,4.061,-0.5609999999999999,0.56475,0.5445882546873259,1.0,1.0
KXNBAREB-26APR06PHISAS-PHIPGEORGE8-6,2026-04-06,reb,5.5,4.061,1.439,0.2325,0.24586925679474658,0.0,1.0
KXNBAREB-26APR06PHISAS-PHIPGEORGE8-8,2026-04-06,reb,7.5,4.061,3.439,0.06875,0.08602182324030094,0.0,1.0
KXNBAREB-26APR06PHISAS-PHIVEDGECOMBE77-2,2026-04-06,reb,1.5,3.98725,-2.48725,0.90175,0.8664497115557774,1.0,1.0
KXNBAREB-26APR06PHISAS-PHIVEDGECOMBE77-4,2026-04-06,reb,3.5,3.98725,-0.48724999999999996,0.548,0.5324779232565247,1.0,1.0
KXNBAREB-26APR06PHISAS-PHIVEDGECOMBE77-5,2026-04-06,reb,4.5,3.98725,0.51275,0.35825,0.3672715721483423,1.0,1.0
KXNBAREB-26APR06PHISAS-PHIVEDGECOMBE77-6,2026-04-06,reb,5.5,3.98725,1.51275,0.21725,0.23540940411016598,1.0,1.0
KXNBAREB-26APR06PHISAS-PHIVEDGECOMBE77-8,2026-04-06,reb,7.5,3.98725,3.51275,0.06425,0.08046811084457417,1.0,1.0
KXNBAREB-26APR06PHISAS-SASDFOX4-10,2026-04-06,reb,9.5,3.68525,5.81475,0.01075,0.015085463874061289,0.0,1.0
KXNBAREB-26APR06PHISAS-SASDFOX4-2,2026-04-06,reb,1.5,3.68525,-2.18525,0.85475,0.8405324370474041,0.0,1.0
KXNBAREB-26APR06PHISAS-SASDFOX4-4,2026-04-06,reb,3.5,3.68525,-0.18524999999999991,0.48975,0.48060045091295545,0.0,1.0
KXNBAREB-26APR06PHISAS-SASDFOX4-6,2026-04-06,reb,5.5,3.68525,1.81475,0.18775,0.19361445555487844,0.0,1.0
KXNBAREB-26APR06PHISAS-SASDFOX4-8,2026-04-06,reb,7.5,3.68525,3.81475,0.049,0.059747346094270015,0.0,1.0
KXNBAREB-26APR06PHISAS-SASSCASTLE5-10,2026-04-06,reb,9.5,4.67175,4.82825,0.03575,0.047831769426104565,1.0,1.0
KXNBAREB-26APR06PHISAS-SASSCASTLE5-2,2026-04-06,reb,1.5,4.67175,-3.1717500000000003,0.93225,0.9102074025089113,1.0,1.0
KXNBAREB-26APR06PHISAS-SASSCASTLE5-4,2026-04-06,reb,3.5,4.67175,-1.1717500000000003,0.66475,0.6359841760137784,1.0,1.0
KXNBAREB-26APR06PHISAS-SASSCASTLE5-6,2026-04-06,reb,5.5,4.67175,0.8282499999999997,0.32525,0.3342531849508328,1.0,1.0
KXNBAREB-26APR06PHISAS-SASSCASTLE5-8,2026-04-06,reb,7.5,4.67175,2.8282499999999997,0.122,0.13872935794224794,1.0,1.0
KXNBAREB-26APR06PHISAS-SASVWEMBANYAMA1-10,2026-04-06,reb,9.5,7.543,1.9569999999999999,0.24625,0.2666229791119966,0.0,1.0
KXNBAREB-26APR06PHISAS-SASVWEMBANYAMA1-12,2026-04-06,reb,11.5,7.543,3.957,0.107,0.13751189637793448,0.0,1.0
KXNBAREB-26APR06PHISAS-SASVWEMBANYAMA1-13,2026-04-06,reb,12.5,7.543,4.957,0.065,0.09500095096076555,0.0,1.0
KXNBAREB-26APR06PHISAS-SASVWEMBANYAMA1-14,2026-04-06,reb,13.5,7.543,5.957,0.0385,0.06414013623247716,0.0,1.0
KXNBAREB-26APR06PHISAS-SASVWEMBANYAMA1-16,2026-04-06,reb,15.5,7.543,7.957,0.012,0.02749014504587266,0.0,1.0
KXNBAAST-26APR06PHISAS-PHIKOUBRE9-10,2026-04-06,ast,9.5,1.7225,7.7775,0.00025,0.0001072776630210992,0.0,1.0
KXNBAAST-26APR06PHISAS-PHIKOUBRE9-2,2026-04-06,ast,1.5,1.7225,-0.22249999999999992,0.502,0.4971983204807491,0.0,1.0
KXNBAAST-26APR06PHISAS-PHIKOUBRE9-4,2026-04-06,ast,3.5,1.7225,1.7775,0.1025,0.11035324138715641,0.0,1.0
KXNBAAST-26APR06PHISAS-PHIKOUBRE9-6,2026-04-06,ast,5.5,1.7225,3.7775,0.013,0.014760564670948106,0.0,1.0
KXNBAAST-26APR06PHISAS-PHIKOUBRE9-8,2026-04-06,ast,7.5,1.7225,5.7775,0.001,0.001415062208465212,0.0,1.0
KXNBAAST-26APR06PHISAS-PHIPGEORGE8-10,2026-04-06,ast,9.5,2.5415,6.9585,0.00025,0.0016112758844819552,0.0,1.0
KXNBAAST-26APR06PHISAS-PHIPGEORGE8-2,2026-04-06,ast,1.5,2.5415,-1.0415,0.71175,0.6878976411783317,1.0,1.0
KXNBAAST-26APR06PHISAS-PHIPGEORGE8-4,2026-04-06,ast,3.5,2.5415,0.9584999999999999,0.2505,0.2603414725222246,1.0,1.0
KXNBAAST-26APR06PHISAS-PHIPGEORGE8-6,2026-04-06,ast,5.5,2.5415,2.9585,0.04875,0.06328239154400095,0.0,1.0
KXNBAAST-26APR06PHISAS-PHIPGEORGE8-8,2026-04-06,ast,7.5,2.5415,4.9585,0.00825,0.011292524510000845,0.0,1.0
KXNBAAST-26APR06PHISAS-PHITMAXEY0-10,2026-04-06,ast,9.5,3.439,6.061,0.00575,0.009948237904939483,0.0,1.0
KXNBAAST-26APR06PHISAS-PHITMAXEY0-12,2026-04-06,ast,11.5,3.439,8.061,0.00025,0.0018989957683981373,0.0,1.0
KXNBAAST-26APR06PHISAS-PHITMAXEY0-6,2026-04-06,ast,5.5,3.439,2.061,0.14675,0.16013834456480736,1.0,1.0
KXNBAAST-26APR06PHISAS-PHITMAXEY0-7,2026-04-06,ast,6.5,3.439,3.061,0.07125,0.08684849573717268,1.0,1.0
KXNBAAST-26APR06PHISAS-PHITMAXEY0-8,2026-04-06,ast,7.5,3.439,4.061,0.0335,0.04434463240571107,1.0,1.0
KXNBAAST-26APR06PHISAS-PHIVEDGECOMBE77-10,2026-04-06,ast,9.5,2.60575,6.8942499999999995,0.0,0.0018917795380350988,0.0,1.0
KXNBAAST-26APR06PHISAS-PHIVEDGECOMBE77-2,2026-04-06,ast,1.5,2.60575,-1.10575,0.709,0.6996086949057035,1.0,1.0
KXNBAAST-26APR06PHISAS-PHIVEDGECOMBE77-4,2026-04-06,ast,3.5,2.60575,0.89425,0.27775,0.2731075939898475,0.0,1.0
KXNBAAST-26APR06PHISAS-PHIVEDGECOMBE77-6,2026-04-06,ast,5.5,2.60575,2.89425,0.0605,0.06881510871003782,0.0,1.0
KXNBAAST-26APR06PHISAS-PHIVEDGECOMBE77-8,2026-04-06,ast,7.5,2.60575,4.8942499999999995,0.00875,0.01275396182076638,0.0,1.0
KXNBAAST-26APR06PHISAS-SASDFOX4-10,2026-04-06,ast,9.5,3.192,6.308,0.00325,0.00651865238852245,0.0,1.0
KXNBAAST-26APR06PHISAS-SASDFOX4-2,2026-04-06,ast,1.5,3.192,-1.6920000000000002,0.8125,0.7884787169729612,1.0,1.0
KXNBAAST-26APR06PHISAS-SASDFOX4-4,2026-04-06,ast,3.5,3.192,0.30799999999999983,0.39725,0.3892880567131506,1.0,1.0
KXNBAAST-26APR06PHISAS-SASDFOX4-6,2026-04-06,ast,5.5,3.192,2.308,0.11575,0.1297058142480838,0.0,1.0
KXNBAAST-26APR06PHISAS-SASDFOX4-8,2026-04-06,ast,7.5,3.192,4.308,0.0195,0.03236545480904274,0.0,1.0
KXNBAAST-26APR06PHISAS-SASSCASTLE5-10,2026-04-06,ast,9.5,4.45375,5.04625,0.022,0.03739479677902946,1.0,1.0
KXNBAAST-26APR06PHISAS-SASSCASTLE5-12,2026-04-06,ast,11.5,4.45375,7.04625,0.00425,0.010243861473839155,1.0,1.0
KXNBAAST-26APR06PHISAS-SASSCASTLE5-4,2026-04-06,ast,3.5,4.45375,-0.9537500000000003,0.62925,0.6071072315977757,1.0,1.0
KXNBAAST-26APR06PHISAS-SASSCASTLE5-6,2026-04-06,ast,5.5,4.45375,1.0462499999999997,0.296,0.3020934721592611,1.0,1.0
KXNBAAST-26APR06PHISAS-SASSCASTLE5-8,2026-04-06,ast,7.5,4.45375,3.0462499999999997,0.09975,0.11715568699438605,1.0,1.0
KXNBAAST-26APR06PHISAS-SASVWEMBANYAMA1-10,2026-04-06,ast,9.5,2.82175,6.67825,0.0005,0.003119218107482613,0.0,1.0
KXNBAAST-26APR06PHISAS-SASVWEMBANYAMA1-2,2026-04-06,ast,1.5,2.82175,-1.3217500000000002,0.75925,0.735956486728033,0.0,1.0
KXNBAAST-26APR06PHISAS-SASVWEMBANYAMA1-4,2026-04-06,ast,3.5,2.82175,0.6782499999999998,0.31525,0.3162046896170563,0.0,1.0
KXNBAAST-26APR06PHISAS-SASVWEMBANYAMA1-6,2026-04-06,ast,5.5,2.82175,2.67825,0.07875,0.08915556229421606,0.0,1.0
KXNBAAST-26APR06PHISAS-SASVWEMBANYAMA1-8,2026-04-06,ast,7.5,2.82175,4.67825,0.00825,0.018612111471736692,0.0,1.0
KXNBA3PT-26APR06PHISAS-PHIJEMBIID21-1,2026-04-06,fg3m,0.5,0.9655,-0.4655,0.6125,0.5971320102667664,1.0,1.0
KXNBA3PT-26APR06PHISAS-PHIJEMBIID21-2,2026-04-06,fg3m,1.5,0.9655,0.5345,0.25575,0.251836158197035,1.0,1.0
KXNBA3PT-26APR06PHISAS-PHIJEMBIID21-3,2026-04-06,fg3m,2.5,0.9655,1.5345,0.078,0.08447581010799499,0.0,1.0
KXNBA3PT-26APR06PHISAS-PHIJEMBIID21-4,2026-04-06,fg3m,3.5,0.9655,2.5345,0.01575,0.02413386985161836,0.0,1.0
KXNBA3PT-26APR06PHISAS-PHIJEMBIID21-5,2026-04-06,fg3m,4.5,0.9655,3.5345,0.003,0.0061228213600285075,0.0,1.0
KXNBA3PT-26APR06PHISAS-PHITMAXEY0-1,2026-04-06,fg3m,0.5,1.318,-0.8180000000000001,0.7285,0.7035344262364001,1.0,1.0
KXNBA3PT-26APR06PHISAS-PHITMAXEY0-2,2026-04-06,fg3m,1.5,1.318,0.18199999999999994,0.377,0.37032420959998547,0.0,1.0
KXNBA3PT-26APR06PHISAS-PHITMAXEY0-3,2026-04-06,fg3m,2.5,1.318,1.182,0.147,0.15853932640693003,0.0,1.0
KXNBA3PT-26APR06PHISAS-PHITMAXEY0-4,2026-04-06,fg3m,3.5,1.318,2.182,0.04725,0.058406356472206156,0.0,1.0
KXNBA3PT-26APR06PHISAS-PHITMAXEY0-5,2026-04-06,fg3m,4.5,1.318,3.182,0.01475,0.019213017633658458,0.0,1.0
KXNBA3PT-26APR06PHISAS-PHIVEDGECOMBE77-1,2026-04-06,fg3m,0.5,1.148,-0.6479999999999999,0.682,0.6568062519116343,1.0,1.0
KXNBA3PT-26APR06PHISAS-PHIVEDGECOMBE77-2,2026-04-06,fg3m,1.5,1.148,0.3520000000000001,0.31325,0.3143249127413339,1.0,1.0
KXNBA3PT-26APR06PHISAS-PHIVEDGECOMBE77-3,2026-04-06,fg3m,2.5,1.148,1.352,0.1095,0.12105374640326005,0.0,1.0
KXNBA3PT-26APR06PHISAS-PHIVEDGECOMBE77-4,2026-04-06,fg3m,3.5,1.148,2.3520000000000003,0.03225,0.039919779056993954,0.0,1.0
KXNBA3PT-26APR06PHISAS-PHIVEDGECOMBE77-5,2026-04-06,fg3m,4.5,1.148,3.3520000000000003,0.00875,0.011723527062596384,0.0,1.0
KXNBA3PT-26APR06PHISAS-SASDFOX4-1,2026-04-06,fg3m,0.5,0.97425,-0.47424999999999995,0.6175,0.6002476089865423,1.0,1.0
KXNBA3PT-26APR06PHISAS-SASDFOX4-2,2026-04-06,fg3m,1.5,0.97425,0.52575,0.25625,0.25486846030559684,0.0,1.0
KXNBA3PT-26APR06PHISAS-SASDFOX4-3,2026-04-06,fg3m,2.5,0.97425,1.52575,0.08125,0.08612235089203135,0.0,1.0
KXNBA3PT-26APR06PHISAS-SASDFOX4-4,2026-04-06,fg3m,3.5,0.97425,2.52575,0.01625,0.02479179325985914,0.0,1.0
KXNBA3PT-26APR06PHISAS-SASDFOX4-5,2026-04-06,fg3m,4.5,0.97425,3.52575,0.00275,0.006338534011621877,0.0,1.0
KXNBA3PT-26APR06PHISAS-SASSCASTLE5-1,2026-04-06,fg3m,0.5,1.2515,-0.7515000000000001,0.70975,0.6861699590058798,1.0,1.0
KXNBA3PT-26APR06PHISAS-SASSCASTLE5-2,2026-04-06,fg3m,1.5,1.2515,0.24849999999999994,0.348,0.3487332329156845,0.0,1.0
KXNBA3PT-26APR06PHISAS-SASSCASTLE5-3,2026-04-06,fg3m,2.5,1.2515,1.2485,0.1385,0.1435590118858412,0.0,1.0
KXNBA3PT-26APR06PHISAS-SASSCASTLE5-4,2026-04-06,fg3m,3.5,1.2515,2.2485,0.0395,0.05075671427880979,0.0,1.0
KXNBA3PT-26APR06PHISAS-SASSCASTLE5-5,2026-04-06,fg3m,4.5,1.2515,3.2485,0.0125,0.01600728397658091,0.0,1.0
KXNBA3PT-26APR06PHISAS-SASVWEMBANYAMA1-1,2026-04-06,fg3m,0.5,1.395,-0.895,0.74525,0.7222978572340181,1.0,1.0
KXNBA3PT-26APR06PHISAS-SASVWEMBANYAMA1-2,2026-04-06,fg3m,1.5,1.395,0.10499999999999998,0.40475,0.39475938600095895,0.0,1.0
KXNBA3PT-26APR06PHISAS-SASVWEMBANYAMA1-3,2026-04-06,fg3m,2.5,1.395,1.105,0.16425,0.17629632536844597,0.0,1.0
KXNBA3PT-26APR06PHISAS-SASVWEMBANYAMA1-4,2026-04-06,fg3m,3.5,1.395,2.105,0.05925,0.06790383343571538,0.0,1.0
KXNBA3PT-26APR06PHISAS-SASVWEMBANYAMA1-5,2026-04-06,fg3m,4.5,1.395,3.105,0.01625,0.023381961844438415,0.0,1.0
KXNBAAST-26APR05WASBKN-WASBCARRINGTON7-2,2026-04-05,ast,1.5,2.77725,-1.27725,0.744,0.7288357833918744,1.0,1.0
KXNBAAST-26APR05WASBKN-WASBCARRINGTON7-4,2026-04-05,ast,3.5,2.77725,0.72275,0.31175,0.307323275531319,0.0,1.0
KXNBAAST-26APR05WASBKN-WASBCARRINGTON7-5,2026-04-05,ast,4.5,2.77725,1.72275,0.161,0.1687054394728823,0.0,1.0
KXNBAAST-26APR05WASBKN-WASBCARRINGTON7-6,2026-04-05,ast,5.5,2.77725,2.72275,0.07425,0.08475181762866091,0.0,1.0
KXNBAAST-26APR05WASBKN-WASBCARRINGTON7-8,2026-04-05,ast,7.5,2.77725,4.72275,0.0125,0.017281385409785632,0.0,1.0
KXNBAPTS-26APR05TORBOS-BOSDWHITE9-10,2026-04-05,pts,9.5,10.204,-0.7040000000000006,0.51475,0.4994930113835875,1.0,1.0
KXNBAPTS-26APR05TORBOS-BOSDWHITE9-15,2026-04-05,pts,14.5,10.204,4.295999999999999,0.195,0.18861723978938572,0.0,1.0
KXNBAPTS-26APR05TORBOS-BOSDWHITE9-20,2026-04-05,pts,19.5,10.204,9.296,0.0535,0.05388622860703096,0.0,1.0
KXNBAPTS-26APR05TORBOS-BOSDWHITE9-25,2026-04-05,pts,24.5,10.204,14.296,0.0085,0.012701954256413184,0.0,1.0
KXNBAPTS-26APR05TORBOS-BOSJBROWN7-25,2026-04-05,pts,24.5,16.3875,8.1125,0.12025,0.1441679439240322,1.0,1.0
KXNBAPTS-26APR05TORBOS-BOSJBROWN7-30,2026-04-05,pts,29.5,16.3875,13.1125,0.04,0.061199783711348266,0.0,1.0
KXNBAPTS-26APR05TORBOS-BOSJBROWN7-35,2026-04-05,pts,34.5,16.3875,18.1125,0.011,0.023736011854375905,0.0,1.0
KXNBAPTS-26APR05TORBOS-BOSJBROWN7-40,2026-04-05,pts,39.5,16.3875,23.1125,0.00275,0.008568210937813237,0.0,1.0
KXNBAPTS-26APR05TORBOS-BOSJTATUM0-20,2026-04-05,pts,19.5,13.59225,5.90775,0.1695,0.17372510915328,1.0,1.0
KXNBAPTS-26APR05TORBOS-BOSJTATUM0-25,2026-04-05,pts,24.5,13.59225,10.90775,0.049,0.06484990110476185,0.0,1.0
KXNBAPTS-26APR05TORBOS-BOSJTATUM0-30,2026-04-05,pts,29.5,13.59225,15.90775,0.0135,0.021341666172954854,0.0,1.0
KXNBAPTS-26APR05TORBOS-BOSJTATUM0-35,2026-04-05,pts,34.5,13.59225,20.90775,0.002,0.006378640153080428,0.0,1.0
KXNBAPTS-26APR05TORBOS-BOSNQUETA88-10,2026-04-05,pts,9.5,8.995678191489361,0.5043218085106389,0.42353723404255317,0.4032782347326832,1.0,0.752
KXNBAPTS-26APR05TORBOS-BOSNQUETA88-15,2026-04-05,pts,14.5,8.995678191489361,5.504321808510639,0.13430851063829788,0.12353170805166869,1.0,0.752
KXNBAPTS-26APR05TORBOS-BOSNQUETA88-20,2026-04-05,pts,19.5,8.995678191489361,10.504321808510639,0.026595744680851064,0.028109626177004854,0.0,0.752
KXNBAPTS-26APR05TORBOS-BOSPPRITCHARD11-10,2026-04-05,pts,9.5,11.97625,-2.4762500000000003,0.62875,0.6197022732043908,1.0,1.0
KXNBAPTS-26APR05TORBOS-BOSPPRITCHARD11-15,2026-04-05,pts,14.5,11.97625,2.5237499999999997,0.311,0.2949148411220053,1.0,1.0
KXNBAPTS-26APR05TORBOS-BOSPPRITCHARD11-20,2026-04-05,pts,19.5,11.97625,7.52375,0.11125,0.10901510036450124,0.0,1.0
KXNBAPTS-26APR05TORBOS-BOSPPRITCHARD11-25,2026-04-05,pts,24.5,11.97625,12.52375,0.031,0.03365159715410193,0.0,1.0
KXNBAPTS-26APR05TORBOS-BOSSHAUSER30-10,2026-04-05,pts,9.5,8.2395,1.2605000000000004,0.3575,0.3387813891684427,0.0,1.0
KXNBAPTS-26APR05TORBOS-BOSSHAUSER30-15,2026-04-05,pts,14.5,8.2395,6.2605,0.1105,0.08843137472383578,0.0,1.0
KXNBAPTS-26APR05TORBOS-BOSSHAUSER30-20,2026-04-05,pts,19.5,8.2395,11.2605,0.02225,0.016951384416697635,0.0,1.0
KXNBAPTS-26APR05TORBOS-TORJPOELTL19-10,2026-04-05,pts,9.5,8.75575,0.7442499999999992,0.40175,0.3830815149837229,1.0,1.0
KXNBAPTS-26APR05TORBOS-TORJPOELTL19-15,2026-04-05,pts,14.5,8.75575,5.744249999999999,0.125,0.11184356621573854,0.0,1.0
KXNBAPTS-26APR05TORBOS-TORJPOELTL19-20,2026-04-05,pts,19.5,8.75575,10.74425,0.026,0.024168549121236893,0.0,1.0
KXNBAPTS-26APR05TORBOS-TORJPOELTL19-25,2026-04-05,pts,24.5,8.75575,15.74425,0.0025,0.004267468659909901,0.0,1.0
KXNBAPTS-26APR05TORBOS-TORRBARRETT9-15,2026-04-05,pts,14.5,12.03,2.4700000000000006,0.31875,0.2982111467217885,1.0,1.0
KXNBAPTS-26APR05TORBOS-TORRBARRETT9-20,2026-04-05,pts,19.5,12.03,7.470000000000001,0.11275,0.11097481430998957,0.0,1.0
KXNBAPTS-26APR05TORBOS-TORRBARRETT9-25,2026-04-05,pts,24.5,12.03,12.47,0.02675,0.03449953575241038,0.0,1.0
KXNBAPTS-26APR05TORBOS-TORRBARRETT9-30,2026-04-05,pts,29.5,12.03,17.47,0.00575,0.00940222945034308,0.0,1.0
KXNBAPTS-26APR05TORBOS-TORSBARNES4-15,2026-04-05,pts,14.5,9.83125,4.668749999999999,0.1765,0.16759108506184073,0.0,1.0
KXNBAPTS-26APR05TORBOS-TORSBARNES4-20,2026-04-05,pts,19.5,9.83125,9.66875,0.05325,0.044870336222273544,0.0,1.0
KXNBAPTS-26APR05TORBOS-TORSBARNES4-25,2026-04-05,pts,24.5,9.83125,14.66875,0.0135,0.009887168957376402,0.0,1.0
KXNBAPTS-26APR05TORBOS-TORSBARNES4-30,2026-04-05,pts,29.5,9.83125,19.66875,0.00175,0.0018951878524283705,0.0,1.0
KXNBAREB-26APR05TORBOS-BOSJBROWN7-10,2026-04-05,reb,9.5,4.58175,4.91825,0.02575,0.043834084929912365,0.0,1.0
KXNBAREB-26APR05TORBOS-BOSJBROWN7-12,2026-04-05,reb,11.5,4.58175,6.91825,0.00375,0.012736645284673331,0.0,1.0
KXNBAREB-26APR05TORBOS-BOSJBROWN7-6,2026-04-05,reb,5.5,4.58175,0.9182499999999996,0.32425,0.32115820339503254,1.0,1.0
KXNBAREB-26APR05TORBOS-BOSJBROWN7-7,2026-04-05,reb,6.5,4.58175,1.9182499999999996,0.19225,0.21000345596933678,0.0,1.0
KXNBAREB-26APR05TORBOS-BOSJBROWN7-8,2026-04-05,reb,7.5,4.58175,2.9182499999999996,0.11025,0.13027010245212045,0.0,1.0
KXNBAREB-26APR05TORBOS-BOSJTATUM0-10,2026-04-05,reb,9.5,5.68725,3.8127500000000003,0.077,0.10712111159454518,1.0,1.0
KXNBAREB-26APR05TORBOS-BOSJTATUM0-12,2026-04-05,reb,11.5,5.68725,5.81275,0.01925,0.04067078523791545,1.0,1.0
KXNBAREB-26APR05TORBOS-BOSJTATUM0-14,2026-04-05,reb,13.5,5.68725,7.81275,0.00375,0.013815945365856841,0.0,1.0
KXNBAREB-26APR05TORBOS-BOSJTATUM0-6,2026-04-05,reb,5.5,5.68725,-0.1872499999999997,0.50425,0.4771568675878134,1.0,1.0
KXNBAREB-26APR05TORBOS-BOSJTATUM0-8,2026-04-05,reb,7.5,5.68725,1.8127500000000003,0.2205,0.2460491897582694,1.0,1.0
KXNBAREB-26APR05TORBOS-BOSNQUETA88-10,2026-04-05,reb,9.5,4.6306515957446805,4.8693484042553195,0.02759308510638298,0.04598021350150938,0.0,0.752
KXNBAREB-26APR05TORBOS-BOSNQUETA88-12,2026-04-05,reb,11.5,4.6306515957446805,6.8693484042553195,0.007313829787234043,0.013545175286831523,0.0,0.752
KXNBAREB-26APR05TORBOS-BOSNQUETA88-6,2026-04-05,reb,5.5,4.6306515957446805,0.8693484042553195,0.3201462765957447,0.3282751467650076,1.0,0.752
KXNBAREB-26APR05TORBOS-BOSNQUETA88-8,2026-04-05,reb,7.5,4.6306515957446805,2.8693484042553195,0.11668882978723404,0.13483950219894036,0.0,0.752
KXNBAREB-26APR05TORBOS-BOSNQUETA88-9,2026-04-05,reb,8.5,4.6306515957446805,3.8693484042553195,0.059507978723404256,0.08037060952089559,0.0,0.752
KXNBAREB-26APR05TORBOS-BOSPPRITCHARD11-10,2026-04-05,reb,9.5,3.57725,5.922750000000001,0.00675,0.012878561446935888,0.0,1.0
KXNBAREB-26APR05TORBOS-BOSPPRITCHARD11-2,2026-04-05,reb,1.5,3.57725,-2.07725,0.84975,0.8300469935581939,0.0,1.0
KXNBAREB-26APR05TORBOS-BOSPPRITCHARD11-4,2026-04-05,reb,3.5,3.57725,-0.07724999999999982,0.475,0.46120575412214004,0.0,1.0
KXNBAREB-26APR05TORBOS-BOSPPRITCHARD11-6,2026-04-05,reb,5.5,3.57725,1.9227500000000002,0.16775,0.17918897959653446,0.0,1.0
KXNBAREB-26APR05TORBOS-BOSPPRITCHARD11-8,2026-04-05,reb,7.5,3.57725,3.92275,0.04,0.053150896766158806,0.0,1.0
KXNBAREB-26APR05TORBOS-TORJPOELTL19-10,2026-04-05,reb,9.5,4.55525,4.94475,0.0275,0.042696929518834636,0.0,1.0
KXNBAREB-26APR05TORBOS-TORJPOELTL19-12,2026-04-05,reb,11.5,4.55525,6.94475,0.00725,0.012313075599135748,0.0,1.0
KXNBAREB-26APR05TORBOS-TORJPOELTL19-6,2026-04-05,reb,5.5,4.55525,0.94475,0.30525,0.31730064913362543,0.0,1.0
KXNBAREB-26APR05TORBOS-TORJPOELTL19-7,2026-04-05,reb,6.5,4.55525,1.94475,0.191,0.20678162926512567,0.0,1.0
KXNBAREB-26APR05TORBOS-TORJPOELTL19-8,2026-04-05,reb,7.5,4.55525,2.94475,0.1095,0.12782130325834906,0.0,1.0
KXNBAREB-26APR05TORBOS-TORRBARRETT9-10,2026-04-05,reb,9.5,3.9785,5.5215,0.0135,0.022360981163693117,0.0,1.0
KXNBAREB-26APR05TORBOS-TORRBARRETT9-2,2026-04-05,reb,1.5,3.9785,-2.4785,0.89525,0.8657638814100453,1.0,1.0
KXNBAREB-26APR05TORBOS-TORRBARRETT9-4,2026-04-05,reb,3.5,3.9785,-0.4784999999999999,0.54375,0.5310261696758685,1.0,1.0
KXNBAREB-26APR05TORBOS-TORRBARRETT9-6,2026-04-05,reb,5.5,3.9785,1.5215,0.22075,0.23417388090963331,0.0,1.0
KXNBAREB-26APR05TORBOS-TORRBARRETT9-8,2026-04-05,reb,7.5,3.9785,3.5215,0.06075,0.07982175372713529,0.0,1.0
KXNBAREB-26APR05TORBOS-TORSBARNES4-10,2026-04-05,reb,9.5,4.15825,5.34175,0.01975,0.027810844686214198,0.0,1.0
KXNBAREB-26APR05TORBOS-TORSBARNES4-12,2026-04-05,reb,11.5,4.15825,7.34175,0.00325,0.0071075943062487434,0.0,1.0
KXNBAREB-26APR05TORBOS-TORSBARNES4-4,2026-04-05,reb,3.5,4.15825,-0.6582499999999998,0.57625,0.5602095055386822,1.0,1.0
KXNBAREB-26APR05TORBOS-TORSBARNES4-6,2026-04-05,reb,5.5,4.15825,1.3417500000000002,0.2505,0.25977295017029933,1.0,1.0
KXNBAREB-26APR05TORBOS-TORSBARNES4-8,2026-04-05,reb,7.5,4.15825,3.34175,0.08125,0.09362944697613884,0.0,1.0
KXNBAAST-26APR05TORBOS-BOSDWHITE9-2,2026-04-05,ast,1.5,2.83025,-1.33025,0.76775,0.737295683710738,1.0,1.0
KXNBAAST-26APR05TORBOS-BOSDWHITE9-4,2026-04-05,ast,3.5,2.83025,0.6697500000000001,0.314,0.3179002391154977,1.0,1.0
KXNBAAST-26APR05TORBOS-BOSDWHITE9-5,2026-04-05,ast,4.5,2.83025,1.66975,0.162,0.17677338995133485,1.0,1.0
KXNBAAST-26APR05TORBOS-BOSDWHITE9-6,2026-04-05,ast,5.5,2.83025,2.66975,0.075,0.09000892775622904,1.0,1.0
KXNBAAST-26APR05TORBOS-BOSDWHITE9-8,2026-04-05,ast,7.5,2.83025,4.6697500000000005,0.00825,0.01887384777727341,0.0,1.0
KXNBAAST-26APR05TORBOS-BOSJBROWN7-2,2026-04-05,ast,1.5,3.4435,-1.9434999999999998,0.8425,0.8180585991351856,1.0,1.0
KXNBAAST-26APR05TORBOS-BOSJBROWN7-4,2026-04-05,ast,3.5,3.4435,0.05650000000000022,0.4425,0.4372962347712017,0.0,1.0
KXNBAAST-26APR05TORBOS-BOSJBROWN7-5,2026-04-05,ast,4.5,3.4435,1.0565000000000002,0.27525,0.2760894195931265,0.0,1.0
KXNBAAST-26APR05TORBOS-BOSJBROWN7-6,2026-04-05,ast,5.5,3.4435,2.0565,0.1475,0.1607141054434258,0.0,1.0
KXNBAAST-26APR05TORBOS-BOSJBROWN7-8,2026-04-05,ast,7.5,3.4435,4.0565,0.02875,0.044584277323270305,0.0,1.0
KXNBAAST-26APR05TORBOS-BOSJTATUM0-10,2026-04-05,ast,9.5,3.4175,6.0825,0.00375,0.009607163938842866,0.0,1.0
KXNBAAST-26APR05TORBOS-BOSJTATUM0-2,2026-04-05,ast,1.5,3.4175,-1.9175,0.85,0.8152052327244228,1.0,1.0
KXNBAAST-26APR05TORBOS-BOSJTATUM0-4,2026-04-05,ast,3.5,3.4175,0.08250000000000002,0.44,0.43241694500885164,1.0,1.0
KXNBAAST-26APR05TORBOS-BOSJTATUM0-6,2026-04-05,ast,5.5,3.4175,2.0825,0.1365,0.15739731363465836,1.0,1.0
KXNBAAST-26APR05TORBOS-BOSJTATUM0-8,2026-04-05,ast,7.5,3.4175,4.0825,0.027,0.043210273030108604,0.0,1.0
KXNBAAST-26APR05TORBOS-BOSPPRITCHARD11-2,2026-04-05,ast,1.5,2.8395,-1.3395000000000001,0.7575,0.7387454913338165,1.0,1.0
KXNBAAST-26APR05TORBOS-BOSPPRITCHARD11-4,2026-04-05,ast,3.5,2.8395,0.6604999999999999,0.317,0.3197449666996366,0.0,1.0
KXNBAAST-26APR05TORBOS-BOSPPRITCHARD11-5,2026-04-05,ast,4.5,2.8395,1.6604999999999999,0.169,0.17819289082341494,0.0,1.0
KXNBAAST-26APR05TORBOS-BOSPPRITCHARD11-6,2026-04-05,ast,5.5,2.8395,2.6605,0.07425,0.09094199475034181,0.0,1.0
KXNBAAST-26APR05TORBOS-BOSPPRITCHARD11-8,2026-04-05,ast,7.5,2.8395,4.6605,0.012,0.019161453731946665,0.0,1.0
KXNBAAST-26APR05TORBOS-TORJPOELTL19-10,2026-04-05,ast,9.5,1.6365,7.8635,0.0,7.312295457961859e-05,0.0,1.0
KXNBAAST-26APR05TORBOS-TORJPOELTL19-2,2026-04-05,ast,1.5,1.6365,-0.13650000000000007,0.48425,0.4723967960883919,0.0,1.0
KXNBAAST-26APR05TORBOS-TORJPOELTL19-4,2026-04-05,ast,3.5,1.6365,1.8635,0.089,0.0971247133194959,0.0,1.0
KXNBAAST-26APR05TORBOS-TORJPOELTL19-6,2026-04-05,ast,5.5,1.6365,3.8635,0.00875,0.011953927338752224,0.0,1.0
KXNBAAST-26APR05TORBOS-TORJPOELTL19-8,2026-04-05,ast,7.5,1.6365,5.8635,0.00025,0.0010519439805014574,0.0,1.0
KXNBAAST-26APR05TORBOS-TORRBARRETT9-10,2026-04-05,ast,9.5,2.13075,7.36925,0.00025,0.0004945281805116553,0.0,1.0
KXNBAAST-26APR05TORBOS-TORRBARRETT9-2,2026-04-05,ast,1.5,2.13075,-0.6307499999999999,0.6225,0.6023115961447476,1.0,1.0
KXNBAAST-26APR05TORBOS-TORRBARRETT9-4,2026-04-05,ast,3.5,2.13075,1.36925,0.17975,0.18099683785470644,1.0,1.0
KXNBAAST-26APR05TORBOS-TORRBARRETT9-6,2026-04-05,ast,5.5,2.13075,3.36925,0.02225,0.03383746897894957,0.0,1.0
KXNBAAST-26APR05TORBOS-TORRBARRETT9-8,2026-04-05,ast,7.5,2.13075,5.36925,0.00225,0.004587640852581565,0.0,1.0
KXNBAAST-26APR05TORBOS-TORSBARNES4-10,2026-04-05,ast,9.5,3.60875,5.891249999999999,0.0075,0.012950727739249102,0.0,1.0
KXNBAAST-26APR05TORBOS-TORSBARNES4-12,2026-04-05,ast,11.5,3.60875,7.891249999999999,0.00125,0.0026505771219792473,0.0,1.0
KXNBAAST-26APR05TORBOS-TORSBARNES4-6,2026-04-05,ast,5.5,3.60875,1.8912499999999999,0.17025,0.18232008733534832,1.0,1.0
KXNBAAST-26APR05TORBOS-TORSBARNES4-8,2026-04-05,ast,7.5,3.60875,3.89125,0.0435,0.053916892533940275,1.0,1.0
KXNBAAST-26APR05TORBOS-TORSBARNES4-9,2026-04-05,ast,8.5,3.60875,4.891249999999999,0.0205,0.02702872958968683,0.0,1.0
KXNBA3PT-26APR05TORBOS-BOSDWHITE9-1,2026-04-05,fg3m,0.5,1.54425,-1.04425,0.78075,0.7549673995104871,1.0,1.0
KXNBA3PT-26APR05TORBOS-BOSDWHITE9-2,2026-04-05,fg3m,1.5,1.54425,-0.0442499999999999,0.458,0.44024344029997553,1.0,1.0
KXNBA3PT-26APR05TORBOS-BOSDWHITE9-3,2026-04-05,fg3m,2.5,1.54425,0.9557500000000001,0.20425,0.21164758486484658,0.0,1.0
KXNBA3PT-26APR05TORBOS-BOSDWHITE9-4,2026-04-05,fg3m,3.5,1.54425,1.95575,0.072,0.0881346648386021,0.0,1.0
KXNBA3PT-26APR05TORBOS-BOSDWHITE9-5,2026-04-05,fg3m,4.5,1.54425,2.95575,0.02225,0.032887569297612385,0.0,1.0
KXNBA3PT-26APR05TORBOS-BOSJBROWN7-1,2026-04-05,fg3m,0.5,1.1875,-0.6875,0.6985,0.66836468983052,1.0,1.0
KXNBA3PT-26APR05TORBOS-BOSJBROWN7-2,2026-04-05,fg3m,1.5,1.1875,0.3125,0.332,0.3275636246988134,0.0,1.0
KXNBA3PT-26APR05TORBOS-BOSJBROWN7-3,2026-04-05,fg3m,2.5,1.1875,1.3125,0.118,0.12951413341709905,0.0,1.0
KXNBA3PT-26APR05TORBOS-BOSJBROWN7-4,2026-04-05,fg3m,3.5,1.1875,2.3125,0.0325,0.04389870979669497,0.0,1.0
KXNBA3PT-26APR05TORBOS-BOSJBROWN7-5,2026-04-05,fg3m,4.5,1.1875,3.3125,0.006,0.013259094120330217,0.0,1.0
KXNBA3PT-26APR05TORBOS-BOSJTATUM0-2,2026-04-05,fg3m,1.5,1.8805,-0.38050000000000006,0.5575,0.5329068812707447,1.0,1.0
KXNBA3PT-26APR05TORBOS-BOSJTATUM0-3,2026-04-05,fg3m,2.5,1.8805,0.6194999999999999,0.29575,0.2932235229765059,0.0,1.0
KXNBA3PT-26APR05TORBOS-BOSJTATUM0-4,2026-04-05,fg3m,3.5,1.8805,1.6195,0.1175,0.14109492280005353,0.0,1.0
KXNBA3PT-26APR05TORBOS-BOSJTATUM0-5,2026-04-05,fg3m,4.5,1.8805,2.6195,0.04275,0.061159940715205585,0.0,1.0
KXNBA3PT-26APR05TORBOS-BOSJTATUM0-6,2026-04-05,fg3m,5.5,1.8805,3.6195,0.01425,0.024398990187877723,0.0,1.0
KXNBA3PT-26APR05TORBOS-BOSPPRITCHARD11-1,2026-04-05,fg3m,0.5,1.86675,-1.36675,0.83675,0.8117520702071876,1.0,1.0
KXNBA3PT-26APR05TORBOS-BOSPPRITCHARD11-2,2026-04-05,fg3m,1.5,1.86675,-0.3667499999999999,0.54375,0.5293902153026853,0.0,1.0
KXNBA3PT-26APR05TORBOS-BOSPPRITCHARD11-3,2026-04-05,fg3m,2.5,1.86675,0.6332500000000001,0.285,0.28988528782453005,0.0,1.0
KXNBA3PT-26APR05TORBOS-BOSPPRITCHARD11-4,2026-04-05,fg3m,3.5,1.86675,1.63325,0.12375,0.13876305195579186,0.0,1.0
KXNBA3PT-26APR05TORBOS-BOSPPRITCHARD11-5,2026-04-05,fg3m,4.5,1.86675,2.6332500000000003,0.05075,0.05982338080820149,0.0,1.0
KXNBA3PT-26APR05TORBOS-TORSBARNES4-1,2026-04-05,fg3m,0.5,0.5575,-0.057499999999999996,0.4215,0.4161330089206433,0.0,1.0
KXNBA3PT-26APR05TORBOS-TORSBARNES4-2,2026-04-05,fg3m,1.5,0.5575,0.9425,0.1115,0.11278166818609803,0.0,1.0
KXNBA3PT-26APR05TORBOS-TORSBARNES4-3,2026-04-05,fg3m,2.5,0.5575,1.9425,0.01975,0.0236544147004375,0.0,1.0
KXNBA3PT-26APR05TORBOS-TORSBARNES4-4,2026-04-05,fg3m,3.5,0.5575,2.9425,0.0045,0.004174788470216573,0.0,1.0
KXNBA3PT-26APR05TORBOS-TORSBARNES4-5,2026-04-05,fg3m,4.5,0.5575,3.9425,0.00025,0.0006502379483721565,0.0,1.0
KXNBAPTS-26APR05PHXCHI-CHIIOKORO35-10,2026-04-05,pts,9.5,8.4765,1.0235000000000003,0.374,0.3592395537182479,1.0,1.0
KXNBAPTS-26APR05PHXCHI-CHIIOKORO35-15,2026-04-05,pts,14.5,8.4765,6.0235,0.119,0.09887053149564573,0.0,1.0
KXNBAPTS-26APR05PHXCHI-CHIIOKORO35-20,2026-04-05,pts,19.5,8.4765,11.0235,0.02675,0.020055151613064925,0.0,1.0
KXNBAPTS-26APR05PHXCHI-CHIIOKORO35-25,2026-04-05,pts,24.5,8.4765,16.0235,0.00575,0.0033178904640626117,0.0,1.0
KXNBAPTS-26APR05PHXCHI-PHXDBOOKER1-20,2026-04-05,pts,19.5,15.14575,4.35425,0.2425,0.24391528753601555,1.0,1.0
KXNBAPTS-26APR05PHXCHI-PHXDBOOKER1-25,2026-04-05,pts,24.5,15.14575,9.35425,0.08675,0.10542998585948593,1.0,1.0
KXNBAPTS-26APR05PHXCHI-PHXDBOOKER1-30,2026-04-05,pts,29.5,15.14575,14.35425,0.027,0.04040340260128639,1.0,1.0
KXNBAPTS-26APR05PHXCHI-PHXDBOOKER1-35,2026-04-05,pts,34.5,15.14575,19.35425,0.00575,0.014108690268924029,0.0,1.0
KXNBAPTS-26APR05PHXCHI-PHXDBROOKS3-15,2026-04-05,pts,14.5,10.027,4.473000000000001,0.21475,0.17854464536700343,1.0,1.0
KXNBAPTS-26APR05PHXCHI-PHXDBROOKS3-20,2026-04-05,pts,19.5,10.027,9.473,0.06725,0.049487103428076384,0.0,1.0
KXNBAPTS-26APR05PHXCHI-PHXDBROOKS3-25,2026-04-05,pts,24.5,10.027,14.473,0.01675,0.011303540222229236,0.0,1.0
KXNBAPTS-26APR05PHXCHI-PHXDBROOKS3-30,2026-04-05,pts,29.5,10.027,19.473,0.0045,0.0022474970237903458,0.0,1.0
KXNBAPTS-26APR05PHXCHI-PHXGALLEN8-10,2026-04-05,pts,9.5,10.4545,-0.9544999999999995,0.51775,0.5180811253648339,0.0,1.0
KXNBAPTS-26APR05PHXCHI-PHXGALLEN8-15,2026-04-05,pts,14.5,10.4545,4.0455000000000005,0.2275,0.20311394155669504,0.0,1.0
KXNBAPTS-26APR05PHXCHI-PHXGALLEN8-20,2026-04-05,pts,19.5,10.4545,9.0455,0.07475,0.060472974356032605,0.0,1.0
KXNBAPTS-26APR05PHXCHI-PHXGALLEN8-25,2026-04-05,pts,24.5,10.4545,14.0455,0.019,0.014880426335616037,0.0,1.0
KXNBAPTS-26APR05PHXCHI-PHXJGREEN4-15,2026-04-05,pts,14.5,11.52575,2.9742499999999996,0.2905,0.2673379597748281,1.0,1.0
KXNBAPTS-26APR05PHXCHI-PHXJGREEN4-20,2026-04-05,pts,19.5,11.52575,7.97425,0.107,0.09320642629169518,1.0,1.0
KXNBAPTS-26APR05PHXCHI-PHXJGREEN4-25,2026-04-05,pts,24.5,11.52575,12.97425,0.024,0.02705364671580268,1.0,1.0
KXNBAPTS-26APR05PHXCHI-PHXJGREEN4-30,2026-04-05,pts,29.5,11.52575,17.974249999999998,0.004,0.006871544657803819,0.0,1.0
KXNBAPTS-26APR05PHXCHI-PHXMWILLIAMS15-10,2026-04-05,pts,9.5,7.04925,2.45075,0.265,0.23532309216792346,1.0,1.0
KXNBAPTS-26APR05PHXCHI-PHXMWILLIAMS15-15,2026-04-05,pts,14.5,7.04925,7.45075,0.05925,0.04491831383628664,0.0,1.0
KXNBAPTS-26APR05PHXCHI-PHXMWILLIAMS15-20,2026-04-05,pts,19.5,7.04925,12.45075,0.011,0.006183898685705569,0.0,1.0
KXNBAREB-26APR05PHXCHI-PHXDBROOKS3-10,2026-04-05,reb,9.5,3.4255,6.0745000000000005,0.01075,0.010174415336760778,0.0,1.0
KXNBAREB-26APR05PHXCHI-PHXDBROOKS3-2,2026-04-05,reb,1.5,3.4255,-1.9255,0.8175,0.8141053427108047,1.0,1.0
KXNBAREB-26APR05PHXCHI-PHXDBROOKS3-4,2026-04-05,reb,3.5,3.4255,0.07450000000000001,0.437,0.433274976316793,1.0,1.0
KXNBAREB-26APR05PHXCHI-PHXDBROOKS3-6,2026-04-05,reb,5.5,3.4255,2.0745,0.15925,0.159507178881637,0.0,1.0
KXNBAREB-26APR05PHXCHI-PHXDBROOKS3-8,2026-04-05,reb,7.5,3.4255,4.0745000000000005,0.038,0.04462263340632999,0.0,1.0
KXNBAREB-26APR05PHXCHI-PHXJGREEN4-2,2026-04-05,reb,1.5,3.693,-2.193,0.85425,0.8412587640421558,1.0,1.0
KXNBAREB-26APR05PHXCHI-PHXJGREEN4-4,2026-04-05,reb,3.5,3.693,-0.19300000000000006,0.488,0.48197587140209974,1.0,1.0
KXNBAREB-26APR05PHXCHI-PHXJGREEN4-5,2026-04-05,reb,4.5,3.693,0.8069999999999999,0.31725,0.31825625507447663,0.0,1.0
KXNBAREB-26APR05PHXCHI-PHXJGREEN4-6,2026-04-05,reb,5.5,3.693,1.807,0.1835,0.19466163338877596,0.0,1.0
KXNBAREB-26APR05PHXCHI-PHXJGREEN4-8,2026-04-05,reb,7.5,3.693,3.807,0.052,0.06023742838164814,0.0,1.0
KXNBAREB-26APR05PHXCHI-PHXMWILLIAMS15-10,2026-04-05,reb,9.5,4.2015,5.2985,0.02675,0.02923972255132823,0.0,1.0
KXNBAREB-26APR05PHXCHI-PHXMWILLIAMS15-2,2026-04-05,reb,1.5,4.2015,-2.7015000000000002,0.89425,0.8821509958680921,1.0,1.0
KXNBAREB-26APR05PHXCHI-PHXMWILLIAMS15-4,2026-04-05,reb,3.5,4.2015,-0.7015000000000002,0.57475,0.5670281786051654,1.0,1.0
KXNBAREB-26APR05PHXCHI-PHXMWILLIAMS15-6,2026-04-05,reb,5.5,4.2015,1.2984999999999998,0.26575,0.2659903276617199,1.0,1.0
KXNBAREB-26APR05PHXCHI-PHXMWILLIAMS15-8,2026-04-05,reb,7.5,4.2015,3.2984999999999998,0.08425,0.09711430970264512,1.0,1.0
KXNBAAST-26APR05PHXCHI-PHXDBOOKER1-10,2026-04-05,ast,9.5,3.4545,6.0455000000000005,0.00275,0.010199440740193855,0.0,1.0
KXNBAAST-26APR05PHXCHI-PHXDBOOKER1-12,2026-04-05,ast,11.5,3.4545,8.0455,0.001,0.001959739425561602,0.0,1.0
KXNBAAST-26APR05PHXCHI-PHXDBOOKER1-6,2026-04-05,ast,5.5,3.4545,2.0455,0.14425,0.16212448252498524,0.0,1.0
KXNBAAST-26APR05PHXCHI-PHXDBOOKER1-7,2026-04-05,ast,6.5,3.4545,3.0455,0.072,0.08819460921445177,0.0,1.0
KXNBAAST-26APR05PHXCHI-PHXDBOOKER1-8,2026-04-05,ast,7.5,3.4545,4.0455000000000005,0.0265,0.045173313026818485,0.0,1.0
KXNBAAST-26APR05PHXCHI-PHXDBROOKS3-10,2026-04-05,ast,9.5,1.664,7.836,0.0,8.288596904770795e-05,0.0,1.0
KXNBAAST-26APR05PHXCHI-PHXDBROOKS3-2,2026-04-05,ast,1.5,1.664,-0.16399999999999992,0.48175,0.480427220264951,1.0,1.0
KXNBAAST-26APR05PHXCHI-PHXDBROOKS3-4,2026-04-05,ast,3.5,1.664,1.836,0.10325,0.10128018178120057,0.0,1.0
KXNBAAST-26APR05PHXCHI-PHXDBROOKS3-6,2026-04-05,ast,5.5,1.664,3.8360000000000003,0.01375,0.012808776452888027,0.0,1.0
KXNBAAST-26APR05PHXCHI-PHXDBROOKS3-8,2026-04-05,ast,7.5,1.664,5.836,0.00075,0.0011591187717444607,0.0,1.0
KXNBAAST-26APR05PHXCHI-PHXJGREEN4-2,2026-04-05,ast,1.5,2.356,-0.8559999999999999,0.661,0.651612759618627,1.0,1.0
KXNBAAST-26APR05PHXCHI-PHXJGREEN4-3,2026-04-05,ast,2.5,2.356,0.14400000000000013,0.4125,0.4091351555441225,1.0,1.0
KXNBAAST-26APR05PHXCHI-PHXJGREEN4-4,2026-04-05,ast,3.5,2.356,1.1440000000000001,0.22075,0.2238809092846593,1.0,1.0
KXNBAAST-26APR05PHXCHI-PHXJGREEN4-6,2026-04-05,ast,5.5,2.356,3.144,0.0425,0.048699959087100564,0.0,1.0
KXNBAAST-26APR05PHXCHI-PHXJGREEN4-8,2026-04-05,ast,7.5,2.356,5.144,0.00575,0.007733835112383236,0.0,1.0
KXNBA3PT-26APR05PHXCHI-PHXDBOOKER1-1,2026-04-05,fg3m,0.5,1.29925,-0.79925,0.7195,0.6987509929839428,1.0,1.0
KXNBA3PT-26APR05PHXCHI-PHXDBOOKER1-2,2026-04-05,fg3m,1.5,1.29925,0.20074999999999998,0.3715,0.36428065710757584,1.0,1.0
KXNBA3PT-26APR05PHXCHI-PHXDBOOKER1-3,2026-04-05,fg3m,2.5,1.29925,1.20075,0.14825,0.15427925334253478,1.0,1.0
KXNBA3PT-26APR05PHXCHI-PHXDBOOKER1-4,2026-04-05,fg3m,3.5,1.29925,2.20075,0.04625,0.05619658321371224,0.0,1.0
KXNBA3PT-26APR05PHXCHI-PHXDBOOKER1-5,2026-04-05,fg3m,4.5,1.29925,3.20075,0.011,0.01827247408751509,0.0,1.0
KXNBAPTS-26APR05INDCLE-CLEDMITCHELL45-25,2026-04-05,pts,24.5,14.3835,10.1165,0.064,0.0843091612018585,1.0,1.0
KXNBAPTS-26APR05INDCLE-CLEDMITCHELL45-30,2026-04-05,pts,29.5,14.3835,15.1165,0.01525,0.030096685078294327,1.0,1.0
KXNBAPTS-26APR05INDCLE-CLEDMITCHELL45-35,2026-04-05,pts,34.5,14.3835,20.116500000000002,0.00425,0.009773964907768051,1.0,1.0
KXNBAPTS-26APR05INDCLE-CLEDMITCHELL45-40,2026-04-05,pts,39.5,14.3835,25.116500000000002,0.00025,0.0029462854579193065,0.0,1.0
KXNBAPTS-26APR05INDCLE-CLEDSCHRODER8-10,2026-04-05,pts,9.5,7.07275,2.42725,0.26825,0.23733936251529186,0.0,1.0
KXNBAPTS-26APR05INDCLE-CLEDSCHRODER8-15,2026-04-05,pts,14.5,7.07275,7.42725,0.06775,0.04562403474465904,0.0,1.0
KXNBAPTS-26APR05INDCLE-CLEDSCHRODER8-20,2026-04-05,pts,19.5,7.07275,12.42725,0.0115,0.006327782580447638,0.0,1.0
KXNBAPTS-26APR05INDCLE-CLEJHARDEN1-20,2026-04-05,pts,19.5,13.4435,6.0565,0.16125,0.1673341482149484,1.0,1.0
KXNBAPTS-26APR05INDCLE-CLEJHARDEN1-25,2026-04-05,pts,24.5,13.4435,11.0565,0.05025,0.0614898598547402,1.0,1.0
KXNBAPTS-26APR05INDCLE-CLEJHARDEN1-30,2026-04-05,pts,29.5,13.4435,16.0565,0.01275,0.019909512622944492,0.0,1.0
KXNBAPTS-26APR05INDCLE-CLEJHARDEN1-35,2026-04-05,pts,34.5,13.4435,21.0565,0.0035,0.005852784779928233,0.0,1.0
KXNBAREB-26APR05INDCLE-CLEDMITCHELL45-2,2026-04-05,reb,1.5,3.94325,-2.44325,0.89025,0.8629636410073738,1.0,1.0
KXNBAREB-26APR05INDCLE-CLEDMITCHELL45-4,2026-04-05,reb,3.5,3.94325,-0.4432499999999999,0.54825,0.5251458692309553,1.0,1.0
KXNBAREB-26APR05INDCLE-CLEDMITCHELL45-5,2026-04-05,reb,4.5,3.94325,0.5567500000000001,0.35275,0.359985457402321,1.0,1.0
KXNBAREB-26APR05INDCLE-CLEDMITCHELL45-6,2026-04-05,reb,5.5,3.94325,1.55675,0.2095,0.2292092042660987,1.0,1.0
KXNBAREB-26APR05INDCLE-CLEDMITCHELL45-8,2026-04-05,reb,7.5,3.94325,3.55675,0.06525,0.07724512622057822,0.0,1.0
KXNBAREB-26APR05INDCLE-CLEJHARDEN1-10,2026-04-05,reb,9.5,4.16775,5.33225,0.0145,0.028120740860171578,0.0,1.0
KXNBAREB-26APR05INDCLE-CLEJHARDEN1-2,2026-04-05,reb,1.5,4.16775,-2.66775,0.91,0.8798115790668468,1.0,1.0
KXNBAREB-26APR05INDCLE-CLEJHARDEN1-4,2026-04-05,reb,3.5,4.16775,-0.6677499999999998,0.588,0.5617140637792026,1.0,1.0
KXNBAREB-26APR05INDCLE-CLEJHARDEN1-6,2026-04-05,reb,5.5,4.16775,1.3322500000000002,0.2495,0.2611369922936124,0.0,1.0
KXNBAREB-26APR05INDCLE-CLEJHARDEN1-8,2026-04-05,reb,7.5,4.16775,3.33225,0.07075,0.09438961607382113,0.0,1.0
KXNBAAST-26APR05INDCLE-CLEDMITCHELL45-2,2026-04-05,ast,1.5,3.00375,-1.5037500000000001,0.79325,0.7632171026284931,1.0,1.0
KXNBAAST-26APR05INDCLE-CLEDMITCHELL45-4,2026-04-05,ast,3.5,3.00375,0.49624999999999986,0.359,0.35237823826821757,1.0,1.0
KXNBAAST-26APR05INDCLE-CLEDMITCHELL45-5,2026-04-05,ast,4.5,3.00375,1.4962499999999999,0.1955,0.20390619526058307,1.0,1.0
KXNBAAST-26APR05INDCLE-CLEDMITCHELL45-6,2026-04-05,ast,5.5,3.00375,2.49625,0.088,0.10825208723402713,1.0,1.0
KXNBAAST-26APR05INDCLE-CLEDMITCHELL45-8,2026-04-05,ast,7.5,3.00375,4.49625,0.013,0.02476063288815733,0.0,1.0
KXNBAAST-26APR05INDCLE-CLEDSCHRODER8-2,2026-04-05,ast,1.5,2.2625,-0.7625000000000002,0.64275,0.6318681003567812,1.0,1.0
KXNBAAST-26APR05INDCLE-CLEDSCHRODER8-3,2026-04-05,ast,2.5,2.2625,0.23749999999999982,0.3945,0.3868808110002948,1.0,1.0
KXNBAAST-26APR05INDCLE-CLEDSCHRODER8-4,2026-04-05,ast,3.5,2.2625,1.2374999999999998,0.202,0.20584596593370363,0.0,1.0
KXNBAAST-26APR05INDCLE-CLEDSCHRODER8-6,2026-04-05,ast,5.5,2.2625,3.2375,0.0355,0.042149096238316974,0.0,1.0
KXNBAAST-26APR05INDCLE-CLEDSCHRODER8-8,2026-04-05,ast,7.5,2.2625,5.2375,0.003,0.006283239192451218,0.0,1.0
KXNBAAST-26APR05INDCLE-CLEJHARDEN1-10,2026-04-05,ast,9.5,4.167,5.333,0.01475,0.027181559396758814,0.0,1.0
KXNBAAST-26APR05INDCLE-CLEJHARDEN1-12,2026-04-05,ast,11.5,4.167,7.333,0.0025,0.006806094946698593,0.0,1.0
KXNBAAST-26APR05INDCLE-CLEJHARDEN1-4,2026-04-05,ast,3.5,4.167,-0.6669999999999998,0.59325,0.5631823750481045,1.0,1.0
KXNBAAST-26APR05INDCLE-CLEJHARDEN1-6,2026-04-05,ast,5.5,4.167,1.3330000000000002,0.25325,0.2603251771918189,1.0,1.0
KXNBAAST-26APR05INDCLE-CLEJHARDEN1-8,2026-04-05,ast,7.5,4.167,3.333,0.072,0.09293351292821606,0.0,1.0
KXNBA3PT-26APR05INDCLE-CLEDMITCHELL45-1,2026-04-05,fg3m,0.5,1.5,-1.0,0.77525,0.7457584413388868,1.0,1.0
KXNBA3PT-26APR05INDCLE-CLEDMITCHELL45-2,2026-04-05,fg3m,1.5,1.5,0.0,0.4455,0.4270268592313482,1.0,1.0
KXNBA3PT-26APR05INDCLE-CLEDMITCHELL45-3,2026-04-05,fg3m,2.5,1.5,1.0,0.188,0.20106441500007421,0.0,1.0
KXNBA3PT-26APR05INDCLE-CLEDMITCHELL45-4,2026-04-05,fg3m,3.5,1.5,2.0,0.068,0.08189826179494775,0.0,1.0
KXNBA3PT-26APR05INDCLE-CLEDMITCHELL45-5,2026-04-05,fg3m,4.5,1.5,3.0,0.018,0.02987200247148092,0.0,1.0
KXNBA3PT-26APR05INDCLE-CLEJHARDEN1-1,2026-04-05,fg3m,0.5,1.86825,-1.36825,0.84625,0.8119788034347595,1.0,1.0
KXNBA3PT-26APR05INDCLE-CLEJHARDEN1-2,2026-04-05,fg3m,1.5,1.86825,-0.36824999999999997,0.55775,0.5297749786760613,1.0,1.0
KXNBA3PT-26APR05INDCLE-CLEJHARDEN1-3,2026-04-05,fg3m,2.5,1.86825,0.63175,0.28325,0.2902495709436681,1.0,1.0
KXNBA3PT-26APR05INDCLE-CLEJHARDEN1-4,2026-04-05,fg3m,3.5,1.86825,1.63175,0.12175,0.13901684802231362,1.0,1.0
KXNBA3PT-26APR05INDCLE-CLEJHARDEN1-5,2026-04-05,fg3m,4.5,1.86825,2.6317500000000003,0.04375,0.0599684669247309,1.0,1.0
KXNBAPTS-26APR05LALDAL-DALCFLAGG32-20,2026-04-05,pts,19.5,13.81325,5.68675,0.17075,0.183350104689334,1.0,1.0
KXNBAPTS-26APR05LALDAL-DALCFLAGG32-25,2026-04-05,pts,24.5,13.81325,10.68675,0.05675,0.07001916227769511,1.0,1.0
KXNBAPTS-26APR05LALDAL-DALCFLAGG32-30,2026-04-05,pts,29.5,13.81325,15.68675,0.0125,0.02359245616733463,1.0,1.0
KXNBAPTS-26APR05LALDAL-DALCFLAGG32-35,2026-04-05,pts,34.5,13.81325,20.68675,0.00225,0.007222917747281121,1.0,1.0
KXNBAPTS-26APR05LALDAL-DALDGAFFORD21-10,2026-04-05,pts,9.5,8.37025,1.1297499999999996,0.3655,0.3500895378400075,0.0,1.0
KXNBAPTS-26APR05LALDAL-DALDGAFFORD21-15,2026-04-05,pts,14.5,8.37025,6.12975,0.1195,0.09412354533055933,0.0,1.0
KXNBAPTS-26APR05LALDAL-DALDGAFFORD21-20,2026-04-05,pts,19.5,8.37025,11.12975,0.028,0.018620545100530128,0.0,1.0
KXNBAPTS-26APR05LALDAL-DALKTHOMPSON31-10,2026-04-05,pts,9.5,7.42075,2.07925,0.3085,0.26743666182220505,1.0,1.0
KXNBAPTS-26APR05LALDAL-DALKTHOMPSON31-15,2026-04-05,pts,14.5,7.42075,7.07925,0.09025,0.05681693490328599,0.0,1.0
KXNBAPTS-26APR05LALDAL-DALKTHOMPSON31-20,2026-04-05,pts,19.5,7.42075,12.07925,0.016,0.008754919372132353,0.0,1.0
KXNBAPTS-26APR05LALDAL-DALKTHOMPSON31-25,2026-04-05,pts,24.5,7.42075,17.079250000000002,0.00225,0.0010927072223390066,0.0,1.0
KXNBAPTS-26APR05LALDAL-DALMCHRISTIE00-10,2026-04-05,pts,9.5,9.562406015037594,-0.062406015037593576,0.4616541353383459,0.44966437365646594,0.0,0.49875
KXNBAPTS-26APR05LALDAL-DALMCHRISTIE00-15,2026-04-05,pts,14.5,9.562406015037594,4.937593984962406,0.17192982456140352,0.15290430549539014,0.0,0.49875
KXNBAPTS-26APR05LALDAL-DALMCHRISTIE00-20,2026-04-05,pts,19.5,9.562406015037594,9.937593984962406,0.05112781954887218,0.03895717091395279,0.0,0.49875
KXNBAPTS-26APR05LALDAL-DALMCHRISTIE00-25,2026-04-05,pts,24.5,9.562406015037594,14.937593984962406,0.013032581453634085,0.008154068197705144,0.0,0.49875
KXNBAPTS-26APR05LALDAL-DALNMARSHALL13-10,2026-04-05,pts,9.5,11.1415,-1.6415000000000006,0.58175,0.5663940178651647,1.0,1.0
KXNBAPTS-26APR05LALDAL-DALNMARSHALL13-15,2026-04-05,pts,14.5,11.1415,3.3584999999999994,0.25475,0.24399357753686757,0.0,1.0
KXNBAPTS-26APR05LALDAL-DALNMARSHALL13-20,2026-04-05,pts,19.5,11.1415,8.3585,0.08175,0.08064419082197749,0.0,1.0
KXNBAPTS-26APR05LALDAL-DALNMARSHALL13-25,2026-04-05,pts,24.5,11.1415,13.3585,0.015,0.022132275325281614,0.0,1.0
KXNBAPTS-26APR05LALDAL-DALPWASHINGTON25-10,2026-04-05,pts,9.5,9.83425,-0.3342500000000008,0.48225,0.4711521480059493,1.0,1.0
KXNBAPTS-26APR05LALDAL-DALPWASHINGTON25-15,2026-04-05,pts,14.5,9.83425,4.665749999999999,0.1775,0.16775737903732835,1.0,1.0
KXNBAPTS-26APR05LALDAL-DALPWASHINGTON25-20,2026-04-05,pts,19.5,9.83425,9.66575,0.0485,0.04493911496827008,0.0,1.0
KXNBAPTS-26APR05LALDAL-DALPWASHINGTON25-25,2026-04-05,pts,24.5,9.83425,14.66575,0.00725,0.00990787210603361,0.0,1.0
KXNBAPTS-26APR05LALDAL-LALDAYTON5-10,2026-04-05,pts,9.5,9.05325,0.44674999999999976,0.4235,0.40807928055818476,1.0,1.0
KXNBAPTS-26APR05LALDAL-LALDAYTON5-15,2026-04-05,pts,14.5,9.05325,5.44675,0.13975,0.1264064672703784,0.0,1.0
KXNBAPTS-26APR05LALDAL-LALDAYTON5-20,2026-04-05,pts,19.5,9.05325,10.44675,0.0365,0.029112314607074974,0.0,1.0
KXNBAPTS-26APR05LALDAL-LALDAYTON5-25,2026-04-05,pts,24.5,9.05325,15.44675,0.006,0.005489387975699422,0.0,1.0
KXNBAPTS-26APR05LALDAL-LALLJAMES23-20,2026-04-05,pts,19.5,12.83275,6.667249999999999,0.1355,0.1419307541655609,1.0,1.0
KXNBAPTS-26APR05LALDAL-LALLJAMES23-25,2026-04-05,pts,24.5,12.83275,11.66725,0.0375,0.04872138157993633,1.0,1.0
KXNBAPTS-26APR05LALDAL-LALLJAMES23-30,2026-04-05,pts,29.5,12.83275,16.66725,0.0075,0.01470424166574058,1.0,1.0
KXNBAPTS-26APR05LALDAL-LALLJAMES23-35,2026-04-05,pts,34.5,12.83275,21.66725,0.00175,0.004023972181892876,0.0,1.0
KXNBAREB-26APR05LALDAL-DALCFLAGG32-10,2026-04-05,reb,9.5,4.34425,5.15575,0.02625,0.0342872998009911,0.0,1.0
KXNBAREB-26APR05LALDAL-DALCFLAGG32-12,2026-04-05,reb,11.5,4.34425,7.15575,0.0045,0.009290751578080902,0.0,1.0
KXNBAREB-26APR05LALDAL-DALCFLAGG32-6,2026-04-05,reb,5.5,4.34425,1.1557500000000003,0.27025,0.28662337239075575,1.0,1.0
KXNBAREB-26APR05LALDAL-DALCFLAGG32-7,2026-04-05,reb,6.5,4.34425,2.1557500000000003,0.1635,0.18162446297390755,1.0,1.0
KXNBAREB-26APR05LALDAL-DALCFLAGG32-8,2026-04-05,reb,7.5,4.34425,3.1557500000000003,0.0915,0.10904516083499605,1.0,1.0
KXNBAREB-26APR05LALDAL-DALDGAFFORD21-10,2026-04-05,reb,9.5,3.7545,5.7455,0.014,0.016630498459531573,0.0,1.0
KXNBAREB-26APR05LALDAL-DALDGAFFORD21-12,2026-04-05,reb,11.5,3.7545,7.7455,0.002,0.0036939527325130506,0.0,1.0
KXNBAREB-26APR05LALDAL-DALDGAFFORD21-6,2026-04-05,reb,5.5,3.7545,1.7454999999999998,0.1995,0.20302432849296825,1.0,1.0
KXNBAREB-26APR05LALDAL-DALDGAFFORD21-7,2026-04-05,reb,6.5,3.7545,2.7455,0.10975,0.11747300314537246,1.0,1.0
KXNBAREB-26APR05LALDAL-DALDGAFFORD21-8,2026-04-05,reb,7.5,3.7545,3.7455,0.05725,0.06420530350295184,0.0,1.0
KXNBAREB-26APR05LALDAL-DALMCHRISTIE00-2,2026-04-05,reb,1.5,3.5784461152882208,-2.0784461152882208,0.8446115288220551,0.8301669224978887,0.0,0.49875
KXNBAREB-26APR05LALDAL-DALMCHRISTIE00-3,2026-04-05,reb,2.5,3.5784461152882208,-1.0784461152882208,0.6576441102756893,0.6508348257104035,0.0,0.49875
KXNBAREB-26APR05LALDAL-DALMCHRISTIE00-4,2026-04-05,reb,3.5,3.5784461152882208,-0.07844611528822076,0.4807017543859649,0.46142282909848964,0.0,0.49875
KXNBAREB-26APR05LALDAL-DALMCHRISTIE00-6,2026-04-05,reb,5.5,3.5784461152882208,1.9215538847117792,0.16942355889724312,0.17934695040543758,0.0,0.49875
KXNBAREB-26APR05LALDAL-DALMCHRISTIE00-8,2026-04-05,reb,7.5,3.5784461152882208,3.9215538847117792,0.04461152882205514,0.05322156222779861,0.0,0.49875
KXNBAREB-26APR05LALDAL-DALPWASHINGTON25-10,2026-04-05,reb,9.5,4.457,5.043,0.0235,0.03863897624204515,0.0,1.0
KXNBAREB-26APR05LALDAL-DALPWASHINGTON25-2,2026-04-05,reb,1.5,4.457,-2.957,0.925,0.8983843580549689,1.0,1.0
KXNBAREB-26APR05LALDAL-DALPWASHINGTON25-4,2026-04-05,reb,3.5,4.457,-0.9569999999999999,0.63025,0.605674523256887,1.0,1.0
KXNBAREB-26APR05LALDAL-DALPWASHINGTON25-6,2026-04-05,reb,5.5,4.457,1.0430000000000001,0.295,0.30300196850516525,1.0,1.0
KXNBAREB-26APR05LALDAL-DALPWASHINGTON25-8,2026-04-05,reb,7.5,4.457,3.043,0.09875,0.11891549478682306,0.0,1.0
KXNBAREB-26APR05LALDAL-LALDAYTON5-10,2026-04-05,reb,9.5,4.2935,5.2065,0.02325,0.032434089449981496,0.0,1.0
KXNBAREB-26APR05LALDAL-LALDAYTON5-12,2026-04-05,reb,11.5,4.2935,7.2065,0.00575,0.008652424616929832,0.0,1.0
KXNBAREB-26APR05LALDAL-LALDAYTON5-14,2026-04-05,reb,13.5,4.2935,9.2065,0.001,0.0020500447261920796,0.0,1.0
KXNBAREB-26APR05LALDAL-LALDAYTON5-6,2026-04-05,reb,5.5,4.2935,1.2065000000000001,0.284,0.27927125008764797,0.0,1.0
KXNBAREB-26APR05LALDAL-LALDAYTON5-8,2026-04-05,reb,7.5,4.2935,3.2065,0.097,0.10472945148149859,0.0,1.0
KXNBAREB-26APR05LALDAL-LALLJAMES23-10,2026-04-05,reb,9.5,4.95,4.55,0.0425,0.061516428710276405,0.0,1.0
KXNBAREB-26APR05LALDAL-LALLJAMES23-12,2026-04-05,reb,11.5,4.95,6.55,0.00875,0.019728805998684873,0.0,1.0
KXNBAREB-26APR05LALDAL-LALLJAMES23-4,2026-04-05,reb,3.5,4.95,-1.4500000000000002,0.7065,0.6723370835571206,1.0,1.0
KXNBAREB-26APR05LALDAL-LALLJAMES23-6,2026-04-05,reb,5.5,4.95,0.5499999999999998,0.37875,0.374527720837457,1.0,1.0
KXNBAREB-26APR05LALDAL-LALLJAMES23-8,2026-04-05,reb,7.5,4.95,2.55,0.14275,0.16617092510007236,1.0,1.0
KXNBAAST-26APR05LALDAL-DALMCHRISTIE00-2,2026-04-05,ast,1.5,2.057142857142857,-0.5571428571428569,0.6080200501253132,0.5848900333330271,1.0,0.49875
KXNBAAST-26APR05LALDAL-DALMCHRISTIE00-3,2026-04-05,ast,2.5,2.057142857142857,0.44285714285714306,0.33032581453634086,0.3368174666551915,0.0,0.49875
KXNBAAST-26APR05LALDAL-DALMCHRISTIE00-4,2026-04-05,ast,3.5,2.057142857142857,1.442857142857143,0.1568922305764411,0.1674693867933844,0.0,0.49875
KXNBAAST-26APR05LALDAL-DALMCHRISTIE00-6,2026-04-05,ast,5.5,2.057142857142857,3.442857142857143,0.019548872180451128,0.02966082068353726,0.0,0.49875
KXNBAAST-26APR05LALDAL-DALMCHRISTIE00-8,2026-04-05,ast,7.5,2.057142857142857,5.442857142857143,0.0,0.0038015575235286203,0.0,0.49875
KXNBAAST-26APR05LALDAL-DALPWASHINGTON25-10,2026-04-05,ast,9.5,1.69175,7.80825,0.0,9.380908396028342e-05,0.0,1.0
KXNBAAST-26APR05LALDAL-DALPWASHINGTON25-2,2026-04-05,ast,1.5,1.69175,-0.1917500000000001,0.4895,0.48843582549502607,0.0,1.0
KXNBAAST-26APR05LALDAL-DALPWASHINGTON25-4,2026-04-05,ast,3.5,1.69175,1.80825,0.10275,0.1055452434062808,0.0,1.0
KXNBAAST-26APR05LALDAL-DALPWASHINGTON25-6,2026-04-05,ast,5.5,1.69175,3.80825,0.00975,0.01371176266812879,0.0,1.0
KXNBAAST-26APR05LALDAL-DALPWASHINGTON25-8,2026-04-05,ast,7.5,1.69175,5.80825,0.00075,0.0012756306089835023,0.0,1.0
KXNBAAST-26APR05LALDAL-LALLJAMES23-10,2026-04-05,ast,9.5,4.01425,5.48575,0.012,0.022573861063897138,1.0,1.0
KXNBAAST-26APR05LALDAL-LALLJAMES23-12,2026-04-05,ast,11.5,4.01425,7.48575,0.0015,0.005369142757343903,1.0,1.0
KXNBAAST-26APR05LALDAL-LALLJAMES23-14,2026-04-05,ast,13.5,4.01425,9.48575,0.00025,0.0011277168050917163,1.0,1.0
KXNBAAST-26APR05LALDAL-LALLJAMES23-6,2026-04-05,ast,5.5,4.01425,1.4857500000000003,0.23125,0.23840633660894472,1.0,1.0
KXNBAAST-26APR05LALDAL-LALLJAMES23-8,2026-04-05,ast,7.5,4.01425,3.4857500000000003,0.06375,0.08114473144095824,1.0,1.0
KXNBA3PT-26APR05LALDAL-DALCFLAGG32-1,2026-04-05,fg3m,0.5,0.835,-0.33499999999999996,0.56175,0.5472479914959221,1.0,1.0
KXNBA3PT-26APR05LALDAL-DALCFLAGG32-2,2026-04-05,fg3m,1.5,0.835,0.665,0.204,0.20647546698828478,1.0,1.0
KXNBA3PT-26APR05LALDAL-DALCFLAGG32-3,2026-04-05,fg3m,2.5,0.835,1.665,0.0525,0.061430933054102965,0.0,1.0
KXNBA3PT-26APR05LALDAL-DALCFLAGG32-4,2026-04-05,fg3m,3.5,0.835,2.665,0.0125,0.015506515914930463,0.0,1.0
KXNBA3PT-26APR05LALDAL-DALCFLAGG32-5,2026-04-05,fg3m,4.5,0.835,3.665,0.003,0.0034689420750295685,0.0,1.0
KXNBA3PT-26APR05LALDAL-LALLJAMES23-1,2026-04-05,fg3m,0.5,0.80425,-0.30425,0.55325,0.5344995617427948,1.0,1.0
KXNBA3PT-26APR05LALDAL-LALLJAMES23-2,2026-04-05,fg3m,1.5,0.80425,0.69575,0.189,0.19580463137903903,0.0,1.0
KXNBA3PT-26APR05LALDAL-LALLJAMES23-3,2026-04-05,fg3m,2.5,0.80425,1.6957499999999999,0.051,0.056447272386274006,0.0,1.0
KXNBA3PT-26APR05LALDAL-LALLJAMES23-4,2026-04-05,fg3m,3.5,0.80425,2.69575,0.009,0.013793582273993299,0.0,1.0
KXNBA3PT-26APR05LALDAL-LALLJAMES23-5,2026-04-05,fg3m,4.5,0.80425,3.69575,0.002,0.002985806239239608,0.0,1.0
KXNBAPTS-26APR05HOUGSW-GSWDGREEN23-10,2026-04-05,pts,9.5,8.465,1.0350000000000001,0.378,0.3582510737717576,0.0,1.0
KXNBAPTS-26APR05HOUGSW-GSWDGREEN23-15,2026-04-05,pts,14.5,8.465,6.035,0.125,0.09835158190000148,0.0,1.0
KXNBAPTS-26APR05HOUGSW-GSWDGREEN23-20,2026-04-05,pts,19.5,8.465,11.035,0.032,0.019896452106814455,0.0,1.0
KXNBAPTS-26APR05HOUGSW-GSWKPORZINGIS7-15,2026-04-05,pts,14.5,11.56575,2.9342500000000005,0.2835,0.2697801006844246,0.0,1.0
KXNBAPTS-26APR05HOUGSW-GSWKPORZINGIS7-20,2026-04-05,pts,19.5,11.56575,7.9342500000000005,0.10675,0.09456411056155112,0.0,1.0
KXNBAPTS-26APR05HOUGSW-GSWKPORZINGIS7-25,2026-04-05,pts,24.5,11.56575,12.93425,0.031,0.027602975782699657,0.0,1.0
KXNBAPTS-26APR05HOUGSW-GSWKPORZINGIS7-30,2026-04-05,pts,29.5,11.56575,17.93425,0.00825,0.007051731623850088,0.0,1.0
KXNBAPTS-26APR05HOUGSW-HOUASENGUN28-15,2026-04-05,pts,14.5,13.6385,0.8614999999999995,0.406,0.3956841425054043,1.0,1.0
KXNBAPTS-26APR05HOUGSW-HOUASENGUN28-20,2026-04-05,pts,19.5,13.6385,5.8614999999999995,0.165,0.1757268921200157,1.0,1.0
KXNBAPTS-26APR05HOUGSW-HOUASENGUN28-25,2026-04-05,pts,24.5,13.6385,10.8615,0.0495,0.0659142653618191,0.0,1.0
KXNBAPTS-26APR05HOUGSW-HOUASENGUN28-30,2026-04-05,pts,29.5,13.6385,15.8615,0.01225,0.02180046285651549,0.0,1.0
KXNBAPTS-26APR05HOUGSW-HOUATHOMPSON1-15,2026-04-05,pts,14.5,13.9395,0.5604999999999993,0.422,0.41338112838560104,1.0,1.0
KXNBAPTS-26APR05HOUGSW-HOUATHOMPSON1-20,2026-04-05,pts,19.5,13.9395,5.560499999999999,0.178,0.18891345618112454,0.0,1.0
KXNBAPTS-26APR05HOUGSW-HOUATHOMPSON1-25,2026-04-05,pts,24.5,13.9395,10.5605,0.055,0.07306597656783487,0.0,1.0
KXNBAPTS-26APR05HOUGSW-HOUATHOMPSON1-30,2026-04-05,pts,29.5,13.9395,15.5605,0.01125,0.024945208524932205,0.0,1.0
KXNBAPTS-26APR05HOUGSW-HOUJSMITH10-10,2026-04-05,pts,9.5,11.85325,-2.353249999999999,0.61875,0.6122198315663251,1.0,1.0
KXNBAPTS-26APR05HOUGSW-HOUJSMITH10-15,2026-04-05,pts,14.5,11.85325,2.646750000000001,0.307,0.28737400484722064,1.0,1.0
KXNBAPTS-26APR05HOUGSW-HOUJSMITH10-20,2026-04-05,pts,19.5,11.85325,7.646750000000001,0.10675,0.10458819954868748,1.0,1.0
KXNBAPTS-26APR05HOUGSW-HOUJSMITH10-25,2026-04-05,pts,24.5,11.85325,12.64675,0.0295,0.031760143123127915,0.0,1.0
KXNBAPTS-26APR05HOUGSW-HOUKDURANT7-20,2026-04-05,pts,19.5,15.71125,3.7887500000000003,0.2775,0.27046578859196924,1.0,1.0
KXNBAPTS-26APR05HOUGSW-HOUKDURANT7-25,2026-04-05,pts,24.5,15.71125,8.78875,0.09875,0.12245980917431043,1.0,1.0
KXNBAPTS-26APR05HOUGSW-HOUKDURANT7-30,2026-04-05,pts,29.5,15.71125,13.78875,0.0255,0.04926074277054615,1.0,1.0
KXNBAPTS-26APR05HOUGSW-HOUKDURANT7-35,2026-04-05,pts,34.5,15.71125,18.78875,0.008,0.018078022188521392,0.0,1.0
KXNBAPTS-26APR05HOUGSW-HOURSHEPPARD15-10,2026-04-05,pts,9.5,11.191,-1.6910000000000007,0.575,0.5697209758308622,1.0,1.0
KXNBAPTS-26APR05HOUGSW-HOURSHEPPARD15-15,2026-04-05,pts,14.5,11.191,3.3089999999999993,0.26075,0.24698665773620276,0.0,1.0
KXNBAPTS-26APR05HOUGSW-HOURSHEPPARD15-20,2026-04-05,pts,19.5,11.191,8.309,0.09425,0.08221269055781177,0.0,1.0
KXNBAPTS-26APR05HOUGSW-HOURSHEPPARD15-25,2026-04-05,pts,24.5,11.191,13.309,0.02525,0.02273049020949891,0.0,1.0
KXNBAPTS-26APR05HOUGSW-HOUTEASON17-10,2026-04-05,pts,9.5,8.737,0.7629999999999999,0.39425,0.3814912039975694,0.0,1.0
KXNBAPTS-26APR05HOUGSW-HOUTEASON17-15,2026-04-05,pts,14.5,8.737,5.763,0.1285,0.11095070665126083,0.0,1.0
KXNBAPTS-26APR05HOUGSW-HOUTEASON17-20,2026-04-05,pts,19.5,8.737,10.763,0.0325,0.023876552549350394,0.0,1.0
KXNBAREB-26APR05HOUGSW-GSWDGREEN23-10,2026-04-05,reb,9.5,4.163,5.337,0.02025,0.02796551470170483,0.0,1.0
KXNBAREB-26APR05HOUGSW-GSWDGREEN23-2,2026-04-05,reb,1.5,4.163,-2.6630000000000003,0.8935,0.879478449590993,1.0,1.0
KXNBAREB-26APR05HOUGSW-GSWDGREEN23-4,2026-04-05,reb,3.5,4.163,-0.6630000000000003,0.583,0.5609622635207551,1.0,1.0
KXNBAREB-26APR05HOUGSW-GSWDGREEN23-6,2026-04-05,reb,5.5,4.163,1.3369999999999997,0.252,0.2604548526700383,1.0,1.0
KXNBAREB-26APR05HOUGSW-GSWDGREEN23-8,2026-04-05,reb,7.5,4.163,3.3369999999999997,0.0745,0.09400915743600702,0.0,1.0
KXNBAREB-26APR05HOUGSW-GSWKPORZINGIS7-10,2026-04-05,reb,9.5,3.97975,5.52025,0.01375,0.02239620666413844,0.0,1.0
KXNBAREB-26APR05HOUGSW-GSWKPORZINGIS7-2,2026-04-05,reb,1.5,3.97975,-2.47975,0.88975,0.865862081096154,1.0,1.0
KXNBAREB-26APR05HOUGSW-GSWKPORZINGIS7-4,2026-04-05,reb,3.5,3.97975,-0.4797500000000001,0.54625,0.5312337558601625,1.0,1.0
KXNBAREB-26APR05HOUGSW-GSWKPORZINGIS7-6,2026-04-05,reb,5.5,3.97975,1.5202499999999999,0.2225,0.23435030914989186,1.0,1.0
KXNBAREB-26APR05HOUGSW-GSWKPORZINGIS7-8,2026-04-05,reb,7.5,3.97975,3.52025,0.06325,0.07991392615688353,1.0,1.0
KXNBAREB-26APR05HOUGSW-HOUASENGUN28-10,2026-04-05,reb,9.5,5.4685,4.0315,0.06425,0.09223617337076362,0.0,1.0
KXNBAREB-26APR05HOUGSW-HOUASENGUN28-12,2026-04-05,reb,11.5,5.4685,6.0315,0.01675,0.033427085883303675,0.0,1.0
KXNBAREB-26APR05HOUGSW-HOUASENGUN28-6,2026-04-05,reb,5.5,5.4685,0.031500000000000306,0.4645,0.4475566614533263,1.0,1.0
KXNBAREB-26APR05HOUGSW-HOUASENGUN28-8,2026-04-05,reb,7.5,5.4685,2.0315000000000003,0.20125,0.22150985676749235,0.0,1.0
KXNBAREB-26APR05HOUGSW-HOUASENGUN28-9,2026-04-05,reb,8.5,5.4685,3.0315000000000003,0.11475,0.14572307249081362,0.0,1.0
KXNBAREB-26APR05HOUGSW-HOUATHOMPSON1-10,2026-04-05,reb,9.5,6.06075,3.4392500000000004,0.105,0.1349166755711786,0.0,1.0
KXNBAREB-26APR05HOUGSW-HOUATHOMPSON1-12,2026-04-05,reb,11.5,6.06075,5.43925,0.03075,0.05512959055331901,0.0,1.0
KXNBAREB-26APR05HOUGSW-HOUATHOMPSON1-6,2026-04-05,reb,5.5,6.06075,-0.5607499999999996,0.553,0.5255811975027562,0.0,1.0
KXNBAREB-26APR05HOUGSW-HOUATHOMPSON1-8,2026-04-05,reb,7.5,6.06075,1.4392500000000004,0.2785,0.2889326768061381,0.0,1.0
KXNBAREB-26APR05HOUGSW-HOUATHOMPSON1-9,2026-04-05,reb,8.5,6.06075,2.4392500000000004,0.17725,0.2011096123791437,0.0,1.0
KXNBAREB-26APR05HOUGSW-HOUJSMITH10-10,2026-04-05,reb,9.5,5.262,4.238,0.05925,0.07920907068348337,0.0,1.0
KXNBAREB-26APR05HOUGSW-HOUJSMITH10-12,2026-04-05,reb,11.5,5.262,6.238,0.01675,0.027400162369144665,0.0,1.0
KXNBAREB-26APR05HOUGSW-HOUJSMITH10-6,2026-04-05,reb,5.5,5.262,0.23800000000000043,0.42875,0.4188935253170588,1.0,1.0
KXNBAREB-26APR05HOUGSW-HOUJSMITH10-7,2026-04-05,reb,6.5,5.262,1.2380000000000004,0.2845,0.2958367752802876,1.0,1.0
KXNBAREB-26APR05HOUGSW-HOUJSMITH10-8,2026-04-05,reb,7.5,5.262,2.2380000000000004,0.17875,0.1989192382034547,1.0,1.0
KXNBAREB-26APR05HOUGSW-HOUKDURANT7-10,2026-04-05,reb,9.5,4.58775,4.91225,0.02775,0.044094074790160476,0.0,1.0
KXNBAREB-26APR05HOUGSW-HOUKDURANT7-2,2026-04-05,reb,1.5,4.58775,-3.0877499999999998,0.93175,0.9057654370860629,1.0,1.0
KXNBAREB-26APR05HOUGSW-HOUKDURANT7-4,2026-04-05,reb,3.5,4.58775,-1.0877499999999998,0.65525,0.6243643373393197,1.0,1.0
KXNBAREB-26APR05HOUGSW-HOUKDURANT7-6,2026-04-05,reb,5.5,4.58775,0.9122500000000002,0.3185,0.3220315621223908,1.0,1.0
KXNBAREB-26APR05HOUGSW-HOUKDURANT7-8,2026-04-05,reb,7.5,4.58775,2.9122500000000002,0.10825,0.13082724058078554,1.0,1.0
KXNBAREB-26APR05HOUGSW-HOUTEASON17-10,2026-04-05,reb,9.5,4.55525,4.94475,0.02925,0.042696929518834636,0.0,1.0
KXNBAREB-26APR05HOUGSW-HOUTEASON17-12,2026-04-05,reb,11.5,4.55525,6.94475,0.00725,0.012313075599135748,0.0,1.0
KXNBAREB-26APR05HOUGSW-HOUTEASON17-6,2026-04-05,reb,5.5,4.55525,0.94475,0.3135,0.31730064913362543,0.0,1.0
KXNBAREB-26APR05HOUGSW-HOUTEASON17-7,2026-04-05,reb,6.5,4.55525,1.94475,0.206,0.20678162926512567,0.0,1.0
KXNBAREB-26APR05HOUGSW-HOUTEASON17-8,2026-04-05,reb,7.5,4.55525,2.94475,0.118,0.12782130325834906,0.0,1.0
KXNBAAST-26APR05HOUGSW-GSWDGREEN23-10,2026-04-05,ast,9.5,3.18725,6.312749999999999,0.0035,0.0064626698399402605,1.0,1.0
KXNBAAST-26APR05HOUGSW-GSWDGREEN23-2,2026-04-05,ast,1.5,3.18725,-1.6872500000000001,0.8015,0.7878757083313288,1.0,1.0
KXNBAAST-26APR05HOUGSW-GSWDGREEN23-4,2026-04-05,ast,3.5,3.18725,0.31274999999999986,0.3975,0.38836554690974756,1.0,1.0
KXNBAAST-26APR05HOUGSW-GSWDGREEN23-6,2026-04-05,ast,5.5,3.18725,2.31275,0.1145,0.12914479676903512,1.0,1.0
KXNBAAST-26APR05HOUGSW-GSWDGREEN23-8,2026-04-05,ast,7.5,3.18725,4.312749999999999,0.02625,0.032157539972387905,1.0,1.0
KXNBAAST-26APR05HOUGSW-HOUASENGUN28-10,2026-04-05,ast,9.5,3.45575,6.04425,0.0045,0.010219894422665465,0.0,1.0
KXNBAAST-26APR05HOUGSW-HOUASENGUN28-2,2026-04-05,ast,1.5,3.45575,-1.95575,0.8405,0.819387425735956,1.0,1.0
KXNBAAST-26APR05HOUGSW-HOUASENGUN28-4,2026-04-05,ast,3.5,3.45575,0.0442499999999999,0.45375,0.43958779167904816,1.0,1.0
KXNBAAST-26APR05HOUGSW-HOUASENGUN28-6,2026-04-05,ast,5.5,3.45575,2.04425,0.15,0.16228501717877375,1.0,1.0
KXNBAAST-26APR05HOUGSW-HOUASENGUN28-8,2026-04-05,ast,7.5,3.45575,4.04425,0.02975,0.04524053963422314,0.0,1.0
KXNBAAST-26APR05HOUGSW-HOUATHOMPSON1-2,2026-04-05,ast,1.5,3.4765,-1.9765000000000001,0.8485,0.8216158287215022,1.0,1.0
KXNBAAST-26APR05HOUGSW-HOUATHOMPSON1-4,2026-04-05,ast,3.5,3.4765,0.023499999999999854,0.452,0.4434584932642399,1.0,1.0
KXNBAAST-26APR05HOUGSW-HOUATHOMPSON1-5,2026-04-05,ast,4.5,3.4765,1.0234999999999999,0.285,0.2816222693244277,1.0,1.0
KXNBAAST-26APR05HOUGSW-HOUATHOMPSON1-6,2026-04-05,ast,5.5,3.4765,2.0235,0.14775,0.16495769354494172,1.0,1.0
KXNBAAST-26APR05HOUGSW-HOUATHOMPSON1-8,2026-04-05,ast,7.5,3.4765,4.0235,0.02725,0.046365169258121064,0.0,1.0
KXNBAAST-26APR05HOUGSW-HOUKDURANT7-10,2026-04-05,ast,9.5,3.6895,5.8105,0.00975,0.014581348305899633,0.0,1.0
KXNBAAST-26APR05HOUGSW-HOUKDURANT7-2,2026-04-05,ast,1.5,3.6895,-2.1895,0.865,0.8429320206405091,1.0,1.0
KXNBAAST-26APR05HOUGSW-HOUKDURANT7-4,2026-04-05,ast,3.5,3.6895,-0.18949999999999978,0.49975,0.48234586380725686,1.0,1.0
KXNBAAST-26APR05HOUGSW-HOUKDURANT7-6,2026-04-05,ast,5.5,3.6895,1.8105000000000002,0.17675,0.193177447313993,1.0,1.0
KXNBAAST-26APR05HOUGSW-HOUKDURANT7-8,2026-04-05,ast,7.5,3.6895,3.8105,0.03975,0.058853059839969246,1.0,1.0
KXNBAAST-26APR05HOUGSW-HOURSHEPPARD15-10,2026-04-05,ast,9.5,3.03225,6.4677500000000006,0.00225,0.004822700165243554,0.0,1.0
KXNBAAST-26APR05HOUGSW-HOURSHEPPARD15-2,2026-04-05,ast,1.5,3.03225,-1.53225,0.79325,0.7672263048393533,1.0,1.0
KXNBAAST-26APR05HOUGSW-HOURSHEPPARD15-4,2026-04-05,ast,3.5,3.03225,0.4677500000000001,0.35525,0.358007028271752,0.0,1.0
KXNBAAST-26APR05HOUGSW-HOURSHEPPARD15-6,2026-04-05,ast,5.5,3.03225,2.46775,0.09525,0.11139359227011081,0.0,1.0
KXNBAAST-26APR05HOUGSW-HOURSHEPPARD15-8,2026-04-05,ast,7.5,3.03225,4.4677500000000006,0.01475,0.025829126280572212,0.0,1.0
KXNBA3PT-26APR05HOUGSW-HOUASENGUN28-1,2026-04-05,fg3m,0.5,0.66425,-0.16425,0.48325,0.47108301995711443,1.0,1.0
KXNBA3PT-26APR05HOUGSW-HOUASENGUN28-2,2026-04-05,fg3m,1.5,0.66425,0.83575,0.14375,0.14787447326867798,0.0,1.0
KXNBA3PT-26APR05HOUGSW-HOUASENGUN28-3,2026-04-05,fg3m,2.5,0.66425,1.83575,0.02975,0.03618537811773137,0.0,1.0
KXNBA3PT-26APR05HOUGSW-HOUASENGUN28-4,2026-04-05,fg3m,3.5,0.66425,2.83575,0.00525,0.007474650463360377,0.0,1.0
KXNBA3PT-26APR05HOUGSW-HOUASENGUN28-5,2026-04-05,fg3m,4.5,0.66425,3.83575,0.00125,0.001364799010686979,0.0,1.0
KXNBA3PT-26APR05HOUGSW-HOUATHOMPSON1-1,2026-04-05,fg3m,0.5,0.46375,0.036250000000000004,0.3615,0.3625051206894844,0.0,1.0
KXNBA3PT-26APR05HOUGSW-HOUATHOMPSON1-2,2026-04-05,fg3m,1.5,0.46375,1.03625,0.0875,0.08379863763773066,0.0,1.0
KXNBA3PT-26APR05HOUGSW-HOUATHOMPSON1-3,2026-04-05,fg3m,2.5,0.46375,2.03625,0.0125,0.014893746531663976,0.0,1.0
KXNBA3PT-26APR05HOUGSW-HOUATHOMPSON1-4,2026-04-05,fg3m,3.5,0.46375,3.03625,0.002,0.0022213567883716534,0.0,1.0
KXNBA3PT-26APR05HOUGSW-HOUATHOMPSON1-5,2026-04-05,fg3m,4.5,0.46375,4.03625,0.00025,0.0002919668169649725,0.0,1.0
KXNBA3PT-26APR05HOUGSW-HOUKDURANT7-1,2026-04-05,fg3m,0.5,1.61175,-1.11175,0.79075,0.7682975123876876,1.0,1.0
KXNBA3PT-26APR05HOUGSW-HOUKDURANT7-2,2026-04-05,fg3m,1.5,1.61175,-0.11175000000000002,0.48725,0.45995436818759283,1.0,1.0
KXNBA3PT-26APR05HOUGSW-HOUKDURANT7-3,2026-04-05,fg3m,2.5,1.61175,0.88825,0.2245,0.22791028123658674,1.0,1.0
KXNBA3PT-26APR05HOUGSW-HOUKDURANT7-4,2026-04-05,fg3m,3.5,1.61175,1.88825,0.08,0.09800936738905985,0.0,1.0
KXNBA3PT-26APR05HOUGSW-HOUKDURANT7-5,2026-04-05,fg3m,4.5,1.61175,2.88825,0.02425,0.03780792018429058,0.0,1.0
KXNBA3PT-26APR05HOUGSW-HOURSHEPPARD15-2,2026-04-05,fg3m,1.5,2.39375,-0.8937499999999998,0.683,0.6481536943214284,1.0,1.0
KXNBA3PT-26APR05HOUGSW-HOURSHEPPARD15-3,2026-04-05,fg3m,2.5,2.39375,0.10625000000000018,0.41725,0.41404105852371853,0.0,1.0
KXNBA3PT-26APR05HOUGSW-HOURSHEPPARD15-4,2026-04-05,fg3m,3.5,2.39375,1.1062500000000002,0.22325,0.23457397495878252,0.0,1.0
KXNBA3PT-26APR05HOUGSW-HOURSHEPPARD15-5,2026-04-05,fg3m,4.5,2.39375,2.10625,0.10525,0.12068077869132532,0.0,1.0
KXNBA3PT-26APR05HOUGSW-HOURSHEPPARD15-6,2026-04-05,fg3m,5.5,2.39375,3.10625,0.04175,0.057419991134650905,0.0,1.0
KXNBA3PT-26APR05HOUGSW-HOUTEASON17-1,2026-04-05,fg3m,0.5,1.092,-0.5920000000000001,0.66175,0.6396303697537105,0.0,1.0
KXNBA3PT-26APR05HOUGSW-HOUTEASON17-2,2026-04-05,fg3m,1.5,1.092,0.4079999999999999,0.2985,0.2953558868527151,0.0,1.0
KXNBA3PT-26APR05HOUGSW-HOUTEASON17-3,2026-04-05,fg3m,2.5,1.092,1.408,0.09975,0.1093639596893663,0.0,1.0
KXNBA3PT-26APR05HOUGSW-HOUTEASON17-4,2026-04-05,fg3m,3.5,1.092,2.408,0.026,0.03461780676091408,0.0,1.0
KXNBA3PT-26APR05HOUGSW-HOUTEASON17-5,2026-04-05,fg3m,4.5,1.092,3.408,0.00525,0.00975004943140656,0.0,1.0
KXNBAPTS-26APR05MEMMIL-MILKKUZMA18-10,2026-04-05,pts,9.5,8.475573280159521,1.0244267198404788,0.38019275506812894,0.35915991530444047,0.0,0.75225
KXNBAPTS-26APR05MEMMIL-MILKKUZMA18-15,2026-04-05,pts,14.5,8.475573280159521,6.024426719840479,0.12628780325689598,0.09882866631456821,0.0,0.75225
KXNBAPTS-26APR05MEMMIL-MILKKUZMA18-20,2026-04-05,pts,19.5,8.475573280159521,11.024426719840479,0.028580923894981722,0.020042331964109206,0.0,0.75225
KXNBAPTS-26APR05MEMMIL-MILKKUZMA18-25,2026-04-05,pts,24.5,8.475573280159521,16.024426719840477,0.005317381189764041,0.00331503350714768,0.0,0.75225
KXNBAPTS-26APR05MEMMIL-MILMTURNER3-10,2026-04-05,pts,9.5,7.054569802477402,2.4454301975225983,0.2772012052226314,0.23577930315622597,1.0,0.74675
KXNBAPTS-26APR05MEMMIL-MILMTURNER3-15,2026-04-05,pts,14.5,7.054569802477402,7.445430197522598,0.07398727820555742,0.04507751261611559,1.0,0.74675
KXNBAPTS-26APR05MEMMIL-MILMTURNER3-20,2026-04-05,pts,19.5,7.054569802477402,12.445430197522597,0.014395714763977234,0.006216258545065689,0.0,0.74675
KXNBAPTS-26APR05MEMMIL-MILMTURNER3-25,2026-04-05,pts,24.5,7.054569802477402,17.445430197522597,0.002343488449949782,0.0006927084799495109,0.0,0.74675
KXNBAREB-26APR05MEMMIL-MILKKUZMA18-2,2026-04-05,reb,1.5,2.8770355599867066,-1.3770355599867066,0.7633765370555001,0.7427278044019255,1.0,0.75225
KXNBAREB-26APR05MEMMIL-MILKKUZMA18-4,2026-04-05,reb,3.5,2.8770355599867066,0.6229644400132934,0.327683615819209,0.3272564797987796,1.0,0.75225
KXNBAREB-26APR05MEMMIL-MILKKUZMA18-5,2026-04-05,reb,4.5,2.8770355599867066,1.6229644400132934,0.17181787969425058,0.18481704847838953,0.0,0.75225
KXNBAREB-26APR05MEMMIL-MILKKUZMA18-6,2026-04-05,reb,5.5,2.8770355599867066,2.6229644400132934,0.08707211698238618,0.09582037381521924,0.0,0.75225
KXNBAREB-26APR05MEMMIL-MILKKUZMA18-8,2026-04-05,reb,7.5,2.8770355599867066,4.622964440013293,0.018278497839813893,0.02096738903865558,0.0,0.75225
KXNBAREB-26APR05MEMMIL-MILMTURNER3-10,2026-04-05,reb,9.5,2.8423167057248073,6.657683294275193,0.002343488449949782,0.0034463960263937388,1.0,0.74675
KXNBAREB-26APR05MEMMIL-MILMTURNER3-2,2026-04-05,reb,1.5,2.8423167057248073,-1.3423167057248073,0.7562772012052227,0.7373813753187154,1.0,0.74675
KXNBAREB-26APR05MEMMIL-MILMTURNER3-4,2026-04-05,reb,3.5,2.8423167057248073,0.6576832942751927,0.3210579176431202,0.3203761250753081,1.0,0.74675
KXNBAREB-26APR05MEMMIL-MILMTURNER3-6,2026-04-05,reb,5.5,2.8423167057248073,2.6576832942751927,0.0813525276196853,0.09226035601573845,1.0,0.74675
KXNBAREB-26APR05MEMMIL-MILMTURNER3-8,2026-04-05,reb,7.5,2.8423167057248073,4.657683294275193,0.013726146635420154,0.019835067423367048,1.0,0.74675
KXNBAPTS-26APR05CHAMIN-CHABMILLER24-10,2026-04-05,pts,9.5,12.49075,-2.9907500000000002,0.66425,0.6496263412237653,0.0,1.0
KXNBAPTS-26APR05CHAMIN-CHABMILLER24-15,2026-04-05,pts,14.5,12.49075,2.0092499999999998,0.33625,0.3264427164877679,0.0,1.0
KXNBAPTS-26APR05CHAMIN-CHABMILLER24-20,2026-04-05,pts,19.5,12.49075,7.00925,0.132,0.12837232384251185,0.0,1.0
KXNBAPTS-26APR05CHAMIN-CHABMILLER24-25,2026-04-05,pts,24.5,12.49075,12.00925,0.036,0.042304806110927684,0.0,1.0
KXNBAPTS-26APR05CHAMIN-CHABMILLER24-30,2026-04-05,pts,29.5,12.49075,17.00925,0.00775,0.012242036042655835,0.0,1.0
KXNBAPTS-26APR05CHAMIN-CHACWHITE3-10,2026-04-05,pts,9.5,8.9465,0.5534999999999997,0.41425,0.3991627516389775,1.0,1.0
KXNBAPTS-26APR05CHAMIN-CHACWHITE3-15,2026-04-05,pts,14.5,8.9465,5.5535,0.1475,0.12109711591127048,1.0,1.0
KXNBAPTS-26APR05CHAMIN-CHACWHITE3-20,2026-04-05,pts,19.5,8.9465,10.5535,0.0375,0.027270689958021288,0.0,1.0
KXNBAPTS-26APR05CHAMIN-CHACWHITE3-25,2026-04-05,pts,24.5,8.9465,15.5535,0.00525,0.005024459239622914,0.0,1.0
KXNBAPTS-26APR05CHAMIN-CHAKKNUEPPEL7-15,2026-04-05,pts,14.5,11.277,3.2230000000000008,0.27125,0.25219791024821303,0.0,1.0
KXNBAPTS-26APR05CHAMIN-CHAKKNUEPPEL7-20,2026-04-05,pts,19.5,11.277,8.223,0.09125,0.08497323677397184,0.0,1.0
KXNBAPTS-26APR05CHAMIN-CHAKKNUEPPEL7-25,2026-04-05,pts,24.5,11.277,13.223,0.02375,0.02379477791605633,0.0,1.0
KXNBAPTS-26APR05CHAMIN-CHAKKNUEPPEL7-30,2026-04-05,pts,29.5,11.277,18.223,0.00525,0.005825681556614892,0.0,1.0
KXNBAPTS-26APR05CHAMIN-CHALBALL1-10,2026-04-05,pts,9.5,11.85725,-2.3572500000000005,0.61675,0.61246517682448,1.0,1.0
KXNBAPTS-26APR05CHAMIN-CHALBALL1-15,2026-04-05,pts,14.5,11.85725,2.6427499999999995,0.30625,0.28761915562797624,1.0,1.0
KXNBAPTS-26APR05CHAMIN-CHALBALL1-20,2026-04-05,pts,19.5,11.85725,7.6427499999999995,0.11225,0.10473088565581956,1.0,1.0
KXNBAPTS-26APR05CHAMIN-CHALBALL1-25,2026-04-05,pts,24.5,11.85725,12.64275,0.03175,0.0318205845220183,1.0,1.0
KXNBAPTS-26APR05CHAMIN-CHALBALL1-30,2026-04-05,pts,29.5,11.85725,17.64275,0.00725,0.008470371952580602,1.0,1.0
KXNBAPTS-26APR05CHAMIN-CHAMBRIDGES0-10,2026-04-05,pts,9.5,10.4435,-0.9435000000000002,0.52975,0.5172755598113057,1.0,1.0
KXNBAPTS-26APR05CHAMIN-CHAMBRIDGES0-15,2026-04-05,pts,14.5,10.4435,4.0565,0.21625,0.2024719345611179,1.0,1.0
KXNBAPTS-26APR05CHAMIN-CHAMBRIDGES0-20,2026-04-05,pts,19.5,10.4435,9.0565,0.0585,0.06017493641307181,1.0,1.0
KXNBAPTS-26APR05CHAMIN-CHAMBRIDGES0-25,2026-04-05,pts,24.5,10.4435,14.0565,0.013,0.01477973133922239,1.0,1.0
KXNBAPTS-26APR05CHAMIN-MINDDIVINCENZO0-10,2026-04-05,pts,9.5,8.9795,0.5205000000000002,0.416,0.40192580500256103,0.0,1.0
KXNBAPTS-26APR05CHAMIN-MINDDIVINCENZO0-15,2026-04-05,pts,14.5,8.9795,5.5205,0.14725,0.12272864003257977,0.0,1.0
KXNBAPTS-26APR05CHAMIN-MINDDIVINCENZO0-20,2026-04-05,pts,19.5,8.9795,10.5205,0.032,0.027831857527577553,0.0,1.0
KXNBAPTS-26APR05CHAMIN-MINJRANDLE30-10,2026-04-05,pts,9.5,12.8945,-3.3945000000000007,0.68925,0.6715869967841576,1.0,1.0
KXNBAPTS-26APR05CHAMIN-MINJRANDLE30-15,2026-04-05,pts,14.5,12.8945,1.6054999999999993,0.3585,0.35104672819596294,1.0,1.0
KXNBAPTS-26APR05CHAMIN-MINJRANDLE30-20,2026-04-05,pts,19.5,12.8945,6.605499999999999,0.1395,0.14443279128476094,1.0,1.0
KXNBAPTS-26APR05CHAMIN-MINJRANDLE30-25,2026-04-05,pts,24.5,12.8945,11.6055,0.03925,0.04993637176871968,1.0,1.0
KXNBAPTS-26APR05CHAMIN-MINJRANDLE30-30,2026-04-05,pts,29.5,12.8945,16.6055,0.00875,0.015182551901906649,0.0,1.0
KXNBAPTS-26APR05CHAMIN-MINRGOBERT27-10,2026-04-05,pts,9.5,9.065,0.4350000000000005,0.42725,0.40905685697171834,1.0,1.0
KXNBAPTS-26APR05CHAMIN-MINRGOBERT27-15,2026-04-05,pts,14.5,9.065,5.4350000000000005,0.1335,0.12699640628667586,0.0,1.0
KXNBAPTS-26APR05CHAMIN-MINRGOBERT27-20,2026-04-05,pts,19.5,9.065,10.435,0.029,0.029319689684437877,0.0,1.0
KXNBAREB-26APR05CHAMIN-CHABMILLER24-10,2026-04-05,reb,9.5,4.23225,5.26775,0.0155,0.030283857352240484,0.0,1.0
KXNBAREB-26APR05CHAMIN-CHABMILLER24-2,2026-04-05,reb,1.5,4.23225,-2.7322499999999996,0.91275,0.8842409927941866,1.0,1.0
KXNBAREB-26APR05CHAMIN-CHABMILLER24-4,2026-04-05,reb,3.5,4.23225,-0.7322499999999996,0.60875,0.5718276586081734,1.0,1.0
KXNBAREB-26APR05CHAMIN-CHABMILLER24-6,2026-04-05,reb,5.5,4.23225,1.2677500000000004,0.2605,0.2704215942910554,1.0,1.0
KXNBAREB-26APR05CHAMIN-CHABMILLER24-8,2026-04-05,reb,7.5,4.23225,3.2677500000000004,0.07125,0.09962925592132843,0.0,1.0
KXNBAREB-26APR05CHAMIN-CHACWHITE3-2,2026-04-05,reb,1.5,2.98875,-1.48875,0.78225,0.7592104281818584,0.0,1.0
KXNBAREB-26APR05CHAMIN-CHACWHITE3-3,2026-04-05,reb,2.5,2.98875,-0.48875,0.5585,0.5458989664859388,0.0,1.0
KXNBAREB-26APR05CHAMIN-CHACWHITE3-4,2026-04-05,reb,3.5,2.98875,0.51125,0.34525,0.34931431357833076,0.0,1.0
KXNBAREB-26APR05CHAMIN-CHACWHITE3-6,2026-04-05,reb,5.5,2.98875,2.51125,0.09775,0.10769192334753785,0.0,1.0
KXNBAREB-26APR05CHAMIN-CHACWHITE3-8,2026-04-05,reb,7.5,2.98875,4.51125,0.01625,0.02489602609453112,0.0,1.0
KXNBAREB-26APR05CHAMIN-CHAKKNUEPPEL7-2,2026-04-05,reb,1.5,4.28,-2.7800000000000002,0.90775,0.8874098345473322,1.0,1.0
KXNBAREB-26APR05CHAMIN-CHAKKNUEPPEL7-4,2026-04-05,reb,3.5,4.28,-0.7800000000000002,0.60825,0.5792003502194485,1.0,1.0
KXNBAREB-26APR05CHAMIN-CHAKKNUEPPEL7-5,2026-04-05,reb,4.5,4.28,0.21999999999999975,0.42275,0.4150851590001515,0.0,1.0
KXNBAREB-26APR05CHAMIN-CHAKKNUEPPEL7-6,2026-04-05,reb,5.5,4.28,1.2199999999999998,0.2635,0.2773183042350782,0.0,1.0
KXNBAREB-26APR05CHAMIN-CHAKKNUEPPEL7-8,2026-04-05,reb,7.5,4.28,3.2199999999999998,0.0845,0.10359505034297789,0.0,1.0
KXNBAREB-26APR05CHAMIN-CHALBALL1-2,2026-04-05,reb,1.5,4.0745,-2.5744999999999996,0.90025,0.8730921079451688,1.0,1.0
KXNBAREB-26APR05CHAMIN-CHALBALL1-4,2026-04-05,reb,3.5,4.0745,-0.5744999999999996,0.57225,0.5467805345818892,0.0,1.0
KXNBAREB-26APR05CHAMIN-CHALBALL1-5,2026-04-05,reb,4.5,4.0745,0.42550000000000043,0.38075,0.3816527952041294,0.0,1.0
KXNBAREB-26APR05CHAMIN-CHALBALL1-6,2026-04-05,reb,5.5,4.0745,1.4255000000000004,0.23925,0.24779229486291676,0.0,1.0
KXNBAREB-26APR05CHAMIN-CHALBALL1-8,2026-04-05,reb,7.5,4.0745,3.4255000000000004,0.06775,0.08705873988817625,0.0,1.0
KXNBAREB-26APR05CHAMIN-CHAMBRIDGES0-10,2026-04-05,reb,9.5,3.9855,5.5145,0.01225,0.022558719102880764,0.0,1.0
KXNBAREB-26APR05CHAMIN-CHAMBRIDGES0-2,2026-04-05,reb,1.5,3.9855,-2.4855,0.89425,0.8663128378166871,1.0,1.0
KXNBAREB-26APR05CHAMIN-CHAMBRIDGES0-4,2026-04-05,reb,3.5,3.9855,-0.48550000000000004,0.54675,0.5321878245973045,1.0,1.0
KXNBAREB-26APR05CHAMIN-CHAMBRIDGES0-6,2026-04-05,reb,5.5,3.9855,1.5145,0.229,0.23516220174103264,1.0,1.0
KXNBAREB-26APR05CHAMIN-CHAMBRIDGES0-8,2026-04-05,reb,7.5,3.9855,3.5145,0.05575,0.08033862484310772,1.0,1.0
KXNBAREB-26APR05CHAMIN-MINDDIVINCENZO0-10,2026-04-05,reb,9.5,3.0545,6.4455,0.00075,0.005299917748695759,0.0,1.0
KXNBAREB-26APR05CHAMIN-MINDDIVINCENZO0-2,2026-04-05,reb,1.5,3.0545,-1.5545,0.80325,0.7684156583440912,0.0,1.0
KXNBAREB-26APR05CHAMIN-MINDDIVINCENZO0-4,2026-04-05,reb,3.5,3.0545,0.4455,0.36225,0.3622174990915331,0.0,1.0
KXNBAREB-26APR05CHAMIN-MINDDIVINCENZO0-6,2026-04-05,reb,5.5,3.0545,2.4455,0.0975,0.11496438327458758,0.0,1.0
KXNBAREB-26APR05CHAMIN-MINDDIVINCENZO0-8,2026-04-05,reb,7.5,3.0545,4.4455,0.01725,0.027415847731593113,0.0,1.0
KXNBAREB-26APR05CHAMIN-MINJRANDLE30-10,2026-04-05,reb,9.5,4.414,5.086,0.02275,0.03694104202324022,0.0,1.0
KXNBAREB-26APR05CHAMIN-MINJRANDLE30-12,2026-04-05,reb,11.5,4.414,7.086,0.0045,0.010222785191868256,0.0,1.0
KXNBAREB-26APR05CHAMIN-MINJRANDLE30-6,2026-04-05,reb,5.5,4.414,1.0860000000000003,0.29175,0.296749941554742,1.0,1.0
KXNBAREB-26APR05CHAMIN-MINJRANDLE30-7,2026-04-05,reb,6.5,4.414,2.0860000000000003,0.16875,0.1898368375718016,1.0,1.0
KXNBAREB-26APR05CHAMIN-MINJRANDLE30-8,2026-04-05,reb,7.5,4.414,3.0860000000000003,0.0895,0.11510610030072022,1.0,1.0
KXNBAREB-26APR05CHAMIN-MINRGOBERT27-10,2026-04-05,reb,9.5,6.065,3.4349999999999996,0.10225,0.1352490046909327,1.0,1.0
KXNBAREB-26APR05CHAMIN-MINRGOBERT27-12,2026-04-05,reb,11.5,6.065,5.435,0.03475,0.055309386102516345,0.0,1.0
KXNBAREB-26APR05CHAMIN-MINRGOBERT27-14,2026-04-05,reb,13.5,6.065,7.435,0.00975,0.02028005593043991,0.0,1.0
KXNBAREB-26APR05CHAMIN-MINRGOBERT27-16,2026-04-05,reb,15.5,6.065,9.434999999999999,0.002,0.006794979652242961,0.0,1.0
KXNBAREB-26APR05CHAMIN-MINRGOBERT27-8,2026-04-05,reb,7.5,6.065,1.4349999999999996,0.2725,0.28942538973846244,1.0,1.0
KXNBAAST-26APR05CHAMIN-CHABMILLER24-10,2026-04-05,ast,9.5,2.4385,7.0615000000000006,0.001,0.0012303114612391974,0.0,1.0
KXNBAAST-26APR05CHAMIN-CHABMILLER24-2,2026-04-05,ast,1.5,2.4385,-0.9384999999999999,0.69625,0.6682140875077224,1.0,1.0
KXNBAAST-26APR05CHAMIN-CHABMILLER24-4,2026-04-05,ast,3.5,2.4385,1.0615,0.2325,0.24000529445565988,0.0,1.0
KXNBAAST-26APR05CHAMIN-CHABMILLER24-6,2026-04-05,ast,5.5,2.4385,3.0615,0.041,0.054927203297047145,0.0,1.0
KXNBAAST-26APR05CHAMIN-CHABMILLER24-8,2026-04-05,ast,7.5,2.4385,5.0615000000000006,0.00625,0.009199810623878535,0.0,1.0
KXNBAAST-26APR05CHAMIN-CHACWHITE3-10,2026-04-05,ast,9.5,1.88575,7.61425,0.0005,0.00020828539575135085,0.0,1.0
KXNBAAST-26APR05CHAMIN-CHACWHITE3-2,2026-04-05,ast,1.5,1.88575,-0.38575000000000004,0.54125,0.5417313050664643,0.0,1.0
KXNBAAST-26APR05CHAMIN-CHACWHITE3-4,2026-04-05,ast,3.5,1.88575,1.61425,0.133,0.13720771040046142,0.0,1.0
KXNBAAST-26APR05CHAMIN-CHACWHITE3-6,2026-04-05,ast,5.5,1.88575,3.61425,0.02025,0.02121083169927851,0.0,1.0
KXNBAAST-26APR05CHAMIN-CHACWHITE3-8,2026-04-05,ast,7.5,1.88575,5.61425,0.002,0.00236109767451953,0.0,1.0
KXNBAAST-26APR05CHAMIN-CHAKKNUEPPEL7-10,2026-04-05,ast,9.5,2.2525,7.2475000000000005,0.00075,0.0007239696450550559,0.0,1.0
KXNBAAST-26APR05CHAMIN-CHAKKNUEPPEL7-2,2026-04-05,ast,1.5,2.2525,-0.7525,0.64875,0.6296966369240178,1.0,1.0
KXNBAAST-26APR05CHAMIN-CHAKKNUEPPEL7-4,2026-04-05,ast,3.5,2.2525,1.2475,0.201,0.20393489051669988,0.0,1.0
KXNBAAST-26APR05CHAMIN-CHAKKNUEPPEL7-6,2026-04-05,ast,5.5,2.2525,3.2475,0.0315,0.041480501692651606,0.0,1.0
KXNBAAST-26APR05CHAMIN-CHAKKNUEPPEL7-8,2026-04-05,ast,7.5,2.2525,5.2475000000000005,0.00525,0.006140693772177297,0.0,1.0
KXNBAAST-26APR05CHAMIN-CHALBALL1-10,2026-04-05,ast,9.5,3.75,5.75,0.0095,0.015892862110954642,0.0,1.0
KXNBAAST-26APR05CHAMIN-CHALBALL1-12,2026-04-05,ast,11.5,3.75,7.75,0.001,0.0034359072443627126,0.0,1.0
KXNBAAST-26APR05CHAMIN-CHALBALL1-4,2026-04-05,ast,3.5,3.75,-0.25,0.51,0.49309203197963414,1.0,1.0
KXNBAAST-26APR05CHAMIN-CHALBALL1-6,2026-04-05,ast,5.5,3.75,1.75,0.191,0.20142611752003003,1.0,1.0
KXNBAAST-26APR05CHAMIN-CHALBALL1-8,2026-04-05,ast,7.5,3.75,3.75,0.046,0.06271174089377174,1.0,1.0
KXNBAAST-26APR05CHAMIN-CHAMBRIDGES0-2,2026-04-05,ast,1.5,1.84725,-0.34725000000000006,0.542,0.5315309718026519,1.0,1.0
KXNBAAST-26APR05CHAMIN-CHAMBRIDGES0-3,2026-04-05,ast,2.5,1.84725,0.6527499999999999,0.2865,0.2845852200091472,1.0,1.0
KXNBAAST-26APR05CHAMIN-CHAMBRIDGES0-4,2026-04-05,ast,3.5,1.84725,1.65275,0.12075,0.13068497673104185,1.0,1.0
KXNBAAST-26APR05CHAMIN-CHAMBRIDGES0-6,2026-04-05,ast,5.5,1.84725,3.65275,0.01225,0.019552591623461568,1.0,1.0
KXNBAAST-26APR05CHAMIN-CHAMBRIDGES0-8,2026-04-05,ast,7.5,1.84725,5.65275,0.001,0.002104168528952788,0.0,1.0
KXNBAAST-26APR05CHAMIN-MINDDIVINCENZO0-2,2026-04-05,ast,1.5,2.056,-0.556,0.5995,0.5846143169036083,1.0,1.0
KXNBAAST-26APR05CHAMIN-MINDDIVINCENZO0-3,2026-04-05,ast,2.5,2.056,0.44399999999999995,0.338,0.33653520352741184,1.0,1.0
KXNBAAST-26APR05CHAMIN-MINDDIVINCENZO0-4,2026-04-05,ast,3.5,2.056,1.444,0.16025,0.1672616371638741,0.0,1.0
KXNBAAST-26APR05CHAMIN-MINDDIVINCENZO0-6,2026-04-05,ast,5.5,2.056,3.444,0.0205,0.029598594142738133,0.0,1.0
KXNBAAST-26APR05CHAMIN-MINDDIVINCENZO0-8,2026-04-05,ast,7.5,2.056,5.444,0.00225,0.0037901991907803856,0.0,1.0
KXNBAAST-26APR05CHAMIN-MINJRANDLE30-2,2026-04-05,ast,1.5,2.8275,-1.3275000000000001,0.76925,0.7368631430140382,1.0,1.0
KXNBAAST-26APR05CHAMIN-MINJRANDLE30-4,2026-04-05,ast,3.5,2.8275,0.6724999999999999,0.315,0.3173517184665299,1.0,1.0
KXNBAAST-26APR05CHAMIN-MINJRANDLE30-5,2026-04-05,ast,4.5,2.8275,1.6724999999999999,0.15925,0.1763520155537306,0.0,1.0
KXNBAAST-26APR05CHAMIN-MINJRANDLE30-6,2026-04-05,ast,5.5,2.8275,2.6725,0.06775,0.08973241394390452,0.0,1.0
KXNBAAST-26APR05CHAMIN-MINJRANDLE30-8,2026-04-05,ast,7.5,2.8275,4.672499999999999,0.00975,0.018788901517734602,0.0,1.0
KXNBA3PT-26APR05CHAMIN-CHACWHITE3-1,2026-04-05,fg3m,0.5,1.07725,-0.57725,0.65275,0.6349460232146731,1.0,1.0
KXNBA3PT-26APR05CHAMIN-CHACWHITE3-2,2026-04-05,fg3m,1.5,1.07725,0.42274999999999996,0.2945,0.2903245262227988,1.0,1.0
KXNBA3PT-26APR05CHAMIN-CHACWHITE3-3,2026-04-05,fg3m,2.5,1.07725,1.42275,0.0955,0.10634891492757104,1.0,1.0
KXNBA3PT-26APR05CHAMIN-CHACWHITE3-4,2026-04-05,fg3m,3.5,1.07725,2.4227499999999997,0.02775,0.03328824745250447,0.0,1.0
KXNBA3PT-26APR05CHAMIN-CHACWHITE3-5,2026-04-05,fg3m,4.5,1.07725,3.4227499999999997,0.006,0.009268964326377915,0.0,1.0
KXNBA3PT-26APR05CHAMIN-CHAKKNUEPPEL7-2,2026-04-05,fg3m,1.5,1.88025,-0.38025,0.55175,0.532843148815811,0.0,1.0
KXNBA3PT-26APR05CHAMIN-CHAKKNUEPPEL7-3,2026-04-05,fg3m,2.5,1.88025,0.61975,0.28975,0.29316284910175194,0.0,1.0
KXNBA3PT-26APR05CHAMIN-CHAKKNUEPPEL7-4,2026-04-05,fg3m,3.5,1.88025,1.61975,0.13025,0.14105241747744057,0.0,1.0
KXNBA3PT-26APR05CHAMIN-CHAKKNUEPPEL7-5,2026-04-05,fg3m,4.5,1.88025,2.61975,0.04925,0.06113550753392427,0.0,1.0
KXNBA3PT-26APR05CHAMIN-CHAKKNUEPPEL7-6,2026-04-05,fg3m,5.5,1.88025,3.61975,0.01175,0.024386788504923596,0.0,1.0
KXNBA3PT-26APR05CHAMIN-CHALBALL1-2,2026-04-05,fg3m,1.5,2.2585,-0.7585000000000002,0.655,0.6207098101783508,1.0,1.0
KXNBA3PT-26APR05CHAMIN-CHALBALL1-3,2026-04-05,fg3m,2.5,2.2585,0.24149999999999983,0.387,0.38317716169549954,1.0,1.0
KXNBA3PT-26APR05CHAMIN-CHALBALL1-4,2026-04-05,fg3m,3.5,2.2585,1.2414999999999998,0.1925,0.2090276549284339,1.0,1.0
KXNBA3PT-26APR05CHAMIN-CHALBALL1-5,2026-04-05,fg3m,4.5,2.2585,2.2415,0.0875,0.10332784379486304,1.0,1.0
KXNBA3PT-26APR05CHAMIN-CHALBALL1-6,2026-04-05,fg3m,5.5,2.2585,3.2415,0.037,0.04717781136776911,1.0,1.0
KXNBA3PT-26APR05CHAMIN-CHAMBRIDGES0-1,2026-04-05,fg3m,0.5,1.03225,-0.5322499999999999,0.6345,0.6202237033973141,1.0,1.0
KXNBA3PT-26APR05CHAMIN-CHAMBRIDGES0-2,2026-04-05,fg3m,1.5,1.03225,0.4677500000000001,0.281,0.2748964171765702,1.0,1.0
KXNBA3PT-26APR05CHAMIN-CHAMBRIDGES0-3,2026-04-05,fg3m,2.5,1.03225,1.46775,0.08975,0.09732766387519076,1.0,1.0
KXNBA3PT-26APR05CHAMIN-CHAMBRIDGES0-4,2026-04-05,fg3m,3.5,1.03225,2.46775,0.02225,0.029406098522505975,1.0,1.0
KXNBA3PT-26APR05CHAMIN-CHAMBRIDGES0-5,2026-04-05,fg3m,4.5,1.03225,3.46775,0.00425,0.007898008182116278,0.0,1.0
KXNBAPTS-26APR05ORLNOP-NOPDQUEEN22-10,2026-04-05,pts,9.5,7.77925,1.7207499999999998,0.31475,0.29870217056740334,0.0,1.0
KXNBAPTS-26APR05ORLNOP-NOPDQUEEN22-15,2026-04-05,pts,14.5,7.77925,6.72075,0.0935,0.06977442762598074,0.0,1.0
KXNBAPTS-26APR05ORLNOP-NOPDQUEEN22-20,2026-04-05,pts,19.5,7.77925,11.720749999999999,0.0195,0.011885867559176089,0.0,1.0
KXNBAPTS-26APR05ORLNOP-NOPDQUEEN22-25,2026-04-05,pts,24.5,7.77925,16.72075,0.0035,0.001643820429521825,0.0,1.0
KXNBAPTS-26APR05ORLNOP-NOPHJONES2-10,2026-04-05,pts,9.5,6.9405,2.5595,0.26425,0.22602742252107644,0.0,1.0
KXNBAPTS-26APR05ORLNOP-NOPHJONES2-15,2026-04-05,pts,14.5,6.9405,7.5595,0.0705,0.041735614085102735,0.0,1.0
KXNBAPTS-26APR05ORLNOP-NOPHJONES2-20,2026-04-05,pts,19.5,6.9405,12.5595,0.0145,0.0055490769147841235,0.0,1.0
KXNBAPTS-26APR05ORLNOP-NOPSBEY41-10,2026-04-05,pts,9.5,11.49725,-1.9972499999999993,0.59575,0.5898392717577897,1.0,1.0
KXNBAPTS-26APR05ORLNOP-NOPSBEY41-15,2026-04-05,pts,14.5,11.49725,3.0027500000000007,0.28275,0.26559904552864255,1.0,1.0
KXNBAPTS-26APR05ORLNOP-NOPSBEY41-20,2026-04-05,pts,19.5,11.49725,8.00275,0.09625,0.09224470901275661,1.0,1.0
KXNBAPTS-26APR05ORLNOP-NOPSBEY41-25,2026-04-05,pts,24.5,11.49725,13.00275,0.02025,0.026666547981964106,1.0,1.0
KXNBAPTS-26APR05ORLNOP-NOPSBEY41-30,2026-04-05,pts,29.5,11.49725,18.00275,0.00325,0.006745230382477541,1.0,1.0
KXNBAPTS-26APR05ORLNOP-NOPZWILLIAMSON1-20,2026-04-05,pts,19.5,12.2775,7.2225,0.11925,0.12019012126479911,0.0,1.0
KXNBAPTS-26APR05ORLNOP-NOPZWILLIAMSON1-25,2026-04-05,pts,24.5,12.2775,12.2225,0.03025,0.038572571180436,0.0,1.0
KXNBAPTS-26APR05ORLNOP-NOPZWILLIAMSON1-30,2026-04-05,pts,29.5,12.2775,17.2225,0.00475,0.010861800163111113,0.0,1.0
KXNBAPTS-26APR05ORLNOP-NOPZWILLIAMSON1-35,2026-04-05,pts,34.5,12.2775,22.2225,0.0005,0.0027702149882591343,0.0,1.0
KXNBAPTS-26APR05ORLNOP-ORLDBANE3-15,2026-04-05,pts,14.5,13.64525,0.8547499999999992,0.41925,0.39608359027679985,1.0,1.0
KXNBAPTS-26APR05ORLNOP-ORLDBANE3-20,2026-04-05,pts,19.5,13.64525,5.854749999999999,0.16775,0.17601961059448357,1.0,1.0
KXNBAPTS-26APR05ORLNOP-ORLDBANE3-25,2026-04-05,pts,24.5,13.64525,10.85475,0.0475,0.0660703803794993,1.0,1.0
KXNBAPTS-26APR05ORLNOP-ORLDBANE3-30,2026-04-05,pts,29.5,13.64525,15.85475,0.011,0.02186796148132719,0.0,1.0
KXNBAPTS-26APR05ORLNOP-ORLFWAGNER22-10,2026-04-05,pts,9.5,10.7435,-1.2434999999999992,0.53625,0.5388875936070973,1.0,1.0
KXNBAPTS-26APR05ORLNOP-ORLFWAGNER22-15,2026-04-05,pts,14.5,10.7435,3.756500000000001,0.25175,0.22013824906762225,0.0,1.0
KXNBAPTS-26APR05ORLNOP-ORLFWAGNER22-20,2026-04-05,pts,19.5,10.7435,8.7565,0.09125,0.06858865893261912,0.0,1.0
KXNBAPTS-26APR05ORLNOP-ORLFWAGNER22-25,2026-04-05,pts,24.5,10.7435,13.7565,0.02925,0.017696714258072732,0.0,1.0
KXNBAPTS-26APR05ORLNOP-ORLJSUGGS4-10,2026-04-05,pts,9.5,10.516,-1.016,0.526,0.5225666875990491,1.0,1.0
KXNBAPTS-26APR05ORLNOP-ORLJSUGGS4-15,2026-04-05,pts,14.5,10.516,3.984,0.2295,0.20671188239210814,0.0,1.0
KXNBAPTS-26APR05ORLNOP-ORLJSUGGS4-20,2026-04-05,pts,19.5,10.516,8.984,0.069,0.06215405381084682,0.0,1.0
KXNBAPTS-26APR05ORLNOP-ORLJSUGGS4-25,2026-04-05,pts,24.5,10.516,13.984,0.01525,0.015452077599612313,0.0,1.0
KXNBAPTS-26APR05ORLNOP-ORLPBANCHERO5-20,2026-04-05,pts,19.5,13.80925,5.6907499999999995,0.1775,0.18317458682229648,1.0,1.0
KXNBAPTS-26APR05ORLNOP-ORLPBANCHERO5-25,2026-04-05,pts,24.5,13.80925,10.69075,0.05175,0.06992373703220944,0.0,1.0
KXNBAPTS-26APR05ORLNOP-ORLPBANCHERO5-30,2026-04-05,pts,29.5,13.80925,15.69075,0.0145,0.023550396976073196,0.0,1.0
KXNBAPTS-26APR05ORLNOP-ORLPBANCHERO5-35,2026-04-05,pts,34.5,13.80925,20.69075,0.0025,0.007206948683438852,0.0,1.0
KXNBAPTS-26APR05ORLNOP-ORLWCARTER34-10,2026-04-05,pts,9.5,10.9145,-1.4145000000000003,0.55675,0.550869980006079,1.0,1.0
KXNBAPTS-26APR05ORLNOP-ORLWCARTER34-15,2026-04-05,pts,14.5,10.9145,3.5854999999999997,0.24075,0.23033726038383362,0.0,1.0
KXNBAPTS-26APR05ORLNOP-ORLWCARTER34-20,2026-04-05,pts,19.5,10.9145,8.5855,0.074,0.07364568958660112,0.0,1.0
KXNBAPTS-26APR05ORLNOP-ORLWCARTER34-25,2026-04-05,pts,24.5,10.9145,13.5855,0.01975,0.019521733578333755,0.0,1.0
KXNBAREB-26APR05ORLNOP-NOPDQUEEN22-10,2026-04-05,reb,9.5,4.06475,5.43525,0.01825,0.024878699470118115,0.0,1.0
KXNBAREB-26APR05ORLNOP-NOPDQUEEN22-12,2026-04-05,reb,11.5,4.06475,7.43525,0.00375,0.006165442031901391,0.0,1.0
KXNBAREB-26APR05ORLNOP-NOPDQUEEN22-6,2026-04-05,reb,5.5,4.06475,1.43525,0.244,0.2464031892335503,0.0,1.0
KXNBAREB-26APR05ORLNOP-NOPDQUEEN22-7,2026-04-05,reb,6.5,4.06475,2.43525,0.138,0.14992819248443423,0.0,1.0
KXNBAREB-26APR05ORLNOP-NOPDQUEEN22-8,2026-04-05,reb,7.5,4.06475,3.43525,0.07275,0.08630923014224201,0.0,1.0
KXNBAREB-26APR05ORLNOP-NOPHJONES2-10,2026-04-05,reb,9.5,2.984,6.516,0.002,0.004617370249181296,0.0,1.0
KXNBAREB-26APR05ORLNOP-NOPHJONES2-2,2026-04-05,reb,1.5,2.984,-1.484,0.759,0.7585314476572649,1.0,1.0
KXNBAREB-26APR05ORLNOP-NOPHJONES2-4,2026-04-05,reb,3.5,2.984,0.516,0.35675,0.34837957930614505,0.0,1.0
KXNBAREB-26APR05ORLNOP-NOPHJONES2-6,2026-04-05,reb,5.5,2.984,2.516,0.107,0.10717455418767419,0.0,1.0
KXNBAREB-26APR05ORLNOP-NOPHJONES2-8,2026-04-05,reb,7.5,2.984,4.516,0.02175,0.024720000266151176,0.0,1.0
KXNBAREB-26APR05ORLNOP-NOPZWILLIAMSON1-10,2026-04-05,reb,9.5,4.16875,5.33125,0.015,0.028153490966241423,0.0,1.0
KXNBAREB-26APR05ORLNOP-NOPZWILLIAMSON1-12,2026-04-05,reb,11.5,4.16875,7.33125,0.00275,0.007219657439002214,0.0,1.0
KXNBAREB-26APR05ORLNOP-NOPZWILLIAMSON1-6,2026-04-05,reb,5.5,4.16875,1.3312499999999998,0.24975,0.26128063055513806,1.0,1.0
KXNBAREB-26APR05ORLNOP-NOPZWILLIAMSON1-7,2026-04-05,reb,6.5,4.16875,2.33125,0.13875,0.16147836766626777,1.0,1.0
KXNBAREB-26APR05ORLNOP-NOPZWILLIAMSON1-8,2026-04-05,reb,7.5,4.16875,3.33125,0.07075,0.09446980784875203,0.0,1.0
KXNBAREB-26APR05ORLNOP-ORLFWAGNER22-10,2026-04-05,reb,9.5,3.62175,5.8782499999999995,0.014,0.013758542668741658,0.0,1.0
KXNBAREB-26APR05ORLNOP-ORLFWAGNER22-2,2026-04-05,reb,1.5,3.62175,-2.12175,0.8305,0.8344507542584892,1.0,1.0
KXNBAREB-26APR05ORLNOP-ORLFWAGNER22-4,2026-04-05,reb,3.5,3.62175,-0.12175000000000002,0.473,0.46924785632285726,1.0,1.0
KXNBAREB-26APR05ORLNOP-ORLFWAGNER22-6,2026-04-05,reb,5.5,3.62175,1.87825,0.1905,0.18509382943663777,0.0,1.0
KXNBAREB-26APR05ORLNOP-ORLFWAGNER22-8,2026-04-05,reb,7.5,3.62175,3.87825,0.058,0.0558160580082383,0.0,1.0
KXNBAREB-26APR05ORLNOP-ORLJSUGGS4-2,2026-04-05,reb,1.5,4.099,-2.599,0.89325,0.8748946848213413,1.0,1.0
KXNBAREB-26APR05ORLNOP-ORLJSUGGS4-4,2026-04-05,reb,3.5,4.099,-0.5990000000000002,0.57225,0.5507395983227749,1.0,1.0
KXNBAREB-26APR05ORLNOP-ORLJSUGGS4-5,2026-04-05,reb,4.5,4.099,0.4009999999999998,0.394,0.38567315553400094,0.0,1.0
KXNBAREB-26APR05ORLNOP-ORLJSUGGS4-6,2026-04-05,reb,5.5,4.099,1.4009999999999998,0.2455,0.25128832483593055,0.0,1.0
KXNBAREB-26APR05ORLNOP-ORLJSUGGS4-8,2026-04-05,reb,7.5,4.099,3.401,0.06975,0.0889564231341532,0.0,1.0
KXNBAREB-26APR05ORLNOP-ORLPBANCHERO5-10,2026-04-05,reb,9.5,5.37375,4.12625,0.06,0.08613209890269458,1.0,1.0
KXNBAREB-26APR05ORLNOP-ORLPBANCHERO5-12,2026-04-05,reb,11.5,5.37375,6.12625,0.016,0.030565271471566957,1.0,1.0
KXNBAREB-26APR05ORLNOP-ORLPBANCHERO5-4,2026-04-05,reb,3.5,5.37375,-1.8737500000000002,0.75375,0.7216065745508655,1.0,1.0
KXNBAREB-26APR05ORLNOP-ORLPBANCHERO5-6,2026-04-05,reb,5.5,5.37375,0.12624999999999975,0.444,0.43448507025916117,1.0,1.0
KXNBAREB-26APR05ORLNOP-ORLPBANCHERO5-8,2026-04-05,reb,7.5,5.37375,2.1262499999999998,0.19275,0.21106618742570116,1.0,1.0
KXNBAREB-26APR05ORLNOP-ORLWCARTER34-10,2026-04-05,reb,9.5,4.94025,4.55975,0.04575,0.061003201299208776,0.0,1.0
KXNBAREB-26APR05ORLNOP-ORLWCARTER34-12,2026-04-05,reb,11.5,4.94025,6.55975,0.0095,0.019515820042741105,0.0,1.0
KXNBAREB-26APR05ORLNOP-ORLWCARTER34-6,2026-04-05,reb,5.5,4.94025,0.5597500000000002,0.3755,0.37312515354225695,0.0,1.0
KXNBAREB-26APR05ORLNOP-ORLWCARTER34-8,2026-04-05,reb,7.5,4.94025,2.55975,0.14175,0.16517894022434398,0.0,1.0
KXNBAREB-26APR05ORLNOP-ORLWCARTER34-9,2026-04-05,reb,8.5,4.94025,3.55975,0.0815,0.10241564264370184,0.0,1.0
KXNBAAST-26APR05ORLNOP-NOPDQUEEN22-2,2026-04-05,ast,1.5,1.94,-0.43999999999999995,0.5565,0.5557884611521124,0.0,1.0
KXNBAAST-26APR05ORLNOP-NOPDQUEEN22-4,2026-04-05,ast,3.5,1.94,1.56,0.1405,0.14657960668384717,0.0,1.0
KXNBAAST-26APR05ORLNOP-NOPDQUEEN22-5,2026-04-05,ast,4.5,1.94,2.56,0.05875,0.06188842770602676,0.0,1.0
KXNBAAST-26APR05ORLNOP-NOPDQUEEN22-6,2026-04-05,ast,5.5,1.94,3.56,0.0235,0.023695103760027147,0.0,1.0
KXNBAAST-26APR05ORLNOP-NOPDQUEEN22-8,2026-04-05,ast,7.5,1.94,5.5600000000000005,0.002,0.0027624799753186435,0.0,1.0
KXNBAAST-26APR05ORLNOP-ORLJSUGGS4-10,2026-04-05,ast,9.5,3.43475,6.06525,0.00625,0.009880139838210122,0.0,1.0
KXNBAAST-26APR05ORLNOP-ORLJSUGGS4-2,2026-04-05,ast,1.5,3.43475,-1.9347500000000002,0.8395,0.8171033601320752,1.0,1.0
KXNBAAST-26APR05ORLNOP-ORLJSUGGS4-4,2026-04-05,ast,3.5,3.43475,0.06524999999999981,0.44675,0.43565651515993886,1.0,1.0
KXNBAAST-26APR05ORLNOP-ORLJSUGGS4-6,2026-04-05,ast,5.5,3.43475,2.06525,0.14325,0.15959522049829422,1.0,1.0
KXNBAAST-26APR05ORLNOP-ORLJSUGGS4-8,2026-04-05,ast,7.5,3.43475,4.06525,0.03225,0.04411900705239802,1.0,1.0
KXNBAAST-26APR05ORLNOP-ORLPBANCHERO5-10,2026-04-05,ast,9.5,3.20025,6.2997499999999995,0.0025,0.006616730059157083,0.0,1.0
KXNBAAST-26APR05ORLNOP-ORLPBANCHERO5-2,2026-04-05,ast,1.5,3.20025,-1.70025,0.81825,0.7895219632125583,1.0,1.0
KXNBAAST-26APR05ORLNOP-ORLPBANCHERO5-4,2026-04-05,ast,3.5,3.20025,0.29974999999999996,0.3925,0.3908890785482695,1.0,1.0
KXNBAAST-26APR05ORLNOP-ORLPBANCHERO5-6,2026-04-05,ast,5.5,3.20025,2.29975,0.11275,0.13068252509859146,1.0,1.0
KXNBAAST-26APR05ORLNOP-ORLPBANCHERO5-8,2026-04-05,ast,7.5,3.20025,4.2997499999999995,0.02225,0.03272856533524637,0.0,1.0
KXNBA3PT-26APR05ORLNOP-NOPDQUEEN22-1,2026-04-05,fg3m,0.5,0.51775,-0.017750000000000044,0.399,0.39404366828128223,0.0,1.0
KXNBA3PT-26APR05ORLNOP-NOPDQUEEN22-2,2026-04-05,fg3m,1.5,0.51775,0.98225,0.10075,0.10023726995218707,0.0,1.0
KXNBA3PT-26APR05ORLNOP-NOPDQUEEN22-3,2026-04-05,fg3m,2.5,0.51775,1.98225,0.01575,0.019678323086508742,0.0,1.0
KXNBA3PT-26APR05ORLNOP-NOPDQUEEN22-4,2026-04-05,fg3m,3.5,0.51775,2.98225,0.002,0.003247027746905329,0.0,1.0
KXNBA3PT-26APR05ORLNOP-NOPDQUEEN22-5,2026-04-05,fg3m,4.5,0.51775,3.98225,0.00025,0.0004725397619148586,0.0,1.0
KXNBA3PT-26APR05ORLNOP-ORLDBANE3-1,2026-04-05,fg3m,0.5,1.4795,-0.9795,0.77075,0.7413599322753273,1.0,1.0
KXNBA3PT-26APR05ORLNOP-ORLDBANE3-2,2026-04-05,fg3m,1.5,1.4795,0.020499999999999963,0.44375,0.42082606357239793,1.0,1.0
KXNBA3PT-26APR05ORLNOP-ORLDBANE3-3,2026-04-05,fg3m,2.5,1.4795,1.0205,0.186,0.19618732353292478,1.0,1.0
KXNBA3PT-26APR05ORLNOP-ORLDBANE3-4,2026-04-05,fg3m,3.5,1.4795,2.0205,0.05925,0.07907546457126269,0.0,1.0
KXNBA3PT-26APR05ORLNOP-ORLDBANE3-5,2026-04-05,fg3m,4.5,1.4795,3.0205,0.01475,0.028531405067052762,0.0,1.0
KXNBA3PT-26APR05ORLNOP-ORLFWAGNER22-1,2026-04-05,fg3m,0.5,0.8745,-0.37450000000000006,0.56425,0.5630485896927404,0.0,1.0
KXNBA3PT-26APR05ORLNOP-ORLFWAGNER22-2,2026-04-05,fg3m,1.5,0.8745,0.6255,0.22225,0.22020999891880821,0.0,1.0
KXNBA3PT-26APR05ORLNOP-ORLFWAGNER22-3,2026-04-05,fg3m,2.5,0.8745,1.6255,0.06475,0.06809260851857857,0.0,1.0
KXNBA3PT-26APR05ORLNOP-ORLFWAGNER22-4,2026-04-05,fg3m,3.5,0.8745,2.6254999999999997,0.018,0.01788453908962151,0.0,1.0
KXNBA3PT-26APR05ORLNOP-ORLFWAGNER22-5,2026-04-05,fg3m,4.5,0.8745,3.6254999999999997,0.004,0.004165578660666691,0.0,1.0
KXNBA3PT-26APR05ORLNOP-ORLJSUGGS4-1,2026-04-05,fg3m,0.5,1.48725,-0.98725,0.77225,0.743032823648998,1.0,1.0
KXNBA3PT-26APR05ORLNOP-ORLJSUGGS4-2,2026-04-05,fg3m,1.5,1.48725,0.012750000000000039,0.42675,0.42317601306319896,1.0,1.0
KXNBA3PT-26APR05ORLNOP-ORLJSUGGS4-3,2026-04-05,fg3m,2.5,1.48725,1.01275,0.1895,0.19802901451133104,1.0,1.0
KXNBA3PT-26APR05ORLNOP-ORLJSUGGS4-4,2026-04-05,fg3m,3.5,1.48725,2.01275,0.0705,0.08013759093446104,0.0,1.0
KXNBA3PT-26APR05ORLNOP-ORLJSUGGS4-5,2026-04-05,fg3m,4.5,1.48725,3.01275,0.021,0.029034015411969927,0.0,1.0
KXNBA3PT-26APR05ORLNOP-ORLPBANCHERO5-1,2026-04-05,fg3m,0.5,0.9535,-0.4535,0.6185,0.5928144302117131,0.0,1.0
KXNBA3PT-26APR05ORLNOP-ORLPBANCHERO5-2,2026-04-05,fg3m,1.5,0.9535,0.5465,0.24425,0.24767396697125232,0.0,1.0
KXNBA3PT-26APR05ORLNOP-ORLPBANCHERO5-3,2026-04-05,fg3m,2.5,0.9535,1.5465,0.06925,0.08223721844795018,0.0,1.0
KXNBA3PT-26APR05ORLNOP-ORLPBANCHERO5-4,2026-04-05,fg3m,3.5,0.9535,2.5465,0.0175,0.023247871929895747,0.0,1.0
KXNBA3PT-26APR05ORLNOP-ORLPBANCHERO5-5,2026-04-05,fg3m,4.5,0.9535,3.5465,0.00325,0.005835088073782968,0.0,1.0
KXNBAPTS-26APR05UTAOKC-OKCCHOLMGREN7-10,2026-04-05,pts,9.5,11.311,-1.811,0.594,0.5776995315120894,1.0,1.0
KXNBAPTS-26APR05UTAOKC-OKCCHOLMGREN7-15,2026-04-05,pts,14.5,11.311,3.189,0.26625,0.2542617962246868,1.0,1.0
KXNBAPTS-26APR05UTAOKC-OKCCHOLMGREN7-20,2026-04-05,pts,19.5,11.311,8.189,0.08175,0.08607693023913876,1.0,1.0
KXNBAPTS-26APR05UTAOKC-OKCCHOLMGREN7-25,2026-04-05,pts,24.5,11.311,13.189,0.0215,0.024224330832118612,0.0,1.0
KXNBAPTS-26APR05UTAOKC-OKCIHARTENSTEIN55-10,2026-04-05,pts,9.5,7.7405,1.7595,0.31625,0.29531879116560156,1.0,1.0
KXNBAPTS-26APR05UTAOKC-OKCIHARTENSTEIN55-15,2026-04-05,pts,14.5,7.7405,6.7595,0.074,0.06830569505181205,0.0,1.0
KXNBAPTS-26APR05UTAOKC-OKCIHARTENSTEIN55-20,2026-04-05,pts,19.5,7.7405,11.7595,0.01025,0.011514476027761233,0.0,1.0
KXNBAPTS-26APR05UTAOKC-OKCJWILLIAMS8-10,2026-04-05,pts,9.5,11.337,-1.8369999999999997,0.58225,0.5794120074651908,1.0,1.0
KXNBAPTS-26APR05UTAOKC-OKCJWILLIAMS8-15,2026-04-05,pts,14.5,11.337,3.1630000000000003,0.26875,0.25584135547586195,1.0,1.0
KXNBAPTS-26APR05UTAOKC-OKCJWILLIAMS8-20,2026-04-05,pts,19.5,11.337,8.163,0.08725,0.08692560393957549,0.0,1.0
KXNBAPTS-26APR05UTAOKC-OKCJWILLIAMS8-25,2026-04-05,pts,24.5,11.337,13.163,0.027,0.024556187510679894,0.0,1.0
KXNBAPTS-26APR05UTAOKC-OKCSGILGEOUSALEXANDER2-20,2026-04-05,pts,19.5,19.88475,-0.38475000000000037,0.49175,0.4627414177900049,1.0,1.0
KXNBAPTS-26APR05UTAOKC-OKCSGILGEOUSALEXANDER2-25,2026-04-05,pts,24.5,19.88475,4.61525,0.25325,0.2717546362997567,0.0,1.0
KXNBAPTS-26APR05UTAOKC-OKCSGILGEOUSALEXANDER2-30,2026-04-05,pts,29.5,19.88475,9.61525,0.10875,0.1439565365401072,0.0,1.0
KXNBAPTS-26APR05UTAOKC-OKCSGILGEOUSALEXANDER2-35,2026-04-05,pts,34.5,19.88475,14.61525,0.0355,0.07020609585983928,0.0,1.0
KXNBAPTS-26APR05UTAOKC-OKCSGILGEOUSALEXANDER2-40,2026-04-05,pts,39.5,19.88475,19.61525,0.009,0.03202179270275962,0.0,1.0
KXNBAPTS-26APR05UTAOKC-UTAABAILEY19-15,2026-04-05,pts,14.5,9.77675,4.72325,0.1765,0.164578999156606,0.0,1.0
KXNBAPTS-26APR05UTAOKC-UTAABAILEY19-20,2026-04-05,pts,19.5,9.77675,9.72325,0.05325,0.04363158573639081,0.0,1.0
KXNBAPTS-26APR05UTAOKC-UTAABAILEY19-25,2026-04-05,pts,24.5,9.77675,14.72325,0.0115,0.009516395254429821,0.0,1.0
KXNBAPTS-26APR05UTAOKC-UTAABAILEY19-30,2026-04-05,pts,29.5,9.77675,19.72325,0.002,0.0018052186465665754,0.0,1.0
KXNBAREB-26APR05UTAOKC-OKCCHOLMGREN7-10,2026-04-05,reb,9.5,4.70975,4.79025,0.0335,0.04958266669099265,0.0,1.0
KXNBAREB-26APR05UTAOKC-OKCCHOLMGREN7-12,2026-04-05,reb,11.5,4.70975,6.79025,0.0095,0.014928428063258004,0.0,1.0
KXNBAREB-26APR05UTAOKC-OKCCHOLMGREN7-4,2026-04-05,reb,3.5,4.70975,-1.2097499999999997,0.66725,0.641141702457992,1.0,1.0
KXNBAREB-26APR05UTAOKC-OKCCHOLMGREN7-6,2026-04-05,reb,5.5,4.70975,0.7902500000000003,0.34075,0.33977641958907634,1.0,1.0
KXNBAREB-26APR05UTAOKC-OKCCHOLMGREN7-8,2026-04-05,reb,7.5,4.70975,2.7902500000000003,0.11925,0.1423652690097671,0.0,1.0
KXNBAREB-26APR05UTAOKC-OKCIHARTENSTEIN55-10,2026-04-05,reb,9.5,4.9425,4.5575,0.0365,0.061121422391731905,0.0,1.0
KXNBAREB-26APR05UTAOKC-OKCIHARTENSTEIN55-12,2026-04-05,reb,11.5,4.9425,6.5575,0.00925,0.01956483084072913,0.0,1.0
KXNBAREB-26APR05UTAOKC-OKCIHARTENSTEIN55-4,2026-04-05,reb,3.5,4.9425,-1.4425,0.70375,0.6713997357037643,1.0,1.0
KXNBAREB-26APR05UTAOKC-OKCIHARTENSTEIN55-6,2026-04-05,reb,5.5,4.9425,0.5575000000000001,0.369,0.37344889382743185,1.0,1.0
KXNBAREB-26APR05UTAOKC-OKCIHARTENSTEIN55-8,2026-04-05,reb,7.5,4.9425,2.5575,0.1455,0.16540767608234774,1.0,1.0
KXNBAREB-26APR05UTAOKC-OKCJWILLIAMS8-10,2026-04-05,reb,9.5,3.47375,6.02625,0.0065,0.01098571090757372,0.0,1.0
KXNBAREB-26APR05UTAOKC-OKCJWILLIAMS8-2,2026-04-05,reb,1.5,3.47375,-1.97375,0.82975,0.8193335747321328,1.0,1.0
KXNBAREB-26APR05UTAOKC-OKCJWILLIAMS8-4,2026-04-05,reb,3.5,3.47375,0.026250000000000107,0.454,0.4422376746290223,0.0,1.0
KXNBAREB-26APR05UTAOKC-OKCJWILLIAMS8-6,2026-04-05,reb,5.5,3.47375,2.02625,0.1575,0.1656847794563172,0.0,1.0
KXNBAREB-26APR05UTAOKC-OKCJWILLIAMS8-8,2026-04-05,reb,7.5,3.47375,4.02625,0.03825,0.04724009283762565,0.0,1.0
KXNBAREB-26APR05UTAOKC-OKCSGILGEOUSALEXANDER2-10,2026-04-05,reb,9.5,3.954,5.545999999999999,0.01025,0.021677986712628217,0.0,1.0
KXNBAREB-26APR05UTAOKC-OKCSGILGEOUSALEXANDER2-2,2026-04-05,reb,1.5,3.954,-2.454,0.901,0.8638239956916808,1.0,1.0
KXNBAREB-26APR05UTAOKC-OKCSGILGEOUSALEXANDER2-4,2026-04-05,reb,3.5,3.954,-0.4540000000000002,0.55025,0.5269445390855174,1.0,1.0
KXNBAREB-26APR05UTAOKC-OKCSGILGEOUSALEXANDER2-6,2026-04-05,reb,5.5,3.954,1.5459999999999998,0.2165,0.23072104918477576,0.0,1.0
KXNBAREB-26APR05UTAOKC-OKCSGILGEOUSALEXANDER2-8,2026-04-05,reb,7.5,3.954,3.546,0.0555,0.07802626259367207,0.0,1.0
KXNBAREB-26APR05UTAOKC-UTAABAILEY19-2,2026-04-05,reb,1.5,3.5215,-2.0215,0.848,0.8243596834391064,1.0,1.0
KXNBAREB-26APR05UTAOKC-UTAABAILEY19-4,2026-04-05,reb,3.5,3.5215,-0.021500000000000075,0.46725,0.4510333869278942,1.0,1.0
KXNBAREB-26APR05UTAOKC-UTAABAILEY19-5,2026-04-05,reb,4.5,3.5215,0.9784999999999999,0.2845,0.2895623026192179,0.0,1.0
KXNBAREB-26APR05UTAOKC-UTAABAILEY19-6,2026-04-05,reb,5.5,3.5215,1.9785,0.158,0.1718735790659156,0.0,1.0
KXNBAREB-26APR05UTAOKC-UTAABAILEY19-8,2026-04-05,reb,7.5,3.5215,3.9785,0.03525,0.049916918332767235,0.0,1.0
KXNBAAST-26APR05UTAOKC-OKCSGILGEOUSALEXANDER2-10,2026-04-05,ast,9.5,3.93,5.57,0.0085,0.020270499308018608,0.0,1.0
KXNBAAST-26APR05UTAOKC-OKCSGILGEOUSALEXANDER2-2,2026-04-05,ast,1.5,3.93,-2.43,0.89225,0.8638861505126052,1.0,1.0
KXNBAAST-26APR05UTAOKC-OKCSGILGEOUSALEXANDER2-4,2026-04-05,ast,3.5,3.93,-0.43000000000000016,0.5455,0.5242211529929031,1.0,1.0
KXNBAAST-26APR05UTAOKC-OKCSGILGEOUSALEXANDER2-6,2026-04-05,ast,5.5,3.93,1.5699999999999998,0.213,0.22646780303494074,1.0,1.0
KXNBAAST-26APR05UTAOKC-OKCSGILGEOUSALEXANDER2-8,2026-04-05,ast,7.5,3.93,3.57,0.05575,0.07499281745180997,0.0,1.0
KXNBAAST-26APR05UTAOKC-UTAABAILEY19-2,2026-04-05,ast,1.5,1.70525,-0.20524999999999993,0.4995,0.49229729638375574,1.0,1.0
KXNBAAST-26APR05UTAOKC-UTAABAILEY19-3,2026-04-05,ast,2.5,1.70525,0.7947500000000001,0.2535,0.2491339263097917,0.0,1.0
KXNBAAST-26APR05UTAOKC-UTAABAILEY19-4,2026-04-05,ast,3.5,1.70525,1.79475,0.0935,0.1076456269457765,0.0,1.0
KXNBAAST-26APR05UTAOKC-UTAABAILEY19-6,2026-04-05,ast,5.5,1.70525,3.79475,0.00875,0.01416592281826945,0.0,1.0
KXNBAAST-26APR05UTAOKC-UTAABAILEY19-8,2026-04-05,ast,7.5,1.70525,5.7947500000000005,0.00075,0.0013354758691656032,0.0,1.0
KXNBA3PT-26APR05UTAOKC-OKCCHOLMGREN7-1,2026-04-05,fg3m,0.5,0.9785,-0.47850000000000004,0.6155,0.6017510606665211,1.0,1.0
KXNBA3PT-26APR05UTAOKC-OKCCHOLMGREN7-2,2026-04-05,fg3m,1.5,0.9785,0.5215,0.25625,0.2563404185699034,1.0,1.0
KXNBA3PT-26APR05UTAOKC-OKCCHOLMGREN7-3,2026-04-05,fg3m,2.5,0.9785,1.5215,0.08225,0.08692637451912089,1.0,1.0
KXNBA3PT-26APR05UTAOKC-OKCCHOLMGREN7-4,2026-04-05,fg3m,3.5,0.9785,2.5215,0.01925,0.025114972285690484,1.0,1.0
KXNBA3PT-26APR05UTAOKC-OKCCHOLMGREN7-5,2026-04-05,fg3m,4.5,0.9785,3.5215,0.0045,0.006445123205293002,0.0,1.0
KXNBA3PT-26APR05UTAOKC-OKCJWILLIAMS8-1,2026-04-05,fg3m,0.5,0.6455,-0.14549999999999996,0.4585,0.4618700661003572,1.0,1.0
KXNBA3PT-26APR05UTAOKC-OKCJWILLIAMS8-2,2026-04-05,fg3m,1.5,0.6455,0.8545,0.147,0.14159021787407589,0.0,1.0
KXNBA3PT-26APR05UTAOKC-OKCJWILLIAMS8-3,2026-04-05,fg3m,2.5,0.6455,1.8545,0.033,0.0337937113002138,0.0,1.0
KXNBA3PT-26APR05UTAOKC-OKCJWILLIAMS8-4,2026-04-05,fg3m,3.5,0.6455,2.8545,0.0065,0.006804807198288909,0.0,1.0
KXNBA3PT-26APR05UTAOKC-OKCJWILLIAMS8-5,2026-04-05,fg3m,4.5,0.6455,3.8545,0.0005,0.0012108538702531035,0.0,1.0
KXNBA3PT-26APR05UTAOKC-OKCSGILGEOUSALEXANDER2-1,2026-04-05,fg3m,0.5,1.0675,-0.5674999999999999,0.64575,0.6318117896117642,1.0,1.0
KXNBA3PT-26APR05UTAOKC-OKCSGILGEOUSALEXANDER2-2,2026-04-05,fg3m,1.5,1.0675,0.4325000000000001,0.29225,0.28699141785913873,1.0,1.0
KXNBA3PT-26APR05UTAOKC-OKCSGILGEOUSALEXANDER2-3,2026-04-05,fg3m,2.5,1.0675,1.4325,0.099,0.10437132355543255,0.0,1.0
KXNBA3PT-26APR05UTAOKC-OKCSGILGEOUSALEXANDER2-4,2026-04-05,fg3m,3.5,1.0675,2.4325,0.0245,0.032424818740209194,0.0,1.0
KXNBA3PT-26APR05UTAOKC-OKCSGILGEOUSALEXANDER2-5,2026-04-05,fg3m,4.5,1.0675,3.4325,0.005,0.00895964017625861,0.0,1.0
KXNBAPTS-26APR04SASDEN-DENAGORDON32-10,2026-04-04,pts,9.5,10.30575,-0.8057499999999997,0.52125,0.507104291485009,1.0,1.0
KXNBAPTS-26APR04SASDEN-DENAGORDON32-15,2026-04-04,pts,14.5,10.30575,4.19425,0.2125,0.19447348188084768,1.0,1.0
KXNBAPTS-26APR04SASDEN-DENAGORDON32-20,2026-04-04,pts,19.5,10.30575,9.19425,0.06275,0.05651096563105229,0.0,1.0
KXNBAPTS-26APR04SASDEN-DENAGORDON32-25,2026-04-04,pts,24.5,10.30575,14.19425,0.0115,0.013558143255502086,0.0,1.0
KXNBAPTS-26APR04SASDEN-DENCBRAUN0-10,2026-04-04,pts,9.5,9.9035,-0.4034999999999993,0.49375,0.47653965154072075,1.0,1.0
KXNBAPTS-26APR04SASDEN-DENCBRAUN0-15,2026-04-04,pts,14.5,9.9035,4.596500000000001,0.17975,0.17160993708061512,1.0,1.0
KXNBAPTS-26APR04SASDEN-DENCBRAUN0-20,2026-04-04,pts,19.5,9.9035,9.5965,0.052,0.04654387553634076,1.0,1.0
KXNBAPTS-26APR04SASDEN-DENCJOHNSON23-10,2026-04-04,pts,9.5,9.586,-0.0860000000000003,0.4645,0.4515501936657702,1.0,1.0
KXNBAPTS-26APR04SASDEN-DENCJOHNSON23-15,2026-04-04,pts,14.5,9.586,4.914,0.17975,0.15417546851173958,1.0,1.0
KXNBAPTS-26APR04SASDEN-DENCJOHNSON23-20,2026-04-04,pts,19.5,9.586,9.914,0.04925,0.03945628047964456,0.0,1.0
KXNBAPTS-26APR04SASDEN-DENCJOHNSON23-25,2026-04-04,pts,24.5,9.586,14.914,0.01075,0.008296693239868924,0.0,1.0
KXNBAPTS-26APR04SASDEN-DENJMURRAY27-15,2026-04-04,pts,14.5,16.13775,-1.6377500000000005,0.56375,0.5335175367152007,1.0,1.0
KXNBAPTS-26APR04SASDEN-DENJMURRAY27-20,2026-04-04,pts,19.5,16.13775,3.3622499999999995,0.29975,0.29063798019973375,0.0,1.0
KXNBAPTS-26APR04SASDEN-DENJMURRAY27-25,2026-04-04,pts,24.5,16.13775,8.36225,0.12425,0.13599231392673494,0.0,1.0
KXNBAPTS-26APR04SASDEN-DENJMURRAY27-30,2026-04-04,pts,29.5,16.13775,13.36225,0.0375,0.05662128910344666,0.0,1.0
KXNBAPTS-26APR04SASDEN-DENJMURRAY27-35,2026-04-04,pts,34.5,16.13775,18.36225,0.00825,0.021527186481338112,0.0,1.0
KXNBAPTS-26APR04SASDEN-DENNJOKIC15-15,2026-04-04,pts,14.5,14.908,-0.4079999999999995,0.4905,0.46846707316950764,1.0,1.0
KXNBAPTS-26APR04SASDEN-DENNJOKIC15-20,2026-04-04,pts,19.5,14.908,4.5920000000000005,0.21825,0.2328622516702077,1.0,1.0
KXNBAPTS-26APR04SASDEN-DENNJOKIC15-25,2026-04-04,pts,24.5,14.908,9.592,0.08,0.09860633847545541,1.0,1.0
KXNBAPTS-26APR04SASDEN-DENNJOKIC15-30,2026-04-04,pts,29.5,14.908,14.592,0.02,0.03698812024933207,1.0,1.0
KXNBAPTS-26APR04SASDEN-DENNJOKIC15-35,2026-04-04,pts,34.5,14.908,19.592,0.00425,0.012636116979616752,1.0,1.0
KXNBAPTS-26APR04SASDEN-SASDFOX4-10,2026-04-04,pts,9.5,11.1985,-1.6984999999999992,0.5885,0.5702232371149509,1.0,1.0
KXNBAPTS-26APR04SASDEN-SASDFOX4-15,2026-04-04,pts,14.5,11.1985,3.3015000000000008,0.2455,0.24744057766475225,0.0,1.0
KXNBAPTS-26APR04SASDEN-SASDFOX4-20,2026-04-04,pts,19.5,11.1985,8.3015,0.08,0.08245164859026866,0.0,1.0
KXNBAPTS-26APR04SASDEN-SASDFOX4-25,2026-04-04,pts,24.5,11.1985,13.3015,0.015,0.022822042342313442,0.0,1.0
KXNBAPTS-26APR04SASDEN-SASDHARPER2-10,2026-04-04,pts,9.5,10.48725,-0.9872499999999995,0.53375,0.5204736445731841,1.0,1.0
KXNBAPTS-26APR04SASDEN-SASDHARPER2-15,2026-04-04,pts,14.5,10.48725,4.0127500000000005,0.2055,0.20502813409777365,0.0,1.0
KXNBAPTS-26APR04SASDEN-SASDHARPER2-20,2026-04-04,pts,19.5,10.48725,9.01275,0.05875,0.06136506671077535,0.0,1.0
KXNBAPTS-26APR04SASDEN-SASDVASSELL24-10,2026-04-04,pts,9.5,10.6575,-1.1575000000000006,0.54,0.5327685647561657,1.0,1.0
KXNBAPTS-26APR04SASDEN-SASDVASSELL24-15,2026-04-04,pts,14.5,10.6575,3.8424999999999994,0.234,0.21504226703753138,1.0,1.0
KXNBAPTS-26APR04SASDEN-SASDVASSELL24-20,2026-04-04,pts,19.5,10.6575,8.8425,0.066,0.06611651391831241,0.0,1.0
KXNBAPTS-26APR04SASDEN-SASDVASSELL24-25,2026-04-04,pts,24.5,10.6575,13.8425,0.0175,0.01682387900771154,0.0,1.0
KXNBAPTS-26APR04SASDEN-SASSCASTLE5-10,2026-04-04,pts,9.5,12.82575,-3.3257499999999993,0.693,0.6679402283579157,1.0,1.0
KXNBAPTS-26APR04SASDEN-SASSCASTLE5-15,2026-04-04,pts,14.5,12.82575,1.6742500000000007,0.35925,0.34687138152951436,1.0,1.0
KXNBAPTS-26APR04SASDEN-SASSCASTLE5-20,2026-04-04,pts,19.5,12.82575,6.674250000000001,0.13875,0.141648129722461,1.0,1.0
KXNBAPTS-26APR04SASDEN-SASSCASTLE5-25,2026-04-04,pts,24.5,12.82575,11.67425,0.0425,0.04858473673278585,0.0,1.0
KXNBAREB-26APR04SASDEN-DENAGORDON32-2,2026-04-04,reb,1.5,3.85275,-2.35275,0.876,0.8554929621438473,1.0,1.0
KXNBAREB-26APR04SASDEN-DENAGORDON32-4,2026-04-04,reb,3.5,3.85275,-0.3527499999999999,0.51775,0.5098182483566551,1.0,1.0
KXNBAREB-26APR04SASDEN-DENAGORDON32-5,2026-04-04,reb,4.5,3.85275,0.6472500000000001,0.3415,0.3449412416276343,1.0,1.0
KXNBAREB-26APR04SASDEN-DENAGORDON32-6,2026-04-04,reb,5.5,3.85275,1.64725,0.20825,0.21656441510179636,1.0,1.0
KXNBAREB-26APR04SASDEN-DENAGORDON32-8,2026-04-04,reb,7.5,3.85275,3.64725,0.05775,0.07083225438365359,0.0,1.0
KXNBAREB-26APR04SASDEN-DENCJOHNSON23-10,2026-04-04,reb,9.5,3.3885,6.1114999999999995,0.007,0.00958188351260103,0.0,1.0
KXNBAREB-26APR04SASDEN-DENCJOHNSON23-2,2026-04-04,reb,1.5,3.3885,-1.8885,0.821,0.8099917082029211,1.0,1.0
KXNBAREB-26APR04SASDEN-DENCJOHNSON23-4,2026-04-04,reb,3.5,3.3885,0.11149999999999993,0.427,0.4263529317220497,1.0,1.0
KXNBAREB-26APR04SASDEN-DENCJOHNSON23-6,2026-04-04,reb,5.5,3.3885,2.1115,0.148,0.154824072949043,1.0,1.0
KXNBAREB-26APR04SASDEN-DENCJOHNSON23-8,2026-04-04,reb,7.5,3.3885,4.1114999999999995,0.0375,0.04267500349276476,0.0,1.0
KXNBAREB-26APR04SASDEN-DENNJOKIC15-10,2026-04-04,reb,9.5,7.6005,1.8994999999999997,0.24225,0.27215860155874105,0.0,1.0
KXNBAREB-26APR04SASDEN-DENNJOKIC15-12,2026-04-04,reb,11.5,7.6005,3.8994999999999997,0.103,0.14142359733143417,0.0,1.0
KXNBAREB-26APR04SASDEN-DENNJOKIC15-14,2026-04-04,reb,13.5,7.6005,5.8995,0.03575,0.06648422625205119,0.0,1.0
KXNBAREB-26APR04SASDEN-DENNJOKIC15-16,2026-04-04,reb,15.5,7.6005,7.8995,0.01275,0.028725674965515147,0.0,1.0
KXNBAREB-26APR04SASDEN-DENNJOKIC15-18,2026-04-04,reb,17.5,7.6005,9.8995,0.00325,0.01155503460824181,0.0,1.0
KXNBAREB-26APR04SASDEN-SASDFOX4-10,2026-04-04,reb,9.5,3.67775,5.82225,0.01025,0.014924313769173136,0.0,1.0
KXNBAREB-26APR04SASDEN-SASDFOX4-2,2026-04-04,reb,1.5,3.67775,-2.17775,0.8675,0.8398262774918164,1.0,1.0
KXNBAREB-26APR04SASDEN-SASDFOX4-4,2026-04-04,reb,3.5,3.67775,-0.17775000000000007,0.482,0.4792672798419487,1.0,1.0
KXNBAREB-26APR04SASDEN-SASDFOX4-6,2026-04-04,reb,5.5,3.67775,1.82225,0.1815,0.192602525374026,0.0,1.0
KXNBAREB-26APR04SASDEN-SASDFOX4-8,2026-04-04,reb,7.5,3.67775,3.82225,0.05,0.05927519738024889,0.0,1.0
KXNBAREB-26APR04SASDEN-SASSCASTLE5-2,2026-04-04,reb,1.5,4.606,-3.106,0.93375,0.9067498502483926,1.0,1.0
KXNBAREB-26APR04SASDEN-SASSCASTLE5-4,2026-04-04,reb,3.5,4.606,-1.1059999999999999,0.65725,0.6269145894450385,1.0,1.0
KXNBAREB-26APR04SASDEN-SASSCASTLE5-5,2026-04-04,reb,4.5,4.606,-0.10599999999999987,0.4925,0.4664549360148448,1.0,1.0
KXNBAREB-26APR04SASDEN-SASSCASTLE5-6,2026-04-04,reb,5.5,4.606,0.8940000000000001,0.31725,0.3246878259285453,0.0,1.0
KXNBAREB-26APR04SASDEN-SASSCASTLE5-8,2026-04-04,reb,7.5,4.606,2.894,0.10525,0.1325279246712573,0.0,1.0
KXNBAAST-26APR04SASDEN-DENAGORDON32-2,2026-04-04,ast,1.5,1.9555,-0.4555,0.57825,0.5597370769665785,1.0,1.0
KXNBAAST-26APR04SASDEN-DENAGORDON32-3,2026-04-04,ast,2.5,1.9555,0.5445,0.3085,0.31160279430699933,1.0,1.0
KXNBAAST-26APR04SASDEN-DENAGORDON32-4,2026-04-04,ast,3.5,1.9555,1.5445,0.1405,0.1492942284181884,0.0,1.0
KXNBAAST-26APR04SASDEN-DENAGORDON32-6,2026-04-04,ast,5.5,1.9555,3.5445,0.01775,0.024436991325156532,0.0,1.0
KXNBAAST-26APR04SASDEN-DENAGORDON32-8,2026-04-04,ast,7.5,1.9555,5.5445,0.0015,0.002886039699116605,0.0,1.0
KXNBAAST-26APR04SASDEN-DENJMURRAY27-10,2026-04-04,ast,9.5,3.6165,5.8835,0.0055,0.013101400526762785,1.0,1.0
KXNBAAST-26APR04SASDEN-DENJMURRAY27-12,2026-04-04,ast,11.5,3.6165,7.8835,0.0,0.0026896833542359166,0.0,1.0
KXNBAAST-26APR04SASDEN-DENJMURRAY27-6,2026-04-04,ast,5.5,3.6165,1.8835000000000002,0.171,0.18335414861138888,1.0,1.0
KXNBAAST-26APR04SASDEN-DENJMURRAY27-7,2026-04-04,ast,6.5,3.6165,2.8835,0.08925,0.1028630799350756,1.0,1.0
KXNBAAST-26APR04SASDEN-DENJMURRAY27-8,2026-04-04,ast,7.5,3.6165,3.8835,0.04,0.05437997827643215,1.0,1.0
KXNBAAST-26APR04SASDEN-DENNJOKIC15-10,2026-04-04,ast,9.5,5.40425,4.09575,0.05625,0.08641301052645312,1.0,1.0
KXNBAAST-26APR04SASDEN-DENNJOKIC15-12,2026-04-04,ast,11.5,5.40425,6.09575,0.00975,0.030328038156975046,1.0,1.0
KXNBAAST-26APR04SASDEN-DENNJOKIC15-14,2026-04-04,ast,13.5,5.40425,8.095749999999999,0.002,0.009469147372421771,0.0,1.0
KXNBAAST-26APR04SASDEN-DENNJOKIC15-16,2026-04-04,ast,15.5,5.40425,10.095749999999999,0.00025,0.002685631262919541,0.0,1.0
KXNBAAST-26APR04SASDEN-DENNJOKIC15-8,2026-04-04,ast,7.5,5.40425,2.09575,0.188,0.21313406939533963,1.0,1.0
KXNBAAST-26APR04SASDEN-SASDFOX4-10,2026-04-04,ast,9.5,3.107,6.393,0.0035,0.0055693383410134745,0.0,1.0
KXNBAAST-26APR04SASDEN-SASDFOX4-2,2026-04-04,ast,1.5,3.107,-1.6070000000000002,0.80125,0.7774238033578726,1.0,1.0
KXNBAAST-26APR04SASDEN-SASDFOX4-4,2026-04-04,ast,3.5,3.107,0.3929999999999998,0.36975,0.3727059448628325,1.0,1.0
KXNBAAST-26APR04SASDEN-SASDFOX4-6,2026-04-04,ast,5.5,3.107,2.393,0.10525,0.11981697841200412,0.0,1.0
KXNBAAST-26APR04SASDEN-SASDFOX4-8,2026-04-04,ast,7.5,3.107,4.393,0.01775,0.028771132147177747,0.0,1.0
KXNBAAST-26APR04SASDEN-SASSCASTLE5-10,2026-04-04,ast,9.5,4.28475,5.21525,0.01875,0.03112437847753291,0.0,1.0
KXNBAAST-26APR04SASDEN-SASSCASTLE5-12,2026-04-04,ast,11.5,4.28475,7.21525,0.0025,0.008094416802826743,0.0,1.0
KXNBAAST-26APR04SASDEN-SASSCASTLE5-6,2026-04-04,ast,5.5,4.28475,1.2152500000000002,0.2675,0.2774047935224292,1.0,1.0
KXNBAAST-26APR04SASDEN-SASSCASTLE5-8,2026-04-04,ast,7.5,4.28475,3.21525,0.08375,0.10256037111507577,1.0,1.0
KXNBAAST-26APR04SASDEN-SASSCASTLE5-9,2026-04-04,ast,8.5,4.28475,4.21525,0.04025,0.05773659681909682,1.0,1.0
KXNBA3PT-26APR04SASDEN-DENAGORDON32-1,2026-04-04,fg3m,0.5,1.064,-0.5640000000000001,0.64025,0.6306792653481628,1.0,1.0
KXNBA3PT-26APR04SASDEN-DENAGORDON32-2,2026-04-04,fg3m,1.5,1.064,0.43599999999999994,0.294,0.28579355370963255,0.0,1.0
KXNBA3PT-26APR04SASDEN-DENAGORDON32-3,2026-04-04,fg3m,2.5,1.064,1.436,0.09675,0.10366446149207431,0.0,1.0
KXNBA3PT-26APR04SASDEN-DENAGORDON32-4,2026-04-04,fg3m,3.5,1.064,2.436,0.026,0.032117872312076856,0.0,1.0
KXNBA3PT-26APR04SASDEN-DENAGORDON32-5,2026-04-04,fg3m,4.5,1.064,3.436,0.00625,0.008850273274721654,0.0,1.0
KXNBA3PT-26APR04SASDEN-DENJMURRAY27-2,2026-04-04,fg3m,1.5,2.2905,-0.7905000000000002,0.6595,0.6273838818902896,1.0,1.0
KXNBA3PT-26APR04SASDEN-DENJMURRAY27-3,2026-04-04,fg3m,2.5,2.2905,0.2094999999999998,0.40175,0.39055683395052065,1.0,1.0
KXNBA3PT-26APR04SASDEN-DENJMURRAY27-4,2026-04-04,fg3m,3.5,2.2905,1.2094999999999998,0.202,0.21503230958156794,0.0,1.0
KXNBA3PT-26APR04SASDEN-DENJMURRAY27-5,2026-04-04,fg3m,4.5,2.2905,2.2095,0.0835,0.10733686507315054,0.0,1.0
KXNBA3PT-26APR04SASDEN-DENJMURRAY27-6,2026-04-04,fg3m,5.5,2.2905,3.2095,0.03025,0.04950320221101712,0.0,1.0
KXNBA3PT-26APR04SASDEN-DENNJOKIC15-1,2026-04-04,fg3m,0.5,1.03425,-0.5342499999999999,0.6385,0.6208921141483772,1.0,1.0
KXNBA3PT-26APR04SASDEN-DENNJOKIC15-2,2026-04-04,fg3m,1.5,1.03425,0.4657500000000001,0.28225,0.2755844027708194,0.0,1.0
KXNBA3PT-26APR04SASDEN-DENNJOKIC15-3,2026-04-04,fg3m,2.5,1.03425,1.46575,0.0865,0.09772274121610613,0.0,1.0
KXNBA3PT-26APR04SASDEN-DENNJOKIC15-4,2026-04-04,fg3m,3.5,1.03425,2.46575,0.0215,0.029573048170294713,0.0,1.0
KXNBA3PT-26APR04SASDEN-DENNJOKIC15-5,2026-04-04,fg3m,4.5,1.03425,3.46575,0.004,0.00795589559113552,0.0,1.0
KXNBA3PT-26APR04SASDEN-SASDFOX4-1,2026-04-04,fg3m,0.5,0.9905,-0.49050000000000005,0.6275,0.6059616965334733,0.0,1.0
KXNBA3PT-26APR04SASDEN-SASDFOX4-2,2026-04-04,fg3m,1.5,0.9905,0.5095,0.26075,0.2604931950890502,0.0,1.0
KXNBA3PT-26APR04SASDEN-SASDFOX4-3,2026-04-04,fg3m,2.5,0.9905,1.5095,0.07825,0.08921144925117941,0.0,1.0
KXNBA3PT-26APR04SASDEN-SASDFOX4-4,2026-04-04,fg3m,3.5,0.9905,2.5095,0.019,0.026040239080322936,0.0,1.0
KXNBA3PT-26APR04SASDEN-SASDFOX4-5,2026-04-04,fg3m,4.5,0.9905,3.5095,0.0045,0.006752543743100192,0.0,1.0
KXNBA3PT-26APR04SASDEN-SASSCASTLE5-1,2026-04-04,fg3m,0.5,1.3295,-0.8294999999999999,0.73275,0.7064257419141502,0.0,1.0
KXNBA3PT-26APR04SASDEN-SASSCASTLE5-2,2026-04-04,fg3m,1.5,1.3295,0.1705000000000001,0.387,0.3740132255034281,0.0,1.0
KXNBA3PT-26APR04SASDEN-SASSCASTLE5-3,2026-04-04,fg3m,2.5,1.3295,1.1705,0.1435,0.161165323747554,0.0,1.0
KXNBA3PT-26APR04SASDEN-SASSCASTLE5-4,2026-04-04,fg3m,3.5,1.3295,2.1705,0.049,0.05978191958934709,0.0,1.0
KXNBA3PT-26APR04SASDEN-SASSCASTLE5-5,2026-04-04,fg3m,4.5,1.3295,3.1705,0.01425,0.019804257705328232,0.0,1.0
KXNBAPTS-26APR04WASMIA-MIAAWIGGINS22-10,2026-04-04,pts,9.5,10.751,-1.2509999999999994,0.543,0.5394182953080502,1.0,1.0
KXNBAPTS-26APR04WASMIA-MIAAWIGGINS22-15,2026-04-04,pts,14.5,10.751,3.7490000000000006,0.242,0.22058377474163893,1.0,1.0
KXNBAPTS-26APR04WASMIA-MIAAWIGGINS22-20,2026-04-04,pts,19.5,10.751,8.749,0.07675,0.0688065241178748,1.0,1.0
KXNBAPTS-26APR04WASMIA-MIAAWIGGINS22-25,2026-04-04,pts,24.5,10.751,13.749,0.02325,0.017774250972102945,0.0,1.0
KXNBAPTS-26APR04WASMIA-MIABADEBAYO13-15,2026-04-04,pts,14.5,16.298,-1.7979999999999983,0.57125,0.5415488274331792,0.0,1.0
KXNBAPTS-26APR04WASMIA-MIABADEBAYO13-20,2026-04-04,pts,19.5,16.298,3.2020000000000017,0.296,0.29823160930857395,0.0,1.0
KXNBAPTS-26APR04WASMIA-MIABADEBAYO13-25,2026-04-04,pts,24.5,16.298,8.202000000000002,0.1245,0.1412177746470631,0.0,1.0
KXNBAPTS-26APR04WASMIA-MIABADEBAYO13-30,2026-04-04,pts,29.5,16.298,13.202000000000002,0.0425,0.059536448048699286,0.0,1.0
KXNBAPTS-26APR04WASMIA-MIABADEBAYO13-35,2026-04-04,pts,34.5,16.298,18.202,0.01325,0.02292815238355017,0.0,1.0
KXNBAPTS-26APR04WASMIA-MIADMITCHELL45-10,2026-04-04,pts,9.5,9.7085,-0.2085000000000008,0.4695,0.4612783900391437,1.0,1.0
KXNBAPTS-26APR04WASMIA-MIADMITCHELL45-15,2026-04-04,pts,14.5,9.7085,4.791499999999999,0.17875,0.1608313403252104,0.0,1.0
KXNBAPTS-26APR04WASMIA-MIADMITCHELL45-20,2026-04-04,pts,19.5,9.7085,9.7915,0.0495,0.042109008545939464,0.0,1.0
KXNBAPTS-26APR04WASMIA-MIAKWARE7-10,2026-04-04,pts,9.5,7.37425,2.12575,0.30575,0.2633943999386087,1.0,1.0
KXNBAPTS-26APR04WASMIA-MIAKWARE7-15,2026-04-04,pts,14.5,7.37425,7.12575,0.096,0.055241375173710305,1.0,1.0
KXNBAPTS-26APR04WASMIA-MIAKWARE7-20,2026-04-04,pts,19.5,7.37425,12.12575,0.02325,0.008397197472014506,1.0,1.0
KXNBAPTS-26APR04WASMIA-WASBCOULIBALY0-10,2026-04-04,pts,9.5,8.46329365079365,1.0367063492063497,0.3835978835978836,0.3581043646562714,1.0,0.756
KXNBAPTS-26APR04WASMIA-WASBCOULIBALY0-15,2026-04-04,pts,14.5,8.46329365079365,6.03670634920635,0.12367724867724868,0.0982746869390898,0.0,0.756
KXNBAPTS-26APR04WASMIA-WASBCOULIBALY0-20,2026-04-04,pts,19.5,8.46329365079365,11.03670634920635,0.028439153439153438,0.019872975709369856,0.0,0.756
KXNBAPTS-26APR04WASMIA-WASBCOULIBALY0-25,2026-04-04,pts,24.5,8.46329365079365,16.036706349206348,0.003968253968253968,0.003277353270393135,0.0,0.756
KXNBAPTS-26APR04WASMIA-WASTJOHNSON12-10,2026-04-04,pts,9.5,7.4615,2.0385,0.30275,0.2709827477478106,1.0,1.0
KXNBAPTS-26APR04WASMIA-WASTJOHNSON12-15,2026-04-04,pts,14.5,7.4615,7.0385,0.0795,0.05821773898875393,0.0,1.0
KXNBAPTS-26APR04WASMIA-WASTJOHNSON12-20,2026-04-04,pts,19.5,7.4615,12.038499999999999,0.01475,0.009077251759861293,0.0,1.0
KXNBAPTS-26APR04WASMIA-WASTJOHNSON12-25,2026-04-04,pts,24.5,7.4615,17.0385,0.002,0.0011466881699510045,0.0,1.0
KXNBAREB-26APR04WASMIA-MIAAWIGGINS22-10,2026-04-04,reb,9.5,4.21975,5.28025,0.0225,0.029856571910749308,0.0,1.0
KXNBAREB-26APR04WASMIA-MIAAWIGGINS22-2,2026-04-04,reb,1.5,4.21975,-2.7197500000000003,0.9005,0.8833961200478284,1.0,1.0
KXNBAREB-26APR04WASMIA-MIAAWIGGINS22-4,2026-04-04,reb,3.5,4.21975,-0.7197500000000003,0.584,0.5698815205790171,0.0,1.0
KXNBAREB-26APR04WASMIA-MIAAWIGGINS22-6,2026-04-04,reb,5.5,4.21975,1.2802499999999997,0.254,0.2686192493445938,0.0,1.0
KXNBAREB-26APR04WASMIA-MIAAWIGGINS22-8,2026-04-04,reb,7.5,4.21975,3.2802499999999997,0.0875,0.09860321167244945,0.0,1.0
KXNBAREB-26APR04WASMIA-MIABADEBAYO13-10,2026-04-04,reb,9.5,6.95625,2.54375,0.18225,0.21142959982262888,0.0,1.0
KXNBAREB-26APR04WASMIA-MIABADEBAYO13-12,2026-04-04,reb,11.5,6.95625,4.54375,0.068,0.10041448999101388,0.0,1.0
KXNBAREB-26APR04WASMIA-MIABADEBAYO13-14,2026-04-04,reb,13.5,6.95625,6.54375,0.021,0.042979431696196,0.0,1.0
KXNBAREB-26APR04WASMIA-MIABADEBAYO13-16,2026-04-04,reb,15.5,6.95625,8.54375,0.00425,0.016865689948586393,0.0,1.0
KXNBAREB-26APR04WASMIA-MIABADEBAYO13-8,2026-04-04,reb,7.5,6.95625,0.5437500000000002,0.398,0.39286966853922944,1.0,1.0
KXNBAREB-26APR04WASMIA-MIAKWARE7-10,2026-04-04,reb,9.5,3.95225,5.547750000000001,0.024,0.021629740668746678,1.0,1.0
KXNBAREB-26APR04WASMIA-MIAKWARE7-12,2026-04-04,reb,11.5,3.95225,7.547750000000001,0.00575,0.005158588785638796,1.0,1.0
KXNBAREB-26APR04WASMIA-MIAKWARE7-6,2026-04-04,reb,5.5,3.95225,1.5477500000000002,0.24475,0.23047480083528604,1.0,1.0
KXNBAREB-26APR04WASMIA-MIAKWARE7-8,2026-04-04,reb,7.5,3.95225,3.54775,0.084,0.07789882254954872,1.0,1.0
KXNBAREB-26APR04WASMIA-MIAKWARE7-9,2026-04-04,reb,8.5,3.95225,4.547750000000001,0.04775,0.041937308515601845,1.0,1.0
KXNBAAST-26APR04WASMIA-MIABADEBAYO13-10,2026-04-04,ast,9.5,2.789,6.711,0.00125,0.0029020753513285813,0.0,1.0
KXNBAAST-26APR04WASMIA-MIABADEBAYO13-2,2026-04-04,ast,1.5,2.789,-1.2890000000000001,0.76025,0.7307339732010694,1.0,1.0
KXNBAAST-26APR04WASMIA-MIABADEBAYO13-4,2026-04-04,ast,3.5,2.789,0.7109999999999999,0.29975,0.30966897829501705,1.0,1.0
KXNBAAST-26APR04WASMIA-MIABADEBAYO13-6,2026-04-04,ast,5.5,2.789,2.711,0.0725,0.0859041180141874,1.0,1.0
KXNBAAST-26APR04WASMIA-MIABADEBAYO13-8,2026-04-04,ast,7.5,2.789,4.711,0.01025,0.017626341295165382,0.0,1.0
KXNBAAST-26APR04WASMIA-MIADMITCHELL45-10,2026-04-04,ast,9.5,3.30775,6.19225,0.0055,0.007995650500312923,0.0,1.0
KXNBAAST-26APR04WASMIA-MIADMITCHELL45-12,2026-04-04,ast,11.5,3.30775,8.19225,0.00075,0.0014416540468418226,0.0,1.0
KXNBAAST-26APR04WASMIA-MIADMITCHELL45-4,2026-04-04,ast,3.5,3.30775,0.19225000000000003,0.416,0.41159836579133013,1.0,1.0
KXNBAAST-26APR04WASMIA-MIADMITCHELL45-6,2026-04-04,ast,5.5,3.30775,2.19225,0.12975,0.143669513676151,1.0,1.0
KXNBAAST-26APR04WASMIA-MIADMITCHELL45-8,2026-04-04,ast,7.5,3.30775,4.19225,0.03025,0.037692754905599424,0.0,1.0
KXNBAAST-26APR04WASMIA-MIAKWARE7-1,2026-04-04,ast,0.5,1.37275,-0.8727499999999999,0.7145,0.7252608582369361,1.0,1.0
KXNBAAST-26APR04WASMIA-MIAKWARE7-2,2026-04-04,ast,1.5,1.37275,0.12725000000000009,0.38575,0.3908105507276003,1.0,1.0
KXNBAAST-26APR04WASMIA-MIAKWARE7-4,2026-04-04,ast,3.5,1.37275,2.12725,0.064,0.06122936543440516,0.0,1.0
KXNBAAST-26APR04WASMIA-MIAKWARE7-6,2026-04-04,ast,5.5,1.37275,4.12725,0.0085,0.005626526718604752,0.0,1.0
KXNBAAST-26APR04WASMIA-MIAKWARE7-8,2026-04-04,ast,7.5,1.37275,6.12725,0.00075,0.000366981884912021,0.0,1.0
KXNBAAST-26APR04WASMIA-WASBCARRINGTON7-2,2026-04-04,ast,1.5,2.887,-1.387,0.7545,0.7460677524782067,1.0,1.0
KXNBAAST-26APR04WASMIA-WASBCARRINGTON7-4,2026-04-04,ast,3.5,2.887,0.613,0.339,0.3292091500405009,1.0,1.0
KXNBAAST-26APR04WASMIA-WASBCARRINGTON7-5,2026-04-04,ast,4.5,2.887,1.613,0.18025,0.1855330175284271,1.0,1.0
KXNBAAST-26APR04WASMIA-WASBCARRINGTON7-6,2026-04-04,ast,5.5,2.887,2.613,0.089,0.09580498815501348,0.0,1.0
KXNBAAST-26APR04WASMIA-WASBCARRINGTON7-8,2026-04-04,ast,7.5,2.887,4.6129999999999995,0.01625,0.02068428770586228,0.0,1.0
KXNBAPTS-26APR04DETPHI-DETATHOMPSON9-10,2026-04-04,pts,9.5,7.338,2.162,0.27875,0.2602466829734069,1.0,1.0
KXNBAPTS-26APR04DETPHI-DETATHOMPSON9-15,2026-04-04,pts,14.5,7.338,7.162,0.07075,0.054030112989997825,0.0,1.0
KXNBAPTS-26APR04DETPHI-DETATHOMPSON9-20,2026-04-04,pts,19.5,7.338,12.161999999999999,0.01225,0.008125692347210056,0.0,1.0
KXNBAPTS-26APR04DETPHI-DETATHOMPSON9-25,2026-04-04,pts,24.5,7.338,17.162,0.00125,0.0009893040952803078,0.0,1.0
KXNBAPTS-26APR04DETPHI-DETDROBINSON55-10,2026-04-04,pts,9.5,8.76225,0.7377500000000001,0.4015,0.3836324397203622,1.0,1.0
KXNBAPTS-26APR04DETPHI-DETDROBINSON55-15,2026-04-04,pts,14.5,8.76225,5.73775,0.1345,0.1121538031737791,0.0,1.0
KXNBAPTS-26APR04DETPHI-DETDROBINSON55-20,2026-04-04,pts,19.5,8.76225,10.73775,0.03075,0.02427031159698334,0.0,1.0
KXNBAPTS-26APR04DETPHI-DETDROBINSON55-25,2026-04-04,pts,24.5,8.76225,15.73775,0.006,0.004291761946746853,0.0,1.0
KXNBAPTS-26APR04DETPHI-PHIKOUBRE9-10,2026-04-04,pts,9.5,9.71775,-0.21775000000000055,0.47275,0.4620086182053851,0.0,1.0
KXNBAPTS-26APR04DETPHI-PHIKOUBRE9-15,2026-04-04,pts,14.5,9.71775,4.7822499999999994,0.18125,0.16133764826676056,0.0,1.0
KXNBAPTS-26APR04DETPHI-PHIKOUBRE9-20,2026-04-04,pts,19.5,9.71775,9.78225,0.05275,0.042313494653300476,0.0,1.0
KXNBAPTS-26APR04DETPHI-PHIKOUBRE9-25,2026-04-04,pts,24.5,9.71775,14.78225,0.0115,0.009126296813181334,0.0,1.0
KXNBAPTS-26APR04DETPHI-PHIPGEORGE8-15,2026-04-04,pts,14.5,11.6215,2.8785000000000007,0.28275,0.2731866206203464,1.0,1.0
KXNBAPTS-26APR04DETPHI-PHIPGEORGE8-20,2026-04-04,pts,19.5,11.6215,7.878500000000001,0.102,0.0964716694395682,1.0,1.0
KXNBAPTS-26APR04DETPHI-PHIPGEORGE8-25,2026-04-04,pts,24.5,11.6215,12.8785,0.02725,0.02838038898463413,0.0,1.0
KXNBAPTS-26APR04DETPHI-PHIPGEORGE8-30,2026-04-04,pts,29.5,11.6215,17.878500000000003,0.00625,0.007308584296117249,0.0,1.0
KXNBAPTS-26APR04DETPHI-PHITMAXEY0-20,2026-04-04,pts,19.5,13.823,5.677,0.18425,0.1837781250351982,1.0,1.0
KXNBAPTS-26APR04DETPHI-PHITMAXEY0-25,2026-04-04,pts,24.5,13.823,10.677,0.062,0.07025204730055612,0.0,1.0
KXNBAPTS-26APR04DETPHI-PHITMAXEY0-30,2026-04-04,pts,29.5,13.823,15.677,0.01725,0.02369518075804522,0.0,1.0
KXNBAPTS-26APR04DETPHI-PHITMAXEY0-35,2026-04-04,pts,34.5,13.823,20.677,0.00375,0.007261950414023666,0.0,1.0
KXNBAPTS-26APR04DETPHI-PHITMAXEY0-40,2026-04-04,pts,39.5,13.823,25.677,0.0005,0.0020643151119487113,0.0,1.0
KXNBAPTS-26APR04DETPHI-PHIVEDGECOMBE77-10,2026-04-04,pts,9.5,10.43275,-0.9327500000000004,0.51975,0.5164873465959375,1.0,1.0
KXNBAPTS-26APR04DETPHI-PHIVEDGECOMBE77-15,2026-04-04,pts,14.5,10.43275,4.06725,0.21975,0.2018449753172059,1.0,1.0
KXNBAPTS-26APR04DETPHI-PHIVEDGECOMBE77-20,2026-04-04,pts,19.5,10.43275,9.06725,0.06225,0.05988444866090137,0.0,1.0
KXNBAPTS-26APR04DETPHI-PHIVEDGECOMBE77-25,2026-04-04,pts,24.5,10.43275,14.06725,0.0155,0.014681777633046456,0.0,1.0
KXNBAREB-26APR04DETPHI-DETATHOMPSON9-10,2026-04-04,reb,9.5,4.14375,5.35625,0.017,0.02734212869131769,0.0,1.0
KXNBAREB-26APR04DETPHI-DETATHOMPSON9-12,2026-04-04,reb,11.5,4.14375,7.35625,0.002,0.006954953086187765,0.0,1.0
KXNBAREB-26APR04DETPHI-DETATHOMPSON9-6,2026-04-04,reb,5.5,4.14375,1.3562500000000002,0.25575,0.2576928526881298,0.0,1.0
KXNBAREB-26APR04DETPHI-DETATHOMPSON9-7,2026-04-04,reb,6.5,4.14375,2.35625,0.1425,0.15867399367389734,0.0,1.0
KXNBAREB-26APR04DETPHI-DETATHOMPSON9-8,2026-04-04,reb,7.5,4.14375,3.35625,0.0745,0.09247497156468798,0.0,1.0
KXNBAREB-26APR04DETPHI-PHIKOUBRE9-2,2026-04-04,reb,1.5,4.07025,-2.5702499999999997,0.8855,0.8727766681459702,1.0,1.0
KXNBAREB-26APR04DETPHI-PHIKOUBRE9-4,2026-04-04,reb,3.5,4.07025,-0.5702499999999997,0.56475,0.5460911952314373,1.0,1.0
KXNBAREB-26APR04DETPHI-PHIKOUBRE9-5,2026-04-04,reb,4.5,4.07025,0.4297500000000003,0.38,0.38095454104145954,0.0,1.0
KXNBAREB-26APR04DETPHI-PHIKOUBRE9-6,2026-04-04,reb,5.5,4.07025,1.4297500000000003,0.238,0.24718663187244316,0.0,1.0
KXNBAREB-26APR04DETPHI-PHIKOUBRE9-8,2026-04-04,reb,7.5,4.07025,3.4297500000000003,0.07725,0.08673163099387826,0.0,1.0
KXNBAREB-26APR04DETPHI-PHIPGEORGE8-10,2026-04-04,reb,9.5,3.9815,5.5184999999999995,0.0135,0.022445584316192257,0.0,1.0
KXNBAREB-26APR04DETPHI-PHIPGEORGE8-2,2026-04-04,reb,1.5,3.9815,-2.4815,0.89675,0.8659994350986701,1.0,1.0
KXNBAREB-26APR04DETPHI-PHIPGEORGE8-4,2026-04-04,reb,3.5,3.9815,-0.48150000000000004,0.5525,0.5315242685891929,1.0,1.0
KXNBAREB-26APR04DETPHI-PHIPGEORGE8-6,2026-04-04,reb,5.5,3.9815,1.5185,0.21675,0.23459735088543,0.0,1.0
KXNBAREB-26APR04DETPHI-PHIPGEORGE8-8,2026-04-04,reb,7.5,3.9815,3.5185,0.06125,0.0800430596139442,0.0,1.0
KXNBAREB-26APR04DETPHI-PHIVEDGECOMBE77-10,2026-04-04,reb,9.5,3.82025,5.67975,0.01075,0.018194592425865297,0.0,1.0
KXNBAREB-26APR04DETPHI-PHIVEDGECOMBE77-2,2026-04-04,reb,1.5,3.82025,-2.32025,0.87675,0.8527080866915578,1.0,1.0
KXNBAREB-26APR04DETPHI-PHIVEDGECOMBE77-4,2026-04-04,reb,3.5,3.82025,-0.32025000000000015,0.522,0.5042340663439102,1.0,1.0
KXNBAREB-26APR04DETPHI-PHIVEDGECOMBE77-6,2026-04-04,reb,5.5,3.82025,1.6797499999999999,0.199,0.21206247053416605,1.0,1.0
KXNBAREB-26APR04DETPHI-PHIVEDGECOMBE77-8,2026-04-04,reb,7.5,3.82025,3.67975,0.052,0.0686012034862079,0.0,1.0
KXNBAAST-26APR04DETPHI-DETATHOMPSON9-10,2026-04-04,ast,9.5,2.21925,7.280749999999999,0.0005,0.0006542679831401665,0.0,1.0
KXNBAAST-26APR04DETPHI-DETATHOMPSON9-2,2026-04-04,ast,1.5,2.21925,-0.7192500000000002,0.635,0.6223923091795098,1.0,1.0
KXNBAAST-26APR04DETPHI-DETATHOMPSON9-4,2026-04-04,ast,3.5,2.21925,1.2807499999999998,0.19825,0.1976081718843058,0.0,1.0
KXNBAAST-26APR04DETPHI-DETATHOMPSON9-6,2026-04-04,ast,5.5,2.21925,3.28075,0.02775,0.039302007091728486,0.0,1.0
KXNBAAST-26APR04DETPHI-DETATHOMPSON9-8,2026-04-04,ast,7.5,2.21925,5.280749999999999,0.0035,0.005683542544456799,0.0,1.0
KXNBAAST-26APR04DETPHI-PHIKOUBRE9-10,2026-04-04,ast,9.5,1.75525,7.74475,0.0,0.00012333933630948035,0.0,1.0
KXNBAAST-26APR04DETPHI-PHIKOUBRE9-2,2026-04-04,ast,1.5,1.75525,-0.25525,0.51425,0.5064007437778498,0.0,1.0
KXNBAAST-26APR04DETPHI-PHIKOUBRE9-4,2026-04-04,ast,3.5,1.75525,1.74475,0.1115,0.11556558148557006,0.0,1.0
KXNBAAST-26APR04DETPHI-PHIKOUBRE9-6,2026-04-04,ast,5.5,1.75525,3.74475,0.009,0.015934270035339315,0.0,1.0
KXNBAAST-26APR04DETPHI-PHIKOUBRE9-8,2026-04-04,ast,7.5,1.75525,5.74475,0.001,0.0015761367749470567,0.0,1.0
KXNBAAST-26APR04DETPHI-PHIPGEORGE8-10,2026-04-04,ast,9.5,2.55125,6.94875,0.0005,0.0016516152045031873,0.0,1.0
KXNBAAST-26APR04DETPHI-PHIPGEORGE8-2,2026-04-04,ast,1.5,2.55125,-1.05125,0.7115,0.6897024177812784,1.0,1.0
KXNBAAST-26APR04DETPHI-PHIPGEORGE8-4,2026-04-04,ast,3.5,2.55125,0.94875,0.2555,0.2622755020898626,1.0,1.0
KXNBAAST-26APR04DETPHI-PHIPGEORGE8-6,2026-04-04,ast,5.5,2.55125,2.94875,0.05475,0.06410626765678917,0.0,1.0
KXNBAAST-26APR04DETPHI-PHIPGEORGE8-8,2026-04-04,ast,7.5,2.55125,4.94875,0.009,0.011506402254945924,0.0,1.0
KXNBAAST-26APR04DETPHI-PHITMAXEY0-10,2026-04-04,ast,9.5,3.61825,5.88175,0.007,0.01313559271092879,0.0,1.0
KXNBAAST-26APR04DETPHI-PHITMAXEY0-12,2026-04-04,ast,11.5,3.61825,7.88175,0.0005,0.00269857518552441,0.0,1.0
KXNBAAST-26APR04DETPHI-PHITMAXEY0-6,2026-04-04,ast,5.5,3.61825,1.8817499999999998,0.166,0.18358788740475251,0.0,1.0
KXNBAAST-26APR04DETPHI-PHITMAXEY0-7,2026-04-04,ast,6.5,3.61825,2.88175,0.08475,0.10302736531293377,0.0,1.0
KXNBAAST-26APR04DETPHI-PHITMAXEY0-8,2026-04-04,ast,7.5,3.61825,3.88175,0.0355,0.05448486001052155,0.0,1.0
KXNBAAST-26APR04DETPHI-PHIVEDGECOMBE77-10,2026-04-04,ast,9.5,2.7235,6.7765,0.00125,0.002502540958040922,0.0,1.0
KXNBAAST-26APR04DETPHI-PHIVEDGECOMBE77-2,2026-04-04,ast,1.5,2.7235,-1.2235,0.74325,0.7199852466030584,0.0,1.0
KXNBAAST-26APR04DETPHI-PHIVEDGECOMBE77-4,2026-04-04,ast,3.5,2.7235,0.7765,0.29425,0.29659089565383523,0.0,1.0
KXNBAAST-26APR04DETPHI-PHIVEDGECOMBE77-6,2026-04-04,ast,5.5,2.7235,2.7765,0.067,0.07957795041516902,0.0,1.0
KXNBAAST-26APR04DETPHI-PHIVEDGECOMBE77-8,2026-04-04,ast,7.5,2.7235,4.7765,0.0105,0.015761282213420658,0.0,1.0
KXNBA3PT-26APR04DETPHI-DETDROBINSON55-1,2026-04-04,fg3m,0.5,1.803,-1.303,0.82725,0.8018238909414144,1.0,1.0
KXNBA3PT-26APR04DETPHI-DETDROBINSON55-2,2026-04-04,fg3m,1.5,1.803,-0.30299999999999994,0.542,0.5127820304611899,1.0,1.0
KXNBA3PT-26APR04DETPHI-DETDROBINSON55-3,2026-04-04,fg3m,2.5,1.803,0.6970000000000001,0.2675,0.27438392490718255,1.0,1.0
KXNBA3PT-26APR04DETPHI-DETDROBINSON55-4,2026-04-04,fg3m,3.5,1.803,1.697,0.108,0.12811558013035285,0.0,1.0
KXNBA3PT-26APR04DETPHI-DETDROBINSON55-5,2026-04-04,fg3m,4.5,1.803,2.697,0.03925,0.05382206303669412,0.0,1.0
KXNBA3PT-26APR04DETPHI-PHITMAXEY0-1,2026-04-04,fg3m,0.5,1.30725,-0.80725,0.711,0.7008025210709217,1.0,1.0
KXNBA3PT-26APR04DETPHI-PHITMAXEY0-2,2026-04-04,fg3m,1.5,1.30725,0.19274999999999998,0.37425,0.3668635773656719,1.0,1.0
KXNBA3PT-26APR04DETPHI-PHITMAXEY0-3,2026-04-04,fg3m,2.5,1.30725,1.19275,0.152,0.15609356662138973,0.0,1.0
KXNBA3PT-26APR04DETPHI-PHITMAXEY0-4,2026-04-04,fg3m,3.5,1.30725,2.19275,0.05125,0.057134393641025905,0.0,1.0
KXNBA3PT-26APR04DETPHI-PHITMAXEY0-5,2026-04-04,fg3m,4.5,1.30725,3.19275,0.0135,0.01867022752746572,0.0,1.0
KXNBA3PT-26APR04DETPHI-PHIVEDGECOMBE77-1,2026-04-04,fg3m,0.5,1.08125,-0.58125,0.647,0.6362231246209764,1.0,1.0
KXNBA3PT-26APR04DETPHI-PHIVEDGECOMBE77-2,2026-04-04,fg3m,1.5,1.08125,0.41874999999999996,0.2955,0.29169029946989955,1.0,1.0
KXNBA3PT-26APR04DETPHI-PHIVEDGECOMBE77-3,2026-04-04,fg3m,2.5,1.08125,1.41875,0.105,0.10716380486635346,0.0,1.0
KXNBA3PT-26APR04DETPHI-PHIVEDGECOMBE77-4,2026-04-04,fg3m,3.5,1.08125,2.41875,0.0285,0.033646030858455855,0.0,1.0
KXNBA3PT-26APR04DETPHI-PHIVEDGECOMBE77-5,2026-04-04,fg3m,4.5,1.08125,3.41875,0.0045,0.009397859580762447,0.0,1.0
KXNBAPTS-26APR03ATLBKN-ATLCMCCOLLUM3-15,2026-04-03,pts,14.5,11.8185,2.6814999999999998,0.29825,0.2852445574302095,1.0,1.0
KXNBAPTS-26APR03ATLBKN-ATLCMCCOLLUM3-20,2026-04-03,pts,19.5,11.8185,7.6815,0.1025,0.10335227014822168,1.0,1.0
KXNBAPTS-26APR03ATLBKN-ATLCMCCOLLUM3-25,2026-04-03,pts,24.5,11.8185,12.6815,0.024,0.031238076741975318,1.0,1.0
KXNBAPTS-26APR03ATLBKN-ATLCMCCOLLUM3-30,2026-04-03,pts,29.5,11.8185,17.6815,0.004,0.008270837855468893,0.0,1.0
KXNBAPTS-26APR03ATLBKN-ATLDDANIELS5-10,2026-04-03,pts,9.5,9.80875,-0.30874999999999986,0.47175,0.4691593001454607,1.0,1.0
KXNBAPTS-26APR03ATLBKN-ATLDDANIELS5-15,2026-04-03,pts,14.5,9.80875,4.69125,0.16875,0.16634550479380106,0.0,1.0
KXNBAPTS-26APR03ATLBKN-ATLDDANIELS5-20,2026-04-03,pts,19.5,9.80875,9.69125,0.04775,0.04435645982259662,0.0,1.0
KXNBAPTS-26APR03ATLBKN-ATLDDANIELS5-25,2026-04-03,pts,24.5,9.80875,14.69125,0.0075,0.009732874354190568,0.0,1.0
KXNBAPTS-26APR03ATLBKN-ATLJJOHNSON1-20,2026-04-03,pts,19.5,13.1545,6.3454999999999995,0.153,0.1551367834765477,0.0,1.0
KXNBAPTS-26APR03ATLBKN-ATLJJOHNSON1-25,2026-04-03,pts,24.5,13.1545,11.3455,0.042,0.055240362234750595,0.0,1.0
KXNBAPTS-26APR03ATLBKN-ATLJJOHNSON1-30,2026-04-03,pts,29.5,13.1545,16.3455,0.00925,0.01731340218808375,0.0,1.0
KXNBAPTS-26APR03ATLBKN-ATLJJOHNSON1-35,2026-04-03,pts,34.5,13.1545,21.3455,0.00225,0.004923678510325158,0.0,1.0
KXNBAPTS-26APR03ATLBKN-ATLJKUMINGA0-10,2026-04-03,pts,9.5,7.3495,2.1505,0.29,0.26124491350621315,1.0,1.0
KXNBAPTS-26APR03ATLBKN-ATLJKUMINGA0-15,2026-04-03,pts,14.5,7.3495,7.1505,0.0755,0.054412759487342255,0.0,1.0
KXNBAPTS-26APR03ATLBKN-ATLJKUMINGA0-20,2026-04-03,pts,19.5,7.3495,12.150500000000001,0.015,0.008211131687303586,0.0,1.0
KXNBAPTS-26APR03ATLBKN-ATLJKUMINGA0-25,2026-04-03,pts,24.5,7.3495,17.1505,0.002,0.0010031883601926417,0.0,1.0
KXNBAPTS-26APR03ATLBKN-ATLNALEXANDERWALKER7-10,2026-04-03,pts,9.5,13.97225,-4.472250000000001,0.7335,0.7240010097385807,1.0,1.0
KXNBAPTS-26APR03ATLBKN-ATLNALEXANDERWALKER7-15,2026-04-03,pts,14.5,13.97225,0.5277499999999993,0.4385,0.41529173900673233,1.0,1.0
KXNBAPTS-26APR03ATLBKN-ATLNALEXANDERWALKER7-20,2026-04-03,pts,19.5,13.97225,5.527749999999999,0.188,0.19036390175294615,1.0,1.0
KXNBAPTS-26APR03ATLBKN-ATLNALEXANDERWALKER7-25,2026-04-03,pts,24.5,13.97225,10.52775,0.06225,0.07386735113451015,0.0,1.0
KXNBAPTS-26APR03ATLBKN-ATLNALEXANDERWALKER7-30,2026-04-03,pts,29.5,13.97225,15.52775,0.0165,0.025304151796898045,0.0,1.0
KXNBAPTS-26APR03ATLBKN-ATLOOKONGWU17-10,2026-04-03,pts,9.5,9.338,0.1620000000000008,0.447,0.43153935833366697,1.0,1.0
KXNBAPTS-26APR03ATLBKN-ATLOOKONGWU17-15,2026-04-03,pts,14.5,9.338,5.162000000000001,0.166,0.14099810160823611,1.0,1.0
KXNBAPTS-26APR03ATLBKN-ATLOOKONGWU17-20,2026-04-03,pts,19.5,9.338,10.162,0.041,0.03440056710878947,0.0,1.0
KXNBAPTS-26APR03ATLBKN-ATLOOKONGWU17-25,2026-04-03,pts,24.5,9.338,15.162,0.007,0.006884681857617703,0.0,1.0
KXNBAPTS-26APR03ATLBKN-BKNNCLAXTON33-10,2026-04-03,pts,9.5,6.8765,2.6235,0.23575,0.2205864407608914,1.0,1.0
KXNBAPTS-26APR03ATLBKN-BKNNCLAXTON33-15,2026-04-03,pts,14.5,6.8765,7.6235,0.0505,0.03992656598608091,1.0,1.0
KXNBAPTS-26APR03ATLBKN-BKNNCLAXTON33-20,2026-04-03,pts,19.5,6.8765,12.6235,0.0075,0.005198701887276114,0.0,1.0
KXNBAPTS-26APR03ATLBKN-BKNNCLAXTON33-25,2026-04-03,pts,24.5,6.8765,17.6235,0.00075,0.0005463675682573221,0.0,1.0
KXNBAPTS-26APR03ATLBKN-BKNNCLOWNEY21-10,2026-04-03,pts,9.5,6.77,2.7300000000000004,0.2565,0.21158733408343766,1.0,1.0
KXNBAPTS-26APR03ATLBKN-BKNNCLOWNEY21-15,2026-04-03,pts,14.5,6.77,7.73,0.07125,0.03702134505460597,0.0,1.0
KXNBAPTS-26APR03ATLBKN-BKNNCLOWNEY21-20,2026-04-03,pts,19.5,6.77,12.73,0.017,0.004652313128538976,0.0,1.0
KXNBAPTS-26APR03ATLBKN-BKNNCLOWNEY21-25,2026-04-03,pts,24.5,6.77,17.73,0.00325,0.0004715714998576592,0.0,1.0
KXNBAPTS-26APR03ATLBKN-BKNZWILLIAMS1-10,2026-04-03,pts,9.5,8.932450331125828,0.5675496688741717,0.40794701986754967,0.39798462211459096,0.0,0.755
KXNBAPTS-26APR03ATLBKN-BKNZWILLIAMS1-15,2026-04-03,pts,14.5,8.932450331125828,5.567549668874172,0.1413907284768212,0.12040518971722403,0.0,0.755
KXNBAPTS-26APR03ATLBKN-BKNZWILLIAMS1-20,2026-04-03,pts,19.5,8.932450331125828,10.567549668874172,0.033443708609271525,0.027033978290912253,0.0,0.755
KXNBAREB-26APR03ATLBKN-ATLDDANIELS5-10,2026-04-03,reb,9.5,4.99975,4.50025,0.047,0.06417302679298631,0.0,1.0
KXNBAREB-26APR03ATLBKN-ATLDDANIELS5-12,2026-04-03,reb,11.5,4.99975,6.50025,0.0115,0.02084024049064981,0.0,1.0
KXNBAREB-26APR03ATLBKN-ATLDDANIELS5-4,2026-04-03,reb,3.5,4.99975,-1.4997499999999997,0.70325,0.6784960657530759,1.0,1.0
KXNBAREB-26APR03ATLBKN-ATLDDANIELS5-6,2026-04-03,reb,5.5,4.99975,0.5002500000000003,0.382,0.3816714469677289,0.0,1.0
KXNBAREB-26APR03ATLBKN-ATLDDANIELS5-8,2026-04-03,reb,7.5,4.99975,2.5002500000000003,0.15325,0.17126435645118532,0.0,1.0
KXNBAREB-26APR03ATLBKN-ATLJJOHNSON1-10,2026-04-03,reb,9.5,5.9105,3.5895,0.09675,0.12339286610684908,1.0,1.0
KXNBAREB-26APR03ATLBKN-ATLJJOHNSON1-12,2026-04-03,reb,11.5,5.9105,5.5895,0.02775,0.048994154508581134,0.0,1.0
KXNBAREB-26APR03ATLBKN-ATLJJOHNSON1-14,2026-04-03,reb,13.5,5.9105,7.5895,0.005,0.01742719724138997,0.0,1.0
KXNBAREB-26APR03ATLBKN-ATLJJOHNSON1-6,2026-04-03,reb,5.5,5.9105,-0.41049999999999986,0.524,0.5064429846228596,1.0,1.0
KXNBAREB-26APR03ATLBKN-ATLJJOHNSON1-8,2026-04-03,reb,7.5,5.9105,1.5895000000000001,0.253,0.2715699069110902,1.0,1.0
KXNBAREB-26APR03ATLBKN-ATLJKUMINGA0-2,2026-04-03,reb,1.5,3.2475,-1.7475,0.8245,0.7934480855075758,1.0,1.0
KXNBAREB-26APR03ATLBKN-ATLJKUMINGA0-4,2026-04-03,reb,3.5,3.2475,0.25249999999999995,0.39875,0.39961211898466986,0.0,1.0
KXNBAREB-26APR03ATLBKN-ATLJKUMINGA0-5,2026-04-03,reb,4.5,3.2475,1.2525,0.235,0.24409738816107773,0.0,1.0
KXNBAREB-26APR03ATLBKN-ATLJKUMINGA0-6,2026-04-03,reb,5.5,3.2475,2.2525,0.11775,0.1374401100194943,0.0,1.0
KXNBAREB-26APR03ATLBKN-ATLJKUMINGA0-8,2026-04-03,reb,7.5,3.2475,4.2524999999999995,0.028,0.035725799247455,0.0,1.0
KXNBAREB-26APR03ATLBKN-ATLNALEXANDERWALKER7-10,2026-04-03,reb,9.5,3.68425,5.8157499999999995,0.00675,0.01506390806009561,0.0,1.0
KXNBAREB-26APR03ATLBKN-ATLNALEXANDERWALKER7-2,2026-04-03,reb,1.5,3.68425,-2.18425,0.86825,0.8404384681670056,1.0,1.0
KXNBAREB-26APR03ATLBKN-ATLNALEXANDERWALKER7-4,2026-04-03,reb,3.5,3.68425,-0.18425000000000002,0.5005,0.48042281501858797,1.0,1.0
KXNBAREB-26APR03ATLBKN-ATLNALEXANDERWALKER7-6,2026-04-03,reb,5.5,3.68425,1.81575,0.18,0.19347944780174053,0.0,1.0
KXNBAREB-26APR03ATLBKN-ATLNALEXANDERWALKER7-8,2026-04-03,reb,7.5,3.68425,3.81575,0.0385,0.05968427215320504,0.0,1.0
KXNBAREB-26APR03ATLBKN-ATLOOKONGWU17-10,2026-04-03,reb,9.5,4.56175,4.93825,0.03125,0.04297417452531571,0.0,1.0
KXNBAREB-26APR03ATLBKN-ATLOOKONGWU17-12,2026-04-03,reb,11.5,4.56175,6.93825,0.0065,0.012416031017631113,0.0,1.0
KXNBAREB-26APR03ATLBKN-ATLOOKONGWU17-4,2026-04-03,reb,3.5,4.56175,-1.06175,0.64025,0.6207064033739793,1.0,1.0
KXNBAREB-26APR03ATLBKN-ATLOOKONGWU17-6,2026-04-03,reb,5.5,4.56175,0.93825,0.31525,0.31824686134700353,1.0,1.0
KXNBAREB-26APR03ATLBKN-ATLOOKONGWU17-8,2026-04-03,reb,7.5,4.56175,2.93825,0.1095,0.12842014832125115,0.0,1.0
KXNBAREB-26APR03ATLBKN-BKNNCLAXTON33-10,2026-04-03,reb,9.5,3.74625,5.75375,0.00925,0.016440977743255702,0.0,1.0
KXNBAREB-26APR03ATLBKN-BKNNCLAXTON33-2,2026-04-03,reb,1.5,3.74625,-2.24625,0.876,0.846157918897869,1.0,1.0
KXNBAREB-26APR03ATLBKN-BKNNCLAXTON33-4,2026-04-03,reb,3.5,3.74625,-0.24624999999999986,0.507,0.4913654978706743,1.0,1.0
KXNBAREB-26APR03ATLBKN-BKNNCLAXTON33-6,2026-04-03,reb,5.5,3.74625,1.7537500000000001,0.184,0.20189720259715271,0.0,1.0
KXNBAREB-26APR03ATLBKN-BKNNCLAXTON33-8,2026-04-03,reb,7.5,3.74625,3.75375,0.0455,0.06366491913946737,0.0,1.0
KXNBAAST-26APR03ATLBKN-ATLCMCCOLLUM3-10,2026-04-03,ast,9.5,2.63375,6.86625,0.00075,0.0020252418521765625,0.0,1.0
KXNBAAST-26APR03ATLBKN-ATLCMCCOLLUM3-2,2026-04-03,ast,1.5,2.63375,-1.13375,0.72825,0.7045797016105452,1.0,1.0
KXNBAAST-26APR03ATLBKN-ATLCMCCOLLUM3-4,2026-04-03,ast,3.5,2.63375,0.86625,0.277,0.2786842305859336,1.0,1.0
KXNBAAST-26APR03ATLBKN-ATLCMCCOLLUM3-6,2026-04-03,ast,5.5,2.63375,2.86625,0.057,0.07130206864939548,1.0,1.0
KXNBAAST-26APR03ATLBKN-ATLCMCCOLLUM3-8,2026-04-03,ast,7.5,2.63375,4.86625,0.00875,0.013429857114590438,0.0,1.0
KXNBAAST-26APR03ATLBKN-ATLJJOHNSON1-10,2026-04-03,ast,9.5,3.88975,5.610250000000001,0.01,0.019228239459545327,0.0,1.0
KXNBAAST-26APR03ATLBKN-ATLJJOHNSON1-12,2026-04-03,ast,11.5,3.88975,7.610250000000001,0.00075,0.00437699024685323,0.0,1.0
KXNBAAST-26APR03ATLBKN-ATLJJOHNSON1-4,2026-04-03,ast,3.5,3.88975,-0.3897499999999998,0.531,0.5173726595880255,1.0,1.0
KXNBAAST-26APR03ATLBKN-ATLJJOHNSON1-6,2026-04-03,ast,5.5,3.88975,1.6102500000000002,0.21225,0.22080942253953528,0.0,1.0
KXNBAAST-26APR03ATLBKN-ATLJJOHNSON1-8,2026-04-03,ast,7.5,3.88975,3.61025,0.05025,0.07214376135404399,0.0,1.0
KXNBAAST-26APR03ATLBKN-ATLNALEXANDERWALKER7-10,2026-04-03,ast,9.5,2.549,6.9510000000000005,0.00125,0.00164223714154621,0.0,1.0
KXNBAAST-26APR03ATLBKN-ATLNALEXANDERWALKER7-2,2026-04-03,ast,1.5,2.549,-1.049,0.70975,0.689286814853533,1.0,1.0
KXNBAAST-26APR03ATLBKN-ATLNALEXANDERWALKER7-4,2026-04-03,ast,3.5,2.549,0.9510000000000001,0.2585,0.26182907290096746,0.0,1.0
KXNBAAST-26APR03ATLBKN-ATLNALEXANDERWALKER7-6,2026-04-03,ast,5.5,2.549,2.951,0.05,0.06391564066377375,0.0,1.0
KXNBAAST-26APR03ATLBKN-ATLNALEXANDERWALKER7-8,2026-04-03,ast,7.5,2.549,4.9510000000000005,0.00675,0.011456797902831606,0.0,1.0
KXNBAAST-26APR03ATLBKN-ATLOOKONGWU17-2,2026-04-03,ast,1.5,2.0435,-0.5434999999999999,0.5895,0.581588181932277,1.0,1.0
KXNBAAST-26APR03ATLBKN-ATLOOKONGWU17-3,2026-04-03,ast,2.5,2.0435,0.45650000000000013,0.33825,0.3334458551264944,1.0,1.0
KXNBAAST-26APR03ATLBKN-ATLOOKONGWU17-4,2026-04-03,ast,3.5,2.0435,1.4565000000000001,0.16575,0.1649941698854529,1.0,1.0
KXNBAAST-26APR03ATLBKN-ATLOOKONGWU17-6,2026-04-03,ast,5.5,2.0435,3.4565,0.02225,0.028923203067282577,0.0,1.0
KXNBAAST-26APR03ATLBKN-ATLOOKONGWU17-8,2026-04-03,ast,7.5,2.0435,5.4565,0.00225,0.0036676030214757294,0.0,1.0
KXNBAAST-26APR03ATLBKN-BKNNCLAXTON33-2,2026-04-03,ast,1.5,1.73275,-0.23275,0.50275,0.5000929097303637,1.0,1.0
KXNBAAST-26APR03ATLBKN-BKNNCLAXTON33-3,2026-04-03,ast,2.5,1.73275,0.76725,0.24975,0.2559851085011471,0.0,1.0
KXNBAAST-26APR03ATLBKN-BKNNCLAXTON33-4,2026-04-03,ast,3.5,1.73275,1.76725,0.10275,0.11197457350448792,0.0,1.0
KXNBAAST-26APR03ATLBKN-BKNNCLAXTON33-6,2026-04-03,ast,5.5,1.73275,3.7672499999999998,0.0155,0.015121574117886838,0.0,1.0
KXNBAAST-26APR03ATLBKN-BKNNCLAXTON33-8,2026-04-03,ast,7.5,1.73275,5.76725,0.001,0.0014640482589777237,0.0,1.0
KXNBA3PT-26APR03ATLBKN-ATLCMCCOLLUM3-1,2026-04-03,fg3m,0.5,1.4415,-0.9415,0.758,0.7329770297641427,1.0,1.0
KXNBA3PT-26APR03ATLBKN-ATLCMCCOLLUM3-2,2026-04-03,fg3m,1.5,1.4415,0.058499999999999996,0.413,0.4092036499974643,1.0,1.0
KXNBA3PT-26APR03ATLBKN-ATLCMCCOLLUM3-3,2026-04-03,fg3m,2.5,1.4415,1.0585,0.181,0.1871968564804518,1.0,1.0
KXNBA3PT-26APR03ATLBKN-ATLCMCCOLLUM3-4,2026-04-03,fg3m,3.5,1.4415,2.0585,0.06425,0.07395763348588957,1.0,1.0
KXNBA3PT-26APR03ATLBKN-ATLCMCCOLLUM3-5,2026-04-03,fg3m,4.5,1.4415,3.0585,0.02,0.026140832027972793,0.0,1.0
KXNBA3PT-26APR03ATLBKN-ATLJJOHNSON1-1,2026-04-03,fg3m,0.5,1.24625,-0.7462500000000001,0.70225,0.6847508059347956,1.0,1.0
KXNBA3PT-26APR03ATLBKN-ATLJJOHNSON1-2,2026-04-03,fg3m,1.5,1.24625,0.2537499999999999,0.3495,0.3470105498621371,0.0,1.0
KXNBA3PT-26APR03ATLBKN-ATLJJOHNSON1-3,2026-04-03,fg3m,2.5,1.24625,1.25375,0.13875,0.14239233995756817,0.0,1.0
KXNBA3PT-26APR03ATLBKN-ATLJJOHNSON1-4,2026-04-03,fg3m,3.5,1.24625,2.25375,0.04175,0.05017529009768573,0.0,1.0
KXNBA3PT-26APR03ATLBKN-ATLJJOHNSON1-5,2026-04-03,fg3m,4.5,1.24625,3.25375,0.0115,0.01576952713774349,0.0,1.0
KXNBA3PT-26APR03ATLBKN-ATLNALEXANDERWALKER7-1,2026-04-03,fg3m,0.5,2.02575,-1.52575,0.86325,0.8341540128459254,1.0,1.0
KXNBA3PT-26APR03ATLBKN-ATLNALEXANDERWALKER7-2,2026-04-03,fg3m,1.5,2.02575,-0.5257499999999999,0.6005,0.5686493418112197,1.0,1.0
KXNBA3PT-26APR03ATLBKN-ATLNALEXANDERWALKER7-3,2026-04-03,fg3m,2.5,2.02575,0.47425000000000006,0.326,0.32828392994906064,1.0,1.0
KXNBA3PT-26APR03ATLBKN-ATLNALEXANDERWALKER7-4,2026-04-03,fg3m,3.5,2.02575,1.47425,0.15025,0.16640986521581114,1.0,1.0
KXNBA3PT-26APR03ATLBKN-ATLNALEXANDERWALKER7-5,2026-04-03,fg3m,4.5,2.02575,2.47425,0.054,0.07616227886524252,0.0,1.0
KXNBAPTS-26APR03INDCHA-CHABMILLER24-10,2026-04-03,pts,9.5,12.704,-3.2040000000000006,0.67025,0.6613893445710963,1.0,1.0
KXNBAPTS-26APR03INDCHA-CHABMILLER24-15,2026-04-03,pts,14.5,12.704,1.7959999999999994,0.363,0.33946158185278663,1.0,1.0
KXNBAPTS-26APR03INDCHA-CHABMILLER24-20,2026-04-03,pts,19.5,12.704,6.795999999999999,0.13375,0.13676594011638266,1.0,1.0
KXNBAPTS-26APR03INDCHA-CHABMILLER24-25,2026-04-03,pts,24.5,12.704,11.796,0.035,0.04624355012167347,0.0,1.0
KXNBAPTS-26APR03INDCHA-CHABMILLER24-30,2026-04-03,pts,29.5,12.704,16.796,0.009,0.013740513931483678,0.0,1.0
KXNBAPTS-26APR03INDCHA-CHACWHITE3-10,2026-04-03,pts,9.5,9.78425,-0.2842500000000001,0.4805,0.4672400792181032,1.0,1.0
KXNBAPTS-26APR03INDCHA-CHACWHITE3-15,2026-04-03,pts,14.5,9.78425,4.71575,0.17825,0.16499249439720443,0.0,1.0
KXNBAPTS-26APR03INDCHA-CHACWHITE3-20,2026-04-03,pts,19.5,9.78425,9.71575,0.0465,0.043800848697200134,0.0,1.0
KXNBAPTS-26APR03INDCHA-CHACWHITE3-25,2026-04-03,pts,24.5,9.78425,14.71575,0.0085,0.009566821638720135,0.0,1.0
KXNBAPTS-26APR03INDCHA-CHAKKNUEPPEL7-15,2026-04-03,pts,14.5,11.6575,2.8424999999999994,0.29025,0.2753879064621745,1.0,1.0
KXNBAPTS-26APR03INDCHA-CHAKKNUEPPEL7-20,2026-04-03,pts,19.5,11.6575,7.842499999999999,0.10625,0.09771283840040568,1.0,1.0
KXNBAPTS-26APR03INDCHA-CHAKKNUEPPEL7-25,2026-04-03,pts,24.5,11.6575,12.8425,0.0295,0.028889709086348025,0.0,1.0
KXNBAPTS-26APR03INDCHA-CHAKKNUEPPEL7-30,2026-04-03,pts,29.5,11.6575,17.8425,0.01025,0.007478020981536382,0.0,1.0
KXNBAPTS-26APR03INDCHA-CHALBALL1-15,2026-04-03,pts,14.5,12.5945,1.9055,0.347,0.33278230576759105,1.0,1.0
KXNBAPTS-26APR03INDCHA-CHALBALL1-20,2026-04-03,pts,19.5,12.5945,6.9055,0.13575,0.13243032420145573,0.0,1.0
KXNBAPTS-26APR03INDCHA-CHALBALL1-25,2026-04-03,pts,24.5,12.5945,11.9055,0.0445,0.044195295427940096,0.0,1.0
KXNBAPTS-26APR03INDCHA-CHALBALL1-30,2026-04-03,pts,29.5,12.5945,16.9055,0.01075,0.012956037067720416,0.0,1.0
KXNBAPTS-26APR03INDCHA-CHAMBRIDGES0-10,2026-04-03,pts,9.5,10.9105,-1.4105000000000008,0.56675,0.5505925083533649,1.0,1.0
KXNBAPTS-26APR03INDCHA-CHAMBRIDGES0-15,2026-04-03,pts,14.5,10.9105,3.5894999999999992,0.2425,0.23009775342872585,1.0,1.0
KXNBAPTS-26APR03INDCHA-CHAMBRIDGES0-20,2026-04-03,pts,19.5,10.9105,8.5895,0.069,0.07352526631034584,0.0,1.0
KXNBAPTS-26APR03INDCHA-CHAMBRIDGES0-25,2026-04-03,pts,24.5,10.9105,13.5895,0.016,0.019477667220104578,0.0,1.0
KXNBAREB-26APR03INDCHA-CHABMILLER24-10,2026-04-03,reb,9.5,4.437,5.063,0.02075,0.03784334518914123,0.0,1.0
KXNBAREB-26APR03INDCHA-CHABMILLER24-2,2026-04-03,reb,1.5,4.437,-2.9370000000000003,0.9205,0.897202697710278,1.0,1.0
KXNBAREB-26APR03INDCHA-CHABMILLER24-4,2026-04-03,reb,3.5,4.437,-0.9370000000000003,0.637,0.6027507284781697,1.0,1.0
KXNBAREB-26APR03INDCHA-CHABMILLER24-6,2026-04-03,reb,5.5,4.437,1.0629999999999997,0.28675,0.3000933696161422,1.0,1.0
KXNBAREB-26APR03INDCHA-CHABMILLER24-8,2026-04-03,reb,7.5,4.437,3.0629999999999997,0.09125,0.11713686536568113,0.0,1.0
KXNBAREB-26APR03INDCHA-CHAKKNUEPPEL7-2,2026-04-03,reb,1.5,4.58525,-3.0852500000000003,0.92175,0.9056297346710127,1.0,1.0
KXNBAREB-26APR03INDCHA-CHAKKNUEPPEL7-4,2026-04-03,reb,3.5,4.58525,-1.0852500000000003,0.6505,0.6240138745765147,1.0,1.0
KXNBAREB-26APR03INDCHA-CHAKKNUEPPEL7-5,2026-04-03,reb,4.5,4.58525,-0.08525000000000027,0.472,0.463256417931766,0.0,1.0
KXNBAREB-26APR03INDCHA-CHAKKNUEPPEL7-6,2026-04-03,reb,5.5,4.58525,0.9147499999999997,0.32225,0.3216676659338491,0.0,1.0
KXNBAREB-26APR03INDCHA-CHAKKNUEPPEL7-8,2026-04-03,reb,7.5,4.58525,2.9147499999999997,0.114,0.13059497951011045,0.0,1.0
KXNBAREB-26APR03INDCHA-CHALBALL1-2,2026-04-03,reb,1.5,4.12475,-2.6247499999999997,0.89925,0.8767604503246179,1.0,1.0
KXNBAREB-26APR03INDCHA-CHALBALL1-4,2026-04-03,reb,3.5,4.12475,-0.6247499999999997,0.569,0.5548734343266525,1.0,1.0
KXNBAREB-26APR03INDCHA-CHALBALL1-5,2026-04-03,reb,4.5,4.12475,0.3752500000000003,0.396,0.3898893881004144,1.0,1.0
KXNBAREB-26APR03INDCHA-CHALBALL1-6,2026-04-03,reb,5.5,4.12475,1.3752500000000003,0.24625,0.25497074732897484,1.0,1.0
KXNBAREB-26APR03INDCHA-CHALBALL1-8,2026-04-03,reb,7.5,4.12475,3.3752500000000003,0.07525,0.09097283915878518,0.0,1.0
KXNBAREB-26APR03INDCHA-CHAMBRIDGES0-2,2026-04-03,reb,1.5,4.0955,-2.5955000000000004,0.90075,0.8746388183364144,1.0,1.0
KXNBAREB-26APR03INDCHA-CHAMBRIDGES0-4,2026-04-03,reb,3.5,4.0955,-0.5955000000000004,0.56725,0.5501755616548816,1.0,1.0
KXNBAREB-26APR03INDCHA-CHAMBRIDGES0-5,2026-04-03,reb,4.5,4.0955,0.40449999999999964,0.39025,0.38509933449525224,1.0,1.0
KXNBAREB-26APR03INDCHA-CHAMBRIDGES0-6,2026-04-03,reb,5.5,4.0955,1.4044999999999996,0.24075,0.25078842541934687,1.0,1.0
KXNBAREB-26APR03INDCHA-CHAMBRIDGES0-8,2026-04-03,reb,7.5,4.0955,3.4044999999999996,0.06525,0.08868407698103409,0.0,1.0
KXNBAAST-26APR03INDCHA-CHABMILLER24-10,2026-04-03,ast,9.5,2.5845,6.9155,0.0005,0.0017951201334844846,0.0,1.0
KXNBAAST-26APR03INDCHA-CHABMILLER24-2,2026-04-03,ast,1.5,2.5845,-1.0844999999999998,0.7275,0.6957826471217916,1.0,1.0
KXNBAAST-26APR03INDCHA-CHABMILLER24-4,2026-04-03,ast,3.5,2.5845,0.9155000000000002,0.25675,0.2688801308391271,0.0,1.0
KXNBAAST-26APR03INDCHA-CHABMILLER24-6,2026-04-03,ast,5.5,2.5845,2.9155,0.05325,0.0669582736482972,0.0,1.0
KXNBAAST-26APR03INDCHA-CHABMILLER24-8,2026-04-03,ast,7.5,2.5845,4.9155,0.0055,0.012256938667554618,0.0,1.0
KXNBAAST-26APR03INDCHA-CHACWHITE3-10,2026-04-03,ast,9.5,2.036,7.464,0.0,0.0003598982742792911,0.0,1.0
KXNBAAST-26APR03INDCHA-CHACWHITE3-2,2026-04-03,ast,1.5,2.036,-0.536,0.59125,0.5797632647141799,1.0,1.0
KXNBAAST-26APR03INDCHA-CHACWHITE3-4,2026-04-03,ast,3.5,2.036,1.464,0.15375,0.16363795705210937,1.0,1.0
KXNBAAST-26APR03INDCHA-CHACWHITE3-6,2026-04-03,ast,5.5,2.036,3.464,0.0235,0.028522547049123936,0.0,1.0
KXNBAAST-26APR03INDCHA-CHACWHITE3-8,2026-04-03,ast,7.5,2.036,5.464,0.002,0.003595472284402046,0.0,1.0
KXNBAAST-26APR03INDCHA-CHAKKNUEPPEL7-2,2026-04-03,ast,1.5,2.353,-0.8530000000000002,0.66725,0.6509947363549813,1.0,1.0
KXNBAAST-26APR03INDCHA-CHAKKNUEPPEL7-3,2026-04-03,ast,2.5,2.353,0.1469999999999998,0.42475,0.40842726573949906,1.0,1.0
KXNBAAST-26APR03INDCHA-CHAKKNUEPPEL7-4,2026-04-03,ast,3.5,2.353,1.1469999999999998,0.21575,0.22329797294757636,1.0,1.0
KXNBAAST-26APR03INDCHA-CHAKKNUEPPEL7-6,2026-04-03,ast,5.5,2.353,3.147,0.0365,0.04848138667362811,0.0,1.0
KXNBAAST-26APR03INDCHA-CHAKKNUEPPEL7-8,2026-04-03,ast,7.5,2.353,5.147,0.003,0.0076838922738887705,0.0,1.0
KXNBAAST-26APR03INDCHA-CHALBALL1-10,2026-04-03,ast,9.5,3.837,5.663,0.012,0.017918140434685426,0.0,1.0
KXNBAAST-26APR03INDCHA-CHALBALL1-12,2026-04-03,ast,11.5,3.837,7.663,0.0025,0.004001319347620935,0.0,1.0
KXNBAAST-26APR03INDCHA-CHALBALL1-6,2026-04-03,ast,5.5,3.837,1.6629999999999998,0.19875,0.21344271021291628,1.0,1.0
KXNBAAST-26APR03INDCHA-CHALBALL1-7,2026-04-03,ast,6.5,3.837,2.663,0.10825,0.12448796538844187,1.0,1.0
KXNBAAST-26APR03INDCHA-CHALBALL1-8,2026-04-03,ast,7.5,3.837,3.663,0.054,0.0684991379282951,1.0,1.0
KXNBAAST-26APR03INDCHA-CHAMBRIDGES0-2,2026-04-03,ast,1.5,1.9945,-0.49449999999999994,0.58775,0.5695397117161857,0.0,1.0
KXNBAAST-26APR03INDCHA-CHAMBRIDGES0-3,2026-04-03,ast,2.5,1.9945,0.5055000000000001,0.31775,0.3213016080375122,0.0,1.0
KXNBAAST-26APR03INDCHA-CHAMBRIDGES0-4,2026-04-03,ast,3.5,1.9945,1.5055,0.144,0.15619343398787833,0.0,1.0
KXNBAAST-26APR03INDCHA-CHAMBRIDGES0-6,2026-04-03,ast,5.5,1.9945,3.5055,0.01975,0.026367418382008734,0.0,1.0
KXNBAAST-26APR03INDCHA-CHAMBRIDGES0-8,2026-04-03,ast,7.5,1.9945,5.5055,0.0025,0.0032152333754378315,0.0,1.0
KXNBA3PT-26APR03INDCHA-CHACWHITE3-1,2026-04-03,fg3m,0.5,1.23225,-0.7322500000000001,0.707,0.6809307795583055,1.0,1.0
KXNBA3PT-26APR03INDCHA-CHACWHITE3-2,2026-04-03,fg3m,1.5,1.23225,0.26774999999999993,0.3465,0.3424042870849202,0.0,1.0
KXNBA3PT-26APR03INDCHA-CHACWHITE3-3,2026-04-03,fg3m,2.5,1.23225,1.26775,0.12875,0.13929348512972606,0.0,1.0
KXNBA3PT-26APR03INDCHA-CHACWHITE3-4,2026-04-03,fg3m,3.5,1.23225,2.26775,0.03525,0.04864117595368411,0.0,1.0
KXNBA3PT-26APR03INDCHA-CHACWHITE3-5,2026-04-03,fg3m,4.5,1.23225,3.26775,0.0105,0.015146348368174634,0.0,1.0
KXNBA3PT-26APR03INDCHA-CHAKKNUEPPEL7-1,2026-04-03,fg3m,0.5,1.98725,-1.48725,0.84925,0.8290200716486312,1.0,1.0
KXNBA3PT-26APR03INDCHA-CHAKKNUEPPEL7-2,2026-04-03,fg3m,1.5,1.98725,-0.48724999999999996,0.5755,0.5594240690022939,1.0,1.0
KXNBA3PT-26APR03INDCHA-CHAKKNUEPPEL7-3,2026-04-03,fg3m,2.5,1.98725,0.51275,0.31875,0.31903518814438603,1.0,1.0
KXNBA3PT-26APR03INDCHA-CHAKKNUEPPEL7-4,2026-04-03,fg3m,3.5,1.98725,1.51275,0.1535,0.15958655760466256,0.0,1.0
KXNBA3PT-26APR03INDCHA-CHAKKNUEPPEL7-5,2026-04-03,fg3m,4.5,1.98725,2.51275,0.06175,0.07203170193716546,0.0,1.0
KXNBA3PT-26APR03INDCHA-CHALBALL1-2,2026-04-03,fg3m,1.5,2.32525,-0.82525,0.66225,0.6345034478462255,1.0,1.0
KXNBA3PT-26APR03INDCHA-CHALBALL1-3,2026-04-03,fg3m,2.5,2.32525,0.17474999999999996,0.401,0.3985177733946137,1.0,1.0
KXNBA3PT-26APR03INDCHA-CHALBALL1-4,2026-04-03,fg3m,3.5,2.32525,1.17475,0.2145,0.22158290026959837,1.0,1.0
KXNBA3PT-26APR03INDCHA-CHALBALL1-5,2026-04-03,fg3m,4.5,2.32525,2.17475,0.0995,0.1117596575111176,1.0,1.0
KXNBA3PT-26APR03INDCHA-CHALBALL1-6,2026-04-03,fg3m,5.5,2.32525,3.17475,0.038,0.052097504082760926,0.0,1.0
KXNBA3PT-26APR03INDCHA-CHAMBRIDGES0-1,2026-04-03,fg3m,0.5,1.0315,-0.5315000000000001,0.631,0.6199727058158973,1.0,1.0
KXNBA3PT-26APR03INDCHA-CHAMBRIDGES0-2,2026-04-03,fg3m,1.5,1.0315,0.4684999999999999,0.2825,0.2746383717562997,1.0,1.0
KXNBA3PT-26APR03INDCHA-CHAMBRIDGES0-3,2026-04-03,fg3m,2.5,1.0315,1.4685,0.0895,0.09717965439141618,1.0,1.0
KXNBA3PT-26APR03INDCHA-CHAMBRIDGES0-4,2026-04-03,fg3m,3.5,1.0315,2.4684999999999997,0.024,0.02934362680450875,0.0,1.0
KXNBA3PT-26APR03INDCHA-CHAMBRIDGES0-5,2026-04-03,fg3m,4.5,1.0315,3.4684999999999997,0.00375,0.007876372405756449,0.0,1.0
KXNBAPTS-26APR03ORLDAL-DALCFLAGG32-20,2026-04-03,pts,19.5,13.02225,6.47775,0.145,0.1496587052739432,1.0,1.0
KXNBAPTS-26APR03ORLDAL-DALCFLAGG32-25,2026-04-03,pts,24.5,13.02225,11.47775,0.04225,0.05250453662896715,1.0,1.0
KXNBAPTS-26APR03ORLDAL-DALCFLAGG32-30,2026-04-03,pts,29.5,13.02225,16.47775,0.01025,0.016205723422185736,1.0,1.0
KXNBAPTS-26APR03ORLDAL-DALCFLAGG32-35,2026-04-03,pts,34.5,13.02225,21.47775,0.00275,0.004537338472770602,1.0,1.0
KXNBAPTS-26APR03ORLDAL-DALDGAFFORD21-10,2026-04-03,pts,9.5,9.0015,0.49849999999999994,0.4275,0.40376456366068914,0.0,1.0
KXNBAPTS-26APR03ORLDAL-DALDGAFFORD21-15,2026-04-03,pts,14.5,9.0015,5.4985,0.14525,0.12382121090119924,0.0,1.0
KXNBAPTS-26APR03ORLDAL-DALDGAFFORD21-20,2026-04-03,pts,19.5,9.0015,10.4985,0.03575,0.02821001108607568,0.0,1.0
KXNBAPTS-26APR03ORLDAL-DALKTHOMPSON31-10,2026-04-03,pts,9.5,7.422,2.0780000000000003,0.3045,0.2675453890340158,1.0,1.0
KXNBAPTS-26APR03ORLDAL-DALKTHOMPSON31-15,2026-04-03,pts,14.5,7.422,7.078,0.09375,0.0568596260276526,1.0,1.0
KXNBAPTS-26APR03ORLDAL-DALKTHOMPSON31-20,2026-04-03,pts,19.5,7.422,12.078,0.0215,0.008764683416063068,0.0,1.0
KXNBAPTS-26APR03ORLDAL-DALKTHOMPSON31-25,2026-04-03,pts,24.5,7.422,17.078,0.00375,0.0010943324951078193,0.0,1.0
KXNBAPTS-26APR03ORLDAL-DALMCHRISTIE00-10,2026-04-03,pts,9.5,7.36725,2.1327499999999997,0.29075,0.26278631324643664,1.0,1.0
KXNBAPTS-26APR03ORLDAL-DALMCHRISTIE00-15,2026-04-03,pts,14.5,7.36725,7.13275,0.07575,0.055006314348268526,0.0,1.0
KXNBAPTS-26APR03ORLDAL-DALMCHRISTIE00-20,2026-04-03,pts,19.5,7.36725,12.13275,0.014,0.008344269169009766,0.0,1.0
KXNBAPTS-26APR03ORLDAL-DALNMARSHALL13-15,2026-04-03,pts,14.5,11.84,2.66,0.297,0.28656199206427235,0.0,1.0
KXNBAPTS-26APR03ORLDAL-DALNMARSHALL13-20,2026-04-03,pts,19.5,11.84,7.66,0.09775,0.10411617147952412,0.0,1.0
KXNBAPTS-26APR03ORLDAL-DALNMARSHALL13-25,2026-04-03,pts,24.5,11.84,12.66,0.02225,0.031560443468199084,0.0,1.0
KXNBAPTS-26APR03ORLDAL-DALNMARSHALL13-30,2026-04-03,pts,29.5,11.84,17.66,0.00375,0.008381123548360181,0.0,1.0
KXNBAPTS-26APR03ORLDAL-ORLDBANE3-10,2026-04-03,pts,9.5,13.16125,-3.661250000000001,0.711,0.6853830786408839,1.0,1.0
KXNBAPTS-26APR03ORLDAL-ORLDBANE3-15,2026-04-03,pts,14.5,13.16125,1.3387499999999992,0.3815,0.367176177826088,1.0,1.0
KXNBAPTS-26APR03ORLDAL-ORLDBANE3-20,2026-04-03,pts,19.5,13.16125,6.338749999999999,0.154,0.15541818576082345,1.0,1.0
KXNBAPTS-26APR03ORLDAL-ORLDBANE3-25,2026-04-03,pts,24.5,13.16125,11.33875,0.03975,0.05538209660932958,1.0,1.0
KXNBAPTS-26APR03ORLDAL-ORLDBANE3-30,2026-04-03,pts,29.5,13.16125,16.338749999999997,0.009,0.017371275516519402,0.0,1.0
KXNBAPTS-26APR03ORLDAL-ORLFWAGNER22-10,2026-04-03,pts,9.5,10.909,-1.4090000000000007,0.54975,0.5504884215848915,1.0,1.0
KXNBAPTS-26APR03ORLDAL-ORLFWAGNER22-15,2026-04-03,pts,14.5,10.909,3.5909999999999993,0.25775,0.2300079492569459,1.0,1.0
KXNBAPTS-26APR03ORLDAL-ORLFWAGNER22-20,2026-04-03,pts,19.5,10.909,8.591,0.0915,0.0734801337174088,0.0,1.0
KXNBAPTS-26APR03ORLDAL-ORLFWAGNER22-25,2026-04-03,pts,24.5,10.909,13.591,0.026,0.019461159448264764,0.0,1.0
KXNBAPTS-26APR03ORLDAL-ORLJSUGGS4-10,2026-04-03,pts,9.5,10.33475,-0.8347499999999997,0.51375,0.509258388258879,1.0,1.0
KXNBAPTS-26APR03ORLDAL-ORLJSUGGS4-15,2026-04-03,pts,14.5,10.33475,4.16525,0.2145,0.19615084622133472,1.0,1.0
KXNBAPTS-26APR03ORLDAL-ORLJSUGGS4-20,2026-04-03,pts,19.5,10.33475,9.16525,0.06925,0.05727178821348167,0.0,1.0
KXNBAPTS-26APR03ORLDAL-ORLJSUGGS4-25,2026-04-03,pts,24.5,10.33475,14.16525,0.01325,0.01380929996756941,0.0,1.0
KXNBAPTS-26APR03ORLDAL-ORLPBANCHERO5-20,2026-04-03,pts,19.5,14.58075,4.91925,0.2065,0.2177946297738781,0.0,1.0
KXNBAPTS-26APR03ORLDAL-ORLPBANCHERO5-25,2026-04-03,pts,24.5,14.58075,9.91925,0.07575,0.08956040338032611,0.0,1.0
KXNBAPTS-26APR03ORLDAL-ORLPBANCHERO5-30,2026-04-03,pts,29.5,14.58075,14.91925,0.02075,0.0325850355565267,0.0,1.0
KXNBAPTS-26APR03ORLDAL-ORLPBANCHERO5-35,2026-04-03,pts,34.5,14.58075,19.919249999999998,0.00425,0.010789738856858522,0.0,1.0
KXNBAPTS-26APR03ORLDAL-ORLWCARTER34-10,2026-04-03,pts,9.5,10.014,-0.5139999999999993,0.49625,0.48506125544279155,1.0,1.0
KXNBAPTS-26APR03ORLDAL-ORLWCARTER34-15,2026-04-03,pts,14.5,10.014,4.486000000000001,0.18575,0.177810932765317,1.0,1.0
KXNBAPTS-26APR03ORLDAL-ORLWCARTER34-20,2026-04-03,pts,19.5,10.014,9.486,0.0545,0.04917239219972713,1.0,1.0
KXNBAREB-26APR03ORLDAL-DALCFLAGG32-10,2026-04-03,reb,9.5,4.8545,4.6455,0.03775,0.056594505805158124,0.0,1.0
KXNBAREB-26APR03ORLDAL-DALCFLAGG32-12,2026-04-03,reb,11.5,4.8545,6.6455,0.00775,0.017709885751799548,0.0,1.0
KXNBAREB-26APR03ORLDAL-DALCFLAGG32-6,2026-04-03,reb,5.5,4.8545,0.6455000000000002,0.366,0.3607576355881471,1.0,1.0
KXNBAREB-26APR03ORLDAL-DALCFLAGG32-7,2026-04-03,reb,6.5,4.8545,1.6455000000000002,0.22975,0.24381478468424722,0.0,1.0
KXNBAREB-26APR03ORLDAL-DALCFLAGG32-8,2026-04-03,reb,7.5,4.8545,2.6455,0.13925,0.15654568464721808,0.0,1.0
KXNBAREB-26APR03ORLDAL-DALDGAFFORD21-10,2026-04-03,reb,9.5,4.36725,5.13275,0.0355,0.035148675742024404,0.0,1.0
KXNBAREB-26APR03ORLDAL-DALDGAFFORD21-12,2026-04-03,reb,11.5,4.36725,7.13275,0.009,0.009590996777451233,0.0,1.0
KXNBAREB-26APR03ORLDAL-DALDGAFFORD21-4,2026-04-03,reb,3.5,4.36725,-0.8672500000000003,0.595,0.5924190743627572,0.0,1.0
KXNBAREB-26APR03ORLDAL-DALDGAFFORD21-6,2026-04-03,reb,5.5,4.36725,1.1327499999999997,0.291,0.28996015075861414,0.0,1.0
KXNBAREB-26APR03ORLDAL-DALDGAFFORD21-8,2026-04-03,reb,7.5,4.36725,3.1327499999999997,0.1085,0.11102736078444342,0.0,1.0
KXNBAREB-26APR03ORLDAL-DALMCHRISTIE00-10,2026-04-03,reb,9.5,3.096,6.404,0.003,0.0057350957447434014,0.0,1.0
KXNBAREB-26APR03ORLDAL-DALMCHRISTIE00-2,2026-04-03,reb,1.5,3.096,-1.596,0.7975,0.7740438100825279,1.0,1.0
KXNBAREB-26APR03ORLDAL-DALMCHRISTIE00-4,2026-04-03,reb,3.5,3.096,0.4039999999999999,0.36975,0.3703237365314108,1.0,1.0
KXNBAREB-26APR03ORLDAL-DALMCHRISTIE00-6,2026-04-03,reb,5.5,3.096,2.404,0.10575,0.11965867107962136,0.0,1.0
KXNBAREB-26APR03ORLDAL-DALMCHRISTIE00-8,2026-04-03,reb,7.5,3.096,4.404,0.021,0.029086934269314635,0.0,1.0
KXNBAREB-26APR03ORLDAL-ORLFWAGNER22-2,2026-04-03,reb,1.5,3.77975,-2.27975,0.83875,0.8491597409120685,1.0,1.0
KXNBAREB-26APR03ORLDAL-ORLFWAGNER22-4,2026-04-03,reb,3.5,3.77975,-0.27974999999999994,0.4995,0.49721737095845164,1.0,1.0
KXNBAREB-26APR03ORLDAL-ORLFWAGNER22-5,2026-04-03,reb,4.5,3.77975,0.7202500000000001,0.3365,0.3327619644812483,0.0,1.0
KXNBAREB-26APR03ORLDAL-ORLFWAGNER22-6,2026-04-03,reb,5.5,3.77975,1.72025,0.207,0.20648381758287537,0.0,1.0
KXNBAREB-26APR03ORLDAL-ORLFWAGNER22-8,2026-04-03,reb,7.5,3.77975,3.72025,0.0705,0.06587475016288602,0.0,1.0
KXNBAREB-26APR03ORLDAL-ORLJSUGGS4-2,2026-04-03,reb,1.5,4.1545,-2.6544999999999996,0.8995,0.878879911752519,1.0,1.0
KXNBAREB-26APR03ORLDAL-ORLJSUGGS4-4,2026-04-03,reb,3.5,4.1545,-0.6544999999999996,0.57475,0.5596145467779772,1.0,1.0
KXNBAREB-26APR03ORLDAL-ORLJSUGGS4-5,2026-04-03,reb,4.5,4.1545,0.34550000000000036,0.395,0.3947482122992255,0.0,1.0
KXNBAREB-26APR03ORLDAL-ORLJSUGGS4-6,2026-04-03,reb,5.5,4.1545,1.3455000000000004,0.2535,0.25923477565911235,0.0,1.0
KXNBAREB-26APR03ORLDAL-ORLJSUGGS4-8,2026-04-03,reb,7.5,4.1545,3.3455000000000004,0.07625,0.093330204861103,0.0,1.0
KXNBAREB-26APR03ORLDAL-ORLPBANCHERO5-10,2026-04-03,reb,9.5,5.4055,4.0945,0.05725,0.08815384384224689,0.0,1.0
KXNBAREB-26APR03ORLDAL-ORLPBANCHERO5-12,2026-04-03,reb,11.5,5.4055,6.0945,0.01625,0.03150589085760225,0.0,1.0
KXNBAREB-26APR03ORLDAL-ORLPBANCHERO5-6,2026-04-03,reb,5.5,5.4055,0.09450000000000003,0.44825,0.43888102328739,1.0,1.0
KXNBAREB-26APR03ORLDAL-ORLPBANCHERO5-8,2026-04-03,reb,7.5,5.4055,2.0945,0.19375,0.21455178328516444,0.0,1.0
KXNBAREB-26APR03ORLDAL-ORLPBANCHERO5-9,2026-04-03,reb,8.5,5.4055,3.0945,0.11175,0.1402192885424346,0.0,1.0
KXNBAREB-26APR03ORLDAL-ORLWCARTER34-10,2026-04-03,reb,9.5,5.02075,4.47925,0.0475,0.06531333776541082,0.0,1.0
KXNBAREB-26APR03ORLDAL-ORLWCARTER34-12,2026-04-03,reb,11.5,5.02075,6.47925,0.0125,0.021321860190843256,0.0,1.0
KXNBAREB-26APR03ORLDAL-ORLWCARTER34-4,2026-04-03,reb,3.5,5.02075,-1.5207499999999996,0.7155,0.6810653090622251,1.0,1.0
KXNBAREB-26APR03ORLDAL-ORLWCARTER34-6,2026-04-03,reb,5.5,5.02075,0.4792500000000004,0.3875,0.38468001752929903,1.0,1.0
KXNBAREB-26APR03ORLDAL-ORLWCARTER34-8,2026-04-03,reb,7.5,5.02075,2.4792500000000004,0.144,0.17342996313482884,0.0,1.0
KXNBAAST-26APR03ORLDAL-DALMCHRISTIE00-10,2026-04-03,ast,9.5,1.5275,7.9725,0.0,4.327821959959621e-05,0.0,1.0
KXNBAAST-26APR03ORLDAL-DALMCHRISTIE00-2,2026-04-03,ast,1.5,1.5275,-0.02750000000000008,0.437,0.43966138209687156,1.0,1.0
KXNBAAST-26APR03ORLDAL-DALMCHRISTIE00-4,2026-04-03,ast,3.5,1.5275,1.9725,0.077,0.08138798734141195,0.0,1.0
KXNBAAST-26APR03ORLDAL-DALMCHRISTIE00-6,2026-04-03,ast,5.5,1.5275,3.9725,0.0085,0.008943066904427699,0.0,1.0
KXNBAAST-26APR03ORLDAL-DALMCHRISTIE00-8,2026-04-03,ast,7.5,1.5275,5.9725,0.00025,0.0007004717940211069,0.0,1.0
KXNBAAST-26APR03ORLDAL-ORLJSUGGS4-10,2026-04-03,ast,9.5,3.3145,6.1855,0.00475,0.008088672406126762,0.0,1.0
KXNBAAST-26APR03ORLDAL-ORLJSUGGS4-2,2026-04-03,ast,1.5,3.3145,-1.8144999999999998,0.824,0.8034485741391424,1.0,1.0
KXNBAAST-26APR03ORLDAL-ORLJSUGGS4-4,2026-04-03,ast,3.5,3.3145,0.18550000000000022,0.4125,0.4128886846663208,1.0,1.0
KXNBAAST-26APR03ORLDAL-ORLJSUGGS4-6,2026-04-03,ast,5.5,3.3145,2.1855,0.13525,0.14450058403740673,1.0,1.0
KXNBAAST-26APR03ORLDAL-ORLJSUGGS4-8,2026-04-03,ast,7.5,3.3145,4.1855,0.02925,0.03801895372555886,1.0,1.0
KXNBAAST-26APR03ORLDAL-ORLPBANCHERO5-10,2026-04-03,ast,9.5,3.27325,6.22675,0.002,0.007532286420186329,0.0,1.0
KXNBAAST-26APR03ORLDAL-ORLPBANCHERO5-2,2026-04-03,ast,1.5,3.27325,-1.77325,0.82425,0.7985307433426589,1.0,1.0
KXNBAAST-26APR03ORLDAL-ORLPBANCHERO5-4,2026-04-03,ast,3.5,3.27325,0.22675,0.41525,0.40498426965296763,1.0,1.0
KXNBAAST-26APR03ORLDAL-ORLPBANCHERO5-6,2026-04-03,ast,5.5,3.27325,2.22675,0.1225,0.13945005411825495,0.0,1.0
KXNBAAST-26APR03ORLDAL-ORLPBANCHERO5-8,2026-04-03,ast,7.5,3.27325,4.22675,0.024,0.036052331414903604,0.0,1.0
KXNBA3PT-26APR03ORLDAL-DALCFLAGG32-1,2026-04-03,fg3m,0.5,0.6265,-0.12649999999999995,0.45725,0.45234868731925937,1.0,1.0
KXNBA3PT-26APR03ORLDAL-DALCFLAGG32-2,2026-04-03,fg3m,1.5,0.6265,0.8735,0.13675,0.1352683951255511,1.0,1.0
KXNBA3PT-26APR03ORLDAL-DALCFLAGG32-3,2026-04-03,fg3m,2.5,0.6265,1.8735,0.0275,0.031451753498757284,1.0,1.0
KXNBA3PT-26APR03ORLDAL-DALCFLAGG32-4,2026-04-03,fg3m,3.5,0.6265,2.8735,0.0035,0.006166332284067599,1.0,1.0
KXNBA3PT-26APR03ORLDAL-DALCFLAGG32-5,2026-04-03,fg3m,4.5,0.6265,3.8735,0.00075,0.00106801998846906,1.0,1.0
KXNBA3PT-26APR03ORLDAL-ORLDBANE3-1,2026-04-03,fg3m,0.5,1.42,-0.9199999999999999,0.75625,0.7280981783837206,1.0,1.0
KXNBA3PT-26APR03ORLDAL-ORLDBANE3-2,2026-04-03,fg3m,1.5,1.42,0.08000000000000007,0.412,0.40255511275656697,1.0,1.0
KXNBA3PT-26APR03ORLDAL-ORLDBANE3-3,2026-04-03,fg3m,2.5,1.42,1.08,0.17125,0.18214201927647322,1.0,1.0
KXNBA3PT-26APR03ORLDAL-ORLDBANE3-4,2026-04-03,fg3m,3.5,1.42,2.08,0.057,0.07112953493386331,0.0,1.0
KXNBA3PT-26APR03ORLDAL-ORLDBANE3-5,2026-04-03,fg3m,4.5,1.42,3.08,0.0175,0.024842508834231003,0.0,1.0
KXNBA3PT-26APR03ORLDAL-ORLFWAGNER22-1,2026-04-03,fg3m,0.5,0.95675,-0.45675,0.595,0.5939889200774997,0.0,1.0
KXNBA3PT-26APR03ORLDAL-ORLFWAGNER22-2,2026-04-03,fg3m,1.5,0.95675,0.54325,0.25175,0.24880161175923599,0.0,1.0
KXNBA3PT-26APR03ORLDAL-ORLFWAGNER22-3,2026-04-03,fg3m,2.5,0.95675,1.54325,0.08175,0.08284125392284802,0.0,1.0
KXNBA3PT-26APR03ORLDAL-ORLFWAGNER22-4,2026-04-03,fg3m,3.5,0.95675,2.54325,0.02275,0.023485968647006694,0.0,1.0
KXNBA3PT-26APR03ORLDAL-ORLFWAGNER22-5,2026-04-03,fg3m,4.5,0.95675,3.54325,0.00475,0.005912096777734965,0.0,1.0
KXNBA3PT-26APR03ORLDAL-ORLJSUGGS4-1,2026-04-03,fg3m,0.5,1.45175,-0.9517500000000001,0.75125,0.7352680841362513,1.0,1.0
KXNBA3PT-26APR03ORLDAL-ORLJSUGGS4-2,2026-04-03,fg3m,1.5,1.45175,0.048249999999999904,0.41575,0.41235491046497663,1.0,1.0
KXNBA3PT-26APR03ORLDAL-ORLJSUGGS4-3,2026-04-03,fg3m,2.5,1.45175,1.04825,0.18775,0.189615106750034,1.0,1.0
KXNBA3PT-26APR03ORLDAL-ORLJSUGGS4-4,2026-04-03,fg3m,3.5,1.45175,2.04825,0.0675,0.07532322237646094,0.0,1.0
KXNBA3PT-26APR03ORLDAL-ORLJSUGGS4-5,2026-04-03,fg3m,4.5,1.45175,3.04825,0.02175,0.026773586325191,0.0,1.0
KXNBA3PT-26APR03ORLDAL-ORLPBANCHERO5-1,2026-04-03,fg3m,0.5,0.97725,-0.47724999999999995,0.62975,0.6013095338862391,1.0,1.0
KXNBA3PT-26APR03ORLDAL-ORLPBANCHERO5-2,2026-04-03,fg3m,1.5,0.97725,0.52275,0.25175,0.2559075513325887,0.0,1.0
KXNBA3PT-26APR03ORLDAL-ORLPBANCHERO5-3,2026-04-03,fg3m,2.5,0.97725,1.52275,0.074,0.08668960860304997,0.0,1.0
KXNBA3PT-26APR03ORLDAL-ORLPBANCHERO5-4,2026-04-03,fg3m,3.5,0.97725,2.5227500000000003,0.01775,0.02501967419515161,0.0,1.0
KXNBA3PT-26APR03ORLDAL-ORLPBANCHERO5-5,2026-04-03,fg3m,4.5,0.97725,3.5227500000000003,0.0035,0.006413649753566064,0.0,1.0
KXNBAPTS-26APR03UTAHOU-HOUASENGUN28-15,2026-04-03,pts,14.5,14.74875,-0.24874999999999936,0.488,0.45962434457555223,1.0,1.0
KXNBAPTS-26APR03UTAHOU-HOUASENGUN28-20,2026-04-03,pts,19.5,14.74875,4.751250000000001,0.21075,0.22550659695309805,0.0,1.0
KXNBAPTS-26APR03UTAHOU-HOUASENGUN28-25,2026-04-03,pts,24.5,14.74875,9.75125,0.0665,0.09415316241437022,0.0,1.0
KXNBAPTS-26APR03UTAHOU-HOUASENGUN28-30,2026-04-03,pts,29.5,14.74875,14.75125,0.017,0.03480245744196875,0.0,1.0
KXNBAPTS-26APR03UTAHOU-HOUATHOMPSON1-15,2026-04-03,pts,14.5,14.42325,0.07675000000000054,0.46875,0.44127705911458615,1.0,1.0
KXNBAPTS-26APR03UTAHOU-HOUATHOMPSON1-20,2026-04-03,pts,19.5,14.42325,5.0767500000000005,0.19825,0.2106143314320169,1.0,1.0
KXNBAPTS-26APR03UTAHOU-HOUATHOMPSON1-25,2026-04-03,pts,24.5,14.42325,10.07675,0.06025,0.08535495270609517,0.0,1.0
KXNBAPTS-26APR03UTAHOU-HOUATHOMPSON1-30,2026-04-03,pts,29.5,14.42325,15.07675,0.013,0.030588174422363834,0.0,1.0
KXNBAPTS-26APR03UTAHOU-HOUJSMITH10-10,2026-04-03,pts,9.5,12.83075,-3.33075,0.6785,0.6682067186278234,1.0,1.0
KXNBAPTS-26APR03UTAHOU-HOUJSMITH10-15,2026-04-03,pts,14.5,12.83075,1.66925,0.36925,0.3471752687636295,1.0,1.0
KXNBAPTS-26APR03UTAHOU-HOUJSMITH10-20,2026-04-03,pts,19.5,12.83075,6.66925,0.13725,0.14184998325541143,0.0,1.0
KXNBAPTS-26APR03UTAHOU-HOUJSMITH10-25,2026-04-03,pts,24.5,12.83075,11.66925,0.0405,0.04868231759823416,0.0,1.0
KXNBAPTS-26APR03UTAHOU-HOUKDURANT7-15,2026-04-03,pts,14.5,16.613,-2.1129999999999995,0.58825,0.5570245787683724,1.0,1.0
KXNBAPTS-26APR03UTAHOU-HOUKDURANT7-20,2026-04-03,pts,19.5,16.613,2.8870000000000005,0.31375,0.31315939814847127,1.0,1.0
KXNBAPTS-26APR03UTAHOU-HOUKDURANT7-25,2026-04-03,pts,24.5,16.613,7.8870000000000005,0.12975,0.15169794921078517,1.0,1.0
KXNBAPTS-26APR03UTAHOU-HOUKDURANT7-30,2026-04-03,pts,29.5,16.613,12.887,0.042,0.06550160828249851,0.0,1.0
KXNBAPTS-26APR03UTAHOU-HOUKDURANT7-35,2026-04-03,pts,34.5,16.613,17.887,0.01125,0.025853122950866392,0.0,1.0
KXNBAPTS-26APR03UTAHOU-HOURSHEPPARD15-10,2026-04-03,pts,9.5,12.5395,-3.0395000000000003,0.651,0.6523480827630174,1.0,1.0
KXNBAPTS-26APR03UTAHOU-HOURSHEPPARD15-15,2026-04-03,pts,14.5,12.5395,1.9604999999999997,0.346,0.3294227726990654,0.0,1.0
KXNBAPTS-26APR03UTAHOU-HOURSHEPPARD15-20,2026-04-03,pts,19.5,12.5395,6.9605,0.14825,0.13027294835136205,0.0,1.0
KXNBAPTS-26APR03UTAHOU-HOURSHEPPARD15-25,2026-04-03,pts,24.5,12.5395,11.9605,0.0475,0.0431870204289283,0.0,1.0
KXNBAPTS-26APR03UTAHOU-HOUTEASON17-10,2026-04-03,pts,9.5,9.125,0.375,0.4215,0.4140363954346986,1.0,1.0
KXNBAPTS-26APR03UTAHOU-HOUTEASON17-15,2026-04-03,pts,14.5,9.125,5.375,0.152,0.13002562722532973,1.0,1.0
KXNBAPTS-26APR03UTAHOU-HOUTEASON17-20,2026-04-03,pts,19.5,9.125,10.375,0.0425,0.030393115603130294,0.0,1.0
KXNBAPTS-26APR03UTAHOU-UTAABAILEY19-15,2026-04-03,pts,14.5,9.86275,4.63725,0.195,0.16933969043450925,1.0,1.0
KXNBAPTS-26APR03UTAHOU-UTAABAILEY19-20,2026-04-03,pts,19.5,9.86275,9.63725,0.057,0.04559558541096087,1.0,1.0
KXNBAPTS-26APR03UTAHOU-UTAABAILEY19-25,2026-04-03,pts,24.5,9.86275,14.63725,0.01525,0.01010609048863198,0.0,1.0
KXNBAPTS-26APR03UTAHOU-UTAABAILEY19-30,2026-04-03,pts,29.5,9.86275,19.63725,0.00275,0.0019487609501406267,0.0,1.0
KXNBAREB-26APR03UTAHOU-HOUASENGUN28-10,2026-04-03,reb,9.5,5.5155,3.9844999999999997,0.07775,0.09534222321401264,0.0,1.0
KXNBAREB-26APR03UTAHOU-HOUASENGUN28-12,2026-04-03,reb,11.5,5.5155,5.9845,0.02075,0.034908100842347856,0.0,1.0
KXNBAREB-26APR03UTAHOU-HOUASENGUN28-6,2026-04-03,reb,5.5,5.5155,-0.015500000000000291,0.46175,0.45398672344463653,0.0,1.0
KXNBAREB-26APR03UTAHOU-HOUASENGUN28-8,2026-04-03,reb,7.5,5.5155,1.9844999999999997,0.2105,0.22673499702333522,0.0,1.0
KXNBAREB-26APR03UTAHOU-HOUASENGUN28-9,2026-04-03,reb,8.5,5.5155,2.9844999999999997,0.133,0.14988329446074067,0.0,1.0
KXNBAREB-26APR03UTAHOU-HOUATHOMPSON1-10,2026-04-03,reb,9.5,5.9,3.5999999999999996,0.09325,0.12260428856428052,0.0,1.0
KXNBAREB-26APR03UTAHOU-HOUATHOMPSON1-12,2026-04-03,reb,11.5,5.9,5.6,0.024,0.048581456799674294,0.0,1.0
KXNBAREB-26APR03UTAHOU-HOUATHOMPSON1-4,2026-04-03,reb,3.5,5.9,-2.4000000000000004,0.817,0.7733449558657048,1.0,1.0
KXNBAREB-26APR03UTAHOU-HOUATHOMPSON1-6,2026-04-03,reb,5.5,5.9,-0.40000000000000036,0.52375,0.5050879044346439,1.0,1.0
KXNBAREB-26APR03UTAHOU-HOUATHOMPSON1-8,2026-04-03,reb,7.5,5.9,1.5999999999999996,0.2585,0.27036127790940356,1.0,1.0
KXNBAREB-26APR03UTAHOU-HOUJSMITH10-10,2026-04-03,reb,9.5,5.343,4.157,0.055,0.08419701059831819,0.0,1.0
KXNBAREB-26APR03UTAHOU-HOUJSMITH10-12,2026-04-03,reb,11.5,5.343,6.157,0.013,0.029671801928667696,0.0,1.0
KXNBAREB-26APR03UTAHOU-HOUJSMITH10-6,2026-04-03,reb,5.5,5.343,0.15700000000000003,0.4455,0.43021294130062393,0.0,1.0
KXNBAREB-26APR03UTAHOU-HOUJSMITH10-7,2026-04-03,reb,6.5,5.343,1.157,0.2985,0.30629015901247947,0.0,1.0
KXNBAREB-26APR03UTAHOU-HOUJSMITH10-8,2026-04-03,reb,7.5,5.343,2.157,0.184,0.20770447972665806,0.0,1.0
KXNBAREB-26APR03UTAHOU-HOUKDURANT7-2,2026-04-03,reb,1.5,4.56825,-3.06825,0.93625,0.9047014755012448,1.0,1.0
KXNBAREB-26APR03UTAHOU-HOUKDURANT7-4,2026-04-03,reb,3.5,4.56825,-1.06825,0.65625,0.6216236095815589,1.0,1.0
KXNBAREB-26APR03UTAHOU-HOUKDURANT7-5,2026-04-03,reb,4.5,4.56825,-0.06824999999999992,0.465,0.4606282267663019,1.0,1.0
KXNBAREB-26APR03UTAHOU-HOUKDURANT7-6,2026-04-03,reb,5.5,4.56825,0.9317500000000001,0.31525,0.3191930653619327,0.0,1.0
KXNBAREB-26APR03UTAHOU-HOUKDURANT7-8,2026-04-03,reb,7.5,4.56825,2.93175,0.0975,0.12902016869583632,0.0,1.0
KXNBAREB-26APR03UTAHOU-HOUTEASON17-10,2026-04-03,reb,9.5,4.4885,5.0115,0.03725,0.03991292535978053,0.0,1.0
KXNBAREB-26APR03UTAHOU-HOUTEASON17-12,2026-04-03,reb,11.5,4.4885,7.0115,0.00675,0.011290637948802584,0.0,1.0
KXNBAREB-26APR03UTAHOU-HOUTEASON17-6,2026-04-03,reb,5.5,4.4885,1.0114999999999998,0.30575,0.30758488973022513,1.0,1.0
KXNBAREB-26APR03UTAHOU-HOUTEASON17-7,2026-04-03,reb,6.5,4.4885,2.0115,0.18525,0.19872444280944934,1.0,1.0
KXNBAREB-26APR03UTAHOU-HOUTEASON17-8,2026-04-03,reb,7.5,4.4885,3.0115,0.11475,0.1217405953040297,0.0,1.0
KXNBAREB-26APR03UTAHOU-UTAABAILEY19-2,2026-04-03,reb,1.5,3.14675,-1.64675,0.80375,0.7807402879681156,1.0,1.0
KXNBAREB-26APR03UTAHOU-UTAABAILEY19-4,2026-04-03,reb,3.5,3.14675,0.35325000000000006,0.3805,0.38019132734228367,1.0,1.0
KXNBAREB-26APR03UTAHOU-UTAABAILEY19-5,2026-04-03,reb,4.5,3.14675,1.35325,0.2145,0.22764539008907625,1.0,1.0
KXNBAREB-26APR03UTAHOU-UTAABAILEY19-6,2026-04-03,reb,5.5,3.14675,2.35325,0.1125,0.12550495049286836,1.0,1.0
KXNBAREB-26APR03UTAHOU-UTAABAILEY19-8,2026-04-03,reb,7.5,3.14675,4.35325,0.02575,0.03121621886925774,0.0,1.0
KXNBAAST-26APR03UTAHOU-HOUASENGUN28-10,2026-04-03,ast,9.5,3.80875,5.69125,0.0105,0.017242203136036194,0.0,1.0
KXNBAAST-26APR03UTAHOU-HOUASENGUN28-2,2026-04-03,ast,1.5,3.80875,-2.30875,0.87925,0.8537081090434541,1.0,1.0
KXNBAAST-26APR03UTAHOU-HOUASENGUN28-4,2026-04-03,ast,3.5,3.80875,-0.30874999999999986,0.5165,0.5033931369134683,1.0,1.0
KXNBAAST-26APR03UTAHOU-HOUASENGUN28-6,2026-04-03,ast,5.5,3.80875,1.6912500000000001,0.19125,0.20952184099905558,0.0,1.0
KXNBAAST-26APR03UTAHOU-HOUASENGUN28-8,2026-04-03,ast,7.5,3.80875,3.69125,0.052,0.06658922626586694,0.0,1.0
KXNBAAST-26APR03UTAHOU-HOUATHOMPSON1-2,2026-04-03,ast,1.5,3.73275,-2.23275,0.88775,0.846931603214603,1.0,1.0
KXNBAAST-26APR03UTAHOU-HOUATHOMPSON1-4,2026-04-03,ast,3.5,3.73275,-0.2327499999999998,0.509,0.49004217373136616,1.0,1.0
KXNBAAST-26APR03UTAHOU-HOUATHOMPSON1-5,2026-04-03,ast,4.5,3.73275,0.7672500000000002,0.3205,0.324744497583615,0.0,1.0
KXNBAAST-26APR03UTAHOU-HOUATHOMPSON1-6,2026-04-03,ast,5.5,3.73275,1.7672500000000002,0.1695,0.19906478643449954,0.0,1.0
KXNBAAST-26APR03UTAHOU-HOUATHOMPSON1-8,2026-04-03,ast,7.5,3.73275,3.76725,0.03975,0.0615976020814728,0.0,1.0
KXNBAAST-26APR03UTAHOU-HOUKDURANT7-10,2026-04-03,ast,9.5,4.00625,5.49375,0.0115,0.02234797953984824,0.0,1.0
KXNBAAST-26APR03UTAHOU-HOUKDURANT7-2,2026-04-03,ast,1.5,4.00625,-2.5062499999999996,0.90125,0.8699093854347527,1.0,1.0
KXNBAAST-26APR03UTAHOU-HOUKDURANT7-4,2026-04-03,ast,3.5,4.00625,-0.5062499999999996,0.55575,0.5370128821587008,1.0,1.0
KXNBAAST-26APR03UTAHOU-HOUKDURANT7-6,2026-04-03,ast,5.5,4.00625,1.4937500000000004,0.2225,0.23726758498960454,1.0,1.0
KXNBAAST-26APR03UTAHOU-HOUKDURANT7-8,2026-04-03,ast,7.5,4.00625,3.4937500000000004,0.0575,0.08054971940126954,0.0,1.0
KXNBAAST-26APR03UTAHOU-HOURSHEPPARD15-2,2026-04-03,ast,1.5,3.11075,-1.61075,0.8,0.7779234868782274,1.0,1.0
KXNBAAST-26APR03UTAHOU-HOURSHEPPARD15-4,2026-04-03,ast,3.5,3.11075,0.3892500000000001,0.37575,0.3734406533858666,1.0,1.0
KXNBAAST-26APR03UTAHOU-HOURSHEPPARD15-5,2026-04-03,ast,4.5,3.11075,1.38925,0.21425,0.22110276180385735,1.0,1.0
KXNBAAST-26APR03UTAHOU-HOURSHEPPARD15-6,2026-04-03,ast,5.5,3.11075,2.38925,0.1135,0.12024640903724215,1.0,1.0
KXNBAAST-26APR03UTAHOU-HOURSHEPPARD15-8,2026-04-03,ast,7.5,3.11075,4.3892500000000005,0.021,0.028924090983610595,0.0,1.0
KXNBAAST-26APR03UTAHOU-UTAABAILEY19-2,2026-04-03,ast,1.5,1.7955,-0.2955000000000001,0.51625,0.5175262330988222,0.0,1.0
KXNBAAST-26APR03UTAHOU-UTAABAILEY19-3,2026-04-03,ast,2.5,1.7955,0.7044999999999999,0.2735,0.27165083743737495,0.0,1.0
KXNBAAST-26APR03UTAHOU-UTAABAILEY19-4,2026-04-03,ast,3.5,1.7955,1.7045,0.1165,0.12209617935256012,0.0,1.0
KXNBAAST-26APR03UTAHOU-UTAABAILEY19-6,2026-04-03,ast,5.5,1.7955,3.7045,0.01525,0.017458320439862174,0.0,1.0
KXNBAAST-26APR03UTAHOU-UTAABAILEY19-8,2026-04-03,ast,7.5,1.7955,5.7044999999999995,0.0025,0.0017929091874053782,0.0,1.0
KXNBA3PT-26APR03UTAHOU-HOUASENGUN28-1,2026-04-03,fg3m,0.5,0.76,-0.26,0.52075,0.5154354267915701,0.0,1.0
KXNBA3PT-26APR03UTAHOU-HOUASENGUN28-2,2026-04-03,fg3m,1.5,0.76,0.74,0.1835,0.18051138841403114,0.0,1.0
KXNBA3PT-26APR03UTAHOU-HOUASENGUN28-3,2026-04-03,fg3m,2.5,0.76,1.74,0.04625,0.04960115776368157,0.0,1.0
KXNBA3PT-26APR03UTAHOU-HOUASENGUN28-4,2026-04-03,fg3m,3.5,0.76,2.74,0.00775,0.01153786565248438,0.0,1.0
KXNBA3PT-26APR03UTAHOU-HOUASENGUN28-5,2026-04-03,fg3m,4.5,0.76,3.74,0.00175,0.002375826725031116,0.0,1.0
KXNBA3PT-26APR03UTAHOU-HOUATHOMPSON1-1,2026-04-03,fg3m,0.5,0.49925,0.0007499999999999729,0.391,0.3834419087954859,0.0,1.0
KXNBA3PT-26APR03UTAHOU-HOUATHOMPSON1-2,2026-04-03,fg3m,1.5,0.49925,1.00075,0.092,0.09452120162201494,0.0,1.0
KXNBA3PT-26APR03UTAHOU-HOUATHOMPSON1-3,2026-04-03,fg3m,2.5,0.49925,2.00075,0.01475,0.017958729804816498,0.0,1.0
KXNBA3PT-26APR03UTAHOU-HOUATHOMPSON1-4,2026-04-03,fg3m,3.5,0.49925,3.00075,0.0015,0.0028663156561703484,0.0,1.0
KXNBA3PT-26APR03UTAHOU-HOUATHOMPSON1-5,2026-04-03,fg3m,4.5,0.49925,4.00075,0.0,0.00040337182891214685,0.0,1.0
KXNBA3PT-26APR03UTAHOU-HOUKDURANT7-1,2026-04-03,fg3m,0.5,1.803,-1.303,0.83275,0.8018238909414144,1.0,1.0
KXNBA3PT-26APR03UTAHOU-HOUKDURANT7-2,2026-04-03,fg3m,1.5,1.803,-0.30299999999999994,0.54325,0.5127820304611899,1.0,1.0
KXNBA3PT-26APR03UTAHOU-HOUKDURANT7-3,2026-04-03,fg3m,2.5,1.803,0.6970000000000001,0.27225,0.27438392490718255,0.0,1.0
KXNBA3PT-26APR03UTAHOU-HOUKDURANT7-4,2026-04-03,fg3m,3.5,1.803,1.697,0.109,0.12811558013035285,0.0,1.0
KXNBA3PT-26APR03UTAHOU-HOUKDURANT7-5,2026-04-03,fg3m,4.5,1.803,2.697,0.034,0.05382206303669412,0.0,1.0
KXNBA3PT-26APR03UTAHOU-HOURSHEPPARD15-2,2026-04-03,fg3m,1.5,2.626,-1.126,0.71575,0.6908081298811174,1.0,1.0
KXNBA3PT-26APR03UTAHOU-HOURSHEPPARD15-3,2026-04-03,fg3m,2.5,2.626,-0.1259999999999999,0.4795,0.46483450711949614,1.0,1.0
KXNBA3PT-26APR03UTAHOU-HOURSHEPPARD15-4,2026-04-03,fg3m,3.5,2.626,0.8740000000000001,0.27525,0.2791013835284102,1.0,1.0
KXNBA3PT-26APR03UTAHOU-HOURSHEPPARD15-5,2026-04-03,fg3m,4.5,2.626,1.874,0.13925,0.15272264911568822,0.0,1.0
KXNBA3PT-26APR03UTAHOU-HOURSHEPPARD15-6,2026-04-03,fg3m,5.5,2.626,2.874,0.05625,0.07745948389033386,0.0,1.0
KXNBA3PT-26APR03UTAHOU-HOUTEASON17-1,2026-04-03,fg3m,0.5,1.1885,-0.6884999999999999,0.68125,0.6686515398072002,1.0,1.0
KXNBA3PT-26APR03UTAHOU-HOUTEASON17-2,2026-04-03,fg3m,1.5,1.1885,0.3115000000000001,0.3295,0.3278971400124946,1.0,1.0
KXNBA3PT-26APR03UTAHOU-HOUTEASON17-3,2026-04-03,fg3m,2.5,1.1885,1.3115,0.127,0.12973047674907556,0.0,1.0
KXNBA3PT-26APR03UTAHOU-HOUTEASON17-4,2026-04-03,fg3m,3.5,1.1885,2.3115,0.0405,0.04400197922437732,0.0,1.0
KXNBA3PT-26APR03UTAHOU-HOUTEASON17-5,2026-04-03,fg3m,4.5,1.1885,3.3115,0.0085,0.013299541944036819,0.0,1.0
KXNBAPTS-26APR03TORMEM-MEMCCOWARD23-10,2026-04-03,pts,9.5,8.8125,0.6875,0.4045,0.38788472894388404,1.0,1.0
KXNBAPTS-26APR03TORMEM-MEMCCOWARD23-15,2026-04-03,pts,14.5,8.8125,5.6875,0.134,0.11456445573407559,1.0,1.0
KXNBAPTS-26APR03TORMEM-MEMCCOWARD23-20,2026-04-03,pts,19.5,8.8125,10.6875,0.029,0.02506636885311253,0.0,1.0
KXNBAPTS-26APR03TORMEM-MEMCCOWARD23-25,2026-04-03,pts,24.5,8.8125,15.6875,0.004,0.00448308330709335,0.0,1.0
KXNBAPTS-26APR03TORMEM-TORJPOELTL19-10,2026-04-03,pts,9.5,9.94075,-0.44074999999999953,0.492,0.47942270382776875,0.0,1.0
KXNBAPTS-26APR03TORMEM-TORJPOELTL19-15,2026-04-03,pts,14.5,9.94075,4.5592500000000005,0.188,0.17369309512058106,0.0,1.0
KXNBAPTS-26APR03TORMEM-TORJPOELTL19-20,2026-04-03,pts,19.5,9.94075,9.55925,0.042,0.047420647379049274,0.0,1.0
KXNBAPTS-26APR03TORMEM-TORJPOELTL19-25,2026-04-03,pts,24.5,9.94075,14.55925,0.009,0.01066294139277646,0.0,1.0
KXNBAPTS-26APR03TORMEM-TORRBARRETT9-15,2026-04-03,pts,14.5,13.107,1.3930000000000007,0.386,0.36390580663447414,1.0,1.0
KXNBAPTS-26APR03TORMEM-TORRBARRETT9-20,2026-04-03,pts,19.5,13.107,6.393000000000001,0.153,0.15316144863584424,1.0,1.0
KXNBAPTS-26APR03TORMEM-TORRBARRETT9-25,2026-04-03,pts,24.5,13.107,11.393,0.0395,0.05424872876504405,1.0,1.0
KXNBAPTS-26APR03TORMEM-TORRBARRETT9-30,2026-04-03,pts,29.5,13.107,16.393,0.00875,0.016909832516338708,0.0,1.0
KXNBAPTS-26APR03TORMEM-TORSBARNES4-15,2026-04-03,pts,14.5,11.25,3.25,0.25375,0.2505603652555214,0.0,1.0
KXNBAPTS-26APR03TORMEM-TORSBARNES4-20,2026-04-03,pts,19.5,11.25,8.25,0.077,0.08410173036861579,0.0,1.0
KXNBAPTS-26APR03TORMEM-TORSBARNES4-25,2026-04-03,pts,24.5,11.25,13.25,0.0195,0.02345721636058762,0.0,1.0
KXNBAPTS-26APR03TORMEM-TORSBARNES4-30,2026-04-03,pts,29.5,11.25,18.25,0.00325,0.005719685013116371,0.0,1.0
KXNBAREB-26APR03TORMEM-TORJPOELTL19-10,2026-04-03,reb,9.5,4.808,4.692,0.04025,0.05428295391044835,0.0,1.0
KXNBAREB-26APR03TORMEM-TORJPOELTL19-12,2026-04-03,reb,11.5,4.808,6.692,0.00925,0.016780333005650294,0.0,1.0
KXNBAREB-26APR03TORMEM-TORJPOELTL19-4,2026-04-03,reb,3.5,4.808,-1.3079999999999998,0.68575,0.6541923348127434,1.0,1.0
KXNBAREB-26APR03TORMEM-TORJPOELTL19-6,2026-04-03,reb,5.5,4.808,0.6920000000000002,0.354,0.3540297787267864,1.0,1.0
KXNBAREB-26APR03TORMEM-TORJPOELTL19-8,2026-04-03,reb,7.5,4.808,2.692,0.13325,0.15193489287304685,0.0,1.0
KXNBAREB-26APR03TORMEM-TORRBARRETT9-10,2026-04-03,reb,9.5,4.257,5.243,0.0185,0.03114139803187277,0.0,1.0
KXNBAREB-26APR03TORMEM-TORRBARRETT9-2,2026-04-03,reb,1.5,4.257,-2.7569999999999997,0.9125,0.8858949827491868,1.0,1.0
KXNBAREB-26APR03TORMEM-TORRBARRETT9-4,2026-04-03,reb,3.5,4.257,-0.7569999999999997,0.60025,0.5756612978399211,0.0,1.0
KXNBAREB-26APR03TORMEM-TORRBARRETT9-6,2026-04-03,reb,5.5,4.257,1.2430000000000003,0.25575,0.2739941036167787,0.0,1.0
KXNBAREB-26APR03TORMEM-TORRBARRETT9-8,2026-04-03,reb,7.5,4.257,3.2430000000000003,0.08425,0.10167570633672052,0.0,1.0
KXNBAREB-26APR03TORMEM-TORSBARNES4-10,2026-04-03,reb,9.5,4.55075,4.94925,0.02675,0.04250563004464836,0.0,1.0
KXNBAREB-26APR03TORMEM-TORSBARNES4-12,2026-04-03,reb,11.5,4.55075,6.94925,0.003,0.012242154713294484,0.0,1.0
KXNBAREB-26APR03TORMEM-TORSBARNES4-6,2026-04-03,reb,5.5,4.55075,0.9492500000000001,0.309,0.3166455778304196,0.0,1.0
KXNBAREB-26APR03TORMEM-TORSBARNES4-7,2026-04-03,reb,6.5,4.55075,1.9492500000000001,0.18825,0.20623579736984676,0.0,1.0
KXNBAREB-26APR03TORMEM-TORSBARNES4-8,2026-04-03,reb,7.5,4.55075,2.94925,0.108,0.127407408864174,0.0,1.0
KXNBAAST-26APR03TORMEM-TORJPOELTL19-2,2026-04-03,ast,1.5,1.75125,-0.25125,0.5115,0.5052839897751236,1.0,1.0
KXNBAAST-26APR03TORMEM-TORJPOELTL19-3,2026-04-03,ast,2.5,1.75125,0.74875,0.2635,0.2605998669819731,1.0,1.0
KXNBAAST-26APR03TORMEM-TORJPOELTL19-4,2026-04-03,ast,3.5,1.75125,1.74875,0.11175,0.11492400183146667,1.0,1.0
KXNBAAST-26APR03TORMEM-TORJPOELTL19-6,2026-04-03,ast,5.5,1.75125,3.7487500000000002,0.012,0.015787748330676865,0.0,1.0
KXNBAAST-26APR03TORMEM-TORJPOELTL19-8,2026-04-03,ast,7.5,1.75125,5.74875,0.001,0.00155574488891852,0.0,1.0
KXNBAAST-26APR03TORMEM-TORRBARRETT9-10,2026-04-03,ast,9.5,2.3355,7.1645,0.0,0.0009239536556077121,0.0,1.0
KXNBAAST-26APR03TORMEM-TORRBARRETT9-2,2026-04-03,ast,1.5,2.3355,-0.8355000000000001,0.66475,0.6473692965898235,1.0,1.0
KXNBAAST-26APR03TORMEM-TORRBARRETT9-4,2026-04-03,ast,3.5,2.3355,1.1644999999999999,0.21575,0.21990278677303077,1.0,1.0
KXNBAAST-26APR03TORMEM-TORRBARRETT9-6,2026-04-03,ast,5.5,2.3355,3.1645,0.04,0.047217437271937945,0.0,1.0
KXNBAAST-26APR03TORMEM-TORRBARRETT9-8,2026-04-03,ast,7.5,2.3355,5.1645,0.00375,0.007397141421803699,0.0,1.0
KXNBAAST-26APR03TORMEM-TORSBARNES4-10,2026-04-03,ast,9.5,4.16625,5.33375,0.0165,0.027157548769296658,0.0,1.0
KXNBAAST-26APR03TORMEM-TORSBARNES4-12,2026-04-03,ast,11.5,4.16625,7.33375,0.0035,0.006798409496821867,0.0,1.0
KXNBAAST-26APR03TORMEM-TORSBARNES4-6,2026-04-03,ast,5.5,4.16625,1.3337500000000002,0.24825,0.26021683326220346,1.0,1.0
KXNBAAST-26APR03TORMEM-TORSBARNES4-8,2026-04-03,ast,7.5,4.16625,3.33375,0.06875,0.09287367520052403,0.0,1.0
KXNBAAST-26APR03TORMEM-TORSBARNES4-9,2026-04-03,ast,8.5,4.16625,4.33375,0.0335,0.051330445337154806,0.0,1.0
KXNBA3PT-26APR03TORMEM-TORSBARNES4-1,2026-04-03,fg3m,0.5,0.6765,-0.1765,0.486,0.4770057777469784,0.0,1.0
KXNBA3PT-26APR03TORMEM-TORSBARNES4-2,2026-04-03,fg3m,1.5,0.6765,0.8235,0.1485,0.1520024672720618,0.0,1.0
KXNBA3PT-26APR03TORMEM-TORSBARNES4-3,2026-04-03,fg3m,2.5,0.6765,1.8235000000000001,0.03225,0.037790585357395545,0.0,1.0
KXNBA3PT-26APR03TORMEM-TORSBARNES4-4,2026-04-03,fg3m,3.5,0.6765,2.8235,0.0075,0.007933990051168793,0.0,1.0
KXNBA3PT-26APR03TORMEM-TORSBARNES4-5,2026-04-03,fg3m,4.5,0.6765,3.8235,0.002,0.0014726544291331356,0.0,1.0
KXNBAPTS-26APR03BOSMIL-BOSDWHITE9-10,2026-04-03,pts,9.5,10.04525,-0.5452499999999993,0.49925,0.4874542408051483,1.0,1.0
KXNBAPTS-26APR03BOSMIL-BOSDWHITE9-15,2026-04-03,pts,14.5,10.04525,4.454750000000001,0.186,0.17957611249160021,1.0,1.0
KXNBAPTS-26APR03BOSMIL-BOSDWHITE9-20,2026-04-03,pts,19.5,10.04525,9.45475,0.04875,0.04993085081466209,0.0,1.0
KXNBAPTS-26APR03BOSMIL-BOSDWHITE9-25,2026-04-03,pts,24.5,10.04525,14.45475,0.00975,0.0114424782278576,0.0,1.0
KXNBAPTS-26APR03BOSMIL-BOSJBROWN7-20,2026-04-03,pts,19.5,16.898,2.6020000000000003,0.3285,0.3266472825621287,1.0,1.0
KXNBAPTS-26APR03BOSMIL-BOSJBROWN7-25,2026-04-03,pts,24.5,16.898,7.602,0.14025,0.16140296471256943,1.0,1.0
KXNBAPTS-26APR03BOSMIL-BOSJBROWN7-30,2026-04-03,pts,29.5,16.898,12.602,0.04575,0.07116300315046564,0.0,1.0
KXNBAPTS-26APR03BOSMIL-BOSJBROWN7-35,2026-04-03,pts,34.5,16.898,17.602,0.0135,0.028698178188114154,0.0,1.0
KXNBAPTS-26APR03BOSMIL-BOSJTATUM0-20,2026-04-03,pts,19.5,13.68825,5.81175,0.186,0.17788767737955713,1.0,1.0
KXNBAPTS-26APR03BOSMIL-BOSJTATUM0-25,2026-04-03,pts,24.5,13.68825,10.81175,0.058,0.06706951570451003,0.0,1.0
KXNBAPTS-26APR03BOSMIL-BOSJTATUM0-30,2026-04-03,pts,29.5,13.68825,15.81175,0.01325,0.02230118574766815,0.0,1.0
KXNBAPTS-26APR03BOSMIL-BOSJTATUM0-35,2026-04-03,pts,34.5,13.68825,20.81175,0.003,0.00673595856315512,0.0,1.0
KXNBAPTS-26APR03BOSMIL-BOSNQUETA88-10,2026-04-03,pts,9.5,8.54878869448183,0.9512113055181697,0.39030955585464333,0.36544193788860624,1.0,0.743
KXNBAPTS-26APR03BOSMIL-BOSNQUETA88-15,2026-04-03,pts,14.5,8.54878869448183,5.95121130551817,0.11002691790040377,0.10216087417649256,1.0,0.743
KXNBAPTS-26APR03BOSMIL-BOSNQUETA88-20,2026-04-03,pts,19.5,8.54878869448183,10.95121130551817,0.023553162853297442,0.021071933952481525,0.0,0.743
KXNBAPTS-26APR03BOSMIL-BOSNQUETA88-25,2026-04-03,pts,24.5,8.54878869448183,15.95121130551817,0.004710632570659489,0.0035465718757402565,0.0,0.743
KXNBAPTS-26APR03BOSMIL-BOSPPRITCHARD11-10,2026-04-03,pts,9.5,12.6345,-3.134499999999999,0.6715,0.6575962761442471,1.0,1.0
KXNBAPTS-26APR03BOSMIL-BOSPPRITCHARD11-15,2026-04-03,pts,14.5,12.6345,1.8655000000000008,0.3455,0.3352237261165909,1.0,1.0
KXNBAPTS-26APR03BOSMIL-BOSPPRITCHARD11-20,2026-04-03,pts,19.5,12.6345,6.865500000000001,0.13575,0.13400792024624486,0.0,1.0
KXNBAPTS-26APR03BOSMIL-BOSPPRITCHARD11-25,2026-04-03,pts,24.5,12.6345,11.8655,0.03975,0.04493721092886216,0.0,1.0
KXNBAPTS-26APR03BOSMIL-BOSSHAUSER30-10,2026-04-03,pts,9.5,8.1295,1.3704999999999998,0.34175,0.32923356273249704,1.0,1.0
KXNBAPTS-26APR03BOSMIL-BOSSHAUSER30-15,2026-04-03,pts,14.5,8.1295,6.3705,0.1135,0.08377369945896573,0.0,1.0
KXNBAPTS-26APR03BOSMIL-BOSSHAUSER30-20,2026-04-03,pts,19.5,8.1295,11.3705,0.0275,0.015627783365721015,0.0,1.0
KXNBAPTS-26APR03BOSMIL-MILKKUZMA18-10,2026-04-03,pts,9.5,7.886154855643045,1.6138451443569553,0.3346456692913386,0.30803412161093624,1.0,0.762
KXNBAPTS-26APR03BOSMIL-MILKKUZMA18-15,2026-04-03,pts,14.5,7.886154855643045,6.613845144356955,0.10170603674540682,0.07391025752501423,0.0,0.762
KXNBAPTS-26APR03BOSMIL-MILKKUZMA18-20,2026-04-03,pts,19.5,7.886154855643045,11.613845144356954,0.02230971128608924,0.012953639819706986,0.0,0.762
KXNBAPTS-26APR03BOSMIL-MILKKUZMA18-25,2026-04-03,pts,24.5,7.886154855643045,16.613845144356954,0.003937007874015748,0.001844467098845337,0.0,0.762
KXNBAREB-26APR03BOSMIL-BOSJBROWN7-10,2026-04-03,reb,9.5,4.84325,4.65675,0.03825,0.05603014391292971,0.0,1.0
KXNBAREB-26APR03BOSMIL-BOSJBROWN7-12,2026-04-03,reb,11.5,4.84325,6.65675,0.00775,0.01748181867474896,0.0,1.0
KXNBAREB-26APR03BOSMIL-BOSJBROWN7-6,2026-04-03,reb,5.5,4.84325,0.6567499999999997,0.356,0.35913117228204305,0.0,1.0
KXNBAREB-26APR03BOSMIL-BOSJBROWN7-7,2026-04-03,reb,6.5,4.84325,1.6567499999999997,0.23075,0.24239984949247018,0.0,1.0
KXNBAREB-26APR03BOSMIL-BOSJBROWN7-8,2026-04-03,reb,7.5,4.84325,2.6567499999999997,0.1285,0.15542550107596464,0.0,1.0
KXNBAREB-26APR03BOSMIL-BOSJTATUM0-10,2026-04-03,reb,9.5,5.8805,3.6195000000000004,0.0875,0.12114573547360652,1.0,1.0
KXNBAREB-26APR03BOSMIL-BOSJTATUM0-12,2026-04-03,reb,11.5,5.8805,5.6195,0.025,0.04782058675606471,0.0,1.0
KXNBAREB-26APR03BOSMIL-BOSJTATUM0-6,2026-04-03,reb,5.5,5.8805,-0.3804999999999996,0.5265,0.5025653356723547,1.0,1.0
KXNBAREB-26APR03BOSMIL-BOSJTATUM0-8,2026-04-03,reb,7.5,5.8805,1.6195000000000004,0.25425,0.26811858034499925,1.0,1.0
KXNBAREB-26APR03BOSMIL-BOSJTATUM0-9,2026-04-03,reb,8.5,5.8805,2.6195000000000004,0.1575,0.18362653460157619,1.0,1.0
KXNBAREB-26APR03BOSMIL-BOSNQUETA88-10,2026-04-03,reb,9.5,4.714333781965006,4.785666218034994,0.03297442799461642,0.0497963982745705,1.0,0.743
KXNBAREB-26APR03BOSMIL-BOSNQUETA88-12,2026-04-03,reb,11.5,4.714333781965006,6.785666218034994,0.008748317631224764,0.015011497462085743,0.0,0.743
KXNBAREB-26APR03BOSMIL-BOSNQUETA88-6,2026-04-03,reb,5.5,4.714333781965006,0.7856662180349936,0.3310901749663526,0.3404423356873605,1.0,0.743
KXNBAREB-26APR03BOSMIL-BOSNQUETA88-8,2026-04-03,reb,7.5,4.714333781965006,2.7856662180349936,0.1335800807537012,0.14280636435958982,1.0,0.743
KXNBAREB-26APR03BOSMIL-BOSNQUETA88-9,2026-04-03,reb,8.5,4.714333781965006,3.7856662180349936,0.07099596231493943,0.08606463616584115,1.0,0.743
KXNBAREB-26APR03BOSMIL-BOSPPRITCHARD11-10,2026-04-03,reb,9.5,3.76025,5.73975,0.01075,0.016763469935715536,0.0,1.0
KXNBAREB-26APR03BOSMIL-BOSPPRITCHARD11-2,2026-04-03,reb,1.5,3.76025,-2.26025,0.86825,0.8474198526526817,1.0,1.0
KXNBAREB-26APR03BOSMIL-BOSPPRITCHARD11-4,2026-04-03,reb,3.5,3.76025,-0.2602500000000001,0.50575,0.4938162940452707,0.0,1.0
KXNBAREB-26APR03BOSMIL-BOSPPRITCHARD11-6,2026-04-03,reb,5.5,3.76025,1.73975,0.2,0.20381084246081982,0.0,1.0
KXNBAREB-26APR03BOSMIL-BOSPPRITCHARD11-8,2026-04-03,reb,7.5,3.76025,3.73975,0.0505,0.06458341577841586,0.0,1.0
KXNBAREB-26APR03BOSMIL-MILKKUZMA18-10,2026-04-03,reb,9.5,2.7785433070866143,6.721456692913385,0.001968503937007874,0.0029995771577583374,0.0,0.762
KXNBAREB-26APR03BOSMIL-MILKKUZMA18-2,2026-04-03,reb,1.5,2.7785433070866143,-1.2785433070866143,0.7427821522309711,0.7272742854415178,1.0,0.762
KXNBAREB-26APR03BOSMIL-MILKKUZMA18-4,2026-04-03,reb,3.5,2.7785433070866143,0.7214566929133857,0.3126640419947507,0.30771899239568734,1.0,0.762
KXNBAREB-26APR03BOSMIL-MILKKUZMA18-6,2026-04-03,reb,5.5,2.7785433070866143,2.7214566929133857,0.07644356955380577,0.08588694884027093,1.0,0.762
KXNBAREB-26APR03BOSMIL-MILKKUZMA18-8,2026-04-03,reb,7.5,2.7785433070866143,4.721456692913385,0.012139107611548556,0.017862112853950562,0.0,0.762
KXNBAAST-26APR03BOSMIL-BOSDWHITE9-2,2026-04-03,ast,1.5,2.88325,-1.3832499999999999,0.78175,0.7454970816683049,1.0,1.0
KXNBAAST-26APR03BOSMIL-BOSDWHITE9-4,2026-04-03,ast,3.5,2.88325,0.6167500000000001,0.32675,0.3284625923159875,1.0,1.0
KXNBAAST-26APR03BOSMIL-BOSDWHITE9-5,2026-04-03,ast,4.5,2.88325,1.6167500000000001,0.161,0.18495051951814245,1.0,1.0
KXNBAAST-26APR03BOSMIL-BOSDWHITE9-6,2026-04-03,ast,5.5,2.88325,2.61675,0.07625,0.09541674926435606,0.0,1.0
KXNBAAST-26APR03BOSMIL-BOSDWHITE9-8,2026-04-03,ast,7.5,2.88325,4.61675,0.011,0.020561249970418194,0.0,1.0
KXNBAAST-26APR03BOSMIL-BOSJBROWN7-10,2026-04-03,ast,9.5,3.698,5.802,0.00575,0.014760903954205928,0.0,1.0
KXNBAAST-26APR03BOSMIL-BOSJBROWN7-2,2026-04-03,ast,1.5,3.698,-2.198,0.87875,0.8437264489983589,1.0,1.0
KXNBAAST-26APR03BOSMIL-BOSJBROWN7-4,2026-04-03,ast,3.5,3.698,-0.19799999999999995,0.49475,0.483863982202117,1.0,1.0
KXNBAAST-26APR03BOSMIL-BOSJBROWN7-6,2026-04-03,ast,5.5,3.698,1.802,0.17525,0.19433067412033578,0.0,1.0
KXNBAAST-26APR03BOSMIL-BOSJBROWN7-8,2026-04-03,ast,7.5,3.698,3.802,0.0405,0.05938692027449799,0.0,1.0
KXNBAAST-26APR03BOSMIL-BOSJTATUM0-2,2026-04-03,ast,1.5,3.35475,-1.8547500000000001,0.84375,0.8081303533939165,1.0,1.0
KXNBAAST-26APR03BOSMIL-BOSJTATUM0-4,2026-04-03,ast,3.5,3.35475,0.14524999999999988,0.42825,0.4205564992239912,1.0,1.0
KXNBAAST-26APR03BOSMIL-BOSJTATUM0-5,2026-04-03,ast,4.5,3.35475,1.1452499999999999,0.25225,0.261260820441397,1.0,1.0
KXNBAAST-26APR03BOSMIL-BOSJTATUM0-6,2026-04-03,ast,5.5,3.35475,2.14525,0.12525,0.14949290288258799,1.0,1.0
KXNBAAST-26APR03BOSMIL-BOSJTATUM0-8,2026-04-03,ast,7.5,3.35475,4.14525,0.02175,0.03999979105477536,1.0,1.0
KXNBAAST-26APR03BOSMIL-BOSPPRITCHARD11-2,2026-04-03,ast,1.5,2.86425,-1.3642500000000002,0.7635,0.7425862600861737,1.0,1.0
KXNBAAST-26APR03BOSMIL-BOSPPRITCHARD11-4,2026-04-03,ast,3.5,2.86425,0.6357499999999998,0.32375,0.32467831302447414,1.0,1.0
KXNBAAST-26APR03BOSMIL-BOSPPRITCHARD11-5,2026-04-03,ast,4.5,2.86425,1.6357499999999998,0.17475,0.18200704293744585,1.0,1.0
KXNBAAST-26APR03BOSMIL-BOSPPRITCHARD11-6,2026-04-03,ast,5.5,2.86425,2.63575,0.085,0.09346100316040962,1.0,1.0
KXNBAAST-26APR03BOSMIL-BOSPPRITCHARD11-8,2026-04-03,ast,7.5,2.86425,4.63575,0.011,0.019945294661859903,0.0,1.0
KXNBA3PT-26APR03BOSMIL-BOSDWHITE9-1,2026-04-03,fg3m,0.5,1.30925,-0.80925,0.7265,0.7013129310338166,1.0,1.0
KXNBA3PT-26APR03BOSMIL-BOSDWHITE9-2,2026-04-03,fg3m,1.5,1.30925,0.19074999999999998,0.37625,0.3675083020627665,1.0,1.0
KXNBA3PT-26APR03BOSMIL-BOSDWHITE9-3,2026-04-03,fg3m,2.5,1.30925,1.19075,0.1405,0.15654792264135942,1.0,1.0
KXNBA3PT-26APR03BOSMIL-BOSDWHITE9-4,2026-04-03,fg3m,3.5,1.30925,2.19075,0.04825,0.05737001726455704,1.0,1.0
KXNBA3PT-26APR03BOSMIL-BOSDWHITE9-5,2026-04-03,fg3m,4.5,1.30925,3.19075,0.014,0.01877048957050964,1.0,1.0
KXNBA3PT-26APR03BOSMIL-BOSJBROWN7-1,2026-04-03,fg3m,0.5,1.21725,-0.7172499999999999,0.7085,0.6767796849254624,1.0,1.0
KXNBA3PT-26APR03BOSMIL-BOSJBROWN7-2,2026-04-03,fg3m,1.5,1.21725,0.28275000000000006,0.334,0.33744929547082103,1.0,1.0
KXNBA3PT-26APR03BOSMIL-BOSJBROWN7-3,2026-04-03,fg3m,2.5,1.21725,1.28275,0.128,0.1359936366463117,0.0,1.0
KXNBA3PT-26APR03BOSMIL-BOSJBROWN7-4,2026-04-03,fg3m,3.5,1.21725,2.28275,0.0365,0.04702402854833987,0.0,1.0
KXNBA3PT-26APR03BOSMIL-BOSJBROWN7-5,2026-04-03,fg3m,4.5,1.21725,3.28275,0.009,0.014496062430508161,0.0,1.0
KXNBA3PT-26APR03BOSMIL-BOSJTATUM0-2,2026-04-03,fg3m,1.5,1.86525,-0.3652500000000001,0.55125,0.5290051757613452,1.0,1.0
KXNBA3PT-26APR03BOSMIL-BOSJTATUM0-3,2026-04-03,fg3m,2.5,1.86525,0.6347499999999999,0.283,0.28952097852831815,1.0,1.0
KXNBA3PT-26APR03BOSMIL-BOSJTATUM0-4,2026-04-03,fg3m,3.5,1.86525,1.63475,0.13025,0.13850940147311097,1.0,1.0
KXNBA3PT-26APR03BOSMIL-BOSJTATUM0-5,2026-04-03,fg3m,4.5,1.86525,2.63475,0.044,0.0596784715071107,0.0,1.0
KXNBA3PT-26APR03BOSMIL-BOSJTATUM0-6,2026-04-03,fg3m,5.5,1.86525,3.63475,0.01625,0.02366152470273375,0.0,1.0
KXNBA3PT-26APR03BOSMIL-BOSPPRITCHARD11-2,2026-04-03,fg3m,1.5,2.05775,-0.55775,0.5965,0.5761822134438771,1.0,1.0
KXNBA3PT-26APR03BOSMIL-BOSPPRITCHARD11-3,2026-04-03,fg3m,2.5,2.05775,0.44225000000000003,0.3385,0.3359407128512889,0.0,1.0
KXNBA3PT-26APR03BOSMIL-BOSPPRITCHARD11-4,2026-04-03,fg3m,3.5,2.05775,1.44225,0.15675,0.1721370096598145,0.0,1.0
KXNBA3PT-26APR03BOSMIL-BOSPPRITCHARD11-5,2026-04-03,fg3m,4.5,2.05775,2.44225,0.06425,0.07967732142254913,0.0,1.0
KXNBA3PT-26APR03BOSMIL-BOSPPRITCHARD11-6,2026-04-03,fg3m,5.5,2.05775,3.44225,0.02325,0.03399954324318677,0.0,1.0
KXNBAPTS-26APR03CHINYK-CHIIOKORO35-10,2026-04-03,pts,9.5,8.3995,1.1005000000000003,0.382,0.3526122536091384,0.0,1.0
KXNBAPTS-26APR03CHINYK-CHIIOKORO35-15,2026-04-03,pts,14.5,8.3995,6.1005,0.115,0.09541964244927281,0.0,1.0
KXNBAPTS-26APR03CHINYK-CHIIOKORO35-20,2026-04-03,pts,19.5,8.3995,11.1005,0.02725,0.01900842881567344,0.0,1.0
KXNBAPTS-26APR03CHINYK-CHIIOKORO35-25,2026-04-03,pts,24.5,8.3995,16.1005,0.00375,0.0030868168746869262,0.0,1.0
KXNBAPTS-26APR03CHINYK-CHIMBUZELIS14-15,2026-04-03,pts,14.5,11.6415,2.8584999999999994,0.28825,0.27440941513726613,0.0,1.0
KXNBAPTS-26APR03CHINYK-CHIMBUZELIS14-20,2026-04-03,pts,19.5,11.6415,7.858499999999999,0.104,0.097160303108217,0.0,1.0
KXNBAPTS-26APR03CHINYK-CHIMBUZELIS14-25,2026-04-03,pts,24.5,11.6415,12.8585,0.03075,0.02866263495059984,0.0,1.0
KXNBAPTS-26APR03CHINYK-CHIMBUZELIS14-30,2026-04-03,pts,29.5,11.6415,17.8585,0.00725,0.007402367103614749,0.0,1.0
KXNBAPTS-26APR03CHINYK-NYKJBRUNSON11-20,2026-04-03,pts,19.5,14.61475,4.885249999999999,0.20675,0.2193511497836942,0.0,1.0
KXNBAPTS-26APR03CHINYK-NYKJBRUNSON11-25,2026-04-03,pts,24.5,14.61475,9.88525,0.07125,0.09048105782894278,0.0,1.0
KXNBAPTS-26APR03CHINYK-NYKJBRUNSON11-30,2026-04-03,pts,29.5,14.61475,14.88525,0.0195,0.033026498965202156,0.0,1.0
KXNBAPTS-26APR03CHINYK-NYKJBRUNSON11-35,2026-04-03,pts,34.5,14.61475,19.88525,0.00475,0.010972092358151553,0.0,1.0
KXNBAPTS-26APR03CHINYK-NYKJHART3-10,2026-04-03,pts,9.5,10.01,-0.5099999999999998,0.49375,0.4847544095897496,0.0,1.0
KXNBAPTS-26APR03CHINYK-NYKJHART3-15,2026-04-03,pts,14.5,10.01,4.49,0.192,0.17758534877677123,0.0,1.0
KXNBAPTS-26APR03CHINYK-NYKJHART3-20,2026-04-03,pts,19.5,10.01,9.49,0.0575,0.049075789538716275,0.0,1.0
KXNBAPTS-26APR03CHINYK-NYKJHART3-25,2026-04-03,pts,24.5,10.01,14.49,0.011,0.011175189407975128,0.0,1.0
KXNBAPTS-26APR03CHINYK-NYKMBRIDGES25-10,2026-04-03,pts,9.5,9.81775,-0.3177500000000002,0.48475,0.46986320801862724,1.0,1.0
KXNBAPTS-26APR03CHINYK-NYKMBRIDGES25-15,2026-04-03,pts,14.5,9.81775,4.68225,0.181,0.16684339191487363,0.0,1.0
KXNBAPTS-26APR03CHINYK-NYKMBRIDGES25-20,2026-04-03,pts,19.5,9.81775,9.68225,0.0475,0.044561594395208126,0.0,1.0
KXNBAPTS-26APR03CHINYK-NYKMBRIDGES25-25,2026-04-03,pts,24.5,9.81775,14.68225,0.00925,0.00979438514928943,0.0,1.0
KXNBAPTS-26APR03CHINYK-NYKMROBINSON23-10,2026-04-03,pts,9.5,6.63025,2.86975,0.2325,0.1998968557101497,1.0,1.0
KXNBAPTS-26APR03CHINYK-NYKMROBINSON23-15,2026-04-03,pts,14.5,6.63025,7.86975,0.04925,0.033408087769058126,1.0,1.0
KXNBAPTS-26APR03CHINYK-NYKMROBINSON23-20,2026-04-03,pts,19.5,6.63025,12.86975,0.00675,0.004001660279919994,0.0,1.0
KXNBAPTS-26APR03CHINYK-NYKOANUNOBY8-10,2026-04-03,pts,9.5,11.914,-2.4139999999999997,0.625,0.6159314158170551,1.0,1.0
KXNBAPTS-26APR03CHINYK-NYKOANUNOBY8-15,2026-04-03,pts,14.5,11.914,2.5860000000000003,0.305,0.29109788426366057,1.0,1.0
KXNBAPTS-26APR03CHINYK-NYKOANUNOBY8-20,2026-04-03,pts,19.5,11.914,7.586,0.10725,0.10676454316735606,1.0,1.0
KXNBAPTS-26APR03CHINYK-NYKOANUNOBY8-25,2026-04-03,pts,24.5,11.914,12.586,0.02975,0.03268583511402989,1.0,1.0
KXNBAREB-26APR03CHINYK-CHIMBUZELIS14-10,2026-04-03,reb,9.5,4.409,5.091,0.02075,0.03674668041916884,0.0,1.0
KXNBAREB-26APR03CHINYK-CHIMBUZELIS14-12,2026-04-03,reb,11.5,4.409,7.091,0.004,0.010153822068244667,0.0,1.0
KXNBAREB-26APR03CHINYK-CHIMBUZELIS14-6,2026-04-03,reb,5.5,4.409,1.0910000000000002,0.29225,0.29602334523574236,1.0,1.0
KXNBAREB-26APR03CHINYK-CHIMBUZELIS14-7,2026-04-03,reb,6.5,4.409,2.091,0.1775,0.18924454465396623,0.0,1.0
KXNBAREB-26APR03CHINYK-CHIMBUZELIS14-8,2026-04-03,reb,7.5,4.409,3.091,0.0945,0.11466672039501002,0.0,1.0
KXNBAREB-26APR03CHINYK-NYKJBRUNSON11-10,2026-04-03,reb,9.5,3.77075,5.72925,0.00975,0.017008161224732365,0.0,1.0
KXNBAREB-26APR03CHINYK-NYKJBRUNSON11-2,2026-04-03,reb,1.5,3.77075,-2.27075,0.87275,0.8483592787866078,0.0,1.0
KXNBAREB-26APR03CHINYK-NYKJBRUNSON11-4,2026-04-03,reb,3.5,3.77075,-0.27075000000000005,0.504,0.49564946215732897,0.0,1.0
KXNBAREB-26APR03CHINYK-NYKJBRUNSON11-6,2026-04-03,reb,5.5,3.77075,1.72925,0.19625,0.2052490575918502,0.0,1.0
KXNBAREB-26APR03CHINYK-NYKJBRUNSON11-8,2026-04-03,reb,7.5,3.77075,3.72925,0.04975,0.06527701609629166,0.0,1.0
KXNBAREB-26APR03CHINYK-NYKJHART3-10,2026-04-03,reb,9.5,4.862,4.638,0.0365,0.0569725592623328,1.0,1.0
KXNBAREB-26APR03CHINYK-NYKJHART3-12,2026-04-03,reb,11.5,4.862,6.638,0.01,0.017863063157873338,0.0,1.0
KXNBAREB-26APR03CHINYK-NYKJHART3-4,2026-04-03,reb,3.5,4.862,-1.362,0.68825,0.6611917428161718,1.0,1.0
KXNBAREB-26APR03CHINYK-NYKJHART3-6,2026-04-03,reb,5.5,4.862,0.6379999999999999,0.3715,0.36184147774939257,1.0,1.0
KXNBAREB-26APR03CHINYK-NYKJHART3-8,2026-04-03,reb,7.5,4.862,2.638,0.1335,0.15729410906971797,1.0,1.0
KXNBAREB-26APR03CHINYK-NYKMBRIDGES25-10,2026-04-03,reb,9.5,3.31375,6.186249999999999,0.006,0.008460794868773602,0.0,1.0
KXNBAREB-26APR03CHINYK-NYKMBRIDGES25-2,2026-04-03,reb,1.5,3.31375,-1.8137500000000002,0.82775,0.8013959923241384,1.0,1.0
KXNBAREB-26APR03CHINYK-NYKMBRIDGES25-4,2026-04-03,reb,3.5,3.31375,0.1862499999999998,0.415,0.4122450472604794,0.0,1.0
KXNBAREB-26APR03CHINYK-NYKMBRIDGES25-6,2026-04-03,reb,5.5,3.31375,2.18625,0.13,0.14551376903298052,0.0,1.0
KXNBAREB-26APR03CHINYK-NYKMBRIDGES25-8,2026-04-03,reb,7.5,3.31375,4.186249999999999,0.023,0.038897804147803416,0.0,1.0
KXNBAREB-26APR03CHINYK-NYKMROBINSON23-10,2026-04-03,reb,9.5,4.0705,5.4295,0.01925,0.025052885822422488,1.0,1.0
KXNBAREB-26APR03CHINYK-NYKMROBINSON23-12,2026-04-03,reb,11.5,4.0705,7.4295,0.00425,0.006220549487618077,0.0,1.0
KXNBAREB-26APR03CHINYK-NYKMROBINSON23-14,2026-04-03,reb,13.5,4.0705,9.4295,0.00025,0.001370264969294377,0.0,1.0
KXNBAREB-26APR03CHINYK-NYKMROBINSON23-6,2026-04-03,reb,5.5,4.0705,1.4295,0.24,0.2472222524878539,1.0,1.0
KXNBAREB-26APR03CHINYK-NYKMROBINSON23-8,2026-04-03,reb,7.5,4.0705,3.4295,0.0765,0.08675085561185969,1.0,1.0
KXNBAREB-26APR03CHINYK-NYKOANUNOBY8-2,2026-04-03,reb,1.5,4.36475,-2.86475,0.916,0.8928121605463495,1.0,1.0
KXNBAREB-26APR03CHINYK-NYKOANUNOBY8-4,2026-04-03,reb,3.5,4.36475,-0.8647499999999999,0.60925,0.5920448725339825,1.0,1.0
KXNBAREB-26APR03CHINYK-NYKOANUNOBY8-5,2026-04-03,reb,4.5,4.36475,0.1352500000000001,0.43675,0.42865638185677923,1.0,1.0
KXNBAREB-26APR03CHINYK-NYKOANUNOBY8-6,2026-04-03,reb,5.5,4.36475,1.13525,0.27925,0.28959732949216843,1.0,1.0
KXNBAREB-26APR03CHINYK-NYKOANUNOBY8-8,2026-04-03,reb,7.5,4.36475,3.13525,0.09375,0.11081111738629223,1.0,1.0
KXNBAAST-26APR03CHINYK-CHIMBUZELIS14-10,2026-04-03,ast,9.5,1.8705,7.6295,0.0,0.0001964034585150154,0.0,1.0
KXNBAAST-26APR03CHINYK-CHIMBUZELIS14-2,2026-04-03,ast,1.5,1.8705,-0.37050000000000005,0.55325,0.5377132133496622,0.0,1.0
KXNBAAST-26APR03CHINYK-CHIMBUZELIS14-4,2026-04-03,ast,3.5,1.8705,1.6295,0.12825,0.1346108908001078,0.0,1.0
KXNBAAST-26APR03CHINYK-CHIMBUZELIS14-6,2026-04-03,ast,5.5,1.8705,3.6295,0.01425,0.02054367417317604,0.0,1.0
KXNBAAST-26APR03CHINYK-CHIMBUZELIS14-8,2026-04-03,ast,7.5,1.8705,5.6295,0.0015,0.0022566435937723117,0.0,1.0
KXNBAAST-26APR03CHINYK-NYKJBRUNSON11-10,2026-04-03,ast,9.5,4.2965,5.2035,0.0165,0.0315368620986084,1.0,1.0
KXNBAAST-26APR03CHINYK-NYKJBRUNSON11-12,2026-04-03,ast,11.5,4.2965,7.2035,0.00225,0.008232124008421327,0.0,1.0
KXNBAAST-26APR03CHINYK-NYKJBRUNSON11-4,2026-04-03,ast,3.5,4.2965,-0.7965,0.608,0.5834609904845562,1.0,1.0
KXNBAAST-26APR03CHINYK-NYKJBRUNSON11-6,2026-04-03,ast,5.5,4.2965,1.2035,0.2745,0.27911575839916136,1.0,1.0
KXNBAAST-26APR03CHINYK-NYKJBRUNSON11-8,2026-04-03,ast,7.5,4.2965,3.2035,0.0825,0.10354595744633044,1.0,1.0
KXNBAAST-26APR03CHINYK-NYKJHART3-2,2026-04-03,ast,1.5,2.76725,-1.2672500000000002,0.75625,0.7272100372000035,1.0,1.0
KXNBAAST-26APR03CHINYK-NYKJHART3-4,2026-04-03,ast,3.5,2.76725,0.7327499999999998,0.29575,0.30532670813672624,1.0,1.0
KXNBAAST-26APR03CHINYK-NYKJHART3-5,2026-04-03,ast,4.5,2.76725,1.7327499999999998,0.151,0.16719608180994294,0.0,1.0
KXNBAAST-26APR03CHINYK-NYKJHART3-6,2026-04-03,ast,5.5,2.76725,2.73275,0.07075,0.08377711047959124,0.0,1.0
KXNBAAST-26APR03CHINYK-NYKJHART3-8,2026-04-03,ast,7.5,2.76725,4.732749999999999,0.0135,0.01699140476260086,0.0,1.0
KXNBA3PT-26APR03CHINYK-NYKJBRUNSON11-1,2026-04-03,fg3m,0.5,1.2885,-0.7885,0.72325,0.6959691517569202,1.0,1.0
KXNBA3PT-26APR03CHINYK-NYKJBRUNSON11-2,2026-04-03,fg3m,1.5,1.2885,0.21150000000000002,0.36275,0.36079981007149087,0.0,1.0
KXNBA3PT-26APR03CHINYK-NYKJBRUNSON11-3,2026-04-03,fg3m,2.5,1.2885,1.2115,0.14125,0.15184925420449813,0.0,1.0
KXNBA3PT-26APR03CHINYK-NYKJBRUNSON11-4,2026-04-03,fg3m,3.5,1.2885,2.2115,0.0455,0.05494825257672542,0.0,1.0
KXNBA3PT-26APR03CHINYK-NYKJBRUNSON11-5,2026-04-03,fg3m,4.5,1.2885,3.2115,0.0125,0.017746275013503676,0.0,1.0
KXNBA3PT-26APR03CHINYK-NYKJHART3-1,2026-04-03,fg3m,0.5,1.28625,-0.7862499999999999,0.7205,0.6953832358484056,0.0,1.0
KXNBA3PT-26APR03CHINYK-NYKJHART3-2,2026-04-03,fg3m,1.5,1.28625,0.2137500000000001,0.3665,0.36006981519648906,0.0,1.0
KXNBA3PT-26APR03CHINYK-NYKJHART3-3,2026-04-03,fg3m,2.5,1.28625,1.21375,0.137,0.15134183001396317,0.0,1.0
KXNBA3PT-26APR03CHINYK-NYKJHART3-4,2026-04-03,fg3m,3.5,1.28625,2.21375,0.0455,0.05468870133708259,0.0,1.0
KXNBA3PT-26APR03CHINYK-NYKJHART3-5,2026-04-03,fg3m,4.5,1.28625,3.21375,0.01275,0.017637339310043965,0.0,1.0
KXNBA3PT-26APR03CHINYK-NYKMBRIDGES25-1,2026-04-03,fg3m,0.5,1.34225,-0.8422499999999999,0.73575,0.7095941152728866,0.0,1.0
KXNBA3PT-26APR03CHINYK-NYKMBRIDGES25-2,2026-04-03,fg3m,1.5,1.34225,0.15775000000000006,0.38625,0.378087244281901,0.0,1.0
KXNBA3PT-26APR03CHINYK-NYKMBRIDGES25-3,2026-04-03,fg3m,2.5,1.34225,1.15775,0.156,0.16408798742559838,0.0,1.0
KXNBA3PT-26APR03CHINYK-NYKMBRIDGES25-4,2026-04-03,fg3m,3.5,1.34225,2.15775,0.052,0.06132481877047924,0.0,1.0
KXNBA3PT-26APR03CHINYK-NYKMBRIDGES25-5,2026-04-03,fg3m,4.5,1.34225,3.15775,0.0095,0.020472592014896485,0.0,1.0
KXNBA3PT-26APR03CHINYK-NYKOANUNOBY8-1,2026-04-03,fg3m,0.5,1.92775,-1.42775,0.843,0.8207282828324793,1.0,1.0
KXNBA3PT-26APR03CHINYK-NYKOANUNOBY8-2,2026-04-03,fg3m,1.5,1.92775,-0.4277500000000001,0.564,0.5448150478399405,1.0,1.0
KXNBA3PT-26APR03CHINYK-NYKOANUNOBY8-3,2026-04-03,fg3m,2.5,1.92775,0.5722499999999999,0.3055,0.30467427873423447,1.0,1.0
KXNBA3PT-26APR03CHINYK-NYKOANUNOBY8-4,2026-04-03,fg3m,3.5,1.92775,1.57225,0.13475,0.1491977799115125,1.0,1.0
KXNBA3PT-26APR03CHINYK-NYKOANUNOBY8-5,2026-04-03,fg3m,4.5,1.92775,2.57225,0.05375,0.06586485373169737,1.0,1.0
KXNBAPTS-26APR03MINPHI-MINDDIVINCENZO0-10,2026-04-03,pts,9.5,8.9005,0.5995000000000008,0.40525,0.3953015739310677,1.0,1.0
KXNBAPTS-26APR03MINPHI-MINDDIVINCENZO0-15,2026-04-03,pts,14.5,8.9005,5.599500000000001,0.14425,0.11883771749076966,0.0,1.0
KXNBAPTS-26APR03MINPHI-MINDDIVINCENZO0-20,2026-04-03,pts,19.5,8.9005,10.5995,0.03475,0.026500562362902547,0.0,1.0
KXNBAPTS-26APR03MINPHI-MINDDIVINCENZO0-25,2026-04-03,pts,24.5,8.9005,15.5995,0.00525,0.004833411899253903,0.0,1.0
KXNBAPTS-26APR03MINPHI-MINJRANDLE30-15,2026-04-03,pts,14.5,12.5145,1.9855,0.3315,0.32789479356714946,1.0,1.0
KXNBAPTS-26APR03MINPHI-MINJRANDLE30-20,2026-04-03,pts,19.5,12.5145,6.9855,0.123,0.12929689788872945,1.0,1.0
KXNBAPTS-26APR03MINPHI-MINJRANDLE30-25,2026-04-03,pts,24.5,12.5145,11.9855,0.0365,0.042733254469023096,0.0,1.0
KXNBAPTS-26APR03MINPHI-MINJRANDLE30-30,2026-04-03,pts,29.5,12.5145,16.985500000000002,0.007,0.012402993572435017,0.0,1.0
KXNBAPTS-26APR03MINPHI-MINRGOBERT27-10,2026-04-03,pts,9.5,9.34025,0.15975000000000072,0.44425,0.4317227371695178,0.0,1.0
KXNBAPTS-26APR03MINPHI-MINRGOBERT27-15,2026-04-03,pts,14.5,9.34025,5.159750000000001,0.1545,0.14111576716212504,0.0,1.0
KXNBAPTS-26APR03MINPHI-MINRGOBERT27-20,2026-04-03,pts,19.5,9.34025,10.15975,0.037,0.034444545796730064,0.0,1.0
KXNBAPTS-26APR03MINPHI-PHIKOUBRE9-10,2026-04-03,pts,9.5,9.93625,-0.43624999999999936,0.49,0.4790749737186456,1.0,1.0
KXNBAPTS-26APR03MINPHI-PHIKOUBRE9-15,2026-04-03,pts,14.5,9.93625,4.563750000000001,0.206,0.1734410428348473,1.0,1.0
KXNBAPTS-26APR03MINPHI-PHIKOUBRE9-20,2026-04-03,pts,19.5,9.93625,9.56375,0.06175,0.04731422528617513,1.0,1.0
KXNBAPTS-26APR03MINPHI-PHIKOUBRE9-25,2026-04-03,pts,24.5,9.93625,14.56375,0.014,0.01063023916228345,0.0,1.0
KXNBAPTS-26APR03MINPHI-PHIPGEORGE8-15,2026-04-03,pts,14.5,11.5575,2.942500000000001,0.2825,0.2692762660590977,1.0,1.0
KXNBAPTS-26APR03MINPHI-PHIPGEORGE8-20,2026-04-03,pts,19.5,11.5575,7.942500000000001,0.0945,0.09428333515068488,1.0,1.0
KXNBAPTS-26APR03MINPHI-PHIPGEORGE8-25,2026-04-03,pts,24.5,11.5575,12.9425,0.0215,0.02748909915810016,0.0,1.0
KXNBAPTS-26APR03MINPHI-PHIPGEORGE8-30,2026-04-03,pts,29.5,11.5575,17.942500000000003,0.00475,0.007014289038578814,0.0,1.0
KXNBAPTS-26APR03MINPHI-PHITMAXEY0-25,2026-04-03,pts,24.5,14.41875,10.08125,0.069,0.08523624374755456,0.0,1.0
KXNBAPTS-26APR03MINPHI-PHITMAXEY0-30,2026-04-03,pts,29.5,14.41875,15.08125,0.0175,0.030532282196175542,0.0,1.0
KXNBAPTS-26APR03MINPHI-PHITMAXEY0-35,2026-04-03,pts,34.5,14.41875,20.08125,0.00325,0.009950273299295653,0.0,1.0
KXNBAPTS-26APR03MINPHI-PHITMAXEY0-40,2026-04-03,pts,39.5,14.41875,25.08125,0.0005,0.0030101147592295208,0.0,1.0
KXNBAPTS-26APR03MINPHI-PHIVEDGECOMBE77-10,2026-04-03,pts,9.5,10.936,-1.436,0.56175,0.5523590700462073,0.0,1.0
KXNBAPTS-26APR03MINPHI-PHIVEDGECOMBE77-15,2026-04-03,pts,14.5,10.936,3.564,0.2455,0.23162533065333057,0.0,1.0
KXNBAPTS-26APR03MINPHI-PHIVEDGECOMBE77-20,2026-04-03,pts,19.5,10.936,8.564,0.079,0.0742946996013284,0.0,1.0
KXNBAPTS-26APR03MINPHI-PHIVEDGECOMBE77-25,2026-04-03,pts,24.5,10.936,13.564,0.01725,0.019759728723463432,0.0,1.0
KXNBAREB-26APR03MINPHI-MINDDIVINCENZO0-2,2026-04-03,reb,1.5,3.411,-1.911,0.8365,0.8125041724269041,0.0,1.0
KXNBAREB-26APR03MINPHI-MINDDIVINCENZO0-4,2026-04-03,reb,3.5,3.411,0.08899999999999997,0.449,0.430567264555768,0.0,1.0
KXNBAREB-26APR03MINPHI-MINDDIVINCENZO0-5,2026-04-03,reb,4.5,3.411,1.089,0.25875,0.2711356650172898,0.0,1.0
KXNBAREB-26APR03MINPHI-MINDDIVINCENZO0-6,2026-04-03,reb,5.5,3.411,2.089,0.13425,0.15766619449497787,0.0,1.0
KXNBAREB-26APR03MINPHI-MINDDIVINCENZO0-8,2026-04-03,reb,7.5,3.411,4.089,0.03025,0.04385321510745599,0.0,1.0
KXNBAREB-26APR03MINPHI-MINJRANDLE30-10,2026-04-03,reb,9.5,4.41075,5.08925,0.02,0.036814634271919444,0.0,1.0
KXNBAREB-26APR03MINPHI-MINJRANDLE30-12,2026-04-03,reb,11.5,4.41075,7.08925,0.0035,0.01017792095248038,0.0,1.0
KXNBAREB-26APR03MINPHI-MINJRANDLE30-6,2026-04-03,reb,5.5,4.41075,1.0892499999999998,0.289,0.296277643714814,1.0,1.0
KXNBAREB-26APR03MINPHI-MINJRANDLE30-7,2026-04-03,reb,6.5,4.41075,2.08925,0.1725,0.18945178552029673,1.0,1.0
KXNBAREB-26APR03MINPHI-MINJRANDLE30-8,2026-04-03,reb,7.5,4.41075,3.08925,0.09775,0.11482041807811383,0.0,1.0
KXNBAREB-26APR03MINPHI-MINRGOBERT27-10,2026-04-03,reb,9.5,5.9775,3.5225,0.0965,0.1284768566122706,1.0,1.0
KXNBAREB-26APR03MINPHI-MINRGOBERT27-12,2026-04-03,reb,11.5,5.9775,5.5225,0.0285,0.05167699675796966,1.0,1.0
KXNBAREB-26APR03MINPHI-MINRGOBERT27-14,2026-04-03,reb,13.5,5.9775,7.5225,0.00675,0.018627800704230424,1.0,1.0
KXNBAREB-26APR03MINPHI-MINRGOBERT27-16,2026-04-03,reb,15.5,5.9775,9.5225,0.00125,0.006133918626129442,1.0,1.0
KXNBAREB-26APR03MINPHI-MINRGOBERT27-8,2026-04-03,reb,7.5,5.9775,1.5225,0.26475,0.27929774019840925,1.0,1.0
KXNBAREB-26APR03MINPHI-PHIKOUBRE9-2,2026-04-03,reb,1.5,4.27275,-2.7727500000000003,0.89025,0.8869346149083399,1.0,1.0
KXNBAREB-26APR03MINPHI-PHIKOUBRE9-4,2026-04-03,reb,3.5,4.27275,-0.7727500000000003,0.5945,0.5780872273381159,1.0,1.0
KXNBAREB-26APR03MINPHI-PHIKOUBRE9-5,2026-04-03,reb,4.5,4.27275,0.22724999999999973,0.422,0.4139178396252964,1.0,1.0
KXNBAREB-26APR03MINPHI-PHIKOUBRE9-6,2026-04-03,reb,5.5,4.27275,1.2272499999999997,0.2765,0.27627003377095594,0.0,1.0
KXNBAREB-26APR03MINPHI-PHIKOUBRE9-8,2026-04-03,reb,7.5,4.27275,3.2272499999999997,0.09225,0.1029882203120227,0.0,1.0
KXNBAREB-26APR03MINPHI-PHIPGEORGE8-10,2026-04-03,reb,9.5,4.09375,5.40625,0.015,0.025765359934145637,0.0,1.0
KXNBAREB-26APR03MINPHI-PHIPGEORGE8-2,2026-04-03,reb,1.5,4.09375,-2.59375,0.89475,0.8745106803348635,1.0,1.0
KXNBAREB-26APR03MINPHI-PHIPGEORGE8-4,2026-04-03,reb,3.5,4.09375,-0.59375,0.56625,0.5498933501376679,1.0,1.0
KXNBAREB-26APR03MINPHI-PHIPGEORGE8-6,2026-04-03,reb,5.5,4.09375,1.40625,0.245,0.2505385331410157,1.0,1.0
KXNBAREB-26APR03MINPHI-PHIPGEORGE8-8,2026-04-03,reb,7.5,4.09375,3.40625,0.07425,0.08854805965803114,0.0,1.0
KXNBAREB-26APR03MINPHI-PHIVEDGECOMBE77-10,2026-04-03,reb,9.5,4.02475,5.47525,0.01525,0.023688980925001157,0.0,1.0
KXNBAREB-26APR03MINPHI-PHIVEDGECOMBE77-2,2026-04-03,reb,1.5,4.02475,-2.52475,0.89125,0.8693479265973203,1.0,1.0
KXNBAREB-26APR03MINPHI-PHIVEDGECOMBE77-4,2026-04-03,reb,3.5,4.02475,-0.52475,0.549,0.5386639335797866,0.0,1.0
KXNBAREB-26APR03MINPHI-PHIVEDGECOMBE77-6,2026-04-03,reb,5.5,4.02475,1.47525,0.2305,0.24071798596730243,0.0,1.0
KXNBAREB-26APR03MINPHI-PHIVEDGECOMBE77-8,2026-04-03,reb,7.5,4.02475,3.47525,0.07075,0.08326848594637104,0.0,1.0
KXNBAAST-26APR03MINPHI-MINDDIVINCENZO0-10,2026-04-03,ast,9.5,2.05025,7.44975,0.0,0.0003779942319211971,0.0,1.0
KXNBAAST-26APR03MINPHI-MINDDIVINCENZO0-2,2026-04-03,ast,1.5,2.05025,-0.5502500000000001,0.6005,0.5832246825280538,0.0,1.0
KXNBAAST-26APR03MINPHI-MINDDIVINCENZO0-4,2026-04-03,ast,3.5,2.05025,1.4497499999999999,0.153,0.16621750681302283,0.0,1.0
KXNBAAST-26APR03MINPHI-MINDDIVINCENZO0-6,2026-04-03,ast,5.5,2.05025,3.44975,0.0195,0.029286728559874575,0.0,1.0
KXNBAAST-26APR03MINPHI-MINDDIVINCENZO0-8,2026-04-03,ast,7.5,2.05025,5.44975,0.0025,0.0037334336898581233,0.0,1.0
KXNBAAST-26APR03MINPHI-MINJRANDLE30-2,2026-04-03,ast,1.5,2.86375,-1.36375,0.765,0.7425092197126807,1.0,1.0
KXNBAAST-26APR03MINPHI-MINJRANDLE30-4,2026-04-03,ast,3.5,2.86375,0.63625,0.332,0.32457869004960616,0.0,1.0
KXNBAAST-26APR03MINPHI-MINJRANDLE30-5,2026-04-03,ast,4.5,2.86375,1.63625,0.16325,0.181929762032495,0.0,1.0
KXNBAAST-26APR03MINPHI-MINJRANDLE30-6,2026-04-03,ast,5.5,2.86375,2.63625,0.07425,0.09340979273391425,0.0,1.0
KXNBAAST-26APR03MINPHI-MINJRANDLE30-8,2026-04-03,ast,7.5,2.86375,4.63625,0.01225,0.01992925257816025,0.0,1.0
KXNBAAST-26APR03MINPHI-PHIPGEORGE8-10,2026-04-03,ast,9.5,2.47025,7.02975,0.00075,0.0013392672421159713,0.0,1.0
KXNBAAST-26APR03MINPHI-PHIPGEORGE8-2,2026-04-03,ast,1.5,2.47025,-0.9702500000000001,0.697,0.6744032434658187,1.0,1.0
KXNBAAST-26APR03MINPHI-PHIPGEORGE8-4,2026-04-03,ast,3.5,2.47025,1.02975,0.23875,0.2462531001050582,1.0,1.0
KXNBAAST-26APR03MINPHI-PHIPGEORGE8-6,2026-04-03,ast,5.5,2.47025,3.02975,0.04325,0.057434451979559764,1.0,1.0
KXNBAAST-26APR03MINPHI-PHIPGEORGE8-8,2026-04-03,ast,7.5,2.47025,5.02975,0.00575,0.009812989047916942,0.0,1.0
KXNBAAST-26APR03MINPHI-PHITMAXEY0-10,2026-04-03,ast,9.5,3.803,5.697,0.007,0.017106793721049507,0.0,1.0
KXNBAAST-26APR03MINPHI-PHITMAXEY0-12,2026-04-03,ast,11.5,3.803,7.697,0.00125,0.0037725151506950994,0.0,1.0
KXNBAAST-26APR03MINPHI-PHITMAXEY0-6,2026-04-03,ast,5.5,3.803,1.697,0.1905,0.20872596043058034,1.0,1.0
KXNBAAST-26APR03MINPHI-PHITMAXEY0-7,2026-04-03,ast,6.5,3.803,2.697,0.097,0.1210357290763796,1.0,1.0
KXNBAAST-26APR03MINPHI-PHITMAXEY0-8,2026-04-03,ast,7.5,3.803,3.697,0.0405,0.06620408563329283,1.0,1.0
KXNBAAST-26APR03MINPHI-PHIVEDGECOMBE77-2,2026-04-03,ast,1.5,2.8935,-1.3935,0.78175,0.7470539360484758,1.0,1.0
KXNBAAST-26APR03MINPHI-PHIVEDGECOMBE77-4,2026-04-03,ast,3.5,2.8935,0.6065,0.33475,0.3305029001761268,0.0,1.0
KXNBAAST-26APR03MINPHI-PHIVEDGECOMBE77-5,2026-04-03,ast,4.5,2.8935,1.6065,0.16925,0.1865438729158999,0.0,1.0
KXNBAAST-26APR03MINPHI-PHIVEDGECOMBE77-6,2026-04-03,ast,5.5,2.8935,2.6065,0.07,0.09647967348285724,0.0,1.0
KXNBAAST-26APR03MINPHI-PHIVEDGECOMBE77-8,2026-04-03,ast,7.5,2.8935,4.6065000000000005,0.01075,0.02089870315490494,0.0,1.0
KXNBA3PT-26APR03MINPHI-PHITMAXEY0-1,2026-04-03,fg3m,0.5,1.458,-0.958,0.76075,0.7366541542244662,1.0,1.0
KXNBA3PT-26APR03MINPHI-PHITMAXEY0-2,2026-04-03,fg3m,1.5,1.458,0.04200000000000004,0.4225,0.41427053717328044,0.0,1.0
KXNBA3PT-26APR03MINPHI-PHITMAXEY0-3,2026-04-03,fg3m,2.5,1.458,1.042,0.18025,0.19109218601308897,0.0,1.0
KXNBA3PT-26APR03MINPHI-PHITMAXEY0-4,2026-04-03,fg3m,3.5,1.458,2.042,0.06525,0.07616132594969471,0.0,1.0
KXNBA3PT-26APR03MINPHI-PHITMAXEY0-5,2026-04-03,fg3m,4.5,1.458,3.042,0.021,0.027163786238546317,0.0,1.0
KXNBA3PT-26APR03MINPHI-PHIVEDGECOMBE77-1,2026-04-03,fg3m,0.5,1.1805,-0.6805000000000001,0.68,0.6663488578540391,0.0,1.0
KXNBA3PT-26APR03MINPHI-PHIVEDGECOMBE77-2,2026-04-03,fg3m,1.5,1.1805,0.3194999999999999,0.33,0.3252266923900011,0.0,1.0
KXNBA3PT-26APR03MINPHI-PHIVEDGECOMBE77-3,2026-04-03,fg3m,2.5,1.1805,1.3195,0.1245,0.12800264216438406,0.0,1.0
KXNBA3PT-26APR03MINPHI-PHIVEDGECOMBE77-4,2026-04-03,fg3m,3.5,1.1805,2.3194999999999997,0.035,0.04317931615662607,0.0,1.0
KXNBA3PT-26APR03MINPHI-PHIVEDGECOMBE77-5,2026-04-03,fg3m,4.5,1.1805,3.3194999999999997,0.0085,0.012978147629455483,0.0,1.0
KXNBAPTS-26APR03NOPSAC-NOPDQUEEN22-10,2026-04-03,pts,9.5,7.55175,1.9482499999999998,0.304,0.27884628847247506,0.0,1.0
KXNBAPTS-26APR03NOPSAC-NOPDQUEEN22-15,2026-04-03,pts,14.5,7.55175,6.94825,0.078,0.06138649017827014,0.0,1.0
KXNBAPTS-26APR03NOPSAC-NOPDQUEEN22-20,2026-04-03,pts,19.5,7.55175,11.94825,0.014,0.009821088684148882,0.0,1.0
KXNBAPTS-26APR03NOPSAC-NOPHJONES2-10,2026-04-03,pts,9.5,7.775,1.7249999999999996,0.317,0.2983310957598859,0.0,1.0
KXNBAPTS-26APR03NOPSAC-NOPHJONES2-15,2026-04-03,pts,14.5,7.775,6.725,0.092,0.06961254689422536,0.0,1.0
KXNBAPTS-26APR03NOPSAC-NOPHJONES2-20,2026-04-03,pts,19.5,7.775,11.725,0.02,0.011844731594664482,0.0,1.0
KXNBAPTS-26APR03NOPSAC-NOPHJONES2-25,2026-04-03,pts,24.5,7.775,16.725,0.002,0.0016362127420926909,0.0,1.0
KXNBAPTS-26APR03NOPSAC-NOPSBEY41-15,2026-04-03,pts,14.5,11.4525,3.0474999999999994,0.27375,0.26287065329578796,1.0,1.0
KXNBAPTS-26APR03NOPSAC-NOPSBEY41-20,2026-04-03,pts,19.5,11.4525,8.0475,0.0905,0.09074416553269704,1.0,1.0
KXNBAPTS-26APR03NOPSAC-NOPSBEY41-25,2026-04-03,pts,24.5,11.4525,13.0475,0.0215,0.026065932589455665,0.0,1.0
KXNBAPTS-26APR03NOPSAC-NOPSBEY41-30,2026-04-03,pts,29.5,11.4525,18.0475,0.00475,0.006550334932524771,0.0,1.0
KXNBAPTS-26APR03NOPSAC-NOPTMURPHY25-20,2026-04-03,pts,19.5,12.83975,6.66025,0.13975,0.14221358489604008,0.0,1.0
KXNBAPTS-26APR03NOPSAC-NOPTMURPHY25-25,2026-04-03,pts,24.5,12.83975,11.66025,0.03775,0.04885824785803894,0.0,1.0
KXNBAPTS-26APR03NOPSAC-NOPTMURPHY25-30,2026-04-03,pts,29.5,12.83975,16.660249999999998,0.0055,0.014757935203437711,0.0,1.0
KXNBAPTS-26APR03NOPSAC-NOPTMURPHY25-35,2026-04-03,pts,34.5,12.83975,21.660249999999998,0.00125,0.004042117663948797,0.0,1.0
KXNBAPTS-26APR03NOPSAC-NOPZWILLIAMSON1-15,2026-04-03,pts,14.5,12.54975,1.9502500000000005,0.337,0.33004908286042245,0.0,1.0
KXNBAPTS-26APR03NOPSAC-NOPZWILLIAMSON1-20,2026-04-03,pts,19.5,12.54975,6.9502500000000005,0.11625,0.13067395895928013,0.0,1.0
KXNBAPTS-26APR03NOPSAC-NOPZWILLIAMSON1-25,2026-04-03,pts,24.5,12.54975,11.95025,0.03375,0.04337388489653171,0.0,1.0
KXNBAPTS-26APR03NOPSAC-NOPZWILLIAMSON1-30,2026-04-03,pts,29.5,12.54975,16.95025,0.00725,0.012644605505756634,0.0,1.0
KXNBAPTS-26APR03NOPSAC-SACDDEROZAN10-10,2026-04-03,pts,9.5,11.62425,-2.12425,0.60025,0.5979472188392339,1.0,1.0
KXNBAPTS-26APR03NOPSAC-SACDDEROZAN10-15,2026-04-03,pts,14.5,11.62425,2.87575,0.28925,0.27335473321871573,0.0,1.0
KXNBAPTS-26APR03NOPSAC-SACDDEROZAN10-20,2026-04-03,pts,19.5,11.62425,7.87575,0.0965,0.09656622218129884,0.0,1.0
KXNBAPTS-26APR03NOPSAC-SACDDEROZAN10-25,2026-04-03,pts,24.5,11.62425,12.87575,0.0255,0.02841909267669407,0.0,1.0
KXNBAPTS-26APR03NOPSAC-SACDDEROZAN10-30,2026-04-03,pts,29.5,11.62425,17.87575,0.00425,0.007321427883414833,0.0,1.0
KXNBAPTS-26APR03NOPSAC-SACPACHIUWA9-10,2026-04-03,pts,9.5,11.058,-1.5579999999999998,0.57525,0.560734558371792,1.0,1.0
KXNBAPTS-26APR03NOPSAC-SACPACHIUWA9-15,2026-04-03,pts,14.5,11.058,3.442,0.25725,0.23895627714058243,0.0,1.0
KXNBAPTS-26APR03NOPSAC-SACPACHIUWA9-20,2026-04-03,pts,19.5,11.058,8.442,0.07875,0.07803250987183585,0.0,1.0
KXNBAPTS-26APR03NOPSAC-SACPACHIUWA9-25,2026-04-03,pts,24.5,11.058,13.442,0.017,0.021146782695449895,0.0,1.0
KXNBAREB-26APR03NOPSAC-NOPDQUEEN22-10,2026-04-03,reb,9.5,3.48925,6.01075,0.0065,0.011255783024239019,0.0,1.0
KXNBAREB-26APR03NOPSAC-NOPDQUEEN22-12,2026-04-03,reb,11.5,3.48925,8.01075,0.0015,0.0022538705125458858,0.0,1.0
KXNBAREB-26APR03NOPSAC-NOPDQUEEN22-6,2026-04-03,reb,5.5,3.48925,2.01075,0.1635,0.16768568696370556,1.0,1.0
KXNBAREB-26APR03NOPSAC-NOPDQUEEN22-7,2026-04-03,reb,6.5,3.48925,3.01075,0.0835,0.09246770344571587,0.0,1.0
KXNBAREB-26APR03NOPSAC-NOPDQUEEN22-8,2026-04-03,reb,7.5,3.48925,4.01075,0.03725,0.04809958315005891,0.0,1.0
KXNBAREB-26APR03NOPSAC-NOPHJONES2-10,2026-04-03,reb,9.5,3.0495,6.4505,0.002,0.005249187486898954,0.0,1.0
KXNBAREB-26APR03NOPSAC-NOPHJONES2-2,2026-04-03,reb,1.5,3.0495,-1.5495,0.78775,0.7677281626568934,0.0,1.0
KXNBAREB-26APR03NOPSAC-NOPHJONES2-4,2026-04-03,reb,3.5,3.0495,0.4504999999999999,0.3675,0.3612387519568865,0.0,1.0
KXNBAREB-26APR03NOPSAC-NOPHJONES2-6,2026-04-03,reb,5.5,3.0495,2.4505,0.10125,0.11440417107534828,0.0,1.0
KXNBAREB-26APR03NOPSAC-NOPHJONES2-8,2026-04-03,reb,7.5,3.0495,4.4505,0.0195,0.027218742514216854,0.0,1.0
KXNBAREB-26APR03NOPSAC-NOPTMURPHY25-10,2026-04-03,reb,9.5,4.478,5.022,0.0245,0.039485441336269855,0.0,1.0
KXNBAREB-26APR03NOPSAC-NOPTMURPHY25-2,2026-04-03,reb,1.5,4.478,-2.9779999999999998,0.92375,0.8996097324175412,1.0,1.0
KXNBAREB-26APR03NOPSAC-NOPTMURPHY25-4,2026-04-03,reb,3.5,4.478,-0.9779999999999998,0.63775,0.6087259512382075,1.0,1.0
KXNBAREB-26APR03NOPSAC-NOPTMURPHY25-6,2026-04-03,reb,5.5,4.478,1.0220000000000002,0.29675,0.30605703247733707,0.0,1.0
KXNBAREB-26APR03NOPSAC-NOPTMURPHY25-8,2026-04-03,reb,7.5,4.478,3.0220000000000002,0.09975,0.12079568726197354,0.0,1.0
KXNBAREB-26APR03NOPSAC-NOPZWILLIAMSON1-10,2026-04-03,reb,9.5,3.8175,5.6825,0.01,0.018127246003101227,0.0,1.0
KXNBAREB-26APR03NOPSAC-NOPZWILLIAMSON1-2,2026-04-03,reb,1.5,3.8175,-2.3175,0.881,0.8524699063790848,1.0,1.0
KXNBAREB-26APR03NOPSAC-NOPZWILLIAMSON1-4,2026-04-03,reb,3.5,3.8175,-0.3174999999999999,0.521,0.503759650091564,1.0,1.0
KXNBAREB-26APR03NOPSAC-NOPZWILLIAMSON1-6,2026-04-03,reb,5.5,3.8175,1.6825,0.19525,0.21168254839800849,1.0,1.0
KXNBAREB-26APR03NOPSAC-NOPZWILLIAMSON1-8,2026-04-03,reb,7.5,3.8175,3.6825,0.0505,0.06841418137806177,0.0,1.0
KXNBAREB-26APR03NOPSAC-SACPACHIUWA9-10,2026-04-03,reb,9.5,5.1525,4.3475,0.0595,0.07272185920693874,0.0,1.0
KXNBAREB-26APR03NOPSAC-SACPACHIUWA9-12,2026-04-03,reb,11.5,5.1525,6.3475,0.01875,0.024515424294490495,0.0,1.0
KXNBAREB-26APR03NOPSAC-SACPACHIUWA9-6,2026-04-03,reb,5.5,5.1525,0.34750000000000014,0.405,0.40345019656530257,1.0,1.0
KXNBAREB-26APR03NOPSAC-SACPACHIUWA9-8,2026-04-03,reb,7.5,5.1525,2.3475,0.179,0.18721686732836706,0.0,1.0
KXNBAREB-26APR03NOPSAC-SACPACHIUWA9-9,2026-04-03,reb,8.5,5.1525,3.3475,0.11325,0.1190105129394905,0.0,1.0
KXNBAAST-26APR03NOPSAC-NOPDQUEEN22-10,2026-04-03,ast,9.5,1.88675,7.61325,0.0,0.00020908460972257625,0.0,1.0
KXNBAAST-26APR03NOPSAC-NOPDQUEEN22-2,2026-04-03,ast,1.5,1.88675,-0.3867499999999999,0.544,0.5419937650605797,1.0,1.0
KXNBAAST-26APR03NOPSAC-NOPDQUEEN22-4,2026-04-03,ast,3.5,1.88675,1.61325,0.1335,0.1373785853962214,0.0,1.0
KXNBAAST-26APR03NOPSAC-NOPDQUEEN22-6,2026-04-03,ast,5.5,1.88675,3.61325,0.0175,0.02125505505614922,0.0,1.0
KXNBAAST-26APR03NOPSAC-NOPDQUEEN22-8,2026-04-03,ast,7.5,1.88675,5.61325,0.00175,0.0023680724208905435,0.0,1.0
KXNBAAST-26APR03NOPSAC-SACDDEROZAN10-2,2026-04-03,ast,1.5,2.81825,-1.31825,0.75075,0.7354031136614448,1.0,1.0
KXNBAAST-26APR03NOPSAC-SACDDEROZAN10-4,2026-04-03,ast,3.5,2.81825,0.6817500000000001,0.31625,0.3155064211209909,1.0,1.0
KXNBAAST-26APR03NOPSAC-SACDDEROZAN10-5,2026-04-03,ast,4.5,2.81825,1.68175,0.1655,0.17493683700734175,1.0,1.0
KXNBAAST-26APR03NOPSAC-SACDDEROZAN10-6,2026-04-03,ast,5.5,2.81825,2.68175,0.083,0.08880530694535682,0.0,1.0
KXNBAAST-26APR03NOPSAC-SACDDEROZAN10-8,2026-04-03,ast,7.5,2.81825,4.68175,0.01225,0.018505045678259835,0.0,1.0
KXNBA3PT-26APR03NOPSAC-NOPDQUEEN22-1,2026-04-03,fg3m,0.5,0.48775,0.012249999999999983,0.3825,0.3767459413119316,0.0,1.0
KXNBA3PT-26APR03NOPSAC-NOPDQUEEN22-2,2026-04-03,fg3m,1.5,0.48775,1.0122499999999999,0.087,0.09101088692090442,0.0,1.0
KXNBA3PT-26APR03NOPSAC-NOPDQUEEN22-3,2026-04-03,fg3m,2.5,0.48775,2.01225,0.014,0.016931984174933135,0.0,1.0
KXNBA3PT-26APR03NOPSAC-NOPDQUEEN22-4,2026-04-03,fg3m,3.5,0.48775,3.01225,0.0035,0.0026453129900563255,0.0,1.0
KXNBA3PT-26APR03NOPSAC-NOPDQUEEN22-5,2026-04-03,fg3m,4.5,0.48775,4.01225,0.00075,0.00036433768926869003,0.0,1.0
KXNBA3PT-26APR03NOPSAC-NOPTMURPHY25-2,2026-04-03,fg3m,1.5,2.0845,-0.5844999999999998,0.61025,0.5823859662024811,0.0,1.0
KXNBA3PT-26APR03NOPSAC-NOPTMURPHY25-3,2026-04-03,fg3m,2.5,2.0845,0.4155000000000002,0.34525,0.34231791437352077,0.0,1.0
KXNBA3PT-26APR03NOPSAC-NOPTMURPHY25-4,2026-04-03,fg3m,3.5,2.0845,1.4155000000000002,0.165,0.17696104009046343,0.0,1.0
KXNBA3PT-26APR03NOPSAC-NOPTMURPHY25-5,2026-04-03,fg3m,4.5,2.0845,2.4155,0.06375,0.08267157643801859,0.0,1.0
KXNBA3PT-26APR03NOPSAC-NOPTMURPHY25-6,2026-04-03,fg3m,5.5,2.0845,3.4155,0.01975,0.035614177959320203,0.0,1.0
KXNBAPTS-26APR02PHXCHA-CHABMILLER24-15,2026-04-02,pts,14.5,12.59275,1.9072499999999994,0.34375,0.33267545643858776,1.0,1.0
KXNBAPTS-26APR02PHXCHA-CHABMILLER24-20,2026-04-02,pts,19.5,12.59275,6.9072499999999994,0.13675,0.1323614688099639,0.0,1.0
KXNBAPTS-26APR02PHXCHA-CHABMILLER24-25,2026-04-02,pts,24.5,12.59275,11.90725,0.041,0.04416300241968096,0.0,1.0
KXNBAPTS-26APR02PHXCHA-CHABMILLER24-30,2026-04-02,pts,29.5,12.59275,16.907249999999998,0.00975,0.012943758867012156,0.0,1.0
KXNBAPTS-26APR02PHXCHA-CHACWHITE3-10,2026-04-02,pts,9.5,9.42475,0.07525000000000048,0.458,0.43858583741695445,1.0,1.0
KXNBAPTS-26APR02PHXCHA-CHACWHITE3-15,2026-04-02,pts,14.5,9.42475,5.0752500000000005,0.1545,0.14556034587382782,1.0,1.0
KXNBAPTS-26APR02PHXCHA-CHACWHITE3-20,2026-04-02,pts,19.5,9.42475,10.07525,0.03875,0.03612120689655718,0.0,1.0
KXNBAPTS-26APR02PHXCHA-CHACWHITE3-25,2026-04-02,pts,24.5,9.42475,15.07525,0.00825,0.007356981982880373,0.0,1.0
KXNBAPTS-26APR02PHXCHA-CHAKKNUEPPEL7-10,2026-04-02,pts,9.5,10.93125,-1.4312500000000004,0.55275,0.5520304218319496,1.0,1.0
KXNBAPTS-26APR02PHXCHA-CHAKKNUEPPEL7-15,2026-04-02,pts,14.5,10.93125,3.5687499999999996,0.25375,0.23134065315779173,1.0,1.0
KXNBAPTS-26APR02PHXCHA-CHAKKNUEPPEL7-20,2026-04-02,pts,19.5,10.93125,8.56875,0.081,0.07415106211281919,1.0,1.0
KXNBAPTS-26APR02PHXCHA-CHAKKNUEPPEL7-25,2026-04-02,pts,24.5,10.93125,13.56875,0.01825,0.019706983044279425,0.0,1.0
KXNBAPTS-26APR02PHXCHA-CHALBALL1-10,2026-04-02,pts,9.5,12.39725,-2.8972499999999997,0.64825,0.6443516183132374,1.0,1.0
KXNBAPTS-26APR02PHXCHA-CHALBALL1-15,2026-04-02,pts,14.5,12.39725,2.1027500000000003,0.33625,0.32072187355318316,1.0,1.0
KXNBAPTS-26APR02PHXCHA-CHALBALL1-20,2026-04-02,pts,19.5,12.39725,7.10275,0.129,0.1247580683872268,0.0,1.0
KXNBAPTS-26APR02PHXCHA-CHALBALL1-25,2026-04-02,pts,24.5,12.39725,12.10275,0.04,0.04064297178450027,0.0,1.0
KXNBAPTS-26APR02PHXCHA-CHALBALL1-30,2026-04-02,pts,29.5,12.39725,17.10275,0.00925,0.011622569380803194,0.0,1.0
KXNBAPTS-26APR02PHXCHA-CHAMBRIDGES0-10,2026-04-02,pts,9.5,10.20225,-0.7022499999999994,0.51075,0.4993613824831328,1.0,1.0
KXNBAPTS-26APR02PHXCHA-CHAMBRIDGES0-15,2026-04-02,pts,14.5,10.20225,4.297750000000001,0.206,0.18851692417317345,1.0,1.0
KXNBAPTS-26APR02PHXCHA-CHAMBRIDGES0-20,2026-04-02,pts,19.5,10.20225,9.29775,0.05125,0.053841695948228185,1.0,1.0
KXNBAPTS-26APR02PHXCHA-CHAMBRIDGES0-25,2026-04-02,pts,24.5,10.20225,14.29775,0.00925,0.012687566499016367,1.0,1.0
KXNBAPTS-26APR02PHXCHA-CHAMDIABATE14-10,2026-04-02,pts,9.5,8.18225,1.3177500000000002,0.34725,0.33381564312082634,0.0,1.0
KXNBAPTS-26APR02PHXCHA-CHAMDIABATE14-15,2026-04-02,pts,14.5,8.18225,6.31775,0.092,0.0859921042549332,0.0,1.0
KXNBAPTS-26APR02PHXCHA-CHAMDIABATE14-20,2026-04-02,pts,19.5,8.18225,11.31775,0.01675,0.016253415064522603,0.0,1.0
KXNBAPTS-26APR02PHXCHA-PHXDBOOKER1-20,2026-04-02,pts,19.5,14.357,5.143000000000001,0.2095,0.2076096084908149,1.0,1.0
KXNBAPTS-26APR02PHXCHA-PHXDBOOKER1-25,2026-04-02,pts,24.5,14.357,10.143,0.07575,0.08361548956014442,0.0,1.0
KXNBAPTS-26APR02PHXCHA-PHXDBOOKER1-30,2026-04-02,pts,29.5,14.357,15.143,0.023,0.029771811174317153,0.0,1.0
KXNBAPTS-26APR02PHXCHA-PHXDBOOKER1-35,2026-04-02,pts,34.5,14.357,20.143,0.007,0.009642896840549975,0.0,1.0
KXNBAPTS-26APR02PHXCHA-PHXDBROOKS3-10,2026-04-02,pts,9.5,9.267600934267602,0.2323990657323982,0.43843843843843844,0.4257854394689684,1.0,0.74925
KXNBAPTS-26APR02PHXCHA-PHXDBROOKS3-15,2026-04-02,pts,14.5,9.267600934267602,5.232399065732398,0.1748415081748415,0.1373347579927533,0.0,0.74925
KXNBAPTS-26APR02PHXCHA-PHXDBROOKS3-20,2026-04-02,pts,19.5,9.267600934267602,10.232399065732398,0.053720387053720384,0.03304196379600799,0.0,0.74925
KXNBAPTS-26APR02PHXCHA-PHXDBROOKS3-25,2026-04-02,pts,24.5,9.267600934267602,15.232399065732398,0.011344678011344677,0.006517973858326309,0.0,0.74925
KXNBAPTS-26APR02PHXCHA-PHXGALLEN8-10,2026-04-02,pts,9.5,9.96525,-0.4652499999999993,0.492,0.4813131996011899,1.0,1.0
KXNBAPTS-26APR02PHXCHA-PHXGALLEN8-15,2026-04-02,pts,14.5,9.96525,4.534750000000001,0.198,0.1750672660078233,0.0,1.0
KXNBAPTS-26APR02PHXCHA-PHXGALLEN8-20,2026-04-02,pts,19.5,9.96525,9.53475,0.0565,0.048002481746238335,0.0,1.0
KXNBAPTS-26APR02PHXCHA-PHXGALLEN8-25,2026-04-02,pts,24.5,9.96525,14.53475,0.01275,0.010842234338831691,0.0,1.0
KXNBAPTS-26APR02PHXCHA-PHXJGREEN4-10,2026-04-02,pts,9.5,10.27575,-0.7757500000000004,0.51125,0.5048687926170345,1.0,1.0
KXNBAPTS-26APR02PHXCHA-PHXJGREEN4-15,2026-04-02,pts,14.5,10.27575,4.22425,0.21175,0.1927420752564386,1.0,1.0
KXNBAPTS-26APR02PHXCHA-PHXJGREEN4-20,2026-04-02,pts,19.5,10.27575,9.22425,0.06375,0.05572984597028341,1.0,1.0
KXNBAPTS-26APR02PHXCHA-PHXJGREEN4-25,2026-04-02,pts,24.5,10.27575,14.22425,0.0165,0.01330167031567464,1.0,1.0
KXNBAREB-26APR02PHXCHA-CHABMILLER24-10,2026-04-02,reb,9.5,4.0665,5.4335,0.017,0.024931628220824065,0.0,1.0
KXNBAREB-26APR02PHXCHA-CHABMILLER24-2,2026-04-02,reb,1.5,4.0665,-2.5664999999999996,0.899,0.872497659777607,1.0,1.0
KXNBAREB-26APR02PHXCHA-CHABMILLER24-4,2026-04-02,reb,3.5,4.0665,-0.5664999999999996,0.56175,0.5454823265053936,1.0,1.0
KXNBAREB-26APR02PHXCHA-CHABMILLER24-6,2026-04-02,reb,5.5,4.0665,1.4335000000000004,0.23,0.24665242253972453,0.0,1.0
KXNBAREB-26APR02PHXCHA-CHABMILLER24-8,2026-04-02,reb,7.5,4.0665,3.4335000000000004,0.06675,0.08644351815800422,0.0,1.0
KXNBAREB-26APR02PHXCHA-CHACWHITE3-2,2026-04-02,reb,1.5,2.9785,-1.4785,0.785,0.7577428777260188,1.0,1.0
KXNBAREB-26APR02PHXCHA-CHACWHITE3-3,2026-04-02,reb,2.5,2.9785,-0.4784999999999999,0.5635,0.543872952434227,1.0,1.0
KXNBAREB-26APR02PHXCHA-CHACWHITE3-4,2026-04-02,reb,3.5,2.9785,0.5215000000000001,0.3515,0.34729685810649813,1.0,1.0
KXNBAREB-26APR02PHXCHA-CHACWHITE3-6,2026-04-02,reb,5.5,2.9785,2.5215,0.09425,0.10657686601059946,0.0,1.0
KXNBAREB-26APR02PHXCHA-CHACWHITE3-8,2026-04-02,reb,7.5,2.9785,4.5215,0.01275,0.024517187048645916,0.0,1.0
KXNBAREB-26APR02PHXCHA-CHAKKNUEPPEL7-10,2026-04-02,reb,9.5,4.27675,5.22325,0.021,0.031836709945474384,0.0,1.0
KXNBAREB-26APR02PHXCHA-CHAKKNUEPPEL7-2,2026-04-02,reb,1.5,4.27675,-2.77675,0.9115,0.8871970644841918,1.0,1.0
KXNBAREB-26APR02PHXCHA-CHAKKNUEPPEL7-4,2026-04-02,reb,3.5,4.27675,-0.7767499999999998,0.59425,0.5787016429210353,0.0,1.0
KXNBAREB-26APR02PHXCHA-CHAKKNUEPPEL7-6,2026-04-02,reb,5.5,4.27675,1.2232500000000002,0.2735,0.27684834274787284,0.0,1.0
KXNBAREB-26APR02PHXCHA-CHAKKNUEPPEL7-8,2026-04-02,reb,7.5,4.27675,3.22325,0.08825,0.10332281649220043,0.0,1.0
KXNBAREB-26APR02PHXCHA-CHALBALL1-2,2026-04-02,reb,1.5,3.94,-2.44,0.882,0.8627024229017939,1.0,1.0
KXNBAREB-26APR02PHXCHA-CHALBALL1-4,2026-04-02,reb,3.5,3.94,-0.43999999999999995,0.5445,0.5246011577099057,0.0,1.0
KXNBAREB-26APR02PHXCHA-CHALBALL1-5,2026-04-02,reb,4.5,3.94,0.56,0.3645,0.3594464802392795,0.0,1.0
KXNBAREB-26APR02PHXCHA-CHALBALL1-6,2026-04-02,reb,5.5,3.94,1.56,0.217,0.22875252509916166,0.0,1.0
KXNBAREB-26APR02PHXCHA-CHALBALL1-8,2026-04-02,reb,7.5,3.94,3.56,0.0605,0.0770097735338543,0.0,1.0
KXNBAREB-26APR02PHXCHA-CHAMBRIDGES0-2,2026-04-02,reb,1.5,3.83,-2.33,0.8775,0.8535493400326273,1.0,1.0
KXNBAREB-26APR02PHXCHA-CHAMBRIDGES0-4,2026-04-02,reb,3.5,3.83,-0.33000000000000007,0.517,0.5059136944422046,1.0,1.0
KXNBAREB-26APR02PHXCHA-CHAMBRIDGES0-5,2026-04-02,reb,4.5,3.83,0.6699999999999999,0.34425,0.3411491889078647,0.0,1.0
KXNBAREB-26APR02PHXCHA-CHAMBRIDGES0-6,2026-04-02,reb,5.5,3.83,1.67,0.201,0.21341075416073885,0.0,1.0
KXNBAREB-26APR02PHXCHA-CHAMBRIDGES0-8,2026-04-02,reb,7.5,3.83,3.67,0.055,0.06926649679769292,0.0,1.0
KXNBAREB-26APR02PHXCHA-CHAMDIABATE14-10,2026-04-02,reb,9.5,5.39125,4.10875,0.06175,0.08724347569026114,1.0,1.0
KXNBAREB-26APR02PHXCHA-CHAMDIABATE14-12,2026-04-02,reb,11.5,5.39125,6.10875,0.01625,0.03108144359137377,0.0,1.0
KXNBAREB-26APR02PHXCHA-CHAMDIABATE14-14,2026-04-02,reb,13.5,5.39125,8.10875,0.00375,0.009891369146243445,0.0,1.0
KXNBAREB-26APR02PHXCHA-CHAMDIABATE14-6,2026-04-02,reb,5.5,5.39125,0.10874999999999968,0.4425,0.4369099610973306,1.0,1.0
KXNBAREB-26APR02PHXCHA-CHAMDIABATE14-8,2026-04-02,reb,7.5,5.39125,2.1087499999999997,0.18475,0.212985584515216,1.0,1.0
KXNBAREB-26APR02PHXCHA-PHXDBROOKS3-2,2026-04-02,reb,1.5,3.053386720053387,-1.5533867200533868,0.7647647647647647,0.7682627596699976,0.0,0.74925
KXNBAREB-26APR02PHXCHA-PHXDBROOKS3-3,2026-04-02,reb,2.5,3.053386720053387,-0.5533867200533868,0.5602268935602269,0.5585163624025087,0.0,0.74925
KXNBAREB-26APR02PHXCHA-PHXDBROOKS3-4,2026-04-02,reb,3.5,3.053386720053387,0.44661327994661315,0.3710377043710377,0.3619996127279259,0.0,0.74925
KXNBAREB-26APR02PHXCHA-PHXDBROOKS3-6,2026-04-02,reb,5.5,3.053386720053387,2.446613279946613,0.11811811811811812,0.11483954789212758,0.0,0.74925
KXNBAREB-26APR02PHXCHA-PHXDBROOKS3-8,2026-04-02,reb,7.5,3.053386720053387,4.446613279946613,0.02569235902569236,0.02737188257515233,0.0,0.74925
KXNBAREB-26APR02PHXCHA-PHXJGREEN4-10,2026-04-02,reb,9.5,3.1915,6.3085,0.00425,0.0068359191102128625,0.0,1.0
KXNBAREB-26APR02PHXCHA-PHXJGREEN4-2,2026-04-02,reb,1.5,3.1915,-1.6915,0.80425,0.7864792744291025,1.0,1.0
KXNBAREB-26APR02PHXCHA-PHXJGREEN4-4,2026-04-02,reb,3.5,3.1915,0.3085,0.39625,0.3888466973625946,1.0,1.0
KXNBAREB-26APR02PHXCHA-PHXJGREEN4-6,2026-04-02,reb,5.5,3.1915,2.3085,0.1155,0.13075343821478724,0.0,1.0
KXNBAREB-26APR02PHXCHA-PHXJGREEN4-8,2026-04-02,reb,7.5,3.1915,4.3085,0.026,0.03317264208195003,0.0,1.0
KXNBAAST-26APR02PHXCHA-CHABMILLER24-10,2026-04-02,ast,9.5,2.48525,7.014749999999999,0.00025,0.0013933011334498202,0.0,1.0
KXNBAAST-26APR02PHXCHA-CHABMILLER24-2,2026-04-02,ast,1.5,2.48525,-0.9852500000000002,0.697,0.6772892594511737,1.0,1.0
KXNBAAST-26APR02PHXCHA-CHABMILLER24-4,2026-04-02,ast,3.5,2.48525,1.0147499999999998,0.24675,0.249211799289217,1.0,1.0
KXNBAAST-26APR02PHXCHA-CHABMILLER24-6,2026-04-02,ast,5.5,2.48525,3.01475,0.04925,0.05864022108860234,0.0,1.0
KXNBAAST-26APR02PHXCHA-CHABMILLER24-8,2026-04-02,ast,7.5,2.48525,5.014749999999999,0.00575,0.010112446065477343,0.0,1.0
KXNBAAST-26APR02PHXCHA-CHACWHITE3-10,2026-04-02,ast,9.5,1.97375,7.52625,0.0,0.000288871117763545,0.0,1.0
KXNBAAST-26APR02PHXCHA-CHACWHITE3-2,2026-04-02,ast,1.5,1.97375,-0.4737499999999999,0.58025,0.5643477959937998,1.0,1.0
KXNBAAST-26APR02PHXCHA-CHACWHITE3-4,2026-04-02,ast,3.5,1.97375,1.52625,0.14,0.15251064014756543,0.0,1.0
KXNBAAST-26APR02PHXCHA-CHACWHITE3-6,2026-04-02,ast,5.5,1.97375,3.52625,0.019,0.02532894295730992,0.0,1.0
KXNBAAST-26APR02PHXCHA-CHACWHITE3-8,2026-04-02,ast,7.5,1.97375,5.52625,0.0015,0.0030367779243715143,0.0,1.0
KXNBAAST-26APR02PHXCHA-CHAKKNUEPPEL7-2,2026-04-02,ast,1.5,2.31175,-0.81175,0.66075,0.6423933240964537,1.0,1.0
KXNBAAST-26APR02PHXCHA-CHAKKNUEPPEL7-3,2026-04-02,ast,2.5,2.31175,0.18825000000000003,0.398,0.3986515050581332,0.0,1.0
KXNBAAST-26APR02PHXCHA-CHAKKNUEPPEL7-4,2026-04-02,ast,3.5,2.31175,1.18825,0.20325,0.21531005491588895,0.0,1.0
KXNBAAST-26APR02PHXCHA-CHAKKNUEPPEL7-6,2026-04-02,ast,5.5,2.31175,3.18825,0.04125,0.045532311994688435,0.0,1.0
KXNBAAST-26APR02PHXCHA-CHAKKNUEPPEL7-8,2026-04-02,ast,7.5,2.31175,5.18825,0.00425,0.0070203447849023215,0.0,1.0
KXNBAAST-26APR02PHXCHA-CHALBALL1-10,2026-04-02,ast,9.5,3.54075,5.95925,0.0055,0.011680487421399266,1.0,1.0
KXNBAAST-26APR02PHXCHA-CHALBALL1-12,2026-04-02,ast,11.5,3.54075,7.95925,0.001,0.0023260041513352148,0.0,1.0
KXNBAAST-26APR02PHXCHA-CHALBALL1-6,2026-04-02,ast,5.5,3.54075,1.95925,0.1565,0.17332399098289797,1.0,1.0
KXNBAAST-26APR02PHXCHA-CHALBALL1-7,2026-04-02,ast,6.5,3.54075,2.95925,0.081,0.09586984501753926,1.0,1.0
KXNBAAST-26APR02PHXCHA-CHALBALL1-8,2026-04-02,ast,7.5,3.54075,3.95925,0.03725,0.04995113375567706,1.0,1.0
KXNBAAST-26APR02PHXCHA-CHAMBRIDGES0-2,2026-04-02,ast,1.5,1.96725,-0.46724999999999994,0.57675,0.5627103853875851,1.0,1.0
KXNBAAST-26APR02PHXCHA-CHAMBRIDGES0-3,2026-04-02,ast,2.5,1.96725,0.5327500000000001,0.31425,0.314527530800529,0.0,1.0
KXNBAAST-26APR02PHXCHA-CHAMBRIDGES0-4,2026-04-02,ast,3.5,1.96725,1.53275,0.1465,0.15136260233603616,0.0,1.0
KXNBAAST-26APR02PHXCHA-CHAMBRIDGES0-6,2026-04-02,ast,5.5,1.96725,3.53275,0.01775,0.025008969711049045,0.0,1.0
KXNBAAST-26APR02PHXCHA-CHAMBRIDGES0-8,2026-04-02,ast,7.5,1.96725,5.53275,0.0015,0.0029824309008553707,0.0,1.0
KXNBAAST-26APR02PHXCHA-PHXDBOOKER1-10,2026-04-02,ast,9.5,3.10825,6.39175,0.001,0.005582509789873957,0.0,1.0
KXNBAAST-26APR02PHXCHA-PHXDBOOKER1-2,2026-04-02,ast,1.5,3.10825,-1.60825,0.8005,0.7775904891212938,1.0,1.0
KXNBAAST-26APR02PHXCHA-PHXDBOOKER1-4,2026-04-02,ast,3.5,3.10825,0.39175000000000004,0.37675,0.3729508780906241,1.0,1.0
KXNBAAST-26APR02PHXCHA-PHXDBOOKER1-6,2026-04-02,ast,5.5,3.10825,2.39175,0.10675,0.11996005042066171,1.0,1.0
KXNBAAST-26APR02PHXCHA-PHXDBOOKER1-8,2026-04-02,ast,7.5,3.10825,4.39175,0.01875,0.02882206114767616,0.0,1.0
KXNBAAST-26APR02PHXCHA-PHXDBROOKS3-1,2026-04-02,ast,0.5,1.4424424424424425,-0.9424424424424425,0.7370704037370704,0.7416806502185949,1.0,0.74925
KXNBAAST-26APR02PHXCHA-PHXDBROOKS3-2,2026-04-02,ast,1.5,1.4424424424424425,0.05755755755755754,0.41608274941608275,0.4131423342107423,1.0,0.74925
KXNBAAST-26APR02PHXCHA-PHXDBROOKS3-4,2026-04-02,ast,3.5,1.4424424424424425,2.0575575575575575,0.06940273606940274,0.06997531032778703,0.0,0.74925
KXNBAAST-26APR02PHXCHA-PHXDBROOKS3-6,2026-04-02,ast,5.5,1.4424424424424425,4.0575575575575575,0.005005005005005005,0.00698899118683971,0.0,0.74925
KXNBAAST-26APR02PHXCHA-PHXDBROOKS3-8,2026-04-02,ast,7.5,1.4424424424424425,6.0575575575575575,0.0,0.0004964086502226017,0.0,0.74925
KXNBAAST-26APR02PHXCHA-PHXJGREEN4-2,2026-04-02,ast,1.5,2.056,-0.556,0.6015,0.5846143169036083,1.0,1.0
KXNBAAST-26APR02PHXCHA-PHXJGREEN4-3,2026-04-02,ast,2.5,2.056,0.44399999999999995,0.34025,0.33653520352741184,1.0,1.0
KXNBAAST-26APR02PHXCHA-PHXJGREEN4-4,2026-04-02,ast,3.5,2.056,1.444,0.15925,0.1672616371638741,1.0,1.0
KXNBAAST-26APR02PHXCHA-PHXJGREEN4-6,2026-04-02,ast,5.5,2.056,3.444,0.0235,0.029598594142738133,1.0,1.0
KXNBAAST-26APR02PHXCHA-PHXJGREEN4-8,2026-04-02,ast,7.5,2.056,5.444,0.0025,0.0037901991907803856,0.0,1.0
KXNBA3PT-26APR02PHXCHA-CHACWHITE3-1,2026-04-02,fg3m,0.5,1.1465,-0.6465000000000001,0.67675,0.6563584287281481,1.0,1.0
KXNBA3PT-26APR02PHXCHA-CHACWHITE3-2,2026-04-02,fg3m,1.5,1.1465,0.3534999999999999,0.3165,0.31381976324228933,1.0,1.0
KXNBA3PT-26APR02PHXCHA-CHACWHITE3-3,2026-04-02,fg3m,2.5,1.1465,1.3535,0.113,0.12073583941010302,1.0,1.0
KXNBA3PT-26APR02PHXCHA-CHACWHITE3-4,2026-04-02,fg3m,3.5,1.1465,2.3535,0.03075,0.039772554320595344,0.0,1.0
KXNBA3PT-26APR02PHXCHA-CHACWHITE3-5,2026-04-02,fg3m,4.5,1.1465,3.3535,0.0085,0.011667582658771547,0.0,1.0
KXNBA3PT-26APR02PHXCHA-CHAKKNUEPPEL7-1,2026-04-02,fg3m,0.5,1.82675,-1.32675,0.82875,0.8055902586047466,1.0,1.0
KXNBA3PT-26APR02PHXCHA-CHAKKNUEPPEL7-2,2026-04-02,fg3m,1.5,1.82675,-0.3267500000000001,0.5315,0.5190278627332086,1.0,1.0
KXNBA3PT-26APR02PHXCHA-CHAKKNUEPPEL7-3,2026-04-02,fg3m,2.5,1.82675,0.6732499999999999,0.282,0.280162605924571,1.0,1.0
KXNBA3PT-26APR02PHXCHA-CHAKKNUEPPEL7-4,2026-04-02,fg3m,3.5,1.82675,1.67325,0.125,0.13204991819716905,1.0,1.0
KXNBA3PT-26APR02PHXCHA-CHAKKNUEPPEL7-5,2026-04-02,fg3m,4.5,1.82675,2.67325,0.043,0.05601999268406321,0.0,1.0
KXNBA3PT-26APR02PHXCHA-CHALBALL1-2,2026-04-02,fg3m,1.5,2.35675,-0.8567499999999999,0.657,0.6408433192986336,1.0,1.0
KXNBA3PT-26APR02PHXCHA-CHALBALL1-3,2026-04-02,fg3m,2.5,2.35675,0.1432500000000001,0.4175,0.40568477451052276,0.0,1.0
KXNBA3PT-26APR02PHXCHA-CHALBALL1-4,2026-04-02,fg3m,3.5,2.35675,1.14325,0.22325,0.22754499445411158,0.0,1.0
KXNBA3PT-26APR02PHXCHA-CHALBALL1-5,2026-04-02,fg3m,4.5,2.35675,2.14325,0.103,0.11582932704100024,0.0,1.0
KXNBA3PT-26APR02PHXCHA-CHALBALL1-6,2026-04-02,fg3m,5.5,2.35675,3.14325,0.04125,0.054510887435099464,0.0,1.0
KXNBA3PT-26APR02PHXCHA-CHAMBRIDGES0-1,2026-04-02,fg3m,0.5,0.859,-0.359,0.565,0.556923907246761,1.0,1.0
KXNBA3PT-26APR02PHXCHA-CHAMBRIDGES0-2,2026-04-02,fg3m,1.5,0.859,0.641,0.217,0.21481834085250762,1.0,1.0
KXNBA3PT-26APR02PHXCHA-CHAMBRIDGES0-3,2026-04-02,fg3m,2.5,0.859,1.641,0.06075,0.06544449135580144,1.0,1.0
KXNBA3PT-26APR02PHXCHA-CHAMBRIDGES0-4,2026-04-02,fg3m,3.5,0.859,2.641,0.01325,0.016927429017740914,1.0,1.0
KXNBA3PT-26APR02PHXCHA-CHAMBRIDGES0-5,2026-04-02,fg3m,4.5,0.859,3.641,0.00225,0.003881727271558888,0.0,1.0
KXNBA3PT-26APR02PHXCHA-PHXDBOOKER1-1,2026-04-02,fg3m,0.5,1.19125,-0.6912499999999999,0.6905,0.6694389314047438,1.0,1.0
KXNBA3PT-26APR02PHXCHA-PHXDBOOKER1-2,2026-04-02,fg3m,1.5,1.19125,0.3087500000000001,0.3325,0.32881387572363985,1.0,1.0
KXNBA3PT-26APR02PHXCHA-PHXDBOOKER1-3,2026-04-02,fg3m,2.5,1.19125,1.30875,0.1235,0.13032595296783822,1.0,1.0
KXNBA3PT-26APR02PHXCHA-PHXDBOOKER1-4,2026-04-02,fg3m,3.5,1.19125,2.30875,0.03575,0.04428661228425401,0.0,1.0
KXNBA3PT-26APR02PHXCHA-PHXDBOOKER1-5,2026-04-02,fg3m,4.5,1.19125,3.30875,0.00775,0.013411177237889982,0.0,1.0
KXNBAPTS-26APR02MINDET-DETATHOMPSON9-10,2026-04-02,pts,9.5,7.50125,1.9987500000000002,0.305,0.2744446766438058,0.0,1.0
KXNBAPTS-26APR02MINDET-DETATHOMPSON9-15,2026-04-02,pts,14.5,7.50125,6.99875,0.08125,0.05960215849170469,0.0,1.0
KXNBAPTS-26APR02MINDET-DETATHOMPSON9-20,2026-04-02,pts,19.5,7.50125,11.998750000000001,0.01375,0.009399741063069955,0.0,1.0
KXNBAPTS-26APR02MINDET-DETATHOMPSON9-25,2026-04-02,pts,24.5,7.50125,16.99875,0.00225,0.0012013611279839687,0.0,1.0
KXNBAPTS-26APR02MINDET-DETDROBINSON55-10,2026-04-02,pts,9.5,8.687437852171032,0.8125621478289684,0.4010606562810739,0.37727976151672404,1.0,0.75425
KXNBAPTS-26APR02MINDET-DETDROBINSON55-15,2026-04-02,pts,14.5,8.687437852171032,5.812562147828968,0.12993039443155452,0.1086054020437961,1.0,0.75425
KXNBAPTS-26APR02MINDET-DETDROBINSON55-20,2026-04-02,pts,19.5,8.687437852171032,10.812562147828968,0.03380841895923102,0.023115761321228834,0.0,0.75425
KXNBAPTS-26APR02MINDET-DETTHARRIS12-10,2026-04-02,pts,9.5,9.56825,-0.06825000000000081,0.45975,0.4501318319130265,0.0,1.0
KXNBAPTS-26APR02MINDET-DETTHARRIS12-15,2026-04-02,pts,14.5,9.56825,4.931749999999999,0.164,0.15321882783216312,0.0,1.0
KXNBAPTS-26APR02MINDET-DETTHARRIS12-20,2026-04-02,pts,19.5,9.56825,9.93175,0.04025,0.03908043966310526,0.0,1.0
KXNBAPTS-26APR02MINDET-DETTHARRIS12-25,2026-04-02,pts,24.5,9.56825,14.93175,0.00775,0.008189229012776744,0.0,1.0
KXNBAPTS-26APR02MINDET-MINDDIVINCENZO0-10,2026-04-02,pts,9.5,9.123,0.37700000000000067,0.42775,0.4138707472548756,0.0,1.0
KXNBAPTS-26APR02MINDET-MINDDIVINCENZO0-15,2026-04-02,pts,14.5,9.123,5.377000000000001,0.15,0.12992420516925585,0.0,1.0
KXNBAPTS-26APR02MINDET-MINDDIVINCENZO0-20,2026-04-02,pts,19.5,9.123,10.377,0.03575,0.030356943734534236,0.0,1.0
KXNBAPTS-26APR02MINDET-MINJRANDLE30-15,2026-04-02,pts,14.5,11.89925,2.6007499999999997,0.3045,0.29019361416542344,1.0,1.0
KXNBAPTS-26APR02MINDET-MINJRANDLE30-20,2026-04-02,pts,19.5,11.89925,7.60075,0.106,0.10623430597194927,1.0,1.0
KXNBAPTS-26APR02MINDET-MINJRANDLE30-25,2026-04-02,pts,24.5,11.89925,12.60075,0.02375,0.0324595548017399,1.0,1.0
KXNBAPTS-26APR02MINDET-MINJRANDLE30-30,2026-04-02,pts,29.5,11.89925,17.600749999999998,0.00675,0.00869053169415257,0.0,1.0
KXNBAPTS-26APR02MINDET-MINRGOBERT27-10,2026-04-02,pts,9.5,9.629,-0.12899999999999956,0.47275,0.4549770945720938,0.0,1.0
KXNBAPTS-26APR02MINDET-MINRGOBERT27-15,2026-04-02,pts,14.5,9.629,4.871,0.16175,0.15650122964857094,0.0,1.0
KXNBAPTS-26APR02MINDET-MINRGOBERT27-20,2026-04-02,pts,19.5,9.629,9.871,0.03625,0.04037572229420705,0.0,1.0
KXNBAREB-26APR02MINDET-DETATHOMPSON9-10,2026-04-02,reb,9.5,3.9645,5.5355,0.018,0.021968970927008225,0.0,1.0
KXNBAREB-26APR02MINDET-DETATHOMPSON9-2,2026-04-02,reb,1.5,3.9645,-2.4645,0.87925,0.8646589213546347,1.0,1.0
KXNBAREB-26APR02MINDET-DETATHOMPSON9-4,2026-04-02,reb,3.5,3.9645,-0.46450000000000014,0.5385,0.5286968211338591,1.0,1.0
KXNBAREB-26APR02MINDET-DETATHOMPSON9-6,2026-04-02,reb,5.5,3.9645,1.5354999999999999,0.22775,0.23219961970959624,1.0,1.0
KXNBAREB-26APR02MINDET-DETATHOMPSON9-8,2026-04-02,reb,7.5,3.9645,3.5355,0.07025,0.0787931716659167,1.0,1.0
KXNBAREB-26APR02MINDET-DETTHARRIS12-10,2026-04-02,reb,9.5,4.15475,5.34525,0.01925,0.027697232869864696,0.0,1.0
KXNBAREB-26APR02MINDET-DETTHARRIS12-2,2026-04-02,reb,1.5,4.15475,-2.65475,0.91,0.87889756008381,0.0,1.0
KXNBAREB-26APR02MINDET-DETTHARRIS12-4,2026-04-02,reb,3.5,4.15475,-0.6547499999999999,0.5755,0.5596542292498276,0.0,1.0
KXNBAREB-26APR02MINDET-DETTHARRIS12-6,2026-04-02,reb,5.5,4.15475,1.34525,0.252,0.2592706492696343,0.0,1.0
KXNBAREB-26APR02MINDET-DETTHARRIS12-8,2026-04-02,reb,7.5,4.15475,3.34525,0.07125,0.09335013979182816,0.0,1.0
KXNBAREB-26APR02MINDET-MINDDIVINCENZO0-10,2026-04-02,reb,9.5,3.30825,6.19175,0.00125,0.008382226727150166,0.0,1.0
KXNBAREB-26APR02MINDET-MINDDIVINCENZO0-2,2026-04-02,reb,1.5,3.30825,-1.8082500000000001,0.83175,0.8007481335931418,0.0,1.0
KXNBAREB-26APR02MINDET-MINDDIVINCENZO0-4,2026-04-02,reb,3.5,3.30825,0.19174999999999986,0.42525,0.41120075248521926,0.0,1.0
KXNBAREB-26APR02MINDET-MINDDIVINCENZO0-6,2026-04-02,reb,5.5,3.30825,2.19175,0.1265,0.14483698917570997,0.0,1.0
KXNBAREB-26APR02MINDET-MINDDIVINCENZO0-8,2026-04-02,reb,7.5,3.30825,4.19175,0.02125,0.0386281946164706,0.0,1.0
KXNBAREB-26APR02MINDET-MINJRANDLE30-10,2026-04-02,reb,9.5,4.21175,5.28825,0.01825,0.029585152429530637,0.0,1.0
KXNBAREB-26APR02MINDET-MINJRANDLE30-12,2026-04-02,reb,11.5,4.21175,7.28825,0.00225,0.007692177536806177,0.0,1.0
KXNBAREB-26APR02MINDET-MINJRANDLE30-6,2026-04-02,reb,5.5,4.21175,1.2882499999999997,0.27,0.2674664716860865,1.0,1.0
KXNBAREB-26APR02MINDET-MINJRANDLE30-7,2026-04-02,reb,6.5,4.21175,2.2882499999999997,0.1485,0.1663415476453899,0.0,1.0
KXNBAREB-26APR02MINDET-MINJRANDLE30-8,2026-04-02,reb,7.5,4.21175,3.2882499999999997,0.0785,0.09794920593899992,0.0,1.0
KXNBAREB-26APR02MINDET-MINRGOBERT27-10,2026-04-02,reb,9.5,6.08225,3.41775,0.107,0.13660137469967304,0.0,1.0
KXNBAREB-26APR02MINDET-MINRGOBERT27-11,2026-04-02,reb,10.5,6.08225,4.41775,0.06025,0.08881876781316378,0.0,1.0
KXNBAREB-26APR02MINDET-MINRGOBERT27-12,2026-04-02,reb,11.5,6.08225,5.41775,0.0315,0.056042668829205944,0.0,1.0
KXNBAREB-26APR02MINDET-MINRGOBERT27-14,2026-04-02,reb,13.5,6.08225,7.41775,0.0065,0.020617230290789768,0.0,1.0
KXNBAREB-26APR02MINDET-MINRGOBERT27-16,2026-04-02,reb,15.5,6.08225,9.41775,0.00175,0.006931345519493481,0.0,1.0
KXNBAAST-26APR02MINDET-DETATHOMPSON9-10,2026-04-02,ast,9.5,1.983,7.5169999999999995,0.0,0.00029863770971838566,0.0,1.0
KXNBAAST-26APR02MINDET-DETATHOMPSON9-2,2026-04-02,ast,1.5,1.983,-0.4830000000000001,0.57,0.5666688821966585,1.0,1.0
KXNBAAST-26APR02MINDET-DETATHOMPSON9-4,2026-04-02,ast,3.5,1.983,1.517,0.1485,0.1541490263622609,1.0,1.0
KXNBAAST-26APR02MINDET-DETATHOMPSON9-6,2026-04-02,ast,5.5,1.983,3.517,0.0235,0.025788671337991786,1.0,1.0
KXNBAAST-26APR02MINDET-DETATHOMPSON9-8,2026-04-02,ast,7.5,1.983,5.5169999999999995,0.0025,0.0031153905131879878,1.0,1.0
KXNBAAST-26APR02MINDET-DETTHARRIS12-10,2026-04-02,ast,9.5,2.32625,7.17375,0.0,0.0008997167591859867,0.0,1.0
KXNBAAST-26APR02MINDET-DETTHARRIS12-2,2026-04-02,ast,1.5,2.32625,-0.8262499999999999,0.673,0.6454389399016879,0.0,1.0
KXNBAAST-26APR02MINDET-DETTHARRIS12-4,2026-04-02,ast,3.5,2.32625,1.17375,0.21,0.2181119311559121,0.0,1.0
KXNBAAST-26APR02MINDET-DETTHARRIS12-6,2026-04-02,ast,5.5,2.32625,3.17375,0.03775,0.0465569828086998,0.0,1.0
KXNBAAST-26APR02MINDET-DETTHARRIS12-8,2026-04-02,ast,7.5,2.32625,5.17375,0.00375,0.007248708505217083,0.0,1.0
KXNBAAST-26APR02MINDET-MINDDIVINCENZO0-2,2026-04-02,ast,1.5,2.09075,-0.5907499999999999,0.61125,0.5929262338699343,0.0,1.0
KXNBAAST-26APR02MINDET-MINDDIVINCENZO0-3,2026-04-02,ast,2.5,2.09075,0.4092500000000001,0.3505,0.34510256319108323,0.0,1.0
KXNBAAST-26APR02MINDET-MINDDIVINCENZO0-4,2026-04-02,ast,3.5,2.09075,1.4092500000000001,0.16025,0.1736104795277138,0.0,1.0
KXNBAAST-26APR02MINDET-MINDDIVINCENZO0-6,2026-04-02,ast,5.5,2.09075,3.40925,0.02375,0.03152644853458009,0.0,1.0
KXNBAAST-26APR02MINDET-MINDDIVINCENZO0-8,2026-04-02,ast,7.5,2.09075,5.40925,0.00325,0.00414696726684316,0.0,1.0
KXNBAAST-26APR02MINDET-MINJRANDLE30-2,2026-04-02,ast,1.5,2.67,-1.17,0.73025,0.7108980116651529,1.0,1.0
KXNBAAST-26APR02MINDET-MINJRANDLE30-4,2026-04-02,ast,3.5,2.67,0.8300000000000001,0.287,0.285912352502671,1.0,1.0
KXNBAAST-26APR02MINDET-MINJRANDLE30-5,2026-04-02,ast,4.5,2.67,1.83,0.14675,0.15274611279520123,1.0,1.0
KXNBAAST-26APR02MINDET-MINJRANDLE30-6,2026-04-02,ast,5.5,2.67,2.83,0.06175,0.07458926138073008,1.0,1.0
KXNBAAST-26APR02MINDET-MINJRANDLE30-8,2026-04-02,ast,7.5,2.67,4.83,0.0095,0.01434091457256903,0.0,1.0
KXNBA3PT-26APR02MINDET-DETDROBINSON55-1,2026-04-02,fg3m,0.5,1.843221743453762,-1.343221743453762,0.8296320848525025,0.808154869095088,1.0,0.75425
KXNBA3PT-26APR02MINDET-DETDROBINSON55-2,2026-04-02,fg3m,1.5,1.843221743453762,-0.3432217434537621,0.5561816373881339,0.5233188428004805,1.0,0.75425
KXNBA3PT-26APR02MINDET-DETDROBINSON55-3,2026-04-02,fg3m,2.5,1.843221743453762,0.6567782565462379,0.2903546569439841,0.28416813814577757,1.0,0.75425
KXNBA3PT-26APR02MINDET-DETDROBINSON55-4,2026-04-02,fg3m,3.5,1.843221743453762,1.656778256546238,0.11269472986410341,0.13480139819508108,0.0,0.75425
KXNBA3PT-26APR02MINDET-DETDROBINSON55-5,2026-04-02,fg3m,4.5,1.843221743453762,2.6567782565462377,0.0377858800132582,0.05757084163213033,0.0,0.75425
KXNBA3PT-26APR02MINDET-DETTHARRIS12-1,2026-04-02,fg3m,0.5,0.888,-0.388,0.57875,0.5683050560536338,0.0,1.0
KXNBA3PT-26APR02MINDET-DETTHARRIS12-2,2026-04-02,fg3m,1.5,0.888,0.612,0.22875,0.22490678043538048,0.0,1.0
KXNBA3PT-26APR02MINDET-DETTHARRIS12-3,2026-04-02,fg3m,2.5,0.888,1.612,0.06325,0.07043403436293205,0.0,1.0
KXNBA3PT-26APR02MINDET-DETTHARRIS12-4,2026-04-02,fg3m,3.5,0.888,2.612,0.01425,0.018743488895242133,0.0,1.0
KXNBA3PT-26APR02MINDET-DETTHARRIS12-5,2026-04-02,fg3m,4.5,0.888,3.612,0.0025,0.004424136138972301,0.0,1.0
KXNBAPTS-26APR02CLEGSW-CLEDMITCHELL45-15,2026-04-02,pts,14.5,13.4345,1.0655000000000001,0.395,0.3835600793969923,1.0,1.0
KXNBAPTS-26APR02CLEGSW-CLEDMITCHELL45-20,2026-04-02,pts,19.5,13.4345,6.0655,0.15175,0.16694984245773825,1.0,1.0
KXNBAPTS-26APR02CLEGSW-CLEDMITCHELL45-25,2026-04-02,pts,24.5,13.4345,11.0655,0.0495,0.06128967097102267,1.0,1.0
KXNBAPTS-26APR02CLEGSW-CLEDMITCHELL45-30,2026-04-02,pts,29.5,13.4345,16.0655,0.01375,0.019824973305557436,0.0,1.0
KXNBAPTS-26APR02CLEGSW-CLEDMITCHELL45-35,2026-04-02,pts,34.5,13.4345,21.0655,0.002,0.0058220310032170985,0.0,1.0
KXNBAPTS-26APR02CLEGSW-CLEDSCHRODER8-10,2026-04-02,pts,9.5,6.30825,3.19175,0.2045,0.17358494896150933,1.0,1.0
KXNBAPTS-26APR02CLEGSW-CLEDSCHRODER8-15,2026-04-02,pts,14.5,6.30825,8.191749999999999,0.04275,0.025935361076777297,0.0,1.0
KXNBAPTS-26APR02CLEGSW-CLEDSCHRODER8-20,2026-04-02,pts,19.5,6.30825,13.191749999999999,0.00675,0.0027639037832175584,0.0,1.0
KXNBAPTS-26APR02CLEGSW-CLEEMOBLEY4-15,2026-04-02,pts,14.5,11.83025,2.6697500000000005,0.2855,0.285964523618476,0.0,1.0
KXNBAPTS-26APR02CLEGSW-CLEEMOBLEY4-20,2026-04-02,pts,19.5,11.83025,7.6697500000000005,0.0925,0.10376943918198234,0.0,1.0
KXNBAPTS-26APR02CLEGSW-CLEEMOBLEY4-25,2026-04-02,pts,24.5,11.83025,12.66975,0.025,0.03141399727366623,0.0,1.0
KXNBAPTS-26APR02CLEGSW-CLEEMOBLEY4-30,2026-04-02,pts,29.5,11.83025,17.66975,0.0045,0.00833097970384622,0.0,1.0
KXNBAPTS-26APR02CLEGSW-CLEJALLEN31-10,2026-04-02,pts,9.5,10.69825,-1.1982499999999998,0.541,0.5356756955095257,1.0,1.0
KXNBAPTS-26APR02CLEGSW-CLEJALLEN31-15,2026-04-02,pts,14.5,10.69825,3.80175,0.2345,0.217453974457398,1.0,1.0
KXNBAPTS-26APR02CLEGSW-CLEJALLEN31-20,2026-04-02,pts,19.5,10.69825,8.80175,0.07375,0.06728192526022692,0.0,1.0
KXNBAPTS-26APR02CLEGSW-CLEJALLEN31-25,2026-04-02,pts,24.5,10.69825,13.80175,0.01675,0.017233743259144396,0.0,1.0
KXNBAPTS-26APR02CLEGSW-CLEJHARDEN1-10,2026-04-02,pts,9.5,12.8105,-3.3104999999999993,0.68175,0.6671261990116439,1.0,1.0
KXNBAPTS-26APR02CLEGSW-CLEJHARDEN1-15,2026-04-02,pts,14.5,12.8105,1.6895000000000007,0.36725,0.3459443136571779,1.0,1.0
KXNBAPTS-26APR02CLEGSW-CLEJHARDEN1-20,2026-04-02,pts,19.5,12.8105,6.689500000000001,0.135,0.14103312858258132,0.0,1.0
KXNBAPTS-26APR02CLEGSW-CLEJHARDEN1-25,2026-04-02,pts,24.5,12.8105,11.6895,0.04025,0.04828781304610763,0.0,1.0
KXNBAPTS-26APR02CLEGSW-CLEJHARDEN1-30,2026-04-02,pts,29.5,12.8105,16.689500000000002,0.01075,0.014534465683763709,0.0,1.0
KXNBAPTS-26APR02CLEGSW-GSWDGREEN23-10,2026-04-02,pts,9.5,8.7475,0.7524999999999995,0.39825,0.38238197957469044,0.0,1.0
KXNBAPTS-26APR02CLEGSW-GSWDGREEN23-15,2026-04-02,pts,14.5,8.7475,5.7524999999999995,0.143,0.11145033149446248,0.0,1.0
KXNBAPTS-26APR02CLEGSW-GSWDGREEN23-20,2026-04-02,pts,19.5,8.7475,10.7525,0.0325,0.02403978735193557,0.0,1.0
KXNBAPTS-26APR02CLEGSW-GSWKPORZINGIS7-10,2026-04-02,pts,9.5,11.2275,-1.7274999999999991,0.57425,0.57216079748785,1.0,1.0
KXNBAPTS-26APR02CLEGSW-GSWKPORZINGIS7-15,2026-04-02,pts,14.5,11.2275,3.272500000000001,0.26775,0.24919674451353901,1.0,1.0
KXNBAPTS-26APR02CLEGSW-GSWKPORZINGIS7-20,2026-04-02,pts,19.5,11.2275,8.2725,0.0985,0.08337884098183634,0.0,1.0
KXNBAPTS-26APR02CLEGSW-GSWKPORZINGIS7-25,2026-04-02,pts,24.5,11.2275,13.2725,0.027,0.02317831222425004,0.0,1.0
KXNBAPTS-26APR02CLEGSW-GSWKPORZINGIS7-30,2026-04-02,pts,29.5,11.2275,18.2725,0.00725,0.005632449324770916,0.0,1.0
KXNBAREB-26APR02CLEGSW-CLEDMITCHELL45-10,2026-04-02,reb,9.5,3.52075,5.97925,0.00475,0.011819040243196799,0.0,1.0
KXNBAREB-26APR02CLEGSW-CLEDMITCHELL45-2,2026-04-02,reb,1.5,3.52075,-2.02075,0.847,0.8242818563188792,1.0,1.0
KXNBAREB-26APR02CLEGSW-CLEDMITCHELL45-4,2026-04-02,reb,3.5,3.52075,-0.020750000000000046,0.464,0.45089581870950357,1.0,1.0
KXNBAREB-26APR02CLEGSW-CLEDMITCHELL45-6,2026-04-02,reb,5.5,3.52075,1.97925,0.1575,0.17177581335313963,1.0,1.0
KXNBAREB-26APR02CLEGSW-CLEDMITCHELL45-8,2026-04-02,reb,7.5,3.52075,3.97925,0.0375,0.04987420944097454,0.0,1.0
KXNBAREB-26APR02CLEGSW-CLEEMOBLEY4-10,2026-04-02,reb,9.5,5.14675,4.35325,0.046,0.07238942732568232,1.0,1.0
KXNBAREB-26APR02CLEGSW-CLEEMOBLEY4-12,2026-04-02,reb,11.5,5.14675,6.35325,0.01075,0.024369780015437992,0.0,1.0
KXNBAREB-26APR02CLEGSW-CLEEMOBLEY4-4,2026-04-02,reb,3.5,5.14675,-1.64675,0.7475,0.6961042834079165,1.0,1.0
KXNBAREB-26APR02CLEGSW-CLEEMOBLEY4-6,2026-04-02,reb,5.5,5.14675,0.35325000000000006,0.405,0.40263508561626893,1.0,1.0
KXNBAREB-26APR02CLEGSW-CLEEMOBLEY4-8,2026-04-02,reb,7.5,5.14675,2.35325,0.15875,0.18660824474955973,1.0,1.0
KXNBAREB-26APR02CLEGSW-CLEJALLEN31-10,2026-04-02,reb,9.5,4.40275,5.09725,0.023,0.03650462704689683,1.0,1.0
KXNBAREB-26APR02CLEGSW-CLEJALLEN31-12,2026-04-02,reb,11.5,4.40275,7.09725,0.0045,0.010068089896643762,1.0,1.0
KXNBAREB-26APR02CLEGSW-CLEJALLEN31-6,2026-04-02,reb,5.5,4.40275,1.0972499999999998,0.2915,0.2951152288000717,1.0,1.0
KXNBAREB-26APR02CLEGSW-CLEJALLEN31-7,2026-04-02,reb,6.5,4.40275,2.09725,0.179,0.1885049428818809,1.0,1.0
KXNBAREB-26APR02CLEGSW-CLEJALLEN31-8,2026-04-02,reb,7.5,4.40275,3.09725,0.10025,0.11411855114685543,1.0,1.0
KXNBAREB-26APR02CLEGSW-CLEJHARDEN1-2,2026-04-02,reb,1.5,3.98925,-2.48925,0.89225,0.8666059601208977,1.0,1.0
KXNBAREB-26APR02CLEGSW-CLEJHARDEN1-4,2026-04-02,reb,3.5,3.98925,-0.4892500000000002,0.55975,0.5328093101343918,0.0,1.0
KXNBAREB-26APR02CLEGSW-CLEJHARDEN1-5,2026-04-02,reb,4.5,3.98925,0.5107499999999998,0.379,0.36760225912411937,0.0,1.0
KXNBAREB-26APR02CLEGSW-CLEJHARDEN1-6,2026-04-02,reb,5.5,3.98925,1.5107499999999998,0.2215,0.2356919805168719,0.0,1.0
KXNBAREB-26APR02CLEGSW-CLEJHARDEN1-8,2026-04-02,reb,7.5,3.98925,3.51075,0.05525,0.08061622609524255,0.0,1.0
KXNBAREB-26APR02CLEGSW-GSWDGREEN23-10,2026-04-02,reb,9.5,4.128,5.372,0.0195,0.02683885467386804,0.0,1.0
KXNBAREB-26APR02CLEGSW-GSWDGREEN23-2,2026-04-02,reb,1.5,4.128,-2.628,0.8975,0.8769938616916174,1.0,1.0
KXNBAREB-26APR02CLEGSW-GSWDGREEN23-4,2026-04-02,reb,3.5,4.128,-0.6280000000000001,0.56775,0.5553931924754284,1.0,1.0
KXNBAREB-26APR02CLEGSW-GSWDGREEN23-6,2026-04-02,reb,5.5,4.128,1.3719999999999999,0.24325,0.25543607830093906,1.0,1.0
KXNBAREB-26APR02CLEGSW-GSWDGREEN23-8,2026-04-02,reb,7.5,4.128,3.372,0.0775,0.09122892521265014,1.0,1.0
KXNBAREB-26APR02CLEGSW-GSWKPORZINGIS7-10,2026-04-02,reb,9.5,4.0705,5.4295,0.0215,0.025052885822422488,0.0,1.0
KXNBAREB-26APR02CLEGSW-GSWKPORZINGIS7-2,2026-04-02,reb,1.5,4.0705,-2.5705,0.88225,0.8727952460477012,1.0,1.0
KXNBAREB-26APR02CLEGSW-GSWKPORZINGIS7-4,2026-04-02,reb,3.5,4.0705,-0.5705,0.5515,0.5461317655472603,1.0,1.0
KXNBAREB-26APR02CLEGSW-GSWKPORZINGIS7-6,2026-04-02,reb,5.5,4.0705,1.4295,0.24575,0.2472222524878539,1.0,1.0
KXNBAREB-26APR02CLEGSW-GSWKPORZINGIS7-8,2026-04-02,reb,7.5,4.0705,3.4295,0.0745,0.08675085561185969,0.0,1.0
KXNBAAST-26APR02CLEGSW-CLEDMITCHELL45-10,2026-04-02,ast,9.5,2.937,6.563000000000001,0.00175,0.0039826570982065546,0.0,1.0
KXNBAAST-26APR02CLEGSW-CLEDMITCHELL45-2,2026-04-02,ast,1.5,2.937,-1.4369999999999998,0.7785,0.7535573959405711,1.0,1.0
KXNBAAST-26APR02CLEGSW-CLEDMITCHELL45-4,2026-04-02,ast,3.5,2.937,0.5630000000000002,0.338,0.3391507596636506,0.0,1.0
KXNBAAST-26APR02CLEGSW-CLEDMITCHELL45-6,2026-04-02,ast,5.5,2.937,2.563,0.08275,0.10105108680038866,0.0,1.0
KXNBAAST-26APR02CLEGSW-CLEDMITCHELL45-8,2026-04-02,ast,7.5,2.937,4.563000000000001,0.012,0.022371408277563565,0.0,1.0
KXNBAAST-26APR02CLEGSW-CLEDSCHRODER8-2,2026-04-02,ast,1.5,2.02975,-0.5297499999999999,0.594,0.5782372001018441,1.0,1.0
KXNBAAST-26APR02CLEGSW-CLEDSCHRODER8-3,2026-04-02,ast,2.5,2.02975,0.47025000000000006,0.3245,0.33004329337475413,1.0,1.0
KXNBAAST-26APR02CLEGSW-CLEDSCHRODER8-4,2026-04-02,ast,3.5,2.02975,1.47025,0.155,0.16251026065697793,1.0,1.0
KXNBAAST-26APR02CLEGSW-CLEDSCHRODER8-6,2026-04-02,ast,5.5,2.02975,3.47025,0.02425,0.028191286141314054,1.0,1.0
KXNBAAST-26APR02CLEGSW-CLEDSCHRODER8-8,2026-04-02,ast,7.5,2.02975,5.47025,0.00275,0.003536172563836093,0.0,1.0
KXNBAAST-26APR02CLEGSW-CLEJHARDEN1-10,2026-04-02,ast,9.5,4.0455,5.4545,0.01125,0.0234707786688495,0.0,1.0
KXNBAAST-26APR02CLEGSW-CLEJHARDEN1-12,2026-04-02,ast,11.5,4.0455,7.4545,0.001,0.0056426958898260215,0.0,1.0
KXNBAAST-26APR02CLEGSW-CLEJHARDEN1-4,2026-04-02,ast,3.5,4.0455,-0.5454999999999997,0.5695,0.5435033092031276,1.0,1.0
KXNBAAST-26APR02CLEGSW-CLEJHARDEN1-6,2026-04-02,ast,5.5,4.0455,1.4545000000000003,0.229,0.24286413799303574,0.0,1.0
KXNBAAST-26APR02CLEGSW-CLEJHARDEN1-8,2026-04-02,ast,7.5,4.0455,3.4545000000000003,0.062,0.08349060919360995,0.0,1.0
KXNBAAST-26APR02CLEGSW-GSWDGREEN23-10,2026-04-02,ast,9.5,3.0435,6.4565,0.002,0.004930005310057717,0.0,1.0
KXNBAAST-26APR02CLEGSW-GSWDGREEN23-2,2026-04-02,ast,1.5,3.0435,-1.5434999999999999,0.79075,0.7687902613949461,1.0,1.0
KXNBAAST-26APR02CLEGSW-GSWDGREEN23-4,2026-04-02,ast,3.5,3.0435,0.45650000000000013,0.36475,0.36022541519985773,1.0,1.0
KXNBAAST-26APR02CLEGSW-GSWDGREEN23-6,2026-04-02,ast,5.5,3.0435,2.4565,0.098,0.1126444527583661,1.0,1.0
KXNBAAST-26APR02CLEGSW-GSWDGREEN23-8,2026-04-02,ast,7.5,3.0435,4.4565,0.01525,0.02625894482992497,1.0,1.0
KXNBA3PT-26APR02CLEGSW-CLEDMITCHELL45-1,2026-04-02,fg3m,0.5,1.28425,-0.7842499999999999,0.719,0.694861349423185,1.0,1.0
KXNBA3PT-26APR02CLEGSW-CLEDMITCHELL45-2,2026-04-02,fg3m,1.5,1.28425,0.2157500000000001,0.36425,0.35942051347681137,1.0,1.0
KXNBA3PT-26APR02CLEGSW-CLEDMITCHELL45-3,2026-04-02,fg3m,2.5,1.28425,1.21575,0.1425,0.15089113378513874,1.0,1.0
KXNBA3PT-26APR02CLEGSW-CLEDMITCHELL45-4,2026-04-02,fg3m,3.5,1.28425,2.21575,0.042,0.05445849256844548,1.0,1.0
KXNBA3PT-26APR02CLEGSW-CLEDMITCHELL45-5,2026-04-02,fg3m,4.5,1.28425,3.21575,0.0125,0.017540855381638965,0.0,1.0
KXNBA3PT-26APR02CLEGSW-CLEJHARDEN1-1,2026-04-02,fg3m,0.5,1.77625,-1.27625,0.81125,0.7974825978809127,1.0,1.0
KXNBA3PT-26APR02CLEGSW-CLEJHARDEN1-2,2026-04-02,fg3m,1.5,1.77625,-0.2762500000000001,0.54125,0.5056639733384005,1.0,1.0
KXNBA3PT-26APR02CLEGSW-CLEJHARDEN1-3,2026-04-02,fg3m,2.5,1.77625,0.7237499999999999,0.26325,0.2678725021275399,1.0,1.0
KXNBA3PT-26APR02CLEGSW-CLEJHARDEN1-4,2026-04-02,fg3m,3.5,1.77625,1.72375,0.1035,0.12373233126615435,0.0,1.0
KXNBA3PT-26APR02CLEGSW-CLEJHARDEN1-5,2026-04-02,fg3m,4.5,1.77625,2.72375,0.034,0.05140094042639398,0.0,1.0
KXNBAPTS-26APR02SASLAC-LACBLOPEZ11-10,2026-04-02,pts,9.5,8.4445,1.0555000000000003,0.37925,0.35648783776672066,0.0,1.0
KXNBAPTS-26APR02SASLAC-LACBLOPEZ11-15,2026-04-02,pts,14.5,8.4445,6.0555,0.123,0.09742958390920153,0.0,1.0
KXNBAPTS-26APR02SASLAC-LACBLOPEZ11-20,2026-04-02,pts,19.5,8.4445,11.0555,0.02625,0.01961562227342406,0.0,1.0
KXNBAPTS-26APR02SASLAC-LACBLOPEZ11-25,2026-04-02,pts,24.5,8.4445,16.055500000000002,0.00375,0.0032203164269848372,0.0,1.0
KXNBAPTS-26APR02SASLAC-LACBMATHURIN9-10,2026-04-02,pts,9.5,11.60975,-2.10975,0.6115,0.5970284675031778,1.0,1.0
KXNBAPTS-26APR02SASLAC-LACBMATHURIN9-15,2026-04-02,pts,14.5,11.60975,2.89025,0.293,0.2724684011083852,1.0,1.0
KXNBAPTS-26APR02SASLAC-LACBMATHURIN9-20,2026-04-02,pts,19.5,11.60975,7.89025,0.0935,0.09606815498566779,0.0,1.0
KXNBAPTS-26APR02SASLAC-LACBMATHURIN9-25,2026-04-02,pts,24.5,11.60975,12.89025,0.03,0.028215395991321723,0.0,1.0
KXNBAPTS-26APR02SASLAC-LACDGARLAND10-10,2026-04-02,pts,9.5,11.91,-2.41,0.62525,0.6156879921716933,1.0,1.0
KXNBAPTS-26APR02SASLAC-LACDGARLAND10-15,2026-04-02,pts,14.5,11.91,2.59,0.3115,0.2908526518299268,0.0,1.0
KXNBAPTS-26APR02SASLAC-LACDGARLAND10-20,2026-04-02,pts,19.5,11.91,7.59,0.116,0.10662063486468565,0.0,1.0
KXNBAPTS-26APR02SASLAC-LACDGARLAND10-25,2026-04-02,pts,24.5,11.91,12.59,0.0345,0.032624374314898064,0.0,1.0
KXNBAPTS-26APR02SASLAC-LACDGARLAND10-30,2026-04-02,pts,29.5,11.91,17.59,0.0085,0.008747537071186473,0.0,1.0
KXNBAPTS-26APR02SASLAC-LACDJONES5-10,2026-04-02,pts,9.5,7.17525,2.32475,0.2755,0.24616139680081772,0.0,1.0
KXNBAPTS-26APR02SASLAC-LACDJONES5-15,2026-04-02,pts,14.5,7.17525,7.32475,0.06625,0.04877664649613167,0.0,1.0
KXNBAPTS-26APR02SASLAC-LACDJONES5-20,2026-04-02,pts,19.5,7.17525,12.32475,0.0115,0.00698408748787005,0.0,1.0
KXNBAPTS-26APR02SASLAC-LACJCOLLINS20-10,2026-04-02,pts,9.5,9.10875,0.39124999999999943,0.4295,0.4126898275327826,1.0,1.0
KXNBAPTS-26APR02SASLAC-LACJCOLLINS20-15,2026-04-02,pts,14.5,9.10875,5.391249999999999,0.14625,0.12920246267250401,1.0,1.0
KXNBAPTS-26APR02SASLAC-LACJCOLLINS20-20,2026-04-02,pts,19.5,9.10875,10.39125,0.035,0.03010000041704375,0.0,1.0
KXNBAPTS-26APR02SASLAC-LACKLEONARD2-25,2026-04-02,pts,24.5,13.743,10.757,0.065,0.068353208043329,0.0,1.0
KXNBAPTS-26APR02SASLAC-LACKLEONARD2-30,2026-04-02,pts,29.5,13.743,15.757,0.01725,0.022860903935096988,0.0,1.0
KXNBAPTS-26APR02SASLAC-LACKLEONARD2-35,2026-04-02,pts,34.5,13.743,20.756999999999998,0.0035,0.006946191225464915,0.0,1.0
KXNBAPTS-26APR02SASLAC-LACKLEONARD2-40,2026-04-02,pts,39.5,13.743,25.756999999999998,0.0005,0.0019574186363636725,0.0,1.0
KXNBAPTS-26APR02SASLAC-SASDFOX4-10,2026-04-02,pts,9.5,10.69325,-1.1932500000000008,0.5515,0.5353197386119999,1.0,1.0
KXNBAPTS-26APR02SASLAC-SASDFOX4-15,2026-04-02,pts,14.5,10.69325,3.806749999999999,0.22675,0.21715776863424585,1.0,1.0
KXNBAPTS-26APR02SASLAC-SASDFOX4-20,2026-04-02,pts,19.5,10.69325,8.80675,0.066,0.06713834901799409,1.0,1.0
KXNBAPTS-26APR02SASLAC-SASDFOX4-25,2026-04-02,pts,24.5,10.69325,13.80675,0.01575,0.017183093661847115,0.0,1.0
KXNBAPTS-26APR02SASLAC-SASDHARPER2-10,2026-04-02,pts,9.5,9.643,-0.14300000000000068,0.47225,0.45609002077010463,1.0,1.0
KXNBAPTS-26APR02SASLAC-SASDHARPER2-15,2026-04-02,pts,14.5,9.643,4.856999999999999,0.1635,0.15726095044917354,1.0,1.0
KXNBAPTS-26APR02SASLAC-SASDHARPER2-20,2026-04-02,pts,19.5,9.643,9.857,0.036,0.04067781117945901,0.0,1.0
KXNBAPTS-26APR02SASLAC-SASDVASSELL24-10,2026-04-02,pts,9.5,10.12175,-0.6217500000000005,0.50525,0.4932802766614426,1.0,1.0
KXNBAPTS-26APR02SASLAC-SASDVASSELL24-15,2026-04-02,pts,14.5,10.12175,4.3782499999999995,0.19925,0.18391782148550218,0.0,1.0
KXNBAPTS-26APR02SASLAC-SASDVASSELL24-20,2026-04-02,pts,19.5,10.12175,9.37825,0.0545,0.05181557854395902,0.0,1.0
KXNBAPTS-26APR02SASLAC-SASDVASSELL24-25,2026-04-02,pts,24.5,10.12175,14.37825,0.0115,0.012037932605747814,0.0,1.0
KXNBAPTS-26APR02SASLAC-SASSCASTLE5-10,2026-04-02,pts,9.5,12.07425,-2.5742499999999993,0.6265,0.6255725251694759,1.0,1.0
KXNBAPTS-26APR02SASLAC-SASSCASTLE5-15,2026-04-02,pts,14.5,12.07425,2.4257500000000007,0.3135,0.30092498845625415,1.0,1.0
KXNBAPTS-26APR02SASLAC-SASSCASTLE5-20,2026-04-02,pts,19.5,12.07425,7.425750000000001,0.1175,0.1125994737968603,1.0,1.0
KXNBAPTS-26APR02SASLAC-SASSCASTLE5-25,2026-04-02,pts,24.5,12.07425,12.42575,0.0355,0.035207393504589346,0.0,1.0
KXNBAREB-26APR02SASLAC-LACBLOPEZ11-2,2026-04-02,reb,1.5,3.806,-2.306,0.8735,0.8514695506423405,1.0,1.0
KXNBAREB-26APR02SASLAC-LACBLOPEZ11-4,2026-04-02,reb,3.5,3.806,-0.30600000000000005,0.51125,0.50177251895987,1.0,1.0
KXNBAREB-26APR02SASLAC-LACBLOPEZ11-5,2026-04-02,reb,4.5,3.806,0.694,0.33125,0.3371451429914166,1.0,1.0
KXNBAREB-26APR02SASLAC-LACBLOPEZ11-6,2026-04-02,reb,5.5,3.806,1.694,0.208,0.21009553501715594,1.0,1.0
KXNBAREB-26APR02SASLAC-LACBLOPEZ11-8,2026-04-02,reb,7.5,3.806,3.694,0.0575,0.06763507166611127,0.0,1.0
KXNBAREB-26APR02SASLAC-LACBMATHURIN9-10,2026-04-02,reb,9.5,3.81325,5.68675,0.01,0.018023498603109034,0.0,1.0
KXNBAREB-26APR02SASLAC-LACBMATHURIN9-2,2026-04-02,reb,1.5,3.81325,-2.31325,0.873,0.8521010247818428,1.0,1.0
KXNBAREB-26APR02SASLAC-LACBMATHURIN9-4,2026-04-02,reb,3.5,3.81325,-0.31325000000000003,0.5195,0.5030258783298249,1.0,1.0
KXNBAREB-26APR02SASLAC-LACBMATHURIN9-6,2026-04-02,reb,5.5,3.81325,1.68675,0.2025,0.2110957128727574,1.0,1.0
KXNBAREB-26APR02SASLAC-LACBMATHURIN9-8,2026-04-02,reb,7.5,3.81325,3.68675,0.0535,0.0681256884548267,0.0,1.0
KXNBAREB-26APR02SASLAC-LACJCOLLINS20-10,2026-04-02,reb,9.5,3.91175,5.58825,0.018,0.020533146671125935,0.0,1.0
KXNBAREB-26APR02SASLAC-LACJCOLLINS20-2,2026-04-02,reb,1.5,3.91175,-2.41175,0.87725,0.8604099230452191,1.0,1.0
KXNBAREB-26APR02SASLAC-LACJCOLLINS20-4,2026-04-02,reb,3.5,3.91175,-0.41175000000000006,0.5335,0.5198482825966293,1.0,1.0
KXNBAREB-26APR02SASLAC-LACJCOLLINS20-6,2026-04-02,reb,5.5,3.91175,1.58825,0.211,0.22479076019573985,1.0,1.0
KXNBAREB-26APR02SASLAC-LACJCOLLINS20-8,2026-04-02,reb,7.5,3.91175,3.58825,0.06475,0.0749798102775463,0.0,1.0
KXNBAREB-26APR02SASLAC-LACKLEONARD2-10,2026-04-02,reb,9.5,4.2575,5.2425,0.01975,0.03115888010765222,0.0,1.0
KXNBAREB-26APR02SASLAC-LACKLEONARD2-12,2026-04-02,reb,11.5,4.2575,7.2425,0.00475,0.008219392252961533,0.0,1.0
KXNBAREB-26APR02SASLAC-LACKLEONARD2-6,2026-04-02,reb,5.5,4.2575,1.2424999999999997,0.258,0.274066326209487,1.0,1.0
KXNBAREB-26APR02SASLAC-LACKLEONARD2-7,2026-04-02,reb,6.5,4.2575,2.2424999999999997,0.1515,0.1715690479070774,0.0,1.0
KXNBAREB-26APR02SASLAC-LACKLEONARD2-8,2026-04-02,reb,7.5,4.2575,3.2424999999999997,0.08025,0.10171725159266976,0.0,1.0
KXNBAREB-26APR02SASLAC-SASDFOX4-10,2026-04-02,reb,9.5,3.2295,6.2705,0.00375,0.007314224014953075,0.0,1.0
KXNBAREB-26APR02SASLAC-SASDFOX4-2,2026-04-02,reb,1.5,3.2295,-1.7294999999999998,0.81575,0.7912335368307858,1.0,1.0
KXNBAREB-26APR02SASLAC-SASDFOX4-4,2026-04-02,reb,3.5,3.2295,0.2705000000000002,0.40225,0.3961601517496085,1.0,1.0
KXNBAREB-26APR02SASLAC-SASDFOX4-6,2026-04-02,reb,5.5,3.2295,2.2705,0.12025,0.13527673416408958,1.0,1.0
KXNBAREB-26APR02SASLAC-SASDFOX4-8,2026-04-02,reb,7.5,3.2295,4.2705,0.02475,0.03489238074317669,1.0,1.0
KXNBAREB-26APR02SASLAC-SASSCASTLE5-2,2026-04-02,reb,1.5,4.393,-2.893,0.9115,0.8945518893983541,1.0,1.0
KXNBAREB-26APR02SASLAC-SASSCASTLE5-4,2026-04-02,reb,3.5,4.393,-0.8929999999999998,0.6155,0.5962576841097496,1.0,1.0
KXNBAREB-26APR02SASLAC-SASSCASTLE5-5,2026-04-02,reb,4.5,4.393,0.1070000000000002,0.44075,0.43314838981595993,0.0,1.0
KXNBAREB-26APR02SASLAC-SASSCASTLE5-6,2026-04-02,reb,5.5,4.393,1.1070000000000002,0.28725,0.2936988676544148,0.0,1.0
KXNBAREB-26APR02SASLAC-SASSCASTLE5-8,2026-04-02,reb,7.5,4.393,3.107,0.0985,0.11326575677224826,0.0,1.0
KXNBAAST-26APR02SASLAC-LACBMATHURIN9-10,2026-04-02,ast,9.5,1.87725,7.62275,0.0,0.00020159234412731042,0.0,1.0
KXNBAAST-26APR02SASLAC-LACBMATHURIN9-2,2026-04-02,ast,1.5,1.87725,-0.3772500000000001,0.5455,0.5394953199954026,1.0,1.0
KXNBAAST-26APR02SASLAC-LACBMATHURIN9-4,2026-04-02,ast,3.5,1.87725,1.62275,0.133,0.135758204570814,0.0,1.0
KXNBAAST-26APR02SASLAC-LACBMATHURIN9-6,2026-04-02,ast,5.5,1.87725,3.62275,0.0165,0.020837297018125978,0.0,1.0
KXNBAAST-26APR02SASLAC-LACBMATHURIN9-8,2026-04-02,ast,7.5,1.87725,5.62275,0.00175,0.002302436935437746,0.0,1.0
KXNBAAST-26APR02SASLAC-LACDGARLAND10-10,2026-04-02,ast,9.5,3.6015,5.8985,0.00775,0.012810880214444653,0.0,1.0
KXNBAAST-26APR02SASLAC-LACDGARLAND10-12,2026-04-02,ast,11.5,3.6015,7.8985,0.00025,0.002614393310611085,0.0,1.0
KXNBAAST-26APR02SASLAC-LACDGARLAND10-4,2026-04-02,ast,3.5,3.6015,-0.10150000000000015,0.469,0.4664729331290065,0.0,1.0
KXNBAAST-26APR02SASLAC-LACDGARLAND10-6,2026-04-02,ast,5.5,3.6015,1.8984999999999999,0.178,0.18135432702675247,0.0,1.0
KXNBAAST-26APR02SASLAC-LACDGARLAND10-8,2026-04-02,ast,7.5,3.6015,3.8985,0.04725,0.0534857380053857,0.0,1.0
KXNBAAST-26APR02SASLAC-SASDFOX4-10,2026-04-02,ast,9.5,3.01525,6.48475,0.002,0.004663867180098813,0.0,1.0
KXNBAAST-26APR02SASLAC-SASDFOX4-2,2026-04-02,ast,1.5,3.01525,-1.51525,0.78825,0.7648430327858999,1.0,1.0
KXNBAAST-26APR02SASLAC-SASDFOX4-4,2026-04-02,ast,3.5,3.01525,0.48475,0.351,0.35465099184096516,1.0,1.0
KXNBAAST-26APR02SASLAC-SASDFOX4-6,2026-04-02,ast,5.5,3.01525,2.48475,0.099,0.10951496657737214,0.0,1.0
KXNBAAST-26APR02SASLAC-SASDFOX4-8,2026-04-02,ast,7.5,3.01525,4.48475,0.0185,0.02518827075681007,0.0,1.0
KXNBAAST-26APR02SASLAC-SASSCASTLE5-10,2026-04-02,ast,9.5,4.136,5.364,0.01325,0.02620063790363847,0.0,1.0
KXNBAAST-26APR02SASLAC-SASSCASTLE5-12,2026-04-02,ast,11.5,4.136,7.364,0.00275,0.006493751852989393,0.0,1.0
KXNBAAST-26APR02SASLAC-SASSCASTLE5-6,2026-04-02,ast,5.5,4.136,1.3639999999999999,0.23575,0.255852328813025,0.0,1.0
KXNBAAST-26APR02SASLAC-SASSCASTLE5-7,2026-04-02,ast,6.5,4.136,2.364,0.13425,0.1565171196907934,0.0,1.0
KXNBAAST-26APR02SASLAC-SASSCASTLE5-8,2026-04-02,ast,7.5,4.136,3.364,0.06925,0.09047609987510874,0.0,1.0
KXNBA3PT-26APR02SASLAC-LACBMATHURIN9-1,2026-04-02,fg3m,0.5,0.69525,-0.19525000000000003,0.49675,0.48592652584233287,0.0,1.0
KXNBA3PT-26APR02SASLAC-LACBMATHURIN9-2,2026-04-02,fg3m,1.5,0.69525,0.80475,0.15225,0.15835171927321523,0.0,1.0
KXNBA3PT-26APR02SASLAC-LACBMATHURIN9-3,2026-04-02,fg3m,2.5,0.69525,1.8047499999999999,0.0355,0.04031193677092382,0.0,1.0
KXNBA3PT-26APR02SASLAC-LACBMATHURIN9-4,2026-04-02,fg3m,3.5,0.69525,2.80475,0.00925,0.008670820334655494,0.0,1.0
KXNBA3PT-26APR02SASLAC-LACBMATHURIN9-5,2026-04-02,fg3m,4.5,0.69525,3.80475,0.00125,0.0016493474653240803,0.0,1.0
KXNBA3PT-26APR02SASLAC-LACDGARLAND10-1,2026-04-02,fg3m,0.5,1.966,-1.466,0.84275,0.8261095529422475,1.0,1.0
KXNBA3PT-26APR02SASLAC-LACDGARLAND10-2,2026-04-02,fg3m,1.5,1.966,-0.46599999999999997,0.574,0.554255784638312,0.0,1.0
KXNBA3PT-26APR02SASLAC-LACDGARLAND10-3,2026-04-02,fg3m,2.5,1.966,0.534,0.3165,0.3139149306667103,0.0,1.0
KXNBA3PT-26APR02SASLAC-LACDGARLAND10-4,2026-04-02,fg3m,3.5,1.966,1.534,0.14275,0.15585370929797326,0.0,1.0
KXNBA3PT-26APR02SASLAC-LACDGARLAND10-5,2026-04-02,fg3m,4.5,1.966,2.534,0.058,0.06979871266826065,0.0,1.0
KXNBA3PT-26APR02SASLAC-LACKLEONARD2-1,2026-04-02,fg3m,0.5,1.26025,-0.7602500000000001,0.713,0.6885191871996197,1.0,1.0
KXNBA3PT-26APR02SASLAC-LACKLEONARD2-2,2026-04-02,fg3m,1.5,1.26025,0.2397499999999999,0.3585,0.3515986335941841,1.0,1.0
KXNBA3PT-26APR02SASLAC-LACKLEONARD2-3,2026-04-02,fg3m,2.5,1.26025,1.23975,0.1355,0.14550891738597072,1.0,1.0
KXNBA3PT-26APR02SASLAC-LACKLEONARD2-4,2026-04-02,fg3m,3.5,1.26025,2.23975,0.04125,0.051733149793657174,1.0,1.0
KXNBA3PT-26APR02SASLAC-LACKLEONARD2-5,2026-04-02,fg3m,4.5,1.26025,3.23975,0.0095,0.016408492341763115,0.0,1.0
KXNBA3PT-26APR02SASLAC-SASDFOX4-1,2026-04-02,fg3m,0.5,0.96875,-0.46875,0.60825,0.5982924274899954,1.0,1.0
KXNBA3PT-26APR02SASLAC-SASDFOX4-2,2026-04-02,fg3m,1.5,0.96875,0.53125,0.25375,0.252962715396317,0.0,1.0
KXNBA3PT-26APR02SASLAC-SASDFOX4-3,2026-04-02,fg3m,2.5,0.96875,1.53125,0.07825,0.08508599212579682,0.0,1.0
KXNBA3PT-26APR02SASLAC-SASDFOX4-4,2026-04-02,fg3m,3.5,0.96875,2.53125,0.02175,0.02437707142855894,0.0,1.0
KXNBA3PT-26APR02SASLAC-SASDFOX4-5,2026-04-02,fg3m,4.5,0.96875,3.53125,0.0055,0.006202358286460652,0.0,1.0
KXNBA3PT-26APR02SASLAC-SASSCASTLE5-1,2026-04-02,fg3m,0.5,1.177,-0.677,0.67325,0.6653357474961998,1.0,1.0
KXNBA3PT-26APR02SASLAC-SASSCASTLE5-2,2026-04-02,fg3m,1.5,1.177,0.32299999999999995,0.33525,0.3240567128190006,1.0,1.0
KXNBA3PT-26APR02SASLAC-SASSCASTLE5-3,2026-04-02,fg3m,2.5,1.177,1.323,0.121,0.1272488236576963,1.0,1.0
KXNBA3PT-26APR02SASLAC-SASSCASTLE5-4,2026-04-02,fg3m,3.5,1.177,2.323,0.03575,0.04282191491729204,0.0,1.0
KXNBA3PT-26APR02SASLAC-SASSCASTLE5-5,2026-04-02,fg3m,4.5,1.177,3.323,0.0095,0.012839107339030043,0.0,1.0
KXNBAPTS-26APR02LALOKC-LALAREAVES15-10,2026-04-02,pts,9.5,13.835,-4.335000000000001,0.7305,0.7178059366008182,1.0,1.0
KXNBAPTS-26APR02LALOKC-LALAREAVES15-15,2026-04-02,pts,14.5,13.835,0.6649999999999991,0.426,0.4072646352117193,1.0,1.0
KXNBAPTS-26APR02LALOKC-LALAREAVES15-20,2026-04-02,pts,19.5,13.835,5.664999999999999,0.18575,0.18430529854076239,0.0,1.0
KXNBAPTS-26APR02LALOKC-LALAREAVES15-25,2026-04-02,pts,24.5,13.835,10.665,0.06375,0.07053923136693874,0.0,1.0
KXNBAPTS-26APR02LALOKC-LALAREAVES15-30,2026-04-02,pts,29.5,13.835,15.665,0.01925,0.023822011006190857,0.0,1.0
KXNBAPTS-26APR02LALOKC-LALDAYTON5-10,2026-04-02,pts,9.5,8.43925,1.0607500000000005,0.37325,0.35603604116993437,0.0,1.0
KXNBAPTS-26APR02LALOKC-LALDAYTON5-15,2026-04-02,pts,14.5,8.43925,6.0607500000000005,0.11375,0.09719410045886312,0.0,1.0
KXNBAPTS-26APR02LALOKC-LALDAYTON5-20,2026-04-02,pts,19.5,8.43925,11.06075,0.0235,0.019544128096096625,0.0,1.0
KXNBAPTS-26APR02LALOKC-LALLDONCIC77-30,2026-04-02,pts,29.5,18.85144927536232,10.64855072463768,0.08893280632411067,0.11624500398203896,0.0,0.759
KXNBAPTS-26APR02LALOKC-LALLDONCIC77-35,2026-04-02,pts,34.5,18.85144927536232,15.64855072463768,0.0266798418972332,0.05343136891370803,0.0,0.759
KXNBAPTS-26APR02LALOKC-LALLDONCIC77-40,2026-04-02,pts,39.5,18.85144927536232,20.64855072463768,0.00691699604743083,0.02293604852302622,0.0,0.759
KXNBAPTS-26APR02LALOKC-LALLDONCIC77-45,2026-04-02,pts,44.5,18.85144927536232,25.64855072463768,0.0016469038208168643,0.00931032551799249,0.0,0.759
KXNBAPTS-26APR02LALOKC-LALLJAMES23-10,2026-04-02,pts,9.5,11.90325,-2.40325,0.6365,0.6152769079247213,1.0,1.0
KXNBAPTS-26APR02LALOKC-LALLJAMES23-15,2026-04-02,pts,14.5,11.90325,2.59675,0.3015,0.29043883320923614,0.0,1.0
KXNBAPTS-26APR02LALOKC-LALLJAMES23-20,2026-04-02,pts,19.5,11.90325,7.59675,0.1015,0.1063779838891783,0.0,1.0
KXNBAPTS-26APR02LALOKC-LALLJAMES23-25,2026-04-02,pts,24.5,11.90325,12.59675,0.026,0.03252082231621933,0.0,1.0
KXNBAPTS-26APR02LALOKC-OKCCHOLMGREN7-10,2026-04-02,pts,9.5,11.4,-1.9000000000000004,0.6005,0.5835375130697951,0.0,1.0
KXNBAPTS-26APR02LALOKC-OKCCHOLMGREN7-15,2026-04-02,pts,14.5,11.4,3.0999999999999996,0.26575,0.2596731229176511,0.0,1.0
KXNBAPTS-26APR02LALOKC-OKCCHOLMGREN7-20,2026-04-02,pts,19.5,11.4,8.1,0.08175,0.08899869012397466,0.0,1.0
KXNBAPTS-26APR02LALOKC-OKCCHOLMGREN7-25,2026-04-02,pts,24.5,11.4,13.1,0.02025,0.025372475558300245,0.0,1.0
KXNBAPTS-26APR02LALOKC-OKCIHARTENSTEIN55-10,2026-04-02,pts,9.5,7.18825,2.31175,0.2665,0.247283253757978,0.0,1.0
KXNBAPTS-26APR02LALOKC-OKCIHARTENSTEIN55-15,2026-04-02,pts,14.5,7.18825,7.31175,0.05375,0.049185130304405966,0.0,1.0
KXNBAPTS-26APR02LALOKC-OKCIHARTENSTEIN55-20,2026-04-02,pts,19.5,7.18825,12.31175,0.0065,0.007070724931500183,0.0,1.0
KXNBAPTS-26APR02LALOKC-OKCJWILLIAMS8-15,2026-04-02,pts,14.5,11.05375,3.446249999999999,0.252,0.23870029958768912,0.0,1.0
KXNBAPTS-26APR02LALOKC-OKCJWILLIAMS8-20,2026-04-02,pts,19.5,11.05375,8.44625,0.081,0.0779007349818408,0.0,1.0
KXNBAPTS-26APR02LALOKC-OKCJWILLIAMS8-25,2026-04-02,pts,24.5,11.05375,13.44625,0.02025,0.021097412157867534,0.0,1.0
KXNBAPTS-26APR02LALOKC-OKCJWILLIAMS8-30,2026-04-02,pts,29.5,11.05375,18.44625,0.0035,0.004991600079396363,0.0,1.0
KXNBAPTS-26APR02LALOKC-OKCLDORT5-10,2026-04-02,pts,9.5,6.91075,2.58925,0.251,0.2234953124713518,1.0,1.0
KXNBAPTS-26APR02LALOKC-OKCLDORT5-15,2026-04-02,pts,14.5,6.91075,7.58925,0.064,0.040888788841733525,0.0,1.0
KXNBAPTS-26APR02LALOKC-OKCLDORT5-20,2026-04-02,pts,19.5,6.91075,12.58925,0.009,0.005384108222815542,0.0,1.0
KXNBAPTS-26APR02LALOKC-OKCSGILGEOUSALEXANDER2-25,2026-04-02,pts,24.5,18.98725,5.5127500000000005,0.207,0.23744097258352714,1.0,1.0
KXNBAPTS-26APR02LALOKC-OKCSGILGEOUSALEXANDER2-30,2026-04-02,pts,29.5,18.98725,10.51275,0.0865,0.11975031105821843,0.0,1.0
KXNBAPTS-26APR02LALOKC-OKCSGILGEOUSALEXANDER2-35,2026-04-02,pts,34.5,18.98725,15.51275,0.02675,0.0554924249469424,0.0,1.0
KXNBAPTS-26APR02LALOKC-OKCSGILGEOUSALEXANDER2-40,2026-04-02,pts,39.5,18.98725,20.51275,0.00575,0.02402001288783362,0.0,1.0
KXNBAREB-26APR02LALOKC-LALDAYTON5-10,2026-04-02,reb,9.5,4.60275,4.89725,0.03775,0.04474812363472491,0.0,1.0
KXNBAREB-26APR02LALOKC-LALDAYTON5-12,2026-04-02,reb,11.5,4.60275,6.89725,0.01175,0.013079552245010229,0.0,1.0
KXNBAREB-26APR02LALOKC-LALDAYTON5-4,2026-04-02,reb,3.5,4.60275,-1.1027500000000003,0.63575,0.6264614807238902,0.0,1.0
KXNBAREB-26APR02LALOKC-LALDAYTON5-6,2026-04-02,reb,5.5,4.60275,0.8972499999999997,0.32275,0.32421481897819227,0.0,1.0
KXNBAREB-26APR02LALOKC-LALDAYTON5-8,2026-04-02,reb,7.5,4.60275,2.8972499999999997,0.12275,0.13222439865105895,0.0,1.0
KXNBAREB-26APR02LALOKC-LALLDONCIC77-10,2026-04-02,reb,9.5,5.106719367588933,4.393280632411067,0.042490118577075096,0.07009801117975722,0.0,0.759
KXNBAREB-26APR02LALOKC-LALLDONCIC77-12,2026-04-02,reb,11.5,5.106719367588933,6.393280632411067,0.00922266139657444,0.02337178682982166,0.0,0.759
KXNBAREB-26APR02LALOKC-LALLDONCIC77-4,2026-04-02,reb,3.5,5.106719367588933,-1.6067193675889326,0.7289196310935442,0.6913958710140227,1.0,0.759
KXNBAREB-26APR02LALOKC-LALLDONCIC77-6,2026-04-02,reb,5.5,5.106719367588933,0.39328063241106737,0.39855072463768115,0.39694964888671447,0.0,0.759
KXNBAREB-26APR02LALOKC-LALLDONCIC77-8,2026-04-02,reb,7.5,5.106719367588933,2.3932806324110674,0.15974967061923584,0.18238816801883306,0.0,0.759
KXNBAREB-26APR02LALOKC-LALLJAMES23-10,2026-04-02,reb,9.5,5.02875,4.47125,0.043,0.06575068999285005,0.0,1.0
KXNBAREB-26APR02LALOKC-LALLJAMES23-2,2026-04-02,reb,1.5,5.02875,-3.5287499999999996,0.949,0.9267569324028648,1.0,1.0
KXNBAREB-26APR02LALOKC-LALLJAMES23-4,2026-04-02,reb,3.5,5.02875,-1.5287499999999996,0.7165,0.6820393213195519,1.0,1.0
KXNBAREB-26APR02LALOKC-LALLJAMES23-6,2026-04-02,reb,5.5,5.02875,0.4712500000000004,0.39025,0.3858250118154747,1.0,1.0
KXNBAREB-26APR02LALOKC-LALLJAMES23-8,2026-04-02,reb,7.5,5.02875,2.4712500000000004,0.14675,0.1742573443402512,0.0,1.0
KXNBAREB-26APR02LALOKC-OKCCHOLMGREN7-10,2026-04-02,reb,9.5,5.12,4.38,0.04775,0.07085376424414269,0.0,1.0
KXNBAREB-26APR02LALOKC-OKCCHOLMGREN7-12,2026-04-02,reb,11.5,5.12,6.38,0.013,0.023699796602076995,0.0,1.0
KXNBAREB-26APR02LALOKC-OKCCHOLMGREN7-6,2026-04-02,reb,5.5,5.12,0.3799999999999999,0.40225,0.39883791339916563,0.0,1.0
KXNBAREB-26APR02LALOKC-OKCCHOLMGREN7-8,2026-04-02,reb,7.5,5.12,2.38,0.15625,0.18378488868773657,0.0,1.0
KXNBAREB-26APR02LALOKC-OKCCHOLMGREN7-9,2026-04-02,reb,8.5,5.12,3.38,0.09,0.11639573194900621,0.0,1.0
KXNBAREB-26APR02LALOKC-OKCIHARTENSTEIN55-10,2026-04-02,reb,9.5,5.076,4.424,0.0455,0.06836687526366614,0.0,1.0
KXNBAREB-26APR02LALOKC-OKCIHARTENSTEIN55-12,2026-04-02,reb,11.5,5.076,6.424,0.00975,0.022624745554461145,0.0,1.0
KXNBAREB-26APR02LALOKC-OKCIHARTENSTEIN55-6,2026-04-02,reb,5.5,5.076,0.4240000000000004,0.3965,0.39257436046814975,1.0,1.0
KXNBAREB-26APR02LALOKC-OKCIHARTENSTEIN55-8,2026-04-02,reb,7.5,5.076,2.4240000000000004,0.15525,0.1791703894358354,0.0,1.0
KXNBAREB-26APR02LALOKC-OKCIHARTENSTEIN55-9,2026-04-02,reb,8.5,5.076,3.4240000000000004,0.088,0.11289745840062937,0.0,1.0
KXNBAREB-26APR02LALOKC-OKCJWILLIAMS8-10,2026-04-02,reb,9.5,3.42625,6.07375,0.00725,0.010186689430635498,0.0,1.0
KXNBAREB-26APR02LALOKC-OKCJWILLIAMS8-2,2026-04-02,reb,1.5,3.42625,-1.92625,0.825,0.8141877814361773,1.0,1.0
KXNBAREB-26APR02LALOKC-OKCJWILLIAMS8-4,2026-04-02,reb,3.5,3.42625,0.07374999999999998,0.435,0.4334148536665109,1.0,1.0
KXNBAREB-26APR02LALOKC-OKCJWILLIAMS8-6,2026-04-02,reb,5.5,3.42625,2.07375,0.152,0.15960260007158433,1.0,1.0
KXNBAREB-26APR02LALOKC-OKCJWILLIAMS8-8,2026-04-02,reb,7.5,3.42625,4.07375,0.0375,0.044662646813645734,1.0,1.0
KXNBAREB-26APR02LALOKC-OKCSGILGEOUSALEXANDER2-2,2026-04-02,reb,1.5,3.87775,-2.37775,0.88325,0.8575980017234783,1.0,1.0
KXNBAREB-26APR02LALOKC-OKCSGILGEOUSALEXANDER2-4,2026-04-02,reb,3.5,3.87775,-0.3777499999999998,0.54125,0.51408527731829,1.0,1.0
KXNBAREB-26APR02LALOKC-OKCSGILGEOUSALEXANDER2-5,2026-04-02,reb,4.5,3.87775,0.6222500000000002,0.35425,0.34910400369627526,1.0,1.0
KXNBAREB-26APR02LALOKC-OKCSGILGEOUSALEXANDER2-6,2026-04-02,reb,5.5,3.87775,1.6222500000000002,0.20425,0.22004198127810348,1.0,1.0
KXNBAREB-26APR02LALOKC-OKCSGILGEOUSALEXANDER2-8,2026-04-02,reb,7.5,3.87775,3.62225,0.04975,0.07257442895799604,0.0,1.0
KXNBAAST-26APR02LALOKC-LALAREAVES15-2,2026-04-02,ast,1.5,3.455,-1.955,0.8425,0.8193063531562323,0.0,1.0
KXNBAAST-26APR02LALOKC-LALAREAVES15-4,2026-04-02,ast,3.5,3.455,0.04499999999999993,0.44725,0.43944762890377087,0.0,1.0
KXNBAAST-26APR02LALOKC-LALAREAVES15-5,2026-04-02,ast,4.5,3.455,1.045,0.275,0.2780165360277629,0.0,1.0
KXNBAAST-26APR02LALOKC-LALAREAVES15-6,2026-04-02,ast,5.5,3.455,2.045,0.14575,0.1621886899325583,0.0,1.0
KXNBAAST-26APR02LALOKC-LALAREAVES15-8,2026-04-02,ast,7.5,3.455,4.045,0.029,0.0452001965495743,0.0,1.0
KXNBAAST-26APR02LALOKC-LALLDONCIC77-10,2026-04-02,ast,9.5,3.759552042160738,5.740447957839262,0.009552042160737812,0.01610711803710929,0.0,0.759
KXNBAAST-26APR02LALOKC-LALLDONCIC77-12,2026-04-02,ast,11.5,3.759552042160738,7.740447957839262,0.0009881422924901185,0.0034948070427229805,0.0,0.759
KXNBAAST-26APR02LALOKC-LALLDONCIC77-4,2026-04-02,ast,3.5,3.759552042160738,-0.2595520421607378,0.5108695652173914,0.4947759635489096,1.0,0.759
KXNBAAST-26APR02LALOKC-LALLDONCIC77-6,2026-04-02,ast,5.5,3.759552042160738,1.7404479578392622,0.18247694334650857,0.20273682293492234,1.0,0.759
KXNBAAST-26APR02LALOKC-LALLDONCIC77-8,2026-04-02,ast,7.5,3.759552042160738,3.740447957839262,0.046772068511198944,0.06333345362220333,0.0,0.759
KXNBAAST-26APR02LALOKC-LALLJAMES23-10,2026-04-02,ast,9.5,3.92575,5.57425,0.01225,0.020158687889512916,0.0,1.0
KXNBAAST-26APR02LALOKC-LALLJAMES23-12,2026-04-02,ast,11.5,3.92575,7.57425,0.00175,0.004648298269834483,0.0,1.0
KXNBAAST-26APR02LALOKC-LALLJAMES23-6,2026-04-02,ast,5.5,3.92575,1.5742500000000001,0.20925,0.225868881900663,0.0,1.0
KXNBAAST-26APR02LALOKC-LALLJAMES23-7,2026-04-02,ast,6.5,3.92575,2.57425,0.1135,0.13369024312898048,0.0,1.0
KXNBAAST-26APR02LALOKC-LALLJAMES23-8,2026-04-02,ast,7.5,3.92575,3.57425,0.058,0.07468921945602347,0.0,1.0
KXNBAAST-26APR02LALOKC-OKCLDORT5-1,2026-04-02,ast,0.5,1.4565,-0.9564999999999999,0.7535,0.7448608912710328,1.0,1.0
KXNBAAST-26APR02LALOKC-OKCLDORT5-2,2026-04-02,ast,1.5,1.4565,0.043500000000000094,0.41675,0.41758215675217647,0.0,1.0
KXNBAAST-26APR02LALOKC-OKCLDORT5-4,2026-04-02,ast,3.5,1.4565,2.0435,0.06575,0.07180656331512658,0.0,1.0
KXNBAAST-26APR02LALOKC-OKCLDORT5-6,2026-04-02,ast,5.5,1.4565,4.0435,0.003,0.007289252521888057,0.0,1.0
KXNBAAST-26APR02LALOKC-OKCLDORT5-8,2026-04-02,ast,7.5,1.4565,6.0435,0.00025,0.0005264116407638353,0.0,1.0
KXNBAAST-26APR02LALOKC-OKCSGILGEOUSALEXANDER2-10,2026-04-02,ast,9.5,3.64275,5.8572500000000005,0.00525,0.013620868062017899,0.0,1.0
KXNBAAST-26APR02LALOKC-OKCSGILGEOUSALEXANDER2-2,2026-04-02,ast,1.5,3.64275,-2.14275,0.866,0.8384880424970655,1.0,1.0
KXNBAAST-26APR02LALOKC-OKCSGILGEOUSALEXANDER2-4,2026-04-02,ast,3.5,3.64275,-0.14274999999999993,0.4855,0.47394842464940157,1.0,1.0
KXNBAAST-26APR02LALOKC-OKCSGILGEOUSALEXANDER2-6,2026-04-02,ast,5.5,3.64275,1.85725,0.16825,0.18686943305362946,1.0,1.0
KXNBAAST-26APR02LALOKC-OKCSGILGEOUSALEXANDER2-8,2026-04-02,ast,7.5,3.64275,3.85725,0.03675,0.055965340017484544,0.0,1.0
KXNBA3PT-26APR02LALOKC-LALAREAVES15-1,2026-04-02,fg3m,0.5,1.40925,-0.9092499999999999,0.751,0.725620999345649,1.0,1.0
KXNBA3PT-26APR02LALOKC-LALAREAVES15-2,2026-04-02,fg3m,1.5,1.40925,0.09075000000000011,0.41125,0.3992114337878667,1.0,1.0
KXNBA3PT-26APR02LALOKC-LALAREAVES15-3,2026-04-02,fg3m,2.5,1.40925,1.09075,0.16925,0.17962399453755273,0.0,1.0
KXNBA3PT-26APR02LALOKC-LALAREAVES15-4,2026-04-02,fg3m,3.5,1.40925,2.09075,0.055,0.0697341391652353,0.0,1.0
KXNBA3PT-26APR02LALOKC-LALAREAVES15-5,2026-04-02,fg3m,4.5,1.40925,3.09075,0.017,0.02420800914710286,0.0,1.0
KXNBA3PT-26APR02LALOKC-LALLDONCIC77-3,2026-04-02,fg3m,2.5,2.4146903820816865,0.08530961791831349,0.4420289855072464,0.4187398018391434,0.0,0.759
KXNBA3PT-26APR02LALOKC-LALLDONCIC77-4,2026-04-02,fg3m,3.5,2.4146903820816865,1.0853096179183135,0.21870882740447958,0.23856306649155534,0.0,0.759
KXNBA3PT-26APR02LALOKC-LALLDONCIC77-5,2026-04-02,fg3m,4.5,2.4146903820816865,2.0853096179183135,0.09354413702239789,0.12345961512426129,0.0,0.759
KXNBA3PT-26APR02LALOKC-LALLDONCIC77-6,2026-04-02,fg3m,5.5,2.4146903820816865,3.0853096179183135,0.04084321475625823,0.059101722300874404,0.0,0.759
KXNBA3PT-26APR02LALOKC-LALLDONCIC77-7,2026-04-02,fg3m,6.5,2.4146903820816865,4.0853096179183135,0.019104084321475624,0.02653702307254091,0.0,0.759
KXNBA3PT-26APR02LALOKC-LALLJAMES23-1,2026-04-02,fg3m,0.5,0.6855,-0.1855,0.488,0.4813094025507877,1.0,1.0
KXNBA3PT-26APR02LALOKC-LALLJAMES23-2,2026-04-02,fg3m,1.5,0.6855,0.8145,0.154,0.1550456464308052,0.0,1.0
KXNBA3PT-26APR02LALOKC-LALLJAMES23-3,2026-04-02,fg3m,2.5,0.6855,1.8145,0.036,0.0389911698308677,0.0,1.0
KXNBA3PT-26APR02LALOKC-LALLJAMES23-4,2026-04-02,fg3m,3.5,0.6855,2.8145,0.006,0.008282538981740695,0.0,1.0
KXNBA3PT-26APR02LALOKC-LALLJAMES23-5,2026-04-02,fg3m,4.5,0.6855,3.8145,0.0015,0.00155568446552945,0.0,1.0
KXNBA3PT-26APR02LALOKC-OKCCHOLMGREN7-1,2026-04-02,fg3m,0.5,0.898,-0.398,0.59425,0.5721526377254984,1.0,1.0
KXNBA3PT-26APR02LALOKC-OKCCHOLMGREN7-2,2026-04-02,fg3m,1.5,0.898,0.602,0.22175,0.22838575495799907,0.0,1.0
KXNBA3PT-26APR02LALOKC-OKCCHOLMGREN7-3,2026-04-02,fg3m,2.5,0.898,1.6019999999999999,0.06225,0.07218906637000488,0.0,1.0
KXNBA3PT-26APR02LALOKC-OKCCHOLMGREN7-4,2026-04-02,fg3m,3.5,0.898,2.602,0.016,0.019395001727652628,0.0,1.0
KXNBA3PT-26APR02LALOKC-OKCCHOLMGREN7-5,2026-04-02,fg3m,4.5,0.898,3.602,0.00325,0.0046225900482842475,0.0,1.0
KXNBA3PT-26APR02LALOKC-OKCJWILLIAMS8-1,2026-04-02,fg3m,0.5,0.65475,-0.15475000000000005,0.479,0.4664376122438151,0.0,1.0
KXNBA3PT-26APR02LALOKC-OKCJWILLIAMS8-2,2026-04-02,fg3m,1.5,0.65475,0.84525,0.13875,0.14468507769215222,0.0,1.0
KXNBA3PT-26APR02LALOKC-OKCJWILLIAMS8-3,2026-04-02,fg3m,2.5,0.65475,1.84525,0.03075,0.03496367394960853,0.0,1.0
KXNBA3PT-26APR02LALOKC-OKCJWILLIAMS8-4,2026-04-02,fg3m,3.5,0.65475,2.84525,0.006,0.007130276278122238,0.0,1.0
KXNBA3PT-26APR02LALOKC-OKCJWILLIAMS8-5,2026-04-02,fg3m,4.5,0.65475,3.84525,0.00025,0.0012851470266401765,0.0,1.0
KXNBA3PT-26APR02LALOKC-OKCSGILGEOUSALEXANDER2-1,2026-04-02,fg3m,0.5,1.01175,-0.5117499999999999,0.6405,0.6132950970934999,1.0,1.0
KXNBA3PT-26APR02LALOKC-OKCSGILGEOUSALEXANDER2-2,2026-04-02,fg3m,1.5,1.01175,0.4882500000000001,0.265,0.26783361704708986,0.0,1.0
KXNBA3PT-26APR02LALOKC-OKCSGILGEOUSALEXANDER2-3,2026-04-02,fg3m,2.5,1.01175,1.48825,0.0855,0.09331081004230113,0.0,1.0
KXNBA3PT-26APR02LALOKC-OKCSGILGEOUSALEXANDER2-4,2026-04-02,fg3m,3.5,1.01175,2.48825,0.0175,0.027724946569662512,0.0,1.0
KXNBA3PT-26APR02LALOKC-OKCSGILGEOUSALEXANDER2-5,2026-04-02,fg3m,4.5,1.01175,3.48825,0.00225,0.007320664591302872,0.0,1.0
KXNBAPTS-26APR02NOPPOR-NOPDQUEEN22-10,2026-04-02,pts,9.5,6.8295,2.6704999999999997,0.2475,0.21660612907953536,1.0,1.0
KXNBAPTS-26APR02NOPPOR-NOPDQUEEN22-15,2026-04-02,pts,14.5,6.8295,7.6705,0.05475,0.038628258852423825,0.0,1.0
KXNBAPTS-26APR02NOPPOR-NOPDQUEEN22-20,2026-04-02,pts,19.5,6.8295,12.6705,0.01025,0.004952018326114582,0.0,1.0
KXNBAPTS-26APR02NOPPOR-NOPHJONES2-10,2026-04-02,pts,9.5,7.66225,1.8377499999999998,0.31775,0.2884872091596644,0.0,1.0
KXNBAPTS-26APR02NOPPOR-NOPHJONES2-15,2026-04-02,pts,14.5,7.66225,6.83775,0.0855,0.06538964504851064,0.0,1.0
KXNBAPTS-26APR02NOPPOR-NOPHJONES2-20,2026-04-02,pts,19.5,7.66225,11.83775,0.018,0.010789405841364341,0.0,1.0
KXNBAPTS-26APR02NOPPOR-NOPHJONES2-25,2026-04-02,pts,24.5,7.66225,16.83775,0.00175,0.0014442553443518857,0.0,1.0
KXNBAPTS-26APR02NOPPOR-NOPSBEY41-15,2026-04-02,pts,14.5,11.2125,3.2874999999999996,0.2645,0.2482881838618417,1.0,1.0
KXNBAPTS-26APR02NOPPOR-NOPSBEY41-20,2026-04-02,pts,19.5,11.2125,8.2875,0.08425,0.08289862030419859,0.0,1.0
KXNBAPTS-26APR02NOPPOR-NOPSBEY41-25,2026-04-02,pts,24.5,11.2125,13.2875,0.02075,0.022993584367854036,0.0,1.0
KXNBAPTS-26APR02NOPPOR-NOPSBEY41-30,2026-04-02,pts,29.5,11.2125,18.2875,0.0035,0.005574841722239765,0.0,1.0
KXNBAPTS-26APR02NOPPOR-NOPZWILLIAMSON1-15,2026-04-02,pts,14.5,12.61025,1.8897499999999994,0.351,0.3337438113330907,1.0,1.0
KXNBAPTS-26APR02NOPPOR-NOPZWILLIAMSON1-20,2026-04-02,pts,19.5,12.61025,6.889749999999999,0.118,0.13305064447615367,0.0,1.0
KXNBAPTS-26APR02NOPPOR-NOPZWILLIAMSON1-25,2026-04-02,pts,24.5,12.61025,11.88975,0.03275,0.044486558013675404,0.0,1.0
KXNBAPTS-26APR02NOPPOR-NOPZWILLIAMSON1-30,2026-04-02,pts,29.5,12.61025,16.88975,0.007,0.013066905843120757,0.0,1.0
KXNBAPTS-26APR02NOPPOR-PORDAVDIJA8-20,2026-04-02,pts,19.5,14.0615,5.4384999999999994,0.2005,0.19433127884300427,1.0,1.0
KXNBAPTS-26APR02NOPPOR-PORDAVDIJA8-25,2026-04-02,pts,24.5,14.0615,10.4385,0.0735,0.07607409282040889,1.0,1.0
KXNBAPTS-26APR02NOPPOR-PORDAVDIJA8-30,2026-04-02,pts,29.5,14.0615,15.4385,0.02425,0.02629923328388384,0.0,1.0
KXNBAPTS-26APR02NOPPOR-PORDAVDIJA8-35,2026-04-02,pts,34.5,14.0615,20.438499999999998,0.00825,0.00826534076883545,0.0,1.0
KXNBAPTS-26APR02NOPPOR-PORDCLINGAN23-10,2026-04-02,pts,9.5,9.282,0.21799999999999997,0.43675,0.42696486307043646,0.0,1.0
KXNBAPTS-26APR02NOPPOR-PORDCLINGAN23-15,2026-04-02,pts,14.5,9.282,5.218,0.157,0.138081142845222,0.0,1.0
KXNBAPTS-26APR02NOPPOR-PORDCLINGAN23-20,2026-04-02,pts,19.5,9.282,10.218,0.0405,0.03331710076910055,0.0,1.0
KXNBAPTS-26APR02NOPPOR-PORDCLINGAN23-25,2026-04-02,pts,24.5,9.282,15.218,0.00775,0.006591788045392066,0.0,1.0
KXNBAPTS-26APR02NOPPOR-PORJHOLIDAY5-15,2026-04-02,pts,14.5,11.63525,2.864750000000001,0.28525,0.2740272529868243,1.0,1.0
KXNBAPTS-26APR02NOPPOR-PORJHOLIDAY5-20,2026-04-02,pts,19.5,11.63525,7.864750000000001,0.10675,0.09694486179917894,1.0,1.0
KXNBAPTS-26APR02NOPPOR-PORJHOLIDAY5-25,2026-04-02,pts,24.5,11.63525,12.86475,0.03075,0.028574242593498833,1.0,1.0
KXNBAPTS-26APR02NOPPOR-PORJHOLIDAY5-30,2026-04-02,pts,29.5,11.63525,17.86475,0.00575,0.007372966506310918,0.0,1.0
KXNBAPTS-26APR02NOPPOR-PORTCAMARA33-10,2026-04-02,pts,9.5,11.3515,-1.8514999999999997,0.5905,0.5803645332734846,1.0,1.0
KXNBAPTS-26APR02NOPPOR-PORTCAMARA33-15,2026-04-02,pts,14.5,11.3515,3.1485000000000003,0.271,0.2567227329422326,1.0,1.0
KXNBAPTS-26APR02NOPPOR-PORTCAMARA33-20,2026-04-02,pts,19.5,11.3515,8.1485,0.089,0.08740065479438186,1.0,1.0
KXNBAPTS-26APR02NOPPOR-PORTCAMARA33-25,2026-04-02,pts,24.5,11.3515,13.1485,0.026,0.024742534700140872,0.0,1.0
KXNBAREB-26APR02NOPPOR-NOPDQUEEN22-2,2026-04-02,reb,1.5,3.31025,-1.81025,0.81075,0.8009839663865449,1.0,1.0
KXNBAREB-26APR02NOPPOR-NOPDQUEEN22-4,2026-04-02,reb,3.5,3.31025,0.18975000000000009,0.42175,0.4115805923104434,1.0,1.0
KXNBAREB-26APR02NOPPOR-NOPDQUEEN22-5,2026-04-02,reb,4.5,3.31025,1.18975,0.25525,0.2544327253877823,1.0,1.0
KXNBAREB-26APR02NOPPOR-NOPDQUEEN22-6,2026-04-02,reb,5.5,3.31025,2.18975,0.136,0.14508295690523942,1.0,1.0
KXNBAREB-26APR02NOPPOR-NOPDQUEEN22-8,2026-04-02,reb,7.5,3.31025,4.18975,0.03075,0.03872610281667399,0.0,1.0
KXNBAREB-26APR02NOPPOR-NOPHJONES2-2,2026-04-02,reb,1.5,3.0125,-1.5125000000000002,0.78625,0.7625768993986227,1.0,1.0
KXNBAREB-26APR02NOPPOR-NOPHJONES2-3,2026-04-02,reb,2.5,3.0125,-0.5125000000000002,0.56775,0.5505669517377254,1.0,1.0
KXNBAREB-26APR02NOPPOR-NOPHJONES2-4,2026-04-02,reb,3.5,3.0125,0.4874999999999998,0.35375,0.353983027213716,1.0,1.0
KXNBAREB-26APR02NOPPOR-NOPHJONES2-6,2026-04-02,reb,5.5,3.0125,2.4875,0.095,0.11029511585419782,0.0,1.0
KXNBAREB-26APR02NOPPOR-NOPHJONES2-8,2026-04-02,reb,7.5,3.0125,4.4875,0.016,0.02578827088331681,0.0,1.0
KXNBAREB-26APR02NOPPOR-NOPZWILLIAMSON1-10,2026-04-02,reb,9.5,3.994,5.506,0.015,0.022800386759139757,0.0,1.0
KXNBAREB-26APR02NOPPOR-NOPZWILLIAMSON1-2,2026-04-02,reb,1.5,3.994,-2.494,0.89025,0.866976288404743,0.0,1.0
KXNBAREB-26APR02NOPPOR-NOPZWILLIAMSON1-4,2026-04-02,reb,3.5,3.994,-0.4940000000000002,0.552,0.5335956932859394,0.0,1.0
KXNBAREB-26APR02NOPPOR-NOPZWILLIAMSON1-6,2026-04-02,reb,5.5,3.994,1.5059999999999998,0.22375,0.2363633520548274,0.0,1.0
KXNBAREB-26APR02NOPPOR-NOPZWILLIAMSON1-8,2026-04-02,reb,7.5,3.994,3.506,0.062,0.08096856047916845,0.0,1.0
KXNBAREB-26APR02NOPPOR-PORDAVDIJA8-10,2026-04-02,reb,9.5,5.08075,4.41925,0.0545,0.06863299953923885,0.0,1.0
KXNBAREB-26APR02NOPPOR-PORDAVDIJA8-12,2026-04-02,reb,11.5,5.08075,6.41925,0.01625,0.02273919499551913,0.0,1.0
KXNBAREB-26APR02NOPPOR-PORDAVDIJA8-6,2026-04-02,reb,5.5,5.08075,0.4192499999999999,0.394,0.39325156778224324,1.0,1.0
KXNBAREB-26APR02NOPPOR-PORDAVDIJA8-7,2026-04-02,reb,6.5,5.08075,1.41925,0.267,0.2725462563857832,1.0,1.0
KXNBAREB-26APR02NOPPOR-PORDAVDIJA8-8,2026-04-02,reb,7.5,5.08075,2.41925,0.17325,0.179666743338032,1.0,1.0
KXNBAREB-26APR02NOPPOR-PORDCLINGAN23-10,2026-04-02,reb,9.5,6.25025,3.2497499999999997,0.1305,0.15005781340180457,0.0,1.0
KXNBAREB-26APR02NOPPOR-PORDCLINGAN23-12,2026-04-02,reb,11.5,6.25025,5.24975,0.04375,0.06347915372437951,0.0,1.0
KXNBAREB-26APR02NOPPOR-PORDCLINGAN23-13,2026-04-02,reb,12.5,6.25025,6.24975,0.0265,0.03959713895535566,0.0,1.0
KXNBAREB-26APR02NOPPOR-PORDCLINGAN23-14,2026-04-02,reb,13.5,6.25025,7.24975,0.01425,0.024102638887306238,0.0,1.0
KXNBAREB-26APR02NOPPOR-PORDCLINGAN23-16,2026-04-02,reb,15.5,6.25025,9.249749999999999,0.00225,0.008368319811837277,0.0,1.0
KXNBAREB-26APR02NOPPOR-PORJHOLIDAY5-2,2026-04-02,reb,1.5,4.03375,-2.5337500000000004,0.889,0.8700337012343544,1.0,1.0
KXNBAREB-26APR02NOPPOR-PORJHOLIDAY5-4,2026-04-02,reb,3.5,4.03375,-0.5337500000000004,0.56775,0.5401399056841596,1.0,1.0
KXNBAREB-26APR02NOPPOR-PORJHOLIDAY5-5,2026-04-02,reb,4.5,4.03375,0.4662499999999996,0.3745,0.3749479130689364,1.0,1.0
KXNBAREB-26APR02NOPPOR-PORJHOLIDAY5-6,2026-04-02,reb,5.5,4.03375,1.4662499999999996,0.22675,0.24199517903796097,0.0,1.0
KXNBAREB-26APR02NOPPOR-PORJHOLIDAY5-8,2026-04-02,reb,7.5,4.03375,3.4662499999999996,0.0685,0.08394784379781484,0.0,1.0
KXNBAAST-26APR02NOPPOR-NOPDQUEEN22-2,2026-04-02,ast,1.5,1.512,-0.01200000000000001,0.42925,0.43489111360518495,1.0,1.0
KXNBAAST-26APR02NOPPOR-NOPDQUEEN22-3,2026-04-02,ast,2.5,1.512,0.988,0.1965,0.2015388376404723,1.0,1.0
KXNBAAST-26APR02NOPPOR-NOPDQUEEN22-4,2026-04-02,ast,3.5,1.512,1.988,0.081,0.07924972119440177,1.0,1.0
KXNBAAST-26APR02NOPPOR-NOPDQUEEN22-6,2026-04-02,ast,5.5,1.512,3.988,0.00825,0.008562044938207891,1.0,1.0
KXNBAAST-26APR02NOPPOR-NOPDQUEEN22-8,2026-04-02,ast,7.5,1.512,5.9879999999999995,0.0005,0.0006590953348988293,0.0,1.0
KXNBAAST-26APR02NOPPOR-PORDAVDIJA8-10,2026-04-02,ast,9.5,3.6455,5.8545,0.00775,0.013676108530433329,0.0,1.0
KXNBAAST-26APR02NOPPOR-PORDAVDIJA8-12,2026-04-02,ast,11.5,3.6455,7.8545,0.00075,0.002839986210841139,0.0,1.0
KXNBAAST-26APR02NOPPOR-PORDAVDIJA8-4,2026-04-02,ast,3.5,3.6455,-0.14550000000000018,0.48375,0.47444460945930955,1.0,1.0
KXNBAAST-26APR02NOPPOR-PORDAVDIJA8-6,2026-04-02,ast,5.5,3.6455,1.8544999999999998,0.18625,0.18723882981433893,1.0,1.0
KXNBAAST-26APR02NOPPOR-PORDAVDIJA8-8,2026-04-02,ast,7.5,3.6455,3.8545,0.046,0.05613292930032898,0.0,1.0
KXNBAAST-26APR02NOPPOR-PORDCLINGAN23-10,2026-04-02,ast,9.5,1.817,7.683,0.0,0.0001590173289484076,0.0,1.0
KXNBAAST-26APR02NOPPOR-PORDCLINGAN23-2,2026-04-02,ast,1.5,1.817,-0.31699999999999995,0.5405,0.5233855602103203,1.0,1.0
KXNBAAST-26APR02NOPPOR-PORDCLINGAN23-4,2026-04-02,ast,3.5,1.817,1.683,0.11975,0.12563885080597104,0.0,1.0
KXNBAAST-26APR02NOPPOR-PORDCLINGAN23-6,2026-04-02,ast,5.5,1.817,3.683,0.013,0.018309824658233498,0.0,1.0
KXNBAAST-26APR02NOPPOR-PORDCLINGAN23-8,2026-04-02,ast,7.5,1.817,5.683,0.00025,0.0019176364123079104,0.0,1.0
KXNBAAST-26APR02NOPPOR-PORJHOLIDAY5-10,2026-04-02,ast,9.5,2.99725,6.50275,0.00325,0.004499984038211724,0.0,1.0
KXNBAAST-26APR02NOPPOR-PORJHOLIDAY5-2,2026-04-02,ast,1.5,2.99725,-1.4972500000000002,0.785,0.7622931721295599,1.0,1.0
KXNBAAST-26APR02NOPPOR-PORJHOLIDAY5-4,2026-04-02,ast,3.5,2.99725,0.5027499999999998,0.35025,0.3510927815628623,1.0,1.0
KXNBAAST-26APR02NOPPOR-PORJHOLIDAY5-6,2026-04-02,ast,5.5,2.99725,2.50275,0.09675,0.10754114587966512,1.0,1.0
KXNBAAST-26APR02NOPPOR-PORJHOLIDAY5-8,2026-04-02,ast,7.5,2.99725,4.50275,0.0185,0.024521017882715324,1.0,1.0
KXNBA3PT-26APR02NOPPOR-NOPDQUEEN22-1,2026-04-02,fg3m,0.5,0.4685,0.03149999999999997,0.3645,0.36535258099959544,0.0,1.0
KXNBA3PT-26APR02NOPPOR-NOPDQUEEN22-2,2026-04-02,fg3m,1.5,0.4685,1.0314999999999999,0.0895,0.08521338796181,0.0,1.0
KXNBA3PT-26APR02NOPPOR-NOPDQUEEN22-3,2026-04-02,fg3m,2.5,0.4685,2.0315,0.0135,0.015285914408858625,0.0,1.0
KXNBA3PT-26APR02NOPPOR-NOPDQUEEN22-4,2026-04-02,fg3m,3.5,0.4685,3.0315,0.001,0.0023013527517975474,0.0,1.0
KXNBA3PT-26APR02NOPPOR-NOPDQUEEN22-5,2026-04-02,fg3m,4.5,0.4685,4.0315,0.0,0.00030535626212835343,0.0,1.0
KXNBA3PT-26APR02NOPPOR-PORDAVDIJA8-1,2026-04-02,fg3m,0.5,0.978,-0.478,0.617,0.6015745163504872,1.0,1.0
KXNBA3PT-26APR02NOPPOR-PORDAVDIJA8-2,2026-04-02,fg3m,1.5,0.978,0.522,0.25575,0.2561672779151254,1.0,1.0
KXNBA3PT-26APR02NOPPOR-PORDAVDIJA8-3,2026-04-02,fg3m,2.5,0.978,1.522,0.08075,0.08683163937215155,0.0,1.0
KXNBA3PT-26APR02NOPPOR-PORDAVDIJA8-4,2026-04-02,fg3m,3.5,0.978,2.5220000000000002,0.02025,0.025076828506407023,0.0,1.0
KXNBA3PT-26APR02NOPPOR-PORDAVDIJA8-5,2026-04-02,fg3m,4.5,0.978,3.5220000000000002,0.00375,0.006432521438753058,0.0,1.0
KXNBAPTS-26APR01INDCHI-CHIIOKORO35-10,2026-04-01,pts,9.5,8.9845,0.5154999999999994,0.40775,0.40234393656883016,1.0,1.0
KXNBAPTS-26APR01INDCHI-CHIIOKORO35-15,2026-04-01,pts,14.5,8.9845,5.515499999999999,0.1435,0.12297660968632018,0.0,1.0
KXNBAPTS-26APR01INDCHI-CHIIOKORO35-20,2026-04-01,pts,19.5,8.9845,10.5155,0.0355,0.027917517306109252,0.0,1.0
KXNBAPTS-26APR01INDCHI-CHIMBUZELIS14-15,2026-04-01,pts,14.5,12.75125,1.7487499999999994,0.34925,0.34233949277373765,1.0,1.0
KXNBAPTS-26APR01INDCHI-CHIMBUZELIS14-20,2026-04-01,pts,19.5,12.75125,6.748749999999999,0.14425,0.13865309548579052,0.0,1.0
KXNBAPTS-26APR01INDCHI-CHIMBUZELIS14-25,2026-04-01,pts,24.5,12.75125,11.74875,0.04525,0.047144174514291426,0.0,1.0
KXNBAPTS-26APR01INDCHI-CHIMBUZELIS14-30,2026-04-01,pts,29.5,12.75125,16.74875,0.0125,0.01408896096033907,0.0,1.0
KXNBAREB-26APR01INDCHI-CHIMBUZELIS14-10,2026-04-01,reb,9.5,4.93275,4.56725,0.0515,0.060610067475928786,0.0,1.0
KXNBAREB-26APR01INDCHI-CHIMBUZELIS14-12,2026-04-01,reb,11.5,4.93275,6.56725,0.012,0.019353055521809215,0.0,1.0
KXNBAREB-26APR01INDCHI-CHIMBUZELIS14-6,2026-04-01,reb,5.5,4.93275,0.5672499999999996,0.37925,0.3720457159400079,1.0,1.0
KXNBAREB-26APR01INDCHI-CHIMBUZELIS14-7,2026-04-01,reb,6.5,4.93275,1.5672499999999996,0.2375,0.2536959772705262,1.0,1.0
KXNBAREB-26APR01INDCHI-CHIMBUZELIS14-8,2026-04-01,reb,7.5,4.93275,2.5672499999999996,0.149,0.164417286968224,1.0,1.0
KXNBAAST-26APR01INDCHI-CHIMBUZELIS14-10,2026-04-01,ast,9.5,1.89125,7.60875,0.0,0.00021271214537366134,0.0,1.0
KXNBAAST-26APR01INDCHI-CHIMBUZELIS14-2,2026-04-01,ast,1.5,1.89125,-0.3912500000000001,0.55375,0.5431732799199369,1.0,1.0
KXNBAAST-26APR01INDCHI-CHIMBUZELIS14-4,2026-04-01,ast,3.5,1.89125,1.60875,0.12925,0.13814841578585657,1.0,1.0
KXNBAAST-26APR01INDCHI-CHIMBUZELIS14-6,2026-04-01,ast,5.5,1.89125,3.6087499999999997,0.01725,0.02145478585433991,1.0,1.0
KXNBAAST-26APR01INDCHI-CHIMBUZELIS14-8,2026-04-01,ast,7.5,1.89125,5.60875,0.001,0.00239965147476362,0.0,1.0
KXNBAPTS-26APR01SASGSW-GSWDGREEN23-10,2026-04-01,pts,9.5,8.25425,1.2457499999999992,0.36,0.34005945010844385,1.0,1.0
KXNBAPTS-26APR01SASGSW-GSWDGREEN23-15,2026-04-01,pts,14.5,8.25425,6.245749999999999,0.1135,0.08906511749594992,0.0,1.0
KXNBAPTS-26APR01SASGSW-GSWDGREEN23-20,2026-04-01,pts,19.5,8.25425,11.24575,0.02925,0.017134433599698795,0.0,1.0
KXNBAPTS-26APR01SASGSW-GSWDGREEN23-25,2026-04-01,pts,24.5,8.25425,16.24575,0.0065,0.0026845553514680542,0.0,1.0
KXNBAPTS-26APR01SASGSW-SASDFOX4-10,2026-04-01,pts,9.5,11.399,-1.8989999999999991,0.59775,0.5834722937562418,1.0,1.0
KXNBAPTS-26APR01SASGSW-SASDFOX4-15,2026-04-01,pts,14.5,11.399,3.101000000000001,0.272,0.25961225501154883,0.0,1.0
KXNBAPTS-26APR01SASGSW-SASDFOX4-20,2026-04-01,pts,19.5,11.399,8.101,0.08775,0.08896560038922585,0.0,1.0
KXNBAPTS-26APR01SASGSW-SASDFOX4-25,2026-04-01,pts,24.5,11.399,13.101,0.024,0.025359383660462087,0.0,1.0
KXNBAPTS-26APR01SASGSW-SASDHARPER2-10,2026-04-01,pts,9.5,10.373,-0.8729999999999993,0.52325,0.5120891746443965,1.0,1.0
KXNBAPTS-26APR01SASGSW-SASDHARPER2-15,2026-04-01,pts,14.5,10.373,4.127000000000001,0.202,0.19836863455101583,0.0,1.0
KXNBAPTS-26APR01SASGSW-SASDHARPER2-20,2026-04-01,pts,19.5,10.373,9.127,0.0585,0.05828389796657474,0.0,1.0
KXNBAPTS-26APR01SASGSW-SASDHARPER2-25,2026-04-01,pts,24.5,10.373,14.127,0.0135,0.014145456270878265,0.0,1.0
KXNBAPTS-26APR01SASGSW-SASDVASSELL24-10,2026-04-01,pts,9.5,10.64725,-1.1472499999999997,0.5365,0.5320351432733493,0.0,1.0
KXNBAPTS-26APR01SASGSW-SASDVASSELL24-15,2026-04-01,pts,14.5,10.64725,3.8527500000000003,0.23025,0.2144365024580075,0.0,1.0
KXNBAPTS-26APR01SASGSW-SASDVASSELL24-20,2026-04-01,pts,19.5,10.64725,8.85275,0.073,0.06582507535165993,0.0,1.0
KXNBAPTS-26APR01SASGSW-SASDVASSELL24-25,2026-04-01,pts,24.5,10.64725,13.85275,0.02025,0.016721833314591428,0.0,1.0
KXNBAPTS-26APR01SASGSW-SASSCASTLE5-15,2026-04-01,pts,14.5,12.4215,2.0785,0.34125,0.32220622528826093,1.0,1.0
KXNBAPTS-26APR01SASGSW-SASSCASTLE5-20,2026-04-01,pts,19.5,12.4215,7.0785,0.131,0.1256914941185775,0.0,1.0
KXNBAPTS-26APR01SASGSW-SASSCASTLE5-25,2026-04-01,pts,24.5,12.4215,12.0785,0.0405,0.041070168096315696,0.0,1.0
KXNBAPTS-26APR01SASGSW-SASSCASTLE5-30,2026-04-01,pts,29.5,12.4215,17.0785,0.00775,0.011781070114145864,0.0,1.0
KXNBAPTS-26APR01SASGSW-SASVWEMBANYAMA1-20,2026-04-01,pts,19.5,15.92025,3.5797500000000007,0.28775,0.2803411297971542,1.0,1.0
KXNBAPTS-26APR01SASGSW-SASVWEMBANYAMA1-25,2026-04-01,pts,24.5,15.92025,8.57975,0.1095,0.12902114667631692,1.0,1.0
KXNBAPTS-26APR01SASGSW-SASVWEMBANYAMA1-30,2026-04-01,pts,29.5,15.92025,13.57975,0.0285,0.052795022164510264,1.0,1.0
KXNBAPTS-26APR01SASGSW-SASVWEMBANYAMA1-35,2026-04-01,pts,34.5,15.92025,18.57975,0.006,0.019718018387326897,1.0,1.0
KXNBAREB-26APR01SASGSW-GSWDGREEN23-10,2026-04-01,reb,9.5,4.3255,5.1745,0.021,0.033595025745322804,0.0,1.0
KXNBAREB-26APR01SASGSW-GSWDGREEN23-2,2026-04-01,reb,1.5,4.3255,-2.8255,0.913,0.8903448252736852,1.0,1.0
KXNBAREB-26APR01SASGSW-GSWDGREEN23-4,2026-04-01,reb,3.5,4.3255,-0.8254999999999999,0.60925,0.5861346285814089,0.0,1.0
KXNBAREB-26APR01SASGSW-GSWDGREEN23-6,2026-04-01,reb,5.5,4.3255,1.1745,0.274,0.2839052656815787,0.0,1.0
KXNBAREB-26APR01SASGSW-GSWDGREEN23-8,2026-04-01,reb,7.5,4.3255,3.1745,0.08925,0.10744132462341927,0.0,1.0
KXNBAREB-26APR01SASGSW-SASDFOX4-10,2026-04-01,reb,9.5,3.33625,6.16375,0.00775,0.00878774423184503,0.0,1.0
KXNBAREB-26APR01SASGSW-SASDFOX4-2,2026-04-01,reb,1.5,3.33625,-1.8362500000000002,0.81725,0.8040241295103494,1.0,1.0
KXNBAREB-26APR01SASGSW-SASDFOX4-4,2026-04-01,reb,3.5,3.33625,0.16374999999999984,0.41425,0.41650840798867217,1.0,1.0
KXNBAREB-26APR01SASGSW-SASDFOX4-6,2026-04-01,reb,5.5,3.33625,2.16375,0.14025,0.14829438622111524,0.0,1.0
KXNBAREB-26APR01SASGSW-SASDFOX4-8,2026-04-01,reb,7.5,3.33625,4.16375,0.03175,0.04001260519118699,0.0,1.0
KXNBAREB-26APR01SASGSW-SASSCASTLE5-2,2026-04-01,reb,1.5,4.43725,-2.9372499999999997,0.92075,0.8972175573426254,1.0,1.0
KXNBAREB-26APR01SASGSW-SASSCASTLE5-4,2026-04-01,reb,3.5,4.43725,-0.9372499999999997,0.62675,0.6027873823372205,1.0,1.0
KXNBAREB-26APR01SASGSW-SASSCASTLE5-5,2026-04-01,reb,4.5,4.43725,0.0627500000000003,0.44475,0.44015102399337536,1.0,1.0
KXNBAREB-26APR01SASGSW-SASSCASTLE5-6,2026-04-01,reb,5.5,4.43725,1.0627500000000003,0.2865,0.3001297203053288,1.0,1.0
KXNBAREB-26APR01SASGSW-SASSCASTLE5-8,2026-04-01,reb,7.5,4.43725,3.0627500000000003,0.1025,0.1171590253201209,0.0,1.0
KXNBAREB-26APR01SASGSW-SASVWEMBANYAMA1-10,2026-04-01,reb,9.5,6.70575,2.79425,0.156,0.18887316829177891,1.0,1.0
KXNBAREB-26APR01SASGSW-SASVWEMBANYAMA1-12,2026-04-01,reb,11.5,6.70575,4.79425,0.05425,0.08628706879049264,1.0,1.0
KXNBAREB-26APR01SASGSW-SASVWEMBANYAMA1-14,2026-04-01,reb,13.5,6.70575,6.79425,0.01525,0.035474756474407454,1.0,1.0
KXNBAREB-26APR01SASGSW-SASVWEMBANYAMA1-16,2026-04-01,reb,15.5,6.70575,8.79425,0.004,0.013358669811111556,1.0,1.0
KXNBAREB-26APR01SASGSW-SASVWEMBANYAMA1-8,2026-04-01,reb,7.5,6.70575,0.7942499999999999,0.36125,0.36397725591555463,1.0,1.0
KXNBAAST-26APR01SASGSW-GSWDGREEN23-10,2026-04-01,ast,9.5,3.08075,6.41925,0.002,0.005298019390468478,0.0,1.0
KXNBAAST-26APR01SASGSW-GSWDGREEN23-12,2026-04-01,ast,11.5,3.08075,8.41925,0.0,0.0008592911631897238,0.0,1.0
KXNBAAST-26APR01SASGSW-GSWDGREEN23-6,2026-04-01,ast,5.5,3.08075,2.41925,0.1005,0.11682910172098127,0.0,1.0
KXNBAAST-26APR01SASGSW-GSWDGREEN23-7,2026-04-01,ast,6.5,3.08075,3.41925,0.047,0.058697788422340746,0.0,1.0
KXNBAAST-26APR01SASGSW-GSWDGREEN23-8,2026-04-01,ast,7.5,3.08075,4.41925,0.01775,0.02771482722086649,0.0,1.0
KXNBAAST-26APR01SASGSW-SASDFOX4-10,2026-04-01,ast,9.5,3.31825,6.18175,0.005,0.008140688882848579,0.0,1.0
KXNBAAST-26APR01SASGSW-SASDFOX4-12,2026-04-01,ast,11.5,3.31825,8.181750000000001,0.0005,0.0014746758531631876,0.0,1.0
KXNBAAST-26APR01SASGSW-SASDFOX4-6,2026-04-01,ast,5.5,3.31825,2.18175,0.134,0.14496306116677848,0.0,1.0
KXNBAAST-26APR01SASGSW-SASDFOX4-7,2026-04-01,ast,6.5,3.31825,3.18175,0.06875,0.07671745374188588,0.0,1.0
KXNBAAST-26APR01SASGSW-SASDFOX4-8,2026-04-01,ast,7.5,3.31825,4.18175,0.02875,0.038200918192840216,0.0,1.0
KXNBAAST-26APR01SASGSW-SASSCASTLE5-10,2026-04-01,ast,9.5,4.15925,5.34075,0.01725,0.026934117034427496,1.0,1.0
KXNBAAST-26APR01SASGSW-SASSCASTLE5-12,2026-04-01,ast,11.5,4.15925,7.34075,0.00425,0.006726988060611339,0.0,1.0
KXNBAAST-26APR01SASGSW-SASSCASTLE5-4,2026-04-01,ast,3.5,4.15925,-0.6592500000000001,0.58475,0.5619458972824125,1.0,1.0
KXNBAAST-26APR01SASGSW-SASSCASTLE5-6,2026-04-01,ast,5.5,4.15925,1.3407499999999999,0.24125,0.2592059274593096,1.0,1.0
KXNBAAST-26APR01SASGSW-SASSCASTLE5-8,2026-04-01,ast,7.5,4.15925,3.34075,0.07375,0.09231610607797314,1.0,1.0
KXNBAAST-26APR01SASGSW-SASVWEMBANYAMA1-10,2026-04-01,ast,9.5,2.52925,6.97075,0.00075,0.00156168530965195,0.0,1.0
KXNBAAST-26APR01SASGSW-SASVWEMBANYAMA1-2,2026-04-01,ast,1.5,2.52925,-1.0292500000000002,0.71425,0.6856159447301033,1.0,1.0
KXNBAAST-26APR01SASGSW-SASVWEMBANYAMA1-4,2026-04-01,ast,3.5,2.52925,0.9707499999999998,0.2525,0.2579134353901864,0.0,1.0
KXNBAAST-26APR01SASGSW-SASVWEMBANYAMA1-6,2026-04-01,ast,5.5,2.52925,2.97075,0.0455,0.06225529148995024,0.0,1.0
KXNBAAST-26APR01SASGSW-SASVWEMBANYAMA1-8,2026-04-01,ast,7.5,2.52925,4.97075,0.006,0.011027750173321582,0.0,1.0
KXNBA3PT-26APR01SASGSW-SASDFOX4-1,2026-04-01,fg3m,0.5,1.06325,-0.56325,0.64925,0.6304360692995266,1.0,1.0
KXNBA3PT-26APR01SASGSW-SASDFOX4-2,2026-04-01,fg3m,1.5,1.06325,0.43674999999999997,0.28725,0.28553677663543575,0.0,1.0
KXNBA3PT-26APR01SASGSW-SASDFOX4-3,2026-04-01,fg3m,2.5,1.06325,1.43675,0.09525,0.10351320196232061,0.0,1.0
KXNBA3PT-26APR01SASGSW-SASDFOX4-4,2026-04-01,fg3m,3.5,1.06325,2.43675,0.027,0.03205230464039721,0.0,1.0
KXNBA3PT-26APR01SASGSW-SASDFOX4-5,2026-04-01,fg3m,4.5,1.06325,3.43675,0.00425,0.008826952020344114,0.0,1.0
KXNBA3PT-26APR01SASGSW-SASSCASTLE5-1,2026-04-01,fg3m,0.5,1.1575,-0.6575,0.69025,0.6596271851379445,1.0,1.0
KXNBA3PT-26APR01SASGSW-SASSCASTLE5-2,2026-04-01,fg3m,1.5,1.1575,0.3425,0.32,0.31752019076011173,1.0,1.0
KXNBA3PT-26APR01SASGSW-SASSCASTLE5-3,2026-04-01,fg3m,2.5,1.1575,1.3425,0.10625,0.12307301042379015,0.0,1.0
KXNBA3PT-26APR01SASGSW-SASSCASTLE5-4,2026-04-01,fg3m,3.5,1.1575,2.3425000000000002,0.0315,0.04085881003608327,0.0,1.0
KXNBA3PT-26APR01SASGSW-SASSCASTLE5-5,2026-04-01,fg3m,4.5,1.1575,3.3425000000000002,0.0065,0.012081841000901261,0.0,1.0
KXNBA3PT-26APR01SASGSW-SASVWEMBANYAMA1-1,2026-04-01,fg3m,0.5,1.33825,-0.8382499999999999,0.73375,0.708604298122203,1.0,1.0
KXNBA3PT-26APR01SASGSW-SASVWEMBANYAMA1-2,2026-04-01,fg3m,1.5,1.33825,0.16175000000000006,0.3845,0.3768109421625454,1.0,1.0
KXNBA3PT-26APR01SASGSW-SASVWEMBANYAMA1-3,2026-04-01,fg3m,2.5,1.33825,1.16175,0.15375,0.16316982610395625,0.0,1.0
KXNBA3PT-26APR01SASGSW-SASVWEMBANYAMA1-4,2026-04-01,fg3m,3.5,1.33825,2.16175,0.04775,0.06083876397434662,0.0,1.0
KXNBA3PT-26APR01SASGSW-SASVWEMBANYAMA1-5,2026-04-01,fg3m,4.5,1.33825,3.16175,0.014,0.02026146353578917,0.0,1.0
KXNBAPTS-26APR01MILHOU-HOUASENGUN28-10,2026-04-01,pts,9.5,13.71175,-4.21175,0.737,0.712126988939789,1.0,1.0
KXNBAPTS-26APR01MILHOU-HOUASENGUN28-15,2026-04-01,pts,14.5,13.71175,0.7882499999999997,0.421,0.4000127490099158,1.0,1.0
KXNBAPTS-26APR01MILHOU-HOUASENGUN28-20,2026-04-01,pts,19.5,13.71175,5.78825,0.16875,0.17891101367077678,1.0,1.0
KXNBAPTS-26APR01MILHOU-HOUASENGUN28-25,2026-04-01,pts,24.5,13.71175,10.78825,0.04975,0.06761892664780911,1.0,1.0
KXNBAPTS-26APR01MILHOU-HOUASENGUN28-30,2026-04-01,pts,29.5,13.71175,15.78825,0.01075,0.022540314702227615,0.0,1.0
KXNBAPTS-26APR01MILHOU-HOUATHOMPSON1-10,2026-04-01,pts,9.5,13.583,-4.083,0.738,0.7060758558878815,1.0,1.0
KXNBAPTS-26APR01MILHOU-HOUATHOMPSON1-15,2026-04-01,pts,14.5,13.583,0.9169999999999998,0.4105,0.3923955242871383,1.0,1.0
KXNBAPTS-26APR01MILHOU-HOUATHOMPSON1-20,2026-04-01,pts,19.5,13.583,5.917,0.16275,0.173325572313077,0.0,1.0
KXNBAPTS-26APR01MILHOU-HOUATHOMPSON1-25,2026-04-01,pts,24.5,13.583,10.917,0.04325,0.06463814269700197,0.0,1.0
KXNBAPTS-26APR01MILHOU-HOUJSMITH10-10,2026-04-01,pts,9.5,12.563,-3.0630000000000006,0.66325,0.6536531631097502,1.0,1.0
KXNBAPTS-26APR01MILHOU-HOUJSMITH10-15,2026-04-01,pts,14.5,12.563,1.9369999999999994,0.343,0.33085855994252,0.0,1.0
KXNBAPTS-26APR01MILHOU-HOUJSMITH10-20,2026-04-01,pts,19.5,12.563,6.936999999999999,0.13175,0.1311930505389327,0.0,1.0
KXNBAPTS-26APR01MILHOU-HOUJSMITH10-25,2026-04-01,pts,24.5,12.563,11.937,0.034,0.04361614835802308,0.0,1.0
KXNBAPTS-26APR01MILHOU-HOUKDURANT7-15,2026-04-01,pts,14.5,15.684,-1.1839999999999993,0.5435,0.5102073439905244,1.0,1.0
KXNBAPTS-26APR01MILHOU-HOUKDURANT7-20,2026-04-01,pts,19.5,15.684,3.8160000000000007,0.2685,0.26918009118180297,0.0,1.0
KXNBAPTS-26APR01MILHOU-HOUKDURANT7-25,2026-04-01,pts,24.5,15.684,8.816,0.10125,0.12161457700455669,0.0,1.0
KXNBAPTS-26APR01MILHOU-HOUKDURANT7-30,2026-04-01,pts,29.5,15.684,13.816,0.0315,0.04881026936451638,0.0,1.0
KXNBAPTS-26APR01MILHOU-HOUKDURANT7-35,2026-04-01,pts,34.5,15.684,18.816000000000003,0.00725,0.01787120653049179,0.0,1.0
KXNBAPTS-26APR01MILHOU-HOURSHEPPARD15-10,2026-04-01,pts,9.5,10.7545,-1.2545000000000002,0.542,0.5396657946468095,1.0,1.0
KXNBAPTS-26APR01MILHOU-HOURSHEPPARD15-15,2026-04-01,pts,14.5,10.7545,3.7455,0.24675,0.22079174592919193,1.0,1.0
KXNBAPTS-26APR01MILHOU-HOURSHEPPARD15-20,2026-04-01,pts,19.5,10.7545,8.7455,0.08525,0.06890831880169501,1.0,1.0
KXNBAPTS-26APR01MILHOU-HOURSHEPPARD15-25,2026-04-01,pts,24.5,10.7545,13.7455,0.01825,0.017810512945404033,1.0,1.0
KXNBAPTS-26APR01MILHOU-HOUTEASON17-10,2026-04-01,pts,9.5,8.72875,0.7712500000000002,0.4005,0.38079095171054744,0.0,1.0
KXNBAPTS-26APR01MILHOU-HOUTEASON17-15,2026-04-01,pts,14.5,8.72875,5.77125,0.134,0.1105588184358931,0.0,1.0
KXNBAPTS-26APR01MILHOU-HOUTEASON17-20,2026-04-01,pts,19.5,8.72875,10.77125,0.03475,0.023748801994314728,0.0,1.0
KXNBAPTS-26APR01MILHOU-HOUTEASON17-25,2026-04-01,pts,24.5,8.72875,15.77125,0.00625,0.004167661091616481,0.0,1.0
KXNBAREB-26APR01MILHOU-HOUASENGUN28-10,2026-04-01,reb,9.5,5.8265,3.6734999999999998,0.094,0.11714746349356331,0.0,1.0
KXNBAREB-26APR01MILHOU-HOUASENGUN28-12,2026-04-01,reb,11.5,5.8265,5.6735,0.02725,0.045751325074465,0.0,1.0
KXNBAREB-26APR01MILHOU-HOUASENGUN28-6,2026-04-01,reb,5.5,5.8265,-0.32650000000000023,0.51525,0.49553952503735,1.0,1.0
KXNBAREB-26APR01MILHOU-HOUASENGUN28-8,2026-04-01,reb,7.5,5.8265,1.6734999999999998,0.2605,0.2619217400756013,1.0,1.0
KXNBAREB-26APR01MILHOU-HOUASENGUN28-9,2026-04-01,reb,8.5,5.8265,2.6734999999999998,0.15825,0.17848628068756478,1.0,1.0
KXNBAREB-26APR01MILHOU-HOUATHOMPSON1-10,2026-04-01,reb,9.5,6.0285,3.4715,0.0975,0.1324060981723264,0.0,1.0
KXNBAREB-26APR01MILHOU-HOUATHOMPSON1-12,2026-04-01,reb,11.5,6.0285,5.4715,0.027,0.053776451316016494,0.0,1.0
KXNBAREB-26APR01MILHOU-HOUATHOMPSON1-4,2026-04-01,reb,3.5,6.0285,-2.5285,0.8365,0.7845251215210949,1.0,1.0
KXNBAREB-26APR01MILHOU-HOUATHOMPSON1-6,2026-04-01,reb,5.5,6.0285,-0.5285000000000002,0.54075,0.5215136176201012,1.0,1.0
KXNBAREB-26APR01MILHOU-HOUATHOMPSON1-8,2026-04-01,reb,7.5,6.0285,1.4714999999999998,0.268,0.28519637075865145,1.0,1.0
KXNBAREB-26APR01MILHOU-HOUJSMITH10-10,2026-04-01,reb,9.5,5.75225,3.74775,0.0815,0.11174955635527328,0.0,1.0
KXNBAREB-26APR01MILHOU-HOUJSMITH10-12,2026-04-01,reb,11.5,5.75225,5.74775,0.02125,0.04299657325588069,0.0,1.0
KXNBAREB-26APR01MILHOU-HOUJSMITH10-6,2026-04-01,reb,5.5,5.75225,-0.2522500000000001,0.5075,0.4857843359070293,1.0,1.0
KXNBAREB-26APR01MILHOU-HOUJSMITH10-7,2026-04-01,reb,6.5,5.75225,0.7477499999999999,0.3605,0.359130912659149,1.0,1.0
KXNBAREB-26APR01MILHOU-HOUJSMITH10-8,2026-04-01,reb,7.5,5.75225,1.74775,0.24175,0.25343747736833744,0.0,1.0
KXNBAREB-26APR01MILHOU-HOUKDURANT7-2,2026-04-01,reb,1.5,4.7165,-3.2165,0.93925,0.9124830238081764,1.0,1.0
KXNBAREB-26APR01MILHOU-HOUKDURANT7-4,2026-04-01,reb,3.5,4.7165,-1.2165,0.6765,0.6420514088480288,1.0,1.0
KXNBAREB-26APR01MILHOU-HOUKDURANT7-5,2026-04-01,reb,4.5,4.7165,-0.21649999999999991,0.49625,0.4833084675012177,1.0,1.0
KXNBAREB-26APR01MILHOU-HOUKDURANT7-6,2026-04-01,reb,5.5,4.7165,0.7835000000000001,0.332,0.34075700936002207,0.0,1.0
KXNBAREB-26APR01MILHOU-HOUKDURANT7-8,2026-04-01,reb,7.5,4.7165,2.7835,0.1235,0.143015004935388,0.0,1.0
KXNBAREB-26APR01MILHOU-HOUTEASON17-10,2026-04-01,reb,9.5,4.90325,4.59675,0.0485,0.05907773498804192,0.0,1.0
KXNBAREB-26APR01MILHOU-HOUTEASON17-2,2026-04-01,reb,1.5,4.90325,-3.40325,0.92725,0.9213413350266736,1.0,1.0
KXNBAREB-26APR01MILHOU-HOUTEASON17-4,2026-04-01,reb,3.5,4.90325,-1.4032499999999999,0.683,0.6664562461664839,0.0,1.0
KXNBAREB-26APR01MILHOU-HOUTEASON17-6,2026-04-01,reb,5.5,4.90325,0.5967500000000001,0.36975,0.3677955360639549,0.0,1.0
KXNBAREB-26APR01MILHOU-HOUTEASON17-8,2026-04-01,reb,7.5,4.90325,2.59675,0.1525,0.16143350299540382,0.0,1.0
KXNBAAST-26APR01MILHOU-HOUASENGUN28-10,2026-04-01,ast,9.5,3.8115,5.6884999999999994,0.01125,0.01730722287362807,0.0,1.0
KXNBAAST-26APR01MILHOU-HOUASENGUN28-2,2026-04-01,ast,1.5,3.8115,-2.3115,0.88625,0.8539474423462523,1.0,1.0
KXNBAAST-26APR01MILHOU-HOUASENGUN28-4,2026-04-01,ast,3.5,3.8115,-0.3115000000000001,0.51825,0.5038720195053918,1.0,1.0
KXNBAAST-26APR01MILHOU-HOUASENGUN28-6,2026-04-01,ast,5.5,3.8115,1.6885,0.1945,0.20990274257056984,0.0,1.0
KXNBAAST-26APR01MILHOU-HOUASENGUN28-8,2026-04-01,ast,7.5,3.8115,3.6885,0.0475,0.06677385530766244,0.0,1.0
KXNBAAST-26APR01MILHOU-HOUATHOMPSON1-10,2026-04-01,ast,9.5,3.49625,6.00375,0.0045,0.01089854621433628,0.0,1.0
KXNBAAST-26APR01MILHOU-HOUATHOMPSON1-2,2026-04-01,ast,1.5,3.49625,-1.9962499999999999,0.853,0.8237108590796111,1.0,1.0
KXNBAAST-26APR01MILHOU-HOUATHOMPSON1-4,2026-04-01,ast,3.5,3.49625,0.003750000000000142,0.46,0.44712971216137665,1.0,1.0
KXNBAAST-26APR01MILHOU-HOUATHOMPSON1-6,2026-04-01,ast,5.5,3.49625,2.00375,0.15075,0.16751504635097458,1.0,1.0
KXNBAAST-26APR01MILHOU-HOUATHOMPSON1-8,2026-04-01,ast,7.5,3.49625,4.00375,0.03375,0.047450787563232066,0.0,1.0
KXNBAAST-26APR01MILHOU-HOUKDURANT7-2,2026-04-01,ast,1.5,3.5705,-2.0705,0.86425,0.8313653647746986,1.0,1.0
KXNBAAST-26APR01MILHOU-HOUKDURANT7-4,2026-04-01,ast,3.5,3.5705,-0.07050000000000001,0.47825,0.4608152178300413,1.0,1.0
KXNBAAST-26APR01MILHOU-HOUKDURANT7-5,2026-04-01,ast,4.5,3.5705,0.9295,0.2895,0.2974210558751623,1.0,1.0
KXNBAAST-26APR01MILHOU-HOUKDURANT7-6,2026-04-01,ast,5.5,3.5705,1.9295,0.15525,0.17724248545918098,1.0,1.0
KXNBAAST-26APR01MILHOU-HOUKDURANT7-8,2026-04-01,ast,7.5,3.5705,3.9295,0.03375,0.05166460680369367,1.0,1.0
KXNBAAST-26APR01MILHOU-HOURSHEPPARD15-10,2026-04-01,ast,9.5,2.803,6.697,0.0025,0.002993441287592824,0.0,1.0
KXNBAAST-26APR01MILHOU-HOURSHEPPARD15-2,2026-04-01,ast,1.5,2.803,-1.303,0.7455,0.7329787286123024,1.0,1.0
KXNBAAST-26APR01MILHOU-HOURSHEPPARD15-4,2026-04-01,ast,3.5,2.803,0.6970000000000001,0.308,0.31246335451380025,1.0,1.0
KXNBAAST-26APR01MILHOU-HOURSHEPPARD15-6,2026-04-01,ast,5.5,2.803,2.697,0.07825,0.08728692246724701,1.0,1.0
KXNBAAST-26APR01MILHOU-HOURSHEPPARD15-8,2026-04-01,ast,7.5,2.803,4.697,0.01575,0.018043347429881895,0.0,1.0
KXNBA3PT-26APR01MILHOU-HOUASENGUN28-1,2026-04-01,fg3m,0.5,0.6895,-0.1895,0.495,0.48320925728055775,1.0,1.0
KXNBA3PT-26APR01MILHOU-HOUASENGUN28-2,2026-04-01,fg3m,1.5,0.6895,0.8105,0.154,0.15640084647711705,1.0,1.0
KXNBA3PT-26APR01MILHOU-HOUASENGUN28-3,2026-04-01,fg3m,2.5,0.6895,1.8105,0.0345,0.03953049936917452,0.0,1.0
KXNBA3PT-26APR01MILHOU-HOUASENGUN28-4,2026-04-01,fg3m,3.5,0.6895,2.8105,0.00575,0.008440484220586741,0.0,1.0
KXNBA3PT-26APR01MILHOU-HOUASENGUN28-5,2026-04-01,fg3m,4.5,0.6895,3.8105,0.00025,0.0015936382438114238,0.0,1.0
KXNBA3PT-26APR01MILHOU-HOUATHOMPSON1-1,2026-04-01,fg3m,0.5,0.50425,-0.004249999999999976,0.401,0.386327792056396,0.0,1.0
KXNBA3PT-26APR01MILHOU-HOUATHOMPSON1-2,2026-04-01,fg3m,1.5,0.50425,0.99575,0.08725,0.09605786894436374,0.0,1.0
KXNBA3PT-26APR01MILHOU-HOUATHOMPSON1-3,2026-04-01,fg3m,2.5,0.50425,1.9957500000000001,0.01325,0.01841524041038889,0.0,1.0
KXNBA3PT-26APR01MILHOU-HOUATHOMPSON1-4,2026-04-01,fg3m,3.5,0.50425,2.99575,0.00225,0.002966114510015161,0.0,1.0
KXNBA3PT-26APR01MILHOU-HOUATHOMPSON1-5,2026-04-01,fg3m,4.5,0.50425,3.99575,0.0005,0.0004212737036455305,0.0,1.0
KXNBA3PT-26APR01MILHOU-HOUKDURANT7-1,2026-04-01,fg3m,0.5,1.636,-1.136,0.80025,0.7728846790629916,1.0,1.0
KXNBA3PT-26APR01MILHOU-HOUKDURANT7-2,2026-04-01,fg3m,1.5,1.636,-0.1359999999999999,0.48825,0.4669011747256153,1.0,1.0
KXNBA3PT-26APR01MILHOU-HOUKDURANT7-3,2026-04-01,fg3m,2.5,1.636,0.8640000000000001,0.22725,0.2337797410083966,0.0,1.0
KXNBA3PT-26APR01MILHOU-HOUKDURANT7-4,2026-04-01,fg3m,3.5,1.636,1.864,0.08725,0.10165873023952254,0.0,1.0
KXNBA3PT-26APR01MILHOU-HOUKDURANT7-5,2026-04-01,fg3m,4.5,1.636,2.864,0.02525,0.03966973535480889,0.0,1.0
KXNBA3PT-26APR01MILHOU-HOURSHEPPARD15-1,2026-04-01,fg3m,0.5,2.048,-1.548,0.85625,0.8370414220216679,1.0,1.0
KXNBA3PT-26APR01MILHOU-HOURSHEPPARD15-2,2026-04-01,fg3m,1.5,2.048,-0.548,0.5885,0.5738999528130782,1.0,1.0
KXNBA3PT-26APR01MILHOU-HOURSHEPPARD15-3,2026-04-01,fg3m,2.5,2.048,0.45199999999999996,0.33325,0.3336109067012222,1.0,1.0
KXNBA3PT-26APR01MILHOU-HOURSHEPPARD15-4,2026-04-01,fg3m,3.5,2.048,1.452,0.16125,0.1703868593650768,1.0,1.0
KXNBA3PT-26APR01MILHOU-HOURSHEPPARD15-5,2026-04-01,fg3m,4.5,2.048,2.452,0.07125,0.07859855722479303,1.0,1.0
KXNBA3PT-26APR01MILHOU-HOUTEASON17-1,2026-04-01,fg3m,0.5,1.05225,-0.5522499999999999,0.64175,0.6268483041561287,1.0,1.0
KXNBA3PT-26APR01MILHOU-HOUTEASON17-2,2026-04-01,fg3m,1.5,1.05225,0.4477500000000001,0.2905,0.2817670688191345,0.0,1.0
KXNBA3PT-26APR01MILHOU-HOUTEASON17-3,2026-04-01,fg3m,2.5,1.05225,1.44775,0.0895,0.10130336034832987,0.0,1.0
KXNBA3PT-26APR01MILHOU-HOUTEASON17-4,2026-04-01,fg3m,3.5,1.05225,2.44775,0.02475,0.03109902980884105,0.0,1.0
KXNBA3PT-26APR01MILHOU-HOUTEASON17-5,2026-04-01,fg3m,4.5,1.05225,3.44775,0.00525,0.008489530141470691,0.0,1.0
KXNBAPTS-26APR01NYKMEM-MEMCCOWARD23-10,2026-04-01,pts,9.5,8.236,1.2639999999999993,0.3505,0.3384780381766732,1.0,1.0
KXNBAPTS-26APR01NYKMEM-MEMCCOWARD23-15,2026-04-01,pts,14.5,8.236,6.263999999999999,0.099,0.08828131167243913,1.0,1.0
KXNBAPTS-26APR01NYKMEM-MEMCCOWARD23-20,2026-04-01,pts,19.5,8.236,11.264,0.023,0.016908143495069083,0.0,1.0
KXNBAPTS-26APR01NYKMEM-MEMCCOWARD23-25,2026-04-01,pts,24.5,8.236,16.264,0.00325,0.0026370078329729374,0.0,1.0
KXNBAPTS-26APR01NYKMEM-NYKJHART3-10,2026-04-01,pts,9.5,10.39575,-0.8957499999999996,0.5195,0.5137672180929393,0.0,1.0
KXNBAPTS-26APR01NYKMEM-NYKJHART3-15,2026-04-01,pts,14.5,10.39575,4.10425,0.216,0.19969056781741312,0.0,1.0
KXNBAPTS-26APR01NYKMEM-NYKJHART3-20,2026-04-01,pts,19.5,10.39575,9.10425,0.0635,0.05889050753248681,0.0,1.0
KXNBAPTS-26APR01NYKMEM-NYKJHART3-25,2026-04-01,pts,24.5,10.39575,14.10425,0.01525,0.014348044394938864,0.0,1.0
KXNBAPTS-26APR01NYKMEM-NYKKTOWNS32-10,2026-04-01,pts,9.5,11.69525,-2.1952499999999997,0.614,0.6024200640783482,1.0,1.0
KXNBAPTS-26APR01NYKMEM-NYKKTOWNS32-15,2026-04-01,pts,14.5,11.69525,2.8047500000000003,0.2875,0.2776973796573059,1.0,1.0
KXNBAPTS-26APR01NYKMEM-NYKKTOWNS32-20,2026-04-01,pts,19.5,11.69525,7.80475,0.1025,0.0990221856903315,1.0,1.0
KXNBAPTS-26APR01NYKMEM-NYKKTOWNS32-25,2026-04-01,pts,24.5,11.69525,12.80475,0.027,0.029429968469921852,0.0,1.0
KXNBAPTS-26APR01NYKMEM-NYKKTOWNS32-30,2026-04-01,pts,29.5,11.69525,17.80475,0.005,0.0076587411385067306,0.0,1.0
KXNBAPTS-26APR01NYKMEM-NYKMBRIDGES25-10,2026-04-01,pts,9.5,8.88675,0.6132500000000007,0.4105,0.3941452769368853,1.0,1.0
KXNBAPTS-26APR01NYKMEM-NYKMBRIDGES25-15,2026-04-01,pts,14.5,8.88675,5.613250000000001,0.136,0.1181657449228598,1.0,1.0
KXNBAPTS-26APR01NYKMEM-NYKMBRIDGES25-20,2026-04-01,pts,19.5,8.88675,10.61325,0.033,0.02627309094136243,1.0,1.0
KXNBAPTS-26APR01NYKMEM-NYKMBRIDGES25-25,2026-04-01,pts,24.5,8.88675,15.61325,0.00525,0.004777370766888334,0.0,1.0
KXNBAPTS-26APR01NYKMEM-NYKOANUNOBY8-10,2026-04-01,pts,9.5,11.20675,-1.7067499999999995,0.5795,0.5707751701459698,1.0,1.0
KXNBAPTS-26APR01NYKMEM-NYKOANUNOBY8-15,2026-04-01,pts,14.5,11.20675,3.2932500000000005,0.26225,0.2479400146483106,1.0,1.0
KXNBAPTS-26APR01NYKMEM-NYKOANUNOBY8-20,2026-04-01,pts,19.5,11.20675,8.29325,0.0835,0.08271489827458955,1.0,1.0
KXNBAPTS-26APR01NYKMEM-NYKOANUNOBY8-25,2026-04-01,pts,24.5,11.20675,13.29325,0.02025,0.02292302794896872,1.0,1.0
KXNBAREB-26APR01NYKMEM-NYKJHART3-10,2026-04-01,reb,9.5,5.0085,4.4915,0.0445,0.06464679329108558,0.0,1.0
KXNBAREB-26APR01NYKMEM-NYKJHART3-12,2026-04-01,reb,11.5,5.0085,6.4915,0.008,0.02104001077318296,0.0,1.0
KXNBAREB-26APR01NYKMEM-NYKJHART3-4,2026-04-01,reb,3.5,5.0085,-1.5084999999999997,0.7125,0.6795687794291453,1.0,1.0
KXNBAREB-26APR01NYKMEM-NYKJHART3-6,2026-04-01,reb,5.5,5.0085,0.49150000000000027,0.3905,0.38292553266982277,1.0,1.0
KXNBAREB-26APR01NYKMEM-NYKJHART3-8,2026-04-01,reb,7.5,5.0085,2.4915000000000003,0.15925,0.17216558322353248,0.0,1.0
KXNBAREB-26APR01NYKMEM-NYKKTOWNS32-10,2026-04-01,reb,9.5,6.13925,3.3607500000000003,0.10975,0.14110959142399127,1.0,1.0
KXNBAREB-26APR01NYKMEM-NYKKTOWNS32-12,2026-04-01,reb,11.5,6.13925,5.36075,0.04025,0.05850587022626197,0.0,1.0
KXNBAREB-26APR01NYKMEM-NYKKTOWNS32-14,2026-04-01,reb,13.5,6.13925,7.36075,0.012,0.021758548352870055,0.0,1.0
KXNBAREB-26APR01NYKMEM-NYKKTOWNS32-16,2026-04-01,reb,15.5,6.13925,9.36075,0.004,0.0073964879686889695,0.0,1.0
KXNBAREB-26APR01NYKMEM-NYKKTOWNS32-8,2026-04-01,reb,7.5,6.13925,1.3607500000000003,0.28825,0.2980443347938818,1.0,1.0
KXNBAREB-26APR01NYKMEM-NYKMBRIDGES25-10,2026-04-01,reb,9.5,3.301,6.199,0.0025,0.008279465559798194,0.0,1.0
KXNBAREB-26APR01NYKMEM-NYKMBRIDGES25-2,2026-04-01,reb,1.5,3.301,-1.8010000000000002,0.82025,0.7998908600427368,1.0,1.0
KXNBAREB-26APR01NYKMEM-NYKMBRIDGES25-4,2026-04-01,reb,3.5,3.301,0.19899999999999984,0.4185,0.40982291556165307,0.0,1.0
KXNBAREB-26APR01NYKMEM-NYKMBRIDGES25-6,2026-04-01,reb,5.5,3.301,2.199,0.13875,0.14394664501817855,0.0,1.0
KXNBAREB-26APR01NYKMEM-NYKMBRIDGES25-8,2026-04-01,reb,7.5,3.301,4.199,0.02225,0.03827453809167247,0.0,1.0
KXNBAREB-26APR01NYKMEM-NYKOANUNOBY8-10,2026-04-01,reb,9.5,3.89325,5.60675,0.012,0.020044886217155167,1.0,1.0
KXNBAREB-26APR01NYKMEM-NYKOANUNOBY8-2,2026-04-01,reb,1.5,3.89325,-2.39325,0.878,0.8588871286873081,1.0,1.0
KXNBAREB-26APR01NYKMEM-NYKOANUNOBY8-4,2026-04-01,reb,3.5,3.89325,-0.3932500000000001,0.53825,0.51671829318725,1.0,1.0
KXNBAREB-26APR01NYKMEM-NYKOANUNOBY8-6,2026-04-01,reb,5.5,3.89325,1.60675,0.211,0.22220417086539912,1.0,1.0
KXNBAREB-26APR01NYKMEM-NYKOANUNOBY8-8,2026-04-01,reb,7.5,3.89325,3.60675,0.056,0.07366586563730204,1.0,1.0
KXNBAAST-26APR01NYKMEM-NYKJHART3-2,2026-04-01,ast,1.5,2.65975,-1.1597499999999998,0.7265,0.7091247767845861,1.0,1.0
KXNBAAST-26APR01NYKMEM-NYKJHART3-4,2026-04-01,ast,3.5,2.65975,0.8402500000000002,0.28275,0.2838677466605942,1.0,1.0
KXNBAAST-26APR01NYKMEM-NYKJHART3-5,2026-04-01,ast,4.5,2.65975,1.8402500000000002,0.13525,0.15124841597555583,1.0,1.0
KXNBAAST-26APR01NYKMEM-NYKJHART3-6,2026-04-01,ast,5.5,2.65975,2.84025,0.0655,0.0736521050097898,1.0,1.0
KXNBAAST-26APR01NYKMEM-NYKJHART3-8,2026-04-01,ast,7.5,2.65975,4.84025,0.007,0.014079144859030057,0.0,1.0
KXNBA3PT-26APR01NYKMEM-NYKJHART3-1,2026-04-01,fg3m,0.5,1.31325,-0.81325,0.71475,0.702330799373037,1.0,1.0
KXNBA3PT-26APR01NYKMEM-NYKJHART3-2,2026-04-01,fg3m,1.5,1.31325,0.18674999999999997,0.37325,0.368796538388797,0.0,1.0
KXNBA3PT-26APR01NYKMEM-NYKJHART3-3,2026-04-01,fg3m,2.5,1.31325,1.18675,0.15375,0.1574575562047329,0.0,1.0
KXNBA3PT-26APR01NYKMEM-NYKJHART3-4,2026-04-01,fg3m,3.5,1.31325,2.18675,0.051,0.05784266562886475,0.0,1.0
KXNBA3PT-26APR01NYKMEM-NYKJHART3-5,2026-04-01,fg3m,4.5,1.31325,3.18675,0.01575,0.018972003560126405,0.0,1.0
KXNBA3PT-26APR01NYKMEM-NYKKTOWNS32-1,2026-04-01,fg3m,0.5,0.83675,-0.33675,0.563,0.5479615487366287,0.0,1.0
KXNBA3PT-26APR01NYKMEM-NYKKTOWNS32-2,2026-04-01,fg3m,1.5,0.83675,0.66325,0.2015,0.2070834696252385,0.0,1.0
KXNBA3PT-26APR01NYKMEM-NYKKTOWNS32-3,2026-04-01,fg3m,2.5,0.83675,1.6632500000000001,0.057,0.06171996709285332,0.0,1.0
KXNBA3PT-26APR01NYKMEM-NYKKTOWNS32-4,2026-04-01,fg3m,3.5,0.83675,2.66325,0.01275,0.015607625691657856,0.0,1.0
KXNBA3PT-26APR01NYKMEM-NYKKTOWNS32-5,2026-04-01,fg3m,4.5,0.83675,3.66325,0.0025,0.0034979644236184937,0.0,1.0
KXNBA3PT-26APR01NYKMEM-NYKMBRIDGES25-1,2026-04-01,fg3m,0.5,1.249,-0.7490000000000001,0.71275,0.6854950749601321,1.0,1.0
KXNBA3PT-26APR01NYKMEM-NYKMBRIDGES25-2,2026-04-01,fg3m,1.5,1.249,0.2509999999999999,0.35475,0.34791322783079237,1.0,1.0
KXNBA3PT-26APR01NYKMEM-NYKMBRIDGES25-3,2026-04-01,fg3m,2.5,1.249,1.251,0.12925,0.1430031450158844,1.0,1.0
KXNBA3PT-26APR01NYKMEM-NYKMBRIDGES25-4,2026-04-01,fg3m,3.5,1.249,2.251,0.03925,0.05047942974596509,0.0,1.0
KXNBA3PT-26APR01NYKMEM-NYKMBRIDGES25-5,2026-04-01,fg3m,4.5,1.249,3.251,0.01025,0.01589378924027196,0.0,1.0
KXNBA3PT-26APR01NYKMEM-NYKOANUNOBY8-1,2026-04-01,fg3m,0.5,1.8635,-1.3635,0.839,0.8112597532432945,1.0,1.0
KXNBA3PT-26APR01NYKMEM-NYKOANUNOBY8-2,2026-04-01,fg3m,1.5,1.8635,-0.36349999999999993,0.5485,0.5285556138617797,1.0,1.0
KXNBA3PT-26APR01NYKMEM-NYKOANUNOBY8-3,2026-04-01,fg3m,2.5,1.8635,0.6365000000000001,0.29375,0.2890959184280014,1.0,1.0
KXNBA3PT-26APR01NYKMEM-NYKOANUNOBY8-4,2026-04-01,fg3m,3.5,1.8635,1.6365,0.12375,0.13821366035790417,1.0,1.0
KXNBA3PT-26APR01NYKMEM-NYKOANUNOBY8-5,2026-04-01,fg3m,4.5,1.8635,2.6365,0.0415,0.059509634281673884,0.0,1.0
KXNBAPTS-26APR01BOSMIA-BOSDWHITE9-10,2026-04-01,pts,9.5,10.58775,-1.0877499999999998,0.543,0.5277604621325666,0.0,1.0
KXNBAPTS-26APR01BOSMIA-BOSDWHITE9-15,2026-04-01,pts,14.5,10.58775,3.9122500000000002,0.22275,0.21092715625948544,0.0,1.0
KXNBAPTS-26APR01BOSMIA-BOSDWHITE9-20,2026-04-01,pts,19.5,10.58775,8.91225,0.064,0.06414686901250577,0.0,1.0
KXNBAPTS-26APR01BOSMIA-BOSDWHITE9-25,2026-04-01,pts,24.5,10.58775,13.91225,0.01325,0.016137752732177657,0.0,1.0
KXNBAPTS-26APR01BOSMIA-BOSJBROWN7-25,2026-04-01,pts,24.5,16.44325,8.056750000000001,0.12075,0.14601682720362374,1.0,1.0
KXNBAPTS-26APR01BOSMIA-BOSJBROWN7-30,2026-04-01,pts,29.5,16.44325,13.056750000000001,0.0395,0.06224857396803685,1.0,1.0
KXNBAPTS-26APR01BOSMIA-BOSJBROWN7-35,2026-04-01,pts,34.5,16.44325,18.05675,0.01075,0.024248506674460657,1.0,1.0
KXNBAPTS-26APR01BOSMIA-BOSJBROWN7-40,2026-04-01,pts,39.5,16.44325,23.05675,0.0035,0.008792211821679552,1.0,1.0
KXNBAPTS-26APR01BOSMIA-BOSJTATUM0-20,2026-04-01,pts,19.5,13.579,5.920999999999999,0.16825,0.1731528849476628,1.0,1.0
KXNBAPTS-26APR01BOSMIA-BOSJTATUM0-25,2026-04-01,pts,24.5,13.579,10.921,0.05025,0.06454668672056219,1.0,1.0
KXNBAPTS-26APR01BOSMIA-BOSJTATUM0-30,2026-04-01,pts,29.5,13.579,15.921,0.01175,0.021211412754268744,0.0,1.0
KXNBAPTS-26APR01BOSMIA-BOSJTATUM0-35,2026-04-01,pts,34.5,13.579,20.921,0.0035,0.00633043988575166,0.0,1.0
KXNBAPTS-26APR01BOSMIA-BOSNQUETA88-10,2026-04-01,pts,9.5,7.998990578734858,1.5010094212651417,0.34253028263795426,0.31787426683106257,1.0,0.743
KXNBAPTS-26APR01BOSMIA-BOSNQUETA88-15,2026-04-01,pts,14.5,7.998990578734858,6.501009421265142,0.10127860026917901,0.07840719401118668,1.0,0.743
KXNBAPTS-26APR01BOSMIA-BOSNQUETA88-20,2026-04-01,pts,19.5,7.998990578734858,11.501009421265142,0.017833109017496636,0.014150821179690576,0.0,0.743
KXNBAPTS-26APR01BOSMIA-BOSNQUETA88-25,2026-04-01,pts,24.5,7.998990578734858,16.50100942126514,0.0037012113055181696,0.002076442903996334,0.0,0.743
KXNBAPTS-26APR01BOSMIA-BOSPPRITCHARD11-10,2026-04-01,pts,9.5,12.4955,-2.9955,0.6545,0.6498923920176265,1.0,1.0
KXNBAPTS-26APR01BOSMIA-BOSPPRITCHARD11-15,2026-04-01,pts,14.5,12.4955,2.0045,0.34275,0.3267331694737192,0.0,1.0
KXNBAPTS-26APR01BOSMIA-BOSPPRITCHARD11-20,2026-04-01,pts,19.5,12.4955,7.0045,0.1345,0.12855702938635705,0.0,1.0
KXNBAPTS-26APR01BOSMIA-BOSPPRITCHARD11-25,2026-04-01,pts,24.5,12.4955,12.0045,0.0365,0.04239029081794632,0.0,1.0
KXNBAPTS-26APR01BOSMIA-BOSSHAUSER30-10,2026-04-01,pts,9.5,7.125,2.375,0.27675,0.241831065013429,1.0,1.0
KXNBAPTS-26APR01BOSMIA-BOSSHAUSER30-15,2026-04-01,pts,14.5,7.125,7.375,0.0765,0.04721597430279301,1.0,1.0
KXNBAPTS-26APR01BOSMIA-BOSSHAUSER30-20,2026-04-01,pts,19.5,7.125,12.375,0.01075,0.006656441651711642,1.0,1.0
KXNBAPTS-26APR01BOSMIA-MIAAWIGGINS22-10,2026-04-01,pts,9.5,9.79025,-0.29025000000000034,0.482,0.4677105010603486,1.0,1.0
KXNBAPTS-26APR01BOSMIA-MIAAWIGGINS22-15,2026-04-01,pts,14.5,9.79025,4.70975,0.1885,0.1653235247310596,0.0,1.0
KXNBAPTS-26APR01BOSMIA-MIAAWIGGINS22-20,2026-04-01,pts,19.5,9.79025,9.70975,0.055,0.04393653654106666,0.0,1.0
KXNBAPTS-26APR01BOSMIA-MIAAWIGGINS22-25,2026-04-01,pts,24.5,9.79025,14.70975,0.01325,0.009607299591476881,0.0,1.0
KXNBAPTS-26APR01BOSMIA-MIABADEBAYO13-10,2026-04-01,pts,9.5,14.59675,-5.09675,0.766,0.7505331544523143,1.0,1.0
KXNBAPTS-26APR01BOSMIA-MIABADEBAYO13-15,2026-04-01,pts,14.5,14.59675,-0.09675000000000011,0.473,0.45110132317959795,1.0,1.0
KXNBAPTS-26APR01BOSMIA-MIABADEBAYO13-20,2026-04-01,pts,19.5,14.59675,4.90325,0.21725,0.2185268331157676,1.0,1.0
KXNBAPTS-26APR01BOSMIA-MIABADEBAYO13-25,2026-04-01,pts,24.5,14.59675,9.90325,0.0815,0.08999309025402846,1.0,1.0
KXNBAPTS-26APR01BOSMIA-MIABADEBAYO13-30,2026-04-01,pts,29.5,14.59675,14.90325,0.022,0.03279232228726792,0.0,1.0
KXNBAPTS-26APR01BOSMIA-MIADMITCHELL45-10,2026-04-01,pts,9.5,7.98125,1.5187499999999998,0.34125,0.31632810878486806,1.0,1.0
KXNBAPTS-26APR01BOSMIA-MIADMITCHELL45-15,2026-04-01,pts,14.5,7.98125,6.51875,0.0985,0.07769130821985626,1.0,1.0
KXNBAPTS-26APR01BOSMIA-MIADMITCHELL45-20,2026-04-01,pts,19.5,7.98125,11.51875,0.0185,0.013957745648497943,1.0,1.0
KXNBAPTS-26APR01BOSMIA-MIADMITCHELL45-25,2026-04-01,pts,24.5,7.98125,16.51875,0.00225,0.0020385449307996906,0.0,1.0
KXNBAPTS-26APR01BOSMIA-MIAKWARE7-10,2026-04-01,pts,9.5,6.733,2.7670000000000003,0.2455,0.2084784025400983,0.0,1.0
KXNBAPTS-26APR01BOSMIA-MIAKWARE7-15,2026-04-01,pts,14.5,6.733,7.767,0.064,0.03604274585774592,0.0,1.0
KXNBAPTS-26APR01BOSMIA-MIAKWARE7-20,2026-04-01,pts,19.5,6.733,12.767,0.01375,0.00447288208874097,0.0,1.0
KXNBAPTS-26APR01BOSMIA-MIATHERRO14-20,2026-04-01,pts,19.5,13.58025,5.9197500000000005,0.181,0.17320684420642463,0.0,1.0
KXNBAPTS-26APR01BOSMIA-MIATHERRO14-25,2026-04-01,pts,24.5,13.58025,10.91975,0.0565,0.06457525923751017,0.0,1.0
KXNBAPTS-26APR01BOSMIA-MIATHERRO14-30,2026-04-01,pts,29.5,13.58025,15.91975,0.01325,0.02122367829487759,0.0,1.0
KXNBAPTS-26APR01BOSMIA-MIATHERRO14-35,2026-04-01,pts,34.5,13.58025,20.91975,0.00275,0.006334975601103521,0.0,1.0
KXNBAREB-26APR01BOSMIA-BOSJBROWN7-10,2026-04-01,reb,9.5,5.111,4.389,0.04375,0.07034112304015938,0.0,1.0
KXNBAREB-26APR01BOSMIA-BOSJBROWN7-12,2026-04-01,reb,11.5,5.111,6.389,0.009,0.023477177661930693,0.0,1.0
KXNBAREB-26APR01BOSMIA-BOSJBROWN7-4,2026-04-01,reb,3.5,5.111,-1.6109999999999998,0.7315,0.6919024349219933,0.0,1.0
KXNBAREB-26APR01BOSMIA-BOSJBROWN7-6,2026-04-01,reb,5.5,5.111,0.38900000000000023,0.39775,0.39755849600476445,0.0,1.0
KXNBAREB-26APR01BOSMIA-BOSJBROWN7-8,2026-04-01,reb,7.5,5.111,2.3890000000000002,0.1585,0.1828379950822362,0.0,1.0
KXNBAREB-26APR01BOSMIA-BOSJTATUM0-10,2026-04-01,reb,9.5,5.35425,4.14575,0.06375,0.08490233658977908,1.0,1.0
KXNBAREB-26APR01BOSMIA-BOSJTATUM0-12,2026-04-01,reb,11.5,5.35425,6.14575,0.014,0.029996686099847847,1.0,1.0
KXNBAREB-26APR01BOSMIA-BOSJTATUM0-6,2026-04-01,reb,5.5,5.35425,0.1457499999999996,0.4535,0.43177756077773755,1.0,1.0
KXNBAREB-26APR01BOSMIA-BOSJTATUM0-8,2026-04-01,reb,7.5,5.35425,2.1457499999999996,0.186,0.20893273199517093,1.0,1.0
KXNBAREB-26APR01BOSMIA-BOSJTATUM0-9,2026-04-01,reb,8.5,5.35425,3.1457499999999996,0.109,0.13580524071734457,1.0,1.0
KXNBAREB-26APR01BOSMIA-BOSNQUETA88-10,2026-04-01,reb,9.5,4.486877523553163,5.013122476446837,0.03028263795423957,0.03984668457902363,1.0,0.743
KXNBAREB-26APR01BOSMIA-BOSNQUETA88-12,2026-04-01,reb,11.5,4.486877523553163,7.013122476446837,0.006056527590847914,0.011266567258115812,0.0,0.743
KXNBAREB-26APR01BOSMIA-BOSNQUETA88-14,2026-04-01,reb,13.5,4.486877523553163,9.013122476446837,0.0023553162853297443,0.0028320900197714716,0.0,0.743
KXNBAREB-26APR01BOSMIA-BOSNQUETA88-6,2026-04-01,reb,5.5,4.486877523553163,1.0131224764468367,0.2950874831763122,0.3073487904858616,1.0,0.743
KXNBAREB-26APR01BOSMIA-BOSNQUETA88-8,2026-04-01,reb,7.5,4.486877523553163,3.0131224764468367,0.1059892328398385,0.12159437811921603,1.0,0.743
KXNBAREB-26APR01BOSMIA-BOSPPRITCHARD11-10,2026-04-01,reb,9.5,3.76025,5.73975,0.01025,0.016763469935715536,0.0,1.0
KXNBAREB-26APR01BOSMIA-BOSPPRITCHARD11-2,2026-04-01,reb,1.5,3.76025,-2.26025,0.8715,0.8474198526526817,1.0,1.0
KXNBAREB-26APR01BOSMIA-BOSPPRITCHARD11-4,2026-04-01,reb,3.5,3.76025,-0.2602500000000001,0.5085,0.4938162940452707,0.0,1.0
KXNBAREB-26APR01BOSMIA-BOSPPRITCHARD11-6,2026-04-01,reb,5.5,3.76025,1.73975,0.194,0.20381084246081982,0.0,1.0
KXNBAREB-26APR01BOSMIA-BOSPPRITCHARD11-8,2026-04-01,reb,7.5,3.76025,3.73975,0.04625,0.06458341577841586,0.0,1.0
KXNBAREB-26APR01BOSMIA-MIAAWIGGINS22-2,2026-04-01,reb,1.5,4.04125,-2.54125,0.88575,0.8706023146577664,1.0,1.0
KXNBAREB-26APR01BOSMIA-MIAAWIGGINS22-4,2026-04-01,reb,3.5,4.04125,-0.5412499999999998,0.55675,0.5413673091884503,1.0,1.0
KXNBAREB-26APR01BOSMIA-MIAAWIGGINS22-5,2026-04-01,reb,4.5,4.04125,0.4587500000000002,0.3815,0.3761835609297297,0.0,1.0
KXNBAREB-26APR01BOSMIA-MIAAWIGGINS22-6,2026-04-01,reb,5.5,4.04125,1.4587500000000002,0.24,0.24306039868652107,0.0,1.0
KXNBAREB-26APR01BOSMIA-MIAAWIGGINS22-8,2026-04-01,reb,7.5,4.04125,3.45875,0.06875,0.08451611350385557,0.0,1.0
KXNBAREB-26APR01BOSMIA-MIABADEBAYO13-10,2026-04-01,reb,9.5,6.7855,2.7145,0.16825,0.19597267996780476,1.0,1.0
KXNBAREB-26APR01BOSMIA-MIABADEBAYO13-11,2026-04-01,reb,10.5,6.7855,3.7145,0.10925,0.13522765889301758,0.0,1.0
KXNBAREB-26APR01BOSMIA-MIABADEBAYO13-12,2026-04-01,reb,11.5,6.7855,4.7145,0.06475,0.0906665195089571,0.0,1.0
KXNBAREB-26APR01BOSMIA-MIABADEBAYO13-14,2026-04-01,reb,13.5,6.7855,6.7145,0.02,0.037765755196990436,0.0,1.0
KXNBAREB-26APR01BOSMIA-MIABADEBAYO13-16,2026-04-01,reb,15.5,6.7855,8.714500000000001,0.00575,0.01441282602463112,0.0,1.0
KXNBAREB-26APR01BOSMIA-MIAKWARE7-10,2026-04-01,reb,9.5,4.0615,5.4385,0.024,0.024780599208290455,0.0,1.0
KXNBAREB-26APR01BOSMIA-MIAKWARE7-2,2026-04-01,reb,1.5,4.0615,-2.5614999999999997,0.86575,0.8721246556015325,1.0,1.0
KXNBAREB-26APR01BOSMIA-MIAKWARE7-4,2026-04-01,reb,3.5,4.0615,-0.5614999999999997,0.54375,0.5446695862188992,0.0,1.0
KXNBAREB-26APR01BOSMIA-MIAKWARE7-6,2026-04-01,reb,5.5,4.0615,1.4385000000000003,0.2455,0.24594043679915367,0.0,1.0
KXNBAREB-26APR01BOSMIA-MIAKWARE7-8,2026-04-01,reb,7.5,4.0615,3.4385000000000003,0.0935,0.0860601163240452,0.0,1.0
KXNBAREB-26APR01BOSMIA-MIATHERRO14-2,2026-04-01,reb,1.5,4.096,-2.596,0.8915,0.8746754041061794,1.0,1.0
KXNBAREB-26APR01BOSMIA-MIATHERRO14-4,2026-04-01,reb,3.5,4.096,-0.5960000000000001,0.57725,0.5502561698655932,0.0,1.0
KXNBAREB-26APR01BOSMIA-MIATHERRO14-5,2026-04-01,reb,4.5,4.096,0.4039999999999999,0.39075,0.3851813196016569,0.0,1.0
KXNBAREB-26APR01BOSMIA-MIATHERRO14-6,2026-04-01,reb,5.5,4.096,1.404,0.24375,0.2508598302623546,0.0,1.0
KXNBAREB-26APR01BOSMIA-MIATHERRO14-8,2026-04-01,reb,7.5,4.096,3.404,0.07075,0.08872295815122788,0.0,1.0
KXNBAAST-26APR01BOSMIA-BOSDWHITE9-2,2026-04-01,ast,1.5,2.911,-1.411,0.78325,0.7496903521997045,1.0,1.0
KXNBAAST-26APR01BOSMIA-BOSDWHITE9-4,2026-04-01,ast,3.5,2.911,0.589,0.322,0.3339841808885441,1.0,1.0
KXNBAAST-26APR01BOSMIA-BOSDWHITE9-5,2026-04-01,ast,4.5,2.911,1.589,0.17,0.18927281888174186,0.0,1.0
KXNBAAST-26APR01BOSMIA-BOSDWHITE9-6,2026-04-01,ast,5.5,2.911,2.589,0.07825,0.09830703782197159,0.0,1.0
KXNBAAST-26APR01BOSMIA-BOSDWHITE9-8,2026-04-01,ast,7.5,2.911,4.589,0.0115,0.021483248230870777,0.0,1.0
KXNBAAST-26APR01BOSMIA-BOSJBROWN7-10,2026-04-01,ast,9.5,3.61325,5.88675,0.0055,0.013038066353971534,0.0,1.0
KXNBAAST-26APR01BOSMIA-BOSJBROWN7-2,2026-04-01,ast,1.5,3.61325,-2.11325,0.86675,0.8356177423016127,1.0,1.0
KXNBAAST-26APR01BOSMIA-BOSJBROWN7-4,2026-04-01,ast,3.5,3.61325,-0.11324999999999985,0.478,0.4686085246286603,1.0,1.0
KXNBAAST-26APR01BOSMIA-BOSJBROWN7-6,2026-04-01,ast,5.5,3.61325,1.8867500000000001,0.166,0.18292029751492456,1.0,1.0
KXNBAAST-26APR01BOSMIA-BOSJBROWN7-8,2026-04-01,ast,7.5,3.61325,3.88675,0.03975,0.05418550478284623,0.0,1.0
KXNBAAST-26APR01BOSMIA-BOSJTATUM0-2,2026-04-01,ast,1.5,2.9775,-1.4775,0.78975,0.7594638716932817,1.0,1.0
KXNBAAST-26APR01BOSMIA-BOSJTATUM0-4,2026-04-01,ast,3.5,2.9775,0.5225,0.3445,0.3471833355535432,1.0,1.0
KXNBAAST-26APR01BOSMIA-BOSJTATUM0-5,2026-04-01,ast,4.5,2.9775,1.5225,0.1905,0.19973694299458056,1.0,1.0
KXNBAAST-26APR01BOSMIA-BOSJTATUM0-6,2026-04-01,ast,5.5,2.9775,2.5225,0.08525,0.1053937456001891,1.0,1.0
KXNBAAST-26APR01BOSMIA-BOSJTATUM0-8,2026-04-01,ast,7.5,2.9775,4.5225,0.01525,0.023802201177312465,1.0,1.0
KXNBAAST-26APR01BOSMIA-BOSPPRITCHARD11-2,2026-04-01,ast,1.5,2.782,-1.282,0.74425,0.7296047023424759,1.0,1.0
KXNBAAST-26APR01BOSMIA-BOSPPRITCHARD11-4,2026-04-01,ast,3.5,2.782,0.718,0.307,0.3082715777117695,1.0,1.0
KXNBAAST-26APR01BOSMIA-BOSPPRITCHARD11-5,2026-04-01,ast,4.5,2.782,1.718,0.16,0.16942384897842278,0.0,1.0
KXNBAAST-26APR01BOSMIA-BOSPPRITCHARD11-6,2026-04-01,ast,5.5,2.782,2.718,0.07775,0.08521672984475503,0.0,1.0
KXNBAAST-26APR01BOSMIA-BOSPPRITCHARD11-8,2026-04-01,ast,7.5,2.782,4.718,0.01225,0.017420284349127457,0.0,1.0
KXNBAAST-26APR01BOSMIA-MIABADEBAYO13-10,2026-04-01,ast,9.5,2.57525,6.9247499999999995,0.001,0.0017542621104421618,0.0,1.0
KXNBAAST-26APR01BOSMIA-MIABADEBAYO13-2,2026-04-01,ast,1.5,2.57525,-1.07525,0.7225,0.6941026704969039,1.0,1.0
KXNBAAST-26APR01BOSMIA-MIABADEBAYO13-4,2026-04-01,ast,3.5,2.57525,0.92475,0.2565,0.26704143281708936,0.0,1.0
KXNBAAST-26APR01BOSMIA-MIABADEBAYO13-6,2026-04-01,ast,5.5,2.57525,2.92475,0.0545,0.06615829840621268,0.0,1.0
KXNBAAST-26APR01BOSMIA-MIABADEBAYO13-8,2026-04-01,ast,7.5,2.57525,4.9247499999999995,0.00575,0.012044835384710018,0.0,1.0
KXNBAAST-26APR01BOSMIA-MIADMITCHELL45-10,2026-04-01,ast,9.5,2.7905,6.7095,0.0015,0.0029117615375152672,0.0,1.0
KXNBAAST-26APR01BOSMIA-MIADMITCHELL45-2,2026-04-01,ast,1.5,2.7905,-1.2905000000000002,0.758,0.7309753607361851,1.0,1.0
KXNBAAST-26APR01BOSMIA-MIADMITCHELL45-4,2026-04-01,ast,3.5,2.7905,0.7094999999999998,0.3045,0.30996840446259444,1.0,1.0
KXNBAAST-26APR01BOSMIA-MIADMITCHELL45-6,2026-04-01,ast,5.5,2.7905,2.7095,0.0755,0.08605176427304428,1.0,1.0
KXNBAAST-26APR01BOSMIA-MIADMITCHELL45-8,2026-04-01,ast,7.5,2.7905,4.7095,0.013,0.017670708152235926,0.0,1.0
KXNBAAST-26APR01BOSMIA-MIATHERRO14-10,2026-04-01,ast,9.5,2.6155,6.8845,0.00075,0.0019374557352626054,0.0,1.0
KXNBAAST-26APR01BOSMIA-MIATHERRO14-2,2026-04-01,ast,1.5,2.6155,-1.1155,0.71825,0.7013487098846245,1.0,1.0
KXNBAAST-26APR01BOSMIA-MIATHERRO14-4,2026-04-01,ast,3.5,2.6155,0.8845000000000001,0.27975,0.27504870656074554,1.0,1.0
KXNBAAST-26APR01BOSMIA-MIATHERRO14-6,2026-04-01,ast,5.5,2.6155,2.8845,0.05925,0.06967591914303461,1.0,1.0
KXNBAAST-26APR01BOSMIA-MIATHERRO14-8,2026-04-01,ast,7.5,2.6155,4.8845,0.0065,0.012986593644280897,0.0,1.0
KXNBA3PT-26APR01BOSMIA-BOSDWHITE9-1,2026-04-01,fg3m,0.5,1.42375,-0.9237500000000001,0.748,0.7289563520513758,0.0,1.0
KXNBA3PT-26APR01BOSMIA-BOSDWHITE9-2,2026-04-01,fg3m,1.5,1.42375,0.07624999999999993,0.415,0.40371848029343527,0.0,1.0
KXNBA3PT-26APR01BOSMIA-BOSDWHITE9-3,2026-04-01,fg3m,2.5,1.42375,1.07625,0.17525,0.18302190370207083,0.0,1.0
KXNBA3PT-26APR01BOSMIA-BOSDWHITE9-4,2026-04-01,fg3m,3.5,1.42375,2.07625,0.0625,0.0716192404562156,0.0,1.0
KXNBA3PT-26APR01BOSMIA-BOSDWHITE9-5,2026-04-01,fg3m,4.5,1.42375,3.07625,0.0175,0.025066143778407546,0.0,1.0
KXNBA3PT-26APR01BOSMIA-BOSJBROWN7-1,2026-04-01,fg3m,0.5,1.077,-0.577,0.654,0.6348660361651051,1.0,1.0
KXNBA3PT-26APR01BOSMIA-BOSJBROWN7-2,2026-04-01,fg3m,1.5,1.077,0.42300000000000004,0.28875,0.29023913300155835,1.0,1.0
KXNBA3PT-26APR01BOSMIA-BOSJBROWN7-3,2026-04-01,fg3m,2.5,1.077,1.423,0.09925,0.1062980528763029,1.0,1.0
KXNBA3PT-26APR01BOSMIA-BOSJBROWN7-4,2026-04-01,fg3m,3.5,1.077,2.423,0.02825,0.033265954640683715,1.0,1.0
KXNBA3PT-26APR01BOSMIA-BOSJBROWN7-5,2026-04-01,fg3m,4.5,1.077,3.423,0.0055,0.009260946974513518,0.0,1.0
KXNBA3PT-26APR01BOSMIA-BOSJTATUM0-1,2026-04-01,fg3m,0.5,1.7585,-1.2585,0.82925,0.7945425749987705,1.0,1.0
KXNBA3PT-26APR01BOSMIA-BOSJTATUM0-2,2026-04-01,fg3m,1.5,1.7585,-0.25849999999999995,0.52075,0.5008920547544182,1.0,1.0
KXNBA3PT-26APR01BOSMIA-BOSJTATUM0-3,2026-04-01,fg3m,2.5,1.7585,0.7415,0.2595,0.26355130079430666,1.0,1.0
KXNBA3PT-26APR01BOSMIA-BOSJTATUM0-4,2026-04-01,fg3m,3.5,1.7585,1.7415,0.10825,0.1208528193052627,1.0,1.0
KXNBA3PT-26APR01BOSMIA-BOSJTATUM0-5,2026-04-01,fg3m,4.5,1.7585,2.7415000000000003,0.03275,0.049826483466303695,0.0,1.0
KXNBA3PT-26APR01BOSMIA-BOSPPRITCHARD11-1,2026-04-01,fg3m,0.5,1.918,-1.418,0.8495,0.8193266306958624,1.0,1.0
KXNBA3PT-26APR01BOSMIA-BOSPPRITCHARD11-2,2026-04-01,fg3m,1.5,1.918,-0.4179999999999999,0.558,0.5423801317920905,1.0,1.0
KXNBA3PT-26APR01BOSMIA-BOSPPRITCHARD11-3,2026-04-01,fg3m,2.5,1.918,0.5820000000000001,0.29975,0.3023143706465081,1.0,1.0
KXNBA3PT-26APR01BOSMIA-BOSPPRITCHARD11-4,2026-04-01,fg3m,3.5,1.918,1.582,0.13525,0.14751469013695695,1.0,1.0
KXNBA3PT-26APR01BOSMIA-BOSPPRITCHARD11-5,2026-04-01,fg3m,4.5,1.918,2.582,0.05275,0.0648799014695266,0.0,1.0
KXNBA3PT-26APR01BOSMIA-MIATHERRO14-1,2026-04-01,fg3m,0.5,1.764,-1.264,0.821,0.7954586982589995,1.0,1.0
KXNBA3PT-26APR01BOSMIA-MIATHERRO14-2,2026-04-01,fg3m,1.5,1.764,-0.264,0.52375,0.502374833737062,1.0,1.0
KXNBA3PT-26APR01BOSMIA-MIATHERRO14-3,2026-04-01,fg3m,2.5,1.764,0.736,0.258,0.26489025560677826,1.0,1.0
KXNBA3PT-26APR01BOSMIA-MIATHERRO14-4,2026-04-01,fg3m,3.5,1.764,1.736,0.11025,0.1217425450451548,1.0,1.0
KXNBA3PT-26APR01BOSMIA-MIATHERRO14-5,2026-04-01,fg3m,4.5,1.764,2.7359999999999998,0.0365,0.050311595152017885,0.0,1.0
KXNBAPTS-26APR01ATLORL-ATLCMCCOLLUM3-15,2026-04-01,pts,14.5,11.7015,2.7985000000000007,0.2825,0.2780798512257777,0.0,1.0
KXNBAPTS-26APR01ATLORL-ATLCMCCOLLUM3-20,2026-04-01,pts,19.5,11.7015,7.798500000000001,0.10175,0.09923973585536838,0.0,1.0
KXNBAPTS-26APR01ATLORL-ATLCMCCOLLUM3-25,2026-04-01,pts,24.5,11.7015,12.7985,0.03225,0.02952002684475541,0.0,1.0
KXNBAPTS-26APR01ATLORL-ATLCMCCOLLUM3-30,2026-04-01,pts,29.5,11.7015,17.7985,0.008,0.007688964620428229,0.0,1.0
KXNBAPTS-26APR01ATLORL-ATLDDANIELS5-10,2026-04-01,pts,9.5,9.7295,-0.22949999999999982,0.47025,0.4629353135788363,1.0,1.0
KXNBAPTS-26APR01ATLORL-ATLDDANIELS5-15,2026-04-01,pts,14.5,9.7295,4.7705,0.17125,0.16198153268196147,1.0,1.0
KXNBAPTS-26APR01ATLORL-ATLDDANIELS5-20,2026-04-01,pts,19.5,9.7295,9.7705,0.0415,0.04257409309665128,0.0,1.0
KXNBAPTS-26APR01ATLORL-ATLJJOHNSON1-20,2026-04-01,pts,19.5,13.21525,6.284750000000001,0.1535,0.15767556832295504,0.0,1.0
KXNBAPTS-26APR01ATLORL-ATLJJOHNSON1-25,2026-04-01,pts,24.5,13.21525,11.28475,0.0495,0.056523287295972446,0.0,1.0
KXNBAPTS-26APR01ATLORL-ATLJJOHNSON1-30,2026-04-01,pts,29.5,13.21525,16.284750000000003,0.00925,0.017838976730880418,0.0,1.0
KXNBAPTS-26APR01ATLORL-ATLJJOHNSON1-35,2026-04-01,pts,34.5,13.21525,21.284750000000003,0.00225,0.005109155579043789,0.0,1.0
KXNBAPTS-26APR01ATLORL-ATLJKUMINGA0-10,2026-04-01,pts,9.5,7.12825,2.3717499999999996,0.26575,0.24211083323502358,1.0,1.0
KXNBAPTS-26APR01ATLORL-ATLJKUMINGA0-15,2026-04-01,pts,14.5,7.12825,7.37175,0.0685,0.04731603415560359,0.0,1.0
KXNBAPTS-26APR01ATLORL-ATLJKUMINGA0-20,2026-04-01,pts,19.5,7.12825,12.371749999999999,0.0115,0.006677287240312024,0.0,1.0
KXNBAPTS-26APR01ATLORL-ATLJKUMINGA0-25,2026-04-01,pts,24.5,7.12825,17.37175,0.00175,0.0007618152068302741,0.0,1.0
KXNBAPTS-26APR01ATLORL-ATLNALEXANDERWALKER7-15,2026-04-01,pts,14.5,13.3835,1.1165000000000003,0.38925,0.3805140670995927,1.0,1.0
KXNBAPTS-26APR01ATLORL-ATLNALEXANDERWALKER7-20,2026-04-01,pts,19.5,13.3835,6.1165,0.167,0.16477736761812756,1.0,1.0
KXNBAPTS-26APR01ATLORL-ATLNALEXANDERWALKER7-25,2026-04-01,pts,24.5,13.3835,11.1165,0.05225,0.060161996971135556,1.0,1.0
KXNBAPTS-26APR01ATLORL-ATLNALEXANDERWALKER7-30,2026-04-01,pts,29.5,13.3835,16.116500000000002,0.01275,0.01935043709055506,1.0,1.0
KXNBAPTS-26APR01ATLORL-ATLOOKONGWU17-10,2026-04-01,pts,9.5,9.0865,0.41350000000000087,0.42125,0.41084357783406233,1.0,1.0
KXNBAPTS-26APR01ATLORL-ATLOOKONGWU17-15,2026-04-01,pts,14.5,9.0865,5.413500000000001,0.1515,0.12807866609104657,1.0,1.0
KXNBAPTS-26APR01ATLORL-ATLOOKONGWU17-20,2026-04-01,pts,19.5,9.0865,10.4135,0.039,0.029701545994832657,0.0,1.0
KXNBAPTS-26APR01ATLORL-ATLOOKONGWU17-25,2026-04-01,pts,24.5,9.0865,15.4135,0.00825,0.00564049694373181,0.0,1.0
KXNBAPTS-26APR01ATLORL-ORLDBANE3-15,2026-04-01,pts,14.5,13.35625,1.1437500000000007,0.40225,0.3788842080133048,0.0,1.0
KXNBAPTS-26APR01ATLORL-ORLDBANE3-20,2026-04-01,pts,19.5,13.35625,6.143750000000001,0.15825,0.16362028926608596,0.0,1.0
KXNBAPTS-26APR01ATLORL-ORLDBANE3-25,2026-04-01,pts,24.5,13.35625,11.14375,0.0485,0.05956416346185167,0.0,1.0
KXNBAPTS-26APR01ATLORL-ORLDBANE3-30,2026-04-01,pts,29.5,13.35625,16.14375,0.01025,0.01910002586767645,0.0,1.0
KXNBAPTS-26APR01ATLORL-ORLJSUGGS4-10,2026-04-01,pts,9.5,10.4535,-0.9535,0.52525,0.5180079330482203,0.0,1.0
KXNBAPTS-26APR01ATLORL-ORLJSUGGS4-15,2026-04-01,pts,14.5,10.4535,4.0465,0.217,0.20305555784795415,0.0,1.0
KXNBAPTS-26APR01ATLORL-ORLJSUGGS4-20,2026-04-01,pts,19.5,10.4535,9.0465,0.07,0.060445846801120307,0.0,1.0
KXNBAPTS-26APR01ATLORL-ORLJSUGGS4-25,2026-04-01,pts,24.5,10.4535,14.0465,0.0175,0.014871252857666883,0.0,1.0
KXNBAPTS-26APR01ATLORL-ORLPBANCHERO5-20,2026-04-01,pts,19.5,15.49975,4.000249999999999,0.25625,0.2605011215744957,0.0,1.0
KXNBAPTS-26APR01ATLORL-ORLPBANCHERO5-25,2026-04-01,pts,24.5,15.49975,9.00025,0.09025,0.11596345256699514,0.0,1.0
KXNBAPTS-26APR01ATLORL-ORLPBANCHERO5-30,2026-04-01,pts,29.5,15.49975,14.00025,0.0255,0.04582717152392246,0.0,1.0
KXNBAPTS-26APR01ATLORL-ORLPBANCHERO5-35,2026-04-01,pts,34.5,15.49975,19.00025,0.00525,0.016514670673938747,0.0,1.0
KXNBAPTS-26APR01ATLORL-ORLWCARTER34-10,2026-04-01,pts,9.5,9.99325,-0.49324999999999974,0.495,0.4834681564761387,1.0,1.0
KXNBAPTS-26APR01ATLORL-ORLWCARTER34-15,2026-04-01,pts,14.5,9.99325,4.50675,0.18875,0.17664160942475593,0.0,1.0
KXNBAPTS-26APR01ATLORL-ORLWCARTER34-20,2026-04-01,pts,19.5,9.99325,9.50675,0.04925,0.0486724499537472,0.0,1.0
KXNBAREB-26APR01ATLORL-ATLDDANIELS5-10,2026-04-01,reb,9.5,4.93275,4.56725,0.04325,0.060610067475928786,1.0,1.0
KXNBAREB-26APR01ATLORL-ATLDDANIELS5-12,2026-04-01,reb,11.5,4.93275,6.56725,0.0095,0.019353055521809215,1.0,1.0
KXNBAREB-26APR01ATLORL-ATLDDANIELS5-6,2026-04-01,reb,5.5,4.93275,0.5672499999999996,0.37425,0.3720457159400079,1.0,1.0
KXNBAREB-26APR01ATLORL-ATLDDANIELS5-7,2026-04-01,reb,6.5,4.93275,1.5672499999999996,0.2475,0.2536959772705262,1.0,1.0
KXNBAREB-26APR01ATLORL-ATLDDANIELS5-8,2026-04-01,reb,7.5,4.93275,2.5672499999999996,0.1475,0.164417286968224,1.0,1.0
KXNBAREB-26APR01ATLORL-ATLJJOHNSON1-10,2026-04-01,reb,9.5,5.98475,3.51525,0.09875,0.12903233036264738,1.0,1.0
KXNBAREB-26APR01ATLORL-ATLJJOHNSON1-12,2026-04-01,reb,11.5,5.98475,5.51525,0.034,0.05197242961735049,1.0,1.0
KXNBAREB-26APR01ATLORL-ATLJJOHNSON1-14,2026-04-01,reb,13.5,5.98475,7.51525,0.00675,0.018761048748776377,1.0,1.0
KXNBAREB-26APR01ATLORL-ATLJJOHNSON1-6,2026-04-01,reb,5.5,5.98475,-0.48475,0.54175,0.5159601207488871,1.0,1.0
KXNBAREB-26APR01ATLORL-ATLJJOHNSON1-8,2026-04-01,reb,7.5,5.98475,1.51525,0.26625,0.28013547092230273,1.0,1.0
KXNBAREB-26APR01ATLORL-ATLJKUMINGA0-2,2026-04-01,reb,1.5,3.5885,-2.0885,0.8465,0.8311715497545797,0.0,1.0
KXNBAREB-26APR01ATLORL-ATLJKUMINGA0-4,2026-04-01,reb,3.5,3.5885,-0.0884999999999998,0.47375,0.4632454650503427,0.0,1.0
KXNBAREB-26APR01ATLORL-ATLJKUMINGA0-5,2026-04-01,reb,4.5,3.5885,0.9115000000000002,0.294,0.30076658510566223,0.0,1.0
KXNBAREB-26APR01ATLORL-ATLJKUMINGA0-6,2026-04-01,reb,5.5,3.5885,1.9115000000000002,0.1715,0.18067641518015143,0.0,1.0
KXNBAREB-26APR01ATLORL-ATLJKUMINGA0-8,2026-04-01,reb,7.5,3.5885,3.9115,0.04275,0.05381766018180478,0.0,1.0
KXNBAREB-26APR01ATLORL-ATLNALEXANDERWALKER7-10,2026-04-01,reb,9.5,3.81375,5.686249999999999,0.00975,0.018035683180945283,0.0,1.0
KXNBAREB-26APR01ATLORL-ATLNALEXANDERWALKER7-2,2026-04-01,reb,1.5,3.81375,-2.31375,0.8765,0.8521444721399607,1.0,1.0
KXNBAREB-26APR01ATLORL-ATLNALEXANDERWALKER7-4,2026-04-01,reb,3.5,3.81375,-0.3137500000000002,0.50925,0.5031122411348223,1.0,1.0
KXNBAREB-26APR01ATLORL-ATLNALEXANDERWALKER7-6,2026-04-01,reb,5.5,3.81375,1.6862499999999998,0.20725,0.21116473230921606,0.0,1.0
KXNBAREB-26APR01ATLORL-ATLNALEXANDERWALKER7-8,2026-04-01,reb,7.5,3.81375,3.68625,0.056,0.06815959467280996,0.0,1.0
KXNBAREB-26APR01ATLORL-ATLOOKONGWU17-10,2026-04-01,reb,9.5,4.725,4.775,0.03775,0.050295846786186815,0.0,1.0
KXNBAREB-26APR01ATLORL-ATLOOKONGWU17-12,2026-04-01,reb,11.5,4.725,6.775,0.00825,0.015206044282538023,0.0,1.0
KXNBAREB-26APR01ATLORL-ATLOOKONGWU17-4,2026-04-01,reb,3.5,4.725,-1.2249999999999996,0.67475,0.6431942086643014,1.0,1.0
KXNBAREB-26APR01ATLORL-ATLOOKONGWU17-6,2026-04-01,reb,5.5,4.725,0.7750000000000004,0.338,0.34199158131078344,1.0,1.0
KXNBAREB-26APR01ATLORL-ATLOOKONGWU17-8,2026-04-01,reb,7.5,4.725,2.7750000000000004,0.12725,0.1438348393382961,0.0,1.0
KXNBAREB-26APR01ATLORL-ORLJSUGGS4-2,2026-04-01,reb,1.5,4.29075,-2.79075,0.90975,0.8881106201002206,1.0,1.0
KXNBAREB-26APR01ATLORL-ORLJSUGGS4-4,2026-04-01,reb,3.5,4.29075,-0.7907500000000001,0.60275,0.5808466913942019,1.0,1.0
KXNBAREB-26APR01ATLORL-ORLJSUGGS4-5,2026-04-01,reb,4.5,4.29075,0.20924999999999994,0.426,0.41681421675688624,1.0,1.0
KXNBAREB-26APR01ATLORL-ORLJSUGGS4-6,2026-04-01,reb,5.5,4.29075,1.20925,0.277,0.27887332536305987,0.0,1.0
KXNBAREB-26APR01ATLORL-ORLJSUGGS4-8,2026-04-01,reb,7.5,4.29075,3.20925,0.08575,0.10449790214680676,0.0,1.0
KXNBAREB-26APR01ATLORL-ORLPBANCHERO5-10,2026-04-01,reb,9.5,5.7715,3.7285000000000004,0.083,0.11313777909307732,0.0,1.0
KXNBAREB-26APR01ATLORL-ORLPBANCHERO5-12,2026-04-01,reb,11.5,5.7715,5.7285,0.02025,0.04370072082670695,0.0,1.0
KXNBAREB-26APR01ATLORL-ORLPBANCHERO5-6,2026-04-01,reb,5.5,5.7715,-0.27149999999999963,0.51875,0.488323831220115,1.0,1.0
KXNBAREB-26APR01ATLORL-ORLPBANCHERO5-8,2026-04-01,reb,7.5,5.7715,1.7285000000000004,0.2335,0.25563276462900697,1.0,1.0
KXNBAREB-26APR01ATLORL-ORLPBANCHERO5-9,2026-04-01,reb,8.5,5.7715,2.7285000000000004,0.14,0.1733005702833832,0.0,1.0
KXNBAREB-26APR01ATLORL-ORLWCARTER34-10,2026-04-01,reb,9.5,5.29525,4.20475,0.0585,0.08123730112533656,0.0,1.0
KXNBAREB-26APR01ATLORL-ORLWCARTER34-12,2026-04-01,reb,11.5,5.29525,6.20475,0.01475,0.028318357573130948,0.0,1.0
KXNBAREB-26APR01ATLORL-ORLWCARTER34-4,2026-04-01,reb,3.5,5.29525,-1.7952500000000002,0.75875,0.7130148821522583,1.0,1.0
KXNBAREB-26APR01ATLORL-ORLWCARTER34-6,2026-04-01,reb,5.5,5.29525,0.20474999999999977,0.43225,0.42355136654946557,1.0,1.0
KXNBAREB-26APR01ATLORL-ORLWCARTER34-8,2026-04-01,reb,7.5,5.29525,2.2047499999999998,0.18225,0.2025129077892578,0.0,1.0
KXNBAAST-26APR01ATLORL-ATLCMCCOLLUM3-10,2026-04-01,ast,9.5,2.59275,6.9072499999999994,0.00075,0.0018321805239298605,0.0,1.0
KXNBAAST-26APR01ATLORL-ATLCMCCOLLUM3-2,2026-04-01,ast,1.5,2.59275,-1.09275,0.71225,0.6972735599416398,1.0,1.0
KXNBAAST-26APR01ATLORL-ATLCMCCOLLUM3-4,2026-04-01,ast,3.5,2.59275,0.9072499999999999,0.2645,0.2705208366257261,0.0,1.0
KXNBAAST-26APR01ATLORL-ATLCMCCOLLUM3-6,2026-04-01,ast,5.5,2.59275,2.90725,0.0605,0.06767601485899732,0.0,1.0
KXNBAAST-26APR01ATLORL-ATLCMCCOLLUM3-8,2026-04-01,ast,7.5,2.59275,4.9072499999999994,0.009,0.0124482803141579,0.0,1.0
KXNBAAST-26APR01ATLORL-ATLJJOHNSON1-10,2026-04-01,ast,9.5,3.8345,5.6655,0.00775,0.01785760536763903,0.0,1.0
KXNBAAST-26APR01ATLORL-ATLJJOHNSON1-12,2026-04-01,ast,11.5,3.8345,7.6655,0.00075,0.0039841448236236365,0.0,1.0
KXNBAAST-26APR01ATLORL-ATLJJOHNSON1-4,2026-04-01,ast,3.5,3.8345,-0.3344999999999998,0.52875,0.5078655469905144,1.0,1.0
KXNBAAST-26APR01ATLORL-ATLJJOHNSON1-6,2026-04-01,ast,5.5,3.8345,1.6655000000000002,0.20075,0.2130950264560333,1.0,1.0
KXNBAAST-26APR01ATLORL-ATLJJOHNSON1-8,2026-04-01,ast,7.5,3.8345,3.6655,0.04975,0.06832893511044524,1.0,1.0
KXNBAAST-26APR01ATLORL-ATLNALEXANDERWALKER7-10,2026-04-01,ast,9.5,2.625,6.875,0.0,0.001982777168224925,0.0,1.0
KXNBAAST-26APR01ATLORL-ATLNALEXANDERWALKER7-2,2026-04-01,ast,1.5,2.625,-1.125,0.72475,0.7030348068682957,0.0,1.0
KXNBAAST-26APR01ATLORL-ATLNALEXANDERWALKER7-4,2026-04-01,ast,3.5,2.625,0.875,0.2755,0.27694083857746055,0.0,1.0
KXNBAAST-26APR01ATLORL-ATLNALEXANDERWALKER7-6,2026-04-01,ast,5.5,2.625,2.875,0.06075,0.07051999077599702,0.0,1.0
KXNBAAST-26APR01ATLORL-ATLNALEXANDERWALKER7-8,2026-04-01,ast,7.5,2.625,4.875,0.00625,0.013216056239769514,0.0,1.0
KXNBAAST-26APR01ATLORL-ATLOOKONGWU17-2,2026-04-01,ast,1.5,1.9395,-0.4395,0.568,0.5556605862722797,1.0,1.0
KXNBAAST-26APR01ATLORL-ATLOOKONGWU17-3,2026-04-01,ast,2.5,1.9395,0.5605,0.3015,0.30761692350586456,1.0,1.0
KXNBAAST-26APR01ATLORL-ATLOOKONGWU17-4,2026-04-01,ast,3.5,1.9395,1.5605,0.1435,0.14649230457593598,1.0,1.0
KXNBAAST-26APR01ATLORL-ATLOOKONGWU17-6,2026-04-01,ast,5.5,1.9395,3.5605,0.0205,0.023671410654686142,0.0,1.0
KXNBAAST-26APR01ATLORL-ATLOOKONGWU17-8,2026-04-01,ast,7.5,1.9395,5.5605,0.00075,0.002758561449221486,0.0,1.0
KXNBAAST-26APR01ATLORL-ORLJSUGGS4-10,2026-04-01,ast,9.5,3.14625,6.35375,0.00225,0.005994028415674313,0.0,1.0
KXNBAAST-26APR01ATLORL-ORLJSUGGS4-2,2026-04-01,ast,1.5,3.14625,-1.6462500000000002,0.798,0.7825986484035787,1.0,1.0
KXNBAAST-26APR01ATLORL-ORLJSUGGS4-4,2026-04-01,ast,3.5,3.14625,0.3537499999999998,0.39,0.38038196242557876,1.0,1.0
KXNBAAST-26APR01ATLORL-ORLJSUGGS4-6,2026-04-01,ast,5.5,3.14625,2.35375,0.1075,0.12434330638919255,1.0,1.0
KXNBAAST-26APR01ATLORL-ORLJSUGGS4-8,2026-04-01,ast,7.5,3.14625,4.35375,0.02025,0.030397704056226882,1.0,1.0
KXNBAAST-26APR01ATLORL-ORLPBANCHERO5-10,2026-04-01,ast,9.5,3.49425,6.00575,0.006,0.010864300653974146,0.0,1.0
KXNBAAST-26APR01ATLORL-ORLPBANCHERO5-2,2026-04-01,ast,1.5,3.49425,-1.99425,0.8475,0.8234998486284983,1.0,1.0
KXNBAAST-26APR01ATLORL-ORLPBANCHERO5-4,2026-04-01,ast,3.5,3.49425,0.005749999999999922,0.45275,0.4467585237052567,0.0,1.0
KXNBAAST-26APR01ATLORL-ORLPBANCHERO5-6,2026-04-01,ast,5.5,3.49425,2.00575,0.151,0.16725548337735496,0.0,1.0
KXNBAAST-26APR01ATLORL-ORLPBANCHERO5-8,2026-04-01,ast,7.5,3.49425,4.00575,0.036,0.04734017752477693,0.0,1.0
KXNBA3PT-26APR01ATLORL-ATLCMCCOLLUM3-1,2026-04-01,fg3m,0.5,1.42875,-0.92875,0.75225,0.7300958224284101,1.0,1.0
KXNBA3PT-26APR01ATLORL-ATLCMCCOLLUM3-2,2026-04-01,fg3m,1.5,1.42875,0.07125000000000004,0.40575,0.4052671864177343,0.0,1.0
KXNBA3PT-26APR01ATLORL-ATLCMCCOLLUM3-3,2026-04-01,fg3m,2.5,1.42875,1.07125,0.177,0.18419626589797333,0.0,1.0
KXNBA3PT-26APR01ATLORL-ATLCMCCOLLUM3-4,2026-04-01,fg3m,3.5,1.42875,2.07125,0.06525,0.07227453405739015,0.0,1.0
KXNBA3PT-26APR01ATLORL-ATLCMCCOLLUM3-5,2026-04-01,fg3m,4.5,1.42875,3.07125,0.022,0.02536617415127851,0.0,1.0
KXNBA3PT-26APR01ATLORL-ATLJJOHNSON1-1,2026-04-01,fg3m,0.5,1.3345,-0.8345,0.72225,0.7076728779322394,0.0,1.0
KXNBA3PT-26APR01ATLORL-ATLJJOHNSON1-2,2026-04-01,fg3m,1.5,1.3345,0.16549999999999998,0.3795,0.3756128939096499,0.0,1.0
KXNBA3PT-26APR01ATLORL-ATLJJOHNSON1-3,2026-04-01,fg3m,2.5,1.3345,1.1655,0.1525,0.1623100805604576,0.0,1.0
KXNBA3PT-26APR01ATLORL-ATLJJOHNSON1-4,2026-04-01,fg3m,3.5,1.3345,2.1654999999999998,0.05825,0.06038475308927438,0.0,1.0
KXNBA3PT-26APR01ATLORL-ATLJJOHNSON1-5,2026-04-01,fg3m,4.5,1.3345,3.1654999999999998,0.015,0.020064739276973942,0.0,1.0
KXNBA3PT-26APR01ATLORL-ATLNALEXANDERWALKER7-1,2026-04-01,fg3m,0.5,1.92475,-1.42475,0.851,0.8202983194191893,1.0,1.0
KXNBA3PT-26APR01ATLORL-ATLNALEXANDERWALKER7-2,2026-04-01,fg3m,1.5,1.92475,-0.42474999999999996,0.56875,0.5440670767645186,1.0,1.0
KXNBA3PT-26APR01ATLORL-ATLNALEXANDERWALKER7-3,2026-04-01,fg3m,2.5,1.92475,0.57525,0.3015,0.3039483317326255,1.0,1.0
KXNBA3PT-26APR01ATLORL-ATLNALEXANDERWALKER7-4,2026-04-01,fg3m,3.5,1.92475,1.57525,0.1305,0.14867930757844194,1.0,1.0
KXNBA3PT-26APR01ATLORL-ATLNALEXANDERWALKER7-5,2026-04-01,fg3m,4.5,1.92475,2.57525,0.0485,0.0655610161947382,1.0,1.0
KXNBA3PT-26APR01ATLORL-ORLDBANE3-1,2026-04-01,fg3m,0.5,1.37575,-0.87575,0.742,0.717736174901221,1.0,1.0
KXNBA3PT-26APR01ATLORL-ORLDBANE3-2,2026-04-01,fg3m,1.5,1.37575,0.12424999999999997,0.39825,0.3887099017959883,1.0,1.0
KXNBA3PT-26APR01ATLORL-ORLDBANE3-3,2026-04-01,fg3m,2.5,1.37575,1.12425,0.166,0.17182039402746396,0.0,1.0
KXNBA3PT-26APR01ATLORL-ORLDBANE3-4,2026-04-01,fg3m,3.5,1.37575,2.12425,0.0545,0.06546684205486475,0.0,1.0
KXNBA3PT-26APR01ATLORL-ORLDBANE3-5,2026-04-01,fg3m,4.5,1.37575,3.12425,0.0115,0.02229322056356209,0.0,1.0
KXNBA3PT-26APR01ATLORL-ORLJSUGGS4-1,2026-04-01,fg3m,0.5,1.51575,-1.01575,0.771,0.7490803479114032,0.0,1.0
KXNBA3PT-26APR01ATLORL-ORLJSUGGS4-2,2026-04-01,fg3m,1.5,1.51575,-0.01574999999999993,0.44425,0.43175753440674214,0.0,1.0
KXNBA3PT-26APR01ATLORL-ORLJSUGGS4-3,2026-04-01,fg3m,2.5,1.51575,0.9842500000000001,0.19025,0.20482303440504446,0.0,1.0
KXNBA3PT-26APR01ATLORL-ORLJSUGGS4-4,2026-04-01,fg3m,3.5,1.51575,1.98425,0.0785,0.08409580200338995,0.0,1.0
KXNBA3PT-26APR01ATLORL-ORLJSUGGS4-5,2026-04-01,fg3m,4.5,1.51575,2.9842500000000003,0.0225,0.03092625141848304,0.0,1.0
KXNBA3PT-26APR01ATLORL-ORLPBANCHERO5-1,2026-04-01,fg3m,0.5,1.08375,-0.58375,0.652,0.6370187467412585,0.0,1.0
KXNBA3PT-26APR01ATLORL-ORLPBANCHERO5-2,2026-04-01,fg3m,1.5,1.08375,0.41625,0.2925,0.29254340796266687,0.0,1.0
KXNBA3PT-26APR01ATLORL-ORLPBANCHERO5-3,2026-04-01,fg3m,2.5,1.08375,1.41625,0.1,0.10767415541280267,0.0,1.0
KXNBA3PT-26APR01ATLORL-ORLPBANCHERO5-4,2026-04-01,fg3m,3.5,1.08375,2.41625,0.02925,0.033870694892801145,0.0,1.0
KXNBA3PT-26APR01ATLORL-ORLPBANCHERO5-5,2026-04-01,fg3m,4.5,1.08375,3.41625,0.008,0.009479010563707368,0.0,1.0
KXNBAPTS-26APR01SACTOR-SACDDEROZAN10-15,2026-04-01,pts,14.5,10.938,3.5619999999999994,0.25,0.2317452123432724,1.0,1.0
KXNBAPTS-26APR01SACTOR-SACDDEROZAN10-20,2026-04-01,pts,19.5,10.938,8.562,0.078,0.07435522118554339,1.0,1.0
KXNBAPTS-26APR01SACTOR-SACDDEROZAN10-25,2026-04-01,pts,24.5,10.938,13.562,0.022,0.019781965514752642,1.0,1.0
KXNBAPTS-26APR01SACTOR-SACDDEROZAN10-30,2026-04-01,pts,29.5,10.938,18.561999999999998,0.00375,0.004595927433692082,0.0,1.0
KXNBAPTS-26APR01SACTOR-SACPACHIUWA9-10,2026-04-01,pts,9.5,9.747,-0.2469999999999999,0.473,0.46431364232887484,1.0,1.0
KXNBAPTS-26APR01SACTOR-SACPACHIUWA9-15,2026-04-01,pts,14.5,9.747,4.753,0.18075,0.16294202780431344,1.0,1.0
KXNBAPTS-26APR01SACTOR-SACPACHIUWA9-20,2026-04-01,pts,19.5,9.747,9.753,0.0485,0.042963972901496006,1.0,1.0
KXNBAPTS-26APR01SACTOR-SACPACHIUWA9-25,2026-04-01,pts,24.5,9.747,14.753,0.01125,0.009318236189845952,1.0,1.0
KXNBAPTS-26APR01SACTOR-TORJPOELTL19-10,2026-04-01,pts,9.5,9.767,-0.26699999999999946,0.47675,0.4658861450201789,1.0,1.0
KXNBAPTS-26APR01SACTOR-TORJPOELTL19-15,2026-04-01,pts,14.5,9.767,4.7330000000000005,0.17,0.16404194339450995,1.0,1.0
KXNBAPTS-26APR01SACTOR-TORJPOELTL19-20,2026-04-01,pts,19.5,9.767,9.733,0.0455,0.04341212009165185,0.0,1.0
KXNBAPTS-26APR01SACTOR-TORRBARRETT9-10,2026-04-01,pts,9.5,12.96975,-3.4697499999999994,0.68125,0.6755355216396554,1.0,1.0
KXNBAPTS-26APR01SACTOR-TORRBARRETT9-15,2026-04-01,pts,14.5,12.96975,1.5302500000000006,0.3685,0.35560877328582574,1.0,1.0
KXNBAPTS-26APR01SACTOR-TORRBARRETT9-20,2026-04-01,pts,19.5,12.96975,6.5302500000000006,0.14725,0.14750308751990537,1.0,1.0
KXNBAPTS-26APR01SACTOR-TORRBARRETT9-25,2026-04-01,pts,24.5,12.96975,11.53025,0.04625,0.05144023592691893,0.0,1.0
KXNBAPTS-26APR01SACTOR-TORRBARRETT9-30,2026-04-01,pts,29.5,12.96975,16.530250000000002,0.0105,0.015779718947882104,0.0,1.0
KXNBAPTS-26APR01SACTOR-TORSBARNES4-15,2026-04-01,pts,14.5,11.4275,3.0725,0.27,0.2613475464073338,0.0,1.0
KXNBAPTS-26APR01SACTOR-TORSBARNES4-20,2026-04-01,pts,19.5,11.4275,8.0725,0.0875,0.08991096715216385,0.0,1.0
KXNBAPTS-26APR01SACTOR-TORSBARNES4-25,2026-04-01,pts,24.5,11.4275,13.0725,0.02225,0.025734212797620115,0.0,1.0
KXNBAPTS-26APR01SACTOR-TORSBARNES4-30,2026-04-01,pts,29.5,11.4275,18.072499999999998,0.00375,0.00644326918407756,0.0,1.0
KXNBAREB-26APR01SACTOR-SACPACHIUWA9-10,2026-04-01,reb,9.5,4.819,4.681,0.046,0.05482473327774284,1.0,1.0
KXNBAREB-26APR01SACTOR-SACPACHIUWA9-12,2026-04-01,reb,11.5,4.819,6.681,0.01325,0.01699710888740158,1.0,1.0
KXNBAREB-26APR01SACTOR-SACPACHIUWA9-4,2026-04-01,reb,3.5,4.819,-1.319,0.67125,0.6556280785909518,1.0,1.0
KXNBAREB-26APR01SACTOR-SACPACHIUWA9-6,2026-04-01,reb,5.5,4.819,0.681,0.3515,0.3556225076080183,1.0,1.0
KXNBAREB-26APR01SACTOR-SACPACHIUWA9-8,2026-04-01,reb,7.5,4.819,2.681,0.149,0.1530209943057771,1.0,1.0
KXNBAREB-26APR01SACTOR-TORJPOELTL19-10,2026-04-01,reb,9.5,4.71525,4.78475,0.0395,0.04983918474854754,0.0,1.0
KXNBAREB-26APR01SACTOR-TORJPOELTL19-12,2026-04-01,reb,11.5,4.71525,6.78475,0.01025,0.01502814022364829,0.0,1.0
KXNBAREB-26APR01SACTOR-TORJPOELTL19-4,2026-04-01,reb,3.5,4.71525,-1.2152500000000002,0.65725,0.641883090936704,1.0,1.0
KXNBAREB-26APR01SACTOR-TORJPOELTL19-6,2026-04-01,reb,5.5,4.71525,0.7847499999999998,0.342,0.3405754313996645,0.0,1.0
KXNBAREB-26APR01SACTOR-TORJPOELTL19-8,2026-04-01,reb,7.5,4.71525,2.78475,0.13,0.14289459586367337,0.0,1.0
KXNBAREB-26APR01SACTOR-TORRBARRETT9-10,2026-04-01,reb,9.5,4.14225,5.35775,0.015,0.027293935731502295,0.0,1.0
KXNBAREB-26APR01SACTOR-TORRBARRETT9-2,2026-04-01,reb,1.5,4.14225,-2.6422499999999998,0.90775,0.8780118423403718,1.0,1.0
KXNBAREB-26APR01SACTOR-TORRBARRETT9-4,2026-04-01,reb,3.5,4.14225,-0.6422499999999998,0.5785,0.5576668608189775,1.0,1.0
KXNBAREB-26APR01SACTOR-TORRBARRETT9-6,2026-04-01,reb,5.5,4.14225,1.3577500000000002,0.24225,0.25747780158170763,0.0,1.0
KXNBAREB-26APR01SACTOR-TORRBARRETT9-8,2026-04-01,reb,7.5,4.14225,3.3577500000000002,0.07425,0.09235594304338912,0.0,1.0
KXNBAREB-26APR01SACTOR-TORSBARNES4-10,2026-04-01,reb,9.5,4.47925,5.02075,0.0215,0.0395361835846646,0.0,1.0
KXNBAREB-26APR01SACTOR-TORSBARNES4-12,2026-04-01,reb,11.5,4.47925,7.02075,0.004,0.011153898280338304,0.0,1.0
KXNBAREB-26APR01SACTOR-TORSBARNES4-6,2026-04-01,reb,5.5,4.47925,1.0207499999999996,0.30125,0.30623890996167147,0.0,1.0
KXNBAREB-26APR01SACTOR-TORSBARNES4-7,2026-04-01,reb,6.5,4.47925,2.0207499999999996,0.17775,0.19761474739223606,0.0,1.0
KXNBAREB-26APR01SACTOR-TORSBARNES4-8,2026-04-01,reb,7.5,4.47925,3.0207499999999996,0.096,0.12090800871750362,0.0,1.0
KXNBAAST-26APR01SACTOR-SACDDEROZAN10-2,2026-04-01,ast,1.5,2.769,-1.2690000000000001,0.74475,0.7274952263795965,1.0,1.0
KXNBAAST-26APR01SACTOR-SACDDEROZAN10-4,2026-04-01,ast,3.5,2.769,0.7309999999999999,0.30275,0.30567611937464,1.0,1.0
KXNBAAST-26APR01SACTOR-SACDDEROZAN10-5,2026-04-01,ast,4.5,2.769,1.7309999999999999,0.16,0.16745991590814913,0.0,1.0
KXNBAAST-26APR01SACTOR-SACDDEROZAN10-6,2026-04-01,ast,5.5,2.769,2.731,0.07625,0.08394728654869954,0.0,1.0
KXNBAAST-26APR01SACTOR-SACDDEROZAN10-8,2026-04-01,ast,7.5,2.769,4.731,0.0145,0.01704191316582604,0.0,1.0
KXNBAAST-26APR01SACTOR-TORJPOELTL19-10,2026-04-01,ast,9.5,1.79775,7.70225,0.0,0.0001470880782604711,0.0,1.0
KXNBAAST-26APR01SACTOR-TORJPOELTL19-2,2026-04-01,ast,1.5,1.79775,-0.29774999999999996,0.5235,0.5181421437039284,0.0,1.0
KXNBAAST-26APR01SACTOR-TORJPOELTL19-4,2026-04-01,ast,3.5,1.79775,1.70225,0.11525,0.12246518301608444,0.0,1.0
KXNBAAST-26APR01SACTOR-TORJPOELTL19-6,2026-04-01,ast,5.5,1.79775,3.7022500000000003,0.015,0.017546202776941855,0.0,1.0
KXNBAAST-26APR01SACTOR-TORJPOELTL19-8,2026-04-01,ast,7.5,1.79775,5.70225,0.00125,0.0018056640616183062,0.0,1.0
KXNBAAST-26APR01SACTOR-TORRBARRETT9-10,2026-04-01,ast,9.5,2.20675,7.2932500000000005,0.0,0.0006294948150820101,0.0,1.0
KXNBAAST-26APR01SACTOR-TORRBARRETT9-2,2026-04-01,ast,1.5,2.20675,-0.70675,0.639,0.6196126446115895,1.0,1.0
KXNBAAST-26APR01SACTOR-TORRBARRETT9-4,2026-04-01,ast,3.5,2.20675,1.29325,0.18275,0.19524116035209538,1.0,1.0
KXNBAAST-26APR01SACTOR-TORRBARRETT9-6,2026-04-01,ast,5.5,2.20675,3.29325,0.0275,0.03850075478955939,1.0,1.0
KXNBAAST-26APR01SACTOR-TORRBARRETT9-8,2026-04-01,ast,7.5,2.20675,5.2932500000000005,0.0025,0.005518253191634681,0.0,1.0
KXNBAAST-26APR01SACTOR-TORSBARNES4-10,2026-04-01,ast,9.5,4.1865,5.3135,0.01575,0.02781070347349668,1.0,1.0
KXNBAAST-26APR01SACTOR-TORSBARNES4-12,2026-04-01,ast,11.5,4.1865,7.3135,0.00325,0.007008181992803175,0.0,1.0
KXNBAAST-26APR01SACTOR-TORSBARNES4-4,2026-04-01,ast,3.5,4.1865,-0.6864999999999997,0.5935,0.5662821220216109,1.0,1.0
KXNBAAST-26APR01SACTOR-TORSBARNES4-6,2026-04-01,ast,5.5,4.1865,1.3135000000000003,0.247,0.26314428011369473,1.0,1.0
KXNBAAST-26APR01SACTOR-TORSBARNES4-8,2026-04-01,ast,7.5,4.1865,3.3135000000000003,0.06325,0.09449594358372082,1.0,1.0
KXNBAPTS-26APR01DENUTA-DENCBRAUN0-10,2026-04-01,pts,9.5,9.895,-0.3949999999999996,0.48425,0.47588030529087877,1.0,1.0
KXNBAPTS-26APR01DENUTA-DENCBRAUN0-15,2026-04-01,pts,14.5,9.895,4.605,0.1875,0.17113563716136215,1.0,1.0
KXNBAPTS-26APR01DENUTA-DENCBRAUN0-20,2026-04-01,pts,19.5,9.895,9.605,0.054,0.04634513546351382,0.0,1.0
KXNBAPTS-26APR01DENUTA-DENCJOHNSON23-10,2026-04-01,pts,9.5,9.46475,0.03524999999999956,0.45575,0.4418182305529338,1.0,1.0
KXNBAPTS-26APR01DENUTA-DENCJOHNSON23-15,2026-04-01,pts,14.5,9.46475,5.03525,0.1745,0.14768136774750773,1.0,1.0
KXNBAPTS-26APR01DENUTA-DENCJOHNSON23-20,2026-04-01,pts,19.5,9.46475,10.03525,0.0435,0.03693190929437962,0.0,1.0
KXNBAPTS-26APR01DENUTA-DENJMURRAY27-15,2026-04-01,pts,14.5,16.22575,-1.7257500000000014,0.565,0.5379409940172089,1.0,1.0
KXNBAPTS-26APR01DENUTA-DENJMURRAY27-20,2026-04-01,pts,19.5,16.22575,3.2742499999999986,0.3025,0.2948075282580982,1.0,1.0
KXNBAPTS-26APR01DENUTA-DENJMURRAY27-25,2026-04-01,pts,24.5,16.22575,8.274249999999999,0.12475,0.1388526863610362,1.0,1.0
KXNBAPTS-26APR01DENUTA-DENJMURRAY27-30,2026-04-01,pts,29.5,16.22575,13.274249999999999,0.0375,0.058212082992197045,1.0,1.0
KXNBAPTS-26APR01DENUTA-DENJMURRAY27-35,2026-04-01,pts,34.5,16.22575,18.27425,0.0105,0.022289314982189556,1.0,1.0
KXNBAPTS-26APR01DENUTA-DENNJOKIC15-20,2026-04-01,pts,19.5,16.26875,3.2312499999999993,0.2945,0.2968453302268461,0.0,1.0
KXNBAPTS-26APR01DENUTA-DENNJOKIC15-25,2026-04-01,pts,24.5,16.26875,8.23125,0.107,0.14025849180424577,0.0,1.0
KXNBAPTS-26APR01DENUTA-DENNJOKIC15-30,2026-04-01,pts,29.5,16.26875,13.23125,0.0275,0.058998303955570486,0.0,1.0
KXNBAPTS-26APR01DENUTA-DENNJOKIC15-35,2026-04-01,pts,34.5,16.26875,18.23125,0.00725,0.02266809355525279,0.0,1.0
KXNBAPTS-26APR01DENUTA-UTAABAILEY19-10,2026-04-01,pts,9.5,10.6325,-1.1325000000000003,0.536,0.530978196590512,1.0,1.0
KXNBAPTS-26APR01DENUTA-UTAABAILEY19-15,2026-04-01,pts,14.5,10.6325,3.8674999999999997,0.2365,0.2135654108374967,0.0,1.0
KXNBAPTS-26APR01DENUTA-UTAABAILEY19-20,2026-04-01,pts,19.5,10.6325,8.8675,0.07475,0.06540689115879461,0.0,1.0
KXNBAPTS-26APR01DENUTA-UTAABAILEY19-25,2026-04-01,pts,24.5,10.6325,13.8675,0.01925,0.016575724632732713,0.0,1.0
KXNBAPTS-26APR01DENUTA-UTAABAILEY19-30,2026-04-01,pts,29.5,10.6325,18.8675,0.00325,0.0036643846536313918,0.0,1.0
KXNBAREB-26APR01DENUTA-DENCJOHNSON23-10,2026-04-01,reb,9.5,2.802,6.698,0.001,0.0031584742261968612,0.0,1.0
KXNBAREB-26APR01DENUTA-DENCJOHNSON23-2,2026-04-01,reb,1.5,2.802,-1.302,0.74525,0.7310354715026738,1.0,1.0
KXNBAREB-26APR01DENUTA-DENCJOHNSON23-4,2026-04-01,reb,3.5,2.802,0.698,0.31325,0.31237661945505046,1.0,1.0
KXNBAREB-26APR01DENUTA-DENCJOHNSON23-6,2026-04-01,reb,5.5,2.802,2.698,0.07925,0.08820590327720934,1.0,1.0
KXNBAREB-26APR01DENUTA-DENCJOHNSON23-8,2026-04-01,reb,7.5,2.802,4.698,0.014,0.018571836538739173,1.0,1.0
KXNBAREB-26APR01DENUTA-DENNJOKIC15-10,2026-04-01,reb,9.5,7.171,2.3289999999999997,0.205,0.23130474758552877,1.0,1.0
KXNBAREB-26APR01DENUTA-DENNJOKIC15-12,2026-04-01,reb,11.5,7.171,4.329,0.07075,0.11336797997929504,1.0,1.0
KXNBAREB-26APR01DENUTA-DENNJOKIC15-14,2026-04-01,reb,13.5,7.171,6.329,0.0235,0.05013949122460448,1.0,1.0
KXNBAREB-26APR01DENUTA-DENNJOKIC15-16,2026-04-01,reb,15.5,7.171,8.329,0.006,0.020347144654949023,1.0,1.0
KXNBAREB-26APR01DENUTA-DENNJOKIC15-18,2026-04-01,reb,17.5,7.171,10.329,0.00125,0.007678749365218618,0.0,1.0
KXNBAREB-26APR01DENUTA-UTAABAILEY19-2,2026-04-01,reb,1.5,3.7895,-2.2895,0.8625,0.8500219782995008,0.0,1.0
KXNBAREB-26APR01DENUTA-UTAABAILEY19-4,2026-04-01,reb,3.5,3.7895,-0.28949999999999987,0.50375,0.4989124061292237,0.0,1.0
KXNBAREB-26APR01DENUTA-UTAABAILEY19-5,2026-04-01,reb,4.5,3.7895,0.7105000000000001,0.328,0.3343904240431571,0.0,1.0
KXNBAREB-26APR01DENUTA-UTAABAILEY19-6,2026-04-01,reb,5.5,3.7895,1.7105000000000001,0.20275,0.2078235324941471,0.0,1.0
KXNBAREB-26APR01DENUTA-UTAABAILEY19-8,2026-04-01,reb,7.5,3.7895,3.7105,0.05825,0.06652564353553614,0.0,1.0
KXNBAAST-26APR01DENUTA-DENJMURRAY27-10,2026-04-01,ast,9.5,3.89225,5.607749999999999,0.00925,0.019291895017093386,0.0,1.0
KXNBAAST-26APR01DENUTA-DENJMURRAY27-12,2026-04-01,ast,11.5,3.89225,7.607749999999999,0.00175,0.004395434137203669,0.0,1.0
KXNBAAST-26APR01DENUTA-DENJMURRAY27-6,2026-04-01,ast,5.5,3.89225,1.6077499999999998,0.20525,0.2211599617863056,0.0,1.0
KXNBAAST-26APR01DENUTA-DENJMURRAY27-7,2026-04-01,ast,6.5,3.89225,2.60775,0.10375,0.13018484952944076,0.0,1.0
KXNBAAST-26APR01DENUTA-DENJMURRAY27-8,2026-04-01,ast,7.5,3.89225,3.60775,0.05125,0.07231901114940709,0.0,1.0
KXNBAAST-26APR01DENUTA-DENNJOKIC15-10,2026-04-01,ast,9.5,5.68175,3.81825,0.066,0.10498240012908377,1.0,1.0
KXNBAAST-26APR01DENUTA-DENNJOKIC15-12,2026-04-01,ast,11.5,5.68175,5.81825,0.01675,0.03915004909469544,1.0,1.0
KXNBAAST-26APR01DENUTA-DENNJOKIC15-14,2026-04-01,ast,13.5,5.68175,7.81825,0.00125,0.013008480432552316,0.0,1.0
KXNBAAST-26APR01DENUTA-DENNJOKIC15-16,2026-04-01,ast,15.5,5.68175,9.818249999999999,0.00025,0.003930252951098945,0.0,1.0
KXNBAAST-26APR01DENUTA-DENNJOKIC15-8,2026-04-01,ast,7.5,5.68175,1.81825,0.22025,0.24432460546380208,1.0,1.0
KXNBAAST-26APR01DENUTA-UTAABAILEY19-10,2026-04-01,ast,9.5,1.9185,7.5815,0.0,0.00023579338682400142,0.0,1.0
KXNBAAST-26APR01DENUTA-UTAABAILEY19-2,2026-04-01,ast,1.5,1.9185,-0.4185000000000001,0.56525,0.5502615755093886,1.0,1.0
KXNBAAST-26APR01DENUTA-UTAABAILEY19-4,2026-04-01,ast,3.5,1.9185,1.5815,0.13625,0.14284091866267568,0.0,1.0
KXNBAAST-26APR01DENUTA-UTAABAILEY19-6,2026-04-01,ast,5.5,1.9185,3.5815,0.01625,0.022689727429682893,0.0,1.0
KXNBAAST-26APR01DENUTA-UTAABAILEY19-8,2026-04-01,ast,7.5,1.9185,5.5815,0.00125,0.002597718942355942,0.0,1.0
KXNBA3PT-26APR01DENUTA-DENJMURRAY27-2,2026-04-01,fg3m,1.5,2.01775,-0.5177499999999999,0.59525,0.5667470341883543,1.0,1.0
KXNBA3PT-26APR01DENUTA-DENJMURRAY27-3,2026-04-01,fg3m,2.5,2.01775,0.48225000000000007,0.33025,0.32636526897446194,1.0,1.0
KXNBA3PT-26APR01DENUTA-DENJMURRAY27-4,2026-04-01,fg3m,3.5,2.01775,1.48225,0.15025,0.16498584356381019,1.0,1.0
KXNBA3PT-26APR01DENUTA-DENJMURRAY27-5,2026-04-01,fg3m,4.5,2.01775,2.48225,0.0595,0.07529505661600477,1.0,1.0
KXNBA3PT-26APR01DENUTA-DENJMURRAY27-6,2026-04-01,fg3m,5.5,2.01775,3.48225,0.01725,0.03166645011706226,1.0,1.0
KXNBA3PT-26APR01DENUTA-DENNJOKIC15-1,2026-04-01,fg3m,0.5,1.18775,-0.6877500000000001,0.688,0.668436428646161,0.0,1.0
KXNBA3PT-26APR01DENUTA-DENNJOKIC15-2,2026-04-01,fg3m,1.5,1.18775,0.3122499999999999,0.33,0.32764701135189467,0.0,1.0
KXNBA3PT-26APR01DENUTA-DENNJOKIC15-3,2026-04-01,fg3m,2.5,1.18775,1.31225,0.12475,0.12956820955147186,0.0,1.0
KXNBA3PT-26APR01DENUTA-DENNJOKIC15-4,2026-04-01,fg3m,3.5,1.18775,2.3122499999999997,0.03575,0.043924515472561376,0.0,1.0
KXNBA3PT-26APR01DENUTA-DENNJOKIC15-5,2026-04-01,fg3m,4.5,1.18775,3.3122499999999997,0.0075,0.01326919873955712,0.0,1.0
KXNBAPTS-26APR01PHIWAS-PHIKOUBRE9-10,2026-04-01,pts,9.5,10.9925,-1.4924999999999997,0.562,0.5562535893092606,1.0,1.0
KXNBAPTS-26APR01PHIWAS-PHIKOUBRE9-15,2026-04-01,pts,14.5,10.9925,3.5075000000000003,0.259,0.23501589480916374,0.0,1.0
KXNBAPTS-26APR01PHIWAS-PHIKOUBRE9-20,2026-04-01,pts,19.5,10.9925,8.5075,0.08975,0.07601413555290071,0.0,1.0
KXNBAPTS-26APR01PHIWAS-PHIPGEORGE8-10,2026-04-01,pts,9.5,11.58,-2.08,0.61025,0.5951378294375775,1.0,1.0
KXNBAPTS-26APR01PHIWAS-PHIPGEORGE8-15,2026-04-01,pts,14.5,11.58,2.92,0.288,0.2706505290012218,1.0,1.0
KXNBAPTS-26APR01PHIWAS-PHIPGEORGE8-20,2026-04-01,pts,19.5,11.58,7.92,0.094,0.0950500049902645,1.0,1.0
KXNBAPTS-26APR01PHIWAS-PHIPGEORGE8-25,2026-04-01,pts,24.5,11.58,12.92,0.018,0.027800379529873687,1.0,1.0
KXNBAPTS-26APR01PHIWAS-PHITMAXEY0-20,2026-04-01,pts,19.5,15.019,4.481,0.237,0.23801274632627634,1.0,1.0
KXNBAPTS-26APR01PHIWAS-PHITMAXEY0-25,2026-04-01,pts,24.5,15.019,9.481,0.0805,0.10176637849501158,1.0,1.0
KXNBAPTS-26APR01PHIWAS-PHITMAXEY0-30,2026-04-01,pts,29.5,15.019,14.481,0.026,0.03855991624957211,0.0,1.0
KXNBAPTS-26APR01PHIWAS-PHITMAXEY0-35,2026-04-01,pts,34.5,15.019,19.481,0.00725,0.01330959737798354,0.0,1.0
KXNBAPTS-26APR01PHIWAS-PHIVEDGECOMBE77-10,2026-04-01,pts,9.5,11.484,-1.984,0.61275,0.5889854316089568,1.0,1.0
KXNBAPTS-26APR01PHIWAS-PHIVEDGECOMBE77-15,2026-04-01,pts,14.5,11.484,3.016,0.2725,0.26479093512634944,1.0,1.0
KXNBAPTS-26APR01PHIWAS-PHIVEDGECOMBE77-20,2026-04-01,pts,19.5,11.484,8.016,0.08875,0.0917991987069594,1.0,1.0
KXNBAPTS-26APR01PHIWAS-PHIVEDGECOMBE77-25,2026-04-01,pts,24.5,11.484,13.016,0.01675,0.026487796620735526,0.0,1.0
KXNBAREB-26APR01PHIWAS-PHIKOUBRE9-10,2026-04-01,reb,9.5,4.59925,4.90075,0.03875,0.04459499155101754,0.0,1.0
KXNBAREB-26APR01PHIWAS-PHIKOUBRE9-2,2026-04-01,reb,1.5,4.59925,-3.0992499999999996,0.92,0.9063870224110083,1.0,1.0
KXNBAREB-26APR01PHIWAS-PHIKOUBRE9-4,2026-04-01,reb,3.5,4.59925,-1.0992499999999996,0.634,0.6259730108024504,1.0,1.0
KXNBAREB-26APR01PHIWAS-PHIKOUBRE9-6,2026-04-01,reb,5.5,4.59925,0.9007500000000004,0.3195,0.3237054130474827,0.0,1.0
KXNBAREB-26APR01PHIWAS-PHIKOUBRE9-8,2026-04-01,reb,7.5,4.59925,2.9007500000000004,0.1215,0.13189784580194985,0.0,1.0
KXNBAREB-26APR01PHIWAS-PHIPGEORGE8-10,2026-04-01,reb,9.5,4.22325,5.27675,0.02125,0.029975819129168024,0.0,1.0
KXNBAREB-26APR01PHIWAS-PHIPGEORGE8-2,2026-04-01,reb,1.5,4.22325,-2.72325,0.90425,0.8836333332008999,1.0,1.0
KXNBAREB-26APR01PHIWAS-PHIPGEORGE8-4,2026-04-01,reb,3.5,4.22325,-0.7232500000000002,0.58675,0.5704271121521831,1.0,1.0
KXNBAREB-26APR01PHIWAS-PHIPGEORGE8-6,2026-04-01,reb,5.5,4.22325,1.2767499999999998,0.25625,0.2691237687714826,0.0,1.0
KXNBAREB-26APR01PHIWAS-PHIPGEORGE8-8,2026-04-01,reb,7.5,4.22325,3.27675,0.0855,0.09888999338463544,0.0,1.0
KXNBAREB-26APR01PHIWAS-PHIVEDGECOMBE77-10,2026-04-01,reb,9.5,4.23525,5.26475,0.02,0.0303869859627941,0.0,1.0
KXNBAREB-26APR01PHIWAS-PHIVEDGECOMBE77-2,2026-04-01,reb,1.5,4.23525,-2.7352499999999997,0.90675,0.8844428068708191,1.0,1.0
KXNBAREB-26APR01PHIWAS-PHIVEDGECOMBE77-4,2026-04-01,reb,3.5,4.23525,-0.7352499999999997,0.5945,0.5722937380188118,0.0,1.0
KXNBAREB-26APR01PHIWAS-PHIVEDGECOMBE77-6,2026-04-01,reb,5.5,4.23525,1.2647500000000003,0.25975,0.27085435688947224,0.0,1.0
KXNBAREB-26APR01PHIWAS-PHIVEDGECOMBE77-8,2026-04-01,reb,7.5,4.23525,3.2647500000000003,0.0845,0.09987625926233745,0.0,1.0
KXNBAAST-26APR01PHIWAS-PHIKOUBRE9-10,2026-04-01,ast,9.5,2.07425,7.42575,0.00025,0.0004101287198612358,0.0,1.0
KXNBAAST-26APR01PHIWAS-PHIKOUBRE9-2,2026-04-01,ast,1.5,2.07425,-0.5742500000000001,0.59625,0.5889980046278791,0.0,1.0
KXNBAAST-26APR01PHIWAS-PHIKOUBRE9-4,2026-04-01,ast,3.5,2.07425,1.4257499999999999,0.16775,0.1705877634405566,0.0,1.0
KXNBAAST-26APR01PHIWAS-PHIKOUBRE9-6,2026-04-01,ast,5.5,2.07425,3.42575,0.029,0.030601831211504393,0.0,1.0
KXNBAAST-26APR01PHIWAS-PHIKOUBRE9-8,2026-04-01,ast,7.5,2.07425,5.42575,0.0025,0.003974607234049077,0.0,1.0
KXNBAAST-26APR01PHIWAS-PHIPGEORGE8-2,2026-04-01,ast,1.5,2.53625,-1.03625,0.7115,0.6869217057665761,1.0,1.0
KXNBAAST-26APR01PHIWAS-PHIPGEORGE8-4,2026-04-01,ast,3.5,2.53625,0.9637500000000001,0.2495,0.259300619576986,1.0,1.0
KXNBAAST-26APR01PHIWAS-PHIPGEORGE8-5,2026-04-01,ast,4.5,2.53625,1.96375,0.11875,0.13361661189849194,1.0,1.0
KXNBAAST-26APR01PHIWAS-PHIPGEORGE8-6,2026-04-01,ast,5.5,2.53625,2.96375,0.04825,0.06284110992623981,1.0,1.0
KXNBAAST-26APR01PHIWAS-PHIPGEORGE8-8,2026-04-01,ast,7.5,2.53625,4.96375,0.0065,0.011178513656002975,0.0,1.0
KXNBAAST-26APR01PHIWAS-PHITMAXEY0-10,2026-04-01,ast,9.5,3.86025,5.639749999999999,0.00725,0.018487832536897786,0.0,1.0
KXNBAAST-26APR01PHIWAS-PHITMAXEY0-12,2026-04-01,ast,11.5,3.86025,7.639749999999999,0.00125,0.00416375046808426,0.0,1.0
KXNBAAST-26APR01PHIWAS-PHITMAXEY0-4,2026-04-01,ast,3.5,3.86025,-0.3602500000000002,0.533,0.5123116656589835,1.0,1.0
KXNBAAST-26APR01PHIWAS-PHITMAXEY0-6,2026-04-01,ast,5.5,3.86025,1.6397499999999998,0.20325,0.21668254860741376,1.0,1.0
KXNBAAST-26APR01PHIWAS-PHITMAXEY0-8,2026-04-01,ast,7.5,3.86025,3.63975,0.046,0.07009300239477745,1.0,1.0
KXNBAAST-26APR01PHIWAS-PHIVEDGECOMBE77-10,2026-04-01,ast,9.5,2.826,6.6739999999999995,0.001,0.0031482777506351978,1.0,1.0
KXNBAAST-26APR01PHIWAS-PHIVEDGECOMBE77-2,2026-04-01,ast,1.5,2.826,-1.326,0.76625,0.7366269180577696,1.0,1.0
KXNBAAST-26APR01PHIWAS-PHIVEDGECOMBE77-4,2026-04-01,ast,3.5,2.826,0.6739999999999999,0.31825,0.31705250920163186,1.0,1.0
KXNBAAST-26APR01PHIWAS-PHIVEDGECOMBE77-6,2026-04-01,ast,5.5,2.826,2.674,0.07575,0.08958175945380686,1.0,1.0
KXNBAAST-26APR01PHIWAS-PHIVEDGECOMBE77-8,2026-04-01,ast,7.5,2.826,4.6739999999999995,0.008,0.018742674844072882,1.0,1.0
KXNBAAST-26APR01PHIWAS-WASBCARRINGTON7-2,2026-04-01,ast,1.5,2.79225,-1.2922500000000001,0.7455,0.7312567127313334,1.0,1.0
KXNBAAST-26APR01PHIWAS-WASBCARRINGTON7-4,2026-04-01,ast,3.5,2.79225,0.7077499999999999,0.31025,0.3103177268988946,1.0,1.0
KXNBAAST-26APR01PHIWAS-WASBCARRINGTON7-5,2026-04-01,ast,4.5,2.79225,1.7077499999999999,0.166,0.17097728062245232,1.0,1.0
KXNBAAST-26APR01PHIWAS-WASBCARRINGTON7-6,2026-04-01,ast,5.5,2.79225,2.70775,0.07625,0.08622417359932366,1.0,1.0
KXNBAAST-26APR01PHIWAS-WASBCARRINGTON7-8,2026-04-01,ast,7.5,2.79225,4.70775,0.01225,0.017722564098158533,0.0,1.0
KXNBA3PT-26APR01PHIWAS-PHITMAXEY0-1,2026-04-01,fg3m,0.5,1.60325,-1.10325,0.79775,0.7666649084710258,1.0,1.0
KXNBA3PT-26APR01PHIWAS-PHITMAXEY0-2,2026-04-01,fg3m,1.5,1.60325,-0.10325000000000006,0.47475,0.4575024914779755,0.0,1.0
KXNBA3PT-26APR01PHIWAS-PHITMAXEY0-3,2026-04-01,fg3m,2.5,1.60325,0.8967499999999999,0.21575,0.22585588662477885,0.0,1.0
KXNBA3PT-26APR01PHIWAS-PHITMAXEY0-4,2026-04-01,fg3m,3.5,1.60325,1.89675,0.07925,0.09674267751349053,0.0,1.0
KXNBA3PT-26APR01PHIWAS-PHITMAXEY0-5,2026-04-01,fg3m,4.5,1.60325,2.89675,0.0255,0.03716707586964363,0.0,1.0
KXNBA3PT-26APR01PHIWAS-PHIVEDGECOMBE77-1,2026-04-01,fg3m,0.5,1.32625,-0.8262499999999999,0.737,0.7056118768029409,1.0,1.0
KXNBA3PT-26APR01PHIWAS-PHIVEDGECOMBE77-2,2026-04-01,fg3m,1.5,1.32625,0.17375000000000007,0.381,0.3729720552156415,1.0,1.0
KXNBA3PT-26APR01PHIWAS-PHIVEDGECOMBE77-3,2026-04-01,fg3m,2.5,1.32625,1.17375,0.15,0.16042220535213658,0.0,1.0
KXNBA3PT-26APR01PHIWAS-PHIVEDGECOMBE77-4,2026-04-01,fg3m,3.5,1.32625,2.17375,0.0425,0.059391622854563564,0.0,1.0
KXNBA3PT-26APR01PHIWAS-PHIVEDGECOMBE77-5,2026-04-01,fg3m,4.5,1.32625,3.17375,0.0115,0.019636057277873986,0.0,1.0
KXNBAPTS-26MAR31CHABKN-BKNNCLAXTON33-10,2026-03-31,pts,9.5,7.16525,2.3347499999999997,0.26475,0.24529885864773537,0.0,1.0
KXNBAPTS-26MAR31CHABKN-BKNNCLAXTON33-15,2026-03-31,pts,14.5,7.16525,7.33475,0.05975,0.04846374975783152,0.0,1.0
KXNBAPTS-26MAR31CHABKN-BKNNCLAXTON33-20,2026-03-31,pts,19.5,7.16525,12.33475,0.008,0.006917969912182631,0.0,1.0
KXNBAPTS-26MAR31CHABKN-BKNNCLAXTON33-25,2026-03-31,pts,24.5,7.16525,17.33475,0.00025,0.0007985489345565533,0.0,1.0
KXNBAPTS-26MAR31CHABKN-BKNNCLOWNEY21-10,2026-03-31,pts,9.5,6.778,2.7220000000000004,0.255,0.21226076971053576,0.0,1.0
KXNBAPTS-26MAR31CHABKN-BKNNCLOWNEY21-15,2026-03-31,pts,14.5,6.778,7.722,0.0755,0.03723501628195658,0.0,1.0
KXNBAPTS-26MAR31CHABKN-BKNNCLOWNEY21-20,2026-03-31,pts,19.5,6.778,12.722000000000001,0.01475,0.004691803304976316,0.0,1.0
KXNBAPTS-26MAR31CHABKN-BKNZWILLIAMS1-10,2026-03-31,pts,9.5,8.996665555185063,0.5033344448149375,0.41780593531177057,0.40336072795426325,1.0,0.74975
KXNBAPTS-26MAR31CHABKN-BKNZWILLIAMS1-15,2026-03-31,pts,14.5,8.996665555185063,5.5033344448149375,0.13904634878292765,0.12358078784897664,0.0,0.74975
KXNBAPTS-26MAR31CHABKN-BKNZWILLIAMS1-20,2026-03-31,pts,19.5,8.996665555185063,10.503334444814937,0.032010670223407804,0.028126635226423224,0.0,0.74975
KXNBAPTS-26MAR31CHABKN-BKNZWILLIAMS1-25,2026-03-31,pts,24.5,8.996665555185063,15.503334444814937,0.0056685561853951315,0.005239146805517181,0.0,0.74975
KXNBAPTS-26MAR31CHABKN-CHABMILLER24-15,2026-03-31,pts,14.5,12.27675,2.22325,0.329,0.31334088451150555,1.0,1.0
KXNBAPTS-26MAR31CHABKN-CHABMILLER24-20,2026-03-31,pts,19.5,12.27675,7.22325,0.1225,0.12016173190571178,1.0,1.0
KXNBAPTS-26MAR31CHABKN-CHABMILLER24-25,2026-03-31,pts,24.5,12.27675,12.22325,0.0355,0.03855980930718983,1.0,1.0
KXNBAPTS-26MAR31CHABKN-CHABMILLER24-30,2026-03-31,pts,29.5,12.27675,17.22325,0.00775,0.010857149349476902,0.0,1.0
KXNBAPTS-26MAR31CHABKN-CHACWHITE3-10,2026-03-31,pts,9.5,9.4,0.09999999999999964,0.44725,0.43658047583133097,1.0,1.0
KXNBAPTS-26MAR31CHABKN-CHACWHITE3-15,2026-03-31,pts,14.5,9.4,5.1,0.16175,0.14425341396229596,1.0,1.0
KXNBAPTS-26MAR31CHABKN-CHACWHITE3-20,2026-03-31,pts,19.5,9.4,10.1,0.03925,0.03562506373883001,0.0,1.0
KXNBAPTS-26MAR31CHABKN-CHACWHITE3-25,2026-03-31,pts,24.5,9.4,15.1,0.0085,0.007219904400452837,0.0,1.0
KXNBAPTS-26MAR31CHABKN-CHAKKNUEPPEL7-15,2026-03-31,pts,14.5,11.43825,3.06175,0.28725,0.26200237918304625,0.0,1.0
KXNBAPTS-26MAR31CHABKN-CHAKKNUEPPEL7-20,2026-03-31,pts,19.5,11.43825,8.06175,0.096,0.09026879342538341,0.0,1.0
KXNBAPTS-26MAR31CHABKN-CHAKKNUEPPEL7-25,2026-03-31,pts,24.5,11.43825,13.06175,0.0245,0.025876517266322452,0.0,1.0
KXNBAPTS-26MAR31CHABKN-CHAKKNUEPPEL7-30,2026-03-31,pts,29.5,11.43825,18.06175,0.00525,0.006489148889556207,0.0,1.0
KXNBAPTS-26MAR31CHABKN-CHALBALL1-15,2026-03-31,pts,14.5,13.126,1.3740000000000006,0.376,0.36505180502496526,0.0,1.0
KXNBAPTS-26MAR31CHABKN-CHALBALL1-20,2026-03-31,pts,19.5,13.126,6.3740000000000006,0.16725,0.15395054797380525,0.0,1.0
KXNBAPTS-26MAR31CHABKN-CHALBALL1-25,2026-03-31,pts,24.5,13.126,11.374,0.0565,0.0546441718118007,0.0,1.0
KXNBAPTS-26MAR31CHABKN-CHALBALL1-30,2026-03-31,pts,29.5,13.126,16.374000000000002,0.0145,0.017070486713156807,0.0,1.0
KXNBAPTS-26MAR31CHABKN-CHAMBRIDGES0-10,2026-03-31,pts,9.5,9.956,-0.4559999999999995,0.4945,0.48059997803114407,1.0,1.0
KXNBAPTS-26MAR31CHABKN-CHAMBRIDGES0-15,2026-03-31,pts,14.5,9.956,4.5440000000000005,0.17875,0.17454807323195076,1.0,1.0
KXNBAPTS-26MAR31CHABKN-CHAMBRIDGES0-20,2026-03-31,pts,19.5,9.956,9.544,0.04825,0.04778232818634709,0.0,1.0
KXNBAPTS-26MAR31CHABKN-CHAMBRIDGES0-25,2026-03-31,pts,24.5,9.956,14.544,0.00775,0.010774294064512246,0.0,1.0
KXNBAPTS-26MAR31CHABKN-CHAMDIABATE14-10,2026-03-31,pts,9.5,8.26825,1.23175,0.358,0.34127199624517457,1.0,1.0
KXNBAPTS-26MAR31CHABKN-CHAMDIABATE14-15,2026-03-31,pts,14.5,8.26825,6.23175,0.106,0.08966862623828942,0.0,1.0
KXNBAPTS-26MAR31CHABKN-CHAMDIABATE14-20,2026-03-31,pts,19.5,8.26825,11.23175,0.01925,0.017309403007529367,0.0,1.0
KXNBAREB-26MAR31CHABKN-BKNNCLAXTON33-10,2026-03-31,reb,9.5,3.59225,5.90775,0.0055,0.01317065412451468,0.0,1.0
KXNBAREB-26MAR31CHABKN-BKNNCLAXTON33-12,2026-03-31,reb,11.5,3.59225,7.90775,0.00025,0.002748972620918999,0.0,1.0
KXNBAREB-26MAR31CHABKN-BKNNCLAXTON33-6,2026-03-31,reb,5.5,3.59225,1.90775,0.17325,0.18117304293265024,0.0,1.0
KXNBAREB-26MAR31CHABKN-BKNNCLAXTON33-7,2026-03-31,reb,6.5,3.59225,2.90775,0.09075,0.10185128755877493,0.0,1.0
KXNBAREB-26MAR31CHABKN-BKNNCLAXTON33-8,2026-03-31,reb,7.5,3.59225,3.90775,0.03725,0.05404097013981912,0.0,1.0
KXNBAREB-26MAR31CHABKN-CHABMILLER24-10,2026-03-31,reb,9.5,4.321,5.179,0.021,0.03343020517337136,0.0,1.0
KXNBAREB-26MAR31CHABKN-CHABMILLER24-2,2026-03-31,reb,1.5,4.321,-2.8209999999999997,0.9175,0.8900581609366939,0.0,1.0
KXNBAREB-26MAR31CHABKN-CHABMILLER24-4,2026-03-31,reb,3.5,4.321,-0.8209999999999997,0.6205,0.5854527852803982,0.0,1.0
KXNBAREB-26MAR31CHABKN-CHABMILLER24-6,2026-03-31,reb,5.5,4.321,1.1790000000000003,0.26675,0.2832532217330308,0.0,1.0
KXNBAREB-26MAR31CHABKN-CHABMILLER24-8,2026-03-31,reb,7.5,4.321,3.1790000000000003,0.0895,0.10705803019469173,0.0,1.0
KXNBAREB-26MAR31CHABKN-CHACWHITE3-2,2026-03-31,reb,1.5,3.04225,-1.5422500000000001,0.78925,0.7667276670142763,1.0,1.0
KXNBAREB-26MAR31CHABKN-CHACWHITE3-3,2026-03-31,reb,2.5,3.04225,-0.5422500000000001,0.56775,0.556361994472587,0.0,1.0
KXNBAREB-26MAR31CHABKN-CHACWHITE3-4,2026-03-31,reb,3.5,3.04225,0.4577499999999999,0.3595,0.3598188054832119,0.0,1.0
KXNBAREB-26MAR31CHABKN-CHACWHITE3-6,2026-03-31,reb,5.5,3.04225,2.45775,0.10775,0.11359393694331787,0.0,1.0
KXNBAREB-26MAR31CHABKN-CHACWHITE3-8,2026-03-31,reb,7.5,3.04225,4.45775,0.02225,0.026934549857705048,0.0,1.0
KXNBAREB-26MAR31CHABKN-CHAKKNUEPPEL7-10,2026-03-31,reb,9.5,4.21225,5.28775,0.0215,0.029602069481935223,0.0,1.0
KXNBAREB-26MAR31CHABKN-CHAKKNUEPPEL7-2,2026-03-31,reb,1.5,4.21225,-2.71225,0.902,0.8828860999909616,1.0,1.0
KXNBAREB-26MAR31CHABKN-CHAKKNUEPPEL7-4,2026-03-31,reb,3.5,4.21225,-0.71225,0.594,0.5687106344267308,1.0,1.0
KXNBAREB-26MAR31CHABKN-CHAKKNUEPPEL7-6,2026-03-31,reb,5.5,4.21225,1.28775,0.25575,0.2675385033963943,1.0,1.0
KXNBAREB-26MAR31CHABKN-CHAKKNUEPPEL7-8,2026-03-31,reb,7.5,4.21225,3.28775,0.08775,0.09799002026347436,0.0,1.0
KXNBAREB-26MAR31CHABKN-CHALBALL1-2,2026-03-31,reb,1.5,3.967,-2.467,0.88075,0.8648569273678091,1.0,1.0
KXNBAREB-26MAR31CHABKN-CHALBALL1-4,2026-03-31,reb,3.5,3.967,-0.4670000000000001,0.54725,0.529113365889634,1.0,1.0
KXNBAREB-26MAR31CHABKN-CHALBALL1-5,2026-03-31,reb,4.5,3.967,0.5329999999999999,0.368,0.36392086626403775,1.0,1.0
KXNBAREB-26MAR31CHABKN-CHALBALL1-6,2026-03-31,reb,5.5,3.967,1.533,0.22825,0.23255193078426384,1.0,1.0
KXNBAREB-26MAR31CHABKN-CHALBALL1-8,2026-03-31,reb,7.5,3.967,3.533,0.06675,0.07897634161258171,0.0,1.0
KXNBAREB-26MAR31CHABKN-CHAMBRIDGES0-10,2026-03-31,reb,9.5,3.745,5.755,0.01,0.016412392229424144,0.0,1.0
KXNBAREB-26MAR31CHABKN-CHAMBRIDGES0-2,2026-03-31,reb,1.5,3.745,-2.245,0.87775,0.8460447230808572,1.0,1.0
KXNBAREB-26MAR31CHABKN-CHAMBRIDGES0-4,2026-03-31,reb,3.5,3.745,-0.2450000000000001,0.50325,0.49114631285479926,1.0,1.0
KXNBAREB-26MAR31CHABKN-CHAMBRIDGES0-6,2026-03-31,reb,5.5,3.745,1.755,0.18525,0.2017265658140701,0.0,1.0
KXNBAREB-26MAR31CHABKN-CHAMBRIDGES0-8,2026-03-31,reb,7.5,3.745,3.755,0.0495,0.06358326132963243,0.0,1.0
KXNBAREB-26MAR31CHABKN-CHAMDIABATE14-10,2026-03-31,reb,9.5,5.2235,4.2765,0.056,0.07689441704491695,1.0,1.0
KXNBAREB-26MAR31CHABKN-CHAMDIABATE14-12,2026-03-31,reb,11.5,5.2235,6.2765,0.01775,0.026361685366759424,1.0,1.0
KXNBAREB-26MAR31CHABKN-CHAMDIABATE14-6,2026-03-31,reb,5.5,5.2235,0.2765000000000004,0.41775,0.4134813751475407,1.0,1.0
KXNBAREB-26MAR31CHABKN-CHAMDIABATE14-8,2026-03-31,reb,7.5,5.2235,2.2765000000000004,0.18025,0.19478100820168054,1.0,1.0
KXNBAREB-26MAR31CHABKN-CHAMDIABATE14-9,2026-03-31,reb,8.5,5.2235,3.2765000000000004,0.1055,0.12481205405174911,1.0,1.0
KXNBAAST-26MAR31CHABKN-BKNNCLAXTON33-2,2026-03-31,ast,1.5,1.663,-0.16300000000000003,0.49125,0.4801368402032632,1.0,1.0
KXNBAAST-26MAR31CHABKN-BKNNCLAXTON33-3,2026-03-31,ast,2.5,1.663,0.837,0.23725,0.23863439668520292,1.0,1.0
KXNBAAST-26MAR31CHABKN-BKNNCLAXTON33-4,2026-03-31,ast,3.5,1.663,1.837,0.09425,0.10112782074816495,0.0,1.0
KXNBAAST-26MAR31CHABKN-BKNNCLAXTON33-6,2026-03-31,ast,5.5,1.663,3.8369999999999997,0.01125,0.01277699755580497,0.0,1.0
KXNBAAST-26MAR31CHABKN-BKNNCLAXTON33-8,2026-03-31,ast,7.5,1.663,5.837,0.00025,0.0011550794609745951,0.0,1.0
KXNBAAST-26MAR31CHABKN-CHABMILLER24-10,2026-03-31,ast,9.5,2.53425,6.96575,0.00025,0.0015817805678359775,0.0,1.0
KXNBAAST-26MAR31CHABKN-CHABMILLER24-2,2026-03-31,ast,1.5,2.53425,-1.0342500000000001,0.7165,0.686549158109439,1.0,1.0
KXNBAAST-26MAR31CHABKN-CHABMILLER24-4,2026-03-31,ast,3.5,2.53425,0.9657499999999999,0.249,0.2589042080600831,0.0,1.0
KXNBAAST-26MAR31CHABKN-CHABMILLER24-6,2026-03-31,ast,5.5,2.53425,2.96575,0.04625,0.06267343485222543,0.0,1.0
KXNBAAST-26MAR31CHABKN-CHABMILLER24-8,2026-03-31,ast,7.5,2.53425,4.96575,0.0055,0.011135292706377031,0.0,1.0
KXNBAAST-26MAR31CHABKN-CHACWHITE3-10,2026-03-31,ast,9.5,1.925,7.575,0.0,0.00024159008815050065,0.0,1.0
KXNBAAST-26MAR31CHABKN-CHACWHITE3-2,2026-03-31,ast,1.5,1.925,-0.42500000000000004,0.562,0.5519386012841809,1.0,1.0
KXNBAAST-26MAR31CHABKN-CHACWHITE3-4,2026-03-31,ast,3.5,1.925,1.575,0.13525,0.1439678921631583,1.0,1.0
KXNBAAST-26MAR31CHABKN-CHACWHITE3-6,2026-03-31,ast,5.5,1.925,3.575,0.017,0.022990782967430623,0.0,1.0
KXNBAAST-26MAR31CHABKN-CHACWHITE3-8,2026-03-31,ast,7.5,1.925,5.575,0.0015,0.0026467288883570417,0.0,1.0
KXNBAAST-26MAR31CHABKN-CHAKKNUEPPEL7-10,2026-03-31,ast,9.5,2.4665,7.0335,0.00075,0.0013260187424987135,0.0,1.0
KXNBAAST-26MAR31CHABKN-CHAKKNUEPPEL7-2,2026-03-31,ast,1.5,2.4665,-0.9664999999999999,0.6915,0.6736779438956254,0.0,1.0
KXNBAAST-26MAR31CHABKN-CHAKKNUEPPEL7-4,2026-03-31,ast,3.5,2.4665,1.0335,0.242,0.24551409937739788,0.0,1.0
KXNBAAST-26MAR31CHABKN-CHAKKNUEPPEL7-6,2026-03-31,ast,5.5,2.4665,3.0335,0.04825,0.05713513573319551,0.0,1.0
KXNBAAST-26MAR31CHABKN-CHAKKNUEPPEL7-8,2026-03-31,ast,7.5,2.4665,5.0335,0.00825,0.009739110316203003,0.0,1.0
KXNBAAST-26MAR31CHABKN-CHALBALL1-10,2026-03-31,ast,9.5,3.46725,6.03275,0.006,0.010409444046667882,0.0,1.0
KXNBAAST-26MAR31CHABKN-CHALBALL1-12,2026-03-31,ast,11.5,3.46725,8.03275,0.0005,0.002010835751668716,0.0,1.0
KXNBAAST-26MAR31CHABKN-CHALBALL1-6,2026-03-31,ast,5.5,3.46725,2.03275,0.144,0.16376444933248835,1.0,1.0
KXNBAAST-26MAR31CHABKN-CHALBALL1-7,2026-03-31,ast,6.5,3.46725,3.03275,0.07475,0.08930954925871704,1.0,1.0
KXNBAAST-26MAR31CHABKN-CHALBALL1-8,2026-03-31,ast,7.5,3.46725,4.03275,0.031,0.045861808487186684,1.0,1.0
KXNBAAST-26MAR31CHABKN-CHAMBRIDGES0-2,2026-03-31,ast,1.5,1.993,-0.4930000000000001,0.58575,0.5691661879904313,1.0,1.0
KXNBAAST-26MAR31CHABKN-CHAMBRIDGES0-3,2026-03-31,ast,2.5,1.993,0.5069999999999999,0.32475,0.32092906901178164,0.0,1.0
KXNBAAST-26MAR31CHABKN-CHAMBRIDGES0-4,2026-03-31,ast,3.5,1.993,1.507,0.14625,0.15592630564684373,0.0,1.0
KXNBAAST-26MAR31CHABKN-CHAMBRIDGES0-6,2026-03-31,ast,5.5,1.993,3.5069999999999997,0.01725,0.026291476814568115,0.0,1.0
KXNBAAST-26MAR31CHABKN-CHAMBRIDGES0-8,2026-03-31,ast,7.5,1.993,5.507,0.003,0.0032020768048353077,0.0,1.0
KXNBA3PT-26MAR31CHABKN-CHACWHITE3-1,2026-03-31,fg3m,0.5,1.19225,-0.69225,0.694,0.6697247307707395,1.0,1.0
KXNBA3PT-26MAR31CHABKN-CHACWHITE3-2,2026-03-31,fg3m,1.5,1.19225,0.30774999999999997,0.33225,0.3291470767767858,0.0,1.0
KXNBA3PT-26MAR31CHABKN-CHACWHITE3-3,2026-03-31,fg3m,2.5,1.19225,1.30775,0.1195,0.13054268257468105,0.0,1.0
KXNBA3PT-26MAR31CHABKN-CHACWHITE3-4,2026-03-31,fg3m,3.5,1.19225,2.30775,0.0355,0.04439034855765567,0.0,1.0
KXNBA3PT-26MAR31CHABKN-CHACWHITE3-5,2026-03-31,fg3m,4.5,1.19225,3.30775,0.009,0.013451918846725919,0.0,1.0
KXNBA3PT-26MAR31CHABKN-CHAKKNUEPPEL7-2,2026-03-31,fg3m,1.5,2.039,-0.5390000000000001,0.594,0.5717832178701433,0.0,1.0
KXNBA3PT-26MAR31CHABKN-CHAKKNUEPPEL7-3,2026-03-31,fg3m,2.5,2.039,0.46099999999999985,0.33425,0.33145785819442697,0.0,1.0
KXNBA3PT-26MAR31CHABKN-CHAKKNUEPPEL7-4,2026-03-31,fg3m,3.5,2.039,1.4609999999999999,0.15825,0.16877531565756354,0.0,1.0
KXNBA3PT-26MAR31CHABKN-CHAKKNUEPPEL7-5,2026-03-31,fg3m,4.5,2.039,2.461,0.0605,0.07760880630515155,0.0,1.0
KXNBA3PT-26MAR31CHABKN-CHAKKNUEPPEL7-6,2026-03-31,fg3m,5.5,2.039,3.461,0.0205,0.03289377497698309,0.0,1.0
KXNBA3PT-26MAR31CHABKN-CHALBALL1-2,2026-03-31,fg3m,1.5,2.49625,-0.9962499999999999,0.68675,0.667652766019426,1.0,1.0
KXNBA3PT-26MAR31CHABKN-CHALBALL1-3,2026-03-31,fg3m,2.5,2.49625,0.003750000000000142,0.45525,0.43682217900976106,1.0,1.0
KXNBA3PT-26MAR31CHABKN-CHALBALL1-4,2026-03-31,fg3m,3.5,2.49625,1.0037500000000001,0.25625,0.25416121407327763,0.0,1.0
KXNBA3PT-26MAR31CHABKN-CHALBALL1-5,2026-03-31,fg3m,4.5,2.49625,2.00375,0.118,0.1345006174163762,0.0,1.0
KXNBA3PT-26MAR31CHABKN-CHALBALL1-6,2026-03-31,fg3m,5.5,2.49625,3.00375,0.0505,0.06589172347307704,0.0,1.0
KXNBA3PT-26MAR31CHABKN-CHAMBRIDGES0-1,2026-03-31,fg3m,0.5,0.85925,-0.35924999999999996,0.5715,0.5570234596615811,1.0,1.0
KXNBA3PT-26MAR31CHABKN-CHAMBRIDGES0-2,2026-03-31,fg3m,1.5,0.85925,0.64075,0.214,0.21490528753694504,0.0,1.0
KXNBA3PT-26MAR31CHABKN-CHAMBRIDGES0-3,2026-03-31,fg3m,2.5,0.85925,1.6407500000000002,0.06,0.06548685770181772,0.0,1.0
KXNBA3PT-26MAR31CHABKN-CHAMBRIDGES0-4,2026-03-31,fg3m,3.5,0.85925,2.64075,0.011,0.0169426201273426,0.0,1.0
KXNBA3PT-26MAR31CHABKN-CHAMBRIDGES0-5,2026-03-31,fg3m,4.5,0.85925,3.64075,0.00225,0.0038861967114594,0.0,1.0
KXNBAPTS-26MAR31TORDET-DETATHOMPSON9-10,2026-03-31,pts,9.5,7.62975,1.8702500000000004,0.31325,0.2856506029062541,0.0,1.0
KXNBAPTS-26MAR31TORDET-DETATHOMPSON9-15,2026-03-31,pts,14.5,7.62975,6.87025,0.079,0.06419823689613868,0.0,1.0
KXNBAPTS-26MAR31TORDET-DETATHOMPSON9-20,2026-03-31,pts,19.5,7.62975,11.87025,0.01425,0.010497919541251122,0.0,1.0
KXNBAPTS-26MAR31TORDET-DETATHOMPSON9-25,2026-03-31,pts,24.5,7.62975,16.87025,0.002,0.001392353426112658,0.0,1.0
KXNBAPTS-26MAR31TORDET-TORJPOELTL19-10,2026-03-31,pts,9.5,9.0345,0.46550000000000047,0.421,0.4065177041161334,1.0,1.0
KXNBAPTS-26MAR31TORDET-TORJPOELTL19-15,2026-03-31,pts,14.5,9.0345,5.4655000000000005,0.135,0.12546732639628266,0.0,1.0
KXNBAPTS-26MAR31TORDET-TORJPOELTL19-20,2026-03-31,pts,19.5,9.0345,10.4655,0.02925,0.028783317813030007,0.0,1.0
KXNBAPTS-26MAR31TORDET-TORRBARRETT9-10,2026-03-31,pts,9.5,11.7155,-2.2155000000000005,0.6195,0.6036879017322392,1.0,1.0
KXNBAPTS-26MAR31TORDET-TORRBARRETT9-15,2026-03-31,pts,14.5,11.7155,2.7844999999999995,0.29175,0.27893669329914195,1.0,1.0
KXNBAPTS-26MAR31TORDET-TORRBARRETT9-20,2026-03-31,pts,19.5,11.7155,7.7844999999999995,0.10325,0.09972783988016298,1.0,1.0
KXNBAPTS-26MAR31TORDET-TORRBARRETT9-25,2026-03-31,pts,24.5,11.7155,12.7845,0.0245,0.02972238865074961,0.0,1.0
KXNBAPTS-26MAR31TORDET-TORRBARRETT9-30,2026-03-31,pts,29.5,11.7155,17.7845,0.0075,0.007756978967150996,0.0,1.0
KXNBAPTS-26MAR31TORDET-TORSBARNES4-15,2026-03-31,pts,14.5,11.07475,3.42525,0.2485,0.23996552827352602,0.0,1.0
KXNBAPTS-26MAR31TORDET-TORSBARNES4-20,2026-03-31,pts,19.5,11.07475,8.42525,0.07575,0.07855295068837331,0.0,1.0
KXNBAPTS-26MAR31TORDET-TORSBARNES4-25,2026-03-31,pts,24.5,11.07475,13.42525,0.01725,0.02134210332642017,0.0,1.0
KXNBAPTS-26MAR31TORDET-TORSBARNES4-30,2026-03-31,pts,29.5,11.07475,18.42525,0.00125,0.005066022095197353,0.0,1.0
KXNBAREB-26MAR31TORDET-DETATHOMPSON9-10,2026-03-31,reb,9.5,3.89375,5.60625,0.015,0.020057978743779348,0.0,1.0
KXNBAREB-26MAR31TORDET-DETATHOMPSON9-2,2026-03-31,reb,1.5,3.89375,-2.39375,0.8705,0.8589285112250343,1.0,1.0
KXNBAREB-26MAR31TORDET-DETATHOMPSON9-4,2026-03-31,reb,3.5,3.89375,-0.3937499999999998,0.5175,0.516803068674351,1.0,1.0
KXNBAREB-26MAR31TORDET-DETATHOMPSON9-6,2026-03-31,reb,5.5,3.89375,1.6062500000000002,0.22125,0.22227399487296973,1.0,1.0
KXNBAREB-26MAR31TORDET-DETATHOMPSON9-8,2026-03-31,reb,7.5,3.89375,3.60625,0.06025,0.07370121670382057,0.0,1.0
KXNBAREB-26MAR31TORDET-TORJPOELTL19-10,2026-03-31,reb,9.5,4.905,4.595,0.0535,0.05916801286377038,0.0,1.0
KXNBAREB-26MAR31TORDET-TORJPOELTL19-12,2026-03-31,reb,11.5,4.905,6.595,0.01525,0.01875888711264584,0.0,1.0
KXNBAREB-26MAR31TORDET-TORJPOELTL19-6,2026-03-31,reb,5.5,4.905,0.5949999999999998,0.36875,0.3680478553324875,0.0,1.0
KXNBAREB-26MAR31TORDET-TORJPOELTL19-8,2026-03-31,reb,7.5,4.905,2.5949999999999998,0.15175,0.1616099662450302,0.0,1.0
KXNBAREB-26MAR31TORDET-TORJPOELTL19-9,2026-03-31,reb,8.5,4.905,3.5949999999999998,0.0885,0.0997727746152518,0.0,1.0
KXNBAREB-26MAR31TORDET-TORRBARRETT9-10,2026-03-31,reb,9.5,3.868,5.632,0.00975,0.019391170587505058,0.0,1.0
KXNBAREB-26MAR31TORDET-TORRBARRETT9-2,2026-03-31,reb,1.5,3.868,-2.368,0.884,0.8567808446051308,1.0,1.0
KXNBAREB-26MAR31TORDET-TORRBARRETT9-4,2026-03-31,reb,3.5,3.868,-0.3679999999999999,0.53425,0.5124240988922737,1.0,1.0
KXNBAREB-26MAR31TORDET-TORRBARRETT9-6,2026-03-31,reb,5.5,3.868,1.6320000000000001,0.20875,0.21868426576346267,1.0,1.0
KXNBAREB-26MAR31TORDET-TORRBARRETT9-8,2026-03-31,reb,7.5,3.868,3.632,0.053,0.07189230228605958,0.0,1.0
KXNBAREB-26MAR31TORDET-TORSBARNES4-10,2026-03-31,reb,9.5,4.582,4.918,0.02675,0.04384489925243429,0.0,1.0
KXNBAREB-26MAR31TORDET-TORSBARNES4-12,2026-03-31,reb,11.5,4.582,6.918,0.005,0.012740689672854133,0.0,1.0
KXNBAREB-26MAR31TORDET-TORSBARNES4-4,2026-03-31,reb,3.5,4.582,-1.0819999999999999,0.64925,0.6235578718067519,0.0,1.0
KXNBAREB-26MAR31TORDET-TORSBARNES4-6,2026-03-31,reb,5.5,4.582,0.9180000000000001,0.31975,0.3211945938624927,0.0,1.0
KXNBAREB-26MAR31TORDET-TORSBARNES4-8,2026-03-31,reb,7.5,4.582,2.918,0.108,0.13029329678461643,0.0,1.0
KXNBAAST-26MAR31TORDET-DETATHOMPSON9-2,2026-03-31,ast,1.5,1.9655,-0.4655,0.57375,0.5622686440329026,1.0,1.0
KXNBAAST-26MAR31TORDET-DETATHOMPSON9-3,2026-03-31,ast,2.5,1.9655,0.5345,0.30925,0.3140920680655108,1.0,1.0
KXNBAAST-26MAR31TORDET-DETATHOMPSON9-4,2026-03-31,ast,3.5,1.9655,1.5345,0.14725,0.15105397915020768,1.0,1.0
KXNBAAST-26MAR31TORDET-DETATHOMPSON9-6,2026-03-31,ast,5.5,1.9655,3.5345,0.0195,0.024923256674592387,0.0,1.0
KXNBAAST-26MAR31TORDET-DETATHOMPSON9-8,2026-03-31,ast,7.5,1.9655,5.5344999999999995,0.00225,0.0029679241955421487,0.0,1.0
KXNBAAST-26MAR31TORDET-TORJPOELTL19-2,2026-03-31,ast,1.5,1.80075,-0.3007500000000001,0.524,0.5189623670250957,0.0,1.0
KXNBAAST-26MAR31TORDET-TORJPOELTL19-3,2026-03-31,ast,2.5,1.80075,0.6992499999999999,0.27425,0.27296277886015674,0.0,1.0
KXNBAAST-26MAR31TORDET-TORJPOELTL19-4,2026-03-31,ast,3.5,1.80075,1.69925,0.12175,0.12295782514203135,0.0,1.0
KXNBAAST-26MAR31TORDET-TORJPOELTL19-6,2026-03-31,ast,5.5,1.80075,3.69925,0.014,0.017663824904519787,0.0,1.0
KXNBAAST-26MAR31TORDET-TORJPOELTL19-8,2026-03-31,ast,7.5,1.80075,5.69925,0.00175,0.0018227780135151583,0.0,1.0
KXNBAAST-26MAR31TORDET-TORRBARRETT9-10,2026-03-31,ast,9.5,2.0575,7.4425,0.0,0.0003874791168164693,0.0,1.0
KXNBAAST-26MAR31TORDET-TORRBARRETT9-2,2026-03-31,ast,1.5,2.0575,-0.5575000000000001,0.60275,0.5849761618053271,1.0,1.0
KXNBAAST-26MAR31TORDET-TORRBARRETT9-4,2026-03-31,ast,3.5,2.0575,1.4425,0.15575,0.16753432349380137,0.0,1.0
KXNBAAST-26MAR31TORDET-TORRBARRETT9-6,2026-03-31,ast,5.5,2.0575,3.4425,0.0235,0.029680282862019847,0.0,1.0
KXNBAAST-26MAR31TORDET-TORRBARRETT9-8,2026-03-31,ast,7.5,2.0575,5.4425,0.00175,0.003805112168111746,0.0,1.0
KXNBAAST-26MAR31TORDET-TORSBARNES4-10,2026-03-31,ast,9.5,3.69125,5.80875,0.00775,0.0146181909237304,1.0,1.0
KXNBAAST-26MAR31TORDET-TORSBARNES4-12,2026-03-31,ast,11.5,3.69125,7.80875,0.0005,0.0030901754434207174,1.0,1.0
KXNBAAST-26MAR31TORDET-TORSBARNES4-6,2026-03-31,ast,5.5,3.69125,1.8087499999999999,0.18325,0.19341472074236965,1.0,1.0
KXNBAAST-26MAR31TORDET-TORSBARNES4-7,2026-03-31,ast,6.5,3.69125,2.80875,0.09125,0.109987587569228,1.0,1.0
KXNBAAST-26MAR31TORDET-TORSBARNES4-8,2026-03-31,ast,7.5,3.69125,3.80875,0.0425,0.0589627507986471,1.0,1.0
KXNBA3PT-26MAR31TORDET-TORSBARNES4-1,2026-03-31,fg3m,0.5,0.65275,-0.15275000000000005,0.48275,0.46545376207343203,0.0,1.0
KXNBA3PT-26MAR31TORDET-TORSBARNES4-2,2026-03-31,fg3m,1.5,0.65275,0.84725,0.137,0.144015013055109,0.0,1.0
KXNBA3PT-26MAR31TORDET-TORSBARNES4-3,2026-03-31,fg3m,2.5,0.65275,1.8472499999999998,0.02725,0.03470906628493642,0.0,1.0
KXNBA3PT-26MAR31TORDET-TORSBARNES4-4,2026-03-31,fg3m,3.5,0.65275,2.84725,0.005,0.0070590849593069604,0.0,1.0
KXNBA3PT-26MAR31TORDET-TORSBARNES4-5,2026-03-31,fg3m,4.5,0.65275,3.84725,0.00075,0.0012688135737407569,0.0,1.0
KXNBAPTS-26MAR31NYKHOU-HOUASENGUN28-10,2026-03-31,pts,9.5,14.04675,-4.546749999999999,0.75375,0.727307573313684,1.0,1.0
KXNBAPTS-26MAR31NYKHOU-HOUASENGUN28-15,2026-03-31,pts,14.5,14.04675,0.4532500000000006,0.4345,0.41962656228721484,0.0,1.0
KXNBAPTS-26MAR31NYKHOU-HOUASENGUN28-20,2026-03-31,pts,19.5,14.04675,5.453250000000001,0.18575,0.1936741542021907,0.0,1.0
KXNBAPTS-26MAR31NYKHOU-HOUASENGUN28-25,2026-03-31,pts,24.5,14.04675,10.45325,0.06125,0.07570709619396965,0.0,1.0
KXNBAPTS-26MAR31NYKHOU-HOUASENGUN28-30,2026-03-31,pts,29.5,14.04675,15.45325,0.01475,0.02613307111351082,0.0,1.0
KXNBAPTS-26MAR31NYKHOU-HOUATHOMPSON1-10,2026-03-31,pts,9.5,13.43,-3.9299999999999997,0.7325,0.6987248254947693,1.0,1.0
KXNBAPTS-26MAR31NYKHOU-HOUATHOMPSON1-15,2026-03-31,pts,14.5,13.43,1.0700000000000003,0.395,0.38329154583767877,1.0,1.0
KXNBAPTS-26MAR31NYKHOU-HOUATHOMPSON1-20,2026-03-31,pts,19.5,13.43,6.07,0.15225,0.16675779333963092,0.0,1.0
KXNBAPTS-26MAR31NYKHOU-HOUATHOMPSON1-25,2026-03-31,pts,24.5,13.43,11.07,0.045,0.06118970999834028,0.0,1.0
KXNBAPTS-26MAR31NYKHOU-HOUJSMITH10-10,2026-03-31,pts,9.5,12.15675,-2.6567500000000006,0.649,0.6304517757034773,1.0,1.0
KXNBAPTS-26MAR31NYKHOU-HOUJSMITH10-15,2026-03-31,pts,14.5,12.15675,2.3432499999999994,0.32325,0.30598439715268577,1.0,1.0
KXNBAPTS-26MAR31NYKHOU-HOUJSMITH10-20,2026-03-31,pts,19.5,12.15675,7.343249999999999,0.11675,0.11565540808155306,0.0,1.0
KXNBAPTS-26MAR31NYKHOU-HOUJSMITH10-25,2026-03-31,pts,24.5,12.15675,12.34325,0.0285,0.03655076916317024,0.0,1.0
KXNBAPTS-26MAR31NYKHOU-HOUKDURANT7-15,2026-03-31,pts,14.5,15.64075,-1.1407500000000006,0.5335,0.5079422287848532,1.0,1.0
KXNBAPTS-26MAR31NYKHOU-HOUKDURANT7-20,2026-03-31,pts,19.5,15.64075,3.8592499999999994,0.25675,0.26714052623327156,1.0,1.0
KXNBAPTS-26MAR31NYKHOU-HOUKDURANT7-25,2026-03-31,pts,24.5,15.64075,8.85925,0.107,0.12027801307235464,1.0,1.0
KXNBAPTS-26MAR31NYKHOU-HOUKDURANT7-30,2026-03-31,pts,29.5,15.64075,13.85925,0.035,0.04810020427286665,0.0,1.0
KXNBAPTS-26MAR31NYKHOU-HOUKDURANT7-35,2026-03-31,pts,34.5,15.64075,18.85925,0.00925,0.01754624792363002,0.0,1.0
KXNBAPTS-26MAR31NYKHOU-HOURSHEPPARD15-10,2026-03-31,pts,9.5,9.9855,-0.48550000000000004,0.4825,0.48287229578648627,1.0,1.0
KXNBAPTS-26MAR31NYKHOU-HOURSHEPPARD15-15,2026-03-31,pts,14.5,9.9855,4.5145,0.1945,0.1762054446677056,1.0,1.0
KXNBAPTS-26MAR31NYKHOU-HOURSHEPPARD15-20,2026-03-31,pts,19.5,9.9855,9.5145,0.061,0.0484864772216701,1.0,1.0
KXNBAPTS-26MAR31NYKHOU-HOURSHEPPARD15-25,2026-03-31,pts,24.5,9.9855,14.5145,0.01575,0.010992022369509469,0.0,1.0
KXNBAPTS-26MAR31NYKHOU-HOUTEASON17-10,2026-03-31,pts,9.5,7.85075,1.6492500000000003,0.3285,0.30494418392058353,1.0,1.0
KXNBAPTS-26MAR31NYKHOU-HOUTEASON17-15,2026-03-31,pts,14.5,7.85075,6.64925,0.0985,0.07252699717108158,1.0,1.0
KXNBAPTS-26MAR31NYKHOU-HOUTEASON17-20,2026-03-31,pts,19.5,7.85075,11.64925,0.0235,0.012592932889123998,0.0,1.0
KXNBAPTS-26MAR31NYKHOU-NYKJBRUNSON11-15,2026-03-31,pts,14.5,14.535,-0.03500000000000014,0.47425,0.44761629939818803,0.0,1.0
KXNBAPTS-26MAR31NYKHOU-NYKJBRUNSON11-20,2026-03-31,pts,19.5,14.535,4.965,0.20425,0.21570374596331154,0.0,1.0
KXNBAPTS-26MAR31NYKHOU-NYKJBRUNSON11-25,2026-03-31,pts,24.5,14.535,9.965,0.06975,0.08832872486658294,0.0,1.0
KXNBAPTS-26MAR31NYKHOU-NYKJBRUNSON11-30,2026-03-31,pts,29.5,14.535,14.965,0.01825,0.031996840593662035,0.0,1.0
KXNBAPTS-26MAR31NYKHOU-NYKJBRUNSON11-35,2026-03-31,pts,34.5,14.535,19.965,0.004,0.010547765841543377,0.0,1.0
KXNBAPTS-26MAR31NYKHOU-NYKJHART3-10,2026-03-31,pts,9.5,9.83725,-0.33724999999999916,0.48175,0.4713862836808871,1.0,1.0
KXNBAPTS-26MAR31NYKHOU-NYKJHART3-15,2026-03-31,pts,14.5,9.83725,4.662750000000001,0.18725,0.16792372373232778,0.0,1.0
KXNBAPTS-26MAR31NYKHOU-NYKJHART3-20,2026-03-31,pts,19.5,9.83725,9.66275,0.049,0.045007955325543025,0.0,1.0
KXNBAPTS-26MAR31NYKHOU-NYKJHART3-25,2026-03-31,pts,24.5,9.83725,14.66275,0.00975,0.009928606038797416,0.0,1.0
KXNBAPTS-26MAR31NYKHOU-NYKKTOWNS32-10,2026-03-31,pts,9.5,10.922,-1.4220000000000006,0.56225,0.55138987443487,1.0,1.0
KXNBAPTS-26MAR31NYKHOU-NYKKTOWNS32-15,2026-03-31,pts,14.5,10.922,3.5779999999999994,0.24425,0.23078644977555118,1.0,1.0
KXNBAPTS-26MAR31NYKHOU-NYKKTOWNS32-20,2026-03-31,pts,19.5,10.922,8.578,0.0735,0.07387175632026,1.0,1.0
KXNBAPTS-26MAR31NYKHOU-NYKKTOWNS32-25,2026-03-31,pts,24.5,10.922,13.578,0.01675,0.019604536999526467,0.0,1.0
KXNBAPTS-26MAR31NYKHOU-NYKMBRIDGES25-10,2026-03-31,pts,9.5,8.633,0.8670000000000009,0.39125,0.37264148083105264,0.0,1.0
KXNBAPTS-26MAR31NYKHOU-NYKMBRIDGES25-15,2026-03-31,pts,14.5,8.633,5.867000000000001,0.1175,0.10605443144803117,0.0,1.0
KXNBAPTS-26MAR31NYKHOU-NYKMBRIDGES25-20,2026-03-31,pts,19.5,8.633,10.867,0.03025,0.022298515140566466,0.0,1.0
KXNBAPTS-26MAR31NYKHOU-NYKMBRIDGES25-25,2026-03-31,pts,24.5,8.633,15.867,0.005,0.0038278045231298075,0.0,1.0
KXNBAPTS-26MAR31NYKHOU-NYKMROBINSON23-10,2026-03-31,pts,9.5,6.18525,3.31475,0.1985,0.1638081296944378,0.0,1.0
KXNBAPTS-26MAR31NYKHOU-NYKMROBINSON23-15,2026-03-31,pts,14.5,6.18525,8.31475,0.0365,0.023389994462342356,0.0,1.0
KXNBAPTS-26MAR31NYKHOU-NYKMROBINSON23-20,2026-03-31,pts,19.5,6.18525,13.31475,0.00525,0.0023778186785410327,0.0,1.0
KXNBAPTS-26MAR31NYKHOU-NYKMROBINSON23-25,2026-03-31,pts,24.5,6.18525,18.31475,0.00025,0.00019425982742715675,0.0,1.0
KXNBAPTS-26MAR31NYKHOU-NYKOANUNOBY8-10,2026-03-31,pts,9.5,11.01825,-1.51825,0.565,0.55801954011817,0.0,1.0
KXNBAPTS-26MAR31NYKHOU-NYKOANUNOBY8-15,2026-03-31,pts,14.5,11.01825,3.48175,0.2525,0.23656376612608787,0.0,1.0
KXNBAPTS-26MAR31NYKHOU-NYKOANUNOBY8-20,2026-03-31,pts,19.5,11.01825,8.48175,0.0805,0.07680442199651716,0.0,1.0
KXNBAPTS-26MAR31NYKHOU-NYKOANUNOBY8-25,2026-03-31,pts,24.5,11.01825,13.48175,0.0195,0.02068799595257509,0.0,1.0
KXNBAREB-26MAR31NYKHOU-HOUASENGUN28-10,2026-03-31,reb,9.5,5.74925,3.75075,0.0835,0.11153392474284063,0.0,1.0
KXNBAREB-26MAR31NYKHOU-HOUASENGUN28-12,2026-03-31,reb,11.5,5.74925,5.75075,0.0245,0.04288746870306526,0.0,1.0
KXNBAREB-26MAR31NYKHOU-HOUASENGUN28-6,2026-03-31,reb,5.5,5.74925,-0.24924999999999997,0.49875,0.4853879237740839,0.0,1.0
KXNBAREB-26MAR31NYKHOU-HOUASENGUN28-8,2026-03-31,reb,7.5,5.74925,1.75075,0.2355,0.25309564114709626,0.0,1.0
KXNBAREB-26MAR31NYKHOU-HOUASENGUN28-9,2026-03-31,reb,8.5,5.74925,2.75075,0.14425,0.17121743712416015,0.0,1.0
KXNBAREB-26MAR31NYKHOU-HOUATHOMPSON1-10,2026-03-31,reb,9.5,5.97475,3.5252499999999998,0.0945,0.12826643005885063,0.0,1.0
KXNBAREB-26MAR31NYKHOU-HOUATHOMPSON1-12,2026-03-31,reb,11.5,5.97475,5.52525,0.0265,0.051565197821599185,0.0,1.0
KXNBAREB-26MAR31NYKHOU-HOUATHOMPSON1-4,2026-03-31,reb,3.5,5.97475,-2.4747500000000002,0.83525,0.77991415459302,1.0,1.0
KXNBAREB-26MAR31NYKHOU-HOUATHOMPSON1-6,2026-03-31,reb,5.5,5.97475,-0.4747500000000002,0.538,0.5146850649364071,0.0,1.0
KXNBAREB-26MAR31NYKHOU-HOUATHOMPSON1-8,2026-03-31,reb,7.5,5.97475,1.5252499999999998,0.25875,0.27898005315718355,0.0,1.0
KXNBAREB-26MAR31NYKHOU-HOUJSMITH10-10,2026-03-31,reb,9.5,5.42325,4.07675,0.059,0.08929455167490974,0.0,1.0
KXNBAREB-26MAR31NYKHOU-HOUJSMITH10-12,2026-03-31,reb,11.5,5.42325,6.07675,0.017,0.03203979311395588,0.0,1.0
KXNBAREB-26MAR31NYKHOU-HOUJSMITH10-6,2026-03-31,reb,5.5,5.42325,0.07674999999999965,0.44725,0.4413317624829489,1.0,1.0
KXNBAREB-26MAR31NYKHOU-HOUJSMITH10-7,2026-03-31,reb,6.5,5.42325,1.0767499999999997,0.30825,0.31666050228832954,0.0,1.0
KXNBAREB-26MAR31NYKHOU-HOUJSMITH10-8,2026-03-31,reb,7.5,5.42325,2.0767499999999997,0.20125,0.21650668006279905,0.0,1.0
KXNBAREB-26MAR31NYKHOU-HOUKDURANT7-2,2026-03-31,reb,1.5,4.36375,-2.8637499999999996,0.91375,0.8927500274662229,1.0,1.0
KXNBAREB-26MAR31NYKHOU-HOUKDURANT7-4,2026-03-31,reb,3.5,4.36375,-0.8637499999999996,0.625,0.5918951164298099,1.0,1.0
KXNBAREB-26MAR31NYKHOU-HOUKDURANT7-5,2026-03-31,reb,4.5,4.36375,0.13625000000000043,0.4345,0.4284970738876601,1.0,1.0
KXNBAREB-26MAR31NYKHOU-HOUKDURANT7-6,2026-03-31,reb,5.5,4.36375,1.1362500000000004,0.277,0.28945220941859684,1.0,1.0
KXNBAREB-26MAR31NYKHOU-HOUKDURANT7-8,2026-03-31,reb,7.5,4.36375,3.1362500000000004,0.09,0.11072467361216698,0.0,1.0
KXNBAREB-26MAR31NYKHOU-HOUTEASON17-10,2026-03-31,reb,9.5,4.34175,5.15825,0.029,0.03419448157049099,0.0,1.0
KXNBAREB-26MAR31NYKHOU-HOUTEASON17-2,2026-03-31,reb,1.5,4.34175,-2.84175,0.89775,0.8913734886489922,1.0,1.0
KXNBAREB-26MAR31NYKHOU-HOUTEASON17-4,2026-03-31,reb,3.5,4.34175,-0.8417500000000002,0.588,0.5885895881248574,1.0,1.0
KXNBAREB-26MAR31NYKHOU-HOUTEASON17-6,2026-03-31,reb,5.5,4.34175,1.1582499999999998,0.28875,0.2862608448605878,1.0,1.0
KXNBAREB-26MAR31NYKHOU-HOUTEASON17-8,2026-03-31,reb,7.5,4.34175,3.15825,0.10775,0.1088306864015196,1.0,1.0
KXNBAREB-26MAR31NYKHOU-NYKJBRUNSON11-2,2026-03-31,reb,1.5,3.16525,-1.66525,0.80475,0.7831314339305562,1.0,1.0
KXNBAREB-26MAR31NYKHOU-NYKJBRUNSON11-3,2026-03-31,reb,2.5,3.16525,-0.6652499999999999,0.601,0.5797023518361514,1.0,1.0
KXNBAREB-26MAR31NYKHOU-NYKJBRUNSON11-4,2026-03-31,reb,3.5,3.16525,0.3347500000000001,0.3935,0.3837749362474012,1.0,1.0
KXNBAREB-26MAR31NYKHOU-NYKJBRUNSON11-6,2026-03-31,reb,5.5,3.16525,2.33475,0.112,0.12766428204608737,1.0,1.0
KXNBAREB-26MAR31NYKHOU-NYKJBRUNSON11-8,2026-03-31,reb,7.5,3.16525,4.33475,0.02275,0.032016024074846716,0.0,1.0
KXNBAREB-26MAR31NYKHOU-NYKJHART3-10,2026-03-31,reb,9.5,4.42175,5.07825,0.0215,0.037243566174908316,0.0,1.0
KXNBAREB-26MAR31NYKHOU-NYKJHART3-12,2026-03-31,reb,11.5,4.42175,7.07825,0.00475,0.01033034308102665,0.0,1.0
KXNBAREB-26MAR31NYKHOU-NYKJHART3-6,2026-03-31,reb,5.5,4.42175,1.0782499999999997,0.29325,0.29787633888148357,0.0,1.0
KXNBAREB-26MAR31NYKHOU-NYKJHART3-7,2026-03-31,reb,6.5,4.42175,2.0782499999999997,0.1715,0.19075595859508498,0.0,1.0
KXNBAREB-26MAR31NYKHOU-NYKJHART3-8,2026-03-31,reb,7.5,4.42175,3.0782499999999997,0.097,0.11578861832604503,0.0,1.0
KXNBAREB-26MAR31NYKHOU-NYKKTOWNS32-10,2026-03-31,reb,9.5,5.4455,4.0545,0.06825,0.09073496896552014,0.0,1.0
KXNBAREB-26MAR31NYKHOU-NYKKTOWNS32-11,2026-03-31,reb,10.5,5.4455,5.0545,0.0375,0.05533927437636188,0.0,1.0
KXNBAREB-26MAR31NYKHOU-NYKKTOWNS32-12,2026-03-31,reb,11.5,5.4455,6.0545,0.02025,0.032717227441973695,0.0,1.0
KXNBAREB-26MAR31NYKHOU-NYKKTOWNS32-14,2026-03-31,reb,13.5,5.4455,8.0545,0.00525,0.010541279592973574,0.0,1.0
KXNBAREB-26MAR31NYKHOU-NYKKTOWNS32-16,2026-03-31,reb,15.5,5.4455,10.0545,0.00075,0.003096758528536858,0.0,1.0
KXNBAREB-26MAR31NYKHOU-NYKMBRIDGES25-10,2026-03-31,reb,9.5,2.886,6.614,0.0015,0.0037802871530513427,0.0,1.0
KXNBAREB-26MAR31NYKHOU-NYKMBRIDGES25-2,2026-03-31,reb,1.5,2.886,-1.3860000000000001,0.763,0.7440907108236656,1.0,1.0
KXNBAREB-26MAR31NYKHOU-NYKMBRIDGES25-4,2026-03-31,reb,3.5,2.886,0.6139999999999999,0.324,0.32903141551238024,0.0,1.0
KXNBAREB-26MAR31NYKHOU-NYKMBRIDGES25-6,2026-03-31,reb,5.5,2.886,2.614,0.0875,0.09674972824313222,0.0,1.0
KXNBAREB-26MAR31NYKHOU-NYKMBRIDGES25-8,2026-03-31,reb,7.5,2.886,4.614,0.01225,0.02126650820305176,0.0,1.0
KXNBAREB-26MAR31NYKHOU-NYKMROBINSON23-10,2026-03-31,reb,9.5,3.82,5.68,0.012,0.018188463013259937,0.0,1.0
KXNBAREB-26MAR31NYKHOU-NYKMROBINSON23-12,2026-03-31,reb,11.5,3.82,7.68,0.0025,0.004138594797330031,0.0,1.0
KXNBAREB-26MAR31NYKHOU-NYKMROBINSON23-4,2026-03-31,reb,3.5,3.82,-0.31999999999999984,0.518,0.504190949851711,1.0,1.0
KXNBAREB-26MAR31NYKHOU-NYKMROBINSON23-6,2026-03-31,reb,5.5,3.82,1.6800000000000002,0.20325,0.21202792552429073,0.0,1.0
KXNBAREB-26MAR31NYKHOU-NYKMROBINSON23-8,2026-03-31,reb,7.5,3.82,3.68,0.05675,0.06858419011054062,0.0,1.0
KXNBAREB-26MAR31NYKHOU-NYKOANUNOBY8-2,2026-03-31,reb,1.5,3.29825,-1.79825,0.82025,0.7995647093078212,1.0,1.0
KXNBAREB-26MAR31NYKHOU-NYKOANUNOBY8-4,2026-03-31,reb,3.5,3.29825,0.2017500000000001,0.416,0.4092999133473747,1.0,1.0
KXNBAREB-26MAR31NYKHOU-NYKOANUNOBY8-5,2026-03-31,reb,4.5,3.29825,1.20175,0.24375,0.2524517081699247,1.0,1.0
KXNBAREB-26MAR31NYKHOU-NYKOANUNOBY8-6,2026-03-31,reb,5.5,3.29825,2.20175,0.1295,0.143609458615094,1.0,1.0
KXNBAREB-26MAR31NYKHOU-NYKOANUNOBY8-8,2026-03-31,reb,7.5,3.29825,4.2017500000000005,0.031,0.038140909341375484,0.0,1.0
KXNBAAST-26MAR31NYKHOU-HOUASENGUN28-10,2026-03-31,ast,9.5,3.5885,5.9115,0.0035,0.0125627804717523,1.0,1.0
KXNBAAST-26MAR31NYKHOU-HOUASENGUN28-2,2026-03-31,ast,1.5,3.5885,-2.0885,0.8585,0.833169377782478,1.0,1.0
KXNBAAST-26MAR31NYKHOU-HOUASENGUN28-4,2026-03-31,ast,3.5,3.5885,-0.0884999999999998,0.47625,0.464104450936471,1.0,1.0
KXNBAAST-26MAR31NYKHOU-HOUASENGUN28-6,2026-03-31,ast,5.5,3.5885,1.9115000000000002,0.1685,0.17962650306731487,1.0,1.0
KXNBAAST-26MAR31NYKHOU-HOUASENGUN28-8,2026-03-31,ast,7.5,3.5885,3.9115,0.0365,0.052717610318840924,1.0,1.0
KXNBAAST-26MAR31NYKHOU-HOUATHOMPSON1-2,2026-03-31,ast,1.5,3.335,-1.835,0.83825,0.805847336419941,1.0,1.0
KXNBAAST-26MAR31NYKHOU-HOUATHOMPSON1-4,2026-03-31,ast,3.5,3.335,0.16500000000000004,0.4195,0.41679972330828596,1.0,1.0
KXNBAAST-26MAR31NYKHOU-HOUATHOMPSON1-5,2026-03-31,ast,4.5,3.335,1.165,0.24875,0.25797335197396276,1.0,1.0
KXNBAAST-26MAR31NYKHOU-HOUATHOMPSON1-6,2026-03-31,ast,5.5,3.335,2.165,0.13275,0.14703546734126582,1.0,1.0
KXNBAAST-26MAR31NYKHOU-HOUATHOMPSON1-8,2026-03-31,ast,7.5,3.335,4.165,0.023,0.03902017608942432,1.0,1.0
KXNBAAST-26MAR31NYKHOU-HOUKDURANT7-2,2026-03-31,ast,1.5,3.4505,-1.9505,0.84725,0.8188191403939094,1.0,1.0
KXNBAAST-26MAR31NYKHOU-HOUKDURANT7-4,2026-03-31,ast,3.5,3.4505,0.0495000000000001,0.45525,0.4386062772387388,1.0,1.0
KXNBAAST-26MAR31NYKHOU-HOUKDURANT7-5,2026-03-31,ast,4.5,3.4505,1.0495,0.2675,0.27726231403661017,1.0,1.0
KXNBAAST-26MAR31NYKHOU-HOUKDURANT7-6,2026-03-31,ast,5.5,3.4505,2.0495,0.1415,0.16161113358761792,1.0,1.0
KXNBAAST-26MAR31NYKHOU-HOUKDURANT7-8,2026-03-31,ast,7.5,3.4505,4.0495,0.03,0.04495858660997465,1.0,1.0
KXNBAAST-26MAR31NYKHOU-HOURSHEPPARD15-2,2026-03-31,ast,1.5,2.9115,-1.4115000000000002,0.7575,0.7497652794460954,1.0,1.0
KXNBAAST-26MAR31NYKHOU-HOURSHEPPARD15-4,2026-03-31,ast,3.5,2.9115,0.5884999999999998,0.3375,0.3340836034808279,0.0,1.0
KXNBAAST-26MAR31NYKHOU-HOURSHEPPARD15-5,2026-03-31,ast,4.5,2.9115,1.5884999999999998,0.1855,0.1893509456512712,0.0,1.0
KXNBAAST-26MAR31NYKHOU-HOURSHEPPARD15-6,2026-03-31,ast,5.5,2.9115,2.5885,0.0895,0.09835948089743896,0.0,1.0
KXNBAAST-26MAR31NYKHOU-HOURSHEPPARD15-8,2026-03-31,ast,7.5,2.9115,4.5885,0.016,0.021500105791136814,0.0,1.0
KXNBAAST-26MAR31NYKHOU-NYKJBRUNSON11-10,2026-03-31,ast,9.5,3.9745,5.5255,0.011,0.02146640110664655,0.0,1.0
KXNBAAST-26MAR31NYKHOU-NYKJBRUNSON11-12,2026-03-31,ast,11.5,3.9745,7.5255,0.001,0.005035695323420186,0.0,1.0
KXNBAAST-26MAR31NYKHOU-NYKJBRUNSON11-6,2026-03-31,ast,5.5,3.9745,1.5255,0.21475,0.23275846470644024,1.0,1.0
KXNBAAST-26MAR31NYKHOU-NYKJBRUNSON11-7,2026-03-31,ast,6.5,3.9745,2.5255,0.12025,0.13885842166607665,1.0,1.0
KXNBAAST-26MAR31NYKHOU-NYKJBRUNSON11-8,2026-03-31,ast,7.5,3.9745,3.5255,0.059,0.07821063981265597,1.0,1.0
KXNBAAST-26MAR31NYKHOU-NYKJHART3-2,2026-03-31,ast,1.5,2.64425,-1.14425,0.7355,0.7064233797348951,1.0,1.0
KXNBAAST-26MAR31NYKHOU-NYKJHART3-4,2026-03-31,ast,3.5,2.64425,0.85575,0.27325,0.280777042065421,0.0,1.0
KXNBAAST-26MAR31NYKHOU-NYKJHART3-5,2026-03-31,ast,4.5,2.64425,1.85575,0.13625,0.14899321444354263,0.0,1.0
KXNBAAST-26MAR31NYKHOU-NYKJHART3-6,2026-03-31,ast,5.5,2.64425,2.85575,0.05825,0.07224642161770367,0.0,1.0
KXNBAAST-26MAR31NYKHOU-NYKJHART3-8,2026-03-31,ast,7.5,2.64425,4.8557500000000005,0.0075,0.013689540141027079,0.0,1.0
KXNBA3PT-26MAR31NYKHOU-HOUKDURANT7-1,2026-03-31,fg3m,0.5,1.5665,-1.0665,0.778,0.75945494406628,1.0,1.0
KXNBA3PT-26MAR31NYKHOU-HOUKDURANT7-2,2026-03-31,fg3m,1.5,1.5665,-0.0665,0.466,0.44680124791405096,1.0,1.0
KXNBA3PT-26MAR31NYKHOU-HOUKDURANT7-3,2026-03-31,fg3m,2.5,1.5665,0.9335,0.209,0.21699421861238466,1.0,1.0
KXNBA3PT-26MAR31NYKHOU-HOUKDURANT7-4,2026-03-31,fg3m,3.5,1.5665,1.9335,0.08175,0.09134246874990892,1.0,1.0
KXNBA3PT-26MAR31NYKHOU-HOUKDURANT7-5,2026-03-31,fg3m,4.5,1.5665,2.9335,0.023,0.03446676304176588,0.0,1.0
KXNBA3PT-26MAR31NYKHOU-HOURSHEPPARD15-2,2026-03-31,fg3m,1.5,1.909,-0.40900000000000003,0.557,0.5401222268244861,1.0,1.0
KXNBA3PT-26MAR31NYKHOU-HOURSHEPPARD15-3,2026-03-31,fg3m,2.5,1.909,0.591,0.29275,0.30013455106753595,1.0,1.0
KXNBA3PT-26MAR31NYKHOU-HOURSHEPPARD15-4,2026-03-31,fg3m,3.5,1.909,1.591,0.14125,0.14596610012663236,1.0,1.0
KXNBA3PT-26MAR31NYKHOU-HOURSHEPPARD15-5,2026-03-31,fg3m,4.5,1.909,2.591,0.055,0.06397719203067675,0.0,1.0
KXNBA3PT-26MAR31NYKHOU-HOURSHEPPARD15-6,2026-03-31,fg3m,5.5,1.909,3.591,0.01875,0.025814541166836458,0.0,1.0
KXNBA3PT-26MAR31NYKHOU-HOUTEASON17-1,2026-03-31,fg3m,0.5,0.91125,-0.41125,0.57875,0.5771910851662684,1.0,1.0
KXNBA3PT-26MAR31NYKHOU-HOUTEASON17-2,2026-03-31,fg3m,1.5,0.91125,0.58875,0.2365,0.23299449877835432,1.0,1.0
KXNBA3PT-26MAR31NYKHOU-HOUTEASON17-3,2026-03-31,fg3m,2.5,0.91125,1.58875,0.07225,0.07454108828864459,1.0,1.0
KXNBA3PT-26MAR31NYKHOU-HOUTEASON17-4,2026-03-31,fg3m,3.5,0.91125,2.58875,0.01775,0.02027829895974831,0.0,1.0
KXNBA3PT-26MAR31NYKHOU-HOUTEASON17-5,2026-03-31,fg3m,4.5,0.91125,3.58875,0.005,0.004894781006315019,0.0,1.0
KXNBA3PT-26MAR31NYKHOU-NYKJBRUNSON11-1,2026-03-31,fg3m,0.5,1.26425,-0.7642500000000001,0.71575,0.6895864909057203,1.0,1.0
KXNBA3PT-26MAR31NYKHOU-NYKJBRUNSON11-2,2026-03-31,fg3m,1.5,1.26425,0.2357499999999999,0.3615,0.35290612073049465,0.0,1.0
KXNBA3PT-26MAR31NYKHOU-NYKJBRUNSON11-3,2026-03-31,fg3m,2.5,1.26425,1.23575,0.138,0.1464025393898667,0.0,1.0
KXNBA3PT-26MAR31NYKHOU-NYKJBRUNSON11-4,2026-03-31,fg3m,3.5,1.26425,2.23575,0.038,0.052182589101781085,0.0,1.0
KXNBA3PT-26MAR31NYKHOU-NYKJBRUNSON11-5,2026-03-31,fg3m,4.5,1.26425,3.23575,0.009,0.016593966596284426,0.0,1.0
KXNBA3PT-26MAR31NYKHOU-NYKJHART3-1,2026-03-31,fg3m,0.5,1.2255,-0.7255,0.7045,0.6790702948730252,1.0,1.0
KXNBA3PT-26MAR31NYKHOU-NYKJHART3-2,2026-03-31,fg3m,1.5,1.2255,0.27449999999999997,0.34075,0.34017703467822114,0.0,1.0
KXNBA3PT-26MAR31NYKHOU-NYKJHART3-3,2026-03-31,fg3m,2.5,1.2255,1.2745,0.1295,0.13780590510237434,0.0,1.0
KXNBA3PT-26MAR31NYKHOU-NYKJHART3-4,2026-03-31,fg3m,3.5,1.2255,2.2744999999999997,0.0385,0.0479100494068192,0.0,1.0
KXNBA3PT-26MAR31NYKHOU-NYKJHART3-5,2026-03-31,fg3m,4.5,1.2255,3.2744999999999997,0.00975,0.014851498667146634,0.0,1.0
KXNBA3PT-26MAR31NYKHOU-NYKKTOWNS32-1,2026-03-31,fg3m,0.5,0.74875,-0.24875000000000003,0.52125,0.5104488609691092,1.0,1.0
KXNBA3PT-26MAR31NYKHOU-NYKKTOWNS32-2,2026-03-31,fg3m,1.5,0.74875,0.75125,0.1755,0.1766395492238989,1.0,1.0
KXNBA3PT-26MAR31NYKHOU-NYKKTOWNS32-3,2026-03-31,fg3m,2.5,0.74875,1.75125,0.043,0.047923874215038964,0.0,1.0
KXNBA3PT-26MAR31NYKHOU-NYKKTOWNS32-4,2026-03-31,fg3m,3.5,0.74875,2.7512499999999998,0.00775,0.011003174704547036,0.0,1.0
KXNBA3PT-26MAR31NYKHOU-NYKKTOWNS32-5,2026-03-31,fg3m,4.5,0.74875,3.7512499999999998,0.00125,0.0022359643315996713,0.0,1.0
KXNBA3PT-26MAR31NYKHOU-NYKMBRIDGES25-1,2026-03-31,fg3m,0.5,1.203,-0.7030000000000001,0.68975,0.6727794881528575,1.0,1.0
KXNBA3PT-26MAR31NYKHOU-NYKMBRIDGES25-2,2026-03-31,fg3m,1.5,1.203,0.29699999999999993,0.332,0.332723634539271,0.0,1.0
KXNBA3PT-26MAR31NYKHOU-NYKMBRIDGES25-3,2026-03-31,fg3m,2.5,1.203,1.297,0.126,0.1328789507705932,0.0,1.0
KXNBA3PT-26MAR31NYKHOU-NYKMBRIDGES25-4,2026-03-31,fg3m,3.5,1.203,2.2969999999999997,0.04125,0.04551335650961841,0.0,1.0
KXNBA3PT-26MAR31NYKHOU-NYKMBRIDGES25-5,2026-03-31,fg3m,4.5,1.203,3.2969999999999997,0.01175,0.013894854111741517,0.0,1.0
KXNBA3PT-26MAR31NYKHOU-NYKOANUNOBY8-1,2026-03-31,fg3m,0.5,1.75425,-1.25425,0.824,0.7938314825265693,1.0,1.0
KXNBA3PT-26MAR31NYKHOU-NYKOANUNOBY8-2,2026-03-31,fg3m,1.5,1.75425,-0.2542500000000001,0.51775,0.499743714852692,1.0,1.0
KXNBA3PT-26MAR31NYKHOU-NYKOANUNOBY8-3,2026-03-31,fg3m,2.5,1.75425,0.7457499999999999,0.26075,0.2625166787570663,0.0,1.0
KXNBA3PT-26MAR31NYKHOU-NYKOANUNOBY8-4,2026-03-31,fg3m,3.5,1.75425,1.74575,0.102,0.12016686744855831,0.0,1.0
KXNBA3PT-26MAR31NYKHOU-NYKOANUNOBY8-5,2026-03-31,fg3m,4.5,1.75425,2.74575,0.035,0.049453318554044,0.0,1.0
KXNBAPTS-26MAR31PORLAC-LACBLOPEZ11-10,2026-03-31,pts,9.5,7.94775,1.55225,0.34675,0.3134073898178137,1.0,1.0
KXNBAPTS-26MAR31PORLAC-LACBLOPEZ11-15,2026-03-31,pts,14.5,7.94775,6.55225,0.09675,0.07634846012295715,1.0,1.0
KXNBAPTS-26MAR31PORLAC-LACBLOPEZ11-20,2026-03-31,pts,19.5,7.94775,11.55225,0.01975,0.013598112377935512,0.0,1.0
KXNBAPTS-26MAR31PORLAC-LACBMATHURIN9-15,2026-03-31,pts,14.5,12.89575,1.6042500000000004,0.365,0.3511225801612061,0.0,1.0
KXNBAPTS-26MAR31PORLAC-LACBMATHURIN9-20,2026-03-31,pts,19.5,12.89575,6.60425,0.14525,0.14448360344119204,0.0,1.0
KXNBAPTS-26MAR31PORLAC-LACBMATHURIN9-25,2026-03-31,pts,24.5,12.89575,11.60425,0.0425,0.04996114443850119,0.0,1.0
KXNBAPTS-26MAR31PORLAC-LACBMATHURIN9-30,2026-03-31,pts,29.5,12.89575,16.60425,0.0095,0.015192343051200208,0.0,1.0
KXNBAPTS-26MAR31PORLAC-LACDGARLAND10-10,2026-03-31,pts,9.5,12.00675,-2.5067500000000003,0.6295,0.6215379060772352,1.0,1.0
KXNBAPTS-26MAR31PORLAC-LACDGARLAND10-15,2026-03-31,pts,14.5,12.00675,2.4932499999999997,0.31675,0.2967852639998645,1.0,1.0
KXNBAPTS-26MAR31PORLAC-LACDGARLAND10-20,2026-03-31,pts,19.5,12.00675,7.49325,0.12125,0.11012526464851091,1.0,1.0
KXNBAPTS-26MAR31PORLAC-LACDGARLAND10-25,2026-03-31,pts,24.5,12.00675,12.49325,0.03475,0.03413115364666608,0.0,1.0
KXNBAPTS-26MAR31PORLAC-LACDGARLAND10-30,2026-03-31,pts,29.5,12.00675,17.49325,0.00675,0.00927273106747295,0.0,1.0
KXNBAPTS-26MAR31PORLAC-LACDJONES5-10,2026-03-31,pts,9.5,7.86,1.6399999999999997,0.32325,0.30575155033059154,0.0,1.0
KXNBAPTS-26MAR31PORLAC-LACDJONES5-15,2026-03-31,pts,14.5,7.86,6.64,0.0825,0.07288710314338342,0.0,1.0
KXNBAPTS-26MAR31PORLAC-LACDJONES5-20,2026-03-31,pts,19.5,7.86,11.64,0.01625,0.01268649133530464,0.0,1.0
KXNBAPTS-26MAR31PORLAC-LACDJONES5-25,2026-03-31,pts,24.5,7.86,16.64,0.0015,0.0017937013730148221,0.0,1.0
KXNBAPTS-26MAR31PORLAC-LACJCOLLINS20-10,2026-03-31,pts,9.5,8.93125,0.5687499999999996,0.4155,0.39788392036815834,1.0,1.0
KXNBAPTS-26MAR31PORLAC-LACJCOLLINS20-15,2026-03-31,pts,14.5,8.93125,5.56875,0.1405,0.12034615004192772,1.0,1.0
KXNBAPTS-26MAR31PORLAC-LACJCOLLINS20-20,2026-03-31,pts,19.5,8.93125,10.56875,0.0345,0.027013815822250598,0.0,1.0
KXNBAPTS-26MAR31PORLAC-LACJCOLLINS20-25,2026-03-31,pts,24.5,8.93125,15.56875,0.00675,0.004960511470733842,0.0,1.0
KXNBAPTS-26MAR31PORLAC-LACKLEONARD2-25,2026-03-31,pts,24.5,13.934,10.566,0.0685,0.0729318377926702,0.0,1.0
KXNBAPTS-26MAR31PORLAC-LACKLEONARD2-30,2026-03-31,pts,29.5,13.934,15.566,0.0185,0.02488525339534131,0.0,1.0
KXNBAPTS-26MAR31PORLAC-LACKLEONARD2-35,2026-03-31,pts,34.5,13.934,20.566000000000003,0.00425,0.007717224079590745,0.0,1.0
KXNBAPTS-26MAR31PORLAC-LACKLEONARD2-40,2026-03-31,pts,39.5,13.934,25.566000000000003,0.00075,0.0022201037394127265,0.0,1.0
KXNBAPTS-26MAR31PORLAC-PORDAVDIJA8-20,2026-03-31,pts,19.5,12.6385,6.8614999999999995,0.14525,0.13416607423993054,1.0,1.0
KXNBAPTS-26MAR31PORLAC-PORDAVDIJA8-25,2026-03-31,pts,24.5,12.6385,11.8615,0.04725,0.04501180178941089,1.0,1.0
KXNBAPTS-26MAR31PORLAC-PORDAVDIJA8-30,2026-03-31,pts,29.5,12.6385,16.8615,0.01525,0.013267415717120867,0.0,1.0
KXNBAPTS-26MAR31PORLAC-PORDAVDIJA8-35,2026-03-31,pts,34.5,12.6385,21.8615,0.0025,0.0035445400692909468,0.0,1.0
KXNBAPTS-26MAR31PORLAC-PORDCLINGAN23-10,2026-03-31,pts,9.5,8.93125,0.5687499999999996,0.4055,0.39788392036815834,0.0,1.0
KXNBAPTS-26MAR31PORLAC-PORDCLINGAN23-15,2026-03-31,pts,14.5,8.93125,5.56875,0.14225,0.12034615004192772,0.0,1.0
KXNBAPTS-26MAR31PORLAC-PORDCLINGAN23-20,2026-03-31,pts,19.5,8.93125,10.56875,0.03475,0.027013815822250598,0.0,1.0
KXNBAPTS-26MAR31PORLAC-PORDCLINGAN23-25,2026-03-31,pts,24.5,8.93125,15.56875,0.0065,0.004960511470733842,0.0,1.0
KXNBAPTS-26MAR31PORLAC-PORJHOLIDAY5-10,2026-03-31,pts,9.5,9.99125,-0.49125000000000085,0.49625,0.4833144300564428,1.0,1.0
KXNBAPTS-26MAR31PORLAC-PORJHOLIDAY5-15,2026-03-31,pts,14.5,9.99125,4.508749999999999,0.195,0.17652902095100187,1.0,1.0
KXNBAPTS-26MAR31PORLAC-PORJHOLIDAY5-20,2026-03-31,pts,19.5,9.99125,9.50875,0.0555,0.048624417791119035,1.0,1.0
KXNBAPTS-26MAR31PORLAC-PORJHOLIDAY5-25,2026-03-31,pts,24.5,9.99125,14.50875,0.0115,0.011034819217876857,1.0,1.0
KXNBAPTS-26MAR31PORLAC-PORTCAMARA33-10,2026-03-31,pts,9.5,10.30425,-0.8042499999999997,0.50575,0.5069926883574165,1.0,1.0
KXNBAPTS-26MAR31PORLAC-PORTCAMARA33-15,2026-03-31,pts,14.5,10.30425,4.19575,0.2175,0.19438681921187584,1.0,1.0
KXNBAPTS-26MAR31PORLAC-PORTCAMARA33-20,2026-03-31,pts,19.5,10.30425,9.19575,0.075,0.05647176612978344,0.0,1.0
KXNBAPTS-26MAR31PORLAC-PORTCAMARA33-25,2026-03-31,pts,24.5,10.30425,14.19575,0.01625,0.013545238986046981,0.0,1.0
KXNBAREB-26MAR31PORLAC-LACBLOPEZ11-2,2026-03-31,reb,1.5,3.286,-1.786,0.8205,0.7981052939971582,1.0,1.0
KXNBAREB-26MAR31PORLAC-LACBLOPEZ11-4,2026-03-31,reb,3.5,3.286,0.21399999999999997,0.417,0.4069676974480294,1.0,1.0
KXNBAREB-26MAR31PORLAC-LACBLOPEZ11-5,2026-03-31,reb,4.5,3.286,1.214,0.24025,0.2504315459291995,1.0,1.0
KXNBAREB-26MAR31PORLAC-LACBLOPEZ11-6,2026-03-31,reb,5.5,3.286,2.214,0.12775,0.14211101276407723,1.0,1.0
KXNBAREB-26MAR31PORLAC-LACBLOPEZ11-8,2026-03-31,reb,7.5,3.286,4.214,0.02575,0.03754910551180235,0.0,1.0
KXNBAREB-26MAR31PORLAC-LACBMATHURIN9-10,2026-03-31,reb,9.5,3.81375,5.686249999999999,0.01225,0.018035683180945283,0.0,1.0
KXNBAREB-26MAR31PORLAC-LACBMATHURIN9-2,2026-03-31,reb,1.5,3.81375,-2.31375,0.867,0.8521444721399607,0.0,1.0
KXNBAREB-26MAR31PORLAC-LACBMATHURIN9-4,2026-03-31,reb,3.5,3.81375,-0.3137500000000002,0.519,0.5031122411348223,0.0,1.0
KXNBAREB-26MAR31PORLAC-LACBMATHURIN9-6,2026-03-31,reb,5.5,3.81375,1.6862499999999998,0.1985,0.21116473230921606,0.0,1.0
KXNBAREB-26MAR31PORLAC-LACBMATHURIN9-8,2026-03-31,reb,7.5,3.81375,3.68625,0.05275,0.06815959467280996,0.0,1.0
KXNBAREB-26MAR31PORLAC-LACJCOLLINS20-10,2026-03-31,reb,9.5,3.476,6.024,0.008,0.011024627228221506,0.0,1.0
KXNBAREB-26MAR31PORLAC-LACJCOLLINS20-2,2026-03-31,reb,1.5,3.476,-1.976,0.83075,0.8195736791660955,1.0,1.0
KXNBAREB-26MAR31PORLAC-LACJCOLLINS20-4,2026-03-31,reb,3.5,3.476,0.02400000000000002,0.4505,0.4426538099860218,1.0,1.0
KXNBAREB-26MAR31PORLAC-LACJCOLLINS20-6,2026-03-31,reb,5.5,3.476,2.024,0.15875,0.1659747476682597,1.0,1.0
KXNBAREB-26MAR31PORLAC-LACJCOLLINS20-8,2026-03-31,reb,7.5,3.476,4.024,0.03875,0.047364295088807906,0.0,1.0
KXNBAREB-26MAR31PORLAC-LACKLEONARD2-10,2026-03-31,reb,9.5,3.82025,5.67975,0.0095,0.018194592425865297,0.0,1.0
KXNBAREB-26MAR31PORLAC-LACKLEONARD2-12,2026-03-31,reb,11.5,3.82025,7.67975,0.00125,0.00414036606134105,0.0,1.0
KXNBAREB-26MAR31PORLAC-LACKLEONARD2-6,2026-03-31,reb,5.5,3.82025,1.6797499999999999,0.20175,0.21206247053416605,1.0,1.0
KXNBAREB-26MAR31PORLAC-LACKLEONARD2-7,2026-03-31,reb,6.5,3.82025,2.67975,0.1135,0.12408040073604187,1.0,1.0
KXNBAREB-26MAR31PORLAC-LACKLEONARD2-8,2026-03-31,reb,7.5,3.82025,3.67975,0.054,0.0686012034862079,1.0,1.0
KXNBAREB-26MAR31PORLAC-PORDAVDIJA8-10,2026-03-31,reb,9.5,4.638,4.862,0.039,0.04630806046185376,1.0,1.0
KXNBAREB-26MAR31PORLAC-PORDAVDIJA8-12,2026-03-31,reb,11.5,4.638,6.862,0.01025,0.013669723052047944,0.0,1.0
KXNBAREB-26MAR31PORLAC-PORDAVDIJA8-6,2026-03-31,reb,5.5,4.638,0.8620000000000001,0.3355,0.32934429387907027,1.0,1.0
KXNBAREB-26MAR31PORLAC-PORDAVDIJA8-7,2026-03-31,reb,6.5,4.638,1.862,0.2185,0.21688310813169998,1.0,1.0
KXNBAREB-26MAR31PORLAC-PORDAVDIJA8-8,2026-03-31,reb,7.5,4.638,2.862,0.13025,0.13553171978942347,1.0,1.0
KXNBAREB-26MAR31PORLAC-PORDCLINGAN23-10,2026-03-31,reb,9.5,6.24375,3.2562499999999996,0.12525,0.1495278227041683,0.0,1.0
KXNBAREB-26MAR31PORLAC-PORDCLINGAN23-12,2026-03-31,reb,11.5,6.24375,5.25625,0.045,0.06318151577609199,0.0,1.0
KXNBAREB-26MAR31PORLAC-PORDCLINGAN23-13,2026-03-31,reb,12.5,6.24375,6.25625,0.02725,0.03938800864923431,0.0,1.0
KXNBAREB-26MAR31PORLAC-PORDCLINGAN23-14,2026-03-31,reb,13.5,6.24375,7.25625,0.013,0.02396089148053826,0.0,1.0
KXNBAREB-26MAR31PORLAC-PORDCLINGAN23-16,2026-03-31,reb,15.5,6.24375,9.25625,0.00225,0.00830894399558535,0.0,1.0
KXNBAREB-26MAR31PORLAC-PORJHOLIDAY5-10,2026-03-31,reb,9.5,3.66325,5.83675,0.008,0.014616139640186598,0.0,1.0
KXNBAREB-26MAR31PORLAC-PORJHOLIDAY5-2,2026-03-31,reb,1.5,3.66325,-2.16325,0.866,0.8384518830377385,1.0,1.0
KXNBAREB-26MAR31PORLAC-PORJHOLIDAY5-4,2026-03-31,reb,3.5,3.66325,-0.16325000000000012,0.4855,0.47668393521492625,1.0,1.0
KXNBAREB-26MAR31PORLAC-PORJHOLIDAY5-6,2026-03-31,reb,5.5,3.66325,1.8367499999999999,0.17575,0.19065027361340536,1.0,1.0
KXNBAREB-26MAR31PORLAC-PORJHOLIDAY5-8,2026-03-31,reb,7.5,3.66325,3.83675,0.046,0.05836830909517965,0.0,1.0
KXNBAAST-26MAR31PORLAC-LACBMATHURIN9-10,2026-03-31,ast,9.5,2.065,7.4350000000000005,0.00025,0.0003974924073023578,0.0,1.0
KXNBAAST-26MAR31PORLAC-LACBMATHURIN9-2,2026-03-31,ast,1.5,2.065,-0.565,0.598,0.5867812415793896,0.0,1.0
KXNBAAST-26MAR31PORLAC-LACBMATHURIN9-4,2026-03-31,ast,3.5,2.065,1.435,0.16325,0.1688996293012075,0.0,1.0
KXNBAAST-26MAR31PORLAC-LACBMATHURIN9-6,2026-03-31,ast,5.5,2.065,3.435,0.02425,0.030090791766448577,0.0,1.0
KXNBAAST-26MAR31PORLAC-LACBMATHURIN9-8,2026-03-31,ast,7.5,2.065,5.4350000000000005,0.001,0.003880329871958188,0.0,1.0
KXNBAAST-26MAR31PORLAC-LACDGARLAND10-10,2026-03-31,ast,9.5,3.6505,5.8495,0.0085,0.013776946331177431,0.0,1.0
KXNBAAST-26MAR31PORLAC-LACDGARLAND10-12,2026-03-31,ast,11.5,3.6505,7.8495,0.0005,0.002866542141955253,0.0,1.0
KXNBAAST-26MAR31PORLAC-LACDGARLAND10-6,2026-03-31,ast,5.5,3.6505,1.8495,0.18225,0.1879110013542048,0.0,1.0
KXNBAAST-26MAR31PORLAC-LACDGARLAND10-7,2026-03-31,ast,6.5,3.6505,2.8495,0.10225,0.10607658433898148,0.0,1.0
KXNBAAST-26MAR31PORLAC-LACDGARLAND10-8,2026-03-31,ast,7.5,3.6505,3.8495,0.04625,0.05643836705239813,0.0,1.0
KXNBAAST-26MAR31PORLAC-PORDAVDIJA8-10,2026-03-31,ast,9.5,3.23125,6.26875,0.0055,0.006994953665098169,0.0,1.0
KXNBAAST-26MAR31PORLAC-PORDAVDIJA8-12,2026-03-31,ast,11.5,3.23125,8.26875,0.0015,0.0012183178070845901,0.0,1.0
KXNBAAST-26MAR31PORLAC-PORDAVDIJA8-6,2026-03-31,ast,5.5,3.23125,2.26875,0.12475,0.13437853326072025,1.0,1.0
KXNBAAST-26MAR31PORLAC-PORDAVDIJA8-7,2026-03-31,ast,6.5,3.23125,3.26875,0.062,0.06981789545273698,1.0,1.0
KXNBAAST-26MAR31PORLAC-PORDAVDIJA8-8,2026-03-31,ast,7.5,3.23125,4.26875,0.03025,0.034115665548173024,1.0,1.0
KXNBAAST-26MAR31PORLAC-PORJHOLIDAY5-10,2026-03-31,ast,9.5,2.8475,6.6525,0.001,0.0032984503963436884,0.0,1.0
KXNBAAST-26MAR31PORLAC-PORJHOLIDAY5-2,2026-03-31,ast,1.5,2.8475,-1.3475000000000001,0.75725,0.7399930567375942,1.0,1.0
KXNBAAST-26MAR31PORLAC-PORJHOLIDAY5-4,2026-03-31,ast,3.5,2.8475,0.6524999999999999,0.3195,0.32134001144176993,0.0,1.0
KXNBAAST-26MAR31PORLAC-PORJHOLIDAY5-6,2026-03-31,ast,5.5,2.8475,2.6525,0.08375,0.09175265875691241,0.0,1.0
KXNBAAST-26MAR31PORLAC-PORJHOLIDAY5-8,2026-03-31,ast,7.5,2.8475,4.6525,0.01075,0.019412534312559515,0.0,1.0
KXNBA3PT-26MAR31PORLAC-LACBMATHURIN9-1,2026-03-31,fg3m,0.5,0.775,-0.275,0.532,0.5219950657579389,0.0,1.0
KXNBA3PT-26MAR31PORLAC-LACBMATHURIN9-2,2026-03-31,fg3m,1.5,0.775,0.725,0.18425,0.18568510998063203,0.0,1.0
KXNBA3PT-26MAR31PORLAC-LACBMATHURIN9-3,2026-03-31,fg3m,2.5,0.775,1.725,0.04775,0.05187785005112344,0.0,1.0
KXNBA3PT-26MAR31PORLAC-LACBMATHURIN9-4,2026-03-31,fg3m,3.5,0.775,2.725,0.01,0.012275120328222422,0.0,1.0
KXNBA3PT-26MAR31PORLAC-LACBMATHURIN9-5,2026-03-31,fg3m,4.5,0.775,3.725,0.0005,0.00257172799926908,0.0,1.0
KXNBA3PT-26MAR31PORLAC-LACDGARLAND10-1,2026-03-31,fg3m,0.5,2.01725,-1.5172500000000002,0.859,0.8330357174931532,1.0,1.0
KXNBA3PT-26MAR31PORLAC-LACDGARLAND10-2,2026-03-31,fg3m,1.5,2.01725,-0.5172500000000002,0.59025,0.56662788564773,1.0,1.0
KXNBA3PT-26MAR31PORLAC-LACDGARLAND10-3,2026-03-31,fg3m,2.5,2.01725,0.4827499999999998,0.33,0.326245295823252,1.0,1.0
KXNBA3PT-26MAR31PORLAC-LACDGARLAND10-4,2026-03-31,fg3m,3.5,2.01725,1.4827499999999998,0.14875,0.1648969480368192,0.0,1.0
KXNBA3PT-26MAR31PORLAC-LACDGARLAND10-5,2026-03-31,fg3m,4.5,2.01725,2.48275,0.0605,0.07524100970629632,0.0,1.0
KXNBA3PT-26MAR31PORLAC-LACKLEONARD2-1,2026-03-31,fg3m,0.5,1.411,-0.911,0.744,0.7260259947981889,0.0,1.0
KXNBA3PT-26MAR31PORLAC-LACKLEONARD2-2,2026-03-31,fg3m,1.5,1.411,0.08899999999999997,0.41275,0.3997566292548327,0.0,1.0
KXNBA3PT-26MAR31PORLAC-LACKLEONARD2-3,2026-03-31,fg3m,2.5,1.411,1.089,0.17375,0.18003346362413863,0.0,1.0
KXNBA3PT-26MAR31PORLAC-LACKLEONARD2-4,2026-03-31,fg3m,3.5,1.411,2.089,0.0555,0.0699604422872121,0.0,1.0
KXNBA3PT-26MAR31PORLAC-LACKLEONARD2-5,2026-03-31,fg3m,4.5,1.411,3.089,0.01775,0.024310634608962545,0.0,1.0
KXNBA3PT-26MAR31PORLAC-PORDAVDIJA8-1,2026-03-31,fg3m,0.5,0.87625,-0.37625,0.569,0.5637340501504255,1.0,1.0
KXNBA3PT-26MAR31PORLAC-PORDAVDIJA8-2,2026-03-31,fg3m,1.5,0.87625,0.62375,0.22,0.22081882199110858,0.0,1.0
KXNBA3PT-26MAR31PORLAC-PORDAVDIJA8-3,2026-03-31,fg3m,2.5,0.87625,1.62375,0.0685,0.06839430251556933,0.0,1.0
KXNBA3PT-26MAR31PORLAC-PORDAVDIJA8-4,2026-03-31,fg3m,3.5,0.87625,2.6237500000000002,0.014,0.017994551797376634,0.0,1.0
KXNBA3PT-26MAR31PORLAC-PORDAVDIJA8-5,2026-03-31,fg3m,4.5,0.87625,3.6237500000000002,0.00325,0.004198495207602293,0.0,1.0
KXNBAPTS-26MAR31CLELAL-CLEDMITCHELL45-15,2026-03-31,pts,14.5,14.13325,0.3667499999999997,0.443,0.4246392111904287,0.0,1.0
KXNBAPTS-26MAR31CLELAL-CLEDMITCHELL45-20,2026-03-31,pts,19.5,14.13325,5.36675,0.19425,0.19753578460784538,0.0,1.0
KXNBAPTS-26MAR31CLELAL-CLEDMITCHELL45-25,2026-03-31,pts,24.5,14.13325,10.36675,0.0625,0.07787221490430452,0.0,1.0
KXNBAPTS-26MAR31CLELAL-CLEDMITCHELL45-30,2026-03-31,pts,29.5,14.13325,15.36675,0.01525,0.0271171991031407,0.0,1.0
KXNBAPTS-26MAR31CLELAL-CLEDMITCHELL45-35,2026-03-31,pts,34.5,14.13325,20.36675,0.004,0.008585874862291454,0.0,1.0
KXNBAPTS-26MAR31CLELAL-CLEDSCHRODER8-10,2026-03-31,pts,9.5,5.8995,3.6005000000000003,0.17675,0.1417999687613014,0.0,1.0
KXNBAPTS-26MAR31CLELAL-CLEDSCHRODER8-15,2026-03-31,pts,14.5,5.8995,8.6005,0.037,0.01811662191701502,0.0,1.0
KXNBAPTS-26MAR31CLELAL-CLEDSCHRODER8-20,2026-03-31,pts,19.5,5.8995,13.6005,0.00525,0.0016409254794396144,0.0,1.0
KXNBAPTS-26MAR31CLELAL-CLEEMOBLEY4-10,2026-03-31,pts,9.5,12.25975,-2.7597500000000004,0.65875,0.6364635747153955,0.0,1.0
KXNBAPTS-26MAR31CLELAL-CLEEMOBLEY4-15,2026-03-31,pts,14.5,12.25975,2.2402499999999996,0.31475,0.31229901128344695,0.0,1.0
KXNBAPTS-26MAR31CLELAL-CLEEMOBLEY4-20,2026-03-31,pts,19.5,12.25975,7.24025,0.1015,0.11951898256647142,0.0,1.0
KXNBAPTS-26MAR31CLELAL-CLEEMOBLEY4-25,2026-03-31,pts,24.5,12.25975,12.24025,0.0225,0.038271224812959415,0.0,1.0
KXNBAPTS-26MAR31CLELAL-CLEJHARDEN1-15,2026-03-31,pts,14.5,12.80225,1.6977499999999992,0.36275,0.345442653624224,1.0,1.0
KXNBAPTS-26MAR31CLELAL-CLEJHARDEN1-20,2026-03-31,pts,19.5,12.80225,6.697749999999999,0.142,0.14070083366191366,0.0,1.0
KXNBAPTS-26MAR31CLELAL-CLEJHARDEN1-25,2026-03-31,pts,24.5,12.80225,11.69775,0.04475,0.048127620486552614,0.0,1.0
KXNBAPTS-26MAR31CLELAL-CLEJHARDEN1-30,2026-03-31,pts,29.5,12.80225,16.69775,0.00875,0.014471859578161661,0.0,1.0
KXNBAPTS-26MAR31CLELAL-LALAREAVES15-20,2026-03-31,pts,19.5,14.5885,4.9115,0.2165,0.21814922900285572,0.0,1.0
KXNBAPTS-26MAR31CLELAL-LALAREAVES15-25,2026-03-31,pts,24.5,14.5885,9.9115,0.0885,0.08976986110648821,0.0,1.0
KXNBAPTS-26MAR31CLELAL-LALAREAVES15-30,2026-03-31,pts,29.5,14.5885,14.9115,0.0275,0.03268533780670868,0.0,1.0
KXNBAPTS-26MAR31CLELAL-LALAREAVES15-35,2026-03-31,pts,34.5,14.5885,19.9115,0.00525,0.010831114607987802,0.0,1.0
KXNBAPTS-26MAR31CLELAL-LALDAYTON5-10,2026-03-31,pts,9.5,8.309,1.1910000000000007,0.3615,0.3447983218393693,1.0,1.0
KXNBAPTS-26MAR31CLELAL-LALDAYTON5-15,2026-03-31,pts,14.5,8.309,6.191000000000001,0.109,0.09143624190337729,1.0,1.0
KXNBAPTS-26MAR31CLELAL-LALDAYTON5-20,2026-03-31,pts,19.5,8.309,11.191,0.0275,0.01782552227415768,0.0,1.0
KXNBAPTS-26MAR31CLELAL-LALLDONCIC77-25,2026-03-31,pts,24.5,18.804181878526386,5.695818121473614,0.21639561898440093,0.23052239011370923,1.0,0.75325
KXNBAPTS-26MAR31CLELAL-LALLDONCIC77-30,2026-03-31,pts,29.5,18.804181878526386,10.695818121473614,0.08230999004314636,0.11503525959121341,1.0,0.75325
KXNBAPTS-26MAR31CLELAL-LALLDONCIC77-35,2026-03-31,pts,34.5,18.804181878526386,15.695818121473614,0.026551609691337536,0.0527243244636425,1.0,0.75325
KXNBAPTS-26MAR31CLELAL-LALLDONCIC77-40,2026-03-31,pts,39.5,18.804181878526386,20.695818121473614,0.007301692665117823,0.022566425684158564,1.0,0.75325
KXNBAPTS-26MAR31CLELAL-LALLJAMES23-15,2026-03-31,pts,14.5,12.48375,2.0162499999999994,0.33325,0.326014647012665,0.0,1.0
KXNBAPTS-26MAR31CLELAL-LALLJAMES23-20,2026-03-31,pts,19.5,12.48375,7.016249999999999,0.12575,0.12810031744797323,0.0,1.0
KXNBAPTS-26MAR31CLELAL-LALLJAMES23-25,2026-03-31,pts,24.5,12.48375,12.01625,0.0355,0.04217901545082603,0.0,1.0
KXNBAPTS-26MAR31CLELAL-LALLJAMES23-30,2026-03-31,pts,29.5,12.48375,17.01625,0.00675,0.012194876087783912,0.0,1.0
KXNBAREB-26MAR31CLELAL-CLEDMITCHELL45-2,2026-03-31,reb,1.5,3.6545,-2.1545,0.869,0.8376166347438722,1.0,1.0
KXNBAREB-26MAR31CLELAL-CLEDMITCHELL45-4,2026-03-31,reb,3.5,3.6545,-0.15450000000000008,0.49325,0.4751212898700269,0.0,1.0
KXNBAREB-26MAR31CLELAL-CLEDMITCHELL45-5,2026-03-31,reb,4.5,3.6545,0.8454999999999999,0.299,0.3118127955536686,0.0,1.0
KXNBAREB-26MAR31CLELAL-CLEDMITCHELL45-6,2026-03-31,reb,5.5,3.6545,1.8455,0.17425,0.1894748700612563,0.0,1.0
KXNBAREB-26MAR31CLELAL-CLEDMITCHELL45-8,2026-03-31,reb,7.5,3.6545,3.8455,0.04175,0.057824836945269076,0.0,1.0
KXNBAREB-26MAR31CLELAL-CLEEMOBLEY4-10,2026-03-31,reb,9.5,5.466,4.034,0.061,0.09207239870136519,0.0,1.0
KXNBAREB-26MAR31CLELAL-CLEEMOBLEY4-12,2026-03-31,reb,11.5,5.466,6.034,0.018,0.03334945425211777,0.0,1.0
KXNBAREB-26MAR31CLELAL-CLEEMOBLEY4-6,2026-03-31,reb,5.5,5.466,0.03399999999999981,0.45625,0.44721361087521905,0.0,1.0
KXNBAREB-26MAR31CLELAL-CLEEMOBLEY4-8,2026-03-31,reb,7.5,5.466,2.034,0.1965,0.22123272211052802,0.0,1.0
KXNBAREB-26MAR31CLELAL-CLEEMOBLEY4-9,2026-03-31,reb,8.5,5.466,3.034,0.118,0.14550306743528385,0.0,1.0
KXNBAREB-26MAR31CLELAL-CLEJHARDEN1-2,2026-03-31,reb,1.5,4.238,-2.7380000000000004,0.906,0.8846274794372553,0.0,1.0
KXNBAREB-26MAR31CLELAL-CLEJHARDEN1-4,2026-03-31,reb,3.5,4.238,-0.7380000000000004,0.6065,0.5727206393837301,0.0,1.0
KXNBAREB-26MAR31CLELAL-CLEJHARDEN1-5,2026-03-31,reb,4.5,4.238,0.26199999999999957,0.4205,0.40830949395924354,0.0,1.0
KXNBAREB-26MAR31CLELAL-CLEJHARDEN1-6,2026-03-31,reb,5.5,4.238,1.2619999999999996,0.261,0.2712511225109978,0.0,1.0
KXNBAREB-26MAR31CLELAL-CLEJHARDEN1-8,2026-03-31,reb,7.5,4.238,3.2619999999999996,0.07475,0.10010293436798534,0.0,1.0
KXNBAREB-26MAR31CLELAL-LALDAYTON5-10,2026-03-31,reb,9.5,4.2265,5.2735,0.0205,0.030086822090085508,0.0,1.0
KXNBAREB-26MAR31CLELAL-LALDAYTON5-12,2026-03-31,reb,11.5,4.2265,7.2735,0.004,0.007859366205695162,0.0,1.0
KXNBAREB-26MAR31CLELAL-LALDAYTON5-4,2026-03-31,reb,3.5,4.2265,-0.7264999999999997,0.5885,0.570933264334756,1.0,1.0
KXNBAREB-26MAR31CLELAL-LALDAYTON5-6,2026-03-31,reb,5.5,4.2265,1.2735000000000003,0.26075,0.2695923472192222,1.0,1.0
KXNBAREB-26MAR31CLELAL-LALDAYTON5-8,2026-03-31,reb,7.5,4.2265,3.2735000000000003,0.0835,0.09915664659553469,1.0,1.0
KXNBAREB-26MAR31CLELAL-LALLDONCIC77-10,2026-03-31,reb,9.5,4.861599734483903,4.638400265516097,0.0345170925987388,0.05695234641951297,0.0,0.75325
KXNBAREB-26MAR31CLELAL-LALLDONCIC77-12,2026-03-31,reb,11.5,4.861599734483903,6.638400265516097,0.007301692665117823,0.01785486533827285,0.0,0.75325
KXNBAREB-26MAR31CLELAL-LALLDONCIC77-4,2026-03-31,reb,3.5,4.861599734483903,-1.361599734483903,0.6983073348821772,0.6611403109345685,1.0,0.75325
KXNBAREB-26MAR31CLELAL-LALLDONCIC77-6,2026-03-31,reb,5.5,4.861599734483903,0.638400265516097,0.3693992698307335,0.36178364406913266,0.0,0.75325
KXNBAREB-26MAR31CLELAL-LALLDONCIC77-8,2026-03-31,reb,7.5,4.861599734483903,2.638400265516097,0.13043478260869565,0.15725413369746233,0.0,0.75325
KXNBAREB-26MAR31CLELAL-LALLJAMES23-10,2026-03-31,reb,9.5,4.84425,4.65575,0.03325,0.05608017728005754,0.0,1.0
KXNBAREB-26MAR31CLELAL-LALLJAMES23-2,2026-03-31,reb,1.5,4.84425,-3.3442499999999997,0.94675,0.9186500688705471,1.0,1.0
KXNBAREB-26MAR31CLELAL-LALLJAMES23-4,2026-03-31,reb,3.5,4.84425,-1.3442499999999997,0.6945,0.6589045172750982,1.0,1.0
KXNBAREB-26MAR31CLELAL-LALLJAMES23-6,2026-03-31,reb,5.5,4.84425,0.6557500000000003,0.356,0.35927578020719564,0.0,1.0
KXNBAREB-26MAR31CLELAL-LALLJAMES23-8,2026-03-31,reb,7.5,4.84425,2.6557500000000003,0.12525,0.1555249532575108,0.0,1.0
KXNBAAST-26MAR31CLELAL-CLEDMITCHELL45-10,2026-03-31,ast,9.5,2.88825,6.61175,0.00075,0.003597916626105424,0.0,1.0
KXNBAAST-26MAR31CLELAL-CLEDMITCHELL45-2,2026-03-31,ast,1.5,2.88825,-1.3882500000000002,0.7815,0.746257696364734,1.0,1.0
KXNBAAST-26MAR31CLELAL-CLEDMITCHELL45-4,2026-03-31,ast,3.5,2.88825,0.6117499999999998,0.31925,0.3294579763469698,1.0,1.0
KXNBAAST-26MAR31CLELAL-CLEDMITCHELL45-6,2026-03-31,ast,5.5,2.88825,2.61175,0.08,0.09593456429552272,1.0,1.0
KXNBAAST-26MAR31CLELAL-CLEDMITCHELL45-8,2026-03-31,ast,7.5,2.88825,4.61175,0.011,0.02072540810295187,0.0,1.0
KXNBAAST-26MAR31CLELAL-CLEDSCHRODER8-10,2026-03-31,ast,9.5,1.91575,7.58425,0.00025,0.00023337532615164136,0.0,1.0
KXNBAAST-26MAR31CLELAL-CLEDSCHRODER8-2,2026-03-31,ast,1.5,1.91575,-0.41575000000000006,0.55475,0.5495504701220438,1.0,1.0
KXNBAAST-26MAR31CLELAL-CLEDSCHRODER8-4,2026-03-31,ast,3.5,1.91575,1.58425,0.13675,0.14236500035529942,0.0,1.0
KXNBAAST-26MAR31CLELAL-CLEDSCHRODER8-6,2026-03-31,ast,5.5,1.91575,3.58425,0.02275,0.02256311136080269,0.0,1.0
KXNBAAST-26MAR31CLELAL-CLEDSCHRODER8-8,2026-03-31,ast,7.5,1.91575,5.58425,0.002,0.0025771908331106985,0.0,1.0
KXNBAAST-26MAR31CLELAL-CLEJHARDEN1-10,2026-03-31,ast,9.5,4.26225,5.23775,0.015,0.030344213669777687,0.0,1.0
KXNBAAST-26MAR31CLELAL-CLEJHARDEN1-12,2026-03-31,ast,11.5,4.26225,7.23775,0.00225,0.00783544332506958,0.0,1.0
KXNBAAST-26MAR31CLELAL-CLEJHARDEN1-4,2026-03-31,ast,3.5,4.26225,-0.7622499999999999,0.60225,0.5781681784111486,0.0,1.0
KXNBAAST-26MAR31CLELAL-CLEJHARDEN1-6,2026-03-31,ast,5.5,4.26225,1.2377500000000001,0.267,0.2741314823627292,0.0,1.0
KXNBAAST-26MAR31CLELAL-CLEJHARDEN1-8,2026-03-31,ast,7.5,4.26225,3.23775,0.079,0.10068556291685238,0.0,1.0
KXNBAAST-26MAR31CLELAL-LALAREAVES15-10,2026-03-31,ast,9.5,3.55125,5.94875,0.00525,0.011870622961456578,0.0,1.0
KXNBAAST-26MAR31CLELAL-LALAREAVES15-2,2026-03-31,ast,1.5,3.55125,-2.05125,0.86525,0.8294140176482254,1.0,1.0
KXNBAAST-26MAR31CLELAL-LALAREAVES15-4,2026-03-31,ast,3.5,3.55125,-0.05125000000000002,0.472,0.45728511539804884,1.0,1.0
KXNBAAST-26MAR31CLELAL-LALAREAVES15-6,2026-03-31,ast,5.5,3.55125,1.94875,0.1525,0.17470385067544258,0.0,1.0
KXNBAAST-26MAR31CLELAL-LALAREAVES15-8,2026-03-31,ast,7.5,3.55125,3.94875,0.032,0.05055205810866226,0.0,1.0
KXNBAAST-26MAR31CLELAL-LALLDONCIC77-10,2026-03-31,ast,9.5,3.683040159309658,5.816959840690342,0.004646531695984069,0.014445908494909121,1.0,0.75325
KXNBAAST-26MAR31CLELAL-LALLDONCIC77-12,2026-03-31,ast,11.5,3.683040159309658,7.816959840690342,0.00033189512114171923,0.0030440763152671524,1.0,0.75325
KXNBAAST-26MAR31CLELAL-LALLDONCIC77-4,2026-03-31,ast,3.5,3.683040159309658,-0.183040159309658,0.48954530368403587,0.481190321760271,1.0,0.75325
KXNBAAST-26MAR31CLELAL-LALLDONCIC77-6,2026-03-31,ast,5.5,3.683040159309658,1.816959840690342,0.1742449385994026,0.1923022941449558,1.0,0.75325
KXNBAAST-26MAR31CLELAL-LALLDONCIC77-8,2026-03-31,ast,7.5,3.683040159309658,3.816959840690342,0.03484898771988052,0.058449148423121766,1.0,0.75325
KXNBAAST-26MAR31CLELAL-LALLJAMES23-10,2026-03-31,ast,9.5,4.17275,5.32725,0.0125,0.02736610115808147,0.0,1.0
KXNBAAST-26MAR31CLELAL-LALLJAMES23-12,2026-03-31,ast,11.5,4.17275,7.32725,0.0025,0.006865230520729959,0.0,1.0
KXNBAAST-26MAR31CLELAL-LALLJAMES23-6,2026-03-31,ast,5.5,4.17275,1.3272500000000003,0.24425,0.2611560210534013,1.0,1.0
KXNBAAST-26MAR31CLELAL-LALLJAMES23-7,2026-03-31,ast,6.5,4.17275,2.3272500000000003,0.13325,0.1606440323836773,0.0,1.0
KXNBAAST-26MAR31CLELAL-LALLJAMES23-8,2026-03-31,ast,7.5,4.17275,3.3272500000000003,0.06875,0.09339289920230731,0.0,1.0
KXNBA3PT-26MAR31CLELAL-CLEDMITCHELL45-1,2026-03-31,fg3m,0.5,1.38875,-0.8887499999999999,0.738,0.7208259959967601,0.0,1.0
KXNBA3PT-26MAR31CLELAL-CLEDMITCHELL45-2,2026-03-31,fg3m,1.5,1.38875,0.11125000000000007,0.407,0.39279969312084084,0.0,1.0
KXNBA3PT-26MAR31CLELAL-CLEDMITCHELL45-3,2026-03-31,fg3m,2.5,1.38875,1.11125,0.1645,0.17484061009746577,0.0,1.0
KXNBA3PT-26MAR31CLELAL-CLEDMITCHELL45-4,2026-03-31,fg3m,3.5,1.38875,2.11125,0.05775,0.06710810315396987,0.0,1.0
KXNBA3PT-26MAR31CLELAL-CLEDMITCHELL45-5,2026-03-31,fg3m,4.5,1.38875,3.11125,0.0165,0.023025058211071037,0.0,1.0
KXNBA3PT-26MAR31CLELAL-CLEJHARDEN1-1,2026-03-31,fg3m,0.5,1.79625,-1.29625,0.82675,0.8007384384545254,1.0,1.0
KXNBA3PT-26MAR31CLELAL-CLEJHARDEN1-2,2026-03-31,fg3m,1.5,1.79625,-0.2962499999999999,0.53675,0.5109942106037482,1.0,1.0
KXNBA3PT-26MAR31CLELAL-CLEJHARDEN1-3,2026-03-31,fg3m,2.5,1.79625,0.7037500000000001,0.26975,0.27274105269798565,0.0,1.0
KXNBA3PT-26MAR31CLELAL-CLEJHARDEN1-4,2026-03-31,fg3m,3.5,1.79625,1.70375,0.10875,0.1270046553725016,0.0,1.0
KXNBA3PT-26MAR31CLELAL-CLEJHARDEN1-5,2026-03-31,fg3m,4.5,1.79625,2.7037500000000003,0.03775,0.05320566541383942,0.0,1.0
KXNBA3PT-26MAR31CLELAL-LALAREAVES15-1,2026-03-31,fg3m,0.5,1.4225,-0.9225000000000001,0.75225,0.7286706350003511,1.0,1.0
KXNBA3PT-26MAR31CLELAL-LALAREAVES15-2,2026-03-31,fg3m,1.5,1.4225,0.0774999999999999,0.41275,0.4033308659090854,1.0,1.0
KXNBA3PT-26MAR31CLELAL-LALAREAVES15-3,2026-03-31,fg3m,2.5,1.4225,1.0775,0.1705,0.1827285237820695,0.0,1.0
KXNBA3PT-26MAR31CLELAL-LALAREAVES15-4,2026-03-31,fg3m,3.5,1.4225,2.0774999999999997,0.06175,0.07145583693590019,0.0,1.0
KXNBA3PT-26MAR31CLELAL-LALAREAVES15-5,2026-03-31,fg3m,4.5,1.4225,3.0774999999999997,0.019,0.024991466657614092,0.0,1.0
KXNBA3PT-26MAR31CLELAL-LALLDONCIC77-2,2026-03-31,fg3m,1.5,2.357451045469632,-0.8574510454696318,0.6734152007965483,0.6409831946626823,1.0,0.75325
KXNBA3PT-26MAR31CLELAL-LALLDONCIC77-3,2026-03-31,fg3m,2.5,2.357451045469632,0.1425489545303682,0.4208430136077,0.40584373236194693,1.0,0.75325
KXNBA3PT-26MAR31CLELAL-LALLDONCIC77-4,2026-03-31,fg3m,3.5,2.357451045469632,1.1425489545303682,0.22535678725522734,0.22767792452683544,1.0,0.75325
KXNBA3PT-26MAR31CLELAL-LALLDONCIC77-5,2026-03-31,fg3m,4.5,2.357451045469632,2.142548954530368,0.09359442416196483,0.1159205406451761,1.0,0.75325
KXNBA3PT-26MAR31CLELAL-LALLDONCIC77-6,2026-03-31,fg3m,5.5,2.357451045469632,3.142548954530368,0.03020245602389645,0.054565262402652914,1.0,0.75325
KXNBA3PT-26MAR31CLELAL-LALLJAMES23-1,2026-03-31,fg3m,0.5,0.713,-0.21299999999999997,0.50825,0.49421322185762395,1.0,1.0
KXNBA3PT-26MAR31CLELAL-LALLJAMES23-2,2026-03-31,fg3m,1.5,0.713,0.787,0.161,0.16439340902053323,0.0,1.0
KXNBA3PT-26MAR31CLELAL-LALLJAMES23-3,2026-03-31,fg3m,2.5,0.713,1.787,0.036,0.04276959486817189,0.0,1.0
KXNBA3PT-26MAR31CLELAL-LALLJAMES23-4,2026-03-31,fg3m,3.5,0.713,2.787,0.0075,0.009406526320656083,0.0,1.0
KXNBA3PT-26MAR31CLELAL-LALLJAMES23-5,2026-03-31,fg3m,4.5,0.713,3.787,0.00025,0.0018300655031417978,0.0,1.0
KXNBAPTS-26MAR31DALMIL-DALCFLAGG32-15,2026-03-31,pts,14.5,13.066,1.4339999999999993,0.37075,0.3614306599147521,1.0,1.0
KXNBAPTS-26MAR31DALMIL-DALCFLAGG32-20,2026-03-31,pts,19.5,13.066,6.433999999999999,0.142,0.15146340325695984,0.0,1.0
KXNBAPTS-26MAR31DALMIL-DALCFLAGG32-25,2026-03-31,pts,24.5,13.066,11.434,0.0455,0.05340091013835602,0.0,1.0
KXNBAPTS-26MAR31DALMIL-DALCFLAGG32-30,2026-03-31,pts,29.5,13.066,16.433999999999997,0.00975,0.016566659441076603,0.0,1.0
KXNBAPTS-26MAR31DALMIL-DALDGAFFORD21-10,2026-03-31,pts,9.5,9.824,-0.32399999999999984,0.479,0.4703516803171024,0.0,1.0
KXNBAPTS-26MAR31DALMIL-DALDGAFFORD21-15,2026-03-31,pts,14.5,9.824,4.676,0.18425,0.16718941782198848,0.0,1.0
KXNBAPTS-26MAR31DALMIL-DALDGAFFORD21-20,2026-03-31,pts,19.5,9.824,9.676,0.045,0.04470437530055993,0.0,1.0
KXNBAPTS-26MAR31DALMIL-DALMCHRISTIE00-10,2026-03-31,pts,9.5,7.71125,1.7887500000000003,0.32175,0.29276493357719724,0.0,1.0
KXNBAPTS-26MAR31DALMIL-DALMCHRISTIE00-15,2026-03-31,pts,14.5,7.71125,6.78875,0.08725,0.06720784216883546,0.0,1.0
KXNBAPTS-26MAR31DALMIL-DALMCHRISTIE00-20,2026-03-31,pts,19.5,7.71125,11.78875,0.01525,0.0112395682813623,0.0,1.0
KXNBAREB-26MAR31DALMIL-DALCFLAGG32-10,2026-03-31,reb,9.5,4.51575,4.98425,0.02925,0.041035589342031664,1.0,1.0
KXNBAREB-26MAR31DALMIL-DALCFLAGG32-12,2026-03-31,reb,11.5,4.51575,6.98425,0.005,0.01170042167828933,0.0,1.0
KXNBAREB-26MAR31DALMIL-DALCFLAGG32-6,2026-03-31,reb,5.5,4.51575,0.9842500000000003,0.30375,0.3115508006347356,1.0,1.0
KXNBAREB-26MAR31DALMIL-DALCFLAGG32-7,2026-03-31,reb,6.5,4.51575,1.9842500000000003,0.186,0.20200337748860064,1.0,1.0
KXNBAREB-26MAR31DALMIL-DALCFLAGG32-8,2026-03-31,reb,7.5,4.51575,2.9842500000000003,0.106,0.12420767680905309,1.0,1.0
KXNBAREB-26MAR31DALMIL-DALDGAFFORD21-10,2026-03-31,reb,9.5,4.68225,4.81775,0.0335,0.04831182996146188,0.0,1.0
KXNBAREB-26MAR31DALMIL-DALDGAFFORD21-12,2026-03-31,reb,11.5,4.68225,6.81775,0.01,0.014436797292517567,0.0,1.0
KXNBAREB-26MAR31DALMIL-DALDGAFFORD21-6,2026-03-31,reb,5.5,4.68225,0.8177500000000002,0.3315,0.33577979375604683,0.0,1.0
KXNBAREB-26MAR31DALMIL-DALDGAFFORD21-8,2026-03-31,reb,7.5,4.68225,2.81775,0.1225,0.13973027966596674,0.0,1.0
KXNBAREB-26MAR31DALMIL-DALDGAFFORD21-9,2026-03-31,reb,8.5,4.68225,3.81775,0.06575,0.08385783746944042,0.0,1.0
KXNBAREB-26MAR31DALMIL-DALMCHRISTIE00-10,2026-03-31,reb,9.5,2.98625,6.51375,0.00275,0.004638084028758982,0.0,1.0
KXNBAREB-26MAR31DALMIL-DALMCHRISTIE00-2,2026-03-31,reb,1.5,2.98625,-1.48625,0.7855,0.7588533073598993,1.0,1.0
KXNBAREB-26MAR31DALMIL-DALMCHRISTIE00-4,2026-03-31,reb,3.5,2.98625,0.5137499999999999,0.3485,0.3488223881718986,0.0,1.0
KXNBAREB-26MAR31DALMIL-DALMCHRISTIE00-6,2026-03-31,reb,5.5,2.98625,2.51375,0.088,0.10741948722107353,0.0,1.0
KXNBAREB-26MAR31DALMIL-DALMCHRISTIE00-8,2026-03-31,reb,7.5,2.98625,4.51375,0.017,0.024803280461228705,0.0,1.0
KXNBAAST-26MAR31DALMIL-DALMCHRISTIE00-10,2026-03-31,ast,9.5,1.56275,7.93725,0.0,5.153864452633883e-05,0.0,1.0
KXNBAAST-26MAR31DALMIL-DALMCHRISTIE00-2,2026-03-31,ast,1.5,1.56275,-0.06275000000000008,0.454,0.4504042155456609,0.0,1.0
KXNBAAST-26MAR31DALMIL-DALMCHRISTIE00-4,2026-03-31,ast,3.5,1.56275,1.93725,0.07775,0.08634498609940633,0.0,1.0
KXNBAAST-26MAR31DALMIL-DALMCHRISTIE00-6,2026-03-31,ast,5.5,1.56275,3.9372499999999997,0.00775,0.00985242331352676,0.0,1.0
KXNBAAST-26MAR31DALMIL-DALMCHRISTIE00-8,2026-03-31,ast,7.5,1.56275,5.93725,0.00025,0.0008021459393867669,0.0,1.0
KXNBA3PT-26MAR31DALMIL-DALCFLAGG32-1,2026-03-31,fg3m,0.5,0.64275,-0.14275000000000004,0.472,0.4605036310189774,0.0,1.0
KXNBA3PT-26MAR31DALMIL-DALCFLAGG32-2,2026-03-31,fg3m,1.5,0.64275,0.85725,0.13525,0.14067222426312032,0.0,1.0
KXNBA3PT-26MAR31DALMIL-DALCFLAGG32-3,2026-03-31,fg3m,2.5,0.64275,1.85725,0.02975,0.03344963272662982,0.0,1.0
KXNBA3PT-26MAR31DALMIL-DALCFLAGG32-4,2026-03-31,fg3m,3.5,0.64275,2.85725,0.005,0.006709904914625753,0.0,1.0
KXNBA3PT-26MAR31DALMIL-DALCFLAGG32-5,2026-03-31,fg3m,4.5,0.64275,3.85725,0.00075,0.0011893759922073643,0.0,1.0
KXNBAPTS-26MAR31PHXORL-ORLDBANE3-10,2026-03-31,pts,9.5,13.385,-3.885,0.7125,0.6965292628999467,1.0,1.0
KXNBAPTS-26MAR31PHXORL-ORLDBANE3-15,2026-03-31,pts,14.5,13.385,1.1150000000000002,0.3925,0.38060373738961706,1.0,1.0
KXNBAPTS-26MAR31PHXORL-ORLDBANE3-20,2026-03-31,pts,19.5,13.385,6.115,0.15925,0.16484113540186718,1.0,1.0
KXNBAPTS-26MAR31PHXORL-ORLDBANE3-25,2026-03-31,pts,24.5,13.385,11.115,0.04975,0.06019500035497449,0.0,1.0
KXNBAPTS-26MAR31PHXORL-ORLDBANE3-30,2026-03-31,pts,29.5,13.385,16.115000000000002,0.0125,0.019364284587874536,0.0,1.0
KXNBAPTS-26MAR31PHXORL-ORLJSUGGS4-10,2026-03-31,pts,9.5,9.96425,-0.46424999999999983,0.4945,0.4812361260225172,1.0,1.0
KXNBAPTS-26MAR31PHXORL-ORLJSUGGS4-15,2026-03-31,pts,14.5,9.96425,4.53575,0.19025,0.17501111532805158,1.0,1.0
KXNBAPTS-26MAR31PHXORL-ORLJSUGGS4-20,2026-03-31,pts,19.5,9.96425,9.53575,0.05375,0.04797865321368344,1.0,1.0
KXNBAPTS-26MAR31PHXORL-ORLJSUGGS4-25,2026-03-31,pts,24.5,9.96425,14.53575,0.01325,0.01083487491227253,0.0,1.0
KXNBAPTS-26MAR31PHXORL-ORLPBANCHERO5-20,2026-03-31,pts,19.5,15.658,3.8420000000000005,0.2585,0.2679538375408699,0.0,1.0
KXNBAPTS-26MAR31PHXORL-ORLPBANCHERO5-25,2026-03-31,pts,24.5,15.658,8.842,0.098,0.12081036253807087,0.0,1.0
KXNBAPTS-26MAR31PHXORL-ORLPBANCHERO5-30,2026-03-31,pts,29.5,15.658,13.842,0.0315,0.04838268745345542,0.0,1.0
KXNBAPTS-26MAR31PHXORL-ORLPBANCHERO5-35,2026-03-31,pts,34.5,15.658,18.842,0.00725,0.01767537263261809,0.0,1.0
KXNBAPTS-26MAR31PHXORL-ORLWCARTER34-10,2026-03-31,pts,9.5,9.73,-0.23000000000000043,0.46725,0.4629747252489571,1.0,1.0
KXNBAPTS-26MAR31PHXORL-ORLWCARTER34-15,2026-03-31,pts,14.5,9.73,4.77,0.17725,0.16200895023701567,1.0,1.0
KXNBAPTS-26MAR31PHXORL-ORLWCARTER34-20,2026-03-31,pts,19.5,9.73,9.77,0.0535,0.04258520338662952,0.0,1.0
KXNBAPTS-26MAR31PHXORL-PHXDBOOKER1-20,2026-03-31,pts,19.5,13.6675,5.8325,0.1755,0.17698550828647575,1.0,1.0
KXNBAPTS-26MAR31PHXORL-PHXDBOOKER1-25,2026-03-31,pts,24.5,13.6675,10.8325,0.056,0.06658637746964491,1.0,1.0
KXNBAPTS-26MAR31PHXORL-PHXDBOOKER1-30,2026-03-31,pts,29.5,13.6675,15.8325,0.01325,0.022091431508879933,1.0,1.0
KXNBAPTS-26MAR31PHXORL-PHXDBOOKER1-35,2026-03-31,pts,34.5,13.6675,20.8325,0.00325,0.006657512493846496,0.0,1.0
KXNBAPTS-26MAR31PHXORL-PHXDBROOKS3-10,2026-03-31,pts,9.5,10.0,-0.5,0.491434165442976,0.48398675654683065,0.0,0.51075
KXNBAPTS-26MAR31PHXORL-PHXDBROOKS3-15,2026-03-31,pts,14.5,10.0,4.5,0.2222222222222222,0.17702174830063833,0.0,0.51075
KXNBAPTS-26MAR31PHXORL-PHXDBROOKS3-20,2026-03-31,pts,19.5,10.0,9.5,0.06705824767498776,0.048834759792249716,0.0,0.51075
KXNBAPTS-26MAR31PHXORL-PHXDBROOKS3-25,2026-03-31,pts,24.5,10.0,14.5,0.017131669114047968,0.011100169855978281,0.0,0.51075
KXNBAPTS-26MAR31PHXORL-PHXGALLEN8-10,2026-03-31,pts,9.5,10.117,-0.6170000000000009,0.493,0.49291985974175223,1.0,1.0
KXNBAPTS-26MAR31PHXORL-PHXGALLEN8-15,2026-03-31,pts,14.5,10.117,4.382999999999999,0.208,0.18364740532874668,0.0,1.0
KXNBAPTS-26MAR31PHXORL-PHXGALLEN8-20,2026-03-31,pts,19.5,10.117,9.383,0.0605,0.051697396114093075,0.0,1.0
KXNBAPTS-26MAR31PHXORL-PHXGALLEN8-25,2026-03-31,pts,24.5,10.117,14.383,0.01625,0.012000342147525322,0.0,1.0
KXNBAPTS-26MAR31PHXORL-PHXJGREEN4-15,2026-03-31,pts,14.5,11.362,3.138,0.27025,0.2573611762948801,0.0,1.0
KXNBAPTS-26MAR31PHXORL-PHXJGREEN4-20,2026-03-31,pts,19.5,11.362,8.138,0.08925,0.0877454381503352,0.0,1.0
KXNBAPTS-26MAR31PHXORL-PHXJGREEN4-25,2026-03-31,pts,24.5,11.362,13.138,0.02325,0.02487804574982877,0.0,1.0
KXNBAPTS-26MAR31PHXORL-PHXJGREEN4-30,2026-03-31,pts,29.5,11.362,18.137999999999998,0.00375,0.0061688513041686655,0.0,1.0
KXNBAREB-26MAR31PHXORL-ORLJSUGGS4-10,2026-03-31,reb,9.5,3.901,5.599,0.013,0.02024846706505201,0.0,1.0
KXNBAREB-26MAR31PHXORL-ORLJSUGGS4-2,2026-03-31,reb,1.5,3.901,-2.401,0.87775,0.8595271444666179,1.0,1.0
KXNBAREB-26MAR31PHXORL-ORLJSUGGS4-4,2026-03-31,reb,3.5,3.901,-0.4009999999999998,0.5295,0.5180311833088747,1.0,1.0
KXNBAREB-26MAR31PHXORL-ORLJSUGGS4-6,2026-03-31,reb,5.5,3.901,1.5990000000000002,0.215,0.2232869694565779,1.0,1.0
KXNBAREB-26MAR31PHXORL-ORLJSUGGS4-8,2026-03-31,reb,7.5,3.901,3.599,0.058,0.07421481281070164,1.0,1.0
KXNBAREB-26MAR31PHXORL-ORLPBANCHERO5-10,2026-03-31,reb,9.5,5.44325,4.05675,0.06325,0.09058877871820303,0.0,1.0
KXNBAREB-26MAR31PHXORL-ORLPBANCHERO5-12,2026-03-31,reb,11.5,5.44325,6.05675,0.01525,0.032648308697934,0.0,1.0
KXNBAREB-26MAR31PHXORL-ORLPBANCHERO5-4,2026-03-31,reb,3.5,5.44325,-1.94325,0.77075,0.7290168404625301,1.0,1.0
KXNBAREB-26MAR31PHXORL-ORLPBANCHERO5-6,2026-03-31,reb,5.5,5.44325,0.05675000000000008,0.4575,0.4440871700886536,1.0,1.0
KXNBAREB-26MAR31PHXORL-ORLPBANCHERO5-8,2026-03-31,reb,7.5,5.44325,2.05675,0.201,0.21871461436452633,1.0,1.0
KXNBAREB-26MAR31PHXORL-ORLWCARTER34-10,2026-03-31,reb,9.5,4.93525,4.56475,0.03975,0.06074095196709384,1.0,1.0
KXNBAREB-26MAR31PHXORL-ORLWCARTER34-12,2026-03-31,reb,11.5,4.93525,6.56475,0.00875,0.019407207050457065,1.0,1.0
KXNBAREB-26MAR31PHXORL-ORLWCARTER34-4,2026-03-31,reb,3.5,4.93525,-1.43525,0.71325,0.6704914195263705,1.0,1.0
KXNBAREB-26MAR31PHXORL-ORLWCARTER34-6,2026-03-31,reb,5.5,4.93525,0.5647500000000001,0.378,0.3724055800384183,1.0,1.0
KXNBAREB-26MAR31PHXORL-ORLWCARTER34-8,2026-03-31,reb,7.5,4.93525,2.56475,0.1315,0.1646710344550183,1.0,1.0
KXNBAREB-26MAR31PHXORL-PHXDBROOKS3-10,2026-03-31,reb,9.5,3.3362701908957417,6.163729809104258,0.00930004894762604,0.008788041645491185,0.0,0.51075
KXNBAREB-26MAR31PHXORL-PHXDBROOKS3-2,2026-03-31,reb,1.5,3.3362701908957417,-1.8362701908957417,0.7890357317670093,0.8040264719953878,1.0,0.51075
KXNBAREB-26MAR31PHXORL-PHXDBROOKS3-4,2026-03-31,reb,3.5,3.3362701908957417,0.16372980910425827,0.42584434654919234,0.41651222742638183,1.0,0.51075
KXNBAREB-26MAR31PHXORL-PHXDBROOKS3-6,2026-03-31,reb,5.5,3.3362701908957417,2.1637298091042583,0.14929025942241803,0.1482968900424746,0.0,0.51075
KXNBAREB-26MAR31PHXORL-PHXDBROOKS3-8,2026-03-31,reb,7.5,3.3362701908957417,4.163729809104258,0.039647577092511016,0.04001361414321647,0.0,0.51075
KXNBAREB-26MAR31PHXORL-PHXJGREEN4-2,2026-03-31,reb,1.5,3.89475,-2.39475,0.8805,0.8590112385164504,0.0,1.0
KXNBAREB-26MAR31PHXORL-PHXJGREEN4-4,2026-03-31,reb,3.5,3.89475,-0.39475000000000016,0.5335,0.516972589502122,0.0,1.0
KXNBAREB-26MAR31PHXORL-PHXJGREEN4-5,2026-03-31,reb,4.5,3.89475,0.6052499999999998,0.34525,0.3519318502081489,0.0,1.0
KXNBAREB-26MAR31PHXORL-PHXJGREEN4-6,2026-03-31,reb,5.5,3.89475,1.6052499999999998,0.209,0.22241365699321525,0.0,1.0
KXNBAREB-26MAR31PHXORL-PHXJGREEN4-8,2026-03-31,reb,7.5,3.89475,3.60525,0.06425,0.07377194569641077,0.0,1.0
KXNBAAST-26MAR31PHXORL-ORLJSUGGS4-10,2026-03-31,ast,9.5,2.98525,6.514749999999999,0.00075,0.0043931478325396345,0.0,1.0
KXNBAAST-26MAR31PHXORL-ORLJSUGGS4-2,2026-03-31,ast,1.5,2.98525,-1.4852500000000002,0.7865,0.7605780577943767,1.0,1.0
KXNBAAST-26MAR31PHXORL-ORLJSUGGS4-4,2026-03-31,ast,3.5,2.98525,0.5147499999999998,0.357,0.34871805975503545,1.0,1.0
KXNBAAST-26MAR31PHXORL-ORLJSUGGS4-6,2026-03-31,ast,5.5,2.98525,2.51475,0.09325,0.10623409772728565,1.0,1.0
KXNBAAST-26MAR31PHXORL-ORLJSUGGS4-8,2026-03-31,ast,7.5,2.98525,4.514749999999999,0.00925,0.024082613026324085,0.0,1.0
KXNBAAST-26MAR31PHXORL-ORLPBANCHERO5-10,2026-03-31,ast,9.5,3.39175,6.10825,0.00425,0.009209799607336033,0.0,1.0
KXNBAAST-26MAR31PHXORL-ORLPBANCHERO5-2,2026-03-31,ast,1.5,3.39175,-1.89175,0.84475,0.8123345420601427,1.0,1.0
KXNBAAST-26MAR31PHXORL-ORLPBANCHERO5-4,2026-03-31,ast,3.5,3.39175,0.10824999999999996,0.42725,0.42756411240655534,1.0,1.0
KXNBAAST-26MAR31PHXORL-ORLPBANCHERO5-6,2026-03-31,ast,5.5,3.39175,2.10825,0.14025,0.15413619379451715,1.0,1.0
KXNBAAST-26MAR31PHXORL-ORLPBANCHERO5-8,2026-03-31,ast,7.5,3.39175,4.10825,0.0295,0.04187476507492316,1.0,1.0
KXNBAAST-26MAR31PHXORL-PHXDBOOKER1-10,2026-03-31,ast,9.5,3.06325,6.43675,0.00225,0.005122672979068654,0.0,1.0
KXNBAAST-26MAR31PHXORL-PHXDBOOKER1-2,2026-03-31,ast,1.5,3.06325,-1.56325,0.79725,0.7715106413214586,1.0,1.0
KXNBAAST-26MAR31PHXORL-PHXDBOOKER1-4,2026-03-31,ast,3.5,3.06325,0.43674999999999997,0.36775,0.3641148305972771,1.0,1.0
KXNBAAST-26MAR31PHXORL-PHXDBOOKER1-6,2026-03-31,ast,5.5,3.06325,2.43675,0.097,0.11485500370199775,1.0,1.0
KXNBAAST-26MAR31PHXORL-PHXDBOOKER1-8,2026-03-31,ast,7.5,3.06325,4.43675,0.01775,0.027024583563948767,0.0,1.0
KXNBAAST-26MAR31PHXORL-PHXJGREEN4-10,2026-03-31,ast,9.5,2.19725,7.30275,0.00025,0.0006111732412155124,0.0,1.0
KXNBAAST-26MAR31PHXORL-PHXJGREEN4-2,2026-03-31,ast,1.5,2.19725,-0.6972499999999999,0.633,0.6174877252802888,1.0,1.0
KXNBAAST-26MAR31PHXORL-PHXJGREEN4-4,2026-03-31,ast,3.5,2.19725,1.30275,0.187,0.19344659117708307,0.0,1.0
KXNBAAST-26MAR31PHXORL-PHXJGREEN4-6,2026-03-31,ast,5.5,2.19725,3.30275,0.0305,0.03789828181061883,0.0,1.0
KXNBAAST-26MAR31PHXORL-PHXJGREEN4-8,2026-03-31,ast,7.5,2.19725,5.30275,0.0045,0.005394993721806629,0.0,1.0
KXNBA3PT-26MAR31PHXORL-ORLDBANE3-1,2026-03-31,fg3m,0.5,1.42825,-0.92825,0.747,0.729982119536067,1.0,1.0
KXNBA3PT-26MAR31PHXORL-ORLDBANE3-2,2026-03-31,fg3m,1.5,1.42825,0.07174999999999998,0.4185,0.40511244206967467,1.0,1.0
KXNBA3PT-26MAR31PHXORL-ORLDBANE3-3,2026-03-31,fg3m,2.5,1.42825,1.07175,0.17225,0.18407876942327328,0.0,1.0
KXNBA3PT-26MAR31PHXORL-ORLDBANE3-4,2026-03-31,fg3m,3.5,1.42825,2.0717499999999998,0.06425,0.07220888395875968,0.0,1.0
KXNBA3PT-26MAR31PHXORL-ORLDBANE3-5,2026-03-31,fg3m,4.5,1.42825,3.0717499999999998,0.01875,0.025336075915052048,0.0,1.0
KXNBA3PT-26MAR31PHXORL-ORLJSUGGS4-1,2026-03-31,fg3m,0.5,1.5095,-1.0095,0.7625,0.7477680412766408,1.0,1.0
KXNBA3PT-26MAR31PHXORL-ORLJSUGGS4-2,2026-03-31,fg3m,1.5,1.5095,-0.009500000000000064,0.441,0.42988376654783933,1.0,1.0
KXNBA3PT-26MAR31PHXORL-ORLJSUGGS4-3,2026-03-31,fg3m,2.5,1.5095,0.9904999999999999,0.19775,0.20333036569012908,0.0,1.0
KXNBA3PT-26MAR31PHXORL-ORLJSUGGS4-4,2026-03-31,fg3m,3.5,1.5095,1.9905,0.07475,0.08322079403370075,0.0,1.0
KXNBA3PT-26MAR31PHXORL-ORLJSUGGS4-5,2026-03-31,fg3m,4.5,1.5095,2.9905,0.0245,0.030505373509410627,0.0,1.0
KXNBA3PT-26MAR31PHXORL-ORLPBANCHERO5-1,2026-03-31,fg3m,0.5,1.107,-0.607,0.67,0.6443245138198379,1.0,1.0
KXNBA3PT-26MAR31PHXORL-ORLPBANCHERO5-2,2026-03-31,fg3m,1.5,1.107,0.393,0.2955,0.3004582103488508,0.0,1.0
KXNBA3PT-26MAR31PHXORL-ORLPBANCHERO5-3,2026-03-31,fg3m,2.5,1.107,1.393,0.107,0.11245818167118293,0.0,1.0
KXNBA3PT-26MAR31PHXORL-ORLPBANCHERO5-4,2026-03-31,fg3m,3.5,1.107,2.393,0.0285,0.035998637966103475,0.0,1.0
KXNBA3PT-26MAR31PHXORL-ORLPBANCHERO5-5,2026-03-31,fg3m,4.5,1.107,3.393,0.0055,0.010255676108340328,0.0,1.0
KXNBA3PT-26MAR31PHXORL-PHXDBOOKER1-1,2026-03-31,fg3m,0.5,1.14875,-0.6487499999999999,0.68075,0.6570299159628878,1.0,1.0
KXNBA3PT-26MAR31PHXORL-PHXDBOOKER1-2,2026-03-31,fg3m,1.5,1.14875,0.35125000000000006,0.31575,0.3145774233428045,1.0,1.0
KXNBA3PT-26MAR31PHXORL-PHXDBOOKER1-3,2026-03-31,fg3m,2.5,1.14875,1.35125,0.11125,0.12121279498898052,0.0,1.0
KXNBA3PT-26MAR31PHXORL-PHXDBOOKER1-4,2026-03-31,fg3m,3.5,1.14875,2.3512500000000003,0.03325,0.039993498241286174,0.0,1.0
KXNBA3PT-26MAR31PHXORL-PHXDBOOKER1-5,2026-03-31,fg3m,4.5,1.14875,3.3512500000000003,0.007,0.011751563727834369,0.0,1.0
