ticker,date,stat,threshold,mu_sim,dist,p_sim,p_nb,y,p_play
KXNBAPTS-26APR12ORLBOS-ORLDBANE3-10,2026-04-12,pts,9.5,13.069,-3.569000000000001,0.67425,0.6806750908487471,0.0,1.0
KXNBAPTS-26APR12ORLBOS-ORLDBANE3-15,2026-04-12,pts,14.5,13.069,1.4309999999999992,0.375,0.3616118687320704,0.0,1.0
KXNBAPTS-26APR12ORLBOS-ORLDBANE3-20,2026-04-12,pts,19.5,13.069,6.430999999999999,0.1635,0.15158742902747957,0.0,1.0
KXNBAPTS-26APR12ORLBOS-ORLDBANE3-25,2026-04-12,pts,24.5,13.069,11.431,0.0505,0.05346269028627726,0.0,1.0
KXNBAPTS-26APR12ORLBOS-ORLDBANE3-30,2026-04-12,pts,29.5,13.069,16.430999999999997,0.01525,0.016591607779684825,0.0,1.0
KXNBAPTS-26APR12ORLBOS-ORLFWAGNER22-10,2026-04-12,pts,9.5,11.93525,-2.43525,0.61575,0.6172223358861186,1.0,1.0
KXNBAPTS-26APR12ORLBOS-ORLFWAGNER22-15,2026-04-12,pts,14.5,11.93525,2.56475,0.32125,0.29240075775979013,1.0,1.0
KXNBAPTS-26APR12ORLBOS-ORLFWAGNER22-20,2026-04-12,pts,19.5,11.93525,7.56475,0.122,0.10753048937085519,1.0,1.0
KXNBAPTS-26APR12ORLBOS-ORLFWAGNER22-25,2026-04-12,pts,24.5,11.93525,12.56475,0.035,0.0330135521516528,0.0,1.0
KXNBAPTS-26APR12ORLBOS-ORLFWAGNER22-30,2026-04-12,pts,29.5,11.93525,17.56475,0.0075,0.008882489404002492,0.0,1.0
KXNBAPTS-26APR12ORLBOS-ORLJSUGGS4-10,2026-04-12,pts,9.5,9.9665,-0.4664999999999999,0.49025,0.48140953084374505,1.0,1.0
KXNBAPTS-26APR12ORLBOS-ORLJSUGGS4-15,2026-04-12,pts,14.5,9.9665,4.5335,0.1875,0.1751374617517042,1.0,1.0
KXNBAPTS-26APR12ORLBOS-ORLJSUGGS4-20,2026-04-12,pts,19.5,9.9665,9.5335,0.05925,0.048032277006668456,1.0,1.0
KXNBAPTS-26APR12ORLBOS-ORLJSUGGS4-25,2026-04-12,pts,24.5,9.9665,14.5335,0.0135,0.010851438580013473,0.0,1.0
KXNBAPTS-26APR12ORLBOS-ORLPBANCHERO5-10,2026-04-12,pts,9.5,15.2245,-5.724500000000001,0.802,0.7746246160701553,1.0,1.0
KXNBAPTS-26APR12ORLBOS-ORLPBANCHERO5-15,2026-04-12,pts,14.5,15.2245,-0.7245000000000008,0.51325,0.485767775133805,1.0,1.0
KXNBAPTS-26APR12ORLBOS-ORLPBANCHERO5-20,2026-04-12,pts,19.5,15.2245,4.275499999999999,0.24,0.24759295918257984,1.0,1.0
KXNBAPTS-26APR12ORLBOS-ORLPBANCHERO5-25,2026-04-12,pts,24.5,15.2245,9.2755,0.08825,0.1077353112016114,0.0,1.0
KXNBAPTS-26APR12ORLBOS-ORLPBANCHERO5-30,2026-04-12,pts,29.5,15.2245,14.2755,0.0275,0.0415749212843185,0.0,1.0
KXNBAPTS-26APR12ORLBOS-ORLWCARTER34-10,2026-04-12,pts,9.5,8.12675,1.3732500000000005,0.35175,0.32899452535349993,0.0,1.0
KXNBAPTS-26APR12ORLBOS-ORLWCARTER34-15,2026-04-12,pts,14.5,8.12675,6.3732500000000005,0.10325,0.08365882038496952,0.0,1.0
KXNBAPTS-26APR12ORLBOS-ORLWCARTER34-20,2026-04-12,pts,19.5,8.12675,11.37325,0.02075,0.015595623899032574,0.0,1.0
KXNBAREB-26APR12ORLBOS-ORLFWAGNER22-10,2026-04-12,reb,9.5,3.5445,5.9555,0.008,0.012256640062653479,0.0,1.0
KXNBAREB-26APR12ORLBOS-ORLFWAGNER22-2,2026-04-12,reb,1.5,3.5445,-2.0445,0.833,0.8267293071298314,1.0,1.0
KXNBAREB-26APR12ORLBOS-ORLFWAGNER22-4,2026-04-12,reb,3.5,3.5445,-0.044500000000000206,0.461,0.4552429317771114,1.0,1.0
KXNBAREB-26APR12ORLBOS-ORLFWAGNER22-6,2026-04-12,reb,5.5,3.5445,1.9554999999999998,0.17975,0.17488017860402105,0.0,1.0
KXNBAREB-26APR12ORLBOS-ORLFWAGNER22-8,2026-04-12,reb,7.5,3.5445,3.9555,0.04975,0.05123694494573938,0.0,1.0
KXNBAREB-26APR12ORLBOS-ORLJSUGGS4-2,2026-04-12,reb,1.5,3.3355,-1.8355000000000001,0.81375,0.8039370966782526,1.0,1.0
KXNBAREB-26APR12ORLBOS-ORLJSUGGS4-4,2026-04-12,reb,3.5,3.3355,0.16449999999999987,0.424,0.41636652505634175,1.0,1.0
KXNBAREB-26APR12ORLBOS-ORLJSUGGS4-5,2026-04-12,reb,4.5,3.3355,1.1644999999999999,0.25825,0.2586074949445223,1.0,1.0
KXNBAREB-26APR12ORLBOS-ORLJSUGGS4-6,2026-04-12,reb,5.5,3.3355,2.1645,0.14,0.14820139145601163,1.0,1.0
KXNBAREB-26APR12ORLBOS-ORLJSUGGS4-8,2026-04-12,reb,7.5,3.3355,4.1645,0.032,0.039975138087508855,0.0,1.0
KXNBAREB-26APR12ORLBOS-ORLPBANCHERO5-10,2026-04-12,reb,9.5,6.48075,3.0192500000000004,0.141,0.16930604362688173,1.0,1.0
KXNBAREB-26APR12ORLBOS-ORLPBANCHERO5-12,2026-04-12,reb,11.5,6.48075,5.01925,0.05,0.07454454004116062,0.0,1.0
KXNBAREB-26APR12ORLBOS-ORLPBANCHERO5-4,2026-04-12,reb,3.5,6.48075,-2.9807499999999996,0.855,0.8198008389018452,1.0,1.0
KXNBAREB-26APR12ORLBOS-ORLPBANCHERO5-6,2026-04-12,reb,5.5,6.48075,-0.9807499999999996,0.6145,0.5764489191986768,1.0,1.0
KXNBAREB-26APR12ORLBOS-ORLPBANCHERO5-8,2026-04-12,reb,7.5,6.48075,1.0192500000000004,0.338,0.3378200910513932,1.0,1.0
KXNBAREB-26APR12ORLBOS-ORLWCARTER34-10,2026-04-12,reb,9.5,5.697,3.803,0.09625,0.10780951956658502,0.0,1.0
KXNBAREB-26APR12ORLBOS-ORLWCARTER34-12,2026-04-12,reb,11.5,5.697,5.803,0.0295,0.04101455991433822,0.0,1.0
KXNBAREB-26APR12ORLBOS-ORLWCARTER34-4,2026-04-12,reb,3.5,5.697,-2.197,0.77325,0.7545548181582697,1.0,1.0
KXNBAREB-26APR12ORLBOS-ORLWCARTER34-6,2026-04-12,reb,5.5,5.697,-0.19700000000000006,0.48375,0.4784560968097811,1.0,1.0
KXNBAREB-26APR12ORLBOS-ORLWCARTER34-8,2026-04-12,reb,7.5,5.697,1.803,0.2425,0.24715493263591426,1.0,1.0
KXNBAAST-26APR12ORLBOS-ORLJSUGGS4-10,2026-04-12,ast,9.5,3.9395,5.5605,0.00975,0.020521940724265053,0.0,1.0
KXNBAAST-26APR12ORLBOS-ORLJSUGGS4-12,2026-04-12,ast,11.5,3.9395,7.5605,0.00225,0.004755204880787622,0.0,1.0
KXNBAAST-26APR12ORLBOS-ORLJSUGGS4-6,2026-04-12,ast,5.5,3.9395,1.5605000000000002,0.219,0.22780777290152343,0.0,1.0
KXNBAAST-26APR12ORLBOS-ORLJSUGGS4-7,2026-04-12,ast,6.5,3.9395,2.5605,0.1155,0.13513996954428398,0.0,1.0
KXNBAAST-26APR12ORLBOS-ORLJSUGGS4-8,2026-04-12,ast,7.5,3.9395,3.5605,0.05825,0.07567380119576705,0.0,1.0
KXNBAAST-26APR12ORLBOS-ORLPBANCHERO5-10,2026-04-12,ast,9.5,3.48825,6.01175,0.00325,0.010762022977299668,1.0,1.0
KXNBAAST-26APR12ORLBOS-ORLPBANCHERO5-2,2026-04-12,ast,1.5,3.48825,-1.9882499999999999,0.85125,0.822865273251263,1.0,1.0
KXNBAAST-26APR12ORLBOS-ORLPBANCHERO5-4,2026-04-12,ast,3.5,3.48825,0.01175000000000015,0.46325,0.44564417087977093,1.0,1.0
KXNBAAST-26APR12ORLBOS-ORLPBANCHERO5-6,2026-04-12,ast,5.5,3.48825,2.01175,0.151,0.16647758973606164,1.0,1.0
KXNBAAST-26APR12ORLBOS-ORLPBANCHERO5-8,2026-04-12,ast,7.5,3.48825,4.01175,0.0325,0.04700925870723116,1.0,1.0
KXNBA3PT-26APR12ORLBOS-ORLDBANE3-1,2026-04-12,fg3m,0.5,1.34225,-0.8422499999999999,0.7285,0.7095941152728866,1.0,1.0
KXNBA3PT-26APR12ORLBOS-ORLDBANE3-2,2026-04-12,fg3m,1.5,1.34225,0.15775000000000006,0.377,0.378087244281901,0.0,1.0
KXNBA3PT-26APR12ORLBOS-ORLDBANE3-3,2026-04-12,fg3m,2.5,1.34225,1.15775,0.15975,0.16408798742559838,0.0,1.0
KXNBA3PT-26APR12ORLBOS-ORLDBANE3-4,2026-04-12,fg3m,3.5,1.34225,2.15775,0.055,0.06132481877047924,0.0,1.0
KXNBA3PT-26APR12ORLBOS-ORLDBANE3-5,2026-04-12,fg3m,4.5,1.34225,3.15775,0.01775,0.020472592014896485,0.0,1.0
KXNBA3PT-26APR12ORLBOS-ORLFWAGNER22-1,2026-04-12,fg3m,0.5,0.835,-0.33499999999999996,0.55,0.5472479914959221,1.0,1.0
KXNBA3PT-26APR12ORLBOS-ORLFWAGNER22-2,2026-04-12,fg3m,1.5,0.835,0.665,0.20775,0.20647546698828478,1.0,1.0
KXNBA3PT-26APR12ORLBOS-ORLFWAGNER22-3,2026-04-12,fg3m,2.5,0.835,1.665,0.0595,0.061430933054102965,0.0,1.0
KXNBA3PT-26APR12ORLBOS-ORLFWAGNER22-4,2026-04-12,fg3m,3.5,0.835,2.665,0.01475,0.015506515914930463,0.0,1.0
KXNBA3PT-26APR12ORLBOS-ORLFWAGNER22-5,2026-04-12,fg3m,4.5,0.835,3.665,0.00225,0.0034689420750295685,0.0,1.0
KXNBA3PT-26APR12ORLBOS-ORLJSUGGS4-1,2026-04-12,fg3m,0.5,1.529,-1.029,0.77575,0.7518369794428857,1.0,1.0
KXNBA3PT-26APR12ORLBOS-ORLJSUGGS4-2,2026-04-12,fg3m,1.5,1.529,-0.028999999999999915,0.44275,0.43571469788485095,1.0,1.0
KXNBA3PT-26APR12ORLBOS-ORLJSUGGS4-3,2026-04-12,fg3m,2.5,1.529,0.9710000000000001,0.2025,0.20799229481027193,1.0,1.0
KXNBA3PT-26APR12ORLBOS-ORLJSUGGS4-4,2026-04-12,fg3m,3.5,1.529,1.971,0.074,0.08596361875319469,1.0,1.0
KXNBA3PT-26APR12ORLBOS-ORLJSUGGS4-5,2026-04-12,fg3m,4.5,1.529,2.971,0.02675,0.03182950070262136,1.0,1.0
KXNBA3PT-26APR12ORLBOS-ORLPBANCHERO5-1,2026-04-12,fg3m,0.5,0.87025,-0.37024999999999997,0.58275,0.5613788229799624,0.0,1.0
KXNBA3PT-26APR12ORLBOS-ORLPBANCHERO5-2,2026-04-12,fg3m,1.5,0.87025,0.62975,0.21175,0.2187314827452208,0.0,1.0
KXNBA3PT-26APR12ORLBOS-ORLPBANCHERO5-3,2026-04-12,fg3m,2.5,0.87025,1.62975,0.06125,0.06736220340267429,0.0,1.0
KXNBA3PT-26APR12ORLBOS-ORLPBANCHERO5-4,2026-04-12,fg3m,3.5,0.87025,2.62975,0.01175,0.017619015734305132,0.0,1.0
KXNBA3PT-26APR12ORLBOS-ORLPBANCHERO5-5,2026-04-12,fg3m,4.5,0.87025,3.62975,0.0025,0.004086376422535287,0.0,1.0
KXNBAAST-26APR12WASCLE-WASBCARRINGTON7-10,2026-04-12,ast,9.5,3.03575,6.46425,0.00275,0.004855895526774456,0.0,1.0
KXNBAAST-26APR12WASCLE-WASBCARRINGTON7-2,2026-04-12,ast,1.5,3.03575,-1.5357500000000002,0.7815,0.7677139924139347,1.0,1.0
KXNBAAST-26APR12WASCLE-WASBCARRINGTON7-4,2026-04-12,ast,3.5,3.03575,0.46424999999999983,0.36125,0.35869741256297905,1.0,1.0
KXNBAAST-26APR12WASCLE-WASBCARRINGTON7-6,2026-04-12,ast,5.5,3.03575,2.46425,0.101,0.1117820984986787,1.0,1.0
KXNBAAST-26APR12WASCLE-WASBCARRINGTON7-8,2026-04-12,ast,7.5,3.03575,4.46425,0.01825,0.025962358322396573,1.0,1.0
KXNBAPTS-26APR12CHIDAL-DALCFLAGG32-25,2026-04-12,pts,24.5,15.9685,8.5315,0.10275,0.13055527606963402,0.0,1.0
KXNBAPTS-26APR12CHIDAL-DALCFLAGG32-30,2026-04-12,pts,29.5,15.9685,13.5315,0.0275,0.05363082448580747,0.0,1.0
KXNBAPTS-26APR12CHIDAL-DALCFLAGG32-35,2026-04-12,pts,34.5,15.9685,18.5315,0.0065,0.02011027177841529,0.0,1.0
KXNBAPTS-26APR12CHIDAL-DALCFLAGG32-40,2026-04-12,pts,39.5,15.9685,23.5315,0.00225,0.00701452778113798,0.0,1.0
KXNBAREB-26APR12CHIDAL-DALCFLAGG32-10,2026-04-12,reb,9.5,4.52925,4.97075,0.02675,0.04159886041563876,0.0,1.0
KXNBAREB-26APR12CHIDAL-DALCFLAGG32-12,2026-04-12,reb,11.5,4.52925,6.97075,0.004,0.011907310899839874,0.0,1.0
KXNBAREB-26APR12CHIDAL-DALCFLAGG32-6,2026-04-12,reb,5.5,4.52925,0.9707499999999998,0.30275,0.31351585160448736,0.0,1.0
KXNBAREB-26APR12CHIDAL-DALCFLAGG32-8,2026-04-12,reb,7.5,4.52925,2.97075,0.101,0.12543775785687294,0.0,1.0
KXNBAREB-26APR12CHIDAL-DALCFLAGG32-9,2026-04-12,reb,8.5,4.52925,3.97075,0.05,0.0737428308456235,0.0,1.0
KXNBA3PT-26APR12CHIDAL-DALCFLAGG32-1,2026-04-12,fg3m,0.5,0.83675,-0.33675,0.569,0.5479615487366287,0.0,1.0
KXNBA3PT-26APR12CHIDAL-DALCFLAGG32-2,2026-04-12,fg3m,1.5,0.83675,0.66325,0.2005,0.2070834696252385,0.0,1.0
KXNBA3PT-26APR12CHIDAL-DALCFLAGG32-3,2026-04-12,fg3m,2.5,0.83675,1.6632500000000001,0.0535,0.06171996709285332,0.0,1.0
KXNBA3PT-26APR12CHIDAL-DALCFLAGG32-4,2026-04-12,fg3m,3.5,0.83675,2.66325,0.01225,0.015607625691657856,0.0,1.0
KXNBA3PT-26APR12CHIDAL-DALCFLAGG32-5,2026-04-12,fg3m,4.5,0.83675,3.66325,0.00125,0.0034979644236184937,0.0,1.0
KXNBAPTS-26APR12MEMHOU-HOURSHEPPARD15-15,2026-04-12,pts,14.5,11.0095,3.490500000000001,0.26075,0.23603761149152114,1.0,1.0
KXNBAPTS-26APR12MEMHOU-HOURSHEPPARD15-20,2026-04-12,pts,19.5,11.0095,8.4905,0.09225,0.0765354125144353,0.0,1.0
KXNBAPTS-26APR12MEMHOU-HOURSHEPPARD15-25,2026-04-12,pts,24.5,11.0095,13.4905,0.03075,0.02058789775718972,0.0,1.0
KXNBAPTS-26APR12MEMHOU-HOURSHEPPARD15-30,2026-04-12,pts,29.5,11.0095,18.4905,0.0065,0.004837453018148086,0.0,1.0
KXNBAPTS-26APR12MEMHOU-HOUTEASON17-10,2026-04-12,pts,9.5,8.959,0.5410000000000004,0.41425,0.4002100510680997,1.0,1.0
KXNBAPTS-26APR12MEMHOU-HOUTEASON17-15,2026-04-12,pts,14.5,8.959,5.541,0.14075,0.12171407731980322,1.0,1.0
KXNBAPTS-26APR12MEMHOU-HOUTEASON17-20,2026-04-12,pts,19.5,8.959,10.541,0.03625,0.027482398417678744,1.0,1.0
KXNBAPTS-26APR12MEMHOU-HOUTEASON17-25,2026-04-12,pts,24.5,8.959,15.541,0.0095,0.005077330920596257,0.0,1.0
KXNBAREB-26APR12MEMHOU-HOUTEASON17-10,2026-04-12,reb,9.5,5.2585,4.2415,0.061,0.07899714417777193,0.0,1.0
KXNBAREB-26APR12MEMHOU-HOUTEASON17-12,2026-04-12,reb,11.5,5.2585,6.2415,0.02,0.027304662741097108,0.0,1.0
KXNBAREB-26APR12MEMHOU-HOUTEASON17-4,2026-04-12,reb,3.5,5.2585,-1.7584999999999997,0.73775,0.7089106844015117,1.0,1.0
KXNBAREB-26APR12MEMHOU-HOUTEASON17-6,2026-04-12,reb,5.5,5.2585,0.24150000000000027,0.4285,0.4184023371432989,1.0,1.0
KXNBAREB-26APR12MEMHOU-HOUTEASON17-8,2026-04-12,reb,7.5,5.2585,2.2415000000000003,0.17625,0.19854200928510723,1.0,1.0
KXNBAAST-26APR12MEMHOU-HOURSHEPPARD15-10,2026-04-12,ast,9.5,2.94,6.5600000000000005,0.00475,0.004007304442415371,0.0,1.0
KXNBAAST-26APR12MEMHOU-HOURSHEPPARD15-2,2026-04-12,ast,1.5,2.94,-1.44,0.75625,0.7539997835807405,1.0,1.0
KXNBAAST-26APR12MEMHOU-HOURSHEPPARD15-4,2026-04-12,ast,3.5,2.94,0.56,0.338,0.33974643564583795,0.0,1.0
KXNBAAST-26APR12MEMHOU-HOURSHEPPARD15-6,2026-04-12,ast,5.5,2.94,2.56,0.096,0.10136992844806203,0.0,1.0
KXNBAAST-26APR12MEMHOU-HOURSHEPPARD15-8,2026-04-12,ast,7.5,2.94,4.5600000000000005,0.02375,0.02247541073203163,0.0,1.0
KXNBA3PT-26APR12MEMHOU-HOURSHEPPARD15-2,2026-04-12,fg3m,1.5,2.228,-0.7280000000000002,0.6325,0.6142421295457225,1.0,1.0
KXNBA3PT-26APR12MEMHOU-HOURSHEPPARD15-3,2026-04-12,fg3m,2.5,2.228,0.2719999999999998,0.382,0.37610163020292975,1.0,1.0
KXNBA3PT-26APR12MEMHOU-HOURSHEPPARD15-4,2026-04-12,fg3m,3.5,2.228,1.2719999999999998,0.1995,0.2033316013093418,1.0,1.0
KXNBA3PT-26APR12MEMHOU-HOURSHEPPARD15-5,2026-04-12,fg3m,4.5,2.228,2.272,0.08825,0.09956524268093392,0.0,1.0
KXNBA3PT-26APR12MEMHOU-HOURSHEPPARD15-6,2026-04-12,fg3m,5.5,2.228,3.272,0.0345,0.045018529663084283,0.0,1.0
KXNBA3PT-26APR12MEMHOU-HOUTEASON17-1,2026-04-12,fg3m,0.5,1.10225,-0.60225,0.662,0.6428455586337385,1.0,1.0
KXNBA3PT-26APR12MEMHOU-HOUTEASON17-2,2026-04-12,fg3m,1.5,1.10225,0.39775000000000005,0.29475,0.2988440827479377,0.0,1.0
KXNBA3PT-26APR12MEMHOU-HOUTEASON17-3,2026-04-12,fg3m,2.5,1.10225,1.39775,0.1025,0.11147533000537035,0.0,1.0
KXNBA3PT-26APR12MEMHOU-HOUTEASON17-4,2026-04-12,fg3m,3.5,1.10225,2.3977500000000003,0.03125,0.035558246286183204,0.0,1.0
KXNBA3PT-26APR12MEMHOU-HOUTEASON17-5,2026-04-12,fg3m,4.5,1.10225,3.3977500000000003,0.0085,0.010093761565644899,0.0,1.0
KXNBAPTS-26APR12DETIND-DETATHOMPSON9-10,2026-04-12,pts,9.5,7.282,2.218,0.27825,0.2553908494328534,0.0,1.0
KXNBAPTS-26APR12DETIND-DETATHOMPSON9-15,2026-04-12,pts,14.5,7.282,7.218,0.0555,0.052188304602559854,0.0,1.0
KXNBAPTS-26APR12DETIND-DETATHOMPSON9-20,2026-04-12,pts,19.5,7.282,12.218,0.0105,0.007718753555750135,0.0,1.0
KXNBAPTS-26APR12DETIND-DETATHOMPSON9-25,2026-04-12,pts,24.5,7.282,17.218,0.00125,0.0009238661979124041,0.0,1.0
KXNBAPTS-26APR12DETIND-DETCCUNNINGHAM2-10,2026-04-12,pts,9.5,14.033,-4.5329999999999995,0.7115,0.7267002515031631,0.0,1.0
KXNBAPTS-26APR12DETIND-DETCCUNNINGHAM2-15,2026-04-12,pts,14.5,14.033,0.4670000000000005,0.438,0.4188277210975412,0.0,1.0
KXNBAPTS-26APR12DETIND-DETCCUNNINGHAM2-20,2026-04-12,pts,19.5,14.033,5.4670000000000005,0.21475,0.19306209294843635,0.0,1.0
KXNBAPTS-26APR12DETIND-DETCCUNNINGHAM2-25,2026-04-12,pts,24.5,14.033,10.467,0.07975,0.07536579814618705,0.0,1.0
KXNBAPTS-26APR12DETIND-DETCCUNNINGHAM2-30,2026-04-12,pts,29.5,14.033,15.467,0.02725,0.025978784419449785,0.0,1.0
KXNBAPTS-26APR12DETIND-DETTHARRIS12-10,2026-04-12,pts,9.5,8.65275,0.8472500000000007,0.38925,0.37432572560432387,1.0,1.0
KXNBAPTS-26APR12DETIND-DETTHARRIS12-15,2026-04-12,pts,14.5,8.65275,5.847250000000001,0.14,0.10697686461404488,1.0,1.0
KXNBAPTS-26APR12DETIND-DETTHARRIS12-20,2026-04-12,pts,19.5,8.65275,10.84725,0.034,0.022592793428975688,1.0,1.0
KXNBAREB-26APR12DETIND-DETATHOMPSON9-10,2026-04-12,reb,9.5,4.52575,4.97425,0.0295,0.0414523758292642,0.0,1.0
KXNBAREB-26APR12DETIND-DETATHOMPSON9-2,2026-04-12,reb,1.5,4.52575,-3.0257500000000004,0.928,0.9023384632298894,1.0,1.0
KXNBAREB-26APR12DETIND-DETATHOMPSON9-4,2026-04-12,reb,3.5,4.52575,-1.0257500000000004,0.64325,0.6155935960047385,1.0,1.0
KXNBAREB-26APR12DETIND-DETATHOMPSON9-6,2026-04-12,reb,5.5,4.52575,0.9742499999999996,0.3045,0.31300638102835365,0.0,1.0
KXNBAREB-26APR12DETIND-DETATHOMPSON9-8,2026-04-12,reb,7.5,4.52575,2.9742499999999996,0.1095,0.1251183512465558,0.0,1.0
KXNBAREB-26APR12DETIND-DETCCUNNINGHAM2-2,2026-04-12,reb,1.5,3.68625,-2.18625,0.833,0.8406263488765251,1.0,1.0
KXNBAREB-26APR12DETIND-DETCCUNNINGHAM2-4,2026-04-12,reb,3.5,3.68625,-0.1862499999999998,0.48475,0.4807780497554095,1.0,1.0
KXNBAREB-26APR12DETIND-DETCCUNNINGHAM2-5,2026-04-12,reb,4.5,3.68625,0.8137500000000002,0.326,0.3171266949904119,1.0,1.0
KXNBAREB-26APR12DETIND-DETCCUNNINGHAM2-6,2026-04-12,reb,5.5,3.68625,1.8137500000000002,0.20275,0.19374948897588584,1.0,1.0
KXNBAREB-26APR12DETIND-DETCCUNNINGHAM2-8,2026-04-12,reb,7.5,3.68625,3.81375,0.061,0.05981045718496325,1.0,1.0
KXNBAREB-26APR12DETIND-DETTHARRIS12-2,2026-04-12,reb,1.5,3.9035,-2.4035,0.86025,0.8597329577592387,1.0,1.0
KXNBAREB-26APR12DETIND-DETTHARRIS12-4,2026-04-12,reb,3.5,3.9035,-0.4035000000000002,0.52725,0.5184541804428514,1.0,1.0
KXNBAREB-26APR12DETIND-DETTHARRIS12-5,2026-04-12,reb,4.5,3.9035,0.5964999999999998,0.355,0.3533864067657432,0.0,1.0
KXNBAREB-26APR12DETIND-DETTHARRIS12-6,2026-04-12,reb,5.5,3.9035,1.5964999999999998,0.218,0.22363649809286368,0.0,1.0
KXNBAREB-26APR12DETIND-DETTHARRIS12-8,2026-04-12,reb,7.5,3.9035,3.5965,0.0725,0.07439235084265583,0.0,1.0
KXNBAAST-26APR12DETIND-DETATHOMPSON9-10,2026-04-12,ast,9.5,2.38725,7.11275,0.0005,0.0010692438371483481,0.0,1.0
KXNBAAST-26APR12DETIND-DETATHOMPSON9-2,2026-04-12,ast,1.5,2.38725,-0.8872499999999999,0.675,0.6579902964696408,1.0,1.0
KXNBAAST-26APR12DETIND-DETATHOMPSON9-4,2026-04-12,ast,3.5,2.38725,1.1127500000000001,0.22425,0.22996812732858396,1.0,1.0
KXNBAAST-26APR12DETIND-DETATHOMPSON9-6,2026-04-12,ast,5.5,2.38725,3.11275,0.04125,0.051009679267475905,0.0,1.0
KXNBAAST-26APR12DETIND-DETATHOMPSON9-8,2026-04-12,ast,7.5,2.38725,5.11275,0.00675,0.008267932243792964,0.0,1.0
KXNBAAST-26APR12DETIND-DETCCUNNINGHAM2-10,2026-04-12,ast,9.5,5.5165,3.9835000000000003,0.0885,0.0937066118084191,1.0,1.0
KXNBAAST-26APR12DETIND-DETCCUNNINGHAM2-12,2026-04-12,ast,11.5,5.5165,5.9835,0.026,0.03372344718930986,1.0,1.0
KXNBAAST-26APR12DETIND-DETCCUNNINGHAM2-6,2026-04-12,ast,5.5,5.5165,-0.016499999999999737,0.47,0.4549839190902616,1.0,1.0
KXNBAAST-26APR12DETIND-DETCCUNNINGHAM2-8,2026-04-12,ast,7.5,5.5165,1.9835000000000003,0.22875,0.22563252081777285,1.0,1.0
KXNBAAST-26APR12DETIND-DETCCUNNINGHAM2-9,2026-04-12,ast,8.5,5.5165,2.9835000000000003,0.14825,0.14832512005673704,1.0,1.0
KXNBAAST-26APR12DETIND-DETTHARRIS12-2,2026-04-12,ast,1.5,1.63475,-0.13474999999999993,0.4715,0.4718826177205203,0.0,1.0
KXNBAAST-26APR12DETIND-DETTHARRIS12-3,2026-04-12,ast,2.5,1.63475,0.8652500000000001,0.23425,0.23163675682158413,0.0,1.0
KXNBAAST-26APR12DETIND-DETTHARRIS12-4,2026-04-12,ast,3.5,1.63475,1.86525,0.09625,0.09686271712172922,0.0,1.0
KXNBAAST-26APR12DETIND-DETTHARRIS12-6,2026-04-12,ast,5.5,1.63475,3.86525,0.01025,0.011900859175309919,0.0,1.0
KXNBAAST-26APR12DETIND-DETTHARRIS12-8,2026-04-12,ast,7.5,1.63475,5.86525,0.001,0.0010453934458540814,0.0,1.0
KXNBA3PT-26APR12DETIND-DETCCUNNINGHAM2-1,2026-04-12,fg3m,0.5,1.24075,-0.74075,0.69575,0.6832562839979424,1.0,1.0
KXNBA3PT-26APR12DETIND-DETCCUNNINGHAM2-2,2026-04-12,fg3m,1.5,1.24075,0.25925,0.33975,0.34520309251839065,0.0,1.0
KXNBA3PT-26APR12DETIND-DETCCUNNINGHAM2-3,2026-04-12,fg3m,2.5,1.24075,1.25925,0.141,0.1411727857829973,0.0,1.0
KXNBA3PT-26APR12DETIND-DETCCUNNINGHAM2-4,2026-04-12,fg3m,3.5,1.24075,2.2592499999999998,0.047,0.04956976079596076,0.0,1.0
KXNBA3PT-26APR12DETIND-DETCCUNNINGHAM2-5,2026-04-12,fg3m,4.5,1.24075,3.2592499999999998,0.014,0.015522829570049801,0.0,1.0
KXNBAPTS-26APR12GSWLAC-GSWSCURRY30-15,2026-04-12,pts,14.5,15.19825,-0.6982499999999998,0.507,0.48434706137867267,1.0,1.0
KXNBAPTS-26APR12GSWLAC-GSWSCURRY30-20,2026-04-12,pts,19.5,15.19825,4.30175,0.246,0.24636622922395945,1.0,1.0
KXNBAPTS-26APR12GSWLAC-GSWSCURRY30-25,2026-04-12,pts,24.5,15.19825,9.30175,0.09125,0.1069644148656973,0.0,1.0
KXNBAPTS-26APR12GSWLAC-GSWSCURRY30-30,2026-04-12,pts,29.5,15.19825,14.30175,0.02575,0.04118218693338449,0.0,1.0
KXNBAPTS-26APR12GSWLAC-GSWSCURRY30-35,2026-04-12,pts,34.5,15.19825,19.30175,0.0065,0.014449184239792912,0.0,1.0
KXNBAPTS-26APR12GSWLAC-LACDGARLAND10-10,2026-04-12,pts,9.5,13.63375,-4.133749999999999,0.71625,0.708475658908191,1.0,1.0
KXNBAPTS-26APR12GSWLAC-LACDGARLAND10-15,2026-04-12,pts,14.5,13.63375,0.8662500000000009,0.40625,0.395402981577623,1.0,1.0
KXNBAPTS-26APR12GSWLAC-LACDGARLAND10-20,2026-04-12,pts,19.5,13.63375,5.866250000000001,0.177,0.1755209910267802,0.0,1.0
KXNBAPTS-26APR12GSWLAC-LACDGARLAND10-25,2026-04-12,pts,24.5,13.63375,10.86625,0.06325,0.0658045249096808,0.0,1.0
KXNBAPTS-26APR12GSWLAC-LACDGARLAND10-30,2026-04-12,pts,29.5,13.63375,15.86625,0.02025,0.021753046244511687,0.0,1.0
KXNBAAST-26APR12GSWLAC-GSWSCURRY30-10,2026-04-12,ast,9.5,2.91975,6.5802499999999995,0.0015,0.003843141635669678,0.0,1.0
KXNBAAST-26APR12GSWLAC-GSWSCURRY30-2,2026-04-12,ast,1.5,2.91975,-1.41975,0.78225,0.7509983933833897,1.0,1.0
KXNBAAST-26APR12GSWLAC-GSWSCURRY30-4,2026-04-12,ast,3.5,2.91975,0.5802499999999999,0.33575,0.33572371764494113,0.0,1.0
KXNBAAST-26APR12GSWLAC-GSWSCURRY30-6,2026-04-12,ast,5.5,2.91975,2.58025,0.07875,0.09922664926354507,0.0,1.0
KXNBAAST-26APR12GSWLAC-GSWSCURRY30-8,2026-04-12,ast,7.5,2.91975,4.5802499999999995,0.01025,0.021779512601239337,0.0,1.0
KXNBAAST-26APR12GSWLAC-LACDGARLAND10-10,2026-04-12,ast,9.5,4.742,4.758,0.035,0.04979090508935502,0.0,1.0
KXNBAAST-26APR12GSWLAC-LACDGARLAND10-12,2026-04-12,ast,11.5,4.742,6.758,0.00525,0.014813793008382148,0.0,1.0
KXNBAAST-26APR12GSWLAC-LACDGARLAND10-4,2026-04-12,ast,3.5,4.742,-1.242,0.67725,0.6476595755319949,1.0,1.0
KXNBAAST-26APR12GSWLAC-LACDGARLAND10-6,2026-04-12,ast,5.5,4.742,0.758,0.346,0.34434136177323804,1.0,1.0
KXNBAAST-26APR12GSWLAC-LACDGARLAND10-8,2026-04-12,ast,7.5,4.742,2.758,0.12575,0.1439953331128685,0.0,1.0
KXNBA3PT-26APR12GSWLAC-GSWSCURRY30-3,2026-04-12,fg3m,2.5,2.543,-0.04300000000000015,0.46275,0.447024668882275,1.0,1.0
KXNBA3PT-26APR12GSWLAC-GSWSCURRY30-4,2026-04-12,fg3m,3.5,2.543,0.9569999999999999,0.25025,0.2631352716305877,1.0,1.0
KXNBA3PT-26APR12GSWLAC-GSWSCURRY30-5,2026-04-12,fg3m,4.5,2.543,1.9569999999999999,0.11825,0.14097761426726008,0.0,1.0
KXNBA3PT-26APR12GSWLAC-GSWSCURRY30-6,2026-04-12,fg3m,5.5,2.543,2.957,0.046,0.06995305630393445,0.0,1.0
KXNBA3PT-26APR12GSWLAC-GSWSCURRY30-7,2026-04-12,fg3m,6.5,2.543,3.957,0.017,0.032582619990788375,0.0,1.0
KXNBA3PT-26APR12GSWLAC-LACDGARLAND10-1,2026-04-12,fg3m,0.5,2.19375,-1.69375,0.88175,0.8546079654527499,1.0,1.0
KXNBA3PT-26APR12GSWLAC-LACDGARLAND10-2,2026-04-12,fg3m,1.5,2.19375,-0.6937500000000001,0.62675,0.6068540263705782,0.0,1.0
KXNBA3PT-26APR12GSWLAC-LACDGARLAND10-3,2026-04-12,fg3m,2.5,2.19375,0.3062499999999999,0.37825,0.3681096604077475,0.0,1.0
KXNBA3PT-26APR12GSWLAC-LACDGARLAND10-4,2026-04-12,fg3m,3.5,2.19375,1.30625,0.18025,0.1969697950227085,0.0,1.0
KXNBA3PT-26APR12GSWLAC-LACDGARLAND10-5,2026-04-12,fg3m,4.5,2.19375,2.30625,0.08175,0.09540989483657802,0.0,1.0
KXNBAPTS-26APR12UTALAL-UTAABAILEY19-15,2026-04-12,pts,14.5,10.81625,3.68375,0.23975,0.2244670185424884,1.0,1.0
KXNBAPTS-26APR12UTALAL-UTAABAILEY19-20,2026-04-12,pts,19.5,10.81625,8.68375,0.0695,0.07071723815126274,0.0,1.0
KXNBAPTS-26APR12UTALAL-UTAABAILEY19-25,2026-04-12,pts,24.5,10.81625,13.68375,0.01825,0.018458486390228845,0.0,1.0
KXNBAPTS-26APR12UTALAL-UTAABAILEY19-30,2026-04-12,pts,29.5,10.81625,18.68375,0.0025,0.0042055864375047936,0.0,1.0
KXNBAPTS-26APR12UTALAL-UTAABAILEY19-35,2026-04-12,pts,34.5,10.81625,23.68375,0.0,0.0008652639761163039,0.0,1.0
KXNBAREB-26APR12UTALAL-LALLJAMES23-10,2026-04-12,reb,9.5,4.4255,5.0745,0.02275,0.037390500625500867,0.0,1.0
KXNBAREB-26APR12UTALAL-LALLJAMES23-12,2026-04-12,reb,11.5,4.4255,7.0745,0.00375,0.010382678265710266,0.0,1.0
KXNBAREB-26APR12UTALAL-LALLJAMES23-4,2026-04-12,reb,3.5,4.4255,-0.9255000000000004,0.62975,0.6010617383794387,1.0,1.0
KXNBAREB-26APR12UTALAL-LALLJAMES23-6,2026-04-12,reb,5.5,4.4255,1.0744999999999996,0.295,0.298421442262761,0.0,1.0
KXNBAREB-26APR12UTALAL-LALLJAMES23-8,2026-04-12,reb,7.5,4.4255,3.0744999999999996,0.08875,0.11611951288964728,0.0,1.0
KXNBAREB-26APR12UTALAL-UTAABAILEY19-10,2026-04-12,reb,9.5,2.9365,6.5634999999999994,0.00275,0.004195981461024623,0.0,1.0
KXNBAREB-26APR12UTALAL-UTAABAILEY19-2,2026-04-12,reb,1.5,2.9365,-1.4365,0.76825,0.7516360146733776,1.0,1.0
KXNBAREB-26APR12UTALAL-UTAABAILEY19-4,2026-04-12,reb,3.5,2.9365,0.5634999999999999,0.3405,0.33901561176812134,0.0,1.0
KXNBAREB-26APR12UTALAL-UTAABAILEY19-6,2026-04-12,reb,5.5,2.9365,2.5635,0.0875,0.10206171710511791,0.0,1.0
KXNBAREB-26APR12UTALAL-UTAABAILEY19-8,2026-04-12,reb,7.5,2.9365,4.5634999999999994,0.0155,0.0230038722838809,0.0,1.0
KXNBAAST-26APR12UTALAL-LALLJAMES23-10,2026-04-12,ast,9.5,5.1355,4.3645,0.0425,0.07020407182116972,0.0,1.0
KXNBAAST-26APR12UTALAL-LALLJAMES23-12,2026-04-12,ast,11.5,5.1355,6.3645,0.008,0.023127562479078545,0.0,1.0
KXNBAAST-26APR12UTALAL-LALLJAMES23-14,2026-04-12,ast,13.5,5.1355,8.3645,0.00125,0.006767907403022577,0.0,1.0
KXNBAAST-26APR12UTALAL-LALLJAMES23-6,2026-04-12,ast,5.5,5.1355,0.3644999999999996,0.4065,0.4014049033342836,1.0,1.0
KXNBAAST-26APR12UTALAL-LALLJAMES23-8,2026-04-12,ast,7.5,5.1355,2.3644999999999996,0.15,0.18401652930813783,0.0,1.0
KXNBAAST-26APR12UTALAL-UTAABAILEY19-2,2026-04-12,ast,1.5,1.19525,0.3047500000000001,0.33125,0.3317389838677449,0.0,1.0
KXNBAAST-26APR12UTALAL-UTAABAILEY19-3,2026-04-12,ast,2.5,1.19525,1.30475,0.12,0.12815589482495604,0.0,1.0
KXNBAAST-26APR12UTALAL-UTAABAILEY19-4,2026-04-12,ast,3.5,1.19525,2.3047500000000003,0.03875,0.04158179763295711,0.0,1.0
KXNBAAST-26APR12UTALAL-UTAABAILEY19-6,2026-04-12,ast,5.5,1.19525,4.30475,0.00275,0.0030155898464370168,0.0,1.0
KXNBAAST-26APR12UTALAL-UTAABAILEY19-8,2026-04-12,ast,7.5,1.19525,6.30475,0.0,0.00015448061790968026,0.0,1.0
KXNBAPTS-26APR12ATLMIA-MIAAWIGGINS22-15,2026-04-12,pts,14.5,9.74875,4.751250000000001,0.17975,0.16303817673821042,0.0,1.0
KXNBAPTS-26APR12ATLMIA-MIAAWIGGINS22-20,2026-04-12,pts,19.5,9.74875,9.75125,0.0545,0.043003076336729174,0.0,1.0
KXNBAPTS-26APR12ATLMIA-MIAAWIGGINS22-25,2026-04-12,pts,24.5,9.74875,14.75125,0.01,0.009329810357050161,0.0,1.0
KXNBAPTS-26APR12ATLMIA-MIAAWIGGINS22-30,2026-04-12,pts,29.5,9.74875,19.75125,0.00225,0.0017603133059287401,0.0,1.0
KXNBAPTS-26APR12ATLMIA-MIABADEBAYO13-15,2026-04-12,pts,14.5,14.79175,-0.2917500000000004,0.4915,0.4620208849990677,1.0,1.0
KXNBAPTS-26APR12ATLMIA-MIABADEBAYO13-20,2026-04-12,pts,19.5,14.79175,4.70825,0.2235,0.22748860144179006,1.0,1.0
KXNBAPTS-26APR12ATLMIA-MIABADEBAYO13-25,2026-04-12,pts,24.5,14.79175,9.70825,0.0755,0.0953461325662277,1.0,1.0
KXNBAPTS-26APR12ATLMIA-MIABADEBAYO13-30,2026-04-12,pts,29.5,14.79175,14.70825,0.024,0.03538457522257865,0.0,1.0
KXNBAPTS-26APR12ATLMIA-MIABADEBAYO13-35,2026-04-12,pts,34.5,14.79175,19.70825,0.006,0.011956689651954178,0.0,1.0
KXNBAPTS-26APR12ATLMIA-MIATHERRO14-20,2026-04-12,pts,19.5,14.582,4.917999999999999,0.218,0.21785181532441578,0.0,1.0
KXNBAPTS-26APR12ATLMIA-MIATHERRO14-25,2026-04-12,pts,24.5,14.582,9.918,0.074,0.08959417099200273,0.0,1.0
KXNBAPTS-26APR12ATLMIA-MIATHERRO14-30,2026-04-12,pts,29.5,14.582,14.918,0.0195,0.032601200346075165,0.0,1.0
KXNBAPTS-26APR12ATLMIA-MIATHERRO14-35,2026-04-12,pts,34.5,14.582,19.918,0.00525,0.010796404785588631,0.0,1.0
KXNBAREB-26APR12ATLMIA-MIAAWIGGINS22-10,2026-04-12,reb,9.5,3.518,5.982,0.00875,0.01176909196793341,0.0,1.0
KXNBAREB-26APR12ATLMIA-MIAAWIGGINS22-12,2026-04-12,reb,11.5,3.518,7.982,0.0005,0.002384476984653383,0.0,1.0
KXNBAREB-26APR12ATLMIA-MIAAWIGGINS22-6,2026-04-12,reb,5.5,3.518,1.9820000000000002,0.1685,0.17141748942138735,0.0,1.0
KXNBAREB-26APR12ATLMIA-MIAAWIGGINS22-7,2026-04-12,reb,6.5,3.518,2.982,0.07825,0.09504370266527262,0.0,1.0
KXNBAREB-26APR12ATLMIA-MIAAWIGGINS22-8,2026-04-12,reb,7.5,3.518,3.982,0.03675,0.04971779151111955,0.0,1.0
KXNBAREB-26APR12ATLMIA-MIABADEBAYO13-10,2026-04-12,reb,9.5,7.90975,1.5902500000000002,0.29075,0.30216018323322313,1.0,1.0
KXNBAREB-26APR12ATLMIA-MIABADEBAYO13-12,2026-04-12,reb,11.5,7.90975,3.59025,0.13175,0.1632118172734458,0.0,1.0
KXNBAREB-26APR12ATLMIA-MIABADEBAYO13-14,2026-04-12,reb,13.5,7.90975,5.59025,0.05025,0.07990508598015311,0.0,1.0
KXNBAREB-26APR12ATLMIA-MIABADEBAYO13-16,2026-04-12,reb,15.5,7.90975,7.59025,0.017,0.0359981250779321,0.0,1.0
KXNBAREB-26APR12ATLMIA-MIABADEBAYO13-8,2026-04-12,reb,7.5,7.90975,-0.40974999999999984,0.5225,0.4982110386984405,1.0,1.0
KXNBAREB-26APR12ATLMIA-MIATHERRO14-10,2026-04-12,reb,9.5,3.67175,5.828250000000001,0.00825,0.014796253667338166,1.0,1.0
KXNBAREB-26APR12ATLMIA-MIATHERRO14-2,2026-04-12,reb,1.5,3.67175,-2.17175,0.86325,0.8392590297053657,1.0,1.0
KXNBAREB-26APR12ATLMIA-MIATHERRO14-4,2026-04-12,reb,3.5,3.67175,-0.17174999999999985,0.4955,0.4781992476461575,1.0,1.0
KXNBAREB-26APR12ATLMIA-MIATHERRO14-6,2026-04-12,reb,5.5,3.67175,1.8282500000000002,0.172,0.19179403027695707,1.0,1.0
KXNBAREB-26APR12ATLMIA-MIATHERRO14-8,2026-04-12,reb,7.5,3.67175,3.82825,0.04125,0.05889898427927087,1.0,1.0
KXNBAAST-26APR12ATLMIA-MIABADEBAYO13-10,2026-04-12,ast,9.5,2.42775,7.07225,0.0005,0.0011950426229792033,0.0,1.0
KXNBAAST-26APR12ATLMIA-MIABADEBAYO13-2,2026-04-12,ast,1.5,2.42775,-0.9277500000000001,0.69375,0.666093605699526,1.0,1.0
KXNBAAST-26APR12ATLMIA-MIABADEBAYO13-4,2026-04-12,ast,3.5,2.42775,1.07225,0.2345,0.23789478967069622,0.0,1.0
KXNBAAST-26APR12ATLMIA-MIABADEBAYO13-6,2026-04-12,ast,5.5,2.42775,3.07225,0.0385,0.054092181585561394,0.0,1.0
KXNBAAST-26APR12ATLMIA-MIABADEBAYO13-8,2026-04-12,ast,7.5,2.42775,5.07225,0.00425,0.008998477807219074,0.0,1.0
KXNBAAST-26APR12ATLMIA-MIATHERRO14-2,2026-04-12,ast,1.5,2.8345,-1.3344999999999998,0.762,0.7379627871519137,1.0,1.0
KXNBAAST-26APR12ATLMIA-MIATHERRO14-4,2026-04-12,ast,3.5,2.8345,0.6655000000000002,0.31425,0.318747874850118,1.0,1.0
KXNBAAST-26APR12ATLMIA-MIATHERRO14-5,2026-04-12,ast,4.5,2.8345,1.6655000000000002,0.16675,0.1774251826642399,1.0,1.0
KXNBAAST-26APR12ATLMIA-MIATHERRO14-6,2026-04-12,ast,5.5,2.8345,2.6655,0.07675,0.09043706528244078,1.0,1.0
KXNBAAST-26APR12ATLMIA-MIATHERRO14-8,2026-04-12,ast,7.5,2.8345,4.6655,0.0145,0.01900563127595911,1.0,1.0
KXNBA3PT-26APR12ATLMIA-MIATHERRO14-1,2026-04-12,fg3m,0.5,1.82925,-1.32925,0.8365,0.805981986774811,1.0,1.0
KXNBA3PT-26APR12ATLMIA-MIATHERRO14-2,2026-04-12,fg3m,1.5,1.82925,-0.32925000000000004,0.54175,0.5196812763483663,0.0,1.0
KXNBA3PT-26APR12ATLMIA-MIATHERRO14-3,2026-04-12,fg3m,2.5,1.82925,0.67075,0.27525,0.28077068261224003,0.0,1.0
KXNBA3PT-26APR12ATLMIA-MIATHERRO14-4,2026-04-12,fg3m,3.5,1.82925,1.67075,0.11575,0.13246633579503353,0.0,1.0
KXNBA3PT-26APR12ATLMIA-MIATHERRO14-5,2026-04-12,fg3m,4.5,1.82925,2.67075,0.042,0.056253981421120036,0.0,1.0
KXNBAPTS-26APR12NOPMIN-NOPDQUEEN22-10,2026-04-12,pts,9.5,8.1075,1.3925,0.35275,0.32732084251203497,1.0,1.0
KXNBAPTS-26APR12NOPMIN-NOPDQUEEN22-15,2026-04-12,pts,14.5,8.1075,6.3925,0.1045,0.08285682097879077,1.0,1.0
KXNBAPTS-26APR12NOPMIN-NOPDQUEEN22-20,2026-04-12,pts,19.5,8.1075,11.3925,0.024,0.015371767934559633,1.0,1.0
KXNBAPTS-26APR12NOPMIN-NOPDQUEEN22-25,2026-04-12,pts,24.5,8.1075,16.3925,0.00375,0.002320283145061941,1.0,1.0
KXNBAPTS-26APR12NOPMIN-NOPDQUEEN22-30,2026-04-12,pts,29.5,8.1075,21.3925,0.0,0.00030288741700712496,1.0,1.0
KXNBAREB-26APR12NOPMIN-NOPDQUEEN22-10,2026-04-12,reb,9.5,4.4805,5.0195,0.03425,0.03958696601635947,1.0,1.0
KXNBAREB-26APR12NOPMIN-NOPDQUEEN22-12,2026-04-12,reb,11.5,4.4805,7.0195,0.0085,0.011172307060327902,1.0,1.0
KXNBAREB-26APR12NOPMIN-NOPDQUEEN22-14,2026-04-12,reb,13.5,4.4805,9.0195,0.00275,0.0028030791634118257,1.0,1.0
KXNBAREB-26APR12NOPMIN-NOPDQUEEN22-6,2026-04-12,reb,5.5,4.4805,1.0194999999999999,0.30875,0.30642079033071845,1.0,1.0
KXNBAREB-26APR12NOPMIN-NOPDQUEEN22-8,2026-04-12,reb,7.5,4.4805,3.0195,0.12325,0.12102037552958156,1.0,1.0
KXNBAAST-26APR12NOPMIN-NOPDQUEEN22-10,2026-04-12,ast,9.5,2.40925,7.09075,0.00025,0.0011362118296062151,0.0,1.0
KXNBAAST-26APR12NOPMIN-NOPDQUEEN22-2,2026-04-12,ast,1.5,2.40925,-0.9092500000000001,0.662,0.6624146320901878,1.0,1.0
KXNBAAST-26APR12NOPMIN-NOPDQUEEN22-4,2026-04-12,ast,3.5,2.40925,1.0907499999999999,0.2305,0.2342689952971646,1.0,1.0
KXNBAAST-26APR12NOPMIN-NOPDQUEEN22-6,2026-04-12,ast,5.5,2.40925,3.09075,0.05625,0.052671675588228606,0.0,1.0
KXNBAAST-26APR12NOPMIN-NOPDQUEEN22-8,2026-04-12,ast,7.5,2.40925,5.09075,0.008,0.008659327578943055,0.0,1.0
KXNBAPTS-26APR12CHANYK-CHABMILLER24-15,2026-04-12,pts,14.5,13.494,1.0060000000000002,0.4045,0.3871063748972131,1.0,1.0
KXNBAPTS-26APR12CHANYK-CHABMILLER24-20,2026-04-12,pts,19.5,13.494,6.006,0.167,0.16949562027678589,0.0,1.0
KXNBAPTS-26APR12CHANYK-CHABMILLER24-25,2026-04-12,pts,24.5,13.494,11.006,0.05675,0.06261973403560905,0.0,1.0
KXNBAPTS-26APR12CHANYK-CHABMILLER24-30,2026-04-12,pts,29.5,13.494,16.006,0.017,0.020388327329109557,0.0,1.0
KXNBAPTS-26APR12CHANYK-CHAKKNUEPPEL7-15,2026-04-12,pts,14.5,11.697,2.803000000000001,0.292,0.27780446870523434,0.0,1.0
KXNBAPTS-26APR12CHANYK-CHAKKNUEPPEL7-20,2026-04-12,pts,19.5,11.697,7.803000000000001,0.10125,0.09908307771962377,0.0,1.0
KXNBAPTS-26APR12CHANYK-CHAKKNUEPPEL7-25,2026-04-12,pts,24.5,11.697,12.803,0.028,0.029455167291838835,0.0,1.0
KXNBAPTS-26APR12CHANYK-CHAKKNUEPPEL7-30,2026-04-12,pts,29.5,11.697,17.803,0.0065,0.007667195011142436,0.0,1.0
KXNBAPTS-26APR12CHANYK-CHALBALL1-20,2026-04-12,pts,19.5,15.29075,4.209250000000001,0.24625,0.25069255612640684,0.0,1.0
KXNBAPTS-26APR12CHANYK-CHALBALL1-25,2026-04-12,pts,24.5,15.29075,9.20925,0.1045,0.1096917295390808,0.0,1.0
KXNBAPTS-26APR12CHANYK-CHALBALL1-30,2026-04-12,pts,29.5,15.29075,14.20925,0.03,0.04257601635852737,0.0,1.0
KXNBAPTS-26APR12CHANYK-CHALBALL1-35,2026-04-12,pts,34.5,15.29075,19.20925,0.00875,0.015062815817448394,0.0,1.0
KXNBAPTS-26APR12CHANYK-CHAMBRIDGES0-10,2026-04-12,pts,9.5,10.47125,-0.9712499999999995,0.526,0.519305879046268,0.0,1.0
KXNBAPTS-26APR12CHANYK-CHAMBRIDGES0-15,2026-04-12,pts,14.5,10.47125,4.0287500000000005,0.22025,0.20409244274891603,0.0,1.0
KXNBAPTS-26APR12CHANYK-CHAMBRIDGES0-20,2026-04-12,pts,19.5,10.47125,9.02875,0.061,0.060928347140146166,0.0,1.0
KXNBAPTS-26APR12CHANYK-CHAMBRIDGES0-25,2026-04-12,pts,24.5,10.47125,14.02875,0.01475,0.015034659405031903,0.0,1.0
KXNBAPTS-26APR12CHANYK-CHAMDIABATE14-10,2026-04-12,pts,9.5,5.63375,3.86625,0.14775,0.12235713232998091,0.0,1.0
KXNBAPTS-26APR12CHANYK-CHAMDIABATE14-15,2026-04-12,pts,14.5,5.63375,8.86625,0.024,0.01398334481775243,0.0,1.0
KXNBAPTS-26APR12CHANYK-CHAMDIABATE14-20,2026-04-12,pts,19.5,5.63375,13.86625,0.00175,0.001128491940402765,0.0,1.0
KXNBAREB-26APR12CHANYK-CHABMILLER24-10,2026-04-12,reb,9.5,3.63475,5.86525,0.00675,0.014023319190593408,0.0,1.0
KXNBAREB-26APR12CHANYK-CHABMILLER24-2,2026-04-12,reb,1.5,3.63475,-2.13475,0.86025,0.8357149746736758,1.0,1.0
KXNBAREB-26APR12CHANYK-CHABMILLER24-4,2026-04-12,reb,3.5,3.63475,-0.13474999999999993,0.484,0.4715839327125897,0.0,1.0
KXNBAREB-26APR12CHANYK-CHABMILLER24-6,2026-04-12,reb,5.5,3.63475,1.86525,0.174,0.18682936530945216,0.0,1.0
KXNBAREB-26APR12CHANYK-CHABMILLER24-8,2026-04-12,reb,7.5,3.63475,3.86525,0.03675,0.05660864042027314,0.0,1.0
KXNBAREB-26APR12CHANYK-CHAKKNUEPPEL7-10,2026-04-12,reb,9.5,3.7685,5.7315000000000005,0.01025,0.016955523159294272,0.0,1.0
KXNBAREB-26APR12CHANYK-CHAKKNUEPPEL7-2,2026-04-12,reb,1.5,3.7685,-2.2685,0.8775,0.8481584778010904,1.0,1.0
KXNBAREB-26APR12CHANYK-CHAKKNUEPPEL7-4,2026-04-12,reb,3.5,3.7685,-0.26849999999999996,0.506,0.49525699717928817,1.0,1.0
KXNBAREB-26APR12CHANYK-CHAKKNUEPPEL7-6,2026-04-12,reb,5.5,3.7685,1.7315,0.18575,0.2049406555063037,1.0,1.0
KXNBAREB-26APR12CHANYK-CHAKKNUEPPEL7-8,2026-04-12,reb,7.5,3.7685,3.7315,0.05075,0.06512804671917916,0.0,1.0
KXNBAREB-26APR12CHANYK-CHALBALL1-2,2026-04-12,reb,1.5,3.609,-2.109,0.852,0.8332011244539816,1.0,1.0
KXNBAREB-26APR12CHANYK-CHALBALL1-4,2026-04-12,reb,3.5,3.609,-0.10899999999999999,0.479,0.46695082557038137,1.0,1.0
KXNBAREB-26APR12CHANYK-CHALBALL1-5,2026-04-12,reb,4.5,3.609,0.891,0.3025,0.3041971551300888,1.0,1.0
KXNBAREB-26APR12CHANYK-CHALBALL1-6,2026-04-12,reb,5.5,3.609,1.891,0.17225,0.18339623271349914,1.0,1.0
KXNBAREB-26APR12CHANYK-CHALBALL1-8,2026-04-12,reb,7.5,3.609,3.891,0.04275,0.055044858935839214,0.0,1.0
KXNBAREB-26APR12CHANYK-CHAMBRIDGES0-10,2026-04-12,reb,9.5,3.8785,5.6215,0.01375,0.019661239393010788,0.0,1.0
KXNBAREB-26APR12CHANYK-CHAMBRIDGES0-2,2026-04-12,reb,1.5,3.8785,-2.3785,0.874,0.8576606592990119,0.0,1.0
KXNBAREB-26APR12CHANYK-CHAMBRIDGES0-4,2026-04-12,reb,3.5,3.8785,-0.37849999999999984,0.5285,0.5142129029243057,0.0,1.0
KXNBAREB-26APR12CHANYK-CHAMBRIDGES0-6,2026-04-12,reb,5.5,3.8785,1.6215000000000002,0.2125,0.22014649741607983,0.0,1.0
KXNBAREB-26APR12CHANYK-CHAMBRIDGES0-8,2026-04-12,reb,7.5,3.8785,3.6215,0.05825,0.07262704184854674,0.0,1.0
KXNBAREB-26APR12CHANYK-CHAMDIABATE14-10,2026-04-12,reb,9.5,6.43175,3.06825,0.13375,0.16514289585201236,0.0,1.0
KXNBAREB-26APR12CHANYK-CHAMDIABATE14-12,2026-04-12,reb,11.5,6.43175,5.06825,0.046,0.07210962451557468,0.0,1.0
KXNBAREB-26APR12CHANYK-CHAMDIABATE14-14,2026-04-12,reb,13.5,6.43175,7.06825,0.01225,0.028290314968905217,0.0,1.0
KXNBAREB-26APR12CHANYK-CHAMDIABATE14-6,2026-04-12,reb,5.5,6.43175,-0.9317500000000001,0.60375,0.5707209270642306,1.0,1.0
KXNBAREB-26APR12CHANYK-CHAMDIABATE14-8,2026-04-12,reb,7.5,6.43175,1.06825,0.31375,0.3321105794664414,1.0,1.0
KXNBAAST-26APR12CHANYK-CHABMILLER24-10,2026-04-12,ast,9.5,2.267,7.2330000000000005,0.0,0.0007561591880186347,0.0,1.0
KXNBAAST-26APR12CHANYK-CHABMILLER24-2,2026-04-12,ast,1.5,2.267,-0.7669999999999999,0.64825,0.6328414566587905,1.0,1.0
KXNBAAST-26APR12CHANYK-CHABMILLER24-4,2026-04-12,ast,3.5,2.267,1.233,0.2,0.2067071563521845,0.0,1.0
KXNBAAST-26APR12CHANYK-CHABMILLER24-6,2026-04-12,ast,5.5,2.267,3.233,0.03175,0.04245198606080913,0.0,1.0
KXNBAAST-26APR12CHANYK-CHABMILLER24-8,2026-04-12,ast,7.5,2.267,5.2330000000000005,0.001,0.006348158526765846,0.0,1.0
KXNBAAST-26APR12CHANYK-CHAKKNUEPPEL7-10,2026-04-12,ast,9.5,2.21225,7.28775,0.0,0.0006403009621387401,0.0,1.0
KXNBAAST-26APR12CHANYK-CHAKKNUEPPEL7-2,2026-04-12,ast,1.5,2.21225,-0.71225,0.63325,0.6208379732066138,1.0,1.0
KXNBAAST-26APR12CHANYK-CHAKKNUEPPEL7-4,2026-04-12,ast,3.5,2.21225,1.28775,0.1845,0.19628185106023766,1.0,1.0
KXNBAAST-26APR12CHANYK-CHAKKNUEPPEL7-6,2026-04-12,ast,5.5,2.21225,3.28775,0.032,0.03885211223417795,0.0,1.0
KXNBAAST-26APR12CHANYK-CHAKKNUEPPEL7-8,2026-04-12,ast,7.5,2.21225,5.28775,0.0025,0.005590543612949972,0.0,1.0
KXNBAAST-26APR12CHANYK-CHALBALL1-10,2026-04-12,ast,9.5,4.96425,4.53575,0.0425,0.06082765275790758,0.0,1.0
KXNBAAST-26APR12CHANYK-CHALBALL1-12,2026-04-12,ast,11.5,4.96425,6.53575,0.01,0.019196833803259317,0.0,1.0
KXNBAAST-26APR12CHANYK-CHALBALL1-4,2026-04-12,ast,3.5,4.96425,-1.4642499999999998,0.70625,0.6764888328275703,1.0,1.0
KXNBAAST-26APR12CHANYK-CHALBALL1-6,2026-04-12,ast,5.5,4.96425,0.5357500000000002,0.38,0.3767258408894596,1.0,1.0
KXNBAAST-26APR12CHANYK-CHALBALL1-8,2026-04-12,ast,7.5,4.96425,2.53575,0.1455,0.16617157880647115,0.0,1.0
KXNBAAST-26APR12CHANYK-CHAMBRIDGES0-2,2026-04-12,ast,1.5,1.97175,-0.4717499999999999,0.56875,0.563844538252925,1.0,1.0
KXNBAAST-26APR12CHANYK-CHAMBRIDGES0-3,2026-04-12,ast,2.5,1.97175,0.5282500000000001,0.312,0.31564706490769634,0.0,1.0
KXNBAAST-26APR12CHANYK-CHAMBRIDGES0-4,2026-04-12,ast,3.5,1.97175,1.52825,0.14225,0.15215710945925842,0.0,1.0
KXNBAAST-26APR12CHANYK-CHAMBRIDGES0-6,2026-04-12,ast,5.5,1.97175,3.52825,0.02075,0.025230219208721927,0.0,1.0
KXNBAAST-26APR12CHANYK-CHAMBRIDGES0-8,2026-04-12,ast,7.5,1.97175,5.52825,0.0025,0.003019977519108874,0.0,1.0
KXNBA3PT-26APR12CHANYK-CHAKKNUEPPEL7-2,2026-04-12,fg3m,1.5,2.088,-0.5880000000000001,0.5995,0.5831914218845365,1.0,1.0
KXNBA3PT-26APR12CHANYK-CHAKKNUEPPEL7-3,2026-04-12,fg3m,2.5,2.088,0.4119999999999999,0.34975,0.34315064961257336,1.0,1.0
KXNBA3PT-26APR12CHANYK-CHAKKNUEPPEL7-4,2026-04-12,fg3m,3.5,2.088,1.412,0.16275,0.1775945782842454,0.0,1.0
KXNBA3PT-26APR12CHANYK-CHAKKNUEPPEL7-5,2026-04-12,fg3m,4.5,2.088,2.412,0.06925,0.08306706491814086,0.0,1.0
KXNBA3PT-26APR12CHANYK-CHAKKNUEPPEL7-6,2026-04-12,fg3m,5.5,2.088,3.412,0.02575,0.03582866346761271,0.0,1.0
KXNBA3PT-26APR12CHANYK-CHALBALL1-3,2026-04-12,fg3m,2.5,2.89025,-0.39025,0.5425,0.518807960060139,1.0,1.0
KXNBA3PT-26APR12CHANYK-CHALBALL1-4,2026-04-12,fg3m,3.5,2.89025,0.60975,0.318,0.32984721117728155,1.0,1.0
KXNBA3PT-26APR12CHANYK-CHALBALL1-5,2026-04-12,fg3m,4.5,2.89025,1.60975,0.1725,0.1918873669031793,1.0,1.0
KXNBA3PT-26APR12CHANYK-CHALBALL1-6,2026-04-12,fg3m,5.5,2.89025,2.60975,0.0855,0.10373019955224838,0.0,1.0
KXNBA3PT-26APR12CHANYK-CHALBALL1-7,2026-04-12,fg3m,6.5,2.89025,3.60975,0.03625,0.05275084369279537,0.0,1.0
KXNBA3PT-26APR12CHANYK-CHAMBRIDGES0-1,2026-04-12,fg3m,0.5,1.1335,-0.6335,0.67675,0.6524494884121308,0.0,1.0
KXNBA3PT-26APR12CHANYK-CHAMBRIDGES0-2,2026-04-12,fg3m,1.5,1.1335,0.36650000000000005,0.307,0.3094347304194738,0.0,1.0
KXNBA3PT-26APR12CHANYK-CHAMBRIDGES0-3,2026-04-12,fg3m,2.5,1.1335,1.3665,0.10925,0.11799137897238954,0.0,1.0
KXNBA3PT-26APR12CHANYK-CHAMBRIDGES0-4,2026-04-12,fg3m,3.5,1.1335,2.3665000000000003,0.02975,0.03850855987349833,0.0,1.0
KXNBA3PT-26APR12CHANYK-CHAMBRIDGES0-5,2026-04-12,fg3m,4.5,1.1335,3.3665000000000003,0.0085,0.0111899081848027,0.0,1.0
KXNBAPTS-26APR12PHXOKC-OKCLDORT5-10,2026-04-12,pts,9.5,5.8005,3.6994999999999996,0.1775,0.13443250273856444,0.0,1.0
KXNBAPTS-26APR12PHXOKC-OKCLDORT5-15,2026-04-12,pts,14.5,5.8005,8.6995,0.028,0.016492356071640013,0.0,1.0
KXNBAPTS-26APR12PHXOKC-OKCLDORT5-20,2026-04-12,pts,19.5,5.8005,13.6995,0.0035,0.0014323047010609269,0.0,1.0
KXNBAPTS-26APR12PHXOKC-OKCLDORT5-25,2026-04-12,pts,24.5,5.8005,18.6995,0.0,9.972431090732314e-05,0.0,1.0
KXNBAPTS-26APR12MILPHI-PHIPGEORGE8-10,2026-04-12,pts,9.5,11.6955,-2.195499999999999,0.6155,0.6024357376742034,1.0,1.0
KXNBAPTS-26APR12MILPHI-PHIPGEORGE8-15,2026-04-12,pts,14.5,11.6955,2.804500000000001,0.29425,0.2777126779494571,0.0,1.0
KXNBAPTS-26APR12MILPHI-PHIPGEORGE8-20,2026-04-12,pts,19.5,11.6955,7.804500000000001,0.09975,0.09903088350282563,0.0,1.0
KXNBAPTS-26APR12MILPHI-PHIPGEORGE8-25,2026-04-12,pts,24.5,11.6955,12.8045,0.02775,0.029433567467287758,0.0,1.0
KXNBAPTS-26APR12MILPHI-PHIPGEORGE8-30,2026-04-12,pts,29.5,11.6955,17.8045,0.00475,0.007659948420401519,0.0,1.0
KXNBAPTS-26APR12MILPHI-PHITMAXEY0-25,2026-04-12,pts,24.5,16.606,7.893999999999998,0.13075,0.1514621709100188,0.0,1.0
KXNBAPTS-26APR12MILPHI-PHITMAXEY0-30,2026-04-12,pts,29.5,16.606,12.893999999999998,0.04375,0.06536569548827142,0.0,1.0
KXNBAPTS-26APR12MILPHI-PHITMAXEY0-35,2026-04-12,pts,34.5,16.606,17.894,0.0095,0.025785633209870595,0.0,1.0
KXNBAPTS-26APR12MILPHI-PHITMAXEY0-40,2026-04-12,pts,39.5,16.606,22.894,0.0015,0.00947021336849041,0.0,1.0
KXNBAPTS-26APR12MILPHI-PHIVEDGECOMBE77-15,2026-04-12,pts,14.5,11.575,2.9250000000000007,0.28675,0.2703450915558828,0.0,1.0
KXNBAPTS-26APR12MILPHI-PHIVEDGECOMBE77-20,2026-04-12,pts,19.5,11.575,7.925000000000001,0.094,0.09487938333375112,0.0,1.0
KXNBAPTS-26APR12MILPHI-PHIVEDGECOMBE77-25,2026-04-12,pts,24.5,11.575,12.925,0.02025,0.02773101292362723,0.0,1.0
KXNBAPTS-26APR12MILPHI-PHIVEDGECOMBE77-30,2026-04-12,pts,29.5,11.575,17.925,0.00325,0.007093885858787674,0.0,1.0
KXNBAREB-26APR12MILPHI-PHIPGEORGE8-10,2026-04-12,reb,9.5,3.59775,5.90225,0.00975,0.013278904738066144,0.0,1.0
KXNBAREB-26APR12MILPHI-PHIPGEORGE8-12,2026-04-12,reb,11.5,3.59775,7.90225,0.001,0.0027775876483785433,0.0,1.0
KXNBAREB-26APR12MILPHI-PHIPGEORGE8-6,2026-04-12,reb,5.5,3.59775,1.90225,0.17075,0.181902162355557,0.0,1.0
KXNBAREB-26APR12MILPHI-PHIPGEORGE8-7,2026-04-12,reb,6.5,3.59775,2.90225,0.08375,0.10236429135962855,0.0,1.0
KXNBAREB-26APR12MILPHI-PHIPGEORGE8-8,2026-04-12,reb,7.5,3.59775,3.90225,0.04325,0.05436944552231693,0.0,1.0
KXNBAREB-26APR12MILPHI-PHIVEDGECOMBE77-10,2026-04-12,reb,9.5,4.03825,5.46175,0.01675,0.024086219055854063,0.0,1.0
KXNBAREB-26APR12MILPHI-PHIVEDGECOMBE77-2,2026-04-12,reb,1.5,4.03825,-2.5382499999999997,0.888,0.8703751810284354,1.0,1.0
KXNBAREB-26APR12MILPHI-PHIVEDGECOMBE77-4,2026-04-12,reb,3.5,4.03825,-0.5382499999999997,0.55725,0.540876628752265,1.0,1.0
KXNBAREB-26APR12MILPHI-PHIVEDGECOMBE77-6,2026-04-12,reb,5.5,4.03825,1.4617500000000003,0.23725,0.24263421444409006,1.0,1.0
KXNBAREB-26APR12MILPHI-PHIVEDGECOMBE77-8,2026-04-12,reb,7.5,4.03825,3.4617500000000003,0.07025,0.08428857267028111,0.0,1.0
KXNBAAST-26APR12MILPHI-PHIPGEORGE8-2,2026-04-12,ast,1.5,2.72125,-1.22125,0.74525,0.7196087060509541,1.0,1.0
KXNBAAST-26APR12MILPHI-PHIPGEORGE8-4,2026-04-12,ast,3.5,2.72125,0.77875,0.2875,0.29614164981540037,0.0,1.0
KXNBAAST-26APR12MILPHI-PHIPGEORGE8-5,2026-04-12,ast,4.5,2.72125,1.77875,0.14625,0.16030829239291722,0.0,1.0
KXNBAAST-26APR12MILPHI-PHIPGEORGE8-6,2026-04-12,ast,5.5,2.72125,2.77875,0.06975,0.07936488439655631,0.0,1.0
KXNBAAST-26APR12MILPHI-PHIPGEORGE8-8,2026-04-12,ast,7.5,2.72125,4.7787500000000005,0.00725,0.01569970105173002,0.0,1.0
KXNBAAST-26APR12MILPHI-PHITMAXEY0-10,2026-04-12,ast,9.5,4.44825,5.05175,0.02125,0.03717922645241245,0.0,1.0
KXNBAAST-26APR12MILPHI-PHITMAXEY0-12,2026-04-12,ast,11.5,4.44825,7.05175,0.0035,0.01016803844935421,0.0,1.0
KXNBAAST-26APR12MILPHI-PHITMAXEY0-4,2026-04-12,ast,3.5,4.44825,-0.9482499999999998,0.62675,0.60629835052488,0.0,1.0
KXNBAAST-26APR12MILPHI-PHITMAXEY0-6,2026-04-12,ast,5.5,4.44825,1.0517500000000002,0.29125,0.3012879125182867,0.0,1.0
KXNBAAST-26APR12MILPHI-PHITMAXEY0-8,2026-04-12,ast,7.5,4.44825,3.05175,0.0915,0.11666679341662722,0.0,1.0
KXNBAAST-26APR12MILPHI-PHIVEDGECOMBE77-10,2026-04-12,ast,9.5,3.1555,6.3445,0.00225,0.006097497385320949,1.0,1.0
KXNBAAST-26APR12MILPHI-PHIVEDGECOMBE77-2,2026-04-12,ast,1.5,3.1555,-1.6555,0.821,0.7838005751356258,1.0,1.0
KXNBAAST-26APR12MILPHI-PHIVEDGECOMBE77-4,2026-04-12,ast,3.5,3.1555,0.34450000000000003,0.38725,0.3821863314612006,1.0,1.0
KXNBAAST-26APR12MILPHI-PHIVEDGECOMBE77-6,2026-04-12,ast,5.5,3.1555,2.3445,0.104,0.12542009695131884,1.0,1.0
KXNBAAST-26APR12MILPHI-PHIVEDGECOMBE77-8,2026-04-12,ast,7.5,3.1555,4.3445,0.01725,0.03078930286058612,1.0,1.0
KXNBA3PT-26APR12MILPHI-PHITMAXEY0-2,2026-04-12,fg3m,1.5,1.77725,-0.27725,0.524,0.5059316571496679,1.0,1.0
KXNBA3PT-26APR12MILPHI-PHITMAXEY0-3,2026-04-12,fg3m,2.5,1.77725,0.72275,0.27125,0.26811594735929445,0.0,1.0
KXNBA3PT-26APR12MILPHI-PHITMAXEY0-4,2026-04-12,fg3m,3.5,1.77725,1.72275,0.112,0.12389525372210586,0.0,1.0
KXNBA3PT-26APR12MILPHI-PHITMAXEY0-5,2026-04-12,fg3m,4.5,1.77725,2.72275,0.0345,0.051490405957660856,0.0,1.0
KXNBA3PT-26APR12MILPHI-PHITMAXEY0-6,2026-04-12,fg3m,5.5,1.77725,3.72275,0.009,0.019675433832079037,0.0,1.0
KXNBA3PT-26APR12MILPHI-PHIVEDGECOMBE77-1,2026-04-12,fg3m,0.5,1.3185,-0.8185,0.732,0.7036608032803175,1.0,1.0
KXNBA3PT-26APR12MILPHI-PHIVEDGECOMBE77-2,2026-04-12,fg3m,1.5,1.3185,0.1815,0.37875,0.3704848834024421,0.0,1.0
KXNBA3PT-26APR12MILPHI-PHIVEDGECOMBE77-3,2026-04-12,fg3m,2.5,1.3185,1.1815,0.14275,0.15865329592423272,0.0,1.0
KXNBA3PT-26APR12MILPHI-PHIVEDGECOMBE77-4,2026-04-12,fg3m,3.5,1.3185,2.1814999999999998,0.05025,0.05846584494947038,0.0,1.0
KXNBA3PT-26APR12MILPHI-PHIVEDGECOMBE77-5,2026-04-12,fg3m,4.5,1.3185,3.1814999999999998,0.01125,0.01923849603143013,0.0,1.0
KXNBAPTS-26APR12SACPOR-PORDAVDIJA8-30,2026-04-12,pts,29.5,14.856,14.644,0.02475,0.036265454167539124,0.0,1.0
KXNBAPTS-26APR12SACPOR-PORDAVDIJA8-35,2026-04-12,pts,34.5,14.856,19.644,0.00425,0.01232895068600337,0.0,1.0
KXNBAPTS-26APR12SACPOR-PORDAVDIJA8-40,2026-04-12,pts,39.5,14.856,24.644,0.00125,0.003893004103845188,0.0,1.0
KXNBAPTS-26APR12SACPOR-PORDAVDIJA8-45,2026-04-12,pts,44.5,14.856,29.644,0.0005,0.001158215908261595,0.0,1.0
KXNBAPTS-26APR12SACPOR-PORDAVDIJA8-50,2026-04-12,pts,49.5,14.856,34.644,0.00025,0.00032813830484945683,0.0,1.0
KXNBAPTS-26APR12SACPOR-PORDCLINGAN23-10,2026-04-12,pts,9.5,7.752,1.7480000000000002,0.316,0.2963228956834083,1.0,1.0
KXNBAPTS-26APR12SACPOR-PORDCLINGAN23-15,2026-04-12,pts,14.5,7.752,6.748,0.08275,0.06873987822042826,0.0,1.0
KXNBAPTS-26APR12SACPOR-PORDCLINGAN23-20,2026-04-12,pts,19.5,7.752,11.748000000000001,0.014,0.011623836461923442,0.0,1.0
KXNBAPTS-26APR12SACPOR-PORDCLINGAN23-25,2026-04-12,pts,24.5,7.752,16.748,0.0015,0.001595518883396485,0.0,1.0
KXNBAPTS-26APR12SACPOR-PORJHOLIDAY5-15,2026-04-12,pts,14.5,11.2355,3.2645,0.264,0.2496814813277225,1.0,1.0
KXNBAPTS-26APR12SACPOR-PORJHOLIDAY5-20,2026-04-12,pts,19.5,11.2355,8.2645,0.083,0.08363551700109195,1.0,1.0
KXNBAPTS-26APR12SACPOR-PORJHOLIDAY5-25,2026-04-12,pts,24.5,11.2355,13.2645,0.019,0.023277228792695226,0.0,1.0
KXNBAPTS-26APR12SACPOR-PORJHOLIDAY5-30,2026-04-12,pts,29.5,11.2355,18.264499999999998,0.00325,0.005663352885167505,0.0,1.0
KXNBAPTS-26APR12SACPOR-PORTCAMARA33-10,2026-04-12,pts,9.5,9.38,0.11999999999999922,0.4465,0.43495704056698237,1.0,1.0
KXNBAPTS-26APR12SACPOR-PORTCAMARA33-15,2026-04-12,pts,14.5,9.38,5.119999999999999,0.165,0.14320038754617137,1.0,1.0
KXNBAPTS-26APR12SACPOR-PORTCAMARA33-20,2026-04-12,pts,19.5,9.38,10.12,0.04175,0.03522719758875981,0.0,1.0
KXNBAPTS-26APR12SACPOR-PORTCAMARA33-25,2026-04-12,pts,24.5,9.38,15.12,0.0055,0.007110498746912164,0.0,1.0
KXNBAPTS-26APR12SACPOR-SACPACHIUWA9-10,2026-04-12,pts,9.5,8.29,1.2100000000000009,0.371,0.34315472169286776,1.0,1.0
KXNBAPTS-26APR12SACPOR-SACPACHIUWA9-15,2026-04-12,pts,14.5,8.29,6.210000000000001,0.10525,0.09061005035482395,1.0,1.0
KXNBAPTS-26APR12SACPOR-SACPACHIUWA9-20,2026-04-12,pts,19.5,8.29,11.21,0.022,0.017583609401789158,1.0,1.0
KXNBAPTS-26APR12SACPOR-SACPACHIUWA9-25,2026-04-12,pts,24.5,8.29,16.21,0.00325,0.0027796006411762164,1.0,1.0
KXNBAREB-26APR12SACPOR-PORDAVDIJA8-10,2026-04-12,reb,9.5,4.99325,4.50675,0.048,0.0638223477740989,0.0,1.0
KXNBAREB-26APR12SACPOR-PORDAVDIJA8-12,2026-04-12,reb,11.5,4.99325,6.50675,0.01075,0.020692674171081005,0.0,1.0
KXNBAREB-26APR12SACPOR-PORDAVDIJA8-14,2026-04-12,reb,13.5,4.99325,8.50675,0.00175,0.005980273520646562,0.0,1.0
KXNBAREB-26APR12SACPOR-PORDAVDIJA8-16,2026-04-12,reb,15.5,4.99325,10.50675,0.0,0.0015734445291434307,0.0,1.0
KXNBAREB-26APR12SACPOR-PORDAVDIJA8-8,2026-04-12,reb,7.5,4.99325,2.5067500000000003,0.147,0.17059590710018735,0.0,1.0
KXNBAREB-26APR12SACPOR-PORDCLINGAN23-10,2026-04-12,reb,9.5,7.817,1.6829999999999998,0.2655,0.29312919255131276,1.0,1.0
KXNBAREB-26APR12SACPOR-PORDCLINGAN23-12,2026-04-12,reb,11.5,7.817,3.683,0.11775,0.15654949662598228,0.0,1.0
KXNBAREB-26APR12SACPOR-PORDCLINGAN23-13,2026-04-12,reb,12.5,7.817,4.683,0.07375,0.1101290921358371,0.0,1.0
KXNBAREB-26APR12SACPOR-PORDCLINGAN23-14,2026-04-12,reb,13.5,7.817,5.683,0.0435,0.07573707555847775,0.0,1.0
KXNBAREB-26APR12SACPOR-PORDCLINGAN23-16,2026-04-12,reb,15.5,7.817,7.683,0.01525,0.03370458636234164,0.0,1.0
KXNBAREB-26APR12SACPOR-PORJHOLIDAY5-2,2026-04-12,reb,1.5,3.623,-2.123,0.86775,0.8345727476206315,1.0,1.0
KXNBAREB-26APR12SACPOR-PORJHOLIDAY5-4,2026-04-12,reb,3.5,3.623,-0.12300000000000022,0.48975,0.46947274276089024,1.0,1.0
KXNBAREB-26APR12SACPOR-PORJHOLIDAY5-5,2026-04-12,reb,4.5,3.623,0.8769999999999998,0.29775,0.3065403122544845,1.0,1.0
KXNBAREB-26APR12SACPOR-PORJHOLIDAY5-6,2026-04-12,reb,5.5,3.623,1.8769999999999998,0.171,0.185260504889052,1.0,1.0
KXNBAREB-26APR12SACPOR-PORJHOLIDAY5-8,2026-04-12,reb,7.5,3.623,3.877,0.033,0.055891993235816284,0.0,1.0
KXNBAREB-26APR12SACPOR-SACPACHIUWA9-10,2026-04-12,reb,9.5,5.43425,4.06575,0.06975,0.09000520931252665,1.0,1.0
KXNBAREB-26APR12SACPOR-SACPACHIUWA9-12,2026-04-12,reb,11.5,5.43425,6.06575,0.022,0.0323735660271427,0.0,1.0
KXNBAREB-26APR12SACPOR-SACPACHIUWA9-4,2026-04-12,reb,3.5,5.43425,-1.9342499999999996,0.7575,0.7280675248731453,1.0,1.0
KXNBAREB-26APR12SACPOR-SACPACHIUWA9-6,2026-04-12,reb,5.5,5.43425,0.06575000000000042,0.45275,0.4428480278336234,1.0,1.0
KXNBAREB-26APR12SACPOR-SACPACHIUWA9-8,2026-04-12,reb,7.5,5.43425,2.0657500000000004,0.20575,0.21772036537244932,1.0,1.0
KXNBAAST-26APR12SACPOR-PORDAVDIJA8-10,2026-04-12,ast,9.5,4.144,5.356,0.01325,0.02645152269661466,1.0,1.0
KXNBAAST-26APR12SACPOR-PORDAVDIJA8-12,2026-04-12,ast,11.5,4.144,7.356,0.002,0.006573317222499764,0.0,1.0
KXNBAAST-26APR12SACPOR-PORDAVDIJA8-4,2026-04-12,ast,3.5,4.144,-0.6440000000000001,0.58325,0.5595053231073768,1.0,1.0
KXNBAAST-26APR12SACPOR-PORDAVDIJA8-6,2026-04-12,ast,5.5,4.144,1.3559999999999999,0.25325,0.2570055386221164,1.0,1.0
KXNBAAST-26APR12SACPOR-PORDAVDIJA8-8,2026-04-12,ast,7.5,4.144,3.356,0.0695,0.09110714765018124,1.0,1.0
KXNBAAST-26APR12SACPOR-PORDCLINGAN23-2,2026-04-12,ast,1.5,1.4405,0.05950000000000011,0.429,0.41252710987523344,0.0,1.0
KXNBAAST-26APR12SACPOR-PORDCLINGAN23-3,2026-04-12,ast,2.5,1.4405,1.0595,0.18175,0.1843263679571452,0.0,1.0
KXNBAAST-26APR12SACPOR-PORDCLINGAN23-4,2026-04-12,ast,3.5,1.4405,2.0595,0.05575,0.06972401767685488,0.0,1.0
KXNBAAST-26APR12SACPOR-PORDCLINGAN23-6,2026-04-12,ast,5.5,1.4405,4.0595,0.0045,0.006948188944456146,0.0,1.0
KXNBAAST-26APR12SACPOR-PORDCLINGAN23-8,2026-04-12,ast,7.5,1.4405,6.0595,0.0,0.0004923713413589326,0.0,1.0
KXNBAAST-26APR12SACPOR-PORJHOLIDAY5-10,2026-04-12,ast,9.5,4.0325,5.4675,0.009,0.023094836259545115,0.0,1.0
KXNBAAST-26APR12SACPOR-PORJHOLIDAY5-12,2026-04-12,ast,11.5,4.0325,7.4675,0.00075,0.005527660884500074,0.0,1.0
KXNBAAST-26APR12SACPOR-PORJHOLIDAY5-6,2026-04-12,ast,5.5,4.0325,1.4675000000000002,0.2295,0.241007877416072,0.0,1.0
KXNBAAST-26APR12SACPOR-PORJHOLIDAY5-7,2026-04-12,ast,6.5,4.0325,2.4675000000000002,0.12425,0.14510760045470106,0.0,1.0
KXNBAAST-26APR12SACPOR-PORJHOLIDAY5-8,2026-04-12,ast,7.5,4.0325,3.4675000000000002,0.063,0.08251055344043656,0.0,1.0
KXNBA3PT-26APR12SACPOR-PORDAVDIJA8-1,2026-04-12,fg3m,0.5,1.0785,-0.5785,0.661,0.6353456613174953,1.0,1.0
KXNBA3PT-26APR12SACPOR-PORDAVDIJA8-2,2026-04-12,fg3m,1.5,1.0785,0.4215,0.29025,0.2907514353700583,1.0,1.0
KXNBA3PT-26APR12SACPOR-PORDAVDIJA8-3,2026-04-12,fg3m,2.5,1.0785,1.4215,0.09725,0.1066033463956908,1.0,1.0
KXNBA3PT-26APR12SACPOR-PORDAVDIJA8-4,2026-04-12,fg3m,3.5,1.0785,2.4215,0.024,0.03339983268617708,1.0,1.0
KXNBA3PT-26APR12SACPOR-PORDAVDIJA8-5,2026-04-12,fg3m,4.5,1.0785,3.4215,0.00525,0.00930911915548005,1.0,1.0
KXNBAPTS-26APR12DENSAS-DENNJOKIC15-15,2026-04-12,pts,14.5,18.0155,-3.5154999999999994,0.66975,0.6208511787655433,1.0,1.0
KXNBAPTS-26APR12DENSAS-DENNJOKIC15-20,2026-04-12,pts,19.5,18.0155,1.4845000000000006,0.39425,0.3790038726573628,1.0,1.0
KXNBAPTS-26APR12DENSAS-DENNJOKIC15-25,2026-04-12,pts,24.5,18.0155,6.484500000000001,0.18175,0.20118089443404308,0.0,1.0
KXNBAPTS-26APR12DENSAS-DENNJOKIC15-30,2026-04-12,pts,29.5,18.0155,11.4845,0.0615,0.09567755076102669,0.0,1.0
KXNBAPTS-26APR12DENSAS-SASDFOX4-10,2026-04-12,pts,9.5,13.27875,-3.7787500000000005,0.70525,0.6912842423994254,1.0,1.0
KXNBAPTS-26APR12DENSAS-SASDFOX4-15,2026-04-12,pts,14.5,13.27875,1.2212499999999995,0.388,0.3742402212844633,1.0,1.0
KXNBAPTS-26APR12DENSAS-SASDFOX4-20,2026-04-12,pts,19.5,13.27875,6.2212499999999995,0.162,0.1603438992373012,1.0,1.0
KXNBAPTS-26APR12DENSAS-SASDFOX4-25,2026-04-12,pts,24.5,13.27875,11.22125,0.04725,0.05788184691009368,0.0,1.0
KXNBAPTS-26APR12DENSAS-SASDFOX4-30,2026-04-12,pts,29.5,13.27875,16.221249999999998,0.009,0.01839973476162926,0.0,1.0
KXNBAREB-26APR12DENSAS-DENNJOKIC15-10,2026-04-12,reb,9.5,8.9415,0.5585000000000004,0.408,0.40256030605049864,0.0,1.0
KXNBAREB-26APR12DENSAS-DENNJOKIC15-12,2026-04-12,reb,11.5,8.9415,2.5585000000000004,0.21775,0.2431599200396437,0.0,1.0
KXNBAREB-26APR12DENSAS-DENNJOKIC15-14,2026-04-12,reb,13.5,8.9415,4.5585,0.09725,0.1339728515244506,0.0,1.0
KXNBAREB-26APR12DENSAS-DENNJOKIC15-6,2026-04-12,reb,5.5,8.9415,-3.4414999999999996,0.8445,0.7935980806680482,1.0,1.0
KXNBAREB-26APR12DENSAS-DENNJOKIC15-8,2026-04-12,reb,7.5,8.9415,-1.4414999999999996,0.63825,0.5994967158053264,1.0,1.0
KXNBAREB-26APR12DENSAS-SASDFOX4-10,2026-04-12,reb,9.5,2.8535,6.6465,0.002,0.003529665770550139,0.0,1.0
KXNBAREB-26APR12DENSAS-SASDFOX4-2,2026-04-12,reb,1.5,2.8535,-1.3535,0.76175,0.739115371619546,1.0,1.0
KXNBAREB-26APR12DENSAS-SASDFOX4-4,2026-04-12,reb,3.5,2.8535,0.6465000000000001,0.3175,0.3225933383774917,1.0,1.0
KXNBAREB-26APR12DENSAS-SASDFOX4-6,2026-04-12,reb,5.5,2.8535,2.6465,0.0755,0.09340021060243753,1.0,1.0
KXNBAREB-26APR12DENSAS-SASDFOX4-8,2026-04-12,reb,7.5,2.8535,4.6465,0.0145,0.02019527766871898,0.0,1.0
KXNBAAST-26APR12DENSAS-DENNJOKIC15-10,2026-04-12,ast,9.5,6.74775,2.75225,0.16225,0.19092252936883425,0.0,1.0
KXNBAAST-26APR12DENSAS-DENNJOKIC15-12,2026-04-12,ast,11.5,6.74775,4.75225,0.057,0.08666442582454714,0.0,1.0
KXNBAAST-26APR12DENSAS-DENNJOKIC15-6,2026-04-12,ast,5.5,6.74775,-1.24775,0.648,0.6090144790858274,0.0,1.0
KXNBAAST-26APR12DENSAS-DENNJOKIC15-8,2026-04-12,ast,7.5,6.74775,0.7522500000000001,0.367,0.3688051511203092,0.0,1.0
KXNBAAST-26APR12DENSAS-DENNJOKIC15-9,2026-04-12,ast,8.5,6.74775,1.75225,0.25525,0.27016771216098034,0.0,1.0
KXNBAAST-26APR12DENSAS-SASDFOX4-10,2026-04-12,ast,9.5,4.072,5.428,0.0155,0.024249650507045195,0.0,1.0
KXNBAAST-26APR12DENSAS-SASDFOX4-12,2026-04-12,ast,11.5,4.072,7.428,0.00375,0.005882721937970459,0.0,1.0
KXNBAAST-26APR12DENSAS-SASDFOX4-4,2026-04-12,ast,3.5,4.072,-0.5720000000000001,0.56075,0.5478488096356035,1.0,1.0
KXNBAAST-26APR12DENSAS-SASDFOX4-6,2026-04-12,ast,5.5,4.072,1.428,0.23825,0.24665574788551814,0.0,1.0
KXNBAAST-26APR12DENSAS-SASDFOX4-8,2026-04-12,ast,7.5,4.072,3.428,0.071,0.08550671929757414,0.0,1.0
KXNBA3PT-26APR12DENSAS-DENNJOKIC15-1,2026-04-12,fg3m,0.5,1.0665,-0.5665,0.64675,0.6314886125554686,1.0,1.0
KXNBA3PT-26APR12DENSAS-DENNJOKIC15-2,2026-04-12,fg3m,1.5,1.0665,0.4335,0.2925,0.2866492433733616,0.0,1.0
KXNBA3PT-26APR12DENSAS-DENNJOKIC15-3,2026-04-12,fg3m,2.5,1.0665,1.4335,0.09725,0.10416919787052914,0.0,1.0
KXNBA3PT-26APR12DENSAS-DENNJOKIC15-4,2026-04-12,fg3m,3.5,1.0665,2.4335,0.02175,0.03233695778658141,0.0,1.0
KXNBA3PT-26APR12DENSAS-DENNJOKIC15-5,2026-04-12,fg3m,4.5,1.0665,3.4335,0.0065,0.008928302595992532,0.0,1.0
KXNBA3PT-26APR12DENSAS-SASDFOX4-1,2026-04-12,fg3m,0.5,1.25,-0.75,0.697,0.6857652253581368,1.0,1.0
KXNBA3PT-26APR12DENSAS-SASDFOX4-2,2026-04-12,fg3m,1.5,1.25,0.25,0.347,0.3482412998566724,1.0,1.0
KXNBA3PT-26APR12DENSAS-SASDFOX4-3,2026-04-12,fg3m,2.5,1.25,1.25,0.143,0.14322542459235654,1.0,1.0
KXNBA3PT-26APR12DENSAS-SASDFOX4-4,2026-04-12,fg3m,3.5,1.25,2.25,0.0475,0.050590252883238485,1.0,1.0
KXNBA3PT-26APR12DENSAS-SASDFOX4-5,2026-04-12,fg3m,4.5,1.25,3.25,0.01225,0.015939126623624844,0.0,1.0
KXNBAPTS-26APR12BKNTOR-TORIQUICKLEY5-10,2026-04-12,pts,9.5,10.12725,-0.6272500000000001,0.499,0.49369738047162115,0.0,1.0
KXNBAPTS-26APR12BKNTOR-TORIQUICKLEY5-15,2026-04-12,pts,14.5,10.12725,4.37275,0.2075,0.18423107050982268,0.0,1.0
KXNBAPTS-26APR12BKNTOR-TORIQUICKLEY5-20,2026-04-12,pts,19.5,10.12725,9.37275,0.05975,0.051952612476121374,0.0,1.0
KXNBAPTS-26APR12BKNTOR-TORIQUICKLEY5-25,2026-04-12,pts,24.5,10.12725,14.37275,0.017,0.012081561172743394,0.0,1.0
KXNBAPTS-26APR12BKNTOR-TORSBARNES4-10,2026-04-12,pts,9.5,10.958,-1.4580000000000002,0.574,0.5538787375107916,1.0,1.0
KXNBAPTS-26APR12BKNTOR-TORSBARNES4-15,2026-04-12,pts,14.5,10.958,3.542,0.23825,0.2329445939448762,1.0,1.0
KXNBAPTS-26APR12BKNTOR-TORSBARNES4-20,2026-04-12,pts,19.5,10.958,8.542,0.06975,0.07496182527526085,0.0,1.0
KXNBAPTS-26APR12BKNTOR-TORSBARNES4-25,2026-04-12,pts,24.5,10.958,13.542,0.01675,0.020005249758738186,0.0,1.0
KXNBAPTS-26APR12BKNTOR-TORSBARNES4-30,2026-04-12,pts,29.5,10.958,18.542,0.0025,0.004662556985076782,0.0,1.0
KXNBAREB-26APR12BKNTOR-TORIQUICKLEY5-10,2026-04-12,reb,9.5,2.893,6.607,0.00125,0.0038359758261576893,0.0,1.0
KXNBAREB-26APR12BKNTOR-TORIQUICKLEY5-2,2026-04-12,reb,1.5,2.893,-1.3929999999999998,0.7695,0.7451499889999726,1.0,1.0
KXNBAREB-26APR12BKNTOR-TORIQUICKLEY5-4,2026-04-12,reb,3.5,2.893,0.6070000000000002,0.3285,0.3304168948448746,0.0,1.0
KXNBAREB-26APR12BKNTOR-TORIQUICKLEY5-6,2026-04-12,reb,5.5,2.893,2.607,0.083,0.09747829927054141,0.0,1.0
KXNBAREB-26APR12BKNTOR-TORIQUICKLEY5-8,2026-04-12,reb,7.5,2.893,4.607,0.015,0.02150201721377476,0.0,1.0
KXNBAREB-26APR12BKNTOR-TORSBARNES4-10,2026-04-12,reb,9.5,4.8295,4.6705,0.03625,0.05534480081192228,1.0,1.0
KXNBAREB-26APR12BKNTOR-TORSBARNES4-12,2026-04-12,reb,11.5,4.8295,6.6705,0.0115,0.017205829000124573,1.0,1.0
KXNBAREB-26APR12BKNTOR-TORSBARNES4-4,2026-04-12,reb,3.5,4.8295,-1.3295000000000003,0.693,0.6569938117516901,1.0,1.0
KXNBAREB-26APR12BKNTOR-TORSBARNES4-6,2026-04-12,reb,5.5,4.8295,0.6704999999999997,0.351,0.3571421693252448,1.0,1.0
KXNBAREB-26APR12BKNTOR-TORSBARNES4-8,2026-04-12,reb,7.5,4.8295,2.6704999999999997,0.136,0.15406041552319338,1.0,1.0
KXNBAAST-26APR12BKNTOR-TORIQUICKLEY5-10,2026-04-12,ast,9.5,3.21775,6.2822499999999994,0.00225,0.006828350167794595,0.0,1.0
KXNBAAST-26APR12BKNTOR-TORIQUICKLEY5-2,2026-04-12,ast,1.5,3.21775,-1.71775,0.802,0.791717843254632,1.0,1.0
KXNBAAST-26APR12BKNTOR-TORIQUICKLEY5-4,2026-04-12,ast,3.5,3.21775,0.2822499999999999,0.39825,0.3942799187189733,1.0,1.0
KXNBAAST-26APR12BKNTOR-TORIQUICKLEY5-6,2026-04-12,ast,5.5,3.21775,2.28225,0.12825,0.13276397680290486,0.0,1.0
KXNBAAST-26APR12BKNTOR-TORIQUICKLEY5-8,2026-04-12,ast,7.5,3.21775,4.2822499999999994,0.027,0.033507195826623426,0.0,1.0
KXNBAAST-26APR12BKNTOR-TORSBARNES4-10,2026-04-12,ast,9.5,3.6695,5.8305,0.006,0.014164863440078723,1.0,1.0
KXNBAAST-26APR12BKNTOR-TORSBARNES4-12,2026-04-12,ast,11.5,3.6695,7.8305,0.00025,0.0029692045236000553,1.0,1.0
KXNBAAST-26APR12BKNTOR-TORSBARNES4-4,2026-04-12,ast,3.5,3.6695,-0.1695000000000002,0.49575,0.4787632251664987,1.0,1.0
KXNBAAST-26APR12BKNTOR-TORSBARNES4-6,2026-04-12,ast,5.5,3.6695,1.8304999999999998,0.17575,0.19047155148901262,1.0,1.0
KXNBAAST-26APR12BKNTOR-TORSBARNES4-8,2026-04-12,ast,7.5,3.6695,3.8305,0.0375,0.057607613532388635,1.0,1.0
KXNBAPTS-26APR10CLEATL-ATLCMCCOLLUM3-15,2026-04-10,pts,14.5,13.12925,1.3707499999999992,0.3745,0.36524776521976254,1.0,1.0
KXNBAPTS-26APR10CLEATL-ATLCMCCOLLUM3-20,2026-04-10,pts,19.5,13.12925,6.370749999999999,0.14725,0.1540856640547026,1.0,1.0
KXNBAPTS-26APR10CLEATL-ATLCMCCOLLUM3-25,2026-04-10,pts,24.5,13.12925,11.37075,0.0495,0.05471197507877423,1.0,1.0
KXNBAPTS-26APR10CLEATL-ATLCMCCOLLUM3-30,2026-04-10,pts,29.5,13.12925,16.37075,0.01175,0.017098070245242125,0.0,1.0
KXNBAPTS-26APR10CLEATL-ATLDDANIELS5-10,2026-04-10,pts,9.5,8.624,0.8759999999999994,0.3865,0.3718734278567021,1.0,1.0
KXNBAPTS-26APR10CLEATL-ATLDDANIELS5-15,2026-04-10,pts,14.5,8.624,5.8759999999999994,0.1205,0.10563524353784048,0.0,1.0
KXNBAPTS-26APR10CLEATL-ATLDDANIELS5-20,2026-04-10,pts,19.5,8.624,10.876,0.0255,0.022165249166229195,0.0,1.0
KXNBAPTS-26APR10CLEATL-ATLDDANIELS5-25,2026-04-10,pts,24.5,8.624,15.876,0.0035,0.0037969702028852748,0.0,1.0
KXNBAPTS-26APR10CLEATL-ATLJJOHNSON1-20,2026-04-10,pts,19.5,14.126,5.3740000000000006,0.1945,0.1972113907411681,0.0,1.0
KXNBAPTS-26APR10CLEATL-ATLJJOHNSON1-25,2026-04-10,pts,24.5,14.126,10.374,0.06625,0.07768955380015763,0.0,1.0
KXNBAPTS-26APR10CLEATL-ATLJJOHNSON1-30,2026-04-10,pts,29.5,14.126,15.374,0.01575,0.02703381654480852,0.0,1.0
KXNBAPTS-26APR10CLEATL-ATLJJOHNSON1-35,2026-04-10,pts,34.5,14.126,20.374000000000002,0.00275,0.00855308608090466,0.0,1.0
KXNBAPTS-26APR10CLEATL-ATLJKUMINGA0-10,2026-04-10,pts,9.5,8.52325,0.9767499999999991,0.37725,0.3632529630589755,1.0,1.0
KXNBAPTS-26APR10CLEATL-ATLJKUMINGA0-15,2026-04-10,pts,14.5,8.52325,5.976749999999999,0.11775,0.10099289893911878,1.0,1.0
KXNBAPTS-26APR10CLEATL-ATLJKUMINGA0-20,2026-04-10,pts,19.5,8.52325,10.97675,0.029,0.02070892216796283,0.0,1.0
KXNBAPTS-26APR10CLEATL-ATLJKUMINGA0-25,2026-04-10,pts,24.5,8.52325,15.97675,0.00575,0.0034644585492377145,0.0,1.0
KXNBAPTS-26APR10CLEATL-ATLNALEXANDERWALKER7-15,2026-04-10,pts,14.5,14.91575,-0.4157499999999992,0.49775,0.46889509760659964,1.0,1.0
KXNBAPTS-26APR10CLEATL-ATLNALEXANDERWALKER7-20,2026-04-10,pts,19.5,14.91575,4.584250000000001,0.2295,0.23322125850140896,0.0,1.0
KXNBAPTS-26APR10CLEATL-ATLNALEXANDERWALKER7-25,2026-04-10,pts,24.5,14.91575,9.58425,0.0825,0.09882548837623095,0.0,1.0
KXNBAPTS-26APR10CLEATL-ATLNALEXANDERWALKER7-30,2026-04-10,pts,29.5,14.91575,14.58425,0.02375,0.03709657174267211,0.0,1.0
KXNBAPTS-26APR10CLEATL-ATLOOKONGWU17-10,2026-04-10,pts,9.5,9.79775,-0.2977500000000006,0.477,0.46829815601125113,0.0,1.0
KXNBAPTS-26APR10CLEATL-ATLOOKONGWU17-15,2026-04-10,pts,14.5,9.79775,4.702249999999999,0.18025,0.16573760430180884,0.0,1.0
KXNBAPTS-26APR10CLEATL-ATLOOKONGWU17-20,2026-04-10,pts,19.5,9.79775,9.70225,0.05175,0.044106493156514714,0.0,1.0
KXNBAPTS-26APR10CLEATL-ATLOOKONGWU17-25,2026-04-10,pts,24.5,9.79775,14.70225,0.01,0.009658068382363938,0.0,1.0
KXNBAPTS-26APR10CLEATL-CLEEMOBLEY4-15,2026-04-10,pts,14.5,12.00425,2.4957499999999992,0.30825,0.29663194619677036,0.0,1.0
KXNBAPTS-26APR10CLEATL-CLEEMOBLEY4-20,2026-04-10,pts,19.5,12.00425,7.495749999999999,0.09725,0.11003408367202383,0.0,1.0
KXNBAPTS-26APR10CLEATL-CLEEMOBLEY4-25,2026-04-10,pts,24.5,12.00425,12.49575,0.0275,0.03409168790289707,0.0,1.0
KXNBAPTS-26APR10CLEATL-CLEEMOBLEY4-30,2026-04-10,pts,29.5,12.00425,17.49575,0.00425,0.009258882909135124,0.0,1.0
KXNBAPTS-26APR10CLEATL-CLEJHARDEN1-15,2026-04-10,pts,14.5,13.54975,0.9502500000000005,0.40925,0.3904217244591025,1.0,1.0
KXNBAPTS-26APR10CLEATL-CLEJHARDEN1-20,2026-04-10,pts,19.5,13.54975,5.9502500000000005,0.1685,0.17189168334998972,1.0,1.0
KXNBAPTS-26APR10CLEATL-CLEJHARDEN1-25,2026-04-10,pts,24.5,13.54975,10.95025,0.05625,0.06388003157127531,0.0,1.0
KXNBAPTS-26APR10CLEATL-CLEJHARDEN1-30,2026-04-10,pts,29.5,13.54975,15.95025,0.01475,0.02092573656117991,0.0,1.0
KXNBAREB-26APR10CLEATL-ATLDDANIELS5-10,2026-04-10,reb,9.5,5.1395,4.3605,0.04525,0.07197145111215686,1.0,1.0
KXNBAREB-26APR10CLEATL-ATLDDANIELS5-12,2026-04-10,reb,11.5,5.1395,6.3605,0.01225,0.024186964456043736,0.0,1.0
KXNBAREB-26APR10CLEATL-ATLDDANIELS5-6,2026-04-10,reb,5.5,5.1395,0.36050000000000004,0.40475,0.4016067754766842,1.0,1.0
KXNBAREB-26APR10CLEATL-ATLDDANIELS5-7,2026-04-10,reb,6.5,5.1395,1.3605,0.2685,0.28007573808639186,1.0,1.0
KXNBAREB-26APR10CLEATL-ATLDDANIELS5-8,2026-04-10,reb,7.5,5.1395,2.3605,0.167,0.18584172000019283,1.0,1.0
KXNBAREB-26APR10CLEATL-ATLJJOHNSON1-10,2026-04-10,reb,9.5,7.4675,2.0324999999999998,0.235,0.25938113950143427,0.0,1.0
KXNBAREB-26APR10CLEATL-ATLJJOHNSON1-12,2026-04-10,reb,11.5,7.4675,4.0325,0.09,0.13244616615659377,0.0,1.0
KXNBAREB-26APR10CLEATL-ATLJJOHNSON1-14,2026-04-10,reb,13.5,7.4675,6.0325,0.0245,0.06113512028475987,0.0,1.0
KXNBAREB-26APR10CLEATL-ATLJJOHNSON1-6,2026-04-10,reb,5.5,7.4675,-1.9675000000000002,0.731,0.679770809195889,1.0,1.0
KXNBAREB-26APR10CLEATL-ATLJJOHNSON1-8,2026-04-10,reb,7.5,7.4675,0.03249999999999975,0.47175,0.4504814303859256,1.0,1.0
KXNBAREB-26APR10CLEATL-ATLJKUMINGA0-10,2026-04-10,reb,9.5,4.053,5.447,0.0135,0.024525232565865474,0.0,1.0
KXNBAREB-26APR10CLEATL-ATLJKUMINGA0-2,2026-04-10,reb,1.5,4.053,-2.553,0.89,0.8714879348297597,1.0,1.0
KXNBAREB-26APR10CLEATL-ATLJKUMINGA0-4,2026-04-10,reb,3.5,4.053,-0.5529999999999999,0.561,0.5432855294400225,1.0,1.0
KXNBAREB-26APR10CLEATL-ATLJKUMINGA0-6,2026-04-10,reb,5.5,4.053,1.447,0.23425,0.2447308405731261,0.0,1.0
KXNBAREB-26APR10CLEATL-ATLJKUMINGA0-8,2026-04-10,reb,7.5,4.053,3.447,0.06925,0.08541030012313411,0.0,1.0
KXNBAREB-26APR10CLEATL-ATLNALEXANDERWALKER7-10,2026-04-10,reb,9.5,2.7845,6.7155000000000005,0.00125,0.0030393395121460776,0.0,1.0
KXNBAREB-26APR10CLEATL-ATLNALEXANDERWALKER7-2,2026-04-10,reb,1.5,2.7845,-1.2845,0.75825,0.7282342755471352,0.0,1.0
KXNBAREB-26APR10CLEATL-ATLNALEXANDERWALKER7-4,2026-04-10,reb,3.5,2.7845,0.7155,0.307,0.3089019496863441,0.0,1.0
KXNBAREB-26APR10CLEATL-ATLNALEXANDERWALKER7-6,2026-04-10,reb,5.5,2.7845,2.7155,0.07125,0.08647302369134735,0.0,1.0
KXNBAREB-26APR10CLEATL-ATLNALEXANDERWALKER7-8,2026-04-10,reb,7.5,2.7845,4.7155000000000005,0.01075,0.0180405974688137,0.0,1.0
KXNBAREB-26APR10CLEATL-ATLOOKONGWU17-10,2026-04-10,reb,9.5,5.5695,3.9305000000000003,0.07325,0.09897379012855945,0.0,1.0
KXNBAREB-26APR10CLEATL-ATLOOKONGWU17-12,2026-04-10,reb,11.5,5.5695,5.9305,0.0225,0.03666039517883646,0.0,1.0
KXNBAREB-26APR10CLEATL-ATLOOKONGWU17-4,2026-04-10,reb,3.5,5.5695,-2.0694999999999997,0.78075,0.7420159698279809,1.0,1.0
KXNBAREB-26APR10CLEATL-ATLOOKONGWU17-6,2026-04-10,reb,5.5,5.5695,-0.06949999999999967,0.4765,0.4613281539964932,0.0,1.0
KXNBAREB-26APR10CLEATL-ATLOOKONGWU17-8,2026-04-10,reb,7.5,5.5695,1.9305000000000003,0.20775,0.23277202085420123,0.0,1.0
KXNBAREB-26APR10CLEATL-CLEEMOBLEY4-10,2026-04-10,reb,9.5,6.1435,3.3564999999999996,0.1055,0.141448131243462,0.0,1.0
KXNBAREB-26APR10CLEATL-CLEEMOBLEY4-12,2026-04-10,reb,11.5,6.1435,5.3565,0.03775,0.05869199869413677,0.0,1.0
KXNBAREB-26APR10CLEATL-CLEEMOBLEY4-4,2026-04-10,reb,3.5,6.1435,-2.6435000000000004,0.846,0.7940813885022546,1.0,1.0
KXNBAREB-26APR10CLEATL-CLEEMOBLEY4-6,2026-04-10,reb,5.5,6.1435,-0.6435000000000004,0.56325,0.535915215704504,1.0,1.0
KXNBAREB-26APR10CLEATL-CLEEMOBLEY4-8,2026-04-10,reb,7.5,6.1435,1.3564999999999996,0.28075,0.29853823910473976,0.0,1.0
KXNBAREB-26APR10CLEATL-CLEJHARDEN1-2,2026-04-10,reb,1.5,3.5465,-2.0465,0.8555,0.826933806224678,0.0,1.0
KXNBAREB-26APR10CLEATL-CLEJHARDEN1-4,2026-04-10,reb,3.5,3.5465,-0.046499999999999986,0.47175,0.4556081306439661,0.0,1.0
KXNBAREB-26APR10CLEATL-CLEJHARDEN1-5,2026-04-10,reb,4.5,3.5465,0.9535,0.28625,0.2937411755390149,0.0,1.0
KXNBAREB-26APR10CLEATL-CLEJHARDEN1-6,2026-04-10,reb,5.5,3.5465,1.9535,0.1565,0.17514238832016527,0.0,1.0
KXNBAREB-26APR10CLEATL-CLEJHARDEN1-8,2026-04-10,reb,7.5,3.5465,3.9535,0.0305,0.05135267107697428,0.0,1.0
KXNBAAST-26APR10CLEATL-ATLCMCCOLLUM3-2,2026-04-10,ast,1.5,2.869,-1.3690000000000002,0.75725,0.7433170160853656,1.0,1.0
KXNBAAST-26APR10CLEATL-ATLCMCCOLLUM3-4,2026-04-10,ast,3.5,2.869,0.6309999999999998,0.327,0.325624640817588,1.0,1.0
KXNBAAST-26APR10CLEATL-ATLCMCCOLLUM3-5,2026-04-10,ast,4.5,2.869,1.6309999999999998,0.17625,0.18274167253142837,0.0,1.0
KXNBAAST-26APR10CLEATL-ATLCMCCOLLUM3-6,2026-04-10,ast,5.5,2.869,2.631,0.08525,0.09394816000202222,0.0,1.0
KXNBAAST-26APR10CLEATL-ATLCMCCOLLUM3-8,2026-04-10,ast,7.5,2.869,4.631,0.01475,0.02009812154665358,0.0,1.0
KXNBAAST-26APR10CLEATL-ATLJJOHNSON1-10,2026-04-10,ast,9.5,4.569,4.931,0.02925,0.04209181020786967,0.0,1.0
KXNBAAST-26APR10CLEATL-ATLJJOHNSON1-12,2026-04-10,ast,11.5,4.569,6.931,0.00475,0.011928051941321294,0.0,1.0
KXNBAAST-26APR10CLEATL-ATLJJOHNSON1-4,2026-04-10,ast,3.5,4.569,-1.069,0.64975,0.6237538572449786,0.0,1.0
KXNBAAST-26APR10CLEATL-ATLJJOHNSON1-6,2026-04-10,ast,5.5,4.569,0.931,0.3095,0.3189883956445958,0.0,1.0
KXNBAAST-26APR10CLEATL-ATLJJOHNSON1-8,2026-04-10,ast,7.5,4.569,2.931,0.106,0.1276061763109254,0.0,1.0
KXNBAAST-26APR10CLEATL-ATLNALEXANDERWALKER7-10,2026-04-10,ast,9.5,2.43,7.07,0.00075,0.0012023579055525646,0.0,1.0
KXNBAAST-26APR10CLEATL-ATLNALEXANDERWALKER7-2,2026-04-10,ast,1.5,2.43,-0.9300000000000002,0.68875,0.6665384769405989,0.0,1.0
KXNBAAST-26APR10CLEATL-ATLNALEXANDERWALKER7-4,2026-04-10,ast,3.5,2.43,1.0699999999999998,0.23575,0.23833630812366324,0.0,1.0
KXNBAAST-26APR10CLEATL-ATLNALEXANDERWALKER7-6,2026-04-10,ast,5.5,2.43,3.07,0.04425,0.05426637078659269,0.0,1.0
KXNBAAST-26APR10CLEATL-ATLNALEXANDERWALKER7-8,2026-04-10,ast,7.5,2.43,5.07,0.0045,0.009040356891162893,0.0,1.0
KXNBAAST-26APR10CLEATL-ATLOOKONGWU17-2,2026-04-10,ast,1.5,1.87,-0.3700000000000001,0.54825,0.5375809774967308,0.0,1.0
KXNBAAST-26APR10CLEATL-ATLOOKONGWU17-3,2026-04-10,ast,2.5,1.87,0.6299999999999999,0.28325,0.2902705312493743,0.0,1.0
KXNBAAST-26APR10CLEATL-ATLOOKONGWU17-4,2026-04-10,ast,3.5,1.87,1.63,0.128,0.13452603808938968,0.0,1.0
KXNBAAST-26APR10CLEATL-ATLOOKONGWU17-6,2026-04-10,ast,5.5,1.87,3.63,0.018,0.020522030050548867,0.0,1.0
KXNBAAST-26APR10CLEATL-ATLOOKONGWU17-8,2026-04-10,ast,7.5,1.87,5.63,0.0015,0.002253279115298268,0.0,1.0
KXNBAAST-26APR10CLEATL-CLEJHARDEN1-10,2026-04-10,ast,9.5,4.4765,5.0235,0.01725,0.03829475644891078,0.0,1.0
KXNBAAST-26APR10CLEATL-CLEJHARDEN1-12,2026-04-10,ast,11.5,4.4765,7.0235,0.00175,0.010561830156869845,0.0,1.0
KXNBAAST-26APR10CLEATL-CLEJHARDEN1-6,2026-04-10,ast,5.5,4.4765,1.0235000000000003,0.29875,0.305426498241243,0.0,1.0
KXNBAAST-26APR10CLEATL-CLEJHARDEN1-7,2026-04-10,ast,6.5,4.4765,2.0235000000000003,0.17175,0.19609763660034285,0.0,1.0
KXNBAAST-26APR10CLEATL-CLEJHARDEN1-8,2026-04-10,ast,7.5,4.4765,3.0235000000000003,0.08875,0.11918758072210645,0.0,1.0
KXNBA3PT-26APR10CLEATL-ATLCMCCOLLUM3-1,2026-04-10,fg3m,0.5,1.5945,-1.0945,0.78675,0.7649706829502931,1.0,1.0
KXNBA3PT-26APR10CLEATL-ATLCMCCOLLUM3-2,2026-04-10,fg3m,1.5,1.5945,-0.09450000000000003,0.46825,0.4549693585538104,1.0,1.0
KXNBA3PT-26APR10CLEATL-ATLCMCCOLLUM3-3,2026-04-10,fg3m,2.5,1.5945,0.9055,0.2215,0.2237428246480464,1.0,1.0
KXNBA3PT-26APR10CLEATL-ATLCMCCOLLUM3-4,2026-04-10,fg3m,3.5,1.5945,1.9055,0.08075,0.09544559461238689,1.0,1.0
KXNBA3PT-26APR10CLEATL-ATLCMCCOLLUM3-5,2026-04-10,fg3m,4.5,1.5945,2.9055,0.02525,0.03651376619699076,1.0,1.0
KXNBA3PT-26APR10CLEATL-ATLJJOHNSON1-1,2026-04-10,fg3m,0.5,1.14175,-0.64175,0.68625,0.65493595593361,1.0,1.0
KXNBA3PT-26APR10CLEATL-ATLJJOHNSON1-2,2026-04-10,fg3m,1.5,1.14175,0.35824999999999996,0.311,0.31221900146322834,1.0,1.0
KXNBA3PT-26APR10CLEATL-ATLJJOHNSON1-3,2026-04-10,fg3m,2.5,1.14175,1.35825,0.1015,0.1197308148624745,0.0,1.0
KXNBA3PT-26APR10CLEATL-ATLJJOHNSON1-4,2026-04-10,fg3m,3.5,1.14175,2.35825,0.0305,0.039308223397923725,0.0,1.0
KXNBA3PT-26APR10CLEATL-ATLJJOHNSON1-5,2026-04-10,fg3m,4.5,1.14175,3.35825,0.00925,0.01149155774905597,0.0,1.0
KXNBA3PT-26APR10CLEATL-ATLNALEXANDERWALKER7-2,2026-04-10,fg3m,1.5,2.36275,-0.8627500000000001,0.66875,0.6420387514711431,1.0,1.0
KXNBA3PT-26APR10CLEATL-ATLNALEXANDERWALKER7-3,2026-04-10,fg3m,2.5,2.36275,0.13724999999999987,0.42775,0.40704445905438946,1.0,1.0
KXNBA3PT-26APR10CLEATL-ATLNALEXANDERWALKER7-4,2026-04-10,fg3m,3.5,2.36275,1.1372499999999999,0.2205,0.22868302002547847,0.0,1.0
KXNBA3PT-26APR10CLEATL-ATLNALEXANDERWALKER7-5,2026-04-10,fg3m,4.5,2.36275,2.13725,0.09475,0.11661088489405813,0.0,1.0
KXNBA3PT-26APR10CLEATL-ATLNALEXANDERWALKER7-6,2026-04-10,fg3m,5.5,2.36275,3.13725,0.03575,0.05497719600419082,0.0,1.0
KXNBA3PT-26APR10CLEATL-CLEJHARDEN1-1,2026-04-10,fg3m,0.5,1.99825,-1.49825,0.8595,0.8305050246080481,1.0,1.0
KXNBA3PT-26APR10CLEATL-CLEJHARDEN1-2,2026-04-10,fg3m,1.5,1.99825,-0.4982500000000001,0.589,0.5620780266157677,1.0,1.0
KXNBA3PT-26APR10CLEATL-CLEJHARDEN1-3,2026-04-10,fg3m,2.5,1.99825,0.5017499999999999,0.317,0.3216815103219952,0.0,1.0
KXNBA3PT-26APR10CLEATL-CLEJHARDEN1-4,2026-04-10,fg3m,3.5,1.99825,1.50175,0.148,0.1615283046203393,0.0,1.0
KXNBA3PT-26APR10CLEATL-CLEJHARDEN1-5,2026-04-10,fg3m,4.5,1.99825,2.50175,0.057,0.07320076619713234,0.0,1.0
KXNBAPTS-26APR10NOPBOS-BOSDWHITE9-10,2026-04-10,pts,9.5,10.522,-1.0220000000000002,0.53525,0.5230026385941506,0.0,1.0
KXNBAPTS-26APR10NOPBOS-BOSDWHITE9-15,2026-04-10,pts,14.5,10.522,3.9779999999999998,0.2215,0.20706366195886317,0.0,1.0
KXNBAPTS-26APR10NOPBOS-BOSDWHITE9-20,2026-04-10,pts,19.5,10.522,8.978,0.05775,0.06231940083044096,0.0,1.0
KXNBAPTS-26APR10NOPBOS-BOSDWHITE9-25,2026-04-10,pts,24.5,10.522,13.978,0.015,0.01550863983570172,0.0,1.0
KXNBAPTS-26APR10NOPBOS-BOSDWHITE9-30,2026-04-10,pts,29.5,10.522,18.978,0.00225,0.003365391362318837,0.0,1.0
KXNBAPTS-26APR10NOPBOS-BOSJBROWN7-25,2026-04-10,pts,24.5,19.52725,4.972750000000001,0.2425,0.2580221499188661,0.0,1.0
KXNBAPTS-26APR10NOPBOS-BOSJBROWN7-30,2026-04-10,pts,29.5,19.52725,9.972750000000001,0.09825,0.13410692093714405,0.0,1.0
KXNBAPTS-26APR10NOPBOS-BOSJBROWN7-35,2026-04-10,pts,34.5,19.52725,14.972750000000001,0.03275,0.064120159753426,0.0,1.0
KXNBAPTS-26APR10NOPBOS-BOSJBROWN7-40,2026-04-10,pts,39.5,19.52725,19.97275,0.0095,0.02865813941994011,0.0,1.0
KXNBAPTS-26APR10NOPBOS-BOSNQUETA88-10,2026-04-10,pts,9.5,7.344,2.1559999999999997,0.2785,0.260767456561275,0.0,1.0
KXNBAPTS-26APR10NOPBOS-BOSNQUETA88-15,2026-04-10,pts,14.5,7.344,7.156,0.0665,0.054229567125308575,0.0,1.0
KXNBAPTS-26APR10NOPBOS-BOSNQUETA88-20,2026-04-10,pts,19.5,7.344,12.155999999999999,0.00725,0.00817018927751667,0.0,1.0
KXNBAPTS-26APR10NOPBOS-BOSNQUETA88-25,2026-04-10,pts,24.5,7.344,17.156,0.0005,0.000996528824625531,0.0,1.0
KXNBAPTS-26APR10NOPBOS-BOSPPRITCHARD11-10,2026-04-10,pts,9.5,12.1675,-2.6675000000000004,0.64325,0.6310833595763151,1.0,1.0
KXNBAPTS-26APR10NOPBOS-BOSPPRITCHARD11-15,2026-04-10,pts,14.5,12.1675,2.3324999999999996,0.314,0.30664357953979104,1.0,1.0
KXNBAPTS-26APR10NOPBOS-BOSPPRITCHARD11-20,2026-04-10,pts,19.5,12.1675,7.3325,0.112,0.1160561576126018,1.0,1.0
KXNBAPTS-26APR10NOPBOS-BOSPPRITCHARD11-25,2026-04-10,pts,24.5,12.1675,12.3325,0.03,0.036728083939586154,0.0,1.0
KXNBAPTS-26APR10NOPBOS-BOSPPRITCHARD11-30,2026-04-10,pts,29.5,12.1675,17.3325,0.007,0.010194611516352037,0.0,1.0
KXNBAPTS-26APR10NOPBOS-BOSSHAUSER30-10,2026-04-10,pts,9.5,6.7825,2.7175000000000002,0.24775,0.2126397664353038,1.0,1.0
KXNBAPTS-26APR10NOPBOS-BOSSHAUSER30-15,2026-04-10,pts,14.5,6.7825,7.7175,0.06575,0.0373555318051233,1.0,1.0
KXNBAPTS-26APR10NOPBOS-BOSSHAUSER30-20,2026-04-10,pts,19.5,6.7825,12.717500000000001,0.011,0.004714125834163085,1.0,1.0
KXNBAPTS-26APR10NOPBOS-BOSSHAUSER30-25,2026-04-10,pts,24.5,6.7825,17.7175,0.0015,0.0004798924205204891,0.0,1.0
KXNBAPTS-26APR10NOPBOS-NOPDQUEEN22-10,2026-04-10,pts,9.5,6.8755,2.6245000000000003,0.24875,0.22050161357610398,1.0,1.0
KXNBAPTS-26APR10NOPBOS-NOPDQUEEN22-15,2026-04-10,pts,14.5,6.8755,7.6245,0.0645,0.03989867603419983,1.0,1.0
KXNBAPTS-26APR10NOPBOS-NOPDQUEEN22-20,2026-04-10,pts,19.5,6.8755,12.624500000000001,0.01325,0.005193360509874623,1.0,1.0
KXNBAPTS-26APR10NOPBOS-NOPDQUEEN22-25,2026-04-10,pts,24.5,6.8755,17.6245,0.00175,0.0005456230708910104,1.0,1.0
KXNBAREB-26APR10NOPBOS-BOSJBROWN7-10,2026-04-10,reb,9.5,4.74075,4.75925,0.0305,0.051038731824484485,0.0,1.0
KXNBAREB-26APR10NOPBOS-BOSJBROWN7-12,2026-04-10,reb,11.5,4.74075,6.75925,0.0045,0.015496523304553866,0.0,1.0
KXNBAREB-26APR10NOPBOS-BOSJBROWN7-6,2026-04-10,reb,5.5,4.74075,0.7592499999999998,0.3415,0.34427840603110094,0.0,1.0
KXNBAREB-26APR10NOPBOS-BOSJBROWN7-7,2026-04-10,reb,6.5,4.74075,1.7592499999999998,0.21225,0.2295820366200777,0.0,1.0
KXNBAREB-26APR10NOPBOS-BOSJBROWN7-8,2026-04-10,reb,7.5,4.74075,2.7592499999999998,0.11925,0.1453587702327962,0.0,1.0
KXNBAREB-26APR10NOPBOS-BOSNQUETA88-10,2026-04-10,reb,9.5,5.51125,3.9887499999999996,0.07,0.09505925011470384,1.0,1.0
KXNBAREB-26APR10NOPBOS-BOSNQUETA88-12,2026-04-10,reb,11.5,5.51125,5.98875,0.01875,0.034772493993266984,0.0,1.0
KXNBAREB-26APR10NOPBOS-BOSNQUETA88-4,2026-04-10,reb,3.5,5.51125,-2.0112500000000004,0.77375,0.7360915833243118,1.0,1.0
KXNBAREB-26APR10NOPBOS-BOSNQUETA88-6,2026-04-10,reb,5.5,5.51125,-0.011250000000000426,0.468,0.4534068040153354,1.0,1.0
KXNBAREB-26APR10NOPBOS-BOSNQUETA88-8,2026-04-10,reb,7.5,5.51125,1.9887499999999996,0.2065,0.22626136093038007,1.0,1.0
KXNBAREB-26APR10NOPBOS-NOPDQUEEN22-10,2026-04-10,reb,9.5,4.53075,4.96925,0.0345,0.041661736267901484,1.0,1.0
KXNBAREB-26APR10NOPBOS-NOPDQUEEN22-12,2026-04-10,reb,11.5,4.53075,6.96925,0.00825,0.011930458184788995,0.0,1.0
KXNBAREB-26APR10NOPBOS-NOPDQUEEN22-14,2026-04-10,reb,13.5,4.53075,8.969249999999999,0.00175,0.0030380191408103663,0.0,1.0
KXNBAREB-26APR10NOPBOS-NOPDQUEEN22-16,2026-04-10,reb,15.5,4.53075,10.969249999999999,0.00025,0.0007032092413357116,0.0,1.0
KXNBAREB-26APR10NOPBOS-NOPDQUEEN22-18,2026-04-10,reb,17.5,4.53075,12.969249999999999,0.00025,0.0001504218295672599,0.0,1.0
KXNBAAST-26APR10NOPBOS-BOSDWHITE9-10,2026-04-10,ast,9.5,3.51975,5.98025,0.00325,0.011306695055676275,0.0,1.0
KXNBAAST-26APR10NOPBOS-BOSDWHITE9-2,2026-04-10,ast,1.5,3.51975,-2.01975,0.86525,0.826171072252049,1.0,1.0
KXNBAAST-26APR10NOPBOS-BOSDWHITE9-4,2026-04-10,ast,3.5,3.51975,-0.019750000000000156,0.46175,0.45148126352906137,1.0,1.0
KXNBAAST-26APR10NOPBOS-BOSDWHITE9-6,2026-04-10,ast,5.5,3.51975,1.9802499999999998,0.1475,0.1705747329212206,0.0,1.0
KXNBAAST-26APR10NOPBOS-BOSDWHITE9-8,2026-04-10,ast,7.5,3.51975,3.98025,0.03175,0.04876183062133854,0.0,1.0
KXNBAAST-26APR10NOPBOS-BOSJBROWN7-10,2026-04-10,ast,9.5,3.8285,5.6715,0.0075,0.01771289110905294,0.0,1.0
KXNBAAST-26APR10NOPBOS-BOSJBROWN7-2,2026-04-10,ast,1.5,3.8285,-2.3285,0.891,0.855418030484284,0.0,1.0
KXNBAAST-26APR10NOPBOS-BOSJBROWN7-4,2026-04-10,ast,3.5,3.8285,-0.3285,0.526,0.5068257724073715,0.0,1.0
KXNBAAST-26APR10NOPBOS-BOSJBROWN7-6,2026-04-10,ast,5.5,3.8285,1.6715,0.19375,0.21226113777075606,0.0,1.0
KXNBAAST-26APR10NOPBOS-BOSJBROWN7-8,2026-04-10,ast,7.5,3.8285,3.6715,0.046,0.06792138533902492,0.0,1.0
KXNBAAST-26APR10NOPBOS-BOSPPRITCHARD11-10,2026-04-10,ast,9.5,3.451,6.0489999999999995,0.005,0.010142325933093499,1.0,1.0
KXNBAAST-26APR10NOPBOS-BOSPPRITCHARD11-2,2026-04-10,ast,1.5,3.451,-1.951,0.83975,0.818873341006936,1.0,1.0
KXNBAAST-26APR10NOPBOS-BOSPPRITCHARD11-4,2026-04-10,ast,3.5,3.451,0.04899999999999993,0.44075,0.43869979245992774,1.0,1.0
KXNBAAST-26APR10NOPBOS-BOSPPRITCHARD11-6,2026-04-10,ast,5.5,3.451,2.049,0.1475,0.1616752719949256,1.0,1.0
KXNBAAST-26APR10NOPBOS-BOSPPRITCHARD11-8,2026-04-10,ast,7.5,3.451,4.0489999999999995,0.0335,0.044985394185282024,1.0,1.0
KXNBAAST-26APR10NOPBOS-NOPDQUEEN22-10,2026-04-10,ast,9.5,2.10775,7.392250000000001,0.00025,0.0004586320844305325,0.0,1.0
KXNBAAST-26APR10NOPBOS-NOPDQUEEN22-2,2026-04-10,ast,1.5,2.10775,-0.6077499999999998,0.602,0.5969387616784432,1.0,1.0
KXNBAAST-26APR10NOPBOS-NOPDQUEEN22-4,2026-04-10,ast,3.5,2.10775,1.3922500000000002,0.177,0.17673975590211055,1.0,1.0
KXNBAAST-26APR10NOPBOS-NOPDQUEEN22-6,2026-04-10,ast,5.5,2.10775,3.39225,0.026,0.032496588040104024,0.0,1.0
KXNBAAST-26APR10NOPBOS-NOPDQUEEN22-8,2026-04-10,ast,7.5,2.10775,5.392250000000001,0.00475,0.004330255506420078,0.0,1.0
KXNBA3PT-26APR10NOPBOS-BOSDWHITE9-2,2026-04-10,fg3m,1.5,1.687,-0.18700000000000006,0.4985,0.48127656435091004,1.0,1.0
KXNBA3PT-26APR10NOPBOS-BOSDWHITE9-3,2026-04-10,fg3m,2.5,1.687,0.813,0.24375,0.24615628284615376,1.0,1.0
KXNBA3PT-26APR10NOPBOS-BOSDWHITE9-4,2026-04-10,fg3m,3.5,1.687,1.813,0.094,0.10950029089806079,0.0,1.0
KXNBA3PT-26APR10NOPBOS-BOSDWHITE9-5,2026-04-10,fg3m,4.5,1.687,2.8129999999999997,0.031,0.04374657668457571,0.0,1.0
KXNBA3PT-26APR10NOPBOS-BOSDWHITE9-6,2026-04-10,fg3m,5.5,1.687,3.8129999999999997,0.01075,0.01605576168694678,0.0,1.0
KXNBA3PT-26APR10NOPBOS-BOSJBROWN7-1,2026-04-10,fg3m,0.5,1.3255,-0.8254999999999999,0.73875,0.7054236995823497,1.0,1.0
KXNBA3PT-26APR10NOPBOS-BOSJBROWN7-2,2026-04-10,fg3m,1.5,1.3255,0.1745000000000001,0.3745,0.37273163058541625,1.0,1.0
KXNBA3PT-26APR10NOPBOS-BOSJBROWN7-3,2026-04-10,fg3m,2.5,1.3255,1.1745,0.1485,0.16025082634336052,0.0,1.0
KXNBA3PT-26APR10NOPBOS-BOSJBROWN7-4,2026-04-10,fg3m,3.5,1.3255,2.1745,0.04425,0.05930172759156216,0.0,1.0
KXNBA3PT-26APR10NOPBOS-BOSJBROWN7-5,2026-04-10,fg3m,4.5,1.3255,3.1745,0.01425,0.019597366174896713,0.0,1.0
KXNBA3PT-26APR10NOPBOS-BOSPPRITCHARD11-1,2026-04-10,fg3m,0.5,1.94075,-1.44075,0.85325,0.8225780617077367,1.0,1.0
KXNBA3PT-26APR10NOPBOS-BOSPPRITCHARD11-2,2026-04-10,fg3m,1.5,1.94075,-0.44075,0.571,0.548043596871642,1.0,1.0
KXNBA3PT-26APR10NOPBOS-BOSPPRITCHARD11-3,2026-04-10,fg3m,2.5,1.94075,0.55925,0.30575,0.307818135506839,1.0,1.0
KXNBA3PT-26APR10NOPBOS-BOSPPRITCHARD11-4,2026-04-10,fg3m,3.5,1.94075,1.55925,0.137,0.15145056447334482,1.0,1.0
KXNBA3PT-26APR10NOPBOS-BOSPPRITCHARD11-5,2026-04-10,fg3m,4.5,1.94075,2.55925,0.0505,0.06718941705335246,1.0,1.0
KXNBAPTS-26APR10DETCHA-CHABMILLER24-10,2026-04-10,pts,9.5,13.443,-3.9429999999999996,0.7215,0.6993562507160953,1.0,1.0
KXNBAPTS-26APR10DETCHA-CHABMILLER24-15,2026-04-10,pts,14.5,13.443,1.0570000000000004,0.40525,0.38406718542493834,1.0,1.0
KXNBAPTS-26APR10DETCHA-CHABMILLER24-20,2026-04-10,pts,19.5,13.443,6.057,0.16175,0.16731279064830107,1.0,1.0
KXNBAPTS-26APR10DETCHA-CHABMILLER24-25,2026-04-10,pts,24.5,13.443,11.057,0.052,0.06147872891540829,0.0,1.0
KXNBAPTS-26APR10DETCHA-CHABMILLER24-30,2026-04-10,pts,29.5,13.443,16.057000000000002,0.00825,0.019904809703581994,0.0,1.0
KXNBAPTS-26APR10DETCHA-CHAKKNUEPPEL7-15,2026-04-10,pts,14.5,11.968,2.532,0.3145,0.29440893135073287,0.0,1.0
KXNBAPTS-26APR10DETCHA-CHAKKNUEPPEL7-20,2026-04-10,pts,19.5,11.968,7.532,0.1035,0.10871565216719548,0.0,1.0
KXNBAPTS-26APR10DETCHA-CHAKKNUEPPEL7-25,2026-04-10,pts,24.5,11.968,12.532,0.03475,0.033522601587157475,0.0,1.0
KXNBAPTS-26APR10DETCHA-CHAKKNUEPPEL7-30,2026-04-10,pts,29.5,11.968,17.532,0.00775,0.009059744355574773,0.0,1.0
KXNBAPTS-26APR10DETCHA-CHALBALL1-15,2026-04-10,pts,14.5,14.93725,-0.4372500000000006,0.49025,0.47008138420522383,1.0,1.0
KXNBAPTS-26APR10DETCHA-CHALBALL1-20,2026-04-10,pts,19.5,14.93725,4.562749999999999,0.237,0.23421769442240958,1.0,1.0
KXNBAPTS-26APR10DETCHA-CHALBALL1-25,2026-04-10,pts,24.5,14.93725,9.56275,0.08975,0.0994346235604181,1.0,1.0
KXNBAPTS-26APR10DETCHA-CHALBALL1-30,2026-04-10,pts,29.5,14.93725,14.56275,0.03,0.0373984513864436,0.0,1.0
KXNBAPTS-26APR10DETCHA-CHAMBRIDGES0-10,2026-04-10,pts,9.5,10.794,-1.2940000000000005,0.55475,0.5424518711740522,1.0,1.0
KXNBAPTS-26APR10DETCHA-CHAMBRIDGES0-15,2026-04-10,pts,14.5,10.794,3.7059999999999995,0.23425,0.223141423395268,0.0,1.0
KXNBAPTS-26APR10DETCHA-CHAMBRIDGES0-20,2026-04-10,pts,19.5,10.794,8.706,0.0725,0.0700626166154078,0.0,1.0
KXNBAPTS-26APR10DETCHA-CHAMBRIDGES0-25,2026-04-10,pts,24.5,10.794,13.706,0.01725,0.018223212041353243,0.0,1.0
KXNBAPTS-26APR10DETCHA-CHAMDIABATE14-10,2026-04-10,pts,9.5,5.69725,3.8027499999999996,0.158,0.12690428481298188,0.0,1.0
KXNBAPTS-26APR10DETCHA-CHAMDIABATE14-15,2026-04-10,pts,14.5,5.69725,8.80275,0.02225,0.014905790984600653,0.0,1.0
KXNBAPTS-26APR10DETCHA-CHAMDIABATE14-20,2026-04-10,pts,19.5,5.69725,13.80275,0.00175,0.0012375019578130253,0.0,1.0
KXNBAPTS-26APR10DETCHA-DETATHOMPSON9-10,2026-04-10,pts,9.5,6.87,2.63,0.24625,0.22003517076879497,1.0,1.0
KXNBAPTS-26APR10DETCHA-DETATHOMPSON9-15,2026-04-10,pts,14.5,6.87,7.63,0.04625,0.039745488342889934,0.0,1.0
KXNBAPTS-26APR10DETCHA-DETATHOMPSON9-20,2026-04-10,pts,19.5,6.87,12.629999999999999,0.007,0.005164055474062068,0.0,1.0
KXNBAPTS-26APR10DETCHA-DETATHOMPSON9-25,2026-04-10,pts,24.5,6.87,17.63,0.0015,0.000541543023856339,0.0,1.0
KXNBAPTS-26APR10DETCHA-DETCCUNNINGHAM2-15,2026-04-10,pts,14.5,13.132,1.3680000000000003,0.3855,0.36541356256988644,0.0,1.0
KXNBAPTS-26APR10DETCHA-DETCCUNNINGHAM2-20,2026-04-10,pts,19.5,13.132,6.368,0.17625,0.15420002457230586,0.0,1.0
KXNBAPTS-26APR10DETCHA-DETCCUNNINGHAM2-25,2026-04-10,pts,24.5,13.132,11.368,0.06,0.05476938395435671,0.0,1.0
KXNBAPTS-26APR10DETCHA-DETCCUNNINGHAM2-30,2026-04-10,pts,29.5,13.132,16.368000000000002,0.01925,0.017121433731312474,0.0,1.0
KXNBAPTS-26APR10DETCHA-DETDROBINSON55-10,2026-04-10,pts,9.5,8.11125,1.38875,0.34775,0.3276469415543951,1.0,1.0
KXNBAPTS-26APR10DETCHA-DETDROBINSON55-15,2026-04-10,pts,14.5,8.11125,6.38875,0.1095,0.08301275861489144,1.0,1.0
KXNBAPTS-26APR10DETCHA-DETDROBINSON55-20,2026-04-10,pts,19.5,8.11125,11.38875,0.02475,0.01541520347105707,0.0,1.0
KXNBAPTS-26APR10DETCHA-DETDROBINSON55-25,2026-04-10,pts,24.5,8.11125,16.38875,0.005,0.0023290884391873323,0.0,1.0
KXNBAPTS-26APR10DETCHA-DETTHARRIS12-10,2026-04-10,pts,9.5,8.15425,1.3457500000000007,0.361,0.3313841960474746,0.0,1.0
KXNBAPTS-26APR10DETCHA-DETTHARRIS12-15,2026-04-10,pts,14.5,8.15425,6.345750000000001,0.11125,0.08481106209134692,0.0,1.0
KXNBAPTS-26APR10DETCHA-DETTHARRIS12-20,2026-04-10,pts,19.5,8.15425,11.34575,0.02525,0.01591925022473395,0.0,1.0
KXNBAREB-26APR10DETCHA-CHABMILLER24-2,2026-04-10,reb,1.5,3.673,-2.173,0.86375,0.8393773768095366,1.0,1.0
KXNBAREB-26APR10DETCHA-CHABMILLER24-4,2026-04-10,reb,3.5,3.673,-0.17300000000000004,0.5005,0.47842186373880846,0.0,1.0
KXNBAREB-26APR10DETCHA-CHABMILLER24-5,2026-04-10,reb,4.5,3.673,0.827,0.31625,0.3149092108626249,0.0,1.0
KXNBAREB-26APR10DETCHA-CHABMILLER24-6,2026-04-10,reb,5.5,3.673,1.827,0.1775,0.19196238945134203,0.0,1.0
KXNBAREB-26APR10DETCHA-CHABMILLER24-8,2026-04-10,reb,7.5,3.673,3.827,0.04,0.05897725156950573,0.0,1.0
KXNBAREB-26APR10DETCHA-CHAKKNUEPPEL7-2,2026-04-10,reb,1.5,3.748,-2.248,0.8745,0.8463162486085573,1.0,1.0
KXNBAREB-26APR10DETCHA-CHAKKNUEPPEL7-4,2026-04-10,reb,3.5,3.748,-0.24800000000000022,0.502,0.4916722568377949,1.0,1.0
KXNBAREB-26APR10DETCHA-CHAKKNUEPPEL7-5,2026-04-10,reb,4.5,3.748,0.7519999999999998,0.32775,0.3274560052714631,0.0,1.0
KXNBAREB-26APR10DETCHA-CHAKKNUEPPEL7-6,2026-04-10,reb,5.5,3.748,1.7519999999999998,0.18725,0.2021361561184003,0.0,1.0
KXNBAREB-26APR10DETCHA-CHAKKNUEPPEL7-8,2026-04-10,reb,7.5,3.748,3.752,0.04875,0.06377933675412506,0.0,1.0
KXNBAREB-26APR10DETCHA-CHALBALL1-2,2026-04-10,reb,1.5,3.50975,-2.00975,0.84975,0.8231363246177448,1.0,1.0
KXNBAREB-26APR10DETCHA-CHALBALL1-4,2026-04-10,reb,3.5,3.50975,-0.009749999999999925,0.4605,0.44887598957901276,1.0,1.0
KXNBAREB-26APR10DETCHA-CHALBALL1-5,2026-04-10,reb,4.5,3.50975,0.9902500000000001,0.28375,0.28759921014241296,1.0,1.0
KXNBAREB-26APR10DETCHA-CHALBALL1-6,2026-04-10,reb,5.5,3.50975,1.99025,0.155,0.17034394121935292,0.0,1.0
KXNBAREB-26APR10DETCHA-CHALBALL1-8,2026-04-10,reb,7.5,3.50975,3.99025,0.03425,0.04925024779201892,0.0,1.0
KXNBAREB-26APR10DETCHA-CHAMBRIDGES0-10,2026-04-10,reb,9.5,3.9385,5.5615000000000006,0.011,0.021253156920785665,0.0,1.0
KXNBAREB-26APR10DETCHA-CHAMBRIDGES0-2,2026-04-10,reb,1.5,3.9385,-2.4385,0.896,0.862581686200361,1.0,1.0
KXNBAREB-26APR10DETCHA-CHAMBRIDGES0-4,2026-04-10,reb,3.5,3.9385,-0.4384999999999999,0.54225,0.5243496073280034,1.0,1.0
KXNBAREB-26APR10DETCHA-CHAMBRIDGES0-6,2026-04-10,reb,5.5,3.9385,1.5615,0.2135,0.228541811789424,1.0,1.0
KXNBAREB-26APR10DETCHA-CHAMBRIDGES0-8,2026-04-10,reb,7.5,3.9385,3.5615,0.0535,0.07690127540776781,1.0,1.0
KXNBAREB-26APR10DETCHA-CHAMDIABATE14-10,2026-04-10,reb,9.5,6.584,2.9160000000000004,0.1465,0.17819631083894916,0.0,1.0
KXNBAREB-26APR10DETCHA-CHAMDIABATE14-12,2026-04-10,reb,11.5,6.584,4.916,0.05075,0.07981935509127203,0.0,1.0
KXNBAREB-26APR10DETCHA-CHAMDIABATE14-6,2026-04-10,reb,5.5,6.584,-1.0839999999999996,0.6265,0.5883357381170574,1.0,1.0
KXNBAREB-26APR10DETCHA-CHAMDIABATE14-8,2026-04-10,reb,7.5,6.584,0.9160000000000004,0.342,0.34983919002252784,0.0,1.0
KXNBAREB-26APR10DETCHA-CHAMDIABATE14-9,2026-04-10,reb,8.5,6.584,1.9160000000000004,0.2285,0.25412358061045603,0.0,1.0
KXNBAREB-26APR10DETCHA-DETATHOMPSON9-2,2026-04-10,reb,1.5,4.07525,-2.5752499999999996,0.89125,0.873147689050935,1.0,1.0
KXNBAREB-26APR10DETCHA-DETATHOMPSON9-4,2026-04-10,reb,3.5,4.07525,-0.5752499999999996,0.572,0.546902104147643,1.0,1.0
KXNBAREB-26APR10DETCHA-DETATHOMPSON9-5,2026-04-10,reb,4.5,4.07525,0.4247500000000004,0.3865,0.38177599098903137,1.0,1.0
KXNBAREB-26APR10DETCHA-DETATHOMPSON9-6,2026-04-10,reb,5.5,4.07525,1.4247500000000004,0.23625,0.24789920129931087,0.0,1.0
KXNBAREB-26APR10DETCHA-DETATHOMPSON9-8,2026-04-10,reb,7.5,4.07525,3.4247500000000004,0.0725,0.08711652901243738,0.0,1.0
KXNBAREB-26APR10DETCHA-DETCCUNNINGHAM2-10,2026-04-10,reb,9.5,3.28175,6.218249999999999,0.006,0.008011033872479922,0.0,1.0
KXNBAREB-26APR10DETCHA-DETCCUNNINGHAM2-2,2026-04-10,reb,1.5,3.28175,-1.7817500000000002,0.78675,0.7975964529591617,1.0,1.0
KXNBAREB-26APR10DETCHA-DETCCUNNINGHAM2-4,2026-04-10,reb,3.5,3.28175,0.21824999999999983,0.41675,0.40615762300905256,0.0,1.0
KXNBAREB-26APR10DETCHA-DETCCUNNINGHAM2-6,2026-04-10,reb,5.5,3.28175,2.21825,0.15075,0.1415925122769799,0.0,1.0
KXNBAREB-26APR10DETCHA-DETCCUNNINGHAM2-8,2026-04-10,reb,7.5,3.28175,4.218249999999999,0.03375,0.03734510238806832,0.0,1.0
KXNBAREB-26APR10DETCHA-DETTHARRIS12-10,2026-04-10,reb,9.5,3.36075,6.1392500000000005,0.01125,0.009153983434713853,0.0,1.0
KXNBAREB-26APR10DETCHA-DETTHARRIS12-2,2026-04-10,reb,1.5,3.36075,-1.86075,0.79875,0.8068457100361328,1.0,1.0
KXNBAREB-26APR10DETCHA-DETTHARRIS12-4,2026-04-10,reb,3.5,3.36075,0.1392500000000001,0.42225,0.42113440708851646,1.0,1.0
KXNBAREB-26APR10DETCHA-DETTHARRIS12-6,2026-04-10,reb,5.5,3.36075,2.13925,0.1565,0.1513437155750218,1.0,1.0
KXNBAREB-26APR10DETCHA-DETTHARRIS12-8,2026-04-10,reb,7.5,3.36075,4.1392500000000005,0.0455,0.04124818495905258,0.0,1.0
KXNBAAST-26APR10DETCHA-CHABMILLER24-2,2026-04-10,ast,1.5,2.3055,-0.8054999999999999,0.65775,0.6410731330145267,0.0,1.0
KXNBAAST-26APR10DETCHA-CHABMILLER24-3,2026-04-10,ast,2.5,2.3055,0.19450000000000012,0.402,0.3971636015124962,0.0,1.0
KXNBAAST-26APR10DETCHA-CHABMILLER24-4,2026-04-10,ast,3.5,2.3055,1.1945000000000001,0.2045,0.2141044429803658,0.0,1.0
KXNBAAST-26APR10DETCHA-CHABMILLER24-6,2026-04-10,ast,5.5,2.3055,3.1945,0.03675,0.04509465209214869,0.0,1.0
KXNBAAST-26APR10DETCHA-CHABMILLER24-8,2026-04-10,ast,7.5,2.3055,5.1945,0.00375,0.006923523644272844,0.0,1.0
KXNBAAST-26APR10DETCHA-CHAKKNUEPPEL7-2,2026-04-10,ast,1.5,2.27575,-0.7757499999999999,0.648,0.6347273545113612,0.0,1.0
KXNBAAST-26APR10DETCHA-CHAKKNUEPPEL7-3,2026-04-10,ast,2.5,2.27575,0.22425000000000006,0.39725,0.3900577585381275,0.0,1.0
KXNBAAST-26APR10DETCHA-CHAKKNUEPPEL7-4,2026-04-10,ast,3.5,2.27575,1.22425,0.201,0.20838379731563794,0.0,1.0
KXNBAAST-26APR10DETCHA-CHAKKNUEPPEL7-6,2026-04-10,ast,5.5,2.27575,3.22425,0.03425,0.04304453087382121,0.0,1.0
KXNBAAST-26APR10DETCHA-CHAKKNUEPPEL7-8,2026-04-10,ast,7.5,2.27575,5.22425,0.00425,0.006475775161813635,0.0,1.0
KXNBAAST-26APR10DETCHA-CHALBALL1-10,2026-04-10,ast,9.5,4.827,4.673,0.0385,0.053859947482289505,0.0,1.0
KXNBAAST-26APR10DETCHA-CHALBALL1-12,2026-04-10,ast,11.5,4.827,6.673,0.008,0.01639743476604416,0.0,1.0
KXNBAAST-26APR10DETCHA-CHALBALL1-4,2026-04-10,ast,3.5,4.827,-1.327,0.69375,0.6589331259595004,1.0,1.0
KXNBAAST-26APR10DETCHA-CHALBALL1-6,2026-04-10,ast,5.5,4.827,0.673,0.35325,0.35676248958983336,1.0,1.0
KXNBAAST-26APR10DETCHA-CHALBALL1-8,2026-04-10,ast,7.5,4.827,2.673,0.13325,0.15233573022971125,1.0,1.0
KXNBAAST-26APR10DETCHA-CHAMBRIDGES0-2,2026-04-10,ast,1.5,2.0405,-0.5405000000000002,0.5965,0.5808590471182355,1.0,1.0
KXNBAAST-26APR10DETCHA-CHAMBRIDGES0-3,2026-04-10,ast,2.5,2.0405,0.4594999999999998,0.33425,0.3327038523450485,1.0,1.0
KXNBAAST-26APR10DETCHA-CHAMBRIDGES0-4,2026-04-10,ast,3.5,2.0405,1.4594999999999998,0.15375,0.16445129733459318,0.0,1.0
KXNBAAST-26APR10DETCHA-CHAMBRIDGES0-6,2026-04-10,ast,5.5,2.0405,3.4595,0.02275,0.028762528955011635,0.0,1.0
KXNBAAST-26APR10DETCHA-CHAMBRIDGES0-8,2026-04-10,ast,7.5,2.0405,5.4595,0.002,0.003638623070156166,0.0,1.0
KXNBAAST-26APR10DETCHA-DETATHOMPSON9-2,2026-04-10,ast,1.5,2.147,-0.6469999999999998,0.62025,0.6060690530115402,1.0,1.0
KXNBAAST-26APR10DETCHA-DETATHOMPSON9-3,2026-04-10,ast,2.5,2.147,0.3530000000000002,0.365,0.3588971085255871,1.0,1.0
KXNBAAST-26APR10DETCHA-DETATHOMPSON9-4,2026-04-10,ast,3.5,2.147,1.3530000000000002,0.1745,0.18402018991866564,1.0,1.0
KXNBAAST-26APR10DETCHA-DETATHOMPSON9-6,2026-04-10,ast,5.5,2.147,3.353,0.03025,0.03480451471102597,1.0,1.0
KXNBAAST-26APR10DETCHA-DETATHOMPSON9-8,2026-04-10,ast,7.5,2.147,5.353,0.00325,0.004776142266074035,0.0,1.0
KXNBAAST-26APR10DETCHA-DETCCUNNINGHAM2-10,2026-04-10,ast,9.5,5.02675,4.47325,0.059,0.06416238074613156,0.0,1.0
KXNBAAST-26APR10DETCHA-DETCCUNNINGHAM2-12,2026-04-10,ast,11.5,5.02675,6.47325,0.01775,0.02057395018398489,0.0,1.0
KXNBAAST-26APR10DETCHA-DETCCUNNINGHAM2-6,2026-04-10,ast,5.5,5.02675,0.47325000000000017,0.389,0.3857665871890986,1.0,1.0
KXNBAAST-26APR10DETCHA-DETCCUNNINGHAM2-8,2026-04-10,ast,7.5,5.02675,2.47325,0.17475,0.17261324349204787,0.0,1.0
KXNBAAST-26APR10DETCHA-DETCCUNNINGHAM2-9,2026-04-10,ast,8.5,5.02675,3.47325,0.1045,0.10742938567904126,0.0,1.0
KXNBAAST-26APR10DETCHA-DETTHARRIS12-10,2026-04-10,ast,9.5,1.566,7.934,0.0,5.2362259816529644e-05,0.0,1.0
KXNBAAST-26APR10DETCHA-DETTHARRIS12-2,2026-04-10,ast,1.5,1.566,-0.06600000000000006,0.45425,0.45138723425890515,0.0,1.0
KXNBAAST-26APR10DETCHA-DETTHARRIS12-4,2026-04-10,ast,3.5,1.566,1.934,0.08975,0.0868085047173891,0.0,1.0
KXNBAAST-26APR10DETCHA-DETTHARRIS12-6,2026-04-10,ast,5.5,1.566,3.934,0.01125,0.009939305514449215,0.0,1.0
KXNBAAST-26APR10DETCHA-DETTHARRIS12-8,2026-04-10,ast,7.5,1.566,5.934,0.00125,0.0008120702058653784,0.0,1.0
KXNBA3PT-26APR10DETCHA-CHAKKNUEPPEL7-2,2026-04-10,fg3m,1.5,2.13625,-0.63625,0.62675,0.5941488166597303,1.0,1.0
KXNBA3PT-26APR10DETCHA-CHAKKNUEPPEL7-3,2026-04-10,fg3m,2.5,2.13625,0.36375,0.363,0.35458870202802495,0.0,1.0
KXNBA3PT-26APR10DETCHA-CHAKKNUEPPEL7-4,2026-04-10,fg3m,3.5,2.13625,1.36375,0.16625,0.1863809373368044,0.0,1.0
KXNBA3PT-26APR10DETCHA-CHAKKNUEPPEL7-5,2026-04-10,fg3m,4.5,2.13625,2.36375,0.07075,0.08860531436006258,0.0,1.0
KXNBA3PT-26APR10DETCHA-CHAKKNUEPPEL7-6,2026-04-10,fg3m,5.5,2.13625,3.36375,0.02775,0.038861511732429466,0.0,1.0
KXNBA3PT-26APR10DETCHA-CHALBALL1-3,2026-04-10,fg3m,2.5,2.78725,-0.2872499999999998,0.5145,0.49827637163696537,1.0,1.0
KXNBA3PT-26APR10DETCHA-CHALBALL1-4,2026-04-10,fg3m,3.5,2.78725,0.7127500000000002,0.31,0.31012186823090215,1.0,1.0
KXNBA3PT-26APR10DETCHA-CHALBALL1-5,2026-04-10,fg3m,4.5,2.78725,1.7127500000000002,0.16175,0.1763367719811424,1.0,1.0
KXNBA3PT-26APR10DETCHA-CHALBALL1-6,2026-04-10,fg3m,5.5,2.78725,2.71275,0.073,0.09307901798204543,1.0,1.0
KXNBA3PT-26APR10DETCHA-CHALBALL1-7,2026-04-10,fg3m,6.5,2.78725,3.71275,0.0295,0.04618975228523259,0.0,1.0
KXNBA3PT-26APR10DETCHA-CHAMBRIDGES0-1,2026-04-10,fg3m,0.5,1.1675,-0.6675,0.685,0.6625682928951738,1.0,1.0
KXNBA3PT-26APR10DETCHA-CHAMBRIDGES0-2,2026-04-10,fg3m,1.5,1.1675,0.3325,0.3205,0.32087604194173514,0.0,1.0
KXNBA3PT-26APR10DETCHA-CHAMBRIDGES0-3,2026-04-10,fg3m,2.5,1.1675,1.3325,0.11625,0.1252093152491267,0.0,1.0
KXNBA3PT-26APR10DETCHA-CHAMBRIDGES0-4,2026-04-10,fg3m,3.5,1.1675,2.3325,0.036,0.04185956158029258,0.0,1.0
KXNBA3PT-26APR10DETCHA-CHAMBRIDGES0-5,2026-04-10,fg3m,4.5,1.1675,3.3325,0.00825,0.01246650934441551,0.0,1.0
KXNBA3PT-26APR10DETCHA-DETCCUNNINGHAM2-1,2026-04-10,fg3m,0.5,1.15775,-0.6577500000000001,0.67125,0.659701065267746,0.0,1.0
KXNBA3PT-26APR10DETCHA-DETCCUNNINGHAM2-2,2026-04-10,fg3m,1.5,1.15775,0.34224999999999994,0.32275,0.317604182787123,0.0,1.0
KXNBA3PT-26APR10DETCHA-DETCCUNNINGHAM2-3,2026-04-10,fg3m,2.5,1.15775,1.34225,0.12075,0.12312628441449047,0.0,1.0
KXNBA3PT-26APR10DETCHA-DETCCUNNINGHAM2-4,2026-04-10,fg3m,3.5,1.15775,2.34225,0.033,0.04088367529022885,0.0,1.0
KXNBA3PT-26APR10DETCHA-DETCCUNNINGHAM2-5,2026-04-10,fg3m,4.5,1.15775,3.34225,0.00775,0.012091363823406254,0.0,1.0
KXNBA3PT-26APR10DETCHA-DETDROBINSON55-1,2026-04-10,fg3m,0.5,1.82575,-1.32575,0.82775,0.8054333169324023,1.0,1.0
KXNBA3PT-26APR10DETCHA-DETDROBINSON55-2,2026-04-10,fg3m,1.5,1.82575,-0.32575,0.5405,0.5187662817856491,1.0,1.0
KXNBA3PT-26APR10DETCHA-DETDROBINSON55-3,2026-04-10,fg3m,2.5,1.82575,0.67425,0.279,0.27991936272768103,1.0,1.0
KXNBA3PT-26APR10DETCHA-DETDROBINSON55-4,2026-04-10,fg3m,3.5,1.82575,1.67425,0.1175,0.13188347126072997,0.0,1.0
KXNBA3PT-26APR10DETCHA-DETDROBINSON55-5,2026-04-10,fg3m,4.5,1.82575,2.67425,0.04225,0.05592653693331051,0.0,1.0
KXNBA3PT-26APR10DETCHA-DETTHARRIS12-1,2026-04-10,fg3m,0.5,0.75275,-0.25275000000000003,0.522,0.5122284815872535,1.0,1.0
KXNBA3PT-26APR10DETCHA-DETTHARRIS12-2,2026-04-10,fg3m,1.5,0.75275,0.74725,0.179,0.178015315011395,0.0,1.0
KXNBA3PT-26APR10DETCHA-DETTHARRIS12-3,2026-04-10,fg3m,2.5,0.75275,1.74725,0.04325,0.04851724913711675,0.0,1.0
KXNBA3PT-26APR10DETCHA-DETTHARRIS12-4,2026-04-10,fg3m,3.5,0.75275,2.74725,0.00825,0.01119150284762016,0.0,1.0
KXNBA3PT-26APR10DETCHA-DETTHARRIS12-5,2026-04-10,fg3m,4.5,0.75275,3.74725,0.00025,0.0022850096125189845,0.0,1.0
KXNBAPTS-26APR10ORLCHI-ORLABLACK0-10,2026-04-10,pts,9.5,8.96225,0.5377500000000008,0.41075,0.40048221188868205,0.0,1.0
KXNBAPTS-26APR10ORLCHI-ORLABLACK0-15,2026-04-10,pts,14.5,8.96225,5.537750000000001,0.16925,0.12187469546446095,0.0,1.0
KXNBAPTS-26APR10ORLCHI-ORLABLACK0-20,2026-04-10,pts,19.5,8.96225,10.53775,0.05625,0.027537613332762723,0.0,1.0
KXNBAPTS-26APR10ORLCHI-ORLABLACK0-25,2026-04-10,pts,24.5,8.96225,15.53775,0.01325,0.005091145021671295,0.0,1.0
KXNBAPTS-26APR10ORLCHI-ORLDBANE3-15,2026-04-10,pts,14.5,14.90575,-0.4057499999999994,0.4935,0.46834276743770786,0.0,1.0
KXNBAPTS-26APR10ORLCHI-ORLDBANE3-20,2026-04-10,pts,19.5,14.90575,4.594250000000001,0.23,0.23275804124715538,0.0,1.0
KXNBAPTS-26APR10ORLCHI-ORLDBANE3-25,2026-04-10,pts,24.5,14.90575,9.59425,0.079,0.09854275627378639,0.0,1.0
KXNBAPTS-26APR10ORLCHI-ORLDBANE3-30,2026-04-10,pts,29.5,14.90575,14.59425,0.01925,0.036956670612241616,0.0,1.0
KXNBAPTS-26APR10ORLCHI-ORLFWAGNER22-10,2026-04-10,pts,9.5,12.0485,-2.5485000000000007,0.621,0.6240379135252416,1.0,1.0
KXNBAPTS-26APR10ORLCHI-ORLFWAGNER22-15,2026-04-10,pts,14.5,12.0485,2.4514999999999993,0.31925,0.2993457435520894,1.0,1.0
KXNBAPTS-26APR10ORLCHI-ORLFWAGNER22-20,2026-04-10,pts,19.5,12.0485,7.451499999999999,0.13,0.11165281442190778,1.0,1.0
KXNBAPTS-26APR10ORLCHI-ORLFWAGNER22-25,2026-04-10,pts,24.5,12.0485,12.4515,0.039,0.03479440033431058,1.0,1.0
KXNBAPTS-26APR10ORLCHI-ORLJSUGGS4-10,2026-04-10,pts,9.5,11.14375,-1.6437500000000007,0.573,0.5665456964877651,1.0,1.0
KXNBAPTS-26APR10ORLCHI-ORLJSUGGS4-15,2026-04-10,pts,14.5,11.14375,3.3562499999999993,0.2585,0.244129519060715,0.0,1.0
KXNBAPTS-26APR10ORLCHI-ORLJSUGGS4-20,2026-04-10,pts,19.5,11.14375,8.35625,0.0825,0.08071516047480709,0.0,1.0
KXNBAPTS-26APR10ORLCHI-ORLJSUGGS4-25,2026-04-10,pts,24.5,11.14375,13.35625,0.02325,0.022159240151734205,0.0,1.0
KXNBAPTS-26APR10ORLCHI-ORLPBANCHERO5-20,2026-04-10,pts,19.5,16.31325,3.18675,0.29975,0.29895439293019654,0.0,1.0
KXNBAPTS-26APR10ORLCHI-ORLPBANCHERO5-25,2026-04-10,pts,24.5,16.31325,8.18675,0.1215,0.14171887262567018,0.0,1.0
KXNBAPTS-26APR10ORLCHI-ORLPBANCHERO5-30,2026-04-10,pts,29.5,16.31325,13.18675,0.0355,0.059818087007527,0.0,1.0
KXNBAPTS-26APR10ORLCHI-ORLPBANCHERO5-35,2026-04-10,pts,34.5,16.31325,18.18675,0.01075,0.023064511371809204,0.0,1.0
KXNBAPTS-26APR10ORLCHI-ORLWCARTER34-10,2026-04-10,pts,9.5,8.425,1.0749999999999993,0.3795,0.3548092585391034,1.0,1.0
KXNBAPTS-26APR10ORLCHI-ORLWCARTER34-15,2026-04-10,pts,14.5,8.425,6.074999999999999,0.11175,0.09655624688440512,0.0,1.0
KXNBAPTS-26APR10ORLCHI-ORLWCARTER34-20,2026-04-10,pts,19.5,8.425,11.075,0.02375,0.0193509456690224,0.0,1.0
KXNBAREB-26APR10ORLCHI-ORLFWAGNER22-10,2026-04-10,reb,9.5,3.5375,5.9625,0.0115,0.01212649912121122,0.0,1.0
KXNBAREB-26APR10ORLCHI-ORLFWAGNER22-2,2026-04-10,reb,1.5,3.5375,-2.0375,0.82375,0.8260116068858014,1.0,1.0
KXNBAREB-26APR10ORLCHI-ORLFWAGNER22-4,2026-04-10,reb,3.5,3.5375,-0.03750000000000009,0.46125,0.4539636626228837,0.0,1.0
KXNBAREB-26APR10ORLCHI-ORLFWAGNER22-6,2026-04-10,reb,5.5,3.5375,1.9625,0.177,0.1739634044165126,0.0,1.0
KXNBAREB-26APR10ORLCHI-ORLFWAGNER22-8,2026-04-10,reb,7.5,3.5375,3.9625,0.0445,0.05083308906870743,0.0,1.0
KXNBAREB-26APR10ORLCHI-ORLJSUGGS4-2,2026-04-10,reb,1.5,3.57525,-2.07525,0.84725,0.8298462685202606,0.0,1.0
KXNBAREB-26APR10ORLCHI-ORLJSUGGS4-4,2026-04-10,reb,3.5,3.57525,-0.07525000000000004,0.47675,0.46084267609121454,0.0,1.0
KXNBAREB-26APR10ORLCHI-ORLJSUGGS4-5,2026-04-10,reb,4.5,3.57525,0.92475,0.29125,0.29854970622827126,0.0,1.0
KXNBAREB-26APR10ORLCHI-ORLJSUGGS4-6,2026-04-10,reb,5.5,3.57525,1.92475,0.173,0.17892493351826178,0.0,1.0
KXNBAREB-26APR10ORLCHI-ORLJSUGGS4-8,2026-04-10,reb,7.5,3.57525,3.92475,0.0415,0.05303285851500772,0.0,1.0
KXNBAREB-26APR10ORLCHI-ORLPBANCHERO5-10,2026-04-10,reb,9.5,6.69725,2.8027499999999996,0.16125,0.18812128615390777,0.0,1.0
KXNBAREB-26APR10ORLCHI-ORLPBANCHERO5-12,2026-04-10,reb,11.5,6.69725,4.80275,0.05475,0.08582691867318448,0.0,1.0
KXNBAREB-26APR10ORLCHI-ORLPBANCHERO5-4,2026-04-10,reb,3.5,6.69725,-3.1972500000000004,0.879,0.8346260668241303,1.0,1.0
KXNBAREB-26APR10ORLCHI-ORLPBANCHERO5-6,2026-04-10,reb,5.5,6.69725,-1.1972500000000004,0.636,0.6010864152876332,1.0,1.0
KXNBAREB-26APR10ORLCHI-ORLPBANCHERO5-8,2026-04-10,reb,7.5,6.69725,0.8027499999999996,0.36225,0.3629918023649481,1.0,1.0
KXNBAREB-26APR10ORLCHI-ORLWCARTER34-10,2026-04-10,reb,9.5,5.642,3.8579999999999997,0.0855,0.10395358875862648,0.0,1.0
KXNBAREB-26APR10ORLCHI-ORLWCARTER34-12,2026-04-10,reb,11.5,5.642,5.858,0.0235,0.03909879399395766,0.0,1.0
KXNBAREB-26APR10ORLCHI-ORLWCARTER34-4,2026-04-10,reb,3.5,5.642,-2.1420000000000003,0.77675,0.7492172766724006,1.0,1.0
KXNBAREB-26APR10ORLCHI-ORLWCARTER34-6,2026-04-10,reb,5.5,5.642,-0.14200000000000035,0.48675,0.47110393519657334,1.0,1.0
KXNBAREB-26APR10ORLCHI-ORLWCARTER34-8,2026-04-10,reb,7.5,5.642,1.8579999999999997,0.23125,0.24092966931416082,0.0,1.0
KXNBAAST-26APR10ORLCHI-ORLABLACK0-2,2026-04-10,ast,1.5,2.25525,-0.7552500000000002,0.61175,0.6302949525897132,1.0,1.0
KXNBAAST-26APR10ORLCHI-ORLABLACK0-3,2026-04-10,ast,2.5,2.25525,0.2447499999999998,0.39225,0.3851393908726233,0.0,1.0
KXNBAAST-26APR10ORLCHI-ORLABLACK0-4,2026-04-10,ast,3.5,2.25525,1.2447499999999998,0.213,0.2044600641540576,0.0,1.0
KXNBAAST-26APR10ORLCHI-ORLABLACK0-6,2026-04-10,ast,5.5,2.25525,3.24475,0.05075,0.04166374721231603,0.0,1.0
KXNBAAST-26APR10ORLCHI-ORLABLACK0-8,2026-04-10,ast,7.5,2.25525,5.24475,0.00825,0.006179658123973697,0.0,1.0
KXNBAAST-26APR10ORLCHI-ORLJSUGGS4-10,2026-04-10,ast,9.5,4.397,5.103,0.02175,0.03520788031394062,0.0,1.0
KXNBAAST-26APR10ORLCHI-ORLJSUGGS4-12,2026-04-10,ast,11.5,4.397,7.103,0.00425,0.009480870070628256,0.0,1.0
KXNBAAST-26APR10ORLCHI-ORLJSUGGS4-6,2026-04-10,ast,5.5,4.397,1.1029999999999998,0.28175,0.29378682485975793,0.0,1.0
KXNBAAST-26APR10ORLCHI-ORLJSUGGS4-7,2026-04-10,ast,6.5,4.397,2.1029999999999998,0.17,0.18660480512823852,0.0,1.0
KXNBAAST-26APR10ORLCHI-ORLJSUGGS4-8,2026-04-10,ast,7.5,4.397,3.1029999999999998,0.09175,0.112155410074122,0.0,1.0
KXNBAAST-26APR10ORLCHI-ORLPBANCHERO5-2,2026-04-10,ast,1.5,3.8115,-2.3115,0.88525,0.8539474423462523,1.0,1.0
KXNBAAST-26APR10ORLCHI-ORLPBANCHERO5-4,2026-04-10,ast,3.5,3.8115,-0.3115000000000001,0.52225,0.5038720195053918,1.0,1.0
KXNBAAST-26APR10ORLCHI-ORLPBANCHERO5-5,2026-04-10,ast,4.5,3.8115,0.6884999999999999,0.34125,0.33799069704668794,1.0,1.0
KXNBAAST-26APR10ORLCHI-ORLPBANCHERO5-6,2026-04-10,ast,5.5,3.8115,1.6885,0.191,0.20990274257056984,1.0,1.0
KXNBAAST-26APR10ORLCHI-ORLPBANCHERO5-8,2026-04-10,ast,7.5,3.8115,3.6885,0.048,0.06677385530766244,0.0,1.0
KXNBA3PT-26APR10ORLCHI-ORLDBANE3-1,2026-04-10,fg3m,0.5,1.5785,-1.0785,0.78575,0.7618365639789928,0.0,1.0
KXNBA3PT-26APR10ORLCHI-ORLDBANE3-2,2026-04-10,fg3m,1.5,1.5785,-0.07850000000000001,0.47575,0.45031342518967377,0.0,1.0
KXNBA3PT-26APR10ORLCHI-ORLDBANE3-3,2026-04-10,fg3m,2.5,1.5785,0.9215,0.2105,0.219883890998669,0.0,1.0
KXNBA3PT-26APR10ORLCHI-ORLDBANE3-4,2026-04-10,fg3m,3.5,1.5785,1.9215,0.07625,0.09309200416691832,0.0,1.0
KXNBA3PT-26APR10ORLCHI-ORLDBANE3-5,2026-04-10,fg3m,4.5,1.5785,2.9215,0.0235,0.03533591043595108,0.0,1.0
KXNBA3PT-26APR10ORLCHI-ORLFWAGNER22-1,2026-04-10,fg3m,0.5,0.87625,-0.37625,0.56575,0.5637340501504255,1.0,1.0
KXNBA3PT-26APR10ORLCHI-ORLFWAGNER22-2,2026-04-10,fg3m,1.5,0.87625,0.62375,0.22675,0.22081882199110858,1.0,1.0
KXNBA3PT-26APR10ORLCHI-ORLFWAGNER22-3,2026-04-10,fg3m,2.5,0.87625,1.62375,0.0625,0.06839430251556933,1.0,1.0
KXNBA3PT-26APR10ORLCHI-ORLFWAGNER22-4,2026-04-10,fg3m,3.5,0.87625,2.6237500000000002,0.01725,0.017994551797376634,0.0,1.0
KXNBA3PT-26APR10ORLCHI-ORLFWAGNER22-5,2026-04-10,fg3m,4.5,0.87625,3.6237500000000002,0.003,0.004198495207602293,0.0,1.0
KXNBA3PT-26APR10ORLCHI-ORLJSUGGS4-1,2026-04-10,fg3m,0.5,1.6785,-1.1785,0.809,0.7806784819249744,1.0,1.0
KXNBA3PT-26APR10ORLCHI-ORLJSUGGS4-2,2026-04-10,fg3m,1.5,1.6785,-0.1785000000000001,0.48975,0.4789028057321816,1.0,1.0
KXNBA3PT-26APR10ORLCHI-ORLJSUGGS4-3,2026-04-10,fg3m,2.5,1.6785,0.8214999999999999,0.2415,0.24409105346823956,1.0,1.0
KXNBA3PT-26APR10ORLCHI-ORLJSUGGS4-4,2026-04-10,fg3m,3.5,1.6785,1.8215,0.09525,0.10817807870934304,1.0,1.0
KXNBA3PT-26APR10ORLCHI-ORLJSUGGS4-5,2026-04-10,fg3m,4.5,1.6785,2.8215,0.03225,0.04305198472393357,0.0,1.0
KXNBA3PT-26APR10ORLCHI-ORLPBANCHERO5-1,2026-04-10,fg3m,0.5,0.972,-0.472,0.62,0.5994490658227951,1.0,1.0
KXNBA3PT-26APR10ORLCHI-ORLPBANCHERO5-2,2026-04-10,fg3m,1.5,0.972,0.528,0.25625,0.2540889518366375,0.0,1.0
KXNBA3PT-26APR10ORLCHI-ORLPBANCHERO5-3,2026-04-10,fg3m,2.5,0.972,1.528,0.0725,0.08569781913188401,0.0,1.0
KXNBA3PT-26APR10ORLCHI-ORLPBANCHERO5-4,2026-04-10,fg3m,3.5,0.972,2.528,0.0185,0.024621655704090695,0.0,1.0
KXNBA3PT-26APR10ORLCHI-ORLPBANCHERO5-5,2026-04-10,fg3m,4.5,0.972,3.528,0.00325,0.006282585896665194,0.0,1.0
KXNBAPTS-26APR10OKCDEN-OKCLDORT5-10,2026-04-10,pts,9.5,6.31125,3.1887499999999998,0.2135,0.17382546903124885,0.0,1.0
KXNBAPTS-26APR10OKCDEN-OKCLDORT5-15,2026-04-10,pts,14.5,6.31125,8.188749999999999,0.0495,0.02599955485216887,0.0,1.0
KXNBAPTS-26APR10OKCDEN-OKCLDORT5-20,2026-04-10,pts,19.5,6.31125,13.188749999999999,0.00975,0.0027738837098910674,0.0,1.0
KXNBAPTS-26APR10OKCDEN-OKCLDORT5-25,2026-04-10,pts,24.5,6.31125,18.18875,0.00075,0.00023801822274271967,0.0,1.0
KXNBAAST-26APR10OKCDEN-OKCLDORT5-10,2026-04-10,ast,9.5,0.8995,8.6005,0.0,5.791601194182761e-07,0.0,1.0
KXNBAAST-26APR10OKCDEN-OKCLDORT5-2,2026-04-10,ast,1.5,0.8995,0.6005,0.23525,0.2285640166218983,0.0,1.0
KXNBAAST-26APR10OKCDEN-OKCLDORT5-4,2026-04-10,ast,3.5,0.8995,2.6005000000000003,0.015,0.017753056746699025,0.0,1.0
KXNBAAST-26APR10OKCDEN-OKCLDORT5-6,2026-04-10,ast,5.5,0.8995,4.6005,0.0005,0.0007800893512391882,0.0,1.0
KXNBAAST-26APR10OKCDEN-OKCLDORT5-8,2026-04-10,ast,7.5,0.8995,6.6005,0.0,2.402448178817629e-05,0.0,1.0
KXNBAPTS-26APR10MINHOU-HOUASENGUN28-15,2026-04-10,pts,14.5,14.0215,0.47850000000000037,0.42925,0.41815917637308087,1.0,1.0
KXNBAPTS-26APR10MINHOU-HOUASENGUN28-20,2026-04-10,pts,19.5,14.0215,5.4785,0.17925,0.19255056947533,1.0,1.0
KXNBAPTS-26APR10MINHOU-HOUASENGUN28-25,2026-04-10,pts,24.5,14.0215,10.4785,0.05475,0.07508095542656423,0.0,1.0
KXNBAPTS-26APR10MINHOU-HOUASENGUN28-30,2026-04-10,pts,29.5,14.0215,15.4785,0.0165,0.02585019642937625,0.0,1.0
KXNBAPTS-26APR10MINHOU-HOUATHOMPSON1-15,2026-04-10,pts,14.5,13.24875,1.2512500000000006,0.38575,0.37243922546849517,1.0,1.0
KXNBAPTS-26APR10MINHOU-HOUATHOMPSON1-20,2026-04-10,pts,19.5,13.24875,6.251250000000001,0.14325,0.15908142882293808,1.0,1.0
KXNBAPTS-26APR10MINHOU-HOUATHOMPSON1-25,2026-04-10,pts,24.5,13.24875,11.25125,0.04,0.057237774667689645,1.0,1.0
KXNBAPTS-26APR10MINHOU-HOUATHOMPSON1-30,2026-04-10,pts,29.5,13.24875,16.25125,0.0075,0.018133353238350303,1.0,1.0
KXNBAPTS-26APR10MINHOU-HOUJSMITH10-10,2026-04-10,pts,9.5,11.74425,-2.244249999999999,0.614,0.60548192516573,1.0,1.0
KXNBAPTS-26APR10MINHOU-HOUJSMITH10-15,2026-04-10,pts,14.5,11.74425,2.755750000000001,0.29075,0.2806967161646533,1.0,1.0
KXNBAPTS-26APR10MINHOU-HOUJSMITH10-20,2026-04-10,pts,19.5,11.74425,7.755750000000001,0.106,0.10073361744632492,0.0,1.0
KXNBAPTS-26APR10MINHOU-HOUJSMITH10-25,2026-04-10,pts,24.5,11.74425,12.75575,0.0255,0.03014069131192232,0.0,1.0
KXNBAPTS-26APR10MINHOU-HOUKDURANT7-20,2026-04-10,pts,19.5,17.9115,1.5884999999999998,0.377,0.37418365066819037,1.0,1.0
KXNBAPTS-26APR10MINHOU-HOUKDURANT7-25,2026-04-10,pts,24.5,17.9115,6.5885,0.1735,0.19737919306198204,1.0,1.0
KXNBAPTS-26APR10MINHOU-HOUKDURANT7-30,2026-04-10,pts,29.5,17.9115,11.5885,0.05975,0.09324676528627218,1.0,1.0
KXNBAPTS-26APR10MINHOU-HOUKDURANT7-35,2026-04-10,pts,34.5,17.9115,16.5885,0.0165,0.040381415417309996,0.0,1.0
KXNBAPTS-26APR10MINHOU-HOURSHEPPARD15-10,2026-04-10,pts,9.5,10.4365,-0.9365000000000006,0.5135,0.5167624119533158,1.0,1.0
KXNBAPTS-26APR10MINHOU-HOURSHEPPARD15-15,2026-04-10,pts,14.5,10.4365,4.0634999999999994,0.22725,0.20206363054072884,0.0,1.0
KXNBAPTS-26APR10MINHOU-HOURSHEPPARD15-20,2026-04-10,pts,19.5,10.4365,9.0635,0.0785,0.05998569436779011,0.0,1.0
KXNBAPTS-26APR10MINHOU-MINDDIVINCENZO0-10,2026-04-10,pts,9.5,7.22875,2.27125,0.27825,0.25078214617263217,1.0,1.0
KXNBAPTS-26APR10MINHOU-MINDDIVINCENZO0-15,2026-04-10,pts,14.5,7.22875,7.27125,0.07525,0.050470150196173846,1.0,1.0
KXNBAPTS-26APR10MINHOU-MINDDIVINCENZO0-20,2026-04-10,pts,19.5,7.22875,12.27125,0.0135,0.007345633334353452,0.0,1.0
KXNBAPTS-26APR10MINHOU-MINDDIVINCENZO0-25,2026-04-10,pts,24.5,7.22875,17.271250000000002,0.003,0.0008648936153898834,0.0,1.0
KXNBAPTS-26APR10MINHOU-MINJMCDANIELS3-10,2026-04-10,pts,9.5,9.0315,0.4685000000000006,0.426,0.406267668806675,1.0,1.0
KXNBAPTS-26APR10MINHOU-MINJMCDANIELS3-15,2026-04-10,pts,14.5,9.0315,5.468500000000001,0.14525,0.12531732171901833,1.0,1.0
KXNBAPTS-26APR10MINHOU-MINJMCDANIELS3-20,2026-04-10,pts,19.5,9.0315,10.4685,0.03725,0.028730897325023208,0.0,1.0
KXNBAPTS-26APR10MINHOU-MINJMCDANIELS3-25,2026-04-10,pts,24.5,9.0315,15.4685,0.0085,0.005392175931131282,0.0,1.0
KXNBAREB-26APR10MINHOU-HOUASENGUN28-10,2026-04-10,reb,9.5,6.48025,3.01975,0.139,0.16926337667392644,0.0,1.0
KXNBAREB-26APR10MINHOU-HOUASENGUN28-12,2026-04-10,reb,11.5,6.48025,5.01975,0.049,0.07451947064266506,0.0,1.0
KXNBAREB-26APR10MINHOU-HOUASENGUN28-6,2026-04-10,reb,5.5,6.48025,-0.9802499999999998,0.6055,0.5763907514297653,1.0,1.0
KXNBAREB-26APR10MINHOU-HOUASENGUN28-8,2026-04-10,reb,7.5,6.48025,1.0197500000000002,0.33575,0.3377618438021882,0.0,1.0
KXNBAREB-26APR10MINHOU-HOUASENGUN28-9,2026-04-10,reb,8.5,6.48025,2.01975,0.21475,0.24339740249172936,0.0,1.0
KXNBAREB-26APR10MINHOU-HOUATHOMPSON1-10,2026-04-10,reb,9.5,6.11125,3.38875,0.1075,0.13888750165322394,0.0,1.0
KXNBAREB-26APR10MINHOU-HOUATHOMPSON1-12,2026-04-10,reb,11.5,6.11125,5.38875,0.031,0.05728817220383786,0.0,1.0
KXNBAREB-26APR10MINHOU-HOUATHOMPSON1-4,2026-04-10,reb,3.5,6.11125,-2.61125,0.8435,0.7914433931929743,1.0,1.0
KXNBAREB-26APR10MINHOU-HOUATHOMPSON1-6,2026-04-10,reb,5.5,6.11125,-0.6112500000000001,0.56525,0.5319055011636602,1.0,1.0
KXNBAREB-26APR10MINHOU-HOUATHOMPSON1-8,2026-04-10,reb,7.5,6.11125,1.38875,0.27775,0.2947918081985079,1.0,1.0
KXNBAREB-26APR10MINHOU-HOUJSMITH10-10,2026-04-10,reb,9.5,5.3375,4.1625,0.06375,0.0838532932695445,0.0,1.0
KXNBAREB-26APR10MINHOU-HOUJSMITH10-12,2026-04-10,reb,11.5,5.3375,6.1625,0.019,0.029513805780648328,0.0,1.0
KXNBAREB-26APR10MINHOU-HOUJSMITH10-6,2026-04-10,reb,5.5,5.3375,0.16249999999999964,0.4315,0.42944733265221235,1.0,1.0
KXNBAREB-26APR10MINHOU-HOUJSMITH10-7,2026-04-10,reb,6.5,5.3375,1.1624999999999996,0.29225,0.30557981370609677,0.0,1.0
KXNBAREB-26APR10MINHOU-HOUJSMITH10-8,2026-04-10,reb,7.5,5.3375,2.1624999999999996,0.18025,0.20710469900990403,0.0,1.0
KXNBAREB-26APR10MINHOU-HOUKDURANT7-10,2026-04-10,reb,9.5,4.3105,5.1895,0.01575,0.03304761580776494,0.0,1.0
KXNBAREB-26APR10MINHOU-HOUKDURANT7-2,2026-04-10,reb,1.5,4.3105,-2.8105,0.91675,0.8893862155052816,1.0,1.0
KXNBAREB-26APR10MINHOU-HOUKDURANT7-4,2026-04-10,reb,3.5,4.3105,-0.8105000000000002,0.61475,0.5838584315494428,1.0,1.0
KXNBAREB-26APR10MINHOU-HOUKDURANT7-6,2026-04-10,reb,5.5,4.3105,1.1894999999999998,0.275,0.28173226421139486,1.0,1.0
KXNBAREB-26APR10MINHOU-HOUKDURANT7-8,2026-04-10,reb,7.5,4.3105,3.1895,0.08025,0.10616613632135352,0.0,1.0
KXNBAAST-26APR10MINHOU-HOUASENGUN28-10,2026-04-10,ast,9.5,4.21925,5.28075,0.01875,0.028888515183860264,0.0,1.0
KXNBAAST-26APR10MINHOU-HOUASENGUN28-2,2026-04-10,ast,1.5,4.21925,-2.7192499999999997,0.91425,0.8853135979518325,1.0,1.0
KXNBAAST-26APR10MINHOU-HOUASENGUN28-4,2026-04-10,ast,3.5,4.21925,-0.7192499999999997,0.6015,0.5714513388254983,1.0,1.0
KXNBAAST-26APR10MINHOU-HOUASENGUN28-6,2026-04-10,ast,5.5,4.21925,1.2807500000000003,0.2515,0.2678878425560851,1.0,1.0
KXNBAAST-26APR10MINHOU-HOUASENGUN28-8,2026-04-10,ast,7.5,4.21925,3.2807500000000003,0.0735,0.09714867044998166,1.0,1.0
KXNBAAST-26APR10MINHOU-HOUATHOMPSON1-10,2026-04-10,ast,9.5,3.8995,5.6005,0.0085,0.019477303115541078,0.0,1.0
KXNBAAST-26APR10MINHOU-HOUATHOMPSON1-2,2026-04-10,ast,1.5,3.8995,-2.3995,0.8915,0.861396758303125,1.0,1.0
KXNBAAST-26APR10MINHOU-HOUATHOMPSON1-4,2026-04-10,ast,3.5,3.8995,-0.3995000000000002,0.54225,0.5190376479667806,1.0,1.0
KXNBAAST-26APR10MINHOU-HOUATHOMPSON1-6,2026-04-10,ast,5.5,3.8995,1.6004999999999998,0.20025,0.22217722108138194,1.0,1.0
KXNBAAST-26APR10MINHOU-HOUATHOMPSON1-8,2026-04-10,ast,7.5,3.8995,3.6005,0.0525,0.07282851925345057,0.0,1.0
KXNBAAST-26APR10MINHOU-HOUKDURANT7-10,2026-04-10,ast,9.5,3.7805,5.7195,0.0075,0.01658393797064639,0.0,1.0
KXNBAAST-26APR10MINHOU-HOUKDURANT7-2,2026-04-10,ast,1.5,3.7805,-2.2805,0.87575,0.8512259948209512,1.0,1.0
KXNBAAST-26APR10MINHOU-HOUKDURANT7-4,2026-04-10,ast,3.5,3.7805,-0.28049999999999997,0.5235,0.49845656550733386,1.0,1.0
KXNBAAST-26APR10MINHOU-HOUKDURANT7-6,2026-04-10,ast,5.5,3.7805,1.7195,0.18325,0.2056189068441897,1.0,1.0
KXNBAAST-26APR10MINHOU-HOUKDURANT7-8,2026-04-10,ast,7.5,3.7805,3.7195,0.0445,0.0647087627792452,0.0,1.0
KXNBA3PT-26APR10MINHOU-HOUKDURANT7-1,2026-04-10,fg3m,0.5,1.7915,-1.2915,0.82775,0.7999705706179512,0.0,1.0
KXNBA3PT-26APR10MINHOU-HOUKDURANT7-2,2026-04-10,fg3m,1.5,1.7915,-0.2915000000000001,0.54325,0.5097327468967552,0.0,1.0
KXNBA3PT-26APR10MINHOU-HOUKDURANT7-3,2026-04-10,fg3m,2.5,1.7915,0.7084999999999999,0.26825,0.27158486068707055,0.0,1.0
KXNBA3PT-26APR10MINHOU-HOUKDURANT7-4,2026-04-10,fg3m,3.5,1.7915,1.7085,0.103,0.12622485069302258,0.0,1.0
KXNBA3PT-26APR10MINHOU-HOUKDURANT7-5,2026-04-10,fg3m,4.5,1.7915,2.7085,0.03675,0.052774109581667394,0.0,1.0
KXNBA3PT-26APR10MINHOU-HOURSHEPPARD15-1,2026-04-10,fg3m,0.5,2.12875,-1.6287500000000001,0.86075,0.8470529795118925,1.0,1.0
KXNBA3PT-26APR10MINHOU-HOURSHEPPARD15-2,2026-04-10,fg3m,1.5,2.12875,-0.6287500000000001,0.613,0.5924634398598307,1.0,1.0
KXNBA3PT-26APR10MINHOU-HOURSHEPPARD15-3,2026-04-10,fg3m,2.5,2.12875,0.37124999999999986,0.355,0.3528160518916501,0.0,1.0
KXNBA3PT-26APR10MINHOU-HOURSHEPPARD15-4,2026-04-10,fg3m,3.5,2.12875,1.3712499999999999,0.1835,0.18500895088917324,0.0,1.0
KXNBA3PT-26APR10MINHOU-HOURSHEPPARD15-5,2026-04-10,fg3m,4.5,2.12875,2.37125,0.07375,0.08773400575733914,0.0,1.0
KXNBAPTS-26APR10PHIIND-INDJWALKER5-10,2026-04-10,pts,9.5,8.172,1.3279999999999994,0.36075,0.3329257622732795,1.0,1.0
KXNBAPTS-26APR10PHIIND-INDJWALKER5-15,2026-04-10,pts,14.5,8.172,6.327999999999999,0.12025,0.08555884222898658,1.0,1.0
KXNBAPTS-26APR10PHIIND-INDJWALKER5-20,2026-04-10,pts,19.5,8.172,11.328,0.029,0.01613054037261419,0.0,1.0
KXNBAPTS-26APR10PHIIND-INDJWALKER5-25,2026-04-10,pts,24.5,8.172,16.328,0.00575,0.00247536085251443,0.0,1.0
KXNBAPTS-26APR10PHIIND-PHIKOUBRE9-10,2026-04-10,pts,9.5,9.109,0.391,0.429,0.4127105556202999,1.0,1.0
KXNBAPTS-26APR10PHIIND-PHIKOUBRE9-15,2026-04-10,pts,14.5,9.109,5.391,0.14575,0.12921511134867014,1.0,1.0
KXNBAPTS-26APR10PHIIND-PHIKOUBRE9-20,2026-04-10,pts,19.5,9.109,10.391,0.034,0.0301044963900865,0.0,1.0
KXNBAPTS-26APR10PHIIND-PHIKOUBRE9-25,2026-04-10,pts,24.5,9.109,15.391,0.006,0.005744479373072875,0.0,1.0
KXNBAPTS-26APR10PHIIND-PHIPGEORGE8-15,2026-04-10,pts,14.5,11.08175,3.4182500000000005,0.26225,0.2403874912197813,1.0,1.0
KXNBAPTS-26APR10PHIIND-PHIPGEORGE8-20,2026-04-10,pts,19.5,11.08175,8.41825,0.08225,0.07877096414226892,1.0,1.0
KXNBAPTS-26APR10PHIIND-PHIPGEORGE8-25,2026-04-10,pts,24.5,11.08175,13.41825,0.01925,0.021424081213096136,0.0,1.0
KXNBAPTS-26APR10PHIIND-PHIPGEORGE8-30,2026-04-10,pts,29.5,11.08175,18.41825,0.00325,0.005091012072352297,0.0,1.0
KXNBAPTS-26APR10PHIIND-PHITMAXEY0-25,2026-04-10,pts,24.5,16.2115,8.288499999999999,0.11925,0.138387978477288,1.0,1.0
KXNBAPTS-26APR10PHIIND-PHITMAXEY0-30,2026-04-10,pts,29.5,16.2115,13.288499999999999,0.034,0.05795282069175278,1.0,1.0
KXNBAPTS-26APR10PHIIND-PHITMAXEY0-35,2026-04-10,pts,34.5,16.2115,18.2885,0.00775,0.022164714519719575,0.0,1.0
KXNBAPTS-26APR10PHIIND-PHITMAXEY0-40,2026-04-10,pts,39.5,16.2115,23.2885,0.00175,0.00788805880461485,0.0,1.0
KXNBAPTS-26APR10PHIIND-PHIVEDGECOMBE77-10,2026-04-10,pts,9.5,11.03,-1.5299999999999994,0.56925,0.5588234909661105,1.0,1.0
KXNBAPTS-26APR10PHIIND-PHIVEDGECOMBE77-15,2026-04-10,pts,14.5,11.03,3.4700000000000006,0.25175,0.23727060257070742,1.0,1.0
KXNBAPTS-26APR10PHIIND-PHIVEDGECOMBE77-20,2026-04-10,pts,19.5,11.03,8.47,0.07975,0.07716641592611506,0.0,1.0
KXNBAPTS-26APR10PHIIND-PHIVEDGECOMBE77-25,2026-04-10,pts,24.5,11.03,13.47,0.0155,0.02082291963086913,0.0,1.0
KXNBAREB-26APR10PHIIND-INDJWALKER5-10,2026-04-10,reb,9.5,3.8275,5.672499999999999,0.014,0.018372956026515674,0.0,1.0
KXNBAREB-26APR10PHIIND-INDJWALKER5-2,2026-04-10,reb,1.5,3.8275,-2.3275,0.8525,0.8533341096103062,1.0,1.0
KXNBAREB-26APR10PHIIND-INDJWALKER5-4,2026-04-10,reb,3.5,3.8275,-0.3275000000000001,0.513,0.5054833768983975,1.0,1.0
KXNBAREB-26APR10PHIIND-INDJWALKER5-6,2026-04-10,reb,5.5,3.8275,1.6724999999999999,0.21575,0.21306485000319675,0.0,1.0
KXNBAREB-26APR10PHIIND-INDJWALKER5-8,2026-04-10,reb,7.5,3.8275,3.6725,0.06775,0.06909557958011447,0.0,1.0
KXNBAREB-26APR10PHIIND-PHIKOUBRE9-2,2026-04-10,reb,1.5,3.5765,-2.0765,0.83975,0.8299717501765025,1.0,1.0
KXNBAREB-26APR10PHIIND-PHIKOUBRE9-4,2026-04-10,reb,3.5,3.5765,-0.07649999999999979,0.46625,0.4610696161899528,1.0,1.0
KXNBAREB-26APR10PHIIND-PHIKOUBRE9-5,2026-04-10,reb,4.5,3.5765,0.9235000000000002,0.29575,0.29875882782334684,1.0,1.0
KXNBAREB-26APR10PHIIND-PHIKOUBRE9-6,2026-04-10,reb,5.5,3.5765,1.9235000000000002,0.1785,0.1790899485657571,1.0,1.0
KXNBAREB-26APR10PHIIND-PHIKOUBRE9-8,2026-04-10,reb,7.5,3.5765,3.9235,0.044,0.053106614817645115,0.0,1.0
KXNBAREB-26APR10PHIIND-PHIPGEORGE8-10,2026-04-10,reb,9.5,3.816,5.684,0.012,0.01809058306435629,0.0,1.0
KXNBAREB-26APR10PHIIND-PHIPGEORGE8-2,2026-04-10,reb,1.5,3.816,-2.316,0.87675,0.8523398217762831,1.0,1.0
KXNBAREB-26APR10PHIIND-PHIPGEORGE8-4,2026-04-10,reb,3.5,3.816,-0.31599999999999984,0.5135,0.5035007526185571,1.0,1.0
KXNBAREB-26APR10PHIIND-PHIPGEORGE8-6,2026-04-10,reb,5.5,3.816,1.6840000000000002,0.198,0.21147538594635817,0.0,1.0
KXNBAREB-26APR10PHIIND-PHIPGEORGE8-8,2026-04-10,reb,7.5,3.816,3.684,0.05725,0.06831228527986488,0.0,1.0
KXNBAREB-26APR10PHIIND-PHIVEDGECOMBE77-2,2026-04-10,reb,1.5,4.0825,-2.5824999999999996,0.8985,0.87368366566338,1.0,1.0
KXNBAREB-26APR10PHIIND-PHIVEDGECOMBE77-4,2026-04-10,reb,3.5,4.0825,-0.5824999999999996,0.5685,0.5480760607883068,1.0,1.0
KXNBAREB-26APR10PHIIND-PHIVEDGECOMBE77-5,2026-04-10,reb,4.5,4.0825,0.4175000000000004,0.38625,0.3829664854913132,1.0,1.0
KXNBAREB-26APR10PHIIND-PHIVEDGECOMBE77-6,2026-04-10,reb,5.5,4.0825,1.4175000000000004,0.239,0.24893300911226912,1.0,1.0
KXNBAREB-26APR10PHIIND-PHIVEDGECOMBE77-8,2026-04-10,reb,7.5,4.0825,3.4175000000000004,0.06925,0.08767614622840825,1.0,1.0
KXNBAAST-26APR10PHIIND-PHIKOUBRE9-10,2026-04-10,ast,9.5,1.18875,8.31125,0.0,5.946901286191242e-06,0.0,1.0
KXNBAAST-26APR10PHIIND-PHIKOUBRE9-2,2026-04-10,ast,1.5,1.18875,0.31125,0.33225,0.32952308414417697,0.0,1.0
KXNBAAST-26APR10PHIIND-PHIKOUBRE9-4,2026-04-10,ast,3.5,1.18875,2.3112500000000002,0.03775,0.04093675084416004,0.0,1.0
KXNBAAST-26APR10PHIIND-PHIKOUBRE9-6,2026-04-10,ast,5.5,1.18875,4.31125,0.00225,0.002940946074479367,0.0,1.0
KXNBAAST-26APR10PHIIND-PHIKOUBRE9-8,2026-04-10,ast,7.5,1.18875,6.31125,0.0,0.00014921677498414,0.0,1.0
KXNBAAST-26APR10PHIIND-PHIPGEORGE8-2,2026-04-10,ast,1.5,2.66825,-1.16825,0.73525,0.7105960039582349,1.0,1.0
KXNBAAST-26APR10PHIIND-PHIPGEORGE8-4,2026-04-10,ast,3.5,2.66825,0.83175,0.27925,0.2855632350772499,0.0,1.0
KXNBAAST-26APR10PHIIND-PHIPGEORGE8-5,2026-04-10,ast,4.5,2.66825,1.83175,0.13475,0.1524900535742464,0.0,1.0
KXNBAAST-26APR10PHIIND-PHIPGEORGE8-6,2026-04-10,ast,5.5,2.66825,2.83175,0.0565,0.0744288324001785,0.0,1.0
KXNBAAST-26APR10PHIIND-PHIPGEORGE8-8,2026-04-10,ast,7.5,2.66825,4.8317499999999995,0.00825,0.014295988582465946,0.0,1.0
KXNBAAST-26APR10PHIIND-PHITMAXEY0-10,2026-04-10,ast,9.5,4.31625,5.18375,0.01825,0.03223803769002864,0.0,1.0
KXNBAAST-26APR10PHIIND-PHITMAXEY0-12,2026-04-10,ast,11.5,4.31625,7.18375,0.00175,0.008467440621794387,0.0,1.0
KXNBAAST-26APR10PHIIND-PHITMAXEY0-6,2026-04-10,ast,5.5,4.31625,1.1837499999999999,0.269,0.2819939021632889,0.0,1.0
KXNBAAST-26APR10PHIIND-PHITMAXEY0-7,2026-04-10,ast,6.5,4.31625,2.18375,0.14825,0.17711058904355537,0.0,1.0
KXNBAAST-26APR10PHIIND-PHITMAXEY0-8,2026-04-10,ast,7.5,4.31625,3.18375,0.07825,0.10521259018253482,0.0,1.0
KXNBAAST-26APR10PHIIND-PHIVEDGECOMBE77-2,2026-04-10,ast,1.5,3.0205,-1.5205000000000002,0.80125,0.7655816174267944,1.0,1.0
KXNBAAST-26APR10PHIIND-PHIVEDGECOMBE77-4,2026-04-10,ast,3.5,3.0205,0.4794999999999998,0.3585,0.3556878925500161,1.0,1.0
KXNBAAST-26APR10PHIIND-PHIVEDGECOMBE77-5,2026-04-10,ast,4.5,3.0205,1.4794999999999998,0.19,0.20657733175506432,1.0,1.0
KXNBAAST-26APR10PHIIND-PHIVEDGECOMBE77-6,2026-04-10,ast,5.5,3.0205,2.4795,0.0885,0.11009363807953965,0.0,1.0
KXNBAAST-26APR10PHIIND-PHIVEDGECOMBE77-8,2026-04-10,ast,7.5,3.0205,4.4795,0.01575,0.025385073334228125,0.0,1.0
KXNBA3PT-26APR10PHIIND-PHITMAXEY0-1,2026-04-10,fg3m,0.5,1.764,-1.264,0.8235,0.7954586982589995,1.0,1.0
KXNBA3PT-26APR10PHIIND-PHITMAXEY0-2,2026-04-10,fg3m,1.5,1.764,-0.264,0.5245,0.502374833737062,0.0,1.0
KXNBA3PT-26APR10PHIIND-PHITMAXEY0-3,2026-04-10,fg3m,2.5,1.764,0.736,0.25575,0.26489025560677826,0.0,1.0
KXNBA3PT-26APR10PHIIND-PHITMAXEY0-4,2026-04-10,fg3m,3.5,1.764,1.736,0.11075,0.1217425450451548,0.0,1.0
KXNBA3PT-26APR10PHIIND-PHITMAXEY0-5,2026-04-10,fg3m,4.5,1.764,2.7359999999999998,0.0375,0.050311595152017885,0.0,1.0
KXNBA3PT-26APR10PHIIND-PHIVEDGECOMBE77-1,2026-04-10,fg3m,0.5,1.28075,-0.78075,0.7055,0.6939456129838444,0.0,1.0
KXNBA3PT-26APR10PHIIND-PHIVEDGECOMBE77-2,2026-04-10,fg3m,1.5,1.28075,0.21924999999999994,0.363,0.3582832933859743,0.0,1.0
KXNBA3PT-26APR10PHIIND-PHIVEDGECOMBE77-3,2026-04-10,fg3m,2.5,1.28075,1.21925,0.1475,0.15010320765563834,0.0,1.0
KXNBA3PT-26APR10PHIIND-PHIVEDGECOMBE77-4,2026-04-10,fg3m,3.5,1.28075,2.2192499999999997,0.04825,0.0540567691197551,0.0,1.0
KXNBA3PT-26APR10PHIIND-PHIVEDGECOMBE77-5,2026-04-10,fg3m,4.5,1.28075,3.2192499999999997,0.01325,0.01737279545358994,0.0,1.0
KXNBAPTS-26APR10PHXLAL-LALDAYTON5-10,2026-04-10,pts,9.5,7.09275,2.4072500000000003,0.262,0.2390572878309497,1.0,1.0
KXNBAPTS-26APR10PHXLAL-LALDAYTON5-15,2026-04-10,pts,14.5,7.09275,7.40725,0.05825,0.046229670028295144,0.0,1.0
KXNBAPTS-26APR10PHXLAL-LALDAYTON5-20,2026-04-10,pts,19.5,7.09275,12.407250000000001,0.00775,0.006452151659152472,0.0,1.0
KXNBAPTS-26APR10PHXLAL-LALDAYTON5-25,2026-04-10,pts,24.5,7.09275,17.40725,0.00075,0.000727858766346845,0.0,1.0
KXNBAPTS-26APR10PHXLAL-LALLJAMES23-15,2026-04-10,pts,14.5,13.47975,1.0202500000000008,0.3965,0.3862577893659134,1.0,1.0
KXNBAPTS-26APR10PHXLAL-LALLJAMES23-20,2026-04-10,pts,19.5,13.47975,6.020250000000001,0.15475,0.16888483007982547,1.0,1.0
KXNBAPTS-26APR10PHXLAL-LALLJAMES23-25,2026-04-10,pts,24.5,13.47975,11.02025,0.0505,0.062299776022523345,1.0,1.0
KXNBAPTS-26APR10PHXLAL-LALLJAMES23-30,2026-04-10,pts,29.5,13.47975,16.02025,0.011,0.020252449157050045,0.0,1.0
KXNBAPTS-26APR10PHXLAL-LALLJAMES23-35,2026-04-10,pts,34.5,13.47975,21.02025,0.0025,0.005977870863399182,0.0,1.0
KXNBAPTS-26APR10PHXLAL-LALMSMART36-10,2026-04-10,pts,9.5,6.49825,3.0017500000000004,0.2225,0.18899599236081233,0.0,1.0
KXNBAPTS-26APR10PHXLAL-LALMSMART36-15,2026-04-10,pts,14.5,6.49825,8.001750000000001,0.04625,0.030201724415757747,0.0,1.0
KXNBAPTS-26APR10PHXLAL-LALMSMART36-20,2026-04-10,pts,19.5,6.49825,13.001750000000001,0.00875,0.00345219050224832,0.0,1.0
KXNBAPTS-26APR10PHXLAL-PHXDBROOKS3-10,2026-04-10,pts,9.5,12.6405,-3.1404999999999994,0.6715,0.6579252776564981,1.0,1.0
KXNBAPTS-26APR10PHXLAL-PHXDBROOKS3-15,2026-04-10,pts,14.5,12.6405,1.8595000000000006,0.35925,0.3355897949533617,0.0,1.0
KXNBAPTS-26APR10PHXLAL-PHXDBROOKS3-20,2026-04-10,pts,19.5,12.6405,6.859500000000001,0.14025,0.1342451780089856,0.0,1.0
KXNBAPTS-26APR10PHXLAL-PHXDBROOKS3-25,2026-04-10,pts,24.5,12.6405,11.8595,0.037,0.045049124440097676,0.0,1.0
KXNBAPTS-26APR10PHXLAL-PHXDBROOKS3-30,2026-04-10,pts,29.5,12.6405,16.8595,0.00925,0.013281691615801172,0.0,1.0
KXNBAPTS-26APR10PHXLAL-PHXMWILLIAMS15-10,2026-04-10,pts,9.5,7.262,2.2380000000000004,0.28325,0.2536588314498276,0.0,1.0
KXNBAPTS-26APR10PHXLAL-PHXMWILLIAMS15-15,2026-04-10,pts,14.5,7.262,7.238,0.06725,0.051539185728445625,0.0,1.0
KXNBAPTS-26APR10PHXLAL-PHXMWILLIAMS15-20,2026-04-10,pts,19.5,7.262,12.238,0.01125,0.007577046878736837,0.0,1.0
KXNBAPTS-26APR10PHXLAL-PHXMWILLIAMS15-25,2026-04-10,pts,24.5,7.262,17.238,0.001,0.0009013517013430894,0.0,1.0
KXNBAREB-26APR10PHXLAL-LALDAYTON5-10,2026-04-10,reb,9.5,4.75425,4.74575,0.03925,0.051680602023338684,0.0,1.0
KXNBAREB-26APR10PHXLAL-LALDAYTON5-12,2026-04-10,reb,11.5,4.75425,6.74575,0.01,0.0157485635102923,0.0,1.0
KXNBAREB-26APR10PHXLAL-LALDAYTON5-4,2026-04-10,reb,3.5,4.75425,-1.2542499999999999,0.66825,0.6471033373841231,1.0,1.0
KXNBAREB-26APR10PHXLAL-LALDAYTON5-6,2026-04-10,reb,5.5,4.75425,0.7457500000000001,0.3415,0.3462376971418434,0.0,1.0
KXNBAREB-26APR10PHXLAL-LALDAYTON5-8,2026-04-10,reb,7.5,4.75425,2.74575,0.13625,0.1466699469244076,0.0,1.0
KXNBAREB-26APR10PHXLAL-LALLJAMES23-10,2026-04-10,reb,9.5,4.5815,4.9185,0.02475,0.04382327222364901,0.0,1.0
KXNBAREB-26APR10PHXLAL-LALLJAMES23-12,2026-04-10,reb,11.5,4.5815,6.9185,0.00375,0.012732601805483745,0.0,1.0
KXNBAREB-26APR10PHXLAL-LALLJAMES23-4,2026-04-10,reb,3.5,4.5815,-1.0815000000000001,0.655,0.6234876772781481,1.0,1.0
KXNBAREB-26APR10PHXLAL-LALLJAMES23-6,2026-04-10,reb,5.5,4.5815,0.9184999999999999,0.314,0.32112181288541874,1.0,1.0
KXNBAREB-26APR10PHXLAL-LALLJAMES23-8,2026-04-10,reb,7.5,4.5815,2.9185,0.10625,0.13024690983951526,0.0,1.0
KXNBAREB-26APR10PHXLAL-PHXDBROOKS3-10,2026-04-10,reb,9.5,2.9905,6.5095,0.00225,0.004677398942646738,0.0,1.0
KXNBAREB-26APR10PHXLAL-PHXDBROOKS3-2,2026-04-10,reb,1.5,2.9905,-1.4905,0.7825,0.7594600992822523,1.0,1.0
KXNBAREB-26APR10PHXLAL-PHXDBROOKS3-4,2026-04-10,reb,3.5,2.9905,0.5095000000000001,0.35025,0.3496586080787656,0.0,1.0
KXNBAREB-26APR10PHXLAL-PHXDBROOKS3-6,2026-04-10,reb,5.5,2.9905,2.5095,0.09575,0.10788280897413416,0.0,1.0
KXNBAREB-26APR10PHXLAL-PHXDBROOKS3-8,2026-04-10,reb,7.5,2.9905,4.5095,0.01675,0.02496108094303373,0.0,1.0
KXNBAREB-26APR10PHXLAL-PHXMWILLIAMS15-10,2026-04-10,reb,9.5,5.5125,3.9875,0.077,0.09514243418119128,0.0,1.0
KXNBAREB-26APR10PHXLAL-PHXMWILLIAMS15-12,2026-04-10,reb,11.5,5.5125,5.9875,0.02425,0.034812343516074984,0.0,1.0
KXNBAREB-26APR10PHXLAL-PHXMWILLIAMS15-4,2026-04-10,reb,3.5,5.5125,-2.0125,0.76875,0.7362200259332741,1.0,1.0
KXNBAREB-26APR10PHXLAL-PHXMWILLIAMS15-6,2026-04-10,reb,5.5,5.5125,-0.012500000000000178,0.4515,0.45357740029138716,0.0,1.0
KXNBAREB-26APR10PHXLAL-PHXMWILLIAMS15-8,2026-04-10,reb,7.5,5.5125,1.9874999999999998,0.21425,0.22640064237032564,0.0,1.0
KXNBAAST-26APR10PHXLAL-LALLJAMES23-10,2026-04-10,ast,9.5,4.69025,4.80975,0.03025,0.04740598318785294,1.0,1.0
KXNBAAST-26APR10PHXLAL-LALLJAMES23-12,2026-04-10,ast,11.5,4.69025,6.80975,0.0055,0.013904001563072144,1.0,1.0
KXNBAAST-26APR10PHXLAL-LALLJAMES23-14,2026-04-10,ast,13.5,4.69025,8.809750000000001,0.0005,0.003613776680218228,0.0,1.0
KXNBAAST-26APR10PHXLAL-LALLJAMES23-6,2026-04-10,ast,5.5,4.69025,0.8097500000000002,0.3255,0.33676437219553834,1.0,1.0
KXNBAAST-26APR10PHXLAL-LALLJAMES23-8,2026-04-10,ast,7.5,4.69025,2.80975,0.10875,0.1390081850438114,1.0,1.0
KXNBA3PT-26APR10PHXLAL-LALLJAMES23-1,2026-04-10,fg3m,0.5,0.92775,-0.42774999999999996,0.60325,0.5833718207727797,1.0,1.0
KXNBA3PT-26APR10PHXLAL-LALLJAMES23-2,2026-04-10,fg3m,1.5,0.92775,0.57225,0.2365,0.2387310319272632,1.0,1.0
KXNBA3PT-26APR10PHXLAL-LALLJAMES23-3,2026-04-10,fg3m,2.5,0.92775,1.57225,0.06725,0.07751162474235063,0.0,1.0
KXNBA3PT-26APR10PHXLAL-LALLJAMES23-4,2026-04-10,fg3m,3.5,0.92775,2.57225,0.017,0.021410256274457362,0.0,1.0
KXNBA3PT-26APR10PHXLAL-LALLJAMES23-5,2026-04-10,fg3m,4.5,0.92775,3.57225,0.003,0.005248720976670063,0.0,1.0
KXNBAPTS-26APR10BKNMIL-MILKKUZMA18-10,2026-04-10,pts,9.5,7.08225,2.41775,0.26875,0.23815515741675986,0.0,1.0
KXNBAPTS-26APR10BKNMIL-MILKKUZMA18-15,2026-04-10,pts,14.5,7.08225,7.41775,0.0655,0.045911135955919,0.0,1.0
KXNBAPTS-26APR10BKNMIL-MILKKUZMA18-20,2026-04-10,pts,19.5,7.08225,12.41775,0.00875,0.006386637423152375,0.0,1.0
KXNBAPTS-26APR10BKNMIL-MILKKUZMA18-25,2026-04-10,pts,24.5,7.08225,17.417749999999998,0.00025,0.0007180521248730809,0.0,1.0
KXNBAPTS-26APR10BKNMIL-MILMTURNER3-10,2026-04-10,pts,9.5,6.087,3.4130000000000003,0.19325,0.15612402500919254,1.0,1.0
KXNBAPTS-26APR10BKNMIL-MILMTURNER3-15,2026-04-10,pts,14.5,6.087,8.413,0.04475,0.021477055851695903,0.0,1.0
KXNBAPTS-26APR10BKNMIL-MILMTURNER3-20,2026-04-10,pts,19.5,6.087,13.413,0.005,0.0021003843106175424,0.0,1.0
KXNBAPTS-26APR10BKNMIL-MILMTURNER3-25,2026-04-10,pts,24.5,6.087,18.413,0.001,0.00016497231125678358,0.0,1.0
KXNBAREB-26APR10BKNMIL-MILKKUZMA18-10,2026-04-10,reb,9.5,2.66175,6.83825,0.001,0.0022969517042878973,0.0,1.0
KXNBAREB-26APR10BKNMIL-MILKKUZMA18-2,2026-04-10,reb,1.5,2.66175,-1.16175,0.727,0.7077683870927753,0.0,1.0
KXNBAREB-26APR10BKNMIL-MILKKUZMA18-4,2026-04-10,reb,3.5,2.66175,0.8382499999999999,0.28775,0.2845206166688117,0.0,1.0
KXNBAREB-26APR10BKNMIL-MILKKUZMA18-6,2026-04-10,reb,5.5,2.66175,2.83825,0.06425,0.07479017132819532,0.0,1.0
KXNBAREB-26APR10BKNMIL-MILKKUZMA18-8,2026-04-10,reb,7.5,2.66175,4.83825,0.0085,0.014597995771014394,0.0,1.0
KXNBAREB-26APR10BKNMIL-MILMTURNER3-10,2026-04-10,reb,9.5,2.93425,6.5657499999999995,0.0015,0.004176762528272482,0.0,1.0
KXNBAREB-26APR10BKNMIL-MILMTURNER3-2,2026-04-10,reb,1.5,2.93425,-1.43425,0.77325,0.7513045800884559,1.0,1.0
KXNBAREB-26APR10BKNMIL-MILMTURNER3-4,2026-04-10,reb,3.5,2.93425,0.56575,0.33275,0.33857135689751783,1.0,1.0
KXNBAREB-26APR10BKNMIL-MILMTURNER3-6,2026-04-10,reb,5.5,2.93425,2.56575,0.09175,0.10182230399698966,0.0,1.0
KXNBAREB-26APR10BKNMIL-MILMTURNER3-8,2026-04-10,reb,7.5,2.93425,4.5657499999999995,0.01725,0.02292456246227903,0.0,1.0
KXNBAAST-26APR10BKNMIL-MILMTURNER3-10,2026-04-10,ast,9.5,0.73075,8.76925,0.0,9.534750455841845e-08,0.0,1.0
KXNBAAST-26APR10BKNMIL-MILMTURNER3-2,2026-04-10,ast,1.5,0.73075,0.76925,0.1705,0.16945258773379368,1.0,1.0
KXNBAAST-26APR10BKNMIL-MILMTURNER3-4,2026-04-10,ast,3.5,0.73075,2.76925,0.0095,0.009145364846130488,0.0,1.0
KXNBAAST-26APR10BKNMIL-MILMTURNER3-6,2026-04-10,ast,5.5,0.73075,4.7692499999999995,0.00025,0.0002757239741161266,0.0,1.0
KXNBAAST-26APR10BKNMIL-MILMTURNER3-8,2026-04-10,ast,7.5,0.73075,6.7692499999999995,0.0,5.800988357340664e-06,0.0,1.0
KXNBAPTS-26APR10TORNYK-NYKJBRUNSON11-15,2026-04-10,pts,14.5,16.124,-1.6239999999999988,0.5605,0.5328234893025321,1.0,1.0
KXNBAPTS-26APR10TORNYK-NYKJBRUNSON11-20,2026-04-10,pts,19.5,16.124,3.3760000000000012,0.2955,0.2899866223186265,1.0,1.0
KXNBAPTS-26APR10TORNYK-NYKJBRUNSON11-25,2026-04-10,pts,24.5,16.124,8.376000000000001,0.11175,0.13554742186882351,1.0,1.0
KXNBAPTS-26APR10TORNYK-NYKJBRUNSON11-30,2026-04-10,pts,29.5,16.124,13.376000000000001,0.0375,0.05637494319388525,0.0,1.0
KXNBAPTS-26APR10TORNYK-NYKJBRUNSON11-35,2026-04-10,pts,34.5,16.124,18.376,0.0095,0.02140968130207599,0.0,1.0
KXNBAPTS-26APR10TORNYK-NYKJHART3-10,2026-04-10,pts,9.5,8.2245,1.2754999999999992,0.3615,0.3374810952564792,0.0,1.0
KXNBAPTS-26APR10TORNYK-NYKJHART3-15,2026-04-10,pts,14.5,8.2245,6.275499999999999,0.10325,0.08778910421348762,0.0,1.0
KXNBAPTS-26APR10TORNYK-NYKJHART3-20,2026-04-10,pts,19.5,8.2245,11.2755,0.02,0.01676659045558515,0.0,1.0
KXNBAPTS-26APR10TORNYK-NYKJHART3-25,2026-04-10,pts,24.5,8.2245,16.2755,0.00225,0.002607380338112697,0.0,1.0
KXNBAPTS-26APR10TORNYK-NYKKTOWNS32-10,2026-04-10,pts,9.5,12.50925,-3.0092499999999998,0.664,0.6506614971312983,1.0,1.0
KXNBAPTS-26APR10TORNYK-NYKKTOWNS32-15,2026-04-10,pts,14.5,12.50925,1.9907500000000002,0.346,0.32757384893159813,1.0,1.0
KXNBAPTS-26APR10TORNYK-NYKKTOWNS32-20,2026-04-10,pts,19.5,12.50925,6.99075,0.12025,0.12909229343793283,1.0,1.0
KXNBAPTS-26APR10TORNYK-NYKKTOWNS32-25,2026-04-10,pts,24.5,12.50925,11.99075,0.0355,0.042638324257808224,0.0,1.0
KXNBAPTS-26APR10TORNYK-NYKKTOWNS32-30,2026-04-10,pts,29.5,12.50925,16.99075,0.00525,0.012367286889581885,0.0,1.0
KXNBAPTS-26APR10TORNYK-NYKMBRIDGES25-10,2026-04-10,pts,9.5,8.54275,0.9572500000000002,0.378,0.36492457597441696,1.0,1.0
KXNBAPTS-26APR10TORNYK-NYKMBRIDGES25-15,2026-04-10,pts,14.5,8.54275,5.95725,0.12725,0.10188416019596158,0.0,1.0
KXNBAPTS-26APR10TORNYK-NYKMBRIDGES25-20,2026-04-10,pts,19.5,8.54275,10.95725,0.0245,0.020985723363303732,0.0,1.0
KXNBAPTS-26APR10TORNYK-NYKMBRIDGES25-25,2026-04-10,pts,24.5,8.54275,15.95725,0.00375,0.0035270242236095095,0.0,1.0
KXNBAPTS-26APR10TORNYK-NYKOANUNOBY8-10,2026-04-10,pts,9.5,9.760792280345353,-0.2607922803453526,0.47689182326053836,0.4653983746863183,0.0,0.49225
KXNBAPTS-26APR10TORNYK-NYKOANUNOBY8-15,2026-04-10,pts,14.5,9.760792280345353,4.739207719654647,0.16962925342813612,0.16370029436987998,0.0,0.49225
KXNBAPTS-26APR10TORNYK-NYKOANUNOBY8-20,2026-04-10,pts,19.5,9.760792280345353,9.739207719654647,0.04418486541391569,0.04327272809881477,0.0,0.49225
KXNBAPTS-26APR10TORNYK-NYKOANUNOBY8-25,2026-04-10,pts,24.5,9.760792280345353,14.739207719654647,0.007618080243778568,0.00940973413012891,0.0,0.49225
KXNBAPTS-26APR10TORNYK-NYKOANUNOBY8-30,2026-04-10,pts,29.5,9.760792280345353,19.739207719654647,0.0,0.0017795178752993968,0.0,0.49225
KXNBAPTS-26APR10TORNYK-TORJPOELTL19-10,2026-04-10,pts,9.5,7.4285,2.0715000000000003,0.29025,0.2681108217614936,0.0,1.0
KXNBAPTS-26APR10TORNYK-TORJPOELTL19-15,2026-04-10,pts,14.5,7.4285,7.0715,0.0715,0.05708190413469927,0.0,1.0
KXNBAPTS-26APR10TORNYK-TORJPOELTL19-20,2026-04-10,pts,19.5,7.4285,12.0715,0.0115,0.008815581960809782,0.0,1.0
KXNBAPTS-26APR10TORNYK-TORJPOELTL19-25,2026-04-10,pts,24.5,7.4285,17.0715,0.00075,0.0011028148918647007,0.0,1.0
KXNBAPTS-26APR10TORNYK-TORSBARNES4-10,2026-04-10,pts,9.5,10.2355,-0.7355,0.51525,0.5018581679008617,1.0,1.0
KXNBAPTS-26APR10TORNYK-TORSBARNES4-15,2026-04-10,pts,14.5,10.2355,4.2645,0.202,0.19042530318569661,1.0,1.0
KXNBAPTS-26APR10TORNYK-TORSBARNES4-20,2026-04-10,pts,19.5,10.2355,9.2645,0.05175,0.05469135012695614,0.0,1.0
KXNBAPTS-26APR10TORNYK-TORSBARNES4-25,2026-04-10,pts,24.5,10.2355,14.2645,0.01125,0.012962878745198636,0.0,1.0
KXNBAREB-26APR10TORNYK-NYKJBRUNSON11-10,2026-04-10,reb,9.5,2.522,6.978,0.00025,0.00163056004614337,0.0,1.0
KXNBAREB-26APR10TORNYK-NYKJBRUNSON11-2,2026-04-10,reb,1.5,2.522,-1.0219999999999998,0.704,0.6826490092396542,1.0,1.0
KXNBAREB-26APR10TORNYK-NYKJBRUNSON11-4,2026-04-10,reb,3.5,2.522,0.9780000000000002,0.25075,0.2568550572517031,0.0,1.0
KXNBAREB-26APR10TORNYK-NYKJBRUNSON11-6,2026-04-10,reb,5.5,2.522,2.978,0.05225,0.0625321887935506,0.0,1.0
KXNBAREB-26APR10TORNYK-NYKJBRUNSON11-8,2026-04-10,reb,7.5,2.522,4.978,0.006,0.011257359374113207,0.0,1.0
KXNBAREB-26APR10TORNYK-NYKJHART3-10,2026-04-10,reb,9.5,5.33925,4.16075,0.0645,0.08396257880960534,0.0,1.0
KXNBAREB-26APR10TORNYK-NYKJHART3-12,2026-04-10,reb,11.5,5.33925,6.16075,0.015,0.02956401777111428,0.0,1.0
KXNBAREB-26APR10TORNYK-NYKJHART3-4,2026-04-10,reb,3.5,5.33925,-1.8392499999999998,0.741,0.7178598161883643,1.0,1.0
KXNBAREB-26APR10TORNYK-NYKJHART3-6,2026-04-10,reb,5.5,5.33925,0.16075000000000017,0.448,0.42969098387711524,0.0,1.0
KXNBAREB-26APR10TORNYK-NYKJHART3-8,2026-04-10,reb,7.5,5.33925,2.16075,0.19075,0.20729548832554512,0.0,1.0
KXNBAREB-26APR10TORNYK-NYKKTOWNS32-10,2026-04-10,reb,9.5,8.206,1.2940000000000005,0.31425,0.3311014866872023,1.0,1.0
KXNBAREB-26APR10TORNYK-NYKKTOWNS32-12,2026-04-10,reb,11.5,8.206,3.2940000000000005,0.1525,0.18515634600625874,0.0,1.0
KXNBAREB-26APR10TORNYK-NYKKTOWNS32-14,2026-04-10,reb,13.5,8.206,5.2940000000000005,0.05825,0.09401752926992424,0.0,1.0
KXNBAREB-26APR10TORNYK-NYKKTOWNS32-16,2026-04-10,reb,15.5,8.206,7.2940000000000005,0.0215,0.043981872633257146,0.0,1.0
KXNBAREB-26APR10TORNYK-NYKKTOWNS32-8,2026-04-10,reb,7.5,8.206,-0.7059999999999995,0.548,0.5288311725432292,1.0,1.0
KXNBAREB-26APR10TORNYK-NYKMBRIDGES25-10,2026-04-10,reb,9.5,2.48925,7.01075,0.0015,0.0014987745571861666,0.0,1.0
KXNBAREB-26APR10TORNYK-NYKMBRIDGES25-2,2026-04-10,reb,1.5,2.48925,-0.9892500000000002,0.70075,0.6764697924912116,0.0,1.0
KXNBAREB-26APR10TORNYK-NYKMBRIDGES25-4,2026-04-10,reb,3.5,2.48925,1.0107499999999998,0.242,0.2504052810091484,0.0,1.0
KXNBAREB-26APR10TORNYK-NYKMBRIDGES25-6,2026-04-10,reb,5.5,2.48925,3.01075,0.05,0.059825407843840606,0.0,1.0
KXNBAREB-26APR10TORNYK-NYKMBRIDGES25-8,2026-04-10,reb,7.5,2.48925,5.01075,0.0075,0.010559061395451153,0.0,1.0
KXNBAREB-26APR10TORNYK-NYKOANUNOBY8-10,2026-04-10,reb,9.5,2.8953783646521076,6.604621635347892,0.0015236160487557136,0.0038550366732910124,0.0,0.49225
KXNBAREB-26APR10TORNYK-NYKOANUNOBY8-2,2026-04-10,reb,1.5,2.8953783646521076,-1.3953783646521076,0.770949720670391,0.7455089081354387,1.0,0.49225
KXNBAREB-26APR10TORNYK-NYKOANUNOBY8-4,2026-04-10,reb,3.5,2.8953783646521076,0.6046216353478924,0.3387506348400203,0.33088753015737904,1.0,0.49225
KXNBAREB-26APR10TORNYK-NYKOANUNOBY8-6,2026-04-10,reb,5.5,2.8953783646521076,2.6046216353478924,0.08430675469781615,0.09772641469775167,0.0,0.49225
KXNBAREB-26APR10TORNYK-NYKOANUNOBY8-8,2026-04-10,reb,7.5,2.8953783646521076,4.604621635347892,0.012696800406297613,0.021582422824759417,0.0,0.49225
KXNBAREB-26APR10TORNYK-TORJPOELTL19-10,2026-04-10,reb,9.5,4.9855,4.5145,0.0475,0.06340563743982053,0.0,1.0
KXNBAREB-26APR10TORNYK-TORJPOELTL19-12,2026-04-10,reb,11.5,4.9855,6.5145,0.0145,0.020517657443894555,0.0,1.0
KXNBAREB-26APR10TORNYK-TORJPOELTL19-6,2026-04-10,reb,5.5,4.9855,0.5145,0.3935,0.37962753978152475,0.0,1.0
KXNBAREB-26APR10TORNYK-TORJPOELTL19-7,2026-04-10,reb,6.5,4.9855,1.5145,0.25575,0.26039265095495434,0.0,1.0
KXNBAREB-26APR10TORNYK-TORJPOELTL19-8,2026-04-10,reb,7.5,4.9855,2.5145,0.15125,0.16980006810217574,0.0,1.0
KXNBAREB-26APR10TORNYK-TORSBARNES4-10,2026-04-10,reb,9.5,4.43925,5.06075,0.029,0.037932341560956484,0.0,1.0
KXNBAREB-26APR10TORNYK-TORSBARNES4-12,2026-04-10,reb,11.5,4.43925,7.06075,0.00525,0.010576204668278577,0.0,1.0
KXNBAREB-26APR10TORNYK-TORSBARNES4-4,2026-04-10,reb,3.5,4.43925,-0.9392500000000004,0.61675,0.603080516213476,1.0,1.0
KXNBAREB-26APR10TORNYK-TORSBARNES4-6,2026-04-10,reb,5.5,4.43925,1.0607499999999996,0.292,0.3004205323569774,0.0,1.0
KXNBAREB-26APR10TORNYK-TORSBARNES4-8,2026-04-10,reb,7.5,4.43925,3.0607499999999996,0.1045,0.11733637159634513,0.0,1.0
KXNBAAST-26APR10TORNYK-NYKJBRUNSON11-10,2026-04-10,ast,9.5,4.83825,4.66175,0.02875,0.05441262624747745,0.0,1.0
KXNBAAST-26APR10TORNYK-NYKJBRUNSON11-12,2026-04-10,ast,11.5,4.83825,6.66175,0.00575,0.016615508428468262,0.0,1.0
KXNBAAST-26APR10TORNYK-NYKJBRUNSON11-4,2026-04-10,ast,3.5,4.83825,-1.3382500000000004,0.69825,0.660402103330334,0.0,1.0
KXNBAAST-26APR10TORNYK-NYKJBRUNSON11-6,2026-04-10,ast,5.5,4.83825,0.6617499999999996,0.3635,0.3584036296923341,0.0,1.0
KXNBAAST-26APR10TORNYK-NYKJBRUNSON11-8,2026-04-10,ast,7.5,4.83825,2.6617499999999996,0.12325,0.15345305667883347,0.0,1.0
KXNBAAST-26APR10TORNYK-NYKJHART3-10,2026-04-10,ast,9.5,3.1005,6.3995,0.0025,0.005501217348281129,0.0,1.0
KXNBAAST-26APR10TORNYK-NYKJHART3-2,2026-04-10,ast,1.5,3.1005,-1.6004999999999998,0.794,0.7765550253154299,1.0,1.0
KXNBAAST-26APR10TORNYK-NYKJHART3-4,2026-04-10,ast,3.5,3.1005,0.3995000000000002,0.3805,0.3714318060257833,0.0,1.0
KXNBAAST-26APR10TORNYK-NYKJHART3-6,2026-04-10,ast,5.5,3.1005,2.3995,0.10525,0.11907415974173441,0.0,1.0
KXNBAAST-26APR10TORNYK-NYKJHART3-8,2026-04-10,ast,7.5,3.1005,4.3995,0.02125,0.02850722403118522,0.0,1.0
KXNBAAST-26APR10TORNYK-TORSBARNES4-10,2026-04-10,ast,9.5,3.4205,6.0794999999999995,0.00475,0.009654244982968962,0.0,1.0
KXNBAAST-26APR10TORNYK-TORSBARNES4-2,2026-04-10,ast,1.5,3.4205,-1.9205,0.84175,0.815536772326825,1.0,1.0
KXNBAAST-26APR10TORNYK-TORSBARNES4-4,2026-04-10,ast,3.5,3.4205,0.0794999999999999,0.44725,0.4329810090863372,1.0,1.0
KXNBAAST-26APR10TORNYK-TORSBARNES4-6,2026-04-10,ast,5.5,3.4205,2.0795,0.1425,0.15777880024033708,0.0,1.0
KXNBAAST-26APR10TORNYK-TORSBARNES4-8,2026-04-10,ast,7.5,3.4205,4.0794999999999995,0.02875,0.04336750241149001,0.0,1.0
KXNBA3PT-26APR10TORNYK-NYKJBRUNSON11-1,2026-04-10,fg3m,0.5,1.56325,-1.06325,0.78675,0.75880529465637,1.0,1.0
KXNBA3PT-26APR10TORNYK-NYKJBRUNSON11-2,2026-04-10,fg3m,1.5,1.56325,-0.06325000000000003,0.454,0.44584705861445983,1.0,1.0
KXNBA3PT-26APR10TORNYK-NYKJBRUNSON11-3,2026-04-10,fg3m,2.5,1.56325,0.93675,0.2065,0.21621230837814787,0.0,1.0
KXNBA3PT-26APR10TORNYK-NYKJBRUNSON11-4,2026-04-10,fg3m,3.5,1.56325,1.93675,0.078,0.09087097074105444,0.0,1.0
KXNBA3PT-26APR10TORNYK-NYKJBRUNSON11-5,2026-04-10,fg3m,4.5,1.56325,2.93675,0.02725,0.03423347200668769,0.0,1.0
KXNBA3PT-26APR10TORNYK-NYKJHART3-1,2026-04-10,fg3m,0.5,0.99575,-0.49575,0.62575,0.6077879991104116,0.0,1.0
KXNBA3PT-26APR10TORNYK-NYKJHART3-2,2026-04-10,fg3m,1.5,0.99575,0.50425,0.2625,0.26230838314047467,0.0,1.0
KXNBA3PT-26APR10TORNYK-NYKJHART3-3,2026-04-10,fg3m,2.5,0.99575,1.5042499999999999,0.08525,0.09021800553065884,0.0,1.0
KXNBA3PT-26APR10TORNYK-NYKJHART3-4,2026-04-10,fg3m,3.5,0.99575,2.50425,0.01875,0.026450968484710402,0.0,1.0
KXNBA3PT-26APR10TORNYK-NYKJHART3-5,2026-04-10,fg3m,4.5,0.99575,3.50425,0.003,0.006890064873685486,0.0,1.0
KXNBA3PT-26APR10TORNYK-NYKKTOWNS32-1,2026-04-10,fg3m,0.5,0.8725,-0.37250000000000005,0.575,0.562263714337133,1.0,1.0
KXNBA3PT-26APR10TORNYK-NYKKTOWNS32-2,2026-04-10,fg3m,1.5,0.8725,0.6275,0.22075,0.2195142158945249,0.0,1.0
KXNBA3PT-26APR10TORNYK-NYKKTOWNS32-3,2026-04-10,fg3m,2.5,0.8725,1.6275,0.06025,0.06774848538296074,0.0,1.0
KXNBA3PT-26APR10TORNYK-NYKKTOWNS32-4,2026-04-10,fg3m,3.5,0.8725,2.6275,0.01375,0.017759295770183425,0.0,1.0
KXNBA3PT-26APR10TORNYK-NYKKTOWNS32-5,2026-04-10,fg3m,4.5,0.8725,3.6275,0.0025,0.004128177030249258,0.0,1.0
KXNBA3PT-26APR10TORNYK-NYKMBRIDGES25-1,2026-04-10,fg3m,0.5,1.0365,-0.5365,0.63175,0.6216424863692249,1.0,1.0
KXNBA3PT-26APR10TORNYK-NYKMBRIDGES25-2,2026-04-10,fg3m,1.5,1.0365,0.4635,0.275,0.27635814877585996,1.0,1.0
KXNBA3PT-26APR10TORNYK-NYKMBRIDGES25-3,2026-04-10,fg3m,2.5,1.0365,1.4635,0.096,0.0981678713323304,0.0,1.0
KXNBA3PT-26APR10TORNYK-NYKMBRIDGES25-4,2026-04-10,fg3m,3.5,1.0365,2.4635,0.026,0.029761489505187422,0.0,1.0
KXNBA3PT-26APR10TORNYK-NYKMBRIDGES25-5,2026-04-10,fg3m,4.5,1.0365,3.4635,0.0065,0.008021353271673193,0.0,1.0
KXNBA3PT-26APR10TORNYK-NYKOANUNOBY8-1,2026-04-10,fg3m,0.5,1.3534789233113256,-0.8534789233113256,0.7313357034027425,0.7123525008117786,0.0,0.49225
KXNBA3PT-26APR10TORNYK-NYKOANUNOBY8-2,2026-04-10,fg3m,1.5,1.3534789233113256,0.14652107668867442,0.3854748603351955,0.381661147994248,0.0,0.49225
KXNBA3PT-26APR10TORNYK-NYKOANUNOBY8-3,2026-04-10,fg3m,2.5,1.3534789233113256,1.1465210766886744,0.16302691721686136,0.16667143288140596,0.0,0.49225
KXNBA3PT-26APR10TORNYK-NYKOANUNOBY8-4,2026-04-10,fg3m,3.5,1.3534789233113256,2.1465210766886744,0.055865921787709494,0.06269904445964047,0.0,0.49225
KXNBA3PT-26APR10TORNYK-NYKOANUNOBY8-5,2026-04-10,fg3m,4.5,1.3534789233113256,3.1465210766886744,0.015236160487557136,0.021072402091207643,0.0,0.49225
KXNBA3PT-26APR10TORNYK-TORSBARNES4-1,2026-04-10,fg3m,0.5,0.533,-0.03300000000000003,0.4085,0.40262807869225603,0.0,1.0
KXNBA3PT-26APR10TORNYK-TORSBARNES4-2,2026-04-10,fg3m,1.5,0.533,0.967,0.10325,0.10500946883153417,0.0,1.0
KXNBA3PT-26APR10TORNYK-TORSBARNES4-3,2026-04-10,fg3m,2.5,0.533,1.967,0.0195,0.021158521874855563,0.0,1.0
KXNBA3PT-26APR10TORNYK-TORSBARNES4-4,2026-04-10,fg3m,3.5,0.533,2.967,0.0015,0.003584897058220071,0.0,1.0
KXNBA3PT-26APR10TORNYK-TORSBARNES4-5,2026-04-10,fg3m,4.5,0.533,3.967,0.00025,0.0005358245378166426,0.0,1.0
KXNBAPTS-26APR10LACPOR-LACBLOPEZ11-10,2026-04-10,pts,9.5,7.248,2.252,0.27925,0.252447159564663,1.0,1.0
KXNBAPTS-26APR10LACPOR-LACBLOPEZ11-15,2026-04-10,pts,14.5,7.248,7.252,0.06625,0.05108752327578914,1.0,1.0
KXNBAPTS-26APR10LACPOR-LACBLOPEZ11-20,2026-04-10,pts,19.5,7.248,12.251999999999999,0.00925,0.0074789768172977,1.0,1.0
KXNBAPTS-26APR10LACPOR-LACBMATHURIN9-10,2026-04-10,pts,9.5,11.27175,-1.7717500000000008,0.58075,0.575103411636398,0.0,1.0
KXNBAPTS-26APR10LACPOR-LACBMATHURIN9-15,2026-04-10,pts,14.5,11.27175,3.228249999999999,0.267,0.2518793982358756,0.0,1.0
KXNBAPTS-26APR10LACPOR-LACBMATHURIN9-20,2026-04-10,pts,19.5,11.27175,8.22825,0.08675,0.08480343288586079,0.0,1.0
KXNBAPTS-26APR10LACPOR-LACBMATHURIN9-25,2026-04-10,pts,24.5,11.27175,13.22825,0.02425,0.023728894840205683,0.0,1.0
KXNBAPTS-26APR10LACPOR-LACDGARLAND10-15,2026-04-10,pts,14.5,13.08425,1.4157499999999992,0.3775,0.36253276967552195,1.0,1.0
KXNBAPTS-26APR10LACPOR-LACDGARLAND10-20,2026-04-10,pts,19.5,13.08425,6.415749999999999,0.156,0.1522184353902707,0.0,1.0
KXNBAPTS-26APR10LACPOR-LACDGARLAND10-25,2026-04-10,pts,24.5,13.08425,11.41575,0.05,0.05377736299881797,0.0,1.0
KXNBAPTS-26APR10LACPOR-LACDGARLAND10-30,2026-04-10,pts,29.5,13.08425,16.41575,0.01325,0.01671882333788577,0.0,1.0
KXNBAPTS-26APR10LACPOR-LACDJONES5-10,2026-04-10,pts,9.5,6.5425,2.9574999999999996,0.22825,0.19263376725722337,1.0,1.0
KXNBAPTS-26APR10LACPOR-LACDJONES5-15,2026-04-10,pts,14.5,6.5425,7.9575,0.0445,0.03125431602850126,0.0,1.0
KXNBAPTS-26APR10LACPOR-LACDJONES5-20,2026-04-10,pts,19.5,6.5425,12.9575,0.00575,0.0036296040131329477,0.0,1.0
KXNBAPTS-26APR10LACPOR-LACJCOLLINS20-10,2026-04-10,pts,9.5,8.80425,0.6957500000000003,0.406,0.3871874258678052,0.0,1.0
KXNBAPTS-26APR10LACPOR-LACJCOLLINS20-15,2026-04-10,pts,14.5,8.80425,5.69575,0.1275,0.11416719195990943,0.0,1.0
KXNBAPTS-26APR10LACPOR-LACJCOLLINS20-20,2026-04-10,pts,19.5,8.80425,10.69575,0.025,0.024934534295063426,0.0,1.0
KXNBAPTS-26APR10LACPOR-LACJCOLLINS20-25,2026-04-10,pts,24.5,8.80425,15.69575,0.0035,0.00445124249733897,0.0,1.0
KXNBAPTS-26APR10LACPOR-LACKLEONARD2-25,2026-04-10,pts,24.5,16.46875,8.03125,0.131,0.14686533087345133,0.0,1.0
KXNBAPTS-26APR10LACPOR-LACKLEONARD2-30,2026-04-10,pts,29.5,16.46875,13.03125,0.0435,0.06273152644654056,0.0,1.0
KXNBAPTS-26APR10LACPOR-LACKLEONARD2-35,2026-04-10,pts,34.5,16.46875,18.03125,0.01225,0.02448530364236312,0.0,1.0
KXNBAPTS-26APR10LACPOR-LACKLEONARD2-40,2026-04-10,pts,39.5,16.46875,23.03125,0.0025,0.00889606186149372,0.0,1.0
KXNBAPTS-26APR10LACPOR-PORDAVDIJA8-20,2026-04-10,pts,19.5,13.86475,5.635249999999999,0.193,0.18561404032263618,1.0,1.0
KXNBAPTS-26APR10LACPOR-PORDAVDIJA8-25,2026-04-10,pts,24.5,13.86475,10.63525,0.0645,0.07125385198993894,1.0,1.0
KXNBAPTS-26APR10LACPOR-PORDAVDIJA8-30,2026-04-10,pts,29.5,13.86475,15.63525,0.02175,0.024138350338838266,1.0,1.0
KXNBAPTS-26APR10LACPOR-PORDAVDIJA8-35,2026-04-10,pts,34.5,13.86475,20.63525,0.005,0.007430830528643684,1.0,1.0
KXNBAPTS-26APR10LACPOR-PORDCLINGAN23-10,2026-04-10,pts,9.5,7.21325,2.2867499999999996,0.2715,0.2494423879442048,1.0,1.0
KXNBAPTS-26APR10LACPOR-PORDCLINGAN23-15,2026-04-10,pts,14.5,7.21325,7.28675,0.06875,0.04997613006066415,1.0,1.0
KXNBAPTS-26APR10LACPOR-PORDCLINGAN23-20,2026-04-10,pts,19.5,7.21325,12.28675,0.01125,0.007239523278357085,0.0,1.0
KXNBAPTS-26APR10LACPOR-PORDCLINGAN23-25,2026-04-10,pts,24.5,7.21325,17.286749999999998,0.001,0.0008483063907817057,0.0,1.0
KXNBAPTS-26APR10LACPOR-PORJHOLIDAY5-15,2026-04-10,pts,14.5,10.86175,3.6382499999999993,0.245,0.22718222392060705,0.0,1.0
KXNBAPTS-26APR10LACPOR-PORJHOLIDAY5-20,2026-04-10,pts,19.5,10.86175,8.63825,0.08075,0.07206576988106839,0.0,1.0
KXNBAPTS-26APR10LACPOR-PORJHOLIDAY5-25,2026-04-10,pts,24.5,10.86175,13.63825,0.0155,0.018945932003914034,0.0,1.0
KXNBAPTS-26APR10LACPOR-PORJHOLIDAY5-30,2026-04-10,pts,29.5,10.86175,18.63825,0.00175,0.004348426144536677,0.0,1.0
KXNBAPTS-26APR10LACPOR-PORTCAMARA33-10,2026-04-10,pts,9.5,8.88625,0.6137499999999996,0.418,0.3941032114418669,0.0,1.0
KXNBAPTS-26APR10LACPOR-PORTCAMARA33-15,2026-04-10,pts,14.5,8.88625,5.61375,0.13775,0.11814133915928315,0.0,1.0
KXNBAPTS-26APR10LACPOR-PORTCAMARA33-20,2026-04-10,pts,19.5,8.88625,10.61375,0.02925,0.02626484288574693,0.0,1.0
KXNBAPTS-26APR10LACPOR-PORTCAMARA33-25,2026-04-10,pts,24.5,8.88625,15.61375,0.0055,0.0047753420793610335,0.0,1.0
KXNBAREB-26APR10LACPOR-LACBLOPEZ11-2,2026-04-10,reb,1.5,3.63675,-2.13675,0.85025,0.8359085866312417,1.0,1.0
KXNBAREB-26APR10LACPOR-LACBLOPEZ11-4,2026-04-10,reb,3.5,3.63675,-0.13675000000000015,0.48375,0.4719427890401463,1.0,1.0
KXNBAREB-26APR10LACPOR-LACBLOPEZ11-5,2026-04-10,reb,4.5,3.63675,0.8632499999999999,0.309,0.3088417707088479,1.0,1.0
KXNBAREB-26APR10LACPOR-LACBLOPEZ11-6,2026-04-10,reb,5.5,3.63675,1.8632499999999999,0.172,0.18709678314350575,1.0,1.0
KXNBAREB-26APR10LACPOR-LACBLOPEZ11-8,2026-04-10,reb,7.5,3.63675,3.86325,0.04625,0.05673113684669773,0.0,1.0
KXNBAREB-26APR10LACPOR-LACBMATHURIN9-2,2026-04-10,reb,1.5,3.85725,-2.35725,0.87525,0.8558742371445244,0.0,1.0
KXNBAREB-26APR10LACPOR-LACBMATHURIN9-4,2026-04-10,reb,3.5,3.85725,-0.35725000000000007,0.53075,0.5105881497092946,0.0,1.0
KXNBAREB-26APR10LACPOR-LACBMATHURIN9-5,2026-04-10,reb,4.5,3.85725,0.6427499999999999,0.3535,0.34569088661062475,0.0,1.0
KXNBAREB-26APR10LACPOR-LACBMATHURIN9-6,2026-04-10,reb,5.5,3.85725,1.64275,0.20825,0.21718946291645358,0.0,1.0
KXNBAREB-26APR10LACPOR-LACBMATHURIN9-8,2026-04-10,reb,7.5,3.85725,3.64275,0.05225,0.07114418268013045,0.0,1.0
KXNBAREB-26APR10LACPOR-LACJCOLLINS20-10,2026-04-10,reb,9.5,4.32525,5.17475,0.022,0.033585855600156256,0.0,1.0
KXNBAREB-26APR10LACPOR-LACJCOLLINS20-2,2026-04-10,reb,1.5,4.32525,-2.8252499999999996,0.91625,0.8903289200709081,1.0,1.0
KXNBAREB-26APR10LACPOR-LACJCOLLINS20-4,2026-04-10,reb,3.5,4.32525,-0.8252499999999996,0.60825,0.586096771245411,0.0,1.0
KXNBAREB-26APR10LACPOR-LACJCOLLINS20-6,2026-04-10,reb,5.5,4.32525,1.1747500000000004,0.27375,0.28386903786238915,0.0,1.0
KXNBAREB-26APR10LACPOR-LACJCOLLINS20-8,2026-04-10,reb,7.5,4.32525,3.1747500000000004,0.08425,0.10742001392890033,0.0,1.0
KXNBAREB-26APR10LACPOR-LACKLEONARD2-10,2026-04-10,reb,9.5,4.40625,5.09375,0.02225,0.03664005395423653,0.0,1.0
KXNBAREB-26APR10LACPOR-LACKLEONARD2-12,2026-04-10,reb,11.5,4.40625,7.09375,0.008,0.010116035421520508,0.0,1.0
KXNBAREB-26APR10LACPOR-LACKLEONARD2-6,2026-04-10,reb,5.5,4.40625,1.09375,0.2785,0.29562375602383395,1.0,1.0
KXNBAREB-26APR10LACPOR-LACKLEONARD2-7,2026-04-10,reb,6.5,4.40625,2.09375,0.17225,0.18891901495359908,1.0,1.0
KXNBAREB-26APR10LACPOR-LACKLEONARD2-8,2026-04-10,reb,7.5,4.40625,3.09375,0.0975,0.11442538124895973,1.0,1.0
KXNBAREB-26APR10LACPOR-PORDAVDIJA8-10,2026-04-10,reb,9.5,5.05175,4.44825,0.0495,0.0670171196639624,0.0,1.0
KXNBAREB-26APR10LACPOR-PORDAVDIJA8-12,2026-04-10,reb,11.5,5.05175,6.44825,0.011,0.02204647949049554,0.0,1.0
KXNBAREB-26APR10LACPOR-PORDAVDIJA8-6,2026-04-10,reb,5.5,5.05175,0.4482499999999998,0.391,0.38911329514567006,0.0,1.0
KXNBAREB-26APR10LACPOR-PORDAVDIJA8-7,2026-04-10,reb,6.5,5.05175,1.4482499999999998,0.25925,0.26883834063050815,0.0,1.0
KXNBAREB-26APR10LACPOR-PORDAVDIJA8-8,2026-04-10,reb,7.5,5.05175,2.44825,0.15825,0.176643302816742,0.0,1.0
KXNBAREB-26APR10LACPOR-PORDCLINGAN23-10,2026-04-10,reb,9.5,7.7965,1.7035,0.2695,0.2911363064545639,1.0,1.0
KXNBAREB-26APR10LACPOR-PORDCLINGAN23-12,2026-04-10,reb,11.5,7.7965,3.7035,0.12325,0.15509128212915546,1.0,1.0
KXNBAREB-26APR10LACPOR-PORDCLINGAN23-13,2026-04-10,reb,12.5,7.7965,4.7035,0.081,0.10895956684049402,1.0,1.0
KXNBAREB-26APR10LACPOR-PORDCLINGAN23-14,2026-04-10,reb,13.5,7.7965,5.7035,0.0455,0.07483224476818873,0.0,1.0
KXNBAREB-26APR10LACPOR-PORDCLINGAN23-16,2026-04-10,reb,15.5,7.7965,7.7035,0.0125,0.033210752074513405,0.0,1.0
KXNBAREB-26APR10LACPOR-PORJHOLIDAY5-2,2026-04-10,reb,1.5,3.5795,-2.0795,0.85125,0.8302725186184923,1.0,1.0
KXNBAREB-26APR10LACPOR-PORJHOLIDAY5-4,2026-04-10,reb,3.5,3.5795,-0.0794999999999999,0.461,0.46161405024038293,0.0,1.0
KXNBAREB-26APR10LACPOR-PORJHOLIDAY5-5,2026-04-10,reb,4.5,3.5795,0.9205000000000001,0.297,0.299260735626912,0.0,1.0
KXNBAREB-26APR10LACPOR-PORJHOLIDAY5-6,2026-04-10,reb,5.5,3.5795,1.9205,0.17275,0.17948617153739466,0.0,1.0
KXNBAREB-26APR10LACPOR-PORJHOLIDAY5-8,2026-04-10,reb,7.5,3.5795,3.9205,0.04625,0.053283869349682544,0.0,1.0
KXNBAAST-26APR10LACPOR-LACBMATHURIN9-10,2026-04-10,ast,9.5,1.592,7.9079999999999995,0.0,5.9354927992361084e-05,0.0,1.0
KXNBAAST-26APR10LACPOR-LACBMATHURIN9-2,2026-04-10,ast,1.5,1.592,-0.09200000000000008,0.459,0.4592056517454344,0.0,1.0
KXNBAAST-26APR10LACPOR-LACBMATHURIN9-4,2026-04-10,ast,3.5,1.592,1.908,0.08375,0.09055539152848613,0.0,1.0
KXNBAAST-26APR10LACPOR-LACBMATHURIN9-6,2026-04-10,ast,5.5,1.592,3.908,0.01,0.010653160322803723,0.0,1.0
KXNBAAST-26APR10LACPOR-LACBMATHURIN9-8,2026-04-10,ast,7.5,1.592,5.9079999999999995,0.00025,0.0008949564646408836,0.0,1.0
KXNBAAST-26APR10LACPOR-LACDGARLAND10-10,2026-04-10,ast,9.5,4.369,5.131,0.02175,0.03415927664609708,0.0,1.0
KXNBAAST-26APR10LACPOR-LACDGARLAND10-12,2026-04-10,ast,11.5,4.369,7.131,0.0055,0.009119999893308695,0.0,1.0
KXNBAAST-26APR10LACPOR-LACDGARLAND10-6,2026-04-10,ast,5.5,4.369,1.1310000000000002,0.28825,0.2896935235645739,1.0,1.0
KXNBAAST-26APR10LACPOR-LACDGARLAND10-7,2026-04-10,ast,6.5,4.369,2.1310000000000002,0.1665,0.18329520047546133,1.0,1.0
KXNBAAST-26APR10LACPOR-LACDGARLAND10-8,2026-04-10,ast,7.5,4.369,3.1310000000000002,0.09,0.1097248178750817,0.0,1.0
KXNBAAST-26APR10LACPOR-PORDAVDIJA8-10,2026-04-10,ast,9.5,3.99725,5.50275,0.0145,0.022095671776556358,0.0,1.0
KXNBAAST-26APR10LACPOR-PORDAVDIJA8-12,2026-04-10,ast,11.5,3.99725,7.50275,0.00275,0.005224570613608703,0.0,1.0
KXNBAAST-26APR10LACPOR-PORDAVDIJA8-6,2026-04-10,ast,5.5,3.99725,1.5027499999999998,0.2175,0.2359877197562229,0.0,1.0
KXNBAAST-26APR10LACPOR-PORDAVDIJA8-7,2026-04-10,ast,6.5,3.99725,2.50275,0.12175,0.14129681802126726,0.0,1.0
KXNBAAST-26APR10LACPOR-PORDAVDIJA8-8,2026-04-10,ast,7.5,3.99725,3.50275,0.0615,0.07988303808964636,0.0,1.0
KXNBAAST-26APR10LACPOR-PORDCLINGAN23-10,2026-04-10,ast,9.5,1.3415,8.1585,0.0,1.5707415015109305e-05,0.0,1.0
KXNBAAST-26APR10LACPOR-PORDCLINGAN23-2,2026-04-10,ast,1.5,1.3415,0.15850000000000009,0.38675,0.3806296785093497,1.0,1.0
KXNBAAST-26APR10LACPOR-PORDCLINGAN23-4,2026-04-10,ast,3.5,1.3415,2.1585,0.053,0.057491836404512164,0.0,1.0
KXNBAAST-26APR10LACPOR-PORDCLINGAN23-6,2026-04-10,ast,5.5,1.3415,4.1585,0.00375,0.00508101707582298,0.0,1.0
KXNBAAST-26APR10LACPOR-PORDCLINGAN23-8,2026-04-10,ast,7.5,1.3415,6.1585,0.00025,0.0003184547916766922,0.0,1.0
KXNBAAST-26APR10LACPOR-PORJHOLIDAY5-10,2026-04-10,ast,9.5,3.7295,5.7705,0.00725,0.015439693845330837,0.0,1.0
KXNBAAST-26APR10LACPOR-PORJHOLIDAY5-2,2026-04-10,ast,1.5,3.7295,-2.2295,0.86675,0.8466347232538183,1.0,1.0
KXNBAAST-26APR10LACPOR-PORJHOLIDAY5-4,2026-04-10,ast,3.5,3.7295,-0.22949999999999982,0.50725,0.4894662928626754,1.0,1.0
KXNBAAST-26APR10LACPOR-PORJHOLIDAY5-6,2026-04-10,ast,5.5,3.7295,1.7705000000000002,0.18375,0.19862072583999235,0.0,1.0
KXNBAAST-26APR10LACPOR-PORJHOLIDAY5-8,2026-04-10,ast,7.5,3.7295,3.7705,0.0475,0.061388934310289134,0.0,1.0
KXNBA3PT-26APR10LACPOR-LACBMATHURIN9-1,2026-04-10,fg3m,0.5,0.558,-0.05800000000000005,0.42,0.41640500122705104,0.0,1.0
KXNBA3PT-26APR10LACPOR-LACBMATHURIN9-2,2026-04-10,fg3m,1.5,0.558,0.942,0.11175,0.11294156236563735,0.0,1.0
KXNBA3PT-26APR10LACPOR-LACBMATHURIN9-3,2026-04-10,fg3m,2.5,0.558,1.942,0.0215,0.023706856244406604,0.0,1.0
KXNBA3PT-26APR10LACPOR-LACBMATHURIN9-4,2026-04-10,fg3m,3.5,0.558,2.942,0.004,0.004187445121425881,0.0,1.0
KXNBA3PT-26APR10LACPOR-LACBMATHURIN9-5,2026-04-10,fg3m,4.5,0.558,3.942,0.00075,0.0006527443882620165,0.0,1.0
KXNBA3PT-26APR10LACPOR-LACDGARLAND10-1,2026-04-10,fg3m,0.5,2.129,-1.629,0.87075,0.8470828751546197,1.0,1.0
KXNBA3PT-26APR10LACPOR-LACDGARLAND10-2,2026-04-10,fg3m,1.5,2.129,-0.629,0.614,0.5925197245103433,1.0,1.0
KXNBA3PT-26APR10LACPOR-LACDGARLAND10-3,2026-04-10,fg3m,2.5,2.129,0.371,0.3575,0.3528751724881728,0.0,1.0
KXNBA3PT-26APR10LACPOR-LACDGARLAND10-4,2026-04-10,fg3m,3.5,2.129,1.371,0.17,0.18505464793696058,0.0,1.0
KXNBA3PT-26APR10LACPOR-LACDGARLAND10-5,2026-04-10,fg3m,4.5,2.129,2.371,0.0745,0.08776298804044891,0.0,1.0
KXNBA3PT-26APR10LACPOR-LACKLEONARD2-1,2026-04-10,fg3m,0.5,1.6275,-1.1275,0.79725,0.7712885999536218,1.0,1.0
KXNBA3PT-26APR10LACPOR-LACKLEONARD2-2,2026-04-10,fg3m,1.5,1.6275,-0.12749999999999995,0.4885,0.4644743594822407,0.0,1.0
KXNBA3PT-26APR10LACPOR-LACKLEONARD2-3,2026-04-10,fg3m,2.5,1.6275,0.8725,0.22425,0.2317210724294727,0.0,1.0
KXNBA3PT-26APR10LACPOR-LACKLEONARD2-4,2026-04-10,fg3m,3.5,1.6275,1.8725,0.082,0.10037362904605418,0.0,1.0
KXNBA3PT-26APR10LACPOR-LACKLEONARD2-5,2026-04-10,fg3m,4.5,1.6275,2.8725,0.02375,0.039011495766495874,0.0,1.0
KXNBA3PT-26APR10LACPOR-PORDAVDIJA8-1,2026-04-10,fg3m,0.5,1.02725,-0.52725,0.6295,0.6185468373879583,1.0,1.0
KXNBA3PT-26APR10LACPOR-PORDAVDIJA8-2,2026-04-10,fg3m,1.5,1.02725,0.47275,0.274,0.2731755975032183,0.0,1.0
KXNBA3PT-26APR10LACPOR-PORDAVDIJA8-3,2026-04-10,fg3m,2.5,1.02725,1.47275,0.094,0.09634242899150747,0.0,1.0
KXNBA3PT-26APR10LACPOR-PORDAVDIJA8-4,2026-04-10,fg3m,3.5,1.02725,2.47275,0.02375,0.02899100556710299,0.0,1.0
KXNBA3PT-26APR10LACPOR-PORDAVDIJA8-5,2026-04-10,fg3m,4.5,1.02725,3.47275,0.00475,0.007754509893342365,0.0,1.0
KXNBAPTS-26APR10GSWSAC-GSWDGREEN23-10,2026-04-10,pts,9.5,5.797,3.7030000000000003,0.1775,0.13417465844710497,0.0,1.0
KXNBAPTS-26APR10GSWSAC-GSWDGREEN23-15,2026-04-10,pts,14.5,5.797,8.703,0.03275,0.016436792408142442,0.0,1.0
KXNBAPTS-26APR10GSWSAC-GSWDGREEN23-20,2026-04-10,pts,19.5,5.797,13.703,0.005,0.0014253301365310111,0.0,1.0
KXNBAPTS-26APR10GSWSAC-GSWDGREEN23-25,2026-04-10,pts,24.5,5.797,18.703,0.00075,9.908715193018836e-05,0.0,1.0
KXNBAPTS-26APR10GSWSAC-GSWSCURRY30-20,2026-04-10,pts,19.5,15.62,3.880000000000001,0.26575,0.26616247981815166,0.0,1.0
KXNBAPTS-26APR10GSWSAC-GSWSCURRY30-25,2026-04-10,pts,24.5,15.62,8.88,0.10575,0.11963894131179909,0.0,1.0
KXNBAPTS-26APR10GSWSAC-GSWSCURRY30-30,2026-04-10,pts,29.5,15.62,13.88,0.03225,0.047761675498411926,0.0,1.0
KXNBAPTS-26APR10GSWSAC-GSWSCURRY30-35,2026-04-10,pts,34.5,15.62,18.880000000000003,0.0075,0.017391771366987774,0.0,1.0
KXNBAPTS-26APR10GSWSAC-SACPACHIUWA9-10,2026-04-10,pts,9.5,9.11925,0.3807500000000008,0.42025,0.4135600938221212,0.0,1.0
KXNBAPTS-26APR10GSWSAC-SACPACHIUWA9-15,2026-04-10,pts,14.5,9.11925,5.380750000000001,0.151,0.1297341215509018,0.0,1.0
KXNBAPTS-26APR10GSWSAC-SACPACHIUWA9-20,2026-04-10,pts,19.5,9.11925,10.38075,0.0355,0.030289194244047524,0.0,1.0
KXNBAPTS-26APR10GSWSAC-SACPACHIUWA9-25,2026-04-10,pts,24.5,9.11925,15.38075,0.00675,0.00579231510119238,0.0,1.0
KXNBAREB-26APR10GSWSAC-GSWDGREEN23-10,2026-04-10,reb,9.5,3.7205,5.7795000000000005,0.00975,0.015858978463943574,0.0,1.0
KXNBAREB-26APR10GSWSAC-GSWDGREEN23-12,2026-04-10,reb,11.5,3.7205,7.7795000000000005,0.002,0.003477995609347251,0.0,1.0
KXNBAREB-26APR10GSWSAC-GSWDGREEN23-6,2026-04-10,reb,5.5,3.7205,1.7795,0.18225,0.19838963423805067,0.0,1.0
KXNBAREB-26APR10GSWSAC-GSWDGREEN23-7,2026-04-10,reb,6.5,3.7205,2.7795,0.10075,0.11411744887505149,0.0,1.0
KXNBAREB-26APR10GSWSAC-GSWDGREEN23-8,2026-04-10,reb,7.5,3.7205,3.7795,0.0465,0.06199440232146036,0.0,1.0
KXNBAREB-26APR10GSWSAC-SACPACHIUWA9-10,2026-04-10,reb,9.5,5.85975,3.64025,0.1035,0.11960223378179158,0.0,1.0
KXNBAREB-26APR10GSWSAC-SACPACHIUWA9-12,2026-04-10,reb,11.5,5.85975,5.64025,0.0365,0.04701889112773128,0.0,1.0
KXNBAREB-26APR10GSWSAC-SACPACHIUWA9-4,2026-04-10,reb,3.5,5.85975,-2.35975,0.787,0.7697309081372674,1.0,1.0
KXNBAREB-26APR10GSWSAC-SACPACHIUWA9-6,2026-04-10,reb,5.5,5.85975,-0.35975,0.52,0.4998725621298479,1.0,1.0
KXNBAREB-26APR10GSWSAC-SACPACHIUWA9-8,2026-04-10,reb,7.5,5.85975,1.64025,0.258,0.26573493571195017,0.0,1.0
KXNBAAST-26APR10GSWSAC-GSWDGREEN23-10,2026-04-10,ast,9.5,3.45025,6.0497499999999995,0.007,0.010130116829004998,0.0,1.0
KXNBAAST-26APR10GSWSAC-GSWDGREEN23-12,2026-04-10,ast,11.5,3.45025,8.04975,0.001,0.001942934848224942,0.0,1.0
KXNBAAST-26APR10GSWSAC-GSWDGREEN23-4,2026-04-10,ast,3.5,3.45025,0.04974999999999996,0.447,0.4385595166601651,1.0,1.0
KXNBAAST-26APR10GSWSAC-GSWDGREEN23-6,2026-04-10,ast,5.5,3.45025,2.04975,0.144,0.16157906762523777,1.0,1.0
KXNBAAST-26APR10GSWSAC-GSWDGREEN23-8,2026-04-10,ast,7.5,3.45025,4.0497499999999995,0.034,0.04494518638228939,0.0,1.0
KXNBAAST-26APR10GSWSAC-GSWSCURRY30-2,2026-04-10,ast,1.5,2.9675,-1.4674999999999998,0.792,0.7580186262241195,1.0,1.0
KXNBAAST-26APR10GSWSAC-GSWSCURRY30-4,2026-04-10,ast,3.5,2.9675,0.5325000000000002,0.344,0.3452018733337505,1.0,1.0
KXNBAAST-26APR10GSWSAC-GSWSCURRY30-5,2026-04-10,ast,4.5,2.9675,1.5325000000000002,0.179,0.19815423647440422,1.0,1.0
KXNBAAST-26APR10GSWSAC-GSWSCURRY30-6,2026-04-10,ast,5.5,2.9675,2.5325,0.08225,0.10431383267645156,0.0,1.0
KXNBAAST-26APR10GSWSAC-GSWSCURRY30-8,2026-04-10,ast,7.5,2.9675,4.532500000000001,0.01225,0.02344353024439616,0.0,1.0
KXNBA3PT-26APR10GSWSAC-GSWSCURRY30-3,2026-04-10,fg3m,2.5,2.6315,-0.13149999999999995,0.48725,0.4660006451805133,0.0,1.0
KXNBA3PT-26APR10GSWSAC-GSWSCURRY30-4,2026-04-10,fg3m,3.5,2.6315,0.8685,0.27075,0.2801601773567328,0.0,1.0
KXNBA3PT-26APR10GSWSAC-GSWSCURRY30-5,2026-04-10,fg3m,4.5,2.6315,1.8685,0.12425,0.15351145117113962,0.0,1.0
KXNBA3PT-26APR10GSWSAC-GSWSCURRY30-6,2026-04-10,fg3m,5.5,2.6315,2.8685,0.05475,0.0779700215366288,0.0,1.0
KXNBA3PT-26APR10GSWSAC-GSWSCURRY30-7,2026-04-10,fg3m,6.5,2.6315,3.8685,0.0195,0.037194327830173624,0.0,1.0
KXNBAPTS-26APR10DALSAS-DALCFLAGG32-20,2026-04-10,pts,19.5,13.997,5.503,0.19025,0.19146197275124588,1.0,1.0
KXNBAPTS-26APR10DALSAS-DALCFLAGG32-25,2026-04-10,pts,24.5,13.997,10.503,0.06125,0.07447596210280838,1.0,1.0
KXNBAPTS-26APR10DALSAS-DALCFLAGG32-30,2026-04-10,pts,29.5,13.997,15.503,0.01675,0.025577618885821884,1.0,1.0
KXNBAPTS-26APR10DALSAS-DALCFLAGG32-35,2026-04-10,pts,34.5,13.997,20.503,0.003,0.00798465474902832,0.0,1.0
KXNBAPTS-26APR10DALSAS-DALMCHRISTIE00-10,2026-04-10,pts,9.5,6.951,2.5490000000000004,0.26025,0.22692227279044042,1.0,1.0
KXNBAPTS-26APR10DALSAS-DALMCHRISTIE00-15,2026-04-10,pts,14.5,6.951,7.549,0.0655,0.0420369405011074,1.0,1.0
KXNBAPTS-26APR10DALSAS-DALMCHRISTIE00-20,2026-04-10,pts,19.5,6.951,12.549,0.01375,0.005608180970651744,0.0,1.0
KXNBAPTS-26APR10DALSAS-SASDFOX4-10,2026-04-10,pts,9.5,13.12725,-3.62725,0.6965,0.6836555934947648,1.0,1.0
KXNBAPTS-26APR10DALSAS-SASDFOX4-15,2026-04-10,pts,14.5,13.12725,1.37275,0.382,0.3651271766191143,1.0,1.0
KXNBAPTS-26APR10DALSAS-SASDFOX4-20,2026-04-10,pts,19.5,13.12725,6.37275,0.15225,0.15400251091794015,0.0,1.0
KXNBAPTS-26APR10DALSAS-SASDFOX4-25,2026-04-10,pts,24.5,13.12725,11.37275,0.04175,0.054670244403049906,0.0,1.0
KXNBAPTS-26APR10DALSAS-SASDHARPER2-10,2026-04-10,pts,9.5,11.40425,-1.9042499999999993,0.5955,0.5838145998199955,1.0,1.0
KXNBAPTS-26APR10DALSAS-SASDHARPER2-15,2026-04-10,pts,14.5,11.40425,3.0957500000000007,0.271,0.25993182755307453,0.0,1.0
KXNBAPTS-26APR10DALSAS-SASDHARPER2-20,2026-04-10,pts,19.5,11.40425,8.09575,0.08525,0.08913938732627835,0.0,1.0
KXNBAPTS-26APR10DALSAS-SASDHARPER2-25,2026-04-10,pts,24.5,11.40425,13.09575,0.019,0.025428164777129947,0.0,1.0
KXNBAPTS-26APR10DALSAS-SASDVASSELL24-10,2026-04-10,pts,9.5,10.995,-1.4949999999999992,0.56875,0.5564252876065516,0.0,1.0
KXNBAPTS-26APR10DALSAS-SASDVASSELL24-15,2026-04-10,pts,14.5,10.995,3.505000000000001,0.24675,0.23516610329585919,0.0,1.0
KXNBAPTS-26APR10DALSAS-SASDVASSELL24-20,2026-04-10,pts,19.5,10.995,8.505,0.0815,0.0760906803619017,0.0,1.0
KXNBAREB-26APR10DALSAS-DALCFLAGG32-10,2026-04-10,reb,9.5,4.44975,5.05025,0.024,0.03834937429752139,0.0,1.0
KXNBAREB-26APR10DALSAS-DALCFLAGG32-12,2026-04-10,reb,11.5,4.44975,7.05025,0.004,0.010725721998932736,0.0,1.0
KXNBAREB-26APR10DALSAS-DALCFLAGG32-4,2026-04-10,reb,3.5,4.44975,-0.9497499999999999,0.63375,0.6046166400397801,1.0,1.0
KXNBAREB-26APR10DALSAS-DALCFLAGG32-6,2026-04-10,reb,5.5,4.44975,1.0502500000000001,0.292,0.30194747912111086,1.0,1.0
KXNBAREB-26APR10DALSAS-DALCFLAGG32-8,2026-04-10,reb,7.5,4.44975,3.05025,0.09325,0.11826937929764281,0.0,1.0
KXNBAREB-26APR10DALSAS-DALMCHRISTIE00-2,2026-04-10,reb,1.5,2.1175,-0.6175000000000002,0.618,0.5979658278518775,0.0,1.0
KXNBAREB-26APR10DALSAS-DALMCHRISTIE00-3,2026-04-10,reb,2.5,2.1175,0.38249999999999984,0.36225,0.35147769893721414,0.0,1.0
KXNBAREB-26APR10DALSAS-DALMCHRISTIE00-4,2026-04-10,reb,3.5,2.1175,1.3824999999999998,0.1715,0.17915724988268145,0.0,1.0
KXNBAREB-26APR10DALSAS-DALMCHRISTIE00-6,2026-04-10,reb,5.5,2.1175,3.3825,0.02625,0.0336769943035391,0.0,1.0
KXNBAREB-26APR10DALSAS-DALMCHRISTIE00-8,2026-04-10,reb,7.5,2.1175,5.3825,0.00225,0.0046261790207184905,0.0,1.0
KXNBAREB-26APR10DALSAS-SASDFOX4-10,2026-04-10,reb,9.5,2.85075,6.64925,0.00225,0.0035090501991069667,0.0,1.0
KXNBAREB-26APR10DALSAS-SASDFOX4-2,2026-04-10,reb,1.5,2.85075,-1.3507500000000001,0.7615,0.7386900269302848,0.0,1.0
KXNBAREB-26APR10DALSAS-SASDFOX4-4,2026-04-10,reb,3.5,2.85075,0.6492499999999999,0.317,0.3220482008606126,0.0,1.0
KXNBAREB-26APR10DALSAS-SASDFOX4-6,2026-04-10,reb,5.5,2.85075,2.64925,0.08175,0.0931193101018426,0.0,1.0
KXNBAREB-26APR10DALSAS-SASDFOX4-8,2026-04-10,reb,7.5,2.85075,4.64925,0.01475,0.020106303834394823,0.0,1.0
KXNBAAST-26APR10DALSAS-DALMCHRISTIE00-10,2026-04-10,ast,9.5,1.2205,8.2795,0.0,7.365409291915093e-06,0.0,1.0
KXNBAAST-26APR10DALSAS-DALMCHRISTIE00-2,2026-04-10,ast,1.5,1.2205,0.2795000000000001,0.3445,0.34031493227497744,1.0,1.0
KXNBAAST-26APR10DALSAS-DALMCHRISTIE00-4,2026-04-10,ast,3.5,1.2205,2.2795,0.03825,0.04413839712096845,0.0,1.0
KXNBAAST-26APR10DALSAS-DALMCHRISTIE00-6,2026-04-10,ast,5.5,1.2205,4.2795000000000005,0.0025,0.003318596466941881,0.0,1.0
KXNBAAST-26APR10DALSAS-DALMCHRISTIE00-8,2026-04-10,ast,7.5,1.2205,6.2795000000000005,0.0,0.0001763681171618181,0.0,1.0
KXNBAAST-26APR10DALSAS-SASDFOX4-10,2026-04-10,ast,9.5,3.98875,5.51125,0.0125,0.021859135504923355,1.0,1.0
KXNBAAST-26APR10DALSAS-SASDFOX4-2,2026-04-10,ast,1.5,3.98875,-2.48875,0.89425,0.8685518435878222,1.0,1.0
KXNBAAST-26APR10DALSAS-SASDFOX4-4,2026-04-10,ast,3.5,3.98875,-0.48875,0.5485,0.5340983372874673,1.0,1.0
KXNBAAST-26APR10DALSAS-SASDFOX4-6,2026-04-10,ast,5.5,3.98875,1.51125,0.21625,0.23478017429242803,1.0,1.0
KXNBAAST-26APR10DALSAS-SASDFOX4-8,2026-04-10,ast,7.5,3.98875,3.51125,0.06375,0.07925603238469447,1.0,1.0
KXNBA3PT-26APR10DALSAS-DALCFLAGG32-1,2026-04-10,fg3m,0.5,0.68975,-0.18974999999999997,0.4935,0.483327736627858,1.0,1.0
KXNBA3PT-26APR10DALSAS-DALCFLAGG32-2,2026-04-10,fg3m,1.5,0.68975,0.81025,0.15375,0.15648559964850084,1.0,1.0
KXNBA3PT-26APR10DALSAS-DALCFLAGG32-3,2026-04-10,fg3m,2.5,0.68975,1.81025,0.033,0.039564324230242476,1.0,1.0
KXNBA3PT-26APR10DALSAS-DALCFLAGG32-4,2026-04-10,fg3m,3.5,0.68975,2.81025,0.00825,0.00845041804756197,0.0,1.0
KXNBA3PT-26APR10DALSAS-DALCFLAGG32-5,2026-04-10,fg3m,4.5,0.68975,3.81025,0.00125,0.0015960320681550622,0.0,1.0
KXNBA3PT-26APR10DALSAS-SASDFOX4-1,2026-04-10,fg3m,0.5,1.238,-0.738,0.69925,0.682506019157351,1.0,1.0
KXNBA3PT-26APR10DALSAS-SASDFOX4-2,2026-04-10,fg3m,1.5,1.238,0.262,0.3495,0.34429831923255527,1.0,1.0
KXNBA3PT-26APR10DALSAS-SASDFOX4-3,2026-04-10,fg3m,2.5,1.238,1.262,0.12975,0.14056404579711756,0.0,1.0
KXNBA3PT-26APR10DALSAS-SASDFOX4-4,2026-04-10,fg3m,3.5,1.238,2.262,0.04475,0.04926837378947435,0.0,1.0
KXNBA3PT-26APR10DALSAS-SASDFOX4-5,2026-04-10,fg3m,4.5,1.238,3.262,0.01175,0.015400392630385729,0.0,1.0
KXNBAPTS-26APR10MEMUTA-UTAABAILEY19-20,2026-04-10,pts,19.5,11.26725,8.23275,0.0815,0.08465801887403712,1.0,1.0
KXNBAPTS-26APR10MEMUTA-UTAABAILEY19-25,2026-04-10,pts,24.5,11.26725,13.23275,0.01875,0.023672518245611562,0.0,1.0
KXNBAPTS-26APR10MEMUTA-UTAABAILEY19-30,2026-04-10,pts,29.5,11.26725,18.23275,0.0025,0.005787239082838291,0.0,1.0
KXNBAPTS-26APR10MEMUTA-UTAABAILEY19-35,2026-04-10,pts,34.5,11.26725,23.23275,0.0,0.0012787532398652601,0.0,1.0
KXNBAREB-26APR10MEMUTA-UTAABAILEY19-10,2026-04-10,reb,9.5,3.19675,6.30325,0.003,0.006900601717055421,1.0,1.0
KXNBAREB-26APR10MEMUTA-UTAABAILEY19-12,2026-04-10,reb,11.5,3.19675,8.30325,0.00025,0.0012168813338263584,0.0,1.0
KXNBAREB-26APR10MEMUTA-UTAABAILEY19-6,2026-04-10,reb,5.5,3.19675,2.30325,0.114,0.1313747784998922,1.0,1.0
KXNBAREB-26APR10MEMUTA-UTAABAILEY19-7,2026-04-10,reb,6.5,3.19675,3.30325,0.049,0.06825972356712706,1.0,1.0
KXNBAREB-26APR10MEMUTA-UTAABAILEY19-8,2026-04-10,reb,7.5,3.19675,4.30325,0.01975,0.033407036250461486,1.0,1.0
KXNBAAST-26APR10MEMUTA-UTAABAILEY19-10,2026-04-10,ast,9.5,1.18625,8.31375,0.0,5.84586096707973e-06,0.0,1.0
KXNBAAST-26APR10MEMUTA-UTAABAILEY19-2,2026-04-10,ast,1.5,1.18625,0.31375,0.333,0.32866994198732113,1.0,1.0
KXNBAAST-26APR10MEMUTA-UTAABAILEY19-4,2026-04-10,ast,3.5,1.18625,2.3137499999999998,0.03625,0.04069008761839532,0.0,1.0
KXNBAAST-26APR10MEMUTA-UTAABAILEY19-6,2026-04-10,ast,5.5,1.18625,4.31375,0.00075,0.0029125965558832734,0.0,1.0
KXNBAAST-26APR10MEMUTA-UTAABAILEY19-8,2026-04-10,ast,7.5,1.18625,6.31375,0.0,0.00014723117853976397,0.0,1.0
KXNBAPTS-26APR10MIAWAS-MIAAWIGGINS22-10,2026-04-10,pts,9.5,10.30875,-0.8087499999999999,0.5185,0.5073274434067462,1.0,1.0
KXNBAPTS-26APR10MIAWAS-MIAAWIGGINS22-15,2026-04-10,pts,14.5,10.30875,4.19125,0.21325,0.19464683616965817,0.0,1.0
KXNBAPTS-26APR10MIAWAS-MIAAWIGGINS22-20,2026-04-10,pts,19.5,10.30875,9.19125,0.06625,0.05658940992263184,0.0,1.0
KXNBAPTS-26APR10MIAWAS-MIAAWIGGINS22-25,2026-04-10,pts,24.5,10.30875,14.19125,0.01625,0.013583977306225403,0.0,1.0
KXNBAPTS-26APR10MIAWAS-MIABADEBAYO13-15,2026-04-10,pts,14.5,15.17375,-0.6737500000000001,0.4925,0.48301871833513943,1.0,1.0
KXNBAPTS-26APR10MIAWAS-MIABADEBAYO13-20,2026-04-10,pts,19.5,15.17375,4.32625,0.24475,0.24522203196968873,1.0,1.0
KXNBAPTS-26APR10MIAWAS-MIABADEBAYO13-25,2026-04-10,pts,24.5,15.17375,9.32625,0.094,0.10624712259282121,0.0,1.0
KXNBAPTS-26APR10MIAWAS-MIABADEBAYO13-30,2026-04-10,pts,29.5,15.17375,14.32625,0.028,0.040817645184313855,0.0,1.0
KXNBAPTS-26APR10MIAWAS-MIABADEBAYO13-35,2026-04-10,pts,34.5,15.17375,19.32625,0.006,0.014289589162052252,0.0,1.0
KXNBAREB-26APR10MIAWAS-MIAAWIGGINS22-10,2026-04-10,reb,9.5,3.60575,5.8942499999999995,0.01125,0.013437466647191032,0.0,1.0
KXNBAREB-26APR10MIAWAS-MIAAWIGGINS22-2,2026-04-10,reb,1.5,3.60575,-2.10575,0.8515,0.8328810429075642,1.0,1.0
KXNBAREB-26APR10MIAWAS-MIAAWIGGINS22-4,2026-04-10,reb,3.5,3.60575,-0.10575000000000001,0.474,0.46636438201946406,0.0,1.0
KXNBAREB-26APR10MIAWAS-MIAAWIGGINS22-6,2026-04-10,reb,5.5,3.60575,1.89425,0.1775,0.1829642432448072,0.0,1.0
KXNBAREB-26APR10MIAWAS-MIAAWIGGINS22-8,2026-04-10,reb,7.5,3.60575,3.89425,0.044,0.054849252365596346,0.0,1.0
KXNBAREB-26APR10MIAWAS-MIABADEBAYO13-10,2026-04-10,reb,9.5,7.83225,1.6677499999999998,0.2785,0.29461250987554033,1.0,1.0
KXNBAREB-26APR10MIAWAS-MIABADEBAYO13-12,2026-04-10,reb,11.5,7.83225,3.66775,0.116,0.15763766951238445,0.0,1.0
KXNBAREB-26APR10MIAWAS-MIABADEBAYO13-14,2026-04-10,reb,13.5,7.83225,5.66775,0.04275,0.07641404429525323,0.0,1.0
KXNBAREB-26APR10MIAWAS-MIABADEBAYO13-16,2026-04-10,reb,15.5,7.83225,7.66775,0.0115,0.034075017164107546,0.0,1.0
KXNBAREB-26APR10MIAWAS-MIABADEBAYO13-8,2026-04-10,reb,7.5,7.83225,-0.33225000000000016,0.52225,0.49001340958971285,1.0,1.0
KXNBAAST-26APR10MIAWAS-MIABADEBAYO13-10,2026-04-10,ast,9.5,2.40025,7.09975,0.00025,0.0011084282073781093,0.0,1.0
KXNBAAST-26APR10MIAWAS-MIABADEBAYO13-2,2026-04-10,ast,1.5,2.40025,-0.9002500000000002,0.67575,0.660611177855167,1.0,1.0
KXNBAAST-26APR10MIAWAS-MIABADEBAYO13-4,2026-04-10,ast,3.5,2.40025,1.0997499999999998,0.23425,0.23250807585889754,1.0,1.0
KXNBAAST-26APR10MIAWAS-MIABADEBAYO13-6,2026-04-10,ast,5.5,2.40025,3.09975,0.04275,0.05198818433596131,1.0,1.0
KXNBAAST-26APR10MIAWAS-MIABADEBAYO13-8,2026-04-10,ast,7.5,2.40025,5.09975,0.004,0.008497656891990779,1.0,1.0
KXNBAAST-26APR10MIAWAS-WASBCARRINGTON7-10,2026-04-10,ast,9.5,3.0915,6.4085,0.00325,0.005407917436495713,0.0,1.0
KXNBAAST-26APR10MIAWAS-WASBCARRINGTON7-2,2026-04-10,ast,1.5,3.0915,-1.5915,0.79775,0.7753465132922667,1.0,1.0
KXNBAAST-26APR10MIAWAS-WASBCARRINGTON7-4,2026-04-10,ast,3.5,3.0915,0.4085000000000001,0.3675,0.36966628500935783,1.0,1.0
KXNBAAST-26APR10MIAWAS-WASBCARRINGTON7-6,2026-04-10,ast,5.5,3.0915,2.4085,0.1085,0.11804885420476008,0.0,1.0
KXNBAAST-26APR10MIAWAS-WASBCARRINGTON7-8,2026-04-10,ast,7.5,3.0915,4.4085,0.02225,0.028144364991360304,0.0,1.0
KXNBAPTS-26APR09INDBKN-INDJWALKER5-10,2026-04-09,pts,9.5,8.479,1.0210000000000008,0.38375,0.35945437776905564,1.0,1.0
KXNBAPTS-26APR09INDBKN-INDJWALKER5-15,2026-04-09,pts,14.5,8.479,6.021000000000001,0.1355,0.09898351079381607,0.0,1.0
KXNBAPTS-26APR09INDBKN-INDJWALKER5-20,2026-04-09,pts,19.5,8.479,11.021,0.03725,0.020089762094632757,0.0,1.0
KXNBAPTS-26APR09INDBKN-INDJWALKER5-25,2026-04-09,pts,24.5,8.479,16.021,0.009,0.0033256069722764625,0.0,1.0
KXNBAPTS-26APR09INDBKN-INDJWALKER5-30,2026-04-09,pts,29.5,8.479,21.021,0.0005,0.00047668402329903437,0.0,1.0
KXNBAREB-26APR09INDBKN-INDJWALKER5-10,2026-04-09,reb,9.5,3.92525,5.57475,0.022,0.020894438885437405,0.0,1.0
KXNBAREB-26APR09INDBKN-INDJWALKER5-2,2026-04-09,reb,1.5,3.92525,-2.42525,0.85025,0.8615103748321744,1.0,1.0
KXNBAREB-26APR09INDBKN-INDJWALKER5-4,2026-04-09,reb,3.5,3.92525,-0.42525000000000013,0.52175,0.5221236061350368,1.0,1.0
KXNBAREB-26APR09INDBKN-INDJWALKER5-6,2026-04-09,reb,5.5,3.92525,1.5747499999999999,0.23775,0.2266822216651575,1.0,1.0
KXNBAREB-26APR09INDBKN-INDJWALKER5-8,2026-04-09,reb,7.5,3.92525,3.57475,0.07925,0.07594634176050641,1.0,1.0
KXNBAPTS-26APR09LALGSW-GSWDGREEN23-10,2026-04-09,pts,9.5,6.10775,3.3922499999999998,0.1945,0.15773714007260808,0.0,1.0
KXNBAPTS-26APR09LALGSW-GSWDGREEN23-15,2026-04-09,pts,14.5,6.10775,8.39225,0.0405,0.021872249392280718,0.0,1.0
KXNBAPTS-26APR09LALGSW-GSWDGREEN23-20,2026-04-09,pts,19.5,6.10775,13.39225,0.00525,0.0021567805026776465,0.0,1.0
KXNBAPTS-26APR09LALGSW-GSWDGREEN23-25,2026-04-09,pts,24.5,6.10775,18.39225,0.00025,0.0001708296021026845,0.0,1.0
KXNBAPTS-26APR09LALGSW-LALDAYTON5-10,2026-04-09,pts,9.5,7.18,2.3200000000000003,0.26275,0.24657123371025402,1.0,1.0
KXNBAPTS-26APR09LALGSW-LALDAYTON5-15,2026-04-09,pts,14.5,7.18,7.32,0.063,0.04892567508283796,1.0,1.0
KXNBAPTS-26APR09LALGSW-LALDAYTON5-20,2026-04-09,pts,19.5,7.18,12.32,0.01025,0.0070156535907496265,1.0,1.0
KXNBAPTS-26APR09LALGSW-LALLJAMES23-15,2026-04-09,pts,14.5,14.09325,0.4067500000000006,0.4385,0.42232398417230765,1.0,1.0
KXNBAPTS-26APR09LALGSW-LALLJAMES23-20,2026-04-09,pts,19.5,14.09325,5.406750000000001,0.18825,0.1957476794303903,1.0,1.0
KXNBAPTS-26APR09LALGSW-LALLJAMES23-25,2026-04-09,pts,24.5,14.09325,10.40675,0.05775,0.07686714188352528,1.0,1.0
KXNBAPTS-26APR09LALGSW-LALLJAMES23-30,2026-04-09,pts,29.5,14.09325,15.40675,0.016,0.026659206441016825,0.0,1.0
KXNBAPTS-26APR09LALGSW-LALLJAMES23-35,2026-04-09,pts,34.5,14.09325,20.406750000000002,0.005,0.008406095016434412,0.0,1.0
KXNBAREB-26APR09LALGSW-GSWDGREEN23-10,2026-04-09,reb,9.5,4.135,5.365,0.01675,0.02706178134416981,0.0,1.0
KXNBAREB-26APR09LALGSW-GSWDGREEN23-2,2026-04-09,reb,1.5,4.135,-2.635,0.89775,0.8774950268199122,1.0,1.0
KXNBAREB-26APR09LALGSW-GSWDGREEN23-4,2026-04-09,reb,3.5,4.135,-0.6349999999999998,0.58025,0.5565111554344158,1.0,1.0
KXNBAREB-26APR09LALGSW-GSWDGREEN23-6,2026-04-09,reb,5.5,4.135,1.3650000000000002,0.2455,0.2564387424744943,0.0,1.0
KXNBAREB-26APR09LALGSW-GSWDGREEN23-8,2026-04-09,reb,7.5,4.135,3.365,0.07325,0.09178169851655593,0.0,1.0
KXNBAREB-26APR09LALGSW-LALDAYTON5-10,2026-04-09,reb,9.5,4.82175,4.67825,0.04425,0.054960666350550746,0.0,1.0
KXNBAREB-26APR09LALGSW-LALDAYTON5-12,2026-04-09,reb,11.5,4.82175,6.67825,0.015,0.01705160370129344,0.0,1.0
KXNBAREB-26APR09LALGSW-LALDAYTON5-4,2026-04-09,reb,3.5,4.82175,-1.3217499999999998,0.67,0.655986218758883,1.0,1.0
KXNBAREB-26APR09LALGSW-LALDAYTON5-6,2026-04-09,reb,5.5,4.82175,0.6782500000000002,0.3495,0.35602057854108826,0.0,1.0
KXNBAREB-26APR09LALGSW-LALDAYTON5-8,2026-04-09,reb,7.5,4.82175,2.6782500000000002,0.1435,0.15329297068785708,0.0,1.0
KXNBAREB-26APR09LALGSW-LALLJAMES23-10,2026-04-09,reb,9.5,4.78325,4.71675,0.03425,0.05307538134387235,0.0,1.0
KXNBAREB-26APR09LALGSW-LALLJAMES23-12,2026-04-09,reb,11.5,4.78325,6.71675,0.00875,0.01629959617637433,0.0,1.0
KXNBAREB-26APR09LALGSW-LALLJAMES23-4,2026-04-09,reb,3.5,4.78325,-1.2832499999999998,0.67975,0.650943262617056,1.0,1.0
KXNBAREB-26APR09LALGSW-LALLJAMES23-6,2026-04-09,reb,5.5,4.78325,0.7167500000000002,0.346,0.3504436520669765,1.0,1.0
KXNBAREB-26APR09LALGSW-LALLJAMES23-8,2026-04-09,reb,7.5,4.78325,2.71675,0.1275,0.1495018097751195,1.0,1.0
KXNBAAST-26APR09LALGSW-GSWDGREEN23-10,2026-04-09,ast,9.5,3.5295,5.9704999999999995,0.00625,0.01147917133975107,0.0,1.0
KXNBAAST-26APR09LALGSW-GSWDGREEN23-12,2026-04-09,ast,11.5,3.5295,7.9704999999999995,0.001,0.0022754271233167422,0.0,1.0
KXNBAAST-26APR09LALGSW-GSWDGREEN23-6,2026-04-09,ast,5.5,3.5295,1.9705,0.16,0.17184942598012276,1.0,1.0
KXNBAAST-26APR09LALGSW-GSWDGREEN23-7,2026-04-09,ast,6.5,3.5295,2.9705,0.08375,0.09485116835622076,0.0,1.0
KXNBAAST-26APR09LALGSW-GSWDGREEN23-8,2026-04-09,ast,7.5,3.5295,3.9705,0.0375,0.049311926305477094,0.0,1.0
KXNBAAST-26APR09LALGSW-LALLJAMES23-10,2026-04-09,ast,9.5,4.8475,4.6525,0.03275,0.05486952290414582,1.0,1.0
KXNBAAST-26APR09LALGSW-LALLJAMES23-12,2026-04-09,ast,11.5,4.8475,6.6525,0.0065,0.016796316350869644,0.0,1.0
KXNBAAST-26APR09LALGSW-LALLJAMES23-14,2026-04-09,ast,13.5,4.8475,8.6525,0.001,0.004560118376213285,0.0,1.0
KXNBAAST-26APR09LALGSW-LALLJAMES23-6,2026-04-09,ast,5.5,4.8475,0.6524999999999999,0.355,0.35975244478950086,1.0,1.0
KXNBAAST-26APR09LALGSW-LALLJAMES23-8,2026-04-09,ast,7.5,4.8475,2.6525,0.12875,0.15437404923817222,1.0,1.0
KXNBA3PT-26APR09LALGSW-LALLJAMES23-1,2026-04-09,fg3m,0.5,0.9235,-0.4235,0.59525,0.5817896411264352,1.0,1.0
KXNBA3PT-26APR09LALGSW-LALLJAMES23-2,2026-04-09,fg3m,1.5,0.9235,0.5765,0.23925,0.23725380353477965,1.0,1.0
KXNBA3PT-26APR09LALGSW-LALLJAMES23-3,2026-04-09,fg3m,2.5,0.9235,1.5765,0.072,0.076742127867505,1.0,1.0
KXNBA3PT-26APR09LALGSW-LALLJAMES23-4,2026-04-09,fg3m,3.5,0.9235,2.5765000000000002,0.014,0.0211152935175285,0.0,1.0
KXNBA3PT-26APR09LALGSW-LALLJAMES23-5,2026-04-09,fg3m,4.5,0.9235,3.5765000000000002,0.00175,0.00515594762899696,0.0,1.0
KXNBAPTS-26APR09PHIHOU-HOUASENGUN28-15,2026-04-09,pts,14.5,14.89825,-0.3982500000000009,0.48375,0.46792828326905933,0.0,1.0
KXNBAPTS-26APR09PHIHOU-HOUASENGUN28-20,2026-04-09,pts,19.5,14.89825,4.601749999999999,0.2175,0.23241072986494749,0.0,1.0
KXNBAPTS-26APR09PHIHOU-HOUASENGUN28-25,2026-04-09,pts,24.5,14.89825,9.60175,0.07675,0.09833095210557963,0.0,1.0
KXNBAPTS-26APR09PHIHOU-HOUASENGUN28-30,2026-04-09,pts,29.5,14.89825,14.60175,0.02075,0.03685195638800565,0.0,1.0
KXNBAPTS-26APR09PHIHOU-HOUATHOMPSON1-15,2026-04-09,pts,14.5,13.58375,0.9162499999999998,0.40775,0.39244001532788986,1.0,1.0
KXNBAPTS-26APR09PHIHOU-HOUATHOMPSON1-20,2026-04-09,pts,19.5,13.58375,5.91625,0.15875,0.17335795693584566,0.0,1.0
KXNBAPTS-26APR09PHIHOU-HOUATHOMPSON1-25,2026-04-09,pts,24.5,13.58375,10.91625,0.046,0.06465529843943973,0.0,1.0
KXNBAPTS-26APR09PHIHOU-HOUATHOMPSON1-30,2026-04-09,pts,29.5,13.58375,15.91625,0.01225,0.021258046759138893,0.0,1.0
KXNBAPTS-26APR09PHIHOU-HOUJSMITH10-10,2026-04-09,pts,9.5,12.31575,-2.8157499999999995,0.655,0.6396950664843886,1.0,1.0
KXNBAPTS-26APR09PHIHOU-HOUJSMITH10-15,2026-04-09,pts,14.5,12.31575,2.1842500000000005,0.33375,0.31573058533302367,1.0,1.0
KXNBAPTS-26APR09PHIHOU-HOUJSMITH10-20,2026-04-09,pts,19.5,12.31575,7.1842500000000005,0.12,0.12164163358658842,0.0,1.0
KXNBAPTS-26APR09PHIHOU-HOUJSMITH10-25,2026-04-09,pts,24.5,12.31575,12.18425,0.03175,0.039226812044642734,0.0,1.0
KXNBAPTS-26APR09PHIHOU-HOUKDURANT7-20,2026-04-09,pts,19.5,18.6895,0.8105000000000011,0.426,0.40988299202447975,1.0,1.0
KXNBAPTS-26APR09PHIHOU-HOUKDURANT7-25,2026-04-09,pts,24.5,18.6895,5.810500000000001,0.206,0.22620646531566924,1.0,1.0
KXNBAPTS-26APR09PHIHOU-HOUKDURANT7-30,2026-04-09,pts,29.5,18.6895,10.810500000000001,0.07825,0.11212266030746076,0.0,1.0
KXNBAPTS-26APR09PHIHOU-HOUKDURANT7-35,2026-04-09,pts,34.5,18.6895,15.810500000000001,0.02725,0.05103111531821247,0.0,1.0
KXNBAPTS-26APR09PHIHOU-HOURSHEPPARD15-10,2026-04-09,pts,9.5,11.5895,-2.0894999999999992,0.607,0.5957423831191104,0.0,1.0
KXNBAPTS-26APR09PHIHOU-HOURSHEPPARD15-15,2026-04-09,pts,14.5,11.5895,2.9105000000000008,0.2785,0.27123093039415913,0.0,1.0
KXNBAPTS-26APR09PHIHOU-HOURSHEPPARD15-20,2026-04-09,pts,19.5,11.5895,7.910500000000001,0.09925,0.09537457985176234,0.0,1.0
KXNBAPTS-26APR09PHIHOU-HOUTEASON17-10,2026-04-09,pts,9.5,8.522,0.9779999999999998,0.3775,0.36314575880696665,1.0,1.0
KXNBAPTS-26APR09PHIHOU-HOUTEASON17-15,2026-04-09,pts,14.5,8.522,5.978,0.11925,0.10093588670359521,1.0,1.0
KXNBAPTS-26APR09PHIHOU-HOUTEASON17-20,2026-04-09,pts,19.5,8.522,10.978,0.033,0.020691261101776326,0.0,1.0
KXNBAPTS-26APR09PHIHOU-HOUTEASON17-25,2026-04-09,pts,24.5,8.522,15.978,0.007,0.0034604768342837433,0.0,1.0
KXNBAPTS-26APR09PHIHOU-PHIKOUBRE9-10,2026-04-09,pts,9.5,8.9295,0.5704999999999991,0.41225,0.39773709054890916,1.0,1.0
KXNBAPTS-26APR09PHIHOU-PHIKOUBRE9-15,2026-04-09,pts,14.5,8.9295,5.570499999999999,0.14025,0.12026009543970961,1.0,1.0
KXNBAPTS-26APR09PHIHOU-PHIKOUBRE9-20,2026-04-09,pts,19.5,8.9295,10.5705,0.0325,0.02698443751767432,0.0,1.0
KXNBAPTS-26APR09PHIHOU-PHIPGEORGE8-10,2026-04-09,pts,9.5,11.4695,-1.9695,0.594,0.5880493219975701,0.0,1.0
KXNBAPTS-26APR09PHIHOU-PHIPGEORGE8-15,2026-04-09,pts,14.5,11.4695,3.0305,0.28175,0.2639068382386538,0.0,1.0
KXNBAPTS-26APR09PHIHOU-PHIPGEORGE8-20,2026-04-09,pts,19.5,11.4695,8.0305,0.0925,0.0913128296001412,0.0,1.0
KXNBAPTS-26APR09PHIHOU-PHIPGEORGE8-25,2026-04-09,pts,24.5,11.4695,13.0305,0.025,0.026293064911077635,0.0,1.0
KXNBAPTS-26APR09PHIHOU-PHITMAXEY0-15,2026-04-09,pts,14.5,16.05825,-1.558250000000001,0.55875,0.5294939465654835,1.0,1.0
KXNBAPTS-26APR09PHIHOU-PHITMAXEY0-20,2026-04-09,pts,19.5,16.05825,3.441749999999999,0.28875,0.2868725894827031,1.0,1.0
KXNBAPTS-26APR09PHIHOU-PHITMAXEY0-25,2026-04-09,pts,24.5,16.05825,8.441749999999999,0.11625,0.13342775627508507,0.0,1.0
KXNBAPTS-26APR09PHIHOU-PHITMAXEY0-30,2026-04-09,pts,29.5,16.05825,13.441749999999999,0.03375,0.05520525971457768,0.0,1.0
KXNBAPTS-26APR09PHIHOU-PHITMAXEY0-35,2026-04-09,pts,34.5,16.05825,18.44175,0.00775,0.02085365999579769,0.0,1.0
KXNBAPTS-26APR09PHIHOU-PHIVEDGECOMBE77-10,2026-04-09,pts,9.5,10.36425,-0.8642500000000002,0.522,0.5114426544725642,1.0,1.0
KXNBAPTS-26APR09PHIHOU-PHIVEDGECOMBE77-15,2026-04-09,pts,14.5,10.36425,4.13575,0.20875,0.1978607622475086,1.0,1.0
KXNBAPTS-26APR09PHIHOU-PHIVEDGECOMBE77-20,2026-04-09,pts,19.5,10.36425,9.13575,0.05825,0.0580515066725763,1.0,1.0
KXNBAPTS-26APR09PHIHOU-PHIVEDGECOMBE77-25,2026-04-09,pts,24.5,10.36425,14.13575,0.01275,0.014068065412002673,0.0,1.0
KXNBAREB-26APR09PHIHOU-HOUASENGUN28-10,2026-04-09,reb,9.5,6.50225,2.99775,0.14375,0.17114429552687116,1.0,1.0
KXNBAREB-26APR09PHIHOU-HOUASENGUN28-12,2026-04-09,reb,11.5,6.50225,4.99775,0.0465,0.07562686693866183,1.0,1.0
KXNBAREB-26APR09PHIHOU-HOUASENGUN28-6,2026-04-09,reb,5.5,6.50225,-1.00225,0.616,0.5789446359450698,1.0,1.0
KXNBAREB-26APR09PHIHOU-HOUASENGUN28-8,2026-04-09,reb,7.5,6.50225,0.9977499999999999,0.341,0.3403244020702595,1.0,1.0
KXNBAREB-26APR09PHIHOU-HOUASENGUN28-9,2026-04-09,reb,8.5,6.50225,1.99775,0.23625,0.2456645809343223,1.0,1.0
KXNBAREB-26APR09PHIHOU-HOUATHOMPSON1-10,2026-04-09,reb,9.5,6.1145,3.3855000000000004,0.10625,0.13914468090681265,0.0,1.0
KXNBAREB-26APR09PHIHOU-HOUATHOMPSON1-12,2026-04-09,reb,11.5,6.1145,5.3855,0.032,0.05742874929666797,0.0,1.0
KXNBAREB-26APR09PHIHOU-HOUATHOMPSON1-6,2026-04-09,reb,5.5,6.1145,-0.6144999999999996,0.55975,0.5323106121984573,0.0,1.0
KXNBAREB-26APR09PHIHOU-HOUATHOMPSON1-8,2026-04-09,reb,7.5,6.1145,1.3855000000000004,0.27675,0.2951692008130824,0.0,1.0
KXNBAREB-26APR09PHIHOU-HOUATHOMPSON1-9,2026-04-09,reb,8.5,6.1145,2.3855000000000004,0.182,0.20641237743702578,0.0,1.0
KXNBAREB-26APR09PHIHOU-HOUJSMITH10-10,2026-04-09,reb,9.5,5.51375,3.98625,0.071,0.09522565434976371,0.0,1.0
KXNBAREB-26APR09PHIHOU-HOUJSMITH10-12,2026-04-09,reb,11.5,5.51375,5.98625,0.01575,0.03485222207406735,0.0,1.0
KXNBAREB-26APR09PHIHOU-HOUJSMITH10-6,2026-04-09,reb,5.5,5.51375,-0.013749999999999929,0.4665,0.45374797012947443,0.0,1.0
KXNBAREB-26APR09PHIHOU-HOUJSMITH10-7,2026-04-09,reb,6.5,5.51375,0.9862500000000001,0.3255,0.3283604344415084,0.0,1.0
KXNBAREB-26APR09PHIHOU-HOUJSMITH10-8,2026-04-09,reb,7.5,5.51375,1.98625,0.21125,0.22653994323598048,0.0,1.0
KXNBAREB-26APR09PHIHOU-HOUKDURANT7-10,2026-04-09,reb,9.5,4.3985,5.1015,0.0225,0.0363406007898347,0.0,1.0
KXNBAREB-26APR09PHIHOU-HOUKDURANT7-2,2026-04-09,reb,1.5,4.3985,-2.8985000000000003,0.91925,0.8948871336670008,1.0,1.0
KXNBAREB-26APR09PHIHOU-HOUKDURANT7-4,2026-04-09,reb,3.5,4.3985,-0.8985000000000003,0.625,0.5970738782692095,1.0,1.0
KXNBAREB-26APR09PHIHOU-HOUKDURANT7-6,2026-04-09,reb,5.5,4.3985,1.1014999999999997,0.28725,0.29449779450386204,1.0,1.0
KXNBAREB-26APR09PHIHOU-HOUKDURANT7-8,2026-04-09,reb,7.5,4.3985,3.1014999999999997,0.09325,0.11374646762971508,0.0,1.0
KXNBAREB-26APR09PHIHOU-HOUTEASON17-10,2026-04-09,reb,9.5,5.044,4.456,0.0565,0.06658889049916628,0.0,1.0
KXNBAREB-26APR09PHIHOU-HOUTEASON17-12,2026-04-09,reb,11.5,5.044,6.456,0.01225,0.021863792145706995,0.0,1.0
KXNBAREB-26APR09PHIHOU-HOUTEASON17-6,2026-04-09,reb,5.5,5.044,0.4560000000000004,0.39075,0.388005887284136,1.0,1.0
KXNBAREB-26APR09PHIHOU-HOUTEASON17-7,2026-04-09,reb,6.5,5.044,1.4560000000000004,0.2665,0.2678485034453061,1.0,1.0
KXNBAREB-26APR09PHIHOU-HOUTEASON17-8,2026-04-09,reb,7.5,5.044,2.4560000000000004,0.16525,0.17583814641870943,1.0,1.0
KXNBAREB-26APR09PHIHOU-PHIKOUBRE9-2,2026-04-09,reb,1.5,3.17725,-1.67725,0.80125,0.784668390004061,1.0,1.0
KXNBAREB-26APR09PHIHOU-PHIKOUBRE9-4,2026-04-09,reb,3.5,3.17725,0.3227500000000001,0.39375,0.3860953956214659,1.0,1.0
KXNBAREB-26APR09PHIHOU-PHIKOUBRE9-5,2026-04-09,reb,4.5,3.17725,1.32275,0.2245,0.23260515123190317,0.0,1.0
KXNBAREB-26APR09PHIHOU-PHIKOUBRE9-6,2026-04-09,reb,5.5,3.17725,2.32275,0.11625,0.1290728214212904,0.0,1.0
KXNBAREB-26APR09PHIHOU-PHIKOUBRE9-8,2026-04-09,reb,7.5,3.17725,4.32275,0.02525,0.03254159156229153,0.0,1.0
KXNBAREB-26APR09PHIHOU-PHIPGEORGE8-10,2026-04-09,reb,9.5,3.36375,6.13625,0.00425,0.009199569440925481,0.0,1.0
KXNBAREB-26APR09PHIHOU-PHIPGEORGE8-2,2026-04-09,reb,1.5,3.36375,-1.86375,0.837,0.8071883586983185,1.0,1.0
KXNBAREB-26APR09PHIHOU-PHIPGEORGE8-4,2026-04-09,reb,3.5,3.36375,0.13624999999999998,0.423,0.4216996643608114,1.0,1.0
KXNBAREB-26APR09PHIHOU-PHIPGEORGE8-6,2026-04-09,reb,5.5,3.36375,2.13625,0.13625,0.15171862351999588,0.0,1.0
KXNBAREB-26APR09PHIHOU-PHIPGEORGE8-8,2026-04-09,reb,7.5,3.36375,4.13625,0.02675,0.041401035318622825,0.0,1.0
KXNBAREB-26APR09PHIHOU-PHIVEDGECOMBE77-10,2026-04-09,reb,9.5,3.5115,5.9885,0.00675,0.011651624068189426,0.0,1.0
KXNBAREB-26APR09PHIHOU-PHIVEDGECOMBE77-2,2026-04-09,reb,1.5,3.5115,-2.0115,0.848,0.8233190786729223,1.0,1.0
KXNBAREB-26APR09PHIHOU-PHIVEDGECOMBE77-4,2026-04-09,reb,3.5,3.5115,-0.011499999999999844,0.457,0.4491975961309602,1.0,1.0
KXNBAREB-26APR09PHIHOU-PHIVEDGECOMBE77-6,2026-04-09,reb,5.5,3.5115,1.9885000000000002,0.15375,0.17057148453160242,1.0,1.0
KXNBAREB-26APR09PHIHOU-PHIVEDGECOMBE77-8,2026-04-09,reb,7.5,3.5115,3.9885,0.03875,0.04934920935669529,0.0,1.0
KXNBAAST-26APR09PHIHOU-HOUASENGUN28-10,2026-04-09,ast,9.5,4.5,5.0,0.0235,0.03923841487051438,0.0,1.0
KXNBAAST-26APR09PHIHOU-HOUASENGUN28-2,2026-04-09,ast,1.5,4.5,-3.0,0.92875,0.9027681023136149,1.0,1.0
KXNBAAST-26APR09PHIHOU-HOUASENGUN28-4,2026-04-09,ast,3.5,4.5,-1.0,0.647,0.6138570362580928,1.0,1.0
KXNBAAST-26APR09PHIHOU-HOUASENGUN28-6,2026-04-09,ast,5.5,4.5,1.0,0.304,0.3088707473888763,0.0,1.0
KXNBAAST-26APR09PHIHOU-HOUASENGUN28-8,2026-04-09,ast,7.5,4.5,3.0,0.095,0.12130265074513569,0.0,1.0
KXNBAAST-26APR09PHIHOU-HOUATHOMPSON1-10,2026-04-09,ast,9.5,4.09425,5.40575,0.01,0.024916660858863904,0.0,1.0
KXNBAAST-26APR09PHIHOU-HOUATHOMPSON1-2,2026-04-09,ast,1.5,4.09425,-2.5942499999999997,0.90525,0.8765189122088859,1.0,1.0
KXNBAAST-26APR09PHIHOU-HOUATHOMPSON1-4,2026-04-09,ast,3.5,4.09425,-0.5942499999999997,0.57925,0.5514744940691811,1.0,1.0
KXNBAAST-26APR09PHIHOU-HOUATHOMPSON1-6,2026-04-09,ast,5.5,4.09425,1.4057500000000003,0.23825,0.24984689605290034,0.0,1.0
KXNBAAST-26APR09PHIHOU-HOUATHOMPSON1-8,2026-04-09,ast,7.5,4.09425,3.4057500000000003,0.067,0.08721834851200694,0.0,1.0
KXNBAAST-26APR09PHIHOU-HOUKDURANT7-10,2026-04-09,ast,9.5,3.93725,5.562749999999999,0.008,0.020462200007608122,0.0,1.0
KXNBAAST-26APR09PHIHOU-HOUKDURANT7-2,2026-04-09,ast,1.5,3.93725,-2.43725,0.89675,0.8644710643678315,1.0,1.0
KXNBAAST-26APR09PHIHOU-HOUKDURANT7-4,2026-04-09,ast,3.5,3.93725,-0.43725000000000014,0.54675,0.5254477161594778,1.0,1.0
KXNBAAST-26APR09PHIHOU-HOUKDURANT7-6,2026-04-09,ast,5.5,3.93725,1.5627499999999999,0.21675,0.2274902621466962,0.0,1.0
KXNBAAST-26APR09PHIHOU-HOUKDURANT7-8,2026-04-09,ast,7.5,3.93725,3.56275,0.05375,0.07551222198983154,0.0,1.0
KXNBAAST-26APR09PHIHOU-HOURSHEPPARD15-10,2026-04-09,ast,9.5,3.12825,6.3717500000000005,0.00425,0.005796402579901883,0.0,1.0
KXNBAAST-26APR09PHIHOU-HOURSHEPPARD15-2,2026-04-09,ast,1.5,3.12825,-1.62825,0.798,0.7802405700371455,0.0,1.0
KXNBAAST-26APR09PHIHOU-HOURSHEPPARD15-4,2026-04-09,ast,3.5,3.12825,0.37175,0.372,0.376865623084356,0.0,1.0
KXNBAAST-26APR09PHIHOU-HOURSHEPPARD15-6,2026-04-09,ast,5.5,3.12825,2.37175,0.11225,0.12225889259553391,0.0,1.0
KXNBAAST-26APR09PHIHOU-HOURSHEPPARD15-8,2026-04-09,ast,7.5,3.12825,4.3717500000000005,0.02375,0.02964472404239893,0.0,1.0
KXNBAAST-26APR09PHIHOU-PHIKOUBRE9-10,2026-04-09,ast,9.5,1.175,8.325,0.0,5.409078650542298e-06,0.0,1.0
KXNBAAST-26APR09PHIHOU-PHIKOUBRE9-2,2026-04-09,ast,1.5,1.175,0.32499999999999996,0.33325,0.32482490183222223,0.0,1.0
KXNBAAST-26APR09PHIHOU-PHIKOUBRE9-4,2026-04-09,ast,3.5,1.175,2.325,0.033,0.03958996429460282,0.0,1.0
KXNBAAST-26APR09PHIHOU-PHIKOUBRE9-6,2026-04-09,ast,5.5,1.175,4.325,0.00175,0.0027874697685030814,0.0,1.0
KXNBAAST-26APR09PHIHOU-PHIKOUBRE9-8,2026-04-09,ast,7.5,1.175,6.325,0.0,0.00013855809791885054,0.0,1.0
KXNBAAST-26APR09PHIHOU-PHIPGEORGE8-10,2026-04-09,ast,9.5,2.766,6.734,0.0005,0.002756609027202983,0.0,1.0
KXNBAAST-26APR09PHIHOU-PHIPGEORGE8-2,2026-04-09,ast,1.5,2.766,-1.266,0.74925,0.7270061527673287,0.0,1.0
KXNBAAST-26APR09PHIHOU-PHIPGEORGE8-4,2026-04-09,ast,3.5,2.766,0.734,0.30125,0.3050771260143663,0.0,1.0
KXNBAAST-26APR09PHIHOU-PHIPGEORGE8-6,2026-04-09,ast,5.5,2.766,2.734,0.06875,0.08365565960240484,0.0,1.0
KXNBAAST-26APR09PHIHOU-PHIPGEORGE8-8,2026-04-09,ast,7.5,2.766,4.734,0.01075,0.016955389104676866,0.0,1.0
KXNBAAST-26APR09PHIHOU-PHITMAXEY0-10,2026-04-09,ast,9.5,4.27225,5.22775,0.015,0.030689382757018935,0.0,1.0
KXNBAAST-26APR09PHIHOU-PHITMAXEY0-12,2026-04-09,ast,11.5,4.27225,7.22775,0.00425,0.007949780456514288,0.0,1.0
KXNBAAST-26APR09PHIHOU-PHITMAXEY0-4,2026-04-09,ast,3.5,4.27225,-0.7722499999999997,0.6135,0.5797187775816208,1.0,1.0
KXNBAAST-26APR09PHIHOU-PHITMAXEY0-6,2026-04-09,ast,5.5,4.27225,1.2277500000000003,0.26275,0.2755857855530385,0.0,1.0
KXNBAAST-26APR09PHIHOU-PHITMAXEY0-8,2026-04-09,ast,7.5,4.27225,3.2277500000000003,0.0785,0.10151677963513983,0.0,1.0
KXNBAAST-26APR09PHIHOU-PHIVEDGECOMBE77-10,2026-04-09,ast,9.5,2.7305,6.7695,0.00175,0.0025431010061489623,0.0,1.0
KXNBAAST-26APR09PHIHOU-PHIVEDGECOMBE77-2,2026-04-09,ast,1.5,2.7305,-1.2305000000000001,0.75125,0.7211535726934936,1.0,1.0
KXNBAAST-26APR09PHIHOU-PHIVEDGECOMBE77-4,2026-04-09,ast,3.5,2.7305,0.7694999999999999,0.294,0.2979885900354503,1.0,1.0
KXNBAAST-26APR09PHIHOU-PHIVEDGECOMBE77-6,2026-04-09,ast,5.5,2.7305,2.7695,0.0615,0.08024263977664425,1.0,1.0
KXNBAAST-26APR09PHIHOU-PHIVEDGECOMBE77-8,2026-04-09,ast,7.5,2.7305,4.7695,0.00875,0.015953914614969866,1.0,1.0
KXNBA3PT-26APR09PHIHOU-HOUASENGUN28-1,2026-04-09,fg3m,0.5,0.49825,0.0017499999999999738,0.3895,0.38286289202488955,0.0,1.0
KXNBA3PT-26APR09PHIHOU-HOUASENGUN28-2,2026-04-09,fg3m,1.5,0.49825,1.00175,0.0925,0.09421461735049408,0.0,1.0
KXNBA3PT-26APR09PHIHOU-HOUASENGUN28-3,2026-04-09,fg3m,2.5,0.49825,2.00175,0.015,0.01786816165802274,0.0,1.0
KXNBA3PT-26APR09PHIHOU-HOUASENGUN28-4,2026-04-09,fg3m,3.5,0.49825,3.00175,0.001,0.0028466276506501353,0.0,1.0
KXNBA3PT-26APR09PHIHOU-HOUASENGUN28-5,2026-04-09,fg3m,4.5,0.49825,4.00175,0.00025,0.0003998600820277476,0.0,1.0
KXNBA3PT-26APR09PHIHOU-HOUATHOMPSON1-1,2026-04-09,fg3m,0.5,0.32225,0.17775000000000002,0.273,0.2706734544926499,0.0,1.0
KXNBA3PT-26APR09PHIHOU-HOUATHOMPSON1-2,2026-04-09,fg3m,1.5,0.32225,1.17775,0.044,0.04516764651042349,0.0,1.0
KXNBA3PT-26APR09PHIHOU-HOUATHOMPSON1-3,2026-04-09,fg3m,2.5,0.32225,2.17775,0.00475,0.005737712358277358,0.0,1.0
KXNBA3PT-26APR09PHIHOU-HOUATHOMPSON1-4,2026-04-09,fg3m,3.5,0.32225,3.17775,0.0005,0.0006091001389539885,0.0,1.0
KXNBA3PT-26APR09PHIHOU-HOUATHOMPSON1-5,2026-04-09,fg3m,4.5,0.32225,4.17775,0.0,5.6861616198999876e-05,0.0,1.0
KXNBA3PT-26APR09PHIHOU-HOUKDURANT7-1,2026-04-09,fg3m,0.5,1.8875,-1.3875,0.83875,0.8148612987162992,1.0,1.0
KXNBA3PT-26APR09PHIHOU-HOUKDURANT7-2,2026-04-09,fg3m,1.5,1.8875,-0.38749999999999996,0.56,0.5346882808688248,1.0,1.0
KXNBA3PT-26APR09PHIHOU-HOUKDURANT7-3,2026-04-09,fg3m,2.5,1.8875,0.6125,0.29425,0.29492205202260435,1.0,1.0
KXNBA3PT-26APR09PHIHOU-HOUKDURANT7-4,2026-04-09,fg3m,3.5,1.8875,1.6125,0.131,0.14228667353908064,0.0,1.0
KXNBA3PT-26APR09PHIHOU-HOUKDURANT7-5,2026-04-09,fg3m,4.5,1.8875,2.6125,0.0455,0.06184605003270205,0.0,1.0
KXNBA3PT-26APR09PHIHOU-HOURSHEPPARD15-1,2026-04-09,fg3m,0.5,2.357,-1.8570000000000002,0.8995,0.8717902362617864,1.0,1.0
KXNBA3PT-26APR09PHIHOU-HOURSHEPPARD15-2,2026-04-09,fg3m,1.5,2.357,-0.8570000000000002,0.67275,0.6408932063619122,1.0,1.0
KXNBA3PT-26APR09PHIHOU-HOURSHEPPARD15-3,2026-04-09,fg3m,2.5,2.357,0.1429999999999998,0.418,0.40574146326894744,0.0,1.0
KXNBA3PT-26APR09PHIHOU-HOURSHEPPARD15-4,2026-04-09,fg3m,3.5,2.357,1.1429999999999998,0.21475,0.2275923975225137,0.0,1.0
KXNBA3PT-26APR09PHIHOU-HOURSHEPPARD15-5,2026-04-09,fg3m,4.5,2.357,2.143,0.095,0.11586185157462325,0.0,1.0
KXNBA3PT-26APR09PHIHOU-HOUTEASON17-1,2026-04-09,fg3m,0.5,1.04375,-0.54375,0.631,0.624048949810421,1.0,1.0
KXNBA3PT-26APR09PHIHOU-HOUTEASON17-2,2026-04-09,fg3m,1.5,1.04375,0.45625000000000004,0.27675,0.27884958220671274,1.0,1.0
KXNBA3PT-26APR09PHIHOU-HOUTEASON17-3,2026-04-09,fg3m,2.5,1.04375,1.45625,0.095,0.09960695956920085,1.0,1.0
KXNBA3PT-26APR09PHIHOU-HOUTEASON17-4,2026-04-09,fg3m,3.5,1.04375,2.45625,0.0295,0.03037317393138672,0.0,1.0
KXNBA3PT-26APR09PHIHOU-HOUTEASON17-5,2026-04-09,fg3m,4.5,1.04375,3.45625,0.00925,0.008234689149486996,0.0,1.0
KXNBA3PT-26APR09PHIHOU-PHITMAXEY0-1,2026-04-09,fg3m,0.5,1.6885,-1.1885,0.80275,0.7824680651750384,1.0,1.0
KXNBA3PT-26APR09PHIHOU-PHITMAXEY0-2,2026-04-09,fg3m,1.5,1.6885,-0.1884999999999999,0.50475,0.48169454160817726,1.0,1.0
KXNBA3PT-26APR09PHIHOU-PHITMAXEY0-3,2026-04-09,fg3m,2.5,1.6885,0.8115000000000001,0.24075,0.24652081896400546,1.0,1.0
KXNBA3PT-26APR09PHIHOU-PHITMAXEY0-4,2026-04-09,fg3m,3.5,1.6885,1.8115,0.096,0.10973424410259025,1.0,1.0
KXNBA3PT-26APR09PHIHOU-PHITMAXEY0-5,2026-04-09,fg3m,4.5,1.6885,2.8115,0.033,0.043869777211527294,1.0,1.0
KXNBA3PT-26APR09PHIHOU-PHIVEDGECOMBE77-1,2026-04-09,fg3m,0.5,1.15775,-0.6577500000000001,0.67775,0.659701065267746,1.0,1.0
KXNBA3PT-26APR09PHIHOU-PHIVEDGECOMBE77-2,2026-04-09,fg3m,1.5,1.15775,0.34224999999999994,0.3205,0.317604182787123,1.0,1.0
KXNBA3PT-26APR09PHIHOU-PHIVEDGECOMBE77-3,2026-04-09,fg3m,2.5,1.15775,1.34225,0.11575,0.12312628441449047,1.0,1.0
KXNBA3PT-26APR09PHIHOU-PHIVEDGECOMBE77-4,2026-04-09,fg3m,3.5,1.15775,2.34225,0.0325,0.04088367529022885,0.0,1.0
KXNBA3PT-26APR09PHIHOU-PHIVEDGECOMBE77-5,2026-04-09,fg3m,4.5,1.15775,3.34225,0.00875,0.012091363823406254,0.0,1.0
KXNBAPTS-26APR09BOSNYK-BOSJTATUM0-15,2026-04-09,pts,14.5,15.91,-1.4100000000000001,0.54775,0.5219218074634486,1.0,1.0
KXNBAPTS-26APR09BOSNYK-BOSJTATUM0-20,2026-04-09,pts,19.5,15.91,3.59,0.2795,0.2798562980671595,1.0,1.0
KXNBAPTS-26APR09BOSNYK-BOSJTATUM0-25,2026-04-09,pts,24.5,15.91,8.59,0.10925,0.12869616582728427,0.0,1.0
KXNBAPTS-26APR09BOSNYK-BOSJTATUM0-30,2026-04-09,pts,29.5,15.91,13.59,0.033,0.05261842643223813,0.0,1.0
KXNBAPTS-26APR09BOSNYK-BOSJTATUM0-35,2026-04-09,pts,34.5,15.91,18.59,0.01025,0.01963535302587227,0.0,1.0
KXNBAPTS-26APR09BOSNYK-BOSNVUCEVIC4-10,2026-04-09,pts,9.5,5.86675,3.6332500000000003,0.2005,0.1393471091486873,1.0,1.0
KXNBAPTS-26APR09BOSNYK-BOSNVUCEVIC4-15,2026-04-09,pts,14.5,5.86675,8.63325,0.0455,0.0175679951389206,0.0,1.0
KXNBAPTS-26APR09BOSNYK-BOSNVUCEVIC4-20,2026-04-09,pts,19.5,5.86675,13.63325,0.0065,0.001569445982147255,0.0,1.0
KXNBAPTS-26APR09BOSNYK-BOSNVUCEVIC4-25,2026-04-09,pts,24.5,5.86675,18.63325,0.00125,0.00011245070162635429,0.0,1.0
KXNBAPTS-26APR09BOSNYK-BOSPPRITCHARD11-10,2026-04-09,pts,9.5,11.30325,-1.8032500000000002,0.583,0.5771879645834599,1.0,1.0
KXNBAPTS-26APR09BOSNYK-BOSPPRITCHARD11-15,2026-04-09,pts,14.5,11.30325,3.1967499999999998,0.2735,0.25379118018850433,1.0,1.0
KXNBAPTS-26APR09BOSNYK-BOSPPRITCHARD11-20,2026-04-09,pts,19.5,11.30325,8.19675,0.08325,0.08582474258588146,1.0,1.0
KXNBAPTS-26APR09BOSNYK-BOSPPRITCHARD11-25,2026-04-09,pts,24.5,11.30325,13.19675,0.0215,0.02412597833982344,0.0,1.0
KXNBAPTS-26APR09BOSNYK-BOSSHAUSER30-10,2026-04-09,pts,9.5,6.47525,3.02475,0.2195,0.18711206937909253,0.0,1.0
KXNBAPTS-26APR09BOSNYK-BOSSHAUSER30-15,2026-04-09,pts,14.5,6.47525,8.024750000000001,0.054,0.02966345541364601,0.0,1.0
KXNBAPTS-26APR09BOSNYK-BOSSHAUSER30-20,2026-04-09,pts,19.5,6.47525,13.024750000000001,0.01225,0.0033626063676526208,0.0,1.0
KXNBAPTS-26APR09BOSNYK-NYKJBRUNSON11-20,2026-04-09,pts,19.5,15.969,3.5310000000000006,0.2815,0.2826476377015599,1.0,1.0
KXNBAPTS-26APR09BOSNYK-NYKJBRUNSON11-25,2026-04-09,pts,24.5,15.969,8.531,0.11075,0.13057121111098857,1.0,1.0
KXNBAPTS-26APR09BOSNYK-NYKJBRUNSON11-30,2026-04-09,pts,29.5,15.969,13.531,0.03675,0.05363952457203469,0.0,1.0
KXNBAPTS-26APR09BOSNYK-NYKJBRUNSON11-35,2026-04-09,pts,34.5,15.969,18.531,0.008,0.020114363582388384,0.0,1.0
KXNBAPTS-26APR09BOSNYK-NYKJHART3-10,2026-04-09,pts,9.5,7.8415,1.6585,0.32575,0.30413676930770106,1.0,1.0
KXNBAPTS-26APR09BOSNYK-NYKJHART3-15,2026-04-09,pts,14.5,7.8415,6.6585,0.09175,0.07216780558071001,1.0,1.0
KXNBAPTS-26APR09BOSNYK-NYKJHART3-20,2026-04-09,pts,19.5,7.8415,11.6585,0.01775,0.012499854524315901,1.0,1.0
KXNBAPTS-26APR09BOSNYK-NYKKTOWNS32-15,2026-04-09,pts,14.5,12.37775,2.1222499999999993,0.3305,0.31952799345228367,1.0,1.0
KXNBAPTS-26APR09BOSNYK-NYKKTOWNS32-20,2026-04-09,pts,19.5,12.37775,7.122249999999999,0.119,0.1240095112433488,0.0,1.0
KXNBAPTS-26APR09BOSNYK-NYKKTOWNS32-25,2026-04-09,pts,24.5,12.37775,12.12225,0.03175,0.04030139066904459,0.0,1.0
KXNBAPTS-26APR09BOSNYK-NYKKTOWNS32-30,2026-04-09,pts,29.5,12.37775,17.12225,0.0065,0.011496206747839466,0.0,1.0
KXNBAPTS-26APR09BOSNYK-NYKMBRIDGES25-10,2026-04-09,pts,9.5,8.83,0.6699999999999999,0.40275,0.38936275449150226,1.0,1.0
KXNBAPTS-26APR09BOSNYK-NYKMBRIDGES25-15,2026-04-09,pts,14.5,8.83,5.67,0.13425,0.11540905424637793,0.0,1.0
KXNBAPTS-26APR09BOSNYK-NYKMBRIDGES25-20,2026-04-09,pts,19.5,8.83,10.67,0.03,0.025347502014087198,0.0,1.0
KXNBAPTS-26APR09BOSNYK-NYKMBRIDGES25-25,2026-04-09,pts,24.5,8.83,15.67,0.0065,0.00455118828311285,0.0,1.0
KXNBAPTS-26APR09BOSNYK-NYKMROBINSON23-10,2026-04-09,pts,9.5,4.5535,4.9465,0.0875,0.05662924938097991,0.0,1.0
KXNBAPTS-26APR09BOSNYK-NYKMROBINSON23-15,2026-04-09,pts,14.5,4.5535,9.9465,0.011,0.0037183005414566095,0.0,1.0
KXNBAPTS-26APR09BOSNYK-NYKMROBINSON23-20,2026-04-09,pts,19.5,4.5535,14.9465,0.00125,0.00016972131901560328,0.0,1.0
KXNBAPTS-26APR09BOSNYK-NYKMROBINSON23-25,2026-04-09,pts,24.5,4.5535,19.9465,0.0,6.163774554091006e-06,0.0,1.0
KXNBAPTS-26APR09BOSNYK-NYKOANUNOBY8-10,2026-04-09,pts,9.5,11.71425,-2.21425,0.61275,0.6036097412092837,1.0,1.0
KXNBAPTS-26APR09BOSNYK-NYKOANUNOBY8-15,2026-04-09,pts,14.5,11.71425,2.78575,0.2835,0.2788601837081033,0.0,1.0
KXNBAPTS-26APR09BOSNYK-NYKOANUNOBY8-20,2026-04-09,pts,19.5,11.71425,7.78575,0.096,0.09968421471438471,0.0,1.0
KXNBAPTS-26APR09BOSNYK-NYKOANUNOBY8-25,2026-04-09,pts,24.5,11.71425,12.78575,0.02575,0.02970428514440937,0.0,1.0
KXNBAREB-26APR09BOSNYK-BOSJTATUM0-10,2026-04-09,reb,9.5,5.40625,4.09375,0.06,0.08820189163916381,1.0,1.0
KXNBAREB-26APR09BOSNYK-BOSJTATUM0-12,2026-04-09,reb,11.5,5.40625,6.09375,0.015,0.03152833318963999,1.0,1.0
KXNBAREB-26APR09BOSNYK-BOSJTATUM0-6,2026-04-09,reb,5.5,5.40625,0.09375,0.4445,0.4389846757966599,1.0,1.0
KXNBAREB-26APR09BOSNYK-BOSJTATUM0-8,2026-04-09,reb,7.5,5.40625,2.09375,0.20125,0.21463429489334362,1.0,1.0
KXNBAREB-26APR09BOSNYK-BOSJTATUM0-9,2026-04-09,reb,8.5,5.40625,3.09375,0.11375,0.14028431021579213,1.0,1.0
KXNBAREB-26APR09BOSNYK-BOSNVUCEVIC4-10,2026-04-09,reb,9.5,3.3705,6.1295,0.015,0.009302732723536322,0.0,1.0
KXNBAREB-26APR09BOSNYK-BOSNVUCEVIC4-2,2026-04-09,reb,1.5,3.3705,-1.8704999999999998,0.779,0.8079570585067787,1.0,1.0
KXNBAREB-26APR09BOSNYK-BOSNVUCEVIC4-4,2026-04-09,reb,3.5,3.3705,0.12950000000000017,0.41875,0.42297053095486836,1.0,1.0
KXNBAREB-26APR09BOSNYK-BOSNVUCEVIC4-6,2026-04-09,reb,5.5,3.3705,2.1295,0.17225,0.15256336687947258,0.0,1.0
KXNBAREB-26APR09BOSNYK-BOSNVUCEVIC4-8,2026-04-09,reb,7.5,3.3705,4.1295,0.0595,0.04174618955466003,0.0,1.0
KXNBAREB-26APR09BOSNYK-BOSPPRITCHARD11-10,2026-04-09,reb,9.5,2.478,7.022,0.0,0.0014554739637970826,0.0,1.0
KXNBAREB-26APR09BOSNYK-BOSPPRITCHARD11-2,2026-04-09,reb,1.5,2.478,-0.9780000000000002,0.69375,0.6743208590924155,1.0,1.0
KXNBAREB-26APR09BOSNYK-BOSPPRITCHARD11-4,2026-04-09,reb,3.5,2.478,1.0219999999999998,0.24575,0.24819376856997122,0.0,1.0
KXNBAREB-26APR09BOSNYK-BOSPPRITCHARD11-6,2026-04-09,reb,5.5,2.478,3.022,0.04275,0.05891037003148836,0.0,1.0
KXNBAREB-26APR09BOSNYK-BOSPPRITCHARD11-8,2026-04-09,reb,7.5,2.478,5.022,0.00575,0.0103263305825404,0.0,1.0
KXNBAREB-26APR09BOSNYK-NYKJBRUNSON11-2,2026-04-09,reb,1.5,2.57325,-1.0732499999999998,0.71625,0.6920930202494644,0.0,1.0
KXNBAREB-26APR09BOSNYK-NYKJBRUNSON11-3,2026-04-09,reb,2.5,2.57325,-0.07324999999999982,0.46575,0.4584194955938041,0.0,1.0
KXNBAREB-26APR09BOSNYK-NYKJBRUNSON11-4,2026-04-09,reb,3.5,2.57325,0.9267500000000002,0.25975,0.2669783990848176,0.0,1.0
KXNBAREB-26APR09BOSNYK-NYKJBRUNSON11-6,2026-04-09,reb,5.5,2.57325,2.92675,0.05425,0.06689543917845453,0.0,1.0
KXNBAREB-26APR09BOSNYK-NYKJBRUNSON11-8,2026-04-09,reb,7.5,2.57325,4.92675,0.0075,0.01241346402542931,0.0,1.0
KXNBAREB-26APR09BOSNYK-NYKJHART3-10,2026-04-09,reb,9.5,5.43675,4.06325,0.067,0.09016712054528786,0.0,1.0
KXNBAREB-26APR09BOSNYK-NYKJHART3-12,2026-04-09,reb,11.5,5.43675,6.06325,0.01825,0.032449733866036,0.0,1.0
KXNBAREB-26APR09BOSNYK-NYKJHART3-6,2026-04-09,reb,5.5,5.43675,0.06325000000000003,0.45725,0.4431923643300538,0.0,1.0
KXNBAREB-26APR09BOSNYK-NYKJHART3-7,2026-04-09,reb,6.5,5.43675,1.06325,0.31375,0.31840573735940847,0.0,1.0
KXNBAREB-26APR09BOSNYK-NYKJHART3-8,2026-04-09,reb,7.5,5.43675,2.06325,0.1975,0.21799643486310072,0.0,1.0
KXNBAREB-26APR09BOSNYK-NYKKTOWNS32-10,2026-04-09,reb,9.5,8.26025,1.2397500000000008,0.3305,0.33640634943963876,1.0,1.0
KXNBAREB-26APR09BOSNYK-NYKKTOWNS32-12,2026-04-09,reb,11.5,8.26025,3.239750000000001,0.16575,0.18927617213568304,1.0,1.0
KXNBAREB-26APR09BOSNYK-NYKKTOWNS32-14,2026-04-09,reb,13.5,8.26025,5.239750000000001,0.068,0.0967307945226843,0.0,1.0
KXNBAREB-26APR09BOSNYK-NYKKTOWNS32-16,2026-04-09,reb,15.5,8.26025,7.239750000000001,0.02225,0.04555359246795054,0.0,1.0
KXNBAREB-26APR09BOSNYK-NYKKTOWNS32-8,2026-04-09,reb,7.5,8.26025,-0.7602499999999992,0.5585,0.534310249719278,1.0,1.0
KXNBAREB-26APR09BOSNYK-NYKMBRIDGES25-10,2026-04-09,reb,9.5,2.49425,7.00575,0.001,0.0015183384339119144,0.0,1.0
KXNBAREB-26APR09BOSNYK-NYKMBRIDGES25-2,2026-04-09,reb,1.5,2.49425,-0.9942500000000001,0.6985,0.6774205404758101,1.0,1.0
KXNBAREB-26APR09BOSNYK-NYKMBRIDGES25-4,2026-04-09,reb,3.5,2.49425,1.00575,0.2455,0.251388870351268,0.0,1.0
KXNBAREB-26APR09BOSNYK-NYKMBRIDGES25-6,2026-04-09,reb,5.5,2.49425,3.00575,0.047,0.06023452142227037,0.0,1.0
KXNBAREB-26APR09BOSNYK-NYKMBRIDGES25-8,2026-04-09,reb,7.5,2.49425,5.00575,0.006,0.01066366282505371,0.0,1.0
KXNBAREB-26APR09BOSNYK-NYKMROBINSON23-10,2026-04-09,reb,9.5,6.337,3.1630000000000003,0.13625,0.15720015062614856,0.0,1.0
KXNBAREB-26APR09BOSNYK-NYKMROBINSON23-12,2026-04-09,reb,11.5,6.337,5.163,0.0485,0.06752743984008103,0.0,1.0
KXNBAREB-26APR09BOSNYK-NYKMROBINSON23-4,2026-04-09,reb,3.5,6.337,-2.8369999999999997,0.8455,0.8092448960131986,1.0,1.0
KXNBAREB-26APR09BOSNYK-NYKMROBINSON23-6,2026-04-09,reb,5.5,6.337,-0.8369999999999997,0.5755,0.5594878624028634,1.0,1.0
KXNBAREB-26APR09BOSNYK-NYKMROBINSON23-8,2026-04-09,reb,7.5,6.337,1.1630000000000003,0.3135,0.32106682313806756,0.0,1.0
KXNBAREB-26APR09BOSNYK-NYKOANUNOBY8-2,2026-04-09,reb,1.5,3.80175,-2.30175,0.87675,0.8510980791880163,1.0,1.0
KXNBAREB-26APR09BOSNYK-NYKOANUNOBY8-4,2026-04-09,reb,3.5,3.80175,-0.3017500000000002,0.51525,0.5010368367551523,1.0,1.0
KXNBAREB-26APR09BOSNYK-NYKOANUNOBY8-5,2026-04-09,reb,4.5,3.80175,0.6982499999999998,0.33575,0.3364357370348684,0.0,1.0
KXNBAREB-26APR09BOSNYK-NYKOANUNOBY8-6,2026-04-09,reb,5.5,3.80175,1.6982499999999998,0.1975,0.20950975243452818,0.0,1.0
KXNBAREB-26APR09BOSNYK-NYKOANUNOBY8-8,2026-04-09,reb,7.5,3.80175,3.69825,0.04925,0.06734835956483498,0.0,1.0
KXNBAAST-26APR09BOSNYK-BOSJTATUM0-10,2026-04-09,ast,9.5,3.9335,5.5665,0.011,0.020362892660476417,0.0,1.0
KXNBAAST-26APR09BOSNYK-BOSJTATUM0-2,2026-04-09,ast,1.5,3.9335,-2.4335,0.89475,0.8641688478710862,1.0,1.0
KXNBAAST-26APR09BOSNYK-BOSJTATUM0-4,2026-04-09,ast,3.5,3.9335,-0.4335,0.55,0.5248135554621334,1.0,1.0
KXNBAAST-26APR09BOSNYK-BOSJTATUM0-6,2026-04-09,ast,5.5,3.9335,1.5665,0.2075,0.22696128329898846,1.0,1.0
KXNBAAST-26APR09BOSNYK-BOSJTATUM0-8,2026-04-09,ast,7.5,3.9335,3.5665,0.057,0.07524332814813217,1.0,1.0
KXNBAAST-26APR09BOSNYK-BOSPPRITCHARD11-2,2026-04-09,ast,1.5,3.20725,-1.7072500000000002,0.8135,0.7904030911377327,1.0,1.0
KXNBAAST-26APR09BOSNYK-BOSPPRITCHARD11-4,2026-04-09,ast,3.5,3.20725,0.29274999999999984,0.39525,0.3922462809706847,1.0,1.0
KXNBAAST-26APR09BOSNYK-BOSPPRITCHARD11-5,2026-04-09,ast,4.5,3.20725,1.2927499999999998,0.2265,0.23685178909558213,1.0,1.0
KXNBAAST-26APR09BOSNYK-BOSPPRITCHARD11-6,2026-04-09,ast,5.5,3.20725,2.29275,0.11875,0.1315135393168262,1.0,1.0
KXNBAAST-26APR09BOSNYK-BOSPPRITCHARD11-8,2026-04-09,ast,7.5,3.20725,4.29275,0.02425,0.03303864707262805,0.0,1.0
KXNBAAST-26APR09BOSNYK-NYKJBRUNSON11-10,2026-04-09,ast,9.5,4.78875,4.71125,0.0315,0.05200553652814077,1.0,1.0
KXNBAAST-26APR09BOSNYK-NYKJBRUNSON11-12,2026-04-09,ast,11.5,4.78875,6.71125,0.005,0.01567088625779456,0.0,1.0
KXNBAAST-26APR09BOSNYK-NYKJBRUNSON11-4,2026-04-09,ast,3.5,4.78875,-1.2887500000000003,0.688,0.65389826196477,1.0,1.0
KXNBAAST-26APR09BOSNYK-NYKJBRUNSON11-6,2026-04-09,ast,5.5,4.78875,0.7112499999999997,0.3535,0.35117734419675606,1.0,1.0
KXNBAAST-26APR09BOSNYK-NYKJBRUNSON11-8,2026-04-09,ast,7.5,4.78875,2.7112499999999997,0.12625,0.14856010313617485,1.0,1.0
KXNBAAST-26APR09BOSNYK-NYKJHART3-2,2026-04-09,ast,1.5,3.0745,-1.5745,0.8005,0.7730459583528089,1.0,1.0
KXNBAAST-26APR09BOSNYK-NYKJHART3-4,2026-04-09,ast,3.5,3.0745,0.4255,0.36875,0.366327308625494,0.0,1.0
KXNBAAST-26APR09BOSNYK-NYKJHART3-5,2026-04-09,ast,4.5,3.0745,1.4255,0.2035,0.21524262836510077,0.0,1.0
KXNBAAST-26APR09BOSNYK-NYKJHART3-6,2026-04-09,ast,5.5,3.0745,2.4255,0.1005,0.11612241857740047,0.0,1.0
KXNBAAST-26APR09BOSNYK-NYKJHART3-8,2026-04-09,ast,7.5,3.0745,4.4254999999999995,0.01775,0.027467032654585388,0.0,1.0
KXNBA3PT-26APR09BOSNYK-BOSJTATUM0-2,2026-04-09,fg3m,1.5,2.0785,-0.5785,0.60975,0.5810018260382153,1.0,1.0
KXNBA3PT-26APR09BOSNYK-BOSJTATUM0-3,2026-04-09,fg3m,2.5,2.0785,0.4215,0.344,0.3408894562326551,0.0,1.0
KXNBA3PT-26APR09BOSNYK-BOSJTATUM0-4,2026-04-09,fg3m,3.5,2.0785,1.4215,0.1615,0.17587622515934942,0.0,1.0
KXNBA3PT-26APR09BOSNYK-BOSJTATUM0-5,2026-04-09,fg3m,4.5,2.0785,2.4215,0.0635,0.08199558827796438,0.0,1.0
KXNBA3PT-26APR09BOSNYK-BOSJTATUM0-6,2026-04-09,fg3m,5.5,2.0785,3.4215,0.02,0.035248224608290246,0.0,1.0
KXNBA3PT-26APR09BOSNYK-BOSNVUCEVIC4-1,2026-04-09,fg3m,0.5,0.52725,-0.027249999999999996,0.39275,0.3994075906185146,1.0,1.0
KXNBA3PT-26APR09BOSNYK-BOSNVUCEVIC4-2,2026-04-09,fg3m,1.5,0.52725,0.97275,0.109,0.1032039539087597,1.0,1.0
KXNBA3PT-26APR09BOSNYK-BOSNVUCEVIC4-3,2026-04-09,fg3m,2.5,0.52725,1.97275,0.0225,0.02059377875795576,0.0,1.0
KXNBA3PT-26APR09BOSNYK-BOSNVUCEVIC4-4,2026-04-09,fg3m,3.5,0.52725,2.97275,0.0025,0.0034549085272383984,0.0,1.0
KXNBA3PT-26APR09BOSNYK-BOSNVUCEVIC4-5,2026-04-09,fg3m,4.5,0.52725,3.97275,0.0005,0.0005112741723474201,0.0,1.0
KXNBA3PT-26APR09BOSNYK-BOSPPRITCHARD11-1,2026-04-09,fg3m,0.5,1.80875,-1.30875,0.82825,0.8027432628849432,1.0,1.0
KXNBA3PT-26APR09BOSNYK-BOSPPRITCHARD11-2,2026-04-09,fg3m,1.5,1.80875,-0.3087500000000001,0.5275,0.5143005571029753,1.0,1.0
KXNBA3PT-26APR09BOSNYK-BOSPPRITCHARD11-3,2026-04-09,fg3m,2.5,1.80875,0.6912499999999999,0.2735,0.2757832563075585,1.0,1.0
KXNBA3PT-26APR09BOSNYK-BOSPPRITCHARD11-4,2026-04-09,fg3m,3.5,1.80875,1.69125,0.11825,0.12906447803111054,0.0,1.0
KXNBA3PT-26APR09BOSNYK-BOSPPRITCHARD11-5,2026-04-09,fg3m,4.5,1.80875,2.69125,0.043,0.05435003850734743,0.0,1.0
KXNBA3PT-26APR09BOSNYK-NYKJBRUNSON11-1,2026-04-09,fg3m,0.5,1.57625,-1.07625,0.78575,0.7613920491444248,1.0,1.0
KXNBA3PT-26APR09BOSNYK-NYKJBRUNSON11-2,2026-04-09,fg3m,1.5,1.57625,-0.07624999999999993,0.45975,0.44965621030125247,1.0,1.0
KXNBA3PT-26APR09BOSNYK-NYKJBRUNSON11-3,2026-04-09,fg3m,2.5,1.57625,0.9237500000000001,0.21425,0.21934177112000097,0.0,1.0
KXNBA3PT-26APR09BOSNYK-NYKJBRUNSON11-4,2026-04-09,fg3m,3.5,1.57625,1.92375,0.08,0.09276293755126075,0.0,1.0
KXNBA3PT-26APR09BOSNYK-NYKJBRUNSON11-5,2026-04-09,fg3m,4.5,1.57625,2.92375,0.02525,0.035172014765422754,0.0,1.0
KXNBA3PT-26APR09BOSNYK-NYKJHART3-1,2026-04-09,fg3m,0.5,0.9115,-0.4115,0.591,0.5772855030315707,1.0,1.0
KXNBA3PT-26APR09BOSNYK-NYKJHART3-2,2026-04-09,fg3m,1.5,0.9115,0.5885,0.2335,0.2330814413375183,1.0,1.0
KXNBA3PT-26APR09BOSNYK-NYKJHART3-3,2026-04-09,fg3m,2.5,0.9115,1.5885,0.07075,0.07458575432533843,1.0,1.0
KXNBA3PT-26APR09BOSNYK-NYKJHART3-4,2026-04-09,fg3m,3.5,0.9115,2.5885,0.01425,0.020295184809545397,1.0,1.0
KXNBA3PT-26APR09BOSNYK-NYKJHART3-5,2026-04-09,fg3m,4.5,0.9115,3.5885,0.0015,0.004900018982763932,1.0,1.0
KXNBA3PT-26APR09BOSNYK-NYKKTOWNS32-1,2026-04-09,fg3m,0.5,0.86725,-0.36724999999999997,0.578,0.5601958189753236,1.0,1.0
KXNBA3PT-26APR09BOSNYK-NYKKTOWNS32-2,2026-04-09,fg3m,1.5,0.86725,0.63275,0.215,0.21768788386282034,0.0,1.0
KXNBA3PT-26APR09BOSNYK-NYKKTOWNS32-3,2026-04-09,fg3m,2.5,0.86725,1.6327500000000001,0.05775,0.06684857610376638,0.0,1.0
KXNBA3PT-26APR09BOSNYK-NYKKTOWNS32-4,2026-04-09,fg3m,3.5,0.86725,2.63275,0.01275,0.01743299410615362,0.0,1.0
KXNBA3PT-26APR09BOSNYK-NYKKTOWNS32-5,2026-04-09,fg3m,4.5,0.86725,3.63275,0.003,0.004031095631847448,0.0,1.0
KXNBA3PT-26APR09BOSNYK-NYKMBRIDGES25-1,2026-04-09,fg3m,0.5,1.06625,-0.5662499999999999,0.6505,0.6314077681699615,1.0,1.0
KXNBA3PT-26APR09BOSNYK-NYKMBRIDGES25-2,2026-04-09,fg3m,1.5,1.06625,0.4337500000000001,0.28475,0.2865636906711234,1.0,1.0
KXNBA3PT-26APR09BOSNYK-NYKMBRIDGES25-3,2026-04-09,fg3m,2.5,1.06625,1.43375,0.09725,0.1041186870580102,0.0,1.0
KXNBA3PT-26APR09BOSNYK-NYKMBRIDGES25-4,2026-04-09,fg3m,3.5,1.06625,2.43375,0.0265,0.032315012791809594,0.0,1.0
KXNBA3PT-26APR09BOSNYK-NYKMBRIDGES25-5,2026-04-09,fg3m,4.5,1.06625,3.43375,0.00575,0.008920479444788132,0.0,1.0
KXNBA3PT-26APR09BOSNYK-NYKOANUNOBY8-1,2026-04-09,fg3m,0.5,1.75575,-1.25575,0.82975,0.7940827736996096,1.0,1.0
KXNBA3PT-26APR09BOSNYK-NYKOANUNOBY8-2,2026-04-09,fg3m,1.5,1.75575,-0.2557499999999999,0.52,0.5001492657378128,1.0,1.0
KXNBA3PT-26APR09BOSNYK-NYKOANUNOBY8-3,2026-04-09,fg3m,2.5,1.75575,0.7442500000000001,0.25325,0.26288183627409467,1.0,1.0
KXNBA3PT-26APR09BOSNYK-NYKOANUNOBY8-4,2026-04-09,fg3m,3.5,1.75575,1.74425,0.105,0.12040881189454522,0.0,1.0
KXNBA3PT-26APR09BOSNYK-NYKOANUNOBY8-5,2026-04-09,fg3m,4.5,1.75575,2.74425,0.0335,0.04958485502933552,0.0,1.0
KXNBAPTS-26APR09MIATOR-MIAAWIGGINS22-10,2026-04-09,pts,9.5,10.59225,-1.09225,0.52725,0.5280847848357384,0.0,1.0
KXNBAPTS-26APR09MIATOR-MIAAWIGGINS22-15,2026-04-09,pts,14.5,10.59225,3.90775,0.237,0.21119214167235445,0.0,1.0
KXNBAPTS-26APR09MIATOR-MIAAWIGGINS22-20,2026-04-09,pts,19.5,10.59225,8.90775,0.072,0.06427298187693864,0.0,1.0
KXNBAPTS-26APR09MIATOR-MIAAWIGGINS22-25,2026-04-09,pts,24.5,10.59225,13.90775,0.01775,0.016181434603215084,0.0,1.0
KXNBAPTS-26APR09MIATOR-MIABADEBAYO13-15,2026-04-09,pts,14.5,14.31725,0.1827500000000004,0.45325,0.43522635431698,1.0,1.0
KXNBAPTS-26APR09MIATOR-MIABADEBAYO13-20,2026-04-09,pts,19.5,14.31725,5.18275,0.20225,0.2058114296709601,1.0,1.0
KXNBAPTS-26APR09MIATOR-MIABADEBAYO13-25,2026-04-09,pts,24.5,14.31725,10.18275,0.064,0.08258028919495308,0.0,1.0
KXNBAPTS-26APR09MIATOR-MIABADEBAYO13-30,2026-04-09,pts,29.5,14.31725,15.18275,0.022,0.02928867199011609,0.0,1.0
KXNBAPTS-26APR09MIATOR-MIADMITCHELL45-10,2026-04-09,pts,9.5,6.68,2.8200000000000003,0.238,0.20404203935013743,1.0,1.0
KXNBAPTS-26APR09MIATOR-MIADMITCHELL45-15,2026-04-09,pts,14.5,6.68,7.82,0.05325,0.03466853475952969,1.0,1.0
KXNBAPTS-26APR09MIATOR-MIADMITCHELL45-20,2026-04-09,pts,19.5,6.68,12.82,0.00675,0.004224919787624848,0.0,1.0
KXNBAPTS-26APR09MIATOR-MIANPOWELL24-15,2026-04-09,pts,14.5,13.4045,1.0954999999999995,0.39575,0.3817690032339025,0.0,1.0
KXNBAPTS-26APR09MIATOR-MIANPOWELL24-20,2026-04-09,pts,19.5,13.4045,6.0954999999999995,0.1665,0.16567082818625156,0.0,1.0
KXNBAPTS-26APR09MIATOR-MIANPOWELL24-25,2026-04-09,pts,24.5,13.4045,11.0955,0.05825,0.060624946638372035,0.0,1.0
KXNBAPTS-26APR09MIATOR-MIANPOWELL24-30,2026-04-09,pts,29.5,13.4045,16.0955,0.014,0.019544905049782235,0.0,1.0
KXNBAPTS-26APR09MIATOR-MIATHERRO14-15,2026-04-09,pts,14.5,14.80375,-0.30375000000000085,0.48075,0.46268852400856275,1.0,1.0
KXNBAPTS-26APR09MIATOR-MIATHERRO14-20,2026-04-09,pts,19.5,14.80375,4.696249999999999,0.2315,0.22804227905774777,0.0,1.0
KXNBAPTS-26APR09MIATOR-MIATHERRO14-25,2026-04-09,pts,24.5,14.80375,9.69625,0.08725,0.09568030965975916,0.0,1.0
KXNBAPTS-26APR09MIATOR-MIATHERRO14-30,2026-04-09,pts,29.5,14.80375,14.69625,0.02625,0.03554808815672972,0.0,1.0
KXNBAPTS-26APR09MIATOR-TORIQUICKLEY5-10,2026-04-09,pts,9.5,10.61625,-1.1162500000000009,0.525,0.5298116686735159,1.0,1.0
KXNBAPTS-26APR09MIATOR-TORIQUICKLEY5-15,2026-04-09,pts,14.5,10.61625,3.883749999999999,0.238,0.2126065877557749,0.0,1.0
KXNBAPTS-26APR09MIATOR-TORIQUICKLEY5-20,2026-04-09,pts,19.5,10.61625,8.88375,0.08075,0.06494782540429223,0.0,1.0
KXNBAPTS-26APR09MIATOR-TORIQUICKLEY5-25,2026-04-09,pts,24.5,10.61625,13.88375,0.018,0.016415762937609157,0.0,1.0
KXNBAPTS-26APR09MIATOR-TORJPOELTL19-10,2026-04-09,pts,9.5,8.60075,0.8992500000000003,0.378,0.36988772489650557,0.0,1.0
KXNBAPTS-26APR09MIATOR-TORJPOELTL19-15,2026-04-09,pts,14.5,8.60075,5.89925,0.11125,0.1045557233788259,0.0,1.0
KXNBAPTS-26APR09MIATOR-TORJPOELTL19-20,2026-04-09,pts,19.5,8.60075,10.89925,0.023,0.0218233947675055,0.0,1.0
KXNBAPTS-26APR09MIATOR-TORRBARRETT9-15,2026-04-09,pts,14.5,13.77125,0.7287499999999998,0.42675,0.4035186711144052,1.0,1.0
KXNBAPTS-26APR09MIATOR-TORRBARRETT9-20,2026-04-09,pts,19.5,13.77125,5.72875,0.17525,0.18150951302706253,1.0,1.0
KXNBAPTS-26APR09MIATOR-TORRBARRETT9-25,2026-04-09,pts,24.5,13.77125,10.72875,0.05575,0.06902060706381719,0.0,1.0
KXNBAPTS-26APR09MIATOR-TORRBARRETT9-30,2026-04-09,pts,29.5,13.77125,15.72875,0.01125,0.023153275517564076,0.0,1.0
KXNBAPTS-26APR09MIATOR-TORSBARNES4-10,2026-04-09,pts,9.5,11.454,-1.9540000000000006,0.60675,0.5870466669182448,1.0,1.0
KXNBAPTS-26APR09MIATOR-TORSBARNES4-15,2026-04-09,pts,14.5,11.454,3.0459999999999994,0.27475,0.2629620662405092,0.0,1.0
KXNBAPTS-26APR09MIATOR-TORSBARNES4-20,2026-04-09,pts,19.5,11.454,8.046,0.0805,0.09079427384775807,0.0,1.0
KXNBAPTS-26APR09MIATOR-TORSBARNES4-25,2026-04-09,pts,24.5,11.454,13.046,0.0185,0.026085922750765378,0.0,1.0
KXNBAREB-26APR09MIATOR-MIAAWIGGINS22-2,2026-04-09,reb,1.5,3.71375,-2.21375,0.85225,0.8431866965190058,0.0,1.0
KXNBAREB-26APR09MIATOR-MIAAWIGGINS22-4,2026-04-09,reb,3.5,3.71375,-0.2137500000000001,0.49675,0.48564742812790884,0.0,1.0
KXNBAREB-26APR09MIATOR-MIAAWIGGINS22-5,2026-04-09,reb,4.5,3.71375,0.7862499999999999,0.32525,0.3217280375983197,0.0,1.0
KXNBAREB-26APR09MIATOR-MIAAWIGGINS22-6,2026-04-09,reb,5.5,3.71375,1.78625,0.1915,0.19747283772906743,0.0,1.0
KXNBAREB-26APR09MIATOR-MIAAWIGGINS22-8,2026-04-09,reb,7.5,3.71375,3.78625,0.05075,0.06156055163904317,0.0,1.0
KXNBAREB-26APR09MIATOR-MIABADEBAYO13-10,2026-04-09,reb,9.5,7.4205,2.0795000000000003,0.237,0.25488979071819795,1.0,1.0
KXNBAREB-26APR09MIATOR-MIABADEBAYO13-11,2026-04-09,reb,10.5,7.4205,3.0795000000000003,0.15125,0.18408723749762845,1.0,1.0
KXNBAREB-26APR09MIATOR-MIABADEBAYO13-12,2026-04-09,reb,11.5,7.4205,4.0795,0.0925,0.1293340128958682,0.0,1.0
KXNBAREB-26APR09MIATOR-MIABADEBAYO13-14,2026-04-09,reb,13.5,7.4205,6.0795,0.0355,0.059306372538778684,0.0,1.0
KXNBAREB-26APR09MIATOR-MIABADEBAYO13-16,2026-04-09,reb,15.5,7.4205,8.0795,0.00775,0.024977041292115088,0.0,1.0
KXNBAREB-26APR09MIATOR-MIANPOWELL24-2,2026-04-09,reb,1.5,2.763,-1.263,0.7435,0.724753628134353,0.0,1.0
KXNBAREB-26APR09MIATOR-MIANPOWELL24-3,2026-04-09,reb,2.5,2.763,-0.2629999999999999,0.518,0.4997052774886481,0.0,1.0
KXNBAREB-26APR09MIATOR-MIANPOWELL24-4,2026-04-09,reb,3.5,2.763,0.7370000000000001,0.29725,0.3046317561466516,0.0,1.0
KXNBAREB-26APR09MIATOR-MIANPOWELL24-6,2026-04-09,reb,5.5,2.763,2.737,0.0735,0.0843667162303593,0.0,1.0
KXNBAREB-26APR09MIATOR-MIANPOWELL24-8,2026-04-09,reb,7.5,2.763,4.737,0.011,0.01740194496367209,0.0,1.0
KXNBAREB-26APR09MIATOR-MIATHERRO14-2,2026-04-09,reb,1.5,3.587,-2.087,0.85775,0.831022051597384,1.0,1.0
KXNBAREB-26APR09MIATOR-MIATHERRO14-4,2026-04-09,reb,3.5,3.587,-0.08700000000000019,0.4745,0.4629737596146495,1.0,1.0
KXNBAREB-26APR09MIATOR-MIATHERRO14-5,2026-04-09,reb,4.5,3.587,0.9129999999999998,0.2975,0.30051559782276394,0.0,1.0
KXNBAREB-26APR09MIATOR-MIATHERRO14-6,2026-04-09,reb,5.5,3.587,1.9129999999999998,0.16675,0.18047787787128533,0.0,1.0
KXNBAREB-26APR09MIATOR-MIATHERRO14-8,2026-04-09,reb,7.5,3.587,3.913,0.0365,0.053728483929164295,0.0,1.0
KXNBAREB-26APR09MIATOR-TORIQUICKLEY5-10,2026-04-09,reb,9.5,2.98075,6.5192499999999995,0.003,0.004587572216418256,0.0,1.0
KXNBAREB-26APR09MIATOR-TORIQUICKLEY5-2,2026-04-09,reb,1.5,2.98075,-1.48075,0.764,0.7580657839112301,1.0,1.0
KXNBAREB-26APR09MIATOR-TORIQUICKLEY5-4,2026-04-09,reb,3.5,2.98075,0.51925,0.35275,0.34773984056107254,0.0,1.0
KXNBAREB-26APR09MIATOR-TORIQUICKLEY5-6,2026-04-09,reb,5.5,2.98075,2.51925,0.09575,0.106821196710151,0.0,1.0
KXNBAREB-26APR09MIATOR-TORIQUICKLEY5-8,2026-04-09,reb,7.5,2.98075,4.5192499999999995,0.01975,0.024600025671625225,0.0,1.0
KXNBAREB-26APR09MIATOR-TORJPOELTL19-10,2026-04-09,reb,9.5,5.763,3.737,0.09,0.11252382070714395,0.0,1.0
KXNBAREB-26APR09MIATOR-TORJPOELTL19-12,2026-04-09,reb,11.5,5.763,5.737,0.02675,0.04338893217789974,0.0,1.0
KXNBAREB-26APR09MIATOR-TORJPOELTL19-4,2026-04-09,reb,3.5,5.763,-2.263,0.7885,0.7608193410013308,0.0,1.0
KXNBAREB-26APR09MIATOR-TORJPOELTL19-6,2026-04-09,reb,5.5,5.763,-0.2629999999999999,0.506,0.487203382620201,0.0,1.0
KXNBAREB-26APR09MIATOR-TORJPOELTL19-8,2026-04-09,reb,7.5,5.763,1.737,0.23875,0.2546630280551765,0.0,1.0
KXNBAREB-26APR09MIATOR-TORRBARRETT9-10,2026-04-09,reb,9.5,4.27775,5.22225,0.0185,0.03187217621882532,0.0,1.0
KXNBAREB-26APR09MIATOR-TORRBARRETT9-2,2026-04-09,reb,1.5,4.27775,-2.77775,0.9155,0.8872625770513123,1.0,1.0
KXNBAREB-26APR09MIATOR-TORRBARRETT9-4,2026-04-09,reb,3.5,4.27775,-0.7777500000000002,0.60725,0.5788551395832322,1.0,1.0
KXNBAREB-26APR09MIATOR-TORRBARRETT9-6,2026-04-09,reb,5.5,4.27775,1.2222499999999998,0.26725,0.2769929381758198,1.0,1.0
KXNBAREB-26APR09MIATOR-TORRBARRETT9-8,2026-04-09,reb,7.5,4.27775,3.22225,0.08325,0.10340654502088431,0.0,1.0
KXNBAREB-26APR09MIATOR-TORSBARNES4-10,2026-04-09,reb,9.5,4.961,4.539,0.04425,0.062098374508052,0.0,1.0
KXNBAREB-26APR09MIATOR-TORSBARNES4-12,2026-04-09,reb,11.5,4.961,6.539,0.00925,0.01997099228054433,0.0,1.0
KXNBAREB-26APR09MIATOR-TORSBARNES4-4,2026-04-09,reb,3.5,4.961,-1.4610000000000003,0.71325,0.6737076539690798,1.0,1.0
KXNBAREB-26APR09MIATOR-TORSBARNES4-6,2026-04-09,reb,5.5,4.961,0.5389999999999997,0.3775,0.3761091321654795,0.0,1.0
KXNBAREB-26APR09MIATOR-TORSBARNES4-8,2026-04-09,reb,7.5,4.961,2.5389999999999997,0.1495,0.1672925610795727,0.0,1.0
KXNBAAST-26APR09MIATOR-MIABADEBAYO13-10,2026-04-09,ast,9.5,2.21,7.29,0.0005,0.0006358625003262119,0.0,1.0
KXNBAAST-26APR09MIATOR-MIABADEBAYO13-2,2026-04-09,ast,1.5,2.21,-0.71,0.6345,0.6203371351315647,1.0,1.0
KXNBAAST-26APR09MIATOR-MIABADEBAYO13-4,2026-04-09,ast,3.5,2.21,1.29,0.192,0.1958559620548952,1.0,1.0
KXNBAAST-26APR09MIATOR-MIABADEBAYO13-6,2026-04-09,ast,5.5,2.21,3.29,0.0315,0.038708148408226783,1.0,1.0
KXNBAAST-26APR09MIATOR-MIABADEBAYO13-8,2026-04-09,ast,7.5,2.21,5.29,0.0035,0.005560887520283608,1.0,1.0
KXNBAAST-26APR09MIATOR-MIADMITCHELL45-10,2026-04-09,ast,9.5,3.58175,5.9182500000000005,0.00775,0.012435301205769744,1.0,1.0
KXNBAAST-26APR09MIATOR-MIADMITCHELL45-2,2026-04-09,ast,1.5,3.58175,-2.08175,0.855,0.8324951947541693,1.0,1.0
KXNBAAST-26APR09MIATOR-MIADMITCHELL45-4,2026-04-09,ast,3.5,3.58175,-0.08174999999999999,0.47025,0.46287231599033773,1.0,1.0
KXNBAAST-26APR09MIATOR-MIADMITCHELL45-6,2026-04-09,ast,5.5,3.58175,1.91825,0.16125,0.1787313510782521,1.0,1.0
KXNBAAST-26APR09MIATOR-MIADMITCHELL45-8,2026-04-09,ast,7.5,3.58175,3.91825,0.0445,0.05232129663196827,1.0,1.0
KXNBAAST-26APR09MIATOR-MIANPOWELL24-10,2026-04-09,ast,9.5,1.58575,7.91425,0.0,5.7606863153703e-05,0.0,1.0
KXNBAAST-26APR09MIATOR-MIANPOWELL24-2,2026-04-09,ast,1.5,1.58575,-0.08574999999999999,0.46825,0.4573336698620969,0.0,1.0
KXNBAAST-26APR09MIATOR-MIANPOWELL24-4,2026-04-09,ast,3.5,1.58575,1.91425,0.08225,0.08964845159873192,0.0,1.0
KXNBAAST-26APR09MIATOR-MIANPOWELL24-6,2026-04-09,ast,5.5,1.58575,3.91425,0.01075,0.010478491713629023,0.0,1.0
KXNBAAST-26APR09MIATOR-MIANPOWELL24-8,2026-04-09,ast,7.5,1.58575,5.91425,0.00075,0.0008744563449163412,0.0,1.0
KXNBAAST-26APR09MIATOR-MIATHERRO14-2,2026-04-09,ast,1.5,2.88725,-1.3872499999999999,0.7615,0.7461057524367082,1.0,1.0
KXNBAAST-26APR09MIATOR-MIATHERRO14-4,2026-04-09,ast,3.5,2.88725,0.6127500000000001,0.328,0.3292589163617856,1.0,1.0
KXNBAAST-26APR09MIATOR-MIATHERRO14-5,2026-04-09,ast,4.5,2.88725,1.6127500000000001,0.18225,0.18557186867820574,0.0,1.0
KXNBAAST-26APR09MIATOR-MIATHERRO14-6,2026-04-09,ast,5.5,2.88725,2.61275,0.09,0.09583089686045909,0.0,1.0
KXNBAAST-26APR09MIATOR-MIATHERRO14-8,2026-04-09,ast,7.5,2.88725,4.61275,0.0125,0.020692507470544963,0.0,1.0
KXNBAAST-26APR09MIATOR-TORIQUICKLEY5-10,2026-04-09,ast,9.5,3.40425,6.09575,0.0055,0.009401190171601792,0.0,1.0
KXNBAAST-26APR09MIATOR-TORIQUICKLEY5-2,2026-04-09,ast,1.5,3.40425,-1.9042500000000002,0.84225,0.8137336861375783,1.0,1.0
KXNBAAST-26APR09MIATOR-TORIQUICKLEY5-4,2026-04-09,ast,3.5,3.40425,0.09574999999999978,0.4375,0.4299223671731134,1.0,1.0
KXNBAAST-26APR09MIATOR-TORIQUICKLEY5-6,2026-04-09,ast,5.5,3.40425,2.09575,0.13825,0.15571626948611628,0.0,1.0
KXNBAAST-26APR09MIATOR-TORIQUICKLEY5-8,2026-04-09,ast,7.5,3.40425,4.09575,0.03125,0.04251992842686947,0.0,1.0
KXNBAAST-26APR09MIATOR-TORJPOELTL19-2,2026-04-09,ast,1.5,1.504,-0.0040000000000000036,0.44525,0.4324180451969899,0.0,1.0
KXNBAAST-26APR09MIATOR-TORJPOELTL19-3,2026-04-09,ast,2.5,1.504,0.996,0.19325,0.1995993199230881,0.0,1.0
KXNBAAST-26APR09MIATOR-TORJPOELTL19-4,2026-04-09,ast,3.5,1.504,1.996,0.06525,0.07815615077925142,0.0,1.0
KXNBAAST-26APR09MIATOR-TORJPOELTL19-6,2026-04-09,ast,5.5,1.504,3.996,0.00575,0.008369816221651893,0.0,1.0
KXNBAAST-26APR09MIATOR-TORJPOELTL19-8,2026-04-09,ast,7.5,1.504,5.996,0.00025,0.0006385034354239316,0.0,1.0
KXNBAAST-26APR09MIATOR-TORRBARRETT9-10,2026-04-09,ast,9.5,2.33325,7.16675,0.0005,0.0009180111917705958,0.0,1.0
KXNBAAST-26APR09MIATOR-TORRBARRETT9-2,2026-04-09,ast,1.5,2.33325,-0.83325,0.66775,0.6469006469110788,1.0,1.0
KXNBAAST-26APR09MIATOR-TORRBARRETT9-4,2026-04-09,ast,3.5,2.33325,1.16675,0.2175,0.2194669305997664,0.0,1.0
KXNBAAST-26APR09MIATOR-TORRBARRETT9-6,2026-04-09,ast,5.5,2.33325,3.16675,0.0355,0.047056300029428844,0.0,1.0
KXNBAAST-26APR09MIATOR-TORRBARRETT9-8,2026-04-09,ast,7.5,2.33325,5.16675,0.003,0.0073608376089349115,0.0,1.0
KXNBAAST-26APR09MIATOR-TORSBARNES4-10,2026-04-09,ast,9.5,3.8625,5.6375,0.009,0.018543609825664942,0.0,1.0
KXNBAAST-26APR09MIATOR-TORSBARNES4-12,2026-04-09,ast,11.5,3.8625,7.6375,0.0005,0.004179731104672291,0.0,1.0
KXNBAAST-26APR09MIATOR-TORSBARNES4-6,2026-04-09,ast,5.5,3.8625,1.6375000000000002,0.20575,0.21699668392506888,0.0,1.0
KXNBAAST-26APR09MIATOR-TORSBARNES4-7,2026-04-09,ast,6.5,3.8625,2.6375,0.10525,0.1271040693047254,0.0,1.0
KXNBAAST-26APR09MIATOR-TORSBARNES4-8,2026-04-09,ast,7.5,3.8625,3.6375,0.048,0.07024829762527995,0.0,1.0
KXNBA3PT-26APR09MIATOR-MIANPOWELL24-1,2026-04-09,fg3m,0.5,1.672,-1.172,0.799,0.7795063248315006,0.0,1.0
KXNBA3PT-26APR09MIATOR-MIANPOWELL24-2,2026-04-09,fg3m,1.5,1.672,-0.17199999999999993,0.489,0.4770815936663373,0.0,1.0
KXNBA3PT-26APR09MIATOR-MIANPOWELL24-3,2026-04-09,fg3m,2.5,1.672,0.8280000000000001,0.23625,0.2425123435462746,0.0,1.0
KXNBA3PT-26APR09MIATOR-MIANPOWELL24-4,2026-04-09,fg3m,3.5,1.672,1.828,0.10025,0.1071710426383029,0.0,1.0
KXNBA3PT-26APR09MIATOR-MIANPOWELL24-5,2026-04-09,fg3m,4.5,1.672,2.8280000000000003,0.0335,0.04252489664304726,0.0,1.0
KXNBA3PT-26APR09MIATOR-MIATHERRO14-1,2026-04-09,fg3m,0.5,1.81325,-1.31325,0.81875,0.8034594071385245,1.0,1.0
KXNBA3PT-26APR09MIATOR-MIATHERRO14-2,2026-04-09,fg3m,1.5,1.81325,-0.31325000000000003,0.53,0.5154861263617303,1.0,1.0
KXNBA3PT-26APR09MIATOR-MIATHERRO14-3,2026-04-09,fg3m,2.5,1.81325,0.68675,0.28075,0.2768782717612479,1.0,1.0
KXNBA3PT-26APR09MIATOR-MIATHERRO14-4,2026-04-09,fg3m,3.5,1.81325,1.68675,0.12175,0.12980872010017241,0.0,1.0
KXNBA3PT-26APR09MIATOR-MIATHERRO14-5,2026-04-09,fg3m,4.5,1.81325,2.68675,0.04425,0.05476509139745056,0.0,1.0
KXNBA3PT-26APR09MIATOR-TORSBARNES4-1,2026-04-09,fg3m,0.5,0.56725,-0.06725000000000003,0.43125,0.42141110019189354,1.0,1.0
KXNBA3PT-26APR09MIATOR-TORSBARNES4-2,2026-04-09,fg3m,1.5,0.56725,0.93275,0.11,0.1159083777078539,1.0,1.0
KXNBA3PT-26APR09MIATOR-TORSBARNES4-3,2026-04-09,fg3m,2.5,0.56725,1.93275,0.02225,0.024687828764134778,0.0,1.0
KXNBA3PT-26APR09MIATOR-TORSBARNES4-4,2026-04-09,fg3m,3.5,0.56725,2.93275,0.003,0.004426133983814529,0.0,1.0
KXNBA3PT-26APR09MIATOR-TORSBARNES4-5,2026-04-09,fg3m,4.5,0.56725,3.93275,0.0005,0.000700399672727614,0.0,1.0
KXNBAAST-26APR09CHIWAS-WASBCARRINGTON7-10,2026-04-09,ast,9.5,3.358,6.1419999999999995,0.00425,0.008707055224454363,0.0,1.0
KXNBAAST-26APR09CHIWAS-WASBCARRINGTON7-2,2026-04-09,ast,1.5,3.358,-1.858,0.8275,0.8085034295977559,1.0,1.0
KXNBAAST-26APR09CHIWAS-WASBCARRINGTON7-4,2026-04-09,ast,3.5,3.358,0.1419999999999999,0.42475,0.4211736341656117,1.0,1.0
KXNBAAST-26APR09CHIWAS-WASBCARRINGTON7-6,2026-04-09,ast,5.5,3.358,2.142,0.13775,0.14989871084115103,0.0,1.0
KXNBAAST-26APR09CHIWAS-WASBCARRINGTON7-8,2026-04-09,ast,7.5,3.358,4.1419999999999995,0.0325,0.04016240753556588,0.0,1.0
KXNBAPTS-26APR08ATLCLE-ATLCMCCOLLUM3-15,2026-04-08,pts,14.5,13.22775,1.2722499999999997,0.388,0.3711774555188475,0.0,1.0
KXNBAPTS-26APR08ATLCLE-ATLCMCCOLLUM3-20,2026-04-08,pts,19.5,13.22775,6.27225,0.154,0.15819965916492595,0.0,1.0
KXNBAPTS-26APR08ATLCLE-ATLCMCCOLLUM3-25,2026-04-08,pts,24.5,13.22775,11.27225,0.047,0.056789303269736746,0.0,1.0
KXNBAPTS-26APR08ATLCLE-ATLCMCCOLLUM3-30,2026-04-08,pts,29.5,13.22775,16.27225,0.01175,0.017948439042376085,0.0,1.0
KXNBAPTS-26APR08ATLCLE-ATLDDANIELS5-10,2026-04-08,pts,9.5,8.60475,0.8952500000000008,0.39125,0.37022951064266163,1.0,1.0
KXNBAPTS-26APR08ATLCLE-ATLDDANIELS5-15,2026-04-08,pts,14.5,8.60475,5.895250000000001,0.1095,0.10474109906223694,0.0,1.0
KXNBAPTS-26APR08ATLCLE-ATLDDANIELS5-20,2026-04-08,pts,19.5,8.60475,10.89525,0.02325,0.021881960610938833,0.0,1.0
KXNBAPTS-26APR08ATLCLE-ATLJJOHNSON1-15,2026-04-08,pts,14.5,14.455,0.04499999999999993,0.461,0.44308233030131805,0.0,1.0
KXNBAPTS-26APR08ATLCLE-ATLJJOHNSON1-20,2026-04-08,pts,19.5,14.455,5.045,0.207,0.21205767849925738,0.0,1.0
KXNBAPTS-26APR08ATLCLE-ATLJJOHNSON1-25,2026-04-08,pts,24.5,14.455,10.045,0.07675,0.08619480689085779,0.0,1.0
KXNBAPTS-26APR08ATLCLE-ATLJJOHNSON1-30,2026-04-08,pts,29.5,14.455,15.045,0.01875,0.030984354902325317,0.0,1.0
KXNBAPTS-26APR08ATLCLE-ATLJKUMINGA0-10,2026-04-08,pts,9.5,7.29325,2.2067500000000004,0.2825,0.25636563829378467,1.0,1.0
KXNBAPTS-26APR08ATLCLE-ATLJKUMINGA0-15,2026-04-08,pts,14.5,7.29325,7.20675,0.06675,0.05255544138496848,1.0,1.0
KXNBAPTS-26APR08ATLCLE-ATLJKUMINGA0-20,2026-04-08,pts,19.5,7.29325,12.20675,0.0125,0.007799298535750787,1.0,1.0
KXNBAPTS-26APR08ATLCLE-ATLJKUMINGA0-25,2026-04-08,pts,24.5,7.29325,17.20675,0.002,0.0009367265811953684,0.0,1.0
KXNBAPTS-26APR08ATLCLE-ATLNALEXANDERWALKER7-15,2026-04-08,pts,14.5,14.82275,-0.3227499999999992,0.47825,0.4637445764428386,1.0,1.0
KXNBAPTS-26APR08ATLCLE-ATLNALEXANDERWALKER7-20,2026-04-08,pts,19.5,14.82275,4.677250000000001,0.232,0.22891942637438223,1.0,1.0
KXNBAPTS-26APR08ATLCLE-ATLNALEXANDERWALKER7-25,2026-04-08,pts,24.5,14.82275,9.67725,0.08675,0.096210539448769,1.0,1.0
KXNBAPTS-26APR08ATLCLE-ATLNALEXANDERWALKER7-30,2026-04-08,pts,29.5,14.82275,14.67725,0.025,0.03580793144798511,0.0,1.0
KXNBAPTS-26APR08ATLCLE-ATLOOKONGWU17-10,2026-04-08,pts,9.5,9.7815,-0.2814999999999994,0.475,0.46702438082747,1.0,1.0
KXNBAPTS-26APR08ATLCLE-ATLOOKONGWU17-15,2026-04-08,pts,14.5,9.7815,4.718500000000001,0.18275,0.16484084166173107,1.0,1.0
KXNBAPTS-26APR08ATLCLE-ATLOOKONGWU17-20,2026-04-08,pts,19.5,9.7815,9.7185,0.04975,0.04373874086266838,0.0,1.0
KXNBAPTS-26APR08ATLCLE-ATLOOKONGWU17-25,2026-04-08,pts,24.5,9.7815,14.7185,0.0105,0.009548309911842079,0.0,1.0
KXNBAPTS-26APR08ATLCLE-CLEEMOBLEY4-10,2026-04-08,pts,9.5,11.62675,-2.1267499999999995,0.61975,0.5981054430558922,1.0,1.0
KXNBAPTS-26APR08ATLCLE-CLEEMOBLEY4-15,2026-04-08,pts,14.5,11.62675,2.8732500000000005,0.28275,0.2735075689154014,1.0,1.0
KXNBAPTS-26APR08ATLCLE-CLEEMOBLEY4-20,2026-04-08,pts,19.5,11.62675,7.8732500000000005,0.08625,0.09665221643607314,1.0,1.0
KXNBAPTS-26APR08ATLCLE-CLEEMOBLEY4-25,2026-04-08,pts,24.5,11.62675,12.87325,0.01775,0.028454306929337148,0.0,1.0
KXNBAPTS-26APR08ATLCLE-CLEEMOBLEY4-30,2026-04-08,pts,29.5,11.62675,17.87325,0.00225,0.007333118117037074,0.0,1.0
KXNBAPTS-26APR08ATLCLE-CLEJALLEN31-10,2026-04-08,pts,9.5,9.83375,-0.3337500000000002,0.48275,0.4711131188928227,1.0,1.0
KXNBAPTS-26APR08ATLCLE-CLEJALLEN31-15,2026-04-08,pts,14.5,9.83375,4.66625,0.174,0.16772965985045452,1.0,1.0
KXNBAPTS-26APR08ATLCLE-CLEJALLEN31-20,2026-04-08,pts,19.5,9.83375,9.66625,0.047,0.044927647565283224,0.0,1.0
KXNBAPTS-26APR08ATLCLE-CLEJALLEN31-25,2026-04-08,pts,24.5,9.83375,14.66625,0.01,0.00990441944406828,0.0,1.0
KXNBAPTS-26APR08ATLCLE-CLEJHARDEN1-15,2026-04-08,pts,14.5,13.37,1.1300000000000008,0.39875,0.3797068144889486,1.0,1.0
KXNBAPTS-26APR08ATLCLE-CLEJHARDEN1-20,2026-04-08,pts,19.5,13.37,6.130000000000001,0.164,0.1642038109911328,1.0,1.0
KXNBAPTS-26APR08ATLCLE-CLEJHARDEN1-25,2026-04-08,pts,24.5,13.37,11.13,0.0505,0.05986541302744208,0.0,1.0
KXNBAPTS-26APR08ATLCLE-CLEJHARDEN1-30,2026-04-08,pts,29.5,13.37,16.130000000000003,0.013,0.01922610743424391,0.0,1.0
KXNBAREB-26APR08ATLCLE-ATLDDANIELS5-10,2026-04-08,reb,9.5,5.17325,4.32675,0.05325,0.07392835962959199,0.0,1.0
KXNBAREB-26APR08ATLCLE-ATLDDANIELS5-12,2026-04-08,reb,11.5,5.17325,6.32675,0.01375,0.02504582315082049,0.0,1.0
KXNBAREB-26APR08ATLCLE-ATLDDANIELS5-6,2026-04-08,reb,5.5,5.17325,0.32674999999999965,0.4085,0.4063883584219359,1.0,1.0
KXNBAREB-26APR08ATLCLE-ATLDDANIELS5-7,2026-04-08,reb,6.5,5.17325,1.3267499999999997,0.27425,0.28441069150318454,1.0,1.0
KXNBAREB-26APR08ATLCLE-ATLDDANIELS5-8,2026-04-08,reb,7.5,5.17325,2.3267499999999997,0.16525,0.18941821928758962,0.0,1.0
KXNBAREB-26APR08ATLCLE-ATLJJOHNSON1-10,2026-04-08,reb,9.5,7.34325,2.1567499999999997,0.21325,0.24753862053971776,1.0,1.0
KXNBAREB-26APR08ATLCLE-ATLJJOHNSON1-12,2026-04-08,reb,11.5,7.34325,4.15675,0.0895,0.12428942674437071,0.0,1.0
KXNBAREB-26APR08ATLCLE-ATLJJOHNSON1-14,2026-04-08,reb,13.5,7.34325,6.15675,0.02875,0.056370706478135135,0.0,1.0
KXNBAREB-26APR08ATLCLE-ATLJJOHNSON1-6,2026-04-08,reb,5.5,7.34325,-1.8432500000000003,0.72225,0.6680208735264022,1.0,1.0
KXNBAREB-26APR08ATLCLE-ATLJJOHNSON1-8,2026-04-08,reb,7.5,7.34325,0.15674999999999972,0.44775,0.4366896177295465,1.0,1.0
KXNBAREB-26APR08ATLCLE-ATLJKUMINGA0-2,2026-04-08,reb,1.5,3.7435,-2.2435,0.876,0.8459087745161464,1.0,1.0
KXNBAREB-26APR08ATLCLE-ATLJKUMINGA0-4,2026-04-08,reb,3.5,3.7435,-0.24350000000000005,0.50675,0.49088321227180387,1.0,1.0
KXNBAREB-26APR08ATLCLE-ATLJKUMINGA0-5,2026-04-08,reb,4.5,3.7435,0.7565,0.32575,0.32670364737690194,1.0,1.0
KXNBAREB-26APR08ATLCLE-ATLJKUMINGA0-6,2026-04-08,reb,5.5,3.7435,1.7565,0.18875,0.2015218505109071,1.0,1.0
KXNBAREB-26APR08ATLCLE-ATLJKUMINGA0-8,2026-04-08,reb,7.5,3.7435,3.7565,0.04175,0.06348534793906202,0.0,1.0
KXNBAREB-26APR08ATLCLE-ATLNALEXANDERWALKER7-10,2026-04-08,reb,9.5,2.74775,6.75225,0.001,0.0028002934268793744,0.0,1.0
KXNBAREB-26APR08ATLCLE-ATLNALEXANDERWALKER7-2,2026-04-08,reb,1.5,2.74775,-1.24775,0.7535,0.7222583823057648,1.0,1.0
KXNBAREB-26APR08ATLCLE-ATLNALEXANDERWALKER7-4,2026-04-08,reb,3.5,2.74775,0.7522500000000001,0.29275,0.30160232723170144,1.0,1.0
KXNBAREB-26APR08ATLCLE-ATLNALEXANDERWALKER7-6,2026-04-08,reb,5.5,2.74775,2.75225,0.06925,0.0828879747821204,0.0,1.0
KXNBAREB-26APR08ATLCLE-ATLNALEXANDERWALKER7-8,2026-04-08,reb,7.5,2.74775,4.75225,0.00925,0.016958244640527087,0.0,1.0
KXNBAREB-26APR08ATLCLE-ATLOOKONGWU17-10,2026-04-08,reb,9.5,5.62975,3.8702500000000004,0.083,0.10310389194257397,0.0,1.0
KXNBAREB-26APR08ATLCLE-ATLOOKONGWU17-12,2026-04-08,reb,11.5,5.62975,5.87025,0.02625,0.038679860573778924,0.0,1.0
KXNBAREB-26APR08ATLCLE-ATLOOKONGWU17-4,2026-04-08,reb,3.5,5.62975,-2.1297499999999996,0.78025,0.7480137920906756,1.0,1.0
KXNBAREB-26APR08ATLCLE-ATLOOKONGWU17-6,2026-04-08,reb,5.5,5.62975,-0.1297499999999996,0.484,0.46945881302515036,0.0,1.0
KXNBAREB-26APR08ATLCLE-ATLOOKONGWU17-8,2026-04-08,reb,7.5,5.62975,1.8702500000000004,0.22225,0.2395473151221108,0.0,1.0
KXNBAREB-26APR08ATLCLE-CLEEMOBLEY4-10,2026-04-08,reb,9.5,5.8075,3.6925,0.0875,0.1157550896238605,1.0,1.0
KXNBAREB-26APR08ATLCLE-CLEEMOBLEY4-12,2026-04-08,reb,11.5,5.8075,5.6925,0.02325,0.045036438701135384,1.0,1.0
KXNBAREB-26APR08ATLCLE-CLEEMOBLEY4-6,2026-04-08,reb,5.5,5.8075,-0.3075000000000001,0.514,0.4930535842446835,1.0,1.0
KXNBAREB-26APR08ATLCLE-CLEEMOBLEY4-8,2026-04-08,reb,7.5,5.8075,1.6925,0.2385,0.259746478882633,1.0,1.0
KXNBAREB-26APR08ATLCLE-CLEEMOBLEY4-9,2026-04-08,reb,8.5,5.8075,2.6925,0.14975,0.1766890764389547,1.0,1.0
KXNBAREB-26APR08ATLCLE-CLEJALLEN31-10,2026-04-08,reb,9.5,5.46625,4.03375,0.06975,0.09208876959147971,0.0,1.0
KXNBAREB-26APR08ATLCLE-CLEJALLEN31-12,2026-04-08,reb,11.5,5.46625,6.03375,0.0185,0.03335721221793975,0.0,1.0
KXNBAREB-26APR08ATLCLE-CLEJALLEN31-4,2026-04-08,reb,3.5,5.46625,-1.9662499999999996,0.768,0.7314290637835055,1.0,1.0
KXNBAREB-26APR08ATLCLE-CLEJALLEN31-6,2026-04-08,reb,5.5,5.46625,0.03375000000000039,0.45925,0.447247920542199,1.0,1.0
KXNBAREB-26APR08ATLCLE-CLEJALLEN31-8,2026-04-08,reb,7.5,5.46625,2.0337500000000004,0.20725,0.22126043187284739,1.0,1.0
KXNBAREB-26APR08ATLCLE-CLEJHARDEN1-2,2026-04-08,reb,1.5,3.53925,-2.03925,0.86175,0.8261913172192634,1.0,1.0
KXNBAREB-26APR08ATLCLE-CLEJHARDEN1-4,2026-04-08,reb,3.5,3.53925,-0.03925000000000001,0.45775,0.454283636145976,1.0,1.0
KXNBAREB-26APR08ATLCLE-CLEJHARDEN1-5,2026-04-08,reb,4.5,3.53925,0.96075,0.28575,0.2925290363547929,1.0,1.0
KXNBAREB-26APR08ATLCLE-CLEJHARDEN1-6,2026-04-08,reb,5.5,3.53925,1.96075,0.1575,0.17419245761373559,0.0,1.0
KXNBAREB-26APR08ATLCLE-CLEJHARDEN1-8,2026-04-08,reb,7.5,3.53925,3.96075,0.03725,0.0509338801171384,0.0,1.0
KXNBAAST-26APR08ATLCLE-ATLCMCCOLLUM3-2,2026-04-08,ast,1.5,2.8175,-1.3175,0.75525,0.7352843862553365,1.0,1.0
KXNBAAST-26APR08ATLCLE-ATLCMCCOLLUM3-4,2026-04-08,ast,3.5,2.8175,0.6825000000000001,0.31575,0.3153567848882761,1.0,1.0
KXNBAAST-26APR08ATLCLE-ATLCMCCOLLUM3-5,2026-04-08,ast,4.5,2.8175,1.6825,0.16325,0.17482224039228644,0.0,1.0
KXNBAAST-26APR08ATLCLE-ATLCMCCOLLUM3-6,2026-04-08,ast,5.5,2.8175,2.6825,0.07675,0.08873033818743892,0.0,1.0
KXNBAAST-26APR08ATLCLE-ATLCMCCOLLUM3-8,2026-04-08,ast,7.5,2.8175,4.6825,0.01375,0.018482156649357817,0.0,1.0
KXNBAAST-26APR08ATLCLE-ATLJJOHNSON1-10,2026-04-08,ast,9.5,4.53,4.97,0.03025,0.04046384923786306,0.0,1.0
KXNBAAST-26APR08ATLCLE-ATLJJOHNSON1-12,2026-04-08,ast,11.5,4.53,6.97,0.00525,0.011337484310310564,0.0,1.0
KXNBAAST-26APR08ATLCLE-ATLJJOHNSON1-4,2026-04-08,ast,3.5,4.53,-1.0300000000000002,0.63875,0.618185463280737,1.0,1.0
KXNBAAST-26APR08ATLCLE-ATLJJOHNSON1-6,2026-04-08,ast,5.5,4.53,0.9699999999999998,0.305,0.31326911930699186,1.0,1.0
KXNBAAST-26APR08ATLCLE-ATLJJOHNSON1-8,2026-04-08,ast,7.5,4.53,2.9699999999999998,0.10325,0.12402635823863051,0.0,1.0
KXNBAAST-26APR08ATLCLE-ATLNALEXANDERWALKER7-10,2026-04-08,ast,9.5,2.428,7.072,0.00075,0.0011958537007636938,0.0,1.0
KXNBAAST-26APR08ATLCLE-ATLNALEXANDERWALKER7-2,2026-04-08,ast,1.5,2.428,-0.9279999999999999,0.68875,0.6661430633113259,1.0,1.0
KXNBAAST-26APR08ATLCLE-ATLNALEXANDERWALKER7-4,2026-04-08,ast,3.5,2.428,1.072,0.235,0.23794384158254778,0.0,1.0
KXNBAAST-26APR08ATLCLE-ATLNALEXANDERWALKER7-6,2026-04-08,ast,5.5,2.428,3.072,0.039,0.054111520696074944,0.0,1.0
KXNBAAST-26APR08ATLCLE-ATLNALEXANDERWALKER7-8,2026-04-08,ast,7.5,2.428,5.072,0.0045,0.009003124249515326,0.0,1.0
KXNBAAST-26APR08ATLCLE-ATLOOKONGWU17-2,2026-04-08,ast,1.5,1.94425,-0.44425000000000003,0.566,0.5568741349367528,0.0,1.0
KXNBAAST-26APR08ATLCLE-ATLOOKONGWU17-3,2026-04-08,ast,2.5,1.94425,0.55575,0.302,0.30880059788817293,0.0,1.0
KXNBAAST-26APR08ATLCLE-ATLOOKONGWU17-4,2026-04-08,ast,3.5,1.94425,1.55575,0.14125,0.14732235036770014,0.0,1.0
KXNBAAST-26APR08ATLCLE-ATLOOKONGWU17-6,2026-04-08,ast,5.5,1.94425,3.5557499999999997,0.0235,0.02389709700128617,0.0,1.0
KXNBAAST-26APR08ATLCLE-ATLOOKONGWU17-8,2026-04-08,ast,7.5,1.94425,5.55575,0.002,0.0027959563717370184,0.0,1.0
KXNBAAST-26APR08ATLCLE-CLEJHARDEN1-10,2026-04-08,ast,9.5,4.57925,4.92075,0.0225,0.042526229693498174,0.0,1.0
KXNBAAST-26APR08ATLCLE-CLEJHARDEN1-12,2026-04-08,ast,11.5,4.57925,6.92075,0.004,0.012086839680694905,0.0,1.0
KXNBAAST-26APR08ATLCLE-CLEJHARDEN1-6,2026-04-08,ast,5.5,4.57925,0.92075,0.3155,0.32049163338079756,0.0,1.0
KXNBAAST-26APR08ATLCLE-CLEJHARDEN1-8,2026-04-08,ast,7.5,4.57925,2.92075,0.0975,0.12855424401418658,0.0,1.0
KXNBAAST-26APR08ATLCLE-CLEJHARDEN1-9,2026-04-08,ast,8.5,4.57925,3.92075,0.0485,0.07552668600906887,0.0,1.0
KXNBA3PT-26APR08ATLCLE-ATLCMCCOLLUM3-1,2026-04-08,fg3m,0.5,1.645,-1.145,0.79425,0.7745609292808558,0.0,1.0
KXNBA3PT-26APR08ATLCLE-ATLCMCCOLLUM3-2,2026-04-08,fg3m,1.5,1.645,-0.14500000000000002,0.47775,0.4694611375639076,0.0,1.0
KXNBA3PT-26APR08ATLCLE-ATLCMCCOLLUM3-3,2026-04-08,fg3m,2.5,1.645,0.855,0.231,0.2359609434082658,0.0,1.0
KXNBA3PT-26APR08ATLCLE-ATLCMCCOLLUM3-4,2026-04-08,fg3m,3.5,1.645,1.855,0.09125,0.1030263315655815,0.0,1.0
KXNBA3PT-26APR08ATLCLE-ATLCMCCOLLUM3-5,2026-04-08,fg3m,4.5,1.645,2.855,0.0355,0.040373324145079215,0.0,1.0
KXNBA3PT-26APR08ATLCLE-ATLJJOHNSON1-1,2026-04-08,fg3m,0.5,1.1795,-0.6795,0.67625,0.6660597521407111,0.0,1.0
KXNBA3PT-26APR08ATLCLE-ATLJJOHNSON1-2,2026-04-08,fg3m,1.5,1.1795,0.3205,0.33,0.3248925148734173,0.0,1.0
KXNBA3PT-26APR08ATLCLE-ATLJJOHNSON1-3,2026-04-08,fg3m,2.5,1.1795,1.3205,0.12075,0.12778713358998162,0.0,1.0
KXNBA3PT-26APR08ATLCLE-ATLJJOHNSON1-4,2026-04-08,fg3m,3.5,1.1795,2.3205,0.0425,0.04307704518010569,0.0,1.0
KXNBA3PT-26APR08ATLCLE-ATLJJOHNSON1-5,2026-04-08,fg3m,4.5,1.1795,3.3205,0.00875,0.012938324500055276,0.0,1.0
KXNBA3PT-26APR08ATLCLE-ATLNALEXANDERWALKER7-2,2026-04-08,fg3m,1.5,2.3465,-0.8464999999999998,0.66825,0.6387921434958761,1.0,1.0
KXNBA3PT-26APR08ATLCLE-ATLNALEXANDERWALKER7-3,2026-04-08,fg3m,2.5,2.3465,0.1535000000000002,0.41325,0.4033579110393718,1.0,1.0
KXNBA3PT-26APR08ATLCLE-ATLNALEXANDERWALKER7-4,2026-04-08,fg3m,3.5,2.3465,1.1535000000000002,0.21775,0.2256025892933622,1.0,1.0
KXNBA3PT-26APR08ATLCLE-ATLNALEXANDERWALKER7-5,2026-04-08,fg3m,4.5,2.3465,2.1535,0.09475,0.114498859570766,0.0,1.0
KXNBA3PT-26APR08ATLCLE-ATLNALEXANDERWALKER7-6,2026-04-08,fg3m,5.5,2.3465,3.1535,0.0385,0.05371916652026587,0.0,1.0
KXNBA3PT-26APR08ATLCLE-CLEJHARDEN1-1,2026-04-08,fg3m,0.5,1.974,-1.474,0.859,0.827211804785553,1.0,1.0
KXNBA3PT-26APR08ATLCLE-CLEJHARDEN1-2,2026-04-08,fg3m,1.5,1.974,-0.474,0.5855,0.5562078929972254,1.0,1.0
KXNBA3PT-26APR08ATLCLE-CLEJHARDEN1-3,2026-04-08,fg3m,2.5,1.974,0.526,0.3115,0.31584376150003524,1.0,1.0
KXNBA3PT-26APR08ATLCLE-CLEJHARDEN1-4,2026-04-08,fg3m,3.5,1.974,1.526,0.13625,0.1572561523594065,1.0,1.0
KXNBA3PT-26APR08ATLCLE-CLEJHARDEN1-5,2026-04-08,fg3m,4.5,1.974,2.526,0.05475,0.07063541663407802,0.0,1.0
KXNBAPTS-26APR08MEMDEN-DENAGORDON32-10,2026-04-08,pts,9.5,12.41925,-2.91925,0.66025,0.6455991999694806,0.0,1.0
KXNBAPTS-26APR08MEMDEN-DENAGORDON32-15,2026-04-08,pts,14.5,12.41925,2.08075,0.343,0.3220685186643666,0.0,1.0
KXNBAPTS-26APR08MEMDEN-DENAGORDON32-20,2026-04-08,pts,19.5,12.41925,7.08075,0.13,0.12560477009943005,0.0,1.0
KXNBAPTS-26APR08MEMDEN-DENAGORDON32-25,2026-04-08,pts,24.5,12.41925,12.08075,0.03725,0.04103041889902648,0.0,1.0
KXNBAPTS-26APR08MEMDEN-DENCBRAUN0-10,2026-04-08,pts,9.5,9.47425,0.025750000000000384,0.45275,0.44258435015442643,1.0,1.0
KXNBAPTS-26APR08MEMDEN-DENCBRAUN0-15,2026-04-08,pts,14.5,9.47425,5.02575,0.159,0.1481866930714213,0.0,1.0
KXNBAPTS-26APR08MEMDEN-DENCBRAUN0-20,2026-04-08,pts,19.5,9.47425,10.02575,0.0375,0.037126059779179155,0.0,1.0
KXNBAPTS-26APR08MEMDEN-DENCJOHNSON23-10,2026-04-08,pts,9.5,9.34775,0.15225000000000044,0.44775,0.4323337648488845,1.0,1.0
KXNBAPTS-26APR08MEMDEN-DENCJOHNSON23-15,2026-04-08,pts,14.5,9.34775,5.15225,0.16925,0.14150824356797842,1.0,1.0
KXNBAPTS-26APR08MEMDEN-DENCJOHNSON23-20,2026-04-08,pts,19.5,9.34775,10.15225,0.0465,0.03459139077551232,0.0,1.0
KXNBAPTS-26APR08MEMDEN-DENCJOHNSON23-25,2026-04-08,pts,24.5,9.34775,15.15225,0.00875,0.006936630952048217,0.0,1.0
KXNBAPTS-26APR08MEMDEN-DENJMURRAY27-15,2026-04-08,pts,14.5,17.954,-3.4540000000000006,0.6615,0.6182263660605074,1.0,1.0
KXNBAPTS-26APR08MEMDEN-DENJMURRAY27-20,2026-04-08,pts,19.5,17.954,1.5459999999999994,0.391,0.3761550579289402,1.0,1.0
KXNBAPTS-26APR08MEMDEN-DENJMURRAY27-25,2026-04-08,pts,24.5,17.954,6.545999999999999,0.18325,0.19893062155085617,1.0,1.0
KXNBAPTS-26APR08MEMDEN-DENJMURRAY27-30,2026-04-08,pts,29.5,17.954,11.546,0.06625,0.09423655555557386,0.0,1.0
KXNBAPTS-26APR08MEMDEN-DENJMURRAY27-35,2026-04-08,pts,34.5,17.954,16.546,0.02175,0.04092538652660482,0.0,1.0
KXNBAPTS-26APR08MEMDEN-DENNJOKIC15-20,2026-04-08,pts,19.5,20.2375,-0.7375000000000007,0.5105,0.47779380727354315,0.0,1.0
KXNBAPTS-26APR08MEMDEN-DENNJOKIC15-25,2026-04-08,pts,24.5,20.2375,4.262499999999999,0.27025,0.2853576350482153,0.0,1.0
KXNBAPTS-26APR08MEMDEN-DENNJOKIC15-30,2026-04-08,pts,29.5,20.2375,9.2625,0.1115,0.15392286454020365,0.0,1.0
KXNBAPTS-26APR08MEMDEN-DENNJOKIC15-35,2026-04-08,pts,34.5,20.2375,14.2625,0.037,0.07649640847065031,0.0,1.0
KXNBAPTS-26APR08MEMDEN-MEMCCOWARD23-10,2026-04-08,pts,9.5,7.835,1.665,0.325,0.3035693704265461,1.0,1.0
KXNBAPTS-26APR08MEMDEN-MEMCCOWARD23-15,2026-04-08,pts,14.5,7.835,6.665,0.08825,0.07191594843842586,1.0,1.0
KXNBAPTS-26APR08MEMDEN-MEMCCOWARD23-20,2026-04-08,pts,19.5,7.835,11.665,0.01525,0.012434734736984643,1.0,1.0
KXNBAPTS-26APR08MEMDEN-MEMCCOWARD23-25,2026-04-08,pts,24.5,7.835,16.665,0.0015,0.0017462029167872872,1.0,1.0
KXNBAREB-26APR08MEMDEN-DENAGORDON32-10,2026-04-08,reb,9.5,4.62825,4.87175,0.03725,0.045873370159254745,0.0,1.0
KXNBAREB-26APR08MEMDEN-DENAGORDON32-2,2026-04-08,reb,1.5,4.62825,-3.1282500000000004,0.9345,0.907935368135482,1.0,1.0
KXNBAREB-26APR08MEMDEN-DENAGORDON32-4,2026-04-08,reb,3.5,4.62825,-1.1282500000000004,0.65125,0.6300044800308271,0.0,1.0
KXNBAREB-26APR08MEMDEN-DENAGORDON32-6,2026-04-08,reb,5.5,4.62825,0.8717499999999996,0.31325,0.32792570770356844,0.0,1.0
KXNBAREB-26APR08MEMDEN-DENAGORDON32-8,2026-04-08,reb,7.5,4.62825,2.8717499999999996,0.1205,0.1346135857509937,0.0,1.0
KXNBAREB-26APR08MEMDEN-DENCJOHNSON23-10,2026-04-08,reb,9.5,3.09825,6.40175,0.00325,0.0057594193765363455,0.0,1.0
KXNBAREB-26APR08MEMDEN-DENCJOHNSON23-2,2026-04-08,reb,1.5,3.09825,-1.5982500000000002,0.79225,0.774345003128998,1.0,1.0
KXNBAREB-26APR08MEMDEN-DENCJOHNSON23-4,2026-04-08,reb,3.5,3.09825,0.40174999999999983,0.37775,0.3707623099773416,0.0,1.0
KXNBAREB-26APR08MEMDEN-DENCJOHNSON23-6,2026-04-08,reb,5.5,3.09825,2.40175,0.1075,0.11991542735821326,0.0,1.0
KXNBAREB-26APR08MEMDEN-DENCJOHNSON23-8,2026-04-08,reb,7.5,3.09825,4.40175,0.02075,0.02917933238756809,0.0,1.0
KXNBAREB-26APR08MEMDEN-DENNJOKIC15-10,2026-04-08,reb,9.5,9.901,-0.4009999999999998,0.5285,0.49179213033157887,1.0,1.0
KXNBAREB-26APR08MEMDEN-DENNJOKIC15-12,2026-04-08,reb,11.5,9.901,1.5990000000000002,0.3095,0.3231823496911136,1.0,1.0
KXNBAREB-26APR08MEMDEN-DENNJOKIC15-13,2026-04-08,reb,12.5,9.901,2.599,0.214,0.25349922522286195,1.0,1.0
KXNBAREB-26APR08MEMDEN-DENNJOKIC15-14,2026-04-08,reb,13.5,9.901,3.599,0.14325,0.19488671814862202,1.0,1.0
KXNBAREB-26APR08MEMDEN-DENNJOKIC15-16,2026-04-08,reb,15.5,9.901,5.599,0.06225,0.10902940856333998,1.0,1.0
KXNBAAST-26APR08MEMDEN-DENAGORDON32-2,2026-04-08,ast,1.5,2.2045,-0.7044999999999999,0.634,0.6191103414217312,1.0,1.0
KXNBAAST-26APR08MEMDEN-DENAGORDON32-3,2026-04-08,ast,2.5,2.2045,0.2955000000000001,0.37875,0.3728906468091264,1.0,1.0
KXNBAAST-26APR08MEMDEN-DENAGORDON32-4,2026-04-08,ast,3.5,2.2045,1.2955,0.193,0.19481578690909018,1.0,1.0
KXNBAAST-26APR08MEMDEN-DENAGORDON32-6,2026-04-08,ast,5.5,2.2045,3.2955,0.02825,0.038357558201630004,1.0,1.0
KXNBAAST-26APR08MEMDEN-DENAGORDON32-8,2026-04-08,ast,7.5,2.2045,5.2955000000000005,0.00375,0.005488876792070441,0.0,1.0
KXNBAAST-26APR08MEMDEN-DENJMURRAY27-10,2026-04-08,ast,9.5,4.7545,4.7455,0.0315,0.05037746194662496,0.0,1.0
KXNBAAST-26APR08MEMDEN-DENJMURRAY27-12,2026-04-08,ast,11.5,4.7545,6.7455,0.0085,0.01503966212091934,0.0,1.0
KXNBAAST-26APR08MEMDEN-DENJMURRAY27-6,2026-04-08,ast,5.5,4.7545,0.7454999999999998,0.3405,0.34617009663054665,0.0,1.0
KXNBAAST-26APR08MEMDEN-DENJMURRAY27-7,2026-04-08,ast,6.5,4.7545,1.7454999999999998,0.2145,0.230260820849172,0.0,1.0
KXNBAAST-26APR08MEMDEN-DENJMURRAY27-8,2026-04-08,ast,7.5,4.7545,2.7455,0.1145,0.14521040293906273,0.0,1.0
KXNBAAST-26APR08MEMDEN-DENNJOKIC15-10,2026-04-08,ast,9.5,7.4825,2.0175,0.23075,0.259576332247341,1.0,1.0
KXNBAAST-26APR08MEMDEN-DENNJOKIC15-11,2026-04-08,ast,10.5,7.4825,3.0175,0.14625,0.1873133276771396,0.0,1.0
KXNBAAST-26APR08MEMDEN-DENNJOKIC15-12,2026-04-08,ast,11.5,7.4825,4.0175,0.08525,0.13137182005821035,0.0,1.0
KXNBAAST-26APR08MEMDEN-DENNJOKIC15-14,2026-04-08,ast,13.5,7.4825,6.0175,0.026,0.0598781043850799,0.0,1.0
KXNBAAST-26APR08MEMDEN-DENNJOKIC15-16,2026-04-08,ast,15.5,7.4825,8.0175,0.0055,0.024987033320412078,0.0,1.0
KXNBA3PT-26APR08MEMDEN-DENAGORDON32-1,2026-04-08,fg3m,0.5,1.28,-0.78,0.71375,0.6937489796079144,0.0,1.0
KXNBA3PT-26APR08MEMDEN-DENAGORDON32-2,2026-04-08,fg3m,1.5,1.28,0.21999999999999997,0.3655,0.35803944779965435,0.0,1.0
KXNBA3PT-26APR08MEMDEN-DENAGORDON32-3,2026-04-08,fg3m,2.5,1.28,1.22,0.14225,0.1499344982380525,0.0,1.0
KXNBA3PT-26APR08MEMDEN-DENAGORDON32-4,2026-04-08,fg3m,3.5,1.28,2.2199999999999998,0.04425,0.05397087483557095,0.0,1.0
KXNBA3PT-26APR08MEMDEN-DENAGORDON32-5,2026-04-08,fg3m,4.5,1.28,3.2199999999999998,0.01025,0.01733691281867411,0.0,1.0
KXNBA3PT-26APR08MEMDEN-DENJMURRAY27-2,2026-04-08,fg3m,1.5,2.276,-0.7759999999999998,0.6615,0.6243737849408981,1.0,1.0
KXNBA3PT-26APR08MEMDEN-DENJMURRAY27-3,2026-04-08,fg3m,2.5,2.276,0.2240000000000002,0.39175,0.3872185968694767,1.0,1.0
KXNBA3PT-26APR08MEMDEN-DENJMURRAY27-4,2026-04-08,fg3m,3.5,2.276,1.2240000000000002,0.1955,0.21230800765426217,1.0,1.0
KXNBA3PT-26APR08MEMDEN-DENJMURRAY27-5,2026-04-08,fg3m,4.5,2.276,2.224,0.0825,0.10551259439730698,1.0,1.0
KXNBA3PT-26APR08MEMDEN-DENJMURRAY27-6,2026-04-08,fg3m,5.5,2.276,3.224,0.03225,0.048441929005321294,0.0,1.0
KXNBA3PT-26APR08MEMDEN-DENNJOKIC15-1,2026-04-08,fg3m,0.5,1.2525,-0.7525,0.716,0.6864394538861658,0.0,1.0
KXNBA3PT-26APR08MEMDEN-DENNJOKIC15-2,2026-04-08,fg3m,1.5,1.2525,0.24750000000000005,0.352,0.34906107142659815,0.0,1.0
KXNBA3PT-26APR08MEMDEN-DENNJOKIC15-3,2026-04-08,fg3m,2.5,1.2525,1.2475,0.13625,0.14378151504885794,0.0,1.0
KXNBA3PT-26APR08MEMDEN-DENNJOKIC15-4,2026-04-08,fg3m,3.5,1.2525,2.2475,0.03725,0.0508678395744282,0.0,1.0
KXNBA3PT-26APR08MEMDEN-DENNJOKIC15-5,2026-04-08,fg3m,4.5,1.2525,3.2475,0.00925,0.016052823114035553,0.0,1.0
KXNBAPTS-26APR08MILDET-DETATHOMPSON9-10,2026-04-08,pts,9.5,7.0595,2.4405,0.25675,0.23620221922099816,1.0,1.0
KXNBAPTS-26APR08MILDET-DETATHOMPSON9-15,2026-04-08,pts,14.5,7.0595,7.4405,0.05775,0.04522534405499512,0.0,1.0
KXNBAPTS-26APR08MILDET-DETATHOMPSON9-20,2026-04-08,pts,19.5,7.0595,12.4405,0.00725,0.006246358947830322,0.0,1.0
KXNBAPTS-26APR08MILDET-DETATHOMPSON9-25,2026-04-08,pts,24.5,7.0595,17.4405,0.00075,0.0006971689672117254,0.0,1.0
KXNBAPTS-26APR08MILDET-DETDROBINSON55-10,2026-04-08,pts,9.5,8.22075,1.2792499999999993,0.355,0.33715593366601493,1.0,1.0
KXNBAPTS-26APR08MILDET-DETDROBINSON55-15,2026-04-08,pts,14.5,8.22075,6.279249999999999,0.1135,0.08762888623683718,1.0,1.0
KXNBAPTS-26APR08MILDET-DETDROBINSON55-20,2026-04-08,pts,19.5,8.22075,11.27925,0.02325,0.016720605468819705,1.0,1.0
KXNBAPTS-26APR08MILDET-DETDROBINSON55-25,2026-04-08,pts,24.5,8.22075,16.279249999999998,0.0025,0.0025977747199058543,0.0,1.0
KXNBAPTS-26APR08MILDET-DETTHARRIS12-10,2026-04-08,pts,9.5,8.206,1.2940000000000005,0.35775,0.33587662998607315,1.0,1.0
KXNBAPTS-26APR08MILDET-DETTHARRIS12-15,2026-04-08,pts,14.5,8.206,6.2940000000000005,0.119,0.08700005580042425,0.0,1.0
KXNBAPTS-26APR08MILDET-DETTHARRIS12-20,2026-04-08,pts,19.5,8.206,11.294,0.029,0.016540558097729585,0.0,1.0
KXNBAPTS-26APR08MILDET-DETTHARRIS12-25,2026-04-08,pts,24.5,8.206,16.294,0.007,0.0025602562642847992,0.0,1.0
KXNBAREB-26APR08MILDET-DETATHOMPSON9-10,2026-04-08,reb,9.5,4.25175,5.24825,0.02325,0.030958214478270407,0.0,1.0
KXNBAREB-26APR08MILDET-DETATHOMPSON9-2,2026-04-08,reb,1.5,4.25175,-2.7517500000000004,0.90275,0.8855462167816552,1.0,1.0
KXNBAREB-26APR08MILDET-DETATHOMPSON9-4,2026-04-08,reb,3.5,4.25175,-0.7517500000000004,0.59425,0.5748502926755341,1.0,1.0
KXNBAREB-26APR08MILDET-DETATHOMPSON9-6,2026-04-08,reb,5.5,4.25175,1.2482499999999996,0.26075,0.2732358848112134,0.0,1.0
KXNBAREB-26APR08MILDET-DETATHOMPSON9-8,2026-04-08,reb,7.5,4.25175,3.2482499999999996,0.09025,0.1012399648975627,0.0,1.0
KXNBAREB-26APR08MILDET-DETTHARRIS12-10,2026-04-08,reb,9.5,3.56975,5.93025,0.01075,0.012734228580609463,0.0,1.0
KXNBAREB-26APR08MILDET-DETTHARRIS12-2,2026-04-08,reb,1.5,3.56975,-2.06975,0.82225,0.8292930186877665,1.0,1.0
KXNBAREB-26APR08MILDET-DETTHARRIS12-4,2026-04-08,reb,3.5,3.56975,-0.06974999999999998,0.469,0.4598434940506011,1.0,1.0
KXNBAREB-26APR08MILDET-DETTHARRIS12-6,2026-04-08,reb,5.5,3.56975,1.93025,0.18275,0.17819941343567092,0.0,1.0
KXNBAREB-26APR08MILDET-DETTHARRIS12-8,2026-04-08,reb,7.5,3.56975,3.93025,0.0515,0.05270902804105815,0.0,1.0
KXNBAAST-26APR08MILDET-DETATHOMPSON9-10,2026-04-08,ast,9.5,2.21725,7.28275,0.0005,0.0006502528263281349,0.0,1.0
KXNBAAST-26APR08MILDET-DETATHOMPSON9-2,2026-04-08,ast,1.5,2.21725,-0.7172499999999999,0.6415,0.6219488038026727,1.0,1.0
KXNBAAST-26APR08MILDET-DETATHOMPSON9-4,2026-04-08,ast,3.5,2.21725,1.28275,0.18675,0.19722901832993944,1.0,1.0
KXNBAAST-26APR08MILDET-DETATHOMPSON9-6,2026-04-08,ast,5.5,2.21725,3.28275,0.0335,0.03917315567084001,0.0,1.0
KXNBAAST-26APR08MILDET-DETATHOMPSON9-8,2026-04-08,ast,7.5,2.21725,5.28275,0.0035,0.005656857565227269,0.0,1.0
KXNBAAST-26APR08MILDET-DETTHARRIS12-10,2026-04-08,ast,9.5,1.6195,7.8805,0.0,6.758010281537885e-05,0.0,1.0
KXNBAAST-26APR08MILDET-DETTHARRIS12-2,2026-04-08,ast,1.5,1.6195,-0.11949999999999994,0.471,0.4673860239676568,1.0,1.0
KXNBAAST-26APR08MILDET-DETTHARRIS12-4,2026-04-08,ast,3.5,1.6195,1.8805,0.09675,0.09459215529665999,0.0,1.0
KXNBAAST-26APR08MILDET-DETTHARRIS12-6,2026-04-08,ast,5.5,1.6195,3.8805,0.011,0.011445084320643284,0.0,1.0
KXNBAAST-26APR08MILDET-DETTHARRIS12-8,2026-04-08,ast,7.5,1.6195,5.8805,0.001,0.0009896388747593354,0.0,1.0
KXNBA3PT-26APR08MILDET-DETDROBINSON55-1,2026-04-08,fg3m,0.5,1.87575,-1.37575,0.83725,0.813107846765291,1.0,1.0
KXNBA3PT-26APR08MILDET-DETDROBINSON55-2,2026-04-08,fg3m,1.5,1.87575,-0.37575000000000003,0.557,0.5316946545253571,1.0,1.0
KXNBA3PT-26APR08MILDET-DETDROBINSON55-3,2026-04-08,fg3m,2.5,1.87575,0.62425,0.28775,0.2920705809062256,1.0,1.0
KXNBA3PT-26APR08MILDET-DETDROBINSON55-4,2026-04-08,fg3m,3.5,1.87575,1.62425,0.13125,0.14028800041548117,1.0,1.0
KXNBA3PT-26APR08MILDET-DETDROBINSON55-5,2026-04-08,fg3m,4.5,1.87575,2.62425,0.047,0.06069654575847161,0.0,1.0
KXNBA3PT-26APR08MILDET-DETTHARRIS12-1,2026-04-08,fg3m,0.5,0.7325,-0.23250000000000004,0.50325,0.50314324538368,1.0,1.0
KXNBA3PT-26APR08MILDET-DETTHARRIS12-2,2026-04-08,fg3m,1.5,0.7325,0.7675,0.1735,0.17106141487797677,1.0,1.0
KXNBA3PT-26APR08MILDET-DETTHARRIS12-3,2026-04-08,fg3m,2.5,0.7325,1.7675,0.04675,0.04554756826614281,0.0,1.0
KXNBA3PT-26APR08MILDET-DETTHARRIS12-4,2026-04-08,fg3m,3.5,0.7325,2.7675,0.0065,0.010258218537502306,0.0,1.0
KXNBA3PT-26APR08MILDET-DETTHARRIS12-5,2026-04-08,fg3m,4.5,0.7325,3.7675,0.0015,0.00204433204875043,0.0,1.0
KXNBAPTS-26APR08OKCLAC-LACBLOPEZ11-10,2026-04-08,pts,9.5,6.65975,2.84025,0.239,0.20235250868809473,1.0,1.0
KXNBAPTS-26APR08OKCLAC-LACBLOPEZ11-15,2026-04-08,pts,14.5,6.65975,7.84025,0.051,0.03415204469323774,1.0,1.0
KXNBAPTS-26APR08OKCLAC-LACBLOPEZ11-20,2026-04-08,pts,19.5,6.65975,12.840250000000001,0.00825,0.004132948431153305,0.0,1.0
KXNBAPTS-26APR08OKCLAC-LACBLOPEZ11-25,2026-04-08,pts,24.5,6.65975,17.84025,0.00175,0.00040314418160802834,0.0,1.0
KXNBAPTS-26APR08OKCLAC-LACDJONES5-10,2026-04-08,pts,9.5,5.91425,3.58575,0.181,0.14290963030489234,1.0,1.0
KXNBAPTS-26APR08OKCLAC-LACDJONES5-15,2026-04-08,pts,14.5,5.91425,8.58575,0.03175,0.01836739419989486,0.0,1.0
KXNBAPTS-26APR08OKCLAC-LACDJONES5-20,2026-04-08,pts,19.5,5.91425,13.58575,0.00475,0.0016739367924267778,0.0,1.0
KXNBAPTS-26APR08OKCLAC-LACJCOLLINS20-10,2026-04-08,pts,9.5,8.31225,1.1877499999999994,0.35925,0.3450793607245276,1.0,1.0
KXNBAPTS-26APR08OKCLAC-LACJCOLLINS20-15,2026-04-08,pts,14.5,8.31225,6.187749999999999,0.10925,0.09157791767633328,0.0,1.0
KXNBAPTS-26APR08OKCLAC-LACJCOLLINS20-20,2026-04-08,pts,19.5,8.31225,11.18775,0.02075,0.017867124596746664,0.0,1.0
KXNBAPTS-26APR08OKCLAC-LACJCOLLINS20-25,2026-04-08,pts,24.5,8.31225,16.18775,0.0045,0.00284004314415931,0.0,1.0
KXNBAPTS-26APR08OKCLAC-LACKLEONARD2-20,2026-04-08,pts,19.5,15.73825,3.7617499999999993,0.26975,0.2717401638813759,1.0,1.0
KXNBAPTS-26APR08OKCLAC-LACKLEONARD2-25,2026-04-08,pts,24.5,15.73825,8.76175,0.11275,0.12329964960533146,0.0,1.0
KXNBAPTS-26APR08OKCLAC-LACKLEONARD2-30,2026-04-08,pts,29.5,15.73825,13.76175,0.0395,0.049709438669169326,0.0,1.0
KXNBAPTS-26APR08OKCLAC-LACKLEONARD2-35,2026-04-08,pts,34.5,15.73825,18.76175,0.0135,0.018284526220553765,0.0,1.0
KXNBAPTS-26APR08OKCLAC-OKCCHOLMGREN7-10,2026-04-08,pts,9.5,10.6655,-1.1654999999999998,0.54025,0.5333403829079915,1.0,1.0
KXNBAPTS-26APR08OKCLAC-OKCCHOLMGREN7-15,2026-04-08,pts,14.5,10.6655,3.8345000000000002,0.2335,0.21551530157802135,1.0,1.0
KXNBAPTS-26APR08OKCLAC-OKCCHOLMGREN7-20,2026-04-08,pts,19.5,10.6655,8.8345,0.073,0.06634445395992405,1.0,1.0
KXNBAPTS-26APR08OKCLAC-OKCCHOLMGREN7-25,2026-04-08,pts,24.5,10.6655,13.8345,0.0165,0.01690381693053622,1.0,1.0
KXNBAPTS-26APR08OKCLAC-OKCIHARTENSTEIN55-10,2026-04-08,pts,9.5,5.676,3.824,0.158,0.12537542497301435,1.0,1.0
KXNBAPTS-26APR08OKCLAC-OKCIHARTENSTEIN55-15,2026-04-08,pts,14.5,5.676,8.824,0.024,0.01459262647903281,0.0,1.0
KXNBAPTS-26APR08OKCLAC-OKCIHARTENSTEIN55-20,2026-04-08,pts,19.5,5.676,13.824,0.0035,0.0012001362149958172,0.0,1.0
KXNBAPTS-26APR08OKCLAC-OKCJWILLIAMS8-10,2026-04-08,pts,9.5,11.99725,-2.4972499999999993,0.64075,0.6209669923538456,1.0,1.0
KXNBAPTS-26APR08OKCLAC-OKCJWILLIAMS8-15,2026-04-08,pts,14.5,11.99725,2.5027500000000007,0.30375,0.2962026601026744,1.0,1.0
KXNBAPTS-26APR08OKCLAC-OKCJWILLIAMS8-20,2026-04-08,pts,19.5,11.99725,7.502750000000001,0.1075,0.1097789513740921,0.0,1.0
KXNBAPTS-26APR08OKCLAC-OKCJWILLIAMS8-25,2026-04-08,pts,24.5,11.99725,12.50275,0.02975,0.03398133379767765,0.0,1.0
KXNBAPTS-26APR08OKCLAC-OKCLDORT5-10,2026-04-08,pts,9.5,5.9185,3.5815,0.18675,0.14322992655837874,0.0,1.0
KXNBAPTS-26APR08OKCLAC-OKCLDORT5-15,2026-04-08,pts,14.5,5.9185,8.5815,0.041,0.018440076369802605,0.0,1.0
KXNBAPTS-26APR08OKCLAC-OKCLDORT5-20,2026-04-08,pts,19.5,5.9185,13.5815,0.00625,0.00168354399210624,0.0,1.0
KXNBAPTS-26APR08OKCLAC-OKCSGILGEOUSALEXANDER2-20,2026-04-08,pts,19.5,20.27725,-0.7772499999999987,0.51525,0.4794730142695389,1.0,1.0
KXNBAPTS-26APR08OKCLAC-OKCSGILGEOUSALEXANDER2-25,2026-04-08,pts,24.5,20.27725,4.222750000000001,0.2735,0.28689271015537277,0.0,1.0
KXNBAPTS-26APR08OKCLAC-OKCSGILGEOUSALEXANDER2-30,2026-04-08,pts,29.5,20.27725,9.222750000000001,0.1215,0.15506052034307638,0.0,1.0
KXNBAPTS-26APR08OKCLAC-OKCSGILGEOUSALEXANDER2-35,2026-04-08,pts,34.5,20.27725,14.222750000000001,0.04175,0.07722270377433771,0.0,1.0
KXNBAPTS-26APR08OKCLAC-OKCSGILGEOUSALEXANDER2-40,2026-04-08,pts,39.5,20.27725,19.22275,0.011,0.035987800039561035,0.0,1.0
KXNBAREB-26APR08OKCLAC-LACBLOPEZ11-2,2026-04-08,reb,1.5,3.97375,-2.47375,0.876,0.8653900399357315,1.0,1.0
KXNBAREB-26APR08OKCLAC-LACBLOPEZ11-4,2026-04-08,reb,3.5,3.97375,-0.4737499999999999,0.54675,0.530236756628145,1.0,1.0
KXNBAREB-26APR08OKCLAC-LACBLOPEZ11-5,2026-04-08,reb,4.5,3.97375,0.5262500000000001,0.36825,0.36503826717394905,1.0,1.0
KXNBAREB-26APR08OKCLAC-LACBLOPEZ11-6,2026-04-08,reb,5.5,3.97375,1.52625,0.2255,0.23350368383278075,1.0,1.0
KXNBAREB-26APR08OKCLAC-LACBLOPEZ11-8,2026-04-08,reb,7.5,3.97375,3.52625,0.06975,0.07947199856331033,0.0,1.0
KXNBAREB-26APR08OKCLAC-LACJCOLLINS20-10,2026-04-08,reb,9.5,4.604,4.896,0.0355,0.04480289048619579,0.0,1.0
KXNBAREB-26APR08OKCLAC-LACJCOLLINS20-2,2026-04-08,reb,1.5,4.604,-3.104,0.92775,0.9066425006306791,1.0,1.0
KXNBAREB-26APR08OKCLAC-LACJCOLLINS20-4,2026-04-08,reb,3.5,4.604,-1.104,0.64425,0.6266358069213214,1.0,1.0
KXNBAREB-26APR08OKCLAC-LACJCOLLINS20-6,2026-04-08,reb,5.5,4.604,0.8959999999999999,0.319,0.32439674623852366,1.0,1.0
KXNBAREB-26APR08OKCLAC-LACJCOLLINS20-8,2026-04-08,reb,7.5,4.604,2.896,0.1135,0.13234110545527578,1.0,1.0
KXNBAREB-26APR08OKCLAC-LACKLEONARD2-10,2026-04-08,reb,9.5,4.9575,4.5425,0.04575,0.0619128742971814,0.0,1.0
KXNBAREB-26APR08OKCLAC-LACKLEONARD2-12,2026-04-08,reb,11.5,4.9575,6.5425,0.0095,0.01989371477409585,0.0,1.0
KXNBAREB-26APR08OKCLAC-LACKLEONARD2-6,2026-04-08,reb,5.5,4.9575,0.5425000000000004,0.378,0.37560606906077365,1.0,1.0
KXNBAREB-26APR08OKCLAC-LACKLEONARD2-7,2026-04-08,reb,6.5,4.9575,1.5425000000000004,0.24175,0.25683470218365756,1.0,1.0
KXNBAREB-26APR08OKCLAC-LACKLEONARD2-8,2026-04-08,reb,7.5,4.9575,2.5425000000000004,0.144,0.16693539367038146,1.0,1.0
KXNBAREB-26APR08OKCLAC-OKCCHOLMGREN7-10,2026-04-08,reb,9.5,5.93125,3.5687499999999996,0.10125,0.1249577943613368,1.0,1.0
KXNBAREB-26APR08OKCLAC-OKCCHOLMGREN7-12,2026-04-08,reb,11.5,5.93125,5.56875,0.02975,0.049815897226268,1.0,1.0
KXNBAREB-26APR08OKCLAC-OKCCHOLMGREN7-6,2026-04-08,reb,5.5,5.93125,-0.43125000000000036,0.53325,0.5091142008791809,1.0,1.0
KXNBAREB-26APR08OKCLAC-OKCCHOLMGREN7-8,2026-04-08,reb,7.5,5.93125,1.5687499999999996,0.26075,0.2739604126301076,1.0,1.0
KXNBAREB-26APR08OKCLAC-OKCCHOLMGREN7-9,2026-04-08,reb,8.5,5.93125,2.5687499999999996,0.16275,0.18849977328920509,1.0,1.0
KXNBAREB-26APR08OKCLAC-OKCIHARTENSTEIN55-10,2026-04-08,reb,9.5,6.02025,3.47975,0.1175,0.1317670618027328,0.0,1.0
KXNBAREB-26APR08OKCLAC-OKCIHARTENSTEIN55-12,2026-04-08,reb,11.5,6.02025,5.47975,0.0455,0.053433477352194725,0.0,1.0
KXNBAREB-26APR08OKCLAC-OKCIHARTENSTEIN55-4,2026-04-08,reb,3.5,6.02025,-2.52025,0.8015,0.7838234443033824,1.0,1.0
KXNBAREB-26APR08OKCLAC-OKCIHARTENSTEIN55-6,2026-04-08,reb,5.5,6.02025,-0.5202499999999999,0.53125,0.5204694983997957,1.0,1.0
KXNBAREB-26APR08OKCLAC-OKCIHARTENSTEIN55-8,2026-04-08,reb,7.5,6.02025,1.4797500000000001,0.2795,0.2842413205976281,0.0,1.0
KXNBAREB-26APR08OKCLAC-OKCJWILLIAMS8-2,2026-04-08,reb,1.5,3.41625,-1.9162499999999998,0.832,0.8130855248262618,1.0,1.0
KXNBAREB-26APR08OKCLAC-OKCJWILLIAMS8-4,2026-04-08,reb,3.5,3.41625,0.08375000000000021,0.4325,0.43154839092522557,1.0,1.0
KXNBAREB-26APR08OKCLAC-OKCJWILLIAMS8-5,2026-04-08,reb,4.5,3.41625,1.0837500000000002,0.26625,0.2720090181875132,1.0,1.0
KXNBAREB-26APR08OKCLAC-OKCJWILLIAMS8-6,2026-04-08,reb,5.5,3.41625,2.08375,0.14725,0.15833191498167842,1.0,1.0
KXNBAREB-26APR08OKCLAC-OKCJWILLIAMS8-8,2026-04-08,reb,7.5,3.41625,4.08375,0.032,0.04413088088624817,0.0,1.0
KXNBAREB-26APR08OKCLAC-OKCSGILGEOUSALEXANDER2-2,2026-04-08,reb,1.5,3.2335,-1.7334999999999998,0.82275,0.7917277244055159,0.0,1.0
KXNBAREB-26APR08OKCLAC-OKCSGILGEOUSALEXANDER2-4,2026-04-08,reb,3.5,3.2335,0.2665000000000002,0.4,0.39692795350605725,0.0,1.0
KXNBAREB-26APR08OKCLAC-OKCSGILGEOUSALEXANDER2-5,2026-04-08,reb,4.5,3.2335,1.2665000000000002,0.232,0.2418000398397081,0.0,1.0
KXNBAREB-26APR08OKCLAC-OKCSGILGEOUSALEXANDER2-6,2026-04-08,reb,5.5,3.2335,2.2665,0.12125,0.13575634370186207,0.0,1.0
KXNBAREB-26APR08OKCLAC-OKCSGILGEOUSALEXANDER2-8,2026-04-08,reb,7.5,3.2335,4.266500000000001,0.025,0.03507653845868597,0.0,1.0
KXNBAAST-26APR08OKCLAC-OKCSGILGEOUSALEXANDER2-10,2026-04-08,ast,9.5,4.2625,5.2375,0.018,0.03035281230513609,1.0,1.0
KXNBAAST-26APR08OKCLAC-OKCSGILGEOUSALEXANDER2-12,2026-04-08,ast,11.5,4.2625,7.2375,0.002,0.00783828695532729,0.0,1.0
KXNBAAST-26APR08OKCLAC-OKCSGILGEOUSALEXANDER2-6,2026-04-08,ast,5.5,4.2625,1.2374999999999998,0.26625,0.2741678298991752,1.0,1.0
KXNBAAST-26APR08OKCLAC-OKCSGILGEOUSALEXANDER2-7,2026-04-08,ast,6.5,4.2625,2.2375,0.15025,0.1708795070932747,1.0,1.0
KXNBAAST-26APR08OKCLAC-OKCSGILGEOUSALEXANDER2-8,2026-04-08,ast,7.5,4.2625,3.2375,0.08,0.10070630361181143,1.0,1.0
KXNBA3PT-26APR08OKCLAC-LACKLEONARD2-1,2026-04-08,fg3m,0.5,1.48,-0.98,0.759,0.7414682316889682,1.0,1.0
KXNBA3PT-26APR08OKCLAC-LACKLEONARD2-2,2026-04-08,fg3m,1.5,1.48,0.020000000000000018,0.439,0.42097788332872477,1.0,1.0
KXNBA3PT-26APR08OKCLAC-LACKLEONARD2-3,2026-04-08,fg3m,2.5,1.48,1.02,0.1865,0.19630606358417602,0.0,1.0
KXNBA3PT-26APR08OKCLAC-LACKLEONARD2-4,2026-04-08,fg3m,3.5,1.48,2.02,0.06775,0.0791438032659757,0.0,1.0
KXNBA3PT-26APR08OKCLAC-LACKLEONARD2-5,2026-04-08,fg3m,4.5,1.48,3.02,0.02075,0.028563677465557213,0.0,1.0
KXNBA3PT-26APR08OKCLAC-OKCCHOLMGREN7-1,2026-04-08,fg3m,0.5,0.8625,-0.36250000000000004,0.5645,0.558315341603622,1.0,1.0
KXNBA3PT-26APR08OKCLAC-OKCCHOLMGREN7-2,2026-04-08,fg3m,1.5,0.8625,0.6375,0.21025,0.2160356503520341,1.0,1.0
KXNBA3PT-26APR08OKCLAC-OKCCHOLMGREN7-3,2026-04-08,fg3m,2.5,0.8625,1.6375,0.06325,0.0660386556329634,1.0,1.0
KXNBA3PT-26APR08OKCLAC-OKCCHOLMGREN7-4,2026-04-08,fg3m,3.5,0.8625,2.6375,0.019,0.0171408381741448,0.0,1.0
KXNBA3PT-26APR08OKCLAC-OKCCHOLMGREN7-5,2026-04-08,fg3m,4.5,0.8625,3.6375,0.00375,0.003944622132047271,0.0,1.0
KXNBA3PT-26APR08OKCLAC-OKCJWILLIAMS8-1,2026-04-08,fg3m,0.5,0.75475,-0.25475000000000003,0.528,0.5131155473150576,0.0,1.0
KXNBA3PT-26APR08OKCLAC-OKCJWILLIAMS8-2,2026-04-08,fg3m,1.5,0.75475,0.74525,0.1745,0.17870357116044955,0.0,1.0
KXNBA3PT-26APR08OKCLAC-OKCJWILLIAMS8-3,2026-04-08,fg3m,2.5,0.75475,1.74525,0.04325,0.04881517716740691,0.0,1.0
KXNBA3PT-26APR08OKCLAC-OKCJWILLIAMS8-4,2026-04-08,fg3m,3.5,0.75475,2.74525,0.0075,0.011286404405997597,0.0,1.0
KXNBA3PT-26APR08OKCLAC-OKCJWILLIAMS8-5,2026-04-08,fg3m,4.5,0.75475,3.74525,0.0015,0.0023098141222654966,0.0,1.0
KXNBA3PT-26APR08OKCLAC-OKCSGILGEOUSALEXANDER2-1,2026-04-08,fg3m,0.5,1.1185,-0.6185,0.67175,0.6478765438527396,1.0,1.0
KXNBA3PT-26APR08OKCLAC-OKCSGILGEOUSALEXANDER2-2,2026-04-08,fg3m,1.5,1.1185,0.38149999999999995,0.306,0.3043597422340111,1.0,1.0
KXNBA3PT-26APR08OKCLAC-OKCSGILGEOUSALEXANDER2-3,2026-04-08,fg3m,2.5,1.1185,1.3815,0.10275,0.11484909256458453,0.0,1.0
KXNBA3PT-26APR08OKCLAC-OKCSGILGEOUSALEXANDER2-4,2026-04-08,fg3m,3.5,1.1185,2.3815,0.0295,0.03707682739108986,0.0,1.0
KXNBA3PT-26APR08OKCLAC-OKCSGILGEOUSALEXANDER2-5,2026-04-08,fg3m,4.5,1.1185,3.3815,0.00675,0.0106546319269325,0.0,1.0
KXNBAPTS-26APR08MINORL-MINDDIVINCENZO0-10,2026-04-08,pts,9.5,8.00675,1.4932499999999997,0.3365,0.3185503961349294,1.0,1.0
KXNBAPTS-26APR08MINORL-MINDDIVINCENZO0-15,2026-04-08,pts,14.5,8.00675,6.49325,0.1045,0.07872134119674556,0.0,1.0
KXNBAPTS-26APR08MINORL-MINDDIVINCENZO0-20,2026-04-08,pts,19.5,8.00675,11.49325,0.0205,0.014235842830745415,0.0,1.0
KXNBAPTS-26APR08MINORL-MINDDIVINCENZO0-25,2026-04-08,pts,24.5,8.00675,16.49325,0.00375,0.0020931896508333825,0.0,1.0
KXNBAPTS-26APR08MINORL-ORLABLACK0-10,2026-04-08,pts,9.5,8.79,0.7100000000000009,0.411,0.3859822164322382,0.0,1.0
KXNBAPTS-26APR08MINORL-ORLABLACK0-15,2026-04-08,pts,14.5,8.79,5.710000000000001,0.1515,0.11348237926480764,0.0,1.0
KXNBAPTS-26APR08MINORL-ORLABLACK0-20,2026-04-08,pts,19.5,8.79,10.71,0.0435,0.02470787461396562,0.0,1.0
KXNBAPTS-26APR08MINORL-ORLABLACK0-25,2026-04-08,pts,24.5,8.79,15.71,0.01075,0.004396643892183305,0.0,1.0
KXNBAPTS-26APR08MINORL-ORLDBANE3-10,2026-04-08,pts,9.5,14.28375,-4.7837499999999995,0.76275,0.7375683565828813,1.0,1.0
KXNBAPTS-26APR08MINORL-ORLDBANE3-15,2026-04-08,pts,14.5,14.28375,0.2162500000000005,0.45575,0.433306642333919,1.0,1.0
KXNBAPTS-26APR08MINORL-ORLDBANE3-20,2026-04-08,pts,19.5,14.28375,5.2162500000000005,0.1885,0.20429876626762178,0.0,1.0
KXNBAPTS-26APR08MINORL-ORLDBANE3-25,2026-04-08,pts,24.5,14.28375,10.21625,0.0665,0.08171282136804625,0.0,1.0
KXNBAPTS-26APR08MINORL-ORLDBANE3-30,2026-04-08,pts,29.5,14.28375,15.21625,0.017,0.02888537908733091,0.0,1.0
KXNBAPTS-26APR08MINORL-ORLFWAGNER22-10,2026-04-08,pts,9.5,11.57275,-2.072749999999999,0.57775,0.5946759414659296,1.0,1.0
KXNBAPTS-26APR08MINORL-ORLFWAGNER22-15,2026-04-08,pts,14.5,11.57275,2.927250000000001,0.30625,0.2702076531274328,1.0,1.0
KXNBAPTS-26APR08MINORL-ORLFWAGNER22-20,2026-04-08,pts,19.5,11.57275,7.927250000000001,0.119,0.09480265026027435,0.0,1.0
KXNBAPTS-26APR08MINORL-ORLFWAGNER22-25,2026-04-08,pts,24.5,11.57275,12.92725,0.035,0.027699833979162758,0.0,1.0
KXNBAPTS-26APR08MINORL-ORLJSUGGS4-10,2026-04-08,pts,9.5,10.94475,-1.4447500000000009,0.56275,0.5529639744051057,1.0,1.0
KXNBAPTS-26APR08MINORL-ORLJSUGGS4-15,2026-04-08,pts,14.5,10.94475,3.555249999999999,0.2455,0.23214988918460466,0.0,1.0
KXNBAPTS-26APR08MINORL-ORLJSUGGS4-20,2026-04-08,pts,19.5,10.94475,8.55525,0.0745,0.07455966798447577,0.0,1.0
KXNBAPTS-26APR08MINORL-ORLJSUGGS4-25,2026-04-08,pts,24.5,10.94475,13.55525,0.016,0.01985713762136232,0.0,1.0
KXNBAPTS-26APR08MINORL-ORLPBANCHERO5-15,2026-04-08,pts,14.5,15.95325,-1.4532500000000006,0.54975,0.5241401273287494,1.0,1.0
KXNBAPTS-26APR08MINORL-ORLPBANCHERO5-20,2026-04-08,pts,19.5,15.95325,3.5467499999999994,0.283,0.28190235341449577,1.0,1.0
KXNBAPTS-26APR08MINORL-ORLPBANCHERO5-25,2026-04-08,pts,24.5,15.95325,8.54675,0.10775,0.13006962422302493,0.0,1.0
KXNBAPTS-26APR08MINORL-ORLPBANCHERO5-30,2026-04-08,pts,29.5,15.95325,13.54675,0.032,0.05336585524437076,0.0,1.0
KXNBAREB-26APR08MINORL-MINDDIVINCENZO0-10,2026-04-08,reb,9.5,3.062,6.438000000000001,0.00125,0.005376692613878964,0.0,1.0
KXNBAREB-26APR08MINORL-MINDDIVINCENZO0-2,2026-04-08,reb,1.5,3.062,-1.5619999999999998,0.7955,0.7694430866542417,0.0,1.0
KXNBAREB-26APR08MINORL-MINDDIVINCENZO0-4,2026-04-08,reb,3.5,3.062,0.43800000000000017,0.36475,0.3636848001412716,0.0,1.0
KXNBAREB-26APR08MINORL-MINDDIVINCENZO0-6,2026-04-08,reb,5.5,3.062,2.438,0.0985,0.1158068810174896,0.0,1.0
KXNBAREB-26APR08MINORL-MINDDIVINCENZO0-8,2026-04-08,reb,7.5,3.062,4.438000000000001,0.0175,0.027713207390013372,0.0,1.0
KXNBAREB-26APR08MINORL-ORLFWAGNER22-10,2026-04-08,reb,9.5,3.572,5.928,0.01375,0.01277740888646084,0.0,1.0
KXNBAREB-26APR08MINORL-ORLFWAGNER22-2,2026-04-08,reb,1.5,3.572,-2.072,0.81775,0.8295195710425338,0.0,1.0
KXNBAREB-26APR08MINORL-ORLFWAGNER22-4,2026-04-08,reb,3.5,3.572,-0.07200000000000006,0.4615,0.4602523773817939,0.0,1.0
KXNBAREB-26APR08MINORL-ORLFWAGNER22-6,2026-04-08,reb,5.5,3.572,1.928,0.18025,0.17849610934991955,0.0,1.0
KXNBAREB-26APR08MINORL-ORLFWAGNER22-8,2026-04-08,reb,7.5,3.572,3.928,0.062,0.052841366790637445,0.0,1.0
KXNBAREB-26APR08MINORL-ORLJSUGGS4-10,2026-04-08,reb,9.5,3.644,5.856,0.007,0.014213860559408209,0.0,1.0
KXNBAREB-26APR08MINORL-ORLJSUGGS4-2,2026-04-08,reb,1.5,3.644,-2.144,0.86075,0.8366084635889433,0.0,1.0
KXNBAREB-26APR08MINORL-ORLJSUGGS4-4,2026-04-08,reb,3.5,3.644,-0.14400000000000013,0.48825,0.47324243098813834,0.0,1.0
KXNBAREB-26APR08MINORL-ORLJSUGGS4-6,2026-04-08,reb,5.5,3.644,1.8559999999999999,0.1775,0.18806708611168665,0.0,1.0
KXNBAREB-26APR08MINORL-ORLJSUGGS4-8,2026-04-08,reb,7.5,3.644,3.856,0.03975,0.05717643878060841,0.0,1.0
KXNBAREB-26APR08MINORL-ORLPBANCHERO5-10,2026-04-08,reb,9.5,6.4415,3.0585000000000004,0.13875,0.16596832120190785,0.0,1.0
KXNBAREB-26APR08MINORL-ORLPBANCHERO5-12,2026-04-08,reb,11.5,6.4415,5.0585,0.04825,0.07259059308726878,0.0,1.0
KXNBAREB-26APR08MINORL-ORLPBANCHERO5-4,2026-04-08,reb,3.5,6.4415,-2.9414999999999996,0.85525,0.8169766583229074,1.0,1.0
KXNBAREB-26APR08MINORL-ORLPBANCHERO5-6,2026-04-08,reb,5.5,6.4415,-0.9414999999999996,0.5975,0.5718651106955207,1.0,1.0
KXNBAREB-26APR08MINORL-ORLPBANCHERO5-8,2026-04-08,reb,7.5,6.4415,1.0585000000000004,0.328,0.33324683263332466,1.0,1.0
KXNBAAST-26APR08MINORL-MINDDIVINCENZO0-10,2026-04-08,ast,9.5,2.25975,7.24025,0.0005,0.0007399251016754205,0.0,1.0
KXNBAAST-26APR08MINORL-MINDDIVINCENZO0-2,2026-04-08,ast,1.5,2.25975,-0.7597499999999999,0.65225,0.6312721105897809,1.0,1.0
KXNBAAST-26APR08MINORL-MINDDIVINCENZO0-4,2026-04-08,ast,3.5,2.25975,1.24025,0.197,0.2053200494162073,0.0,1.0
KXNBAAST-26APR08MINORL-MINDDIVINCENZO0-6,2026-04-08,ast,5.5,2.25975,3.24025,0.03075,0.04196461478032554,0.0,1.0
KXNBAAST-26APR08MINORL-MINDDIVINCENZO0-8,2026-04-08,ast,7.5,2.25975,5.24025,0.003,0.0062438032453311365,0.0,1.0
KXNBAAST-26APR08MINORL-ORLABLACK0-2,2026-04-08,ast,1.5,2.1835,-0.6835,0.60725,0.6143931921358838,1.0,1.0
KXNBAAST-26APR08MINORL-ORLABLACK0-3,2026-04-08,ast,2.5,2.1835,0.3165,0.37375,0.36779351767071855,0.0,1.0
KXNBAAST-26APR08MINORL-ORLABLACK0-4,2026-04-08,ast,3.5,2.1835,1.3165,0.192,0.1908560298988835,0.0,1.0
KXNBAAST-26APR08MINORL-ORLABLACK0-6,2026-04-08,ast,5.5,2.1835,3.3165,0.03575,0.03703618846006129,0.0,1.0
KXNBAAST-26APR08MINORL-ORLABLACK0-8,2026-04-08,ast,7.5,2.1835,5.3165,0.0065,0.005220161227381337,0.0,1.0
KXNBAAST-26APR08MINORL-ORLJSUGGS4-10,2026-04-08,ast,9.5,4.263,5.237,0.0155,0.030370014279743396,0.0,1.0
KXNBAAST-26APR08MINORL-ORLJSUGGS4-2,2026-04-08,ast,1.5,4.263,-2.763,0.9245,0.8882355121262678,1.0,1.0
KXNBAAST-26APR08MINORL-ORLJSUGGS4-4,2026-04-08,ast,3.5,4.263,-0.7629999999999999,0.612,0.578284623492253,1.0,1.0
KXNBAAST-26APR08MINORL-ORLJSUGGS4-6,2026-04-08,ast,5.5,4.263,1.237,0.25425,0.27424052653378395,0.0,1.0
KXNBAAST-26APR08MINORL-ORLJSUGGS4-8,2026-04-08,ast,7.5,4.263,3.237,0.0755,0.10074779112004462,0.0,1.0
KXNBAAST-26APR08MINORL-ORLPBANCHERO5-2,2026-04-08,ast,1.5,3.62375,-2.12375,0.87025,0.8366453110727422,1.0,1.0
KXNBAAST-26APR08MINORL-ORLPBANCHERO5-4,2026-04-08,ast,3.5,3.62375,-0.1237499999999998,0.48175,0.47051275651321034,1.0,1.0
KXNBAAST-26APR08MINORL-ORLPBANCHERO5-5,2026-04-08,ast,4.5,3.62375,0.8762500000000002,0.3075,0.30638659348590624,1.0,1.0
KXNBAAST-26APR08MINORL-ORLPBANCHERO5-6,2026-04-08,ast,5.5,3.62375,1.8762500000000002,0.1655,0.18432306990063285,1.0,1.0
KXNBAAST-26APR08MINORL-ORLPBANCHERO5-8,2026-04-08,ast,7.5,3.62375,3.87625,0.0355,0.054815241131129455,0.0,1.0
KXNBA3PT-26APR08MINORL-ORLDBANE3-1,2026-04-08,fg3m,0.5,1.51375,-1.01375,0.77325,0.7486612518083796,1.0,1.0
KXNBA3PT-26APR08MINORL-ORLDBANE3-2,2026-04-08,fg3m,1.5,1.51375,-0.013749999999999929,0.45175,0.43115842847821495,0.0,1.0
KXNBA3PT-26APR08MINORL-ORLDBANE3-3,2026-04-08,fg3m,2.5,1.51375,0.9862500000000001,0.195,0.20434521871108136,0.0,1.0
KXNBA3PT-26APR08MINORL-ORLDBANE3-4,2026-04-08,fg3m,3.5,1.51375,1.98625,0.067,0.0838153763441839,0.0,1.0
KXNBA3PT-26APR08MINORL-ORLDBANE3-5,2026-04-08,fg3m,4.5,1.51375,2.98625,0.02075,0.03079120898771437,0.0,1.0
KXNBA3PT-26APR08MINORL-ORLFWAGNER22-1,2026-04-08,fg3m,0.5,0.8175,-0.3175,0.5385,0.5400419177150702,1.0,1.0
KXNBA3PT-26APR08MINORL-ORLFWAGNER22-2,2026-04-08,fg3m,1.5,0.8175,0.6825,0.201,0.20039935644044282,0.0,1.0
KXNBA3PT-26APR08MINORL-ORLFWAGNER22-3,2026-04-08,fg3m,2.5,0.8175,1.6825,0.06125,0.058572469872558375,0.0,1.0
KXNBA3PT-26APR08MINORL-ORLFWAGNER22-4,2026-04-08,fg3m,3.5,0.8175,2.6825,0.01325,0.014516930560113606,0.0,1.0
KXNBA3PT-26APR08MINORL-ORLFWAGNER22-5,2026-04-08,fg3m,4.5,0.8175,3.6825,0.003,0.003187828222373734,0.0,1.0
KXNBA3PT-26APR08MINORL-ORLJSUGGS4-1,2026-04-08,fg3m,0.5,1.61025,-1.11025,0.79325,0.7680103469971156,1.0,1.0
KXNBA3PT-26APR08MINORL-ORLJSUGGS4-2,2026-04-08,fg3m,1.5,1.61025,-0.11024999999999996,0.465,0.45952232083081257,1.0,1.0
KXNBA3PT-26APR08MINORL-ORLJSUGGS4-3,2026-04-08,fg3m,2.5,1.61025,0.88975,0.2285,0.2275476231352025,1.0,1.0
KXNBA3PT-26APR08MINORL-ORLJSUGGS4-4,2026-04-08,fg3m,3.5,1.61025,1.88975,0.086,0.09778535917763231,0.0,1.0
KXNBA3PT-26APR08MINORL-ORLJSUGGS4-5,2026-04-08,fg3m,4.5,1.61025,2.8897500000000003,0.0265,0.03769438626541477,0.0,1.0
KXNBA3PT-26APR08MINORL-ORLPBANCHERO5-1,2026-04-08,fg3m,0.5,0.9285,-0.4285,0.605,0.5836503256188041,1.0,1.0
KXNBA3PT-26APR08MINORL-ORLPBANCHERO5-2,2026-04-08,fg3m,1.5,0.9285,0.5715,0.24275,0.23899168920776603,0.0,1.0
KXNBA3PT-26APR08MINORL-ORLPBANCHERO5-3,2026-04-08,fg3m,2.5,0.9285,1.5715,0.06275,0.07764772963471911,0.0,1.0
KXNBA3PT-26APR08MINORL-ORLPBANCHERO5-4,2026-04-08,fg3m,3.5,0.9285,2.5715,0.01425,0.021462553437969656,0.0,1.0
KXNBA3PT-26APR08MINORL-ORLPBANCHERO5-5,2026-04-08,fg3m,4.5,0.9285,3.5715,0.00325,0.005265209344407884,0.0,1.0
KXNBAPTS-26APR08DALPHX-DALCFLAGG32-20,2026-04-08,pts,19.5,15.0775,4.422499999999999,0.22975,0.2407343144149039,0.0,1.0
KXNBAPTS-26APR08DALPHX-DALCFLAGG32-25,2026-04-08,pts,24.5,15.0775,9.4225,0.0715,0.10345003040238987,0.0,1.0
KXNBAPTS-26APR08DALPHX-DALCFLAGG32-30,2026-04-08,pts,29.5,15.0775,14.4225,0.02025,0.039404304628378406,0.0,1.0
KXNBAPTS-26APR08DALPHX-DALCFLAGG32-35,2026-04-08,pts,34.5,15.0775,19.4225,0.00325,0.013674396896228624,0.0,1.0
KXNBAPTS-26APR08DALPHX-DALMCHRISTIE00-10,2026-04-08,pts,9.5,7.16975,2.3302500000000004,0.2675,0.24568695413772978,1.0,1.0
KXNBAPTS-26APR08DALPHX-DALMCHRISTIE00-15,2026-04-08,pts,14.5,7.16975,7.33025,0.071,0.048604411031311634,1.0,1.0
KXNBAPTS-26APR08DALPHX-DALMCHRISTIE00-20,2026-04-08,pts,19.5,7.16975,12.33025,0.0115,0.0069476662814826895,0.0,1.0
KXNBAPTS-26APR08DALPHX-PHXDBOOKER1-15,2026-04-08,pts,14.5,16.88475,-2.3847500000000004,0.6085,0.5700410433654797,1.0,1.0
KXNBAPTS-26APR08DALPHX-PHXDBOOKER1-20,2026-04-08,pts,19.5,16.88475,2.6152499999999996,0.3335,0.32602090218707835,1.0,1.0
KXNBAPTS-26APR08DALPHX-PHXDBOOKER1-25,2026-04-08,pts,24.5,16.88475,7.61525,0.13875,0.16094732242438425,1.0,1.0
KXNBAPTS-26APR08DALPHX-PHXDBOOKER1-30,2026-04-08,pts,29.5,16.88475,12.61525,0.051,0.07089430441836142,1.0,1.0
KXNBAPTS-26APR08DALPHX-PHXDBOOKER1-35,2026-04-08,pts,34.5,16.88475,17.61525,0.0145,0.028561679602600032,1.0,1.0
KXNBAPTS-26APR08DALPHX-PHXDBROOKS3-10,2026-04-08,pts,9.5,11.9635,-2.4635,0.62075,0.618932593383023,1.0,1.0
KXNBAPTS-26APR08DALPHX-PHXDBROOKS3-15,2026-04-08,pts,14.5,11.9635,2.5365,0.31,0.29413298577352354,1.0,1.0
KXNBAPTS-26APR08DALPHX-PHXDBROOKS3-20,2026-04-08,pts,19.5,11.9635,7.5365,0.1215,0.10855246841046806,1.0,1.0
KXNBAPTS-26APR08DALPHX-PHXDBROOKS3-25,2026-04-08,pts,24.5,11.9635,12.5365,0.04075,0.03345236962073317,1.0,1.0
KXNBAPTS-26APR08DALPHX-PHXDBROOKS3-30,2026-04-08,pts,29.5,11.9635,17.5365,0.00925,0.00903523971054343,0.0,1.0
KXNBAPTS-26APR08DALPHX-PHXJGREEN4-10,2026-04-08,pts,9.5,13.32075,-3.8207500000000003,0.70675,0.69336785826879,0.0,1.0
KXNBAPTS-26APR08DALPHX-PHXJGREEN4-15,2026-04-08,pts,14.5,13.32075,1.1792499999999997,0.39075,0.37675852287945966,0.0,1.0
KXNBAPTS-26APR08DALPHX-PHXJGREEN4-20,2026-04-08,pts,19.5,13.32075,6.17925,0.1655,0.16211682897050128,0.0,1.0
KXNBAPTS-26APR08DALPHX-PHXJGREEN4-25,2026-04-08,pts,24.5,13.32075,11.17925,0.056,0.0587902542151324,0.0,1.0
KXNBAPTS-26APR08DALPHX-PHXJGREEN4-30,2026-04-08,pts,29.5,13.32075,16.17925,0.013,0.018777069073137143,0.0,1.0
KXNBAREB-26APR08DALPHX-DALCFLAGG32-10,2026-04-08,reb,9.5,4.53275,4.96725,0.02375,0.04174566104325461,1.0,1.0
KXNBAREB-26APR08DALPHX-DALCFLAGG32-12,2026-04-08,reb,11.5,4.53275,6.96725,0.00375,0.011961371009927446,0.0,1.0
KXNBAREB-26APR08DALPHX-DALCFLAGG32-6,2026-04-08,reb,5.5,4.53275,0.9672499999999999,0.3065,0.31402532951111395,1.0,1.0
KXNBAREB-26APR08DALPHX-DALCFLAGG32-7,2026-04-08,reb,6.5,4.53275,1.96725,0.18425,0.20405623420529861,1.0,1.0
KXNBAREB-26APR08DALPHX-DALCFLAGG32-8,2026-04-08,reb,7.5,4.53275,2.96725,0.10025,0.1257575111426199,1.0,1.0
KXNBAREB-26APR08DALPHX-DALMCHRISTIE00-10,2026-04-08,reb,9.5,2.18075,7.31925,0.00025,0.0006222053718084597,0.0,1.0
KXNBAREB-26APR08DALPHX-DALMCHRISTIE00-2,2026-04-08,reb,1.5,2.18075,-0.6807500000000002,0.62875,0.6124510478950673,1.0,1.0
KXNBAREB-26APR08DALPHX-DALMCHRISTIE00-4,2026-04-08,reb,3.5,2.18075,1.3192499999999998,0.191,0.19093074226815454,0.0,1.0
KXNBAREB-26APR08DALPHX-DALMCHRISTIE00-6,2026-04-08,reb,5.5,2.18075,3.31925,0.029,0.037525147687234583,0.0,1.0
KXNBAREB-26APR08DALPHX-DALMCHRISTIE00-8,2026-04-08,reb,7.5,2.18075,5.31925,0.00175,0.005399479420197251,0.0,1.0
KXNBAREB-26APR08DALPHX-PHXDBROOKS3-10,2026-04-08,reb,9.5,2.95575,6.54425,0.0035,0.004363128597738797,0.0,1.0
KXNBAREB-26APR08DALPHX-PHXDBROOKS3-2,2026-04-08,reb,1.5,2.95575,-1.45575,0.75575,0.7544537557076789,1.0,1.0
KXNBAREB-26APR08DALPHX-PHXDBROOKS3-4,2026-04-08,reb,3.5,2.95575,0.5442499999999999,0.3505,0.34281397549799597,1.0,1.0
KXNBAREB-26APR08DALPHX-PHXDBROOKS3-6,2026-04-08,reb,5.5,2.95575,2.54425,0.10075,0.10412034118179292,0.0,1.0
KXNBAREB-26APR08DALPHX-PHXDBROOKS3-8,2026-04-08,reb,7.5,2.95575,4.54425,0.0225,0.02368971500937811,0.0,1.0
KXNBAREB-26APR08DALPHX-PHXJGREEN4-10,2026-04-08,reb,9.5,3.4895,6.0105,0.00775,0.011260177115520964,0.0,1.0
KXNBAREB-26APR08DALPHX-PHXJGREEN4-2,2026-04-08,reb,1.5,3.4895,-1.9895,0.83875,0.821007468101316,0.0,1.0
KXNBAREB-26APR08DALPHX-PHXJGREEN4-4,2026-04-08,reb,3.5,3.4895,0.010499999999999954,0.45225,0.4451471667229808,0.0,1.0
KXNBAREB-26APR08DALPHX-PHXJGREEN4-6,2026-04-08,reb,5.5,3.4895,2.0105,0.156,0.16771802356767784,0.0,1.0
KXNBAREB-26APR08DALPHX-PHXJGREEN4-8,2026-04-08,reb,7.5,3.4895,4.0105,0.0395,0.04811352017713211,0.0,1.0
KXNBAAST-26APR08DALPHX-DALMCHRISTIE00-2,2026-04-08,ast,1.5,1.28325,0.21675,0.36325,0.3613919111784656,1.0,1.0
KXNBAAST-26APR08DALPHX-DALMCHRISTIE00-3,2026-04-08,ast,2.5,1.28325,1.21675,0.14475,0.1476920899847094,0.0,1.0
KXNBAAST-26APR08DALPHX-DALMCHRISTIE00-4,2026-04-08,ast,3.5,1.28325,2.21675,0.04625,0.05083844505212842,0.0,1.0
KXNBAAST-26APR08DALPHX-DALMCHRISTIE00-6,2026-04-08,ast,5.5,1.28325,4.21675,0.00275,0.004165817799872573,0.0,1.0
KXNBAAST-26APR08DALPHX-DALMCHRISTIE00-8,2026-04-08,ast,7.5,1.28325,6.21675,0.0005,0.0002416978022941052,0.0,1.0
KXNBAAST-26APR08DALPHX-PHXDBOOKER1-10,2026-04-08,ast,9.5,4.29425,5.20575,0.0145,0.031457606412371386,0.0,1.0
KXNBAAST-26APR08DALPHX-PHXDBOOKER1-2,2026-04-08,ast,1.5,4.29425,-2.79425,0.91525,0.8902750025785372,1.0,1.0
KXNBAAST-26APR08DALPHX-PHXDBOOKER1-4,2026-04-08,ast,3.5,4.29425,-0.7942499999999999,0.6035,0.5831148478329962,1.0,1.0
KXNBAAST-26APR08DALPHX-PHXDBOOKER1-6,2026-04-08,ast,5.5,4.29425,1.20575,0.2815,0.27878804673295354,1.0,1.0
KXNBAAST-26APR08DALPHX-PHXDBOOKER1-8,2026-04-08,ast,7.5,4.29425,3.20575,0.07875,0.10335688327567172,1.0,1.0
KXNBAAST-26APR08DALPHX-PHXDBROOKS3-10,2026-04-08,ast,9.5,1.2655,8.2345,0.0,9.862357748469108e-06,0.0,1.0
KXNBAAST-26APR08DALPHX-PHXDBROOKS3-2,2026-04-08,ast,1.5,1.2655,0.23449999999999993,0.3545,0.35546552381397456,1.0,1.0
KXNBAAST-26APR08DALPHX-PHXDBROOKS3-4,2026-04-08,ast,3.5,1.2655,2.2344999999999997,0.048,0.04889351809914566,0.0,1.0
KXNBAAST-26APR08DALPHX-PHXDBROOKS3-6,2026-04-08,ast,5.5,1.2655,4.2345,0.004,0.003912073228590884,0.0,1.0
KXNBAAST-26APR08DALPHX-PHXDBROOKS3-8,2026-04-08,ast,7.5,1.2655,6.2345,0.00025,0.00022152268052544333,0.0,1.0
KXNBAAST-26APR08DALPHX-PHXJGREEN4-10,2026-04-08,ast,9.5,2.3865,7.1135,0.0005,0.0010670169758084658,0.0,1.0
KXNBAAST-26APR08DALPHX-PHXJGREEN4-2,2026-04-08,ast,1.5,2.3865,-0.8864999999999998,0.67075,0.6578385171352017,0.0,1.0
KXNBAAST-26APR08DALPHX-PHXJGREEN4-4,2026-04-08,ast,3.5,2.3865,1.1135000000000002,0.2285,0.2298217249203428,0.0,1.0
KXNBAAST-26APR08DALPHX-PHXJGREEN4-6,2026-04-08,ast,5.5,2.3865,3.1135,0.0395,0.05095354325446988,0.0,1.0
KXNBAAST-26APR08DALPHX-PHXJGREEN4-8,2026-04-08,ast,7.5,2.3865,5.1135,0.00525,0.008254815126169102,0.0,1.0
KXNBA3PT-26APR08DALPHX-DALCFLAGG32-1,2026-04-08,fg3m,0.5,0.76825,-0.26825,0.5365,0.5190557378931682,0.0,1.0
KXNBA3PT-26APR08DALPHX-DALCFLAGG32-2,2026-04-08,fg3m,1.5,0.76825,0.73175,0.184,0.18335543844162272,0.0,1.0
KXNBA3PT-26APR08DALPHX-DALCFLAGG32-3,2026-04-08,fg3m,2.5,0.76825,1.73175,0.0405,0.05084767650128119,0.0,1.0
KXNBA3PT-26APR08DALPHX-DALCFLAGG32-4,2026-04-08,fg3m,3.5,0.76825,2.73175,0.00675,0.011939901130234465,0.0,1.0
KXNBA3PT-26APR08DALPHX-DALCFLAGG32-5,2026-04-08,fg3m,4.5,0.76825,3.73175,0.0005,0.0024822235203219023,0.0,1.0
KXNBA3PT-26APR08DALPHX-PHXDBOOKER1-1,2026-04-08,fg3m,0.5,1.33525,-0.83525,0.731,0.7078594310260591,1.0,1.0
KXNBA3PT-26APR08DALPHX-PHXDBOOKER1-2,2026-04-08,fg3m,1.5,1.33525,0.16474999999999995,0.3755,0.3758526205727699,1.0,1.0
KXNBA3PT-26APR08DALPHX-PHXDBOOKER1-3,2026-04-08,fg3m,2.5,1.33525,1.16475,0.161,0.1624819493377323,0.0,1.0
KXNBA3PT-26APR08DALPHX-PHXDBOOKER1-4,2026-04-08,fg3m,3.5,1.33525,2.1647499999999997,0.04925,0.06047542612268775,0.0,1.0
KXNBA3PT-26APR08DALPHX-PHXDBOOKER1-5,2026-04-08,fg3m,4.5,1.33525,3.1647499999999997,0.0145,0.02010399061131185,0.0,1.0
KXNBAPTS-26APR08PORSAS-PORDAVDIJA8-20,2026-04-08,pts,19.5,13.18325,6.316750000000001,0.1645,0.15633654172454015,1.0,1.0
KXNBAPTS-26APR08PORSAS-PORDAVDIJA8-25,2026-04-08,pts,24.5,13.18325,11.31675,0.05425,0.05584545693459686,1.0,1.0
KXNBAPTS-26APR08PORSAS-PORDAVDIJA8-30,2026-04-08,pts,29.5,13.18325,16.31675,0.0145,0.01756080752711142,0.0,1.0
KXNBAPTS-26APR08PORSAS-PORDAVDIJA8-35,2026-04-08,pts,34.5,13.18325,21.31675,0.00375,0.005010818224217672,0.0,1.0
KXNBAPTS-26APR08PORSAS-PORDCLINGAN23-10,2026-04-08,pts,9.5,7.195,2.3049999999999997,0.2785,0.24786600021806782,1.0,1.0
KXNBAPTS-26APR08PORSAS-PORDCLINGAN23-15,2026-04-08,pts,14.5,7.195,7.305,0.0605,0.049397993273580076,0.0,1.0
KXNBAPTS-26APR08PORSAS-PORDCLINGAN23-20,2026-04-08,pts,19.5,7.195,12.305,0.01025,0.007116016101824996,0.0,1.0
KXNBAPTS-26APR08PORSAS-PORJHOLIDAY5-15,2026-04-08,pts,14.5,10.72,3.7799999999999994,0.2385,0.21874340007573456,0.0,1.0
KXNBAPTS-26APR08PORSAS-PORJHOLIDAY5-20,2026-04-08,pts,19.5,10.72,8.78,0.08425,0.06790836892215413,0.0,1.0
KXNBAPTS-26APR08PORSAS-PORJHOLIDAY5-25,2026-04-08,pts,24.5,10.72,13.78,0.01825,0.017455242705339158,0.0,1.0
KXNBAPTS-26APR08PORSAS-PORJHOLIDAY5-30,2026-04-08,pts,29.5,10.72,18.78,0.0025,0.003915086066066498,0.0,1.0
KXNBAPTS-26APR08PORSAS-PORTCAMARA33-10,2026-04-08,pts,9.5,8.496,1.0039999999999996,0.38025,0.3609145785110742,1.0,1.0
KXNBAPTS-26APR08PORSAS-PORTCAMARA33-15,2026-04-08,pts,14.5,8.496,6.004,0.12125,0.0997533207914223,1.0,1.0
KXNBAPTS-26APR08PORSAS-PORTCAMARA33-20,2026-04-08,pts,19.5,8.496,11.004,0.027,0.020326162361154032,0.0,1.0
KXNBAPTS-26APR08PORSAS-PORTCAMARA33-25,2026-04-08,pts,24.5,8.496,16.003999999999998,0.005,0.0033784414503917892,0.0,1.0
KXNBAPTS-26APR08PORSAS-SASDFOX4-15,2026-04-08,pts,14.5,12.525,1.9749999999999996,0.3405,0.32853661166804415,1.0,1.0
KXNBAPTS-26APR08PORSAS-SASDFOX4-20,2026-04-08,pts,19.5,12.525,6.975,0.12575,0.12970648857389278,1.0,1.0
KXNBAPTS-26APR08PORSAS-SASDFOX4-25,2026-04-08,pts,24.5,12.525,11.975,0.038,0.04292349044413435,1.0,1.0
KXNBAPTS-26APR08PORSAS-SASDFOX4-30,2026-04-08,pts,29.5,12.525,16.975,0.0095,0.01247462291536705,0.0,1.0
KXNBAPTS-26APR08PORSAS-SASDHARPER2-15,2026-04-08,pts,14.5,10.62675,3.8732500000000005,0.21825,0.213226032052113,0.0,1.0
KXNBAPTS-26APR08PORSAS-SASDHARPER2-20,2026-04-08,pts,19.5,10.62675,8.87325,0.0625,0.06524425514432342,0.0,1.0
KXNBAPTS-26APR08PORSAS-SASDHARPER2-25,2026-04-08,pts,24.5,10.62675,13.87325,0.01525,0.01651900241688553,0.0,1.0
KXNBAPTS-26APR08PORSAS-SASDHARPER2-30,2026-04-08,pts,29.5,10.62675,18.87325,0.00325,0.0036483468326883317,0.0,1.0
KXNBAPTS-26APR08PORSAS-SASDVASSELL24-10,2026-04-08,pts,9.5,10.9705,-1.4704999999999995,0.55925,0.5547403573378824,1.0,1.0
KXNBAPTS-26APR08PORSAS-SASDVASSELL24-15,2026-04-08,pts,14.5,10.9705,3.5295000000000005,0.2535,0.23369472281933446,0.0,1.0
KXNBAPTS-26APR08PORSAS-SASDVASSELL24-20,2026-04-08,pts,19.5,10.9705,8.5295,0.079,0.0753422327307649,0.0,1.0
KXNBAPTS-26APR08PORSAS-SASDVASSELL24-25,2026-04-08,pts,24.5,10.9705,13.5295,0.0175,0.020145649629472295,0.0,1.0
KXNBAREB-26APR08PORSAS-PORDAVDIJA8-10,2026-04-08,reb,9.5,5.07175,4.42825,0.049,0.06812924657479258,0.0,1.0
KXNBAREB-26APR08PORSAS-PORDAVDIJA8-12,2026-04-08,reb,11.5,5.07175,6.42825,0.0145,0.0225226718613748,0.0,1.0
KXNBAREB-26APR08PORSAS-PORDAVDIJA8-4,2026-04-08,reb,3.5,5.07175,-1.5717499999999998,0.71225,0.6872299423964658,1.0,1.0
KXNBAREB-26APR08PORSAS-PORDAVDIJA8-6,2026-04-08,reb,5.5,5.07175,0.42825000000000024,0.39475,0.3919682323363891,1.0,1.0
KXNBAREB-26APR08PORSAS-PORDAVDIJA8-8,2026-04-08,reb,7.5,5.07175,2.4282500000000002,0.15575,0.17872665816417643,0.0,1.0
KXNBAREB-26APR08PORSAS-PORDCLINGAN23-10,2026-04-08,reb,9.5,7.9395,1.5605000000000002,0.29325,0.3050612097048243,1.0,1.0
KXNBAREB-26APR08PORSAS-PORDCLINGAN23-12,2026-04-08,reb,11.5,7.9395,3.5605,0.13175,0.16537076135589268,0.0,1.0
KXNBAREB-26APR08PORSAS-PORDCLINGAN23-13,2026-04-08,reb,12.5,7.9395,4.5605,0.08225,0.11724060744442977,0.0,1.0
KXNBAREB-26APR08PORSAS-PORDCLINGAN23-14,2026-04-08,reb,13.5,7.9395,5.5605,0.05,0.08126759205568679,0.0,1.0
KXNBAREB-26APR08PORSAS-PORDCLINGAN23-16,2026-04-08,reb,15.5,7.9395,7.5605,0.0175,0.03675444186065169,0.0,1.0
KXNBAREB-26APR08PORSAS-PORJHOLIDAY5-2,2026-04-08,reb,1.5,3.59925,-2.09925,0.85175,0.8322389843304455,1.0,1.0
KXNBAREB-26APR08PORSAS-PORJHOLIDAY5-4,2026-04-08,reb,3.5,3.59925,-0.09925000000000006,0.47375,0.4651903714858159,1.0,1.0
KXNBAREB-26APR08PORSAS-PORJHOLIDAY5-5,2026-04-08,reb,4.5,3.59925,0.9007499999999999,0.303,0.30256545537356094,1.0,1.0
KXNBAREB-26APR08PORSAS-PORJHOLIDAY5-6,2026-04-08,reb,5.5,3.59925,1.90075,0.17225,0.18210116355857653,1.0,1.0
KXNBAREB-26APR08PORSAS-PORJHOLIDAY5-8,2026-04-08,reb,7.5,3.59925,3.90075,0.0405,0.054459226576815456,1.0,1.0
KXNBAREB-26APR08PORSAS-SASDFOX4-10,2026-04-08,reb,9.5,2.651,6.849,0.00075,0.0022392864387852374,0.0,1.0
KXNBAREB-26APR08PORSAS-SASDFOX4-2,2026-04-08,reb,1.5,2.651,-1.1509999999999998,0.71725,0.7059062805442454,1.0,1.0
KXNBAREB-26APR08PORSAS-SASDFOX4-4,2026-04-08,reb,3.5,2.651,0.8490000000000002,0.2835,0.28238692667663845,1.0,1.0
KXNBAREB-26APR08PORSAS-SASDFOX4-6,2026-04-08,reb,5.5,2.651,2.849,0.06575,0.07380719986936057,0.0,1.0
KXNBAREB-26APR08PORSAS-SASDFOX4-8,2026-04-08,reb,7.5,2.651,4.849,0.00775,0.014319630367438663,0.0,1.0
KXNBAAST-26APR08PORSAS-PORDAVDIJA8-10,2026-04-08,ast,9.5,3.728,5.772,0.0105,0.015406890092734882,0.0,1.0
KXNBAAST-26APR08PORSAS-PORDAVDIJA8-12,2026-04-08,ast,11.5,3.728,7.772,0.003,0.0033031415622366556,0.0,1.0
KXNBAAST-26APR08PORSAS-PORDAVDIJA8-6,2026-04-08,ast,5.5,3.728,1.7719999999999998,0.18825,0.19841586420681234,1.0,1.0
KXNBAAST-26APR08PORSAS-PORDAVDIJA8-7,2026-04-08,ast,6.5,3.728,2.772,0.09675,0.11356934354667236,0.0,1.0
KXNBAAST-26APR08PORSAS-PORDAVDIJA8-8,2026-04-08,ast,7.5,3.728,3.772,0.04925,0.06129275910530174,0.0,1.0
KXNBAAST-26APR08PORSAS-PORDCLINGAN23-10,2026-04-08,ast,9.5,1.21975,8.28025,0.0,7.328853450117023e-06,0.0,1.0
KXNBAAST-26APR08PORSAS-PORDCLINGAN23-2,2026-04-08,ast,1.5,1.21975,0.2802500000000001,0.3355,0.3400609513808328,1.0,1.0
KXNBAAST-26APR08PORSAS-PORDCLINGAN23-4,2026-04-08,ast,3.5,1.21975,2.28025,0.0455,0.044061296943945116,1.0,1.0
KXNBAAST-26APR08PORSAS-PORDCLINGAN23-6,2026-04-08,ast,5.5,1.21975,4.2802500000000006,0.0035,0.0033092925140243423,0.0,1.0
KXNBAAST-26APR08PORSAS-PORDCLINGAN23-8,2026-04-08,ast,7.5,1.21975,6.2802500000000006,0.00025,0.00017568391699973596,0.0,1.0
KXNBAAST-26APR08PORSAS-PORJHOLIDAY5-10,2026-04-08,ast,9.5,3.7395,5.7605,0.0085,0.015659620498528537,0.0,1.0
KXNBAAST-26APR08PORSAS-PORJHOLIDAY5-2,2026-04-08,ast,1.5,3.7395,-2.2395,0.872,0.8475463149729541,1.0,1.0
KXNBAAST-26APR08PORSAS-PORJHOLIDAY5-4,2026-04-08,ast,3.5,3.7395,-0.23950000000000005,0.5075,0.4912369494734663,1.0,1.0
KXNBAAST-26APR08PORSAS-PORJHOLIDAY5-6,2026-04-08,ast,5.5,3.7395,1.7605,0.181,0.19998790883534545,1.0,1.0
KXNBAAST-26APR08PORSAS-PORJHOLIDAY5-8,2026-04-08,ast,7.5,3.7395,3.7605,0.048,0.06203224833382004,0.0,1.0
KXNBAAST-26APR08PORSAS-SASDFOX4-10,2026-04-08,ast,9.5,3.81575,5.6842500000000005,0.0095,0.017408037726092895,0.0,1.0
KXNBAAST-26APR08PORSAS-SASDFOX4-12,2026-04-08,ast,11.5,3.81575,7.6842500000000005,0.00025,0.003857116415948769,0.0,1.0
KXNBAAST-26APR08PORSAS-SASDFOX4-6,2026-04-08,ast,5.5,3.81575,1.68425,0.20275,0.21049174131747195,1.0,1.0
KXNBAAST-26APR08PORSAS-SASDFOX4-7,2026-04-08,ast,6.5,3.81575,2.68425,0.1085,0.12232546557179558,1.0,1.0
KXNBAAST-26APR08PORSAS-SASDFOX4-8,2026-04-08,ast,7.5,3.81575,3.68425,0.05,0.06705973969851575,0.0,1.0
KXNBA3PT-26APR08PORSAS-PORDAVDIJA8-1,2026-04-08,fg3m,0.5,0.99775,-0.49775,0.6225,0.6084812137190886,1.0,1.0
KXNBA3PT-26APR08PORSAS-PORDAVDIJA8-2,2026-04-08,fg3m,1.5,0.99775,0.50225,0.267,0.2629996047747776,0.0,1.0
KXNBA3PT-26APR08PORSAS-PORDAVDIJA8-3,2026-04-08,fg3m,2.5,0.99775,1.50225,0.085,0.09060253869957613,0.0,1.0
KXNBA3PT-26APR08PORSAS-PORDAVDIJA8-4,2026-04-08,fg3m,3.5,0.99775,2.50225,0.02025,0.026608385222418374,0.0,1.0
KXNBA3PT-26APR08PORSAS-PORDAVDIJA8-5,2026-04-08,fg3m,4.5,0.99775,3.50225,0.0025,0.006942941438960015,0.0,1.0
KXNBA3PT-26APR08PORSAS-SASDFOX4-1,2026-04-08,fg3m,0.5,1.15975,-0.6597500000000001,0.67075,0.6602914538134552,1.0,1.0
KXNBA3PT-26APR08PORSAS-SASDFOX4-2,2026-04-08,fg3m,1.5,1.15975,0.34024999999999994,0.322,0.3182759433375588,1.0,1.0
KXNBA3PT-26APR08PORSAS-SASDFOX4-3,2026-04-08,fg3m,2.5,1.15975,1.34025,0.11875,0.1235527243849861,1.0,1.0
KXNBA3PT-26APR08PORSAS-SASDFOX4-4,2026-04-08,fg3m,3.5,1.15975,2.34025,0.0385,0.041082881052585174,0.0,1.0
KXNBA3PT-26APR08PORSAS-SASDFOX4-5,2026-04-08,fg3m,4.5,1.15975,3.34025,0.00775,0.01216771945687245,0.0,1.0
KXNBAPTS-26APR07CHABOS-BOSDWHITE9-10,2026-04-07,pts,9.5,10.6865,-1.1865000000000006,0.55025,0.5348388654512529,1.0,1.0
KXNBAPTS-26APR07CHABOS-BOSDWHITE9-15,2026-04-07,pts,14.5,10.6865,3.8134999999999994,0.2265,0.21675801877515732,0.0,1.0
KXNBAPTS-26APR07CHABOS-BOSDWHITE9-20,2026-04-07,pts,19.5,10.6865,8.8135,0.0635,0.06694477862418824,0.0,1.0
KXNBAPTS-26APR07CHABOS-BOSDWHITE9-25,2026-04-07,pts,24.5,10.6865,13.8135,0.011,0.01711487644549914,0.0,1.0
KXNBAPTS-26APR07CHABOS-BOSJBROWN7-20,2026-04-07,pts,19.5,18.30925,1.1907500000000013,0.40175,0.3925427686890317,1.0,1.0
KXNBAPTS-26APR07CHABOS-BOSJBROWN7-25,2026-04-07,pts,24.5,18.30925,6.190750000000001,0.183,0.21201027814744156,1.0,1.0
KXNBAPTS-26APR07CHABOS-BOSJBROWN7-30,2026-04-07,pts,29.5,18.30925,11.190750000000001,0.06775,0.10270010773951488,1.0,1.0
KXNBAPTS-26APR07CHABOS-BOSJBROWN7-35,2026-04-07,pts,34.5,18.30925,16.19075,0.02075,0.04564332767874768,1.0,1.0
KXNBAPTS-26APR07CHABOS-BOSJTATUM0-15,2026-04-07,pts,14.5,15.80925,-1.3092500000000005,0.5435,0.5167249075904276,1.0,1.0
KXNBAPTS-26APR07CHABOS-BOSJTATUM0-20,2026-04-07,pts,19.5,15.80925,3.6907499999999995,0.271,0.27509339524751575,1.0,1.0
KXNBAPTS-26APR07CHABOS-BOSJTATUM0-25,2026-04-07,pts,24.5,15.80925,8.69075,0.103,0.12551924508455836,0.0,1.0
KXNBAPTS-26APR07CHABOS-BOSJTATUM0-30,2026-04-07,pts,29.5,15.80925,13.69075,0.034,0.050900519616010165,0.0,1.0
KXNBAPTS-26APR07CHABOS-BOSNQUETA88-10,2026-04-07,pts,9.5,7.67225,1.82775,0.30275,0.2893601335772976,1.0,1.0
KXNBAPTS-26APR07CHABOS-BOSNQUETA88-15,2026-04-07,pts,14.5,7.67225,6.82775,0.07425,0.06575856901446364,0.0,1.0
KXNBAPTS-26APR07CHABOS-BOSNQUETA88-20,2026-04-07,pts,19.5,7.67225,11.82775,0.01325,0.010880227658780939,0.0,1.0
KXNBAPTS-26APR07CHABOS-BOSNVUCEVIC4-10,2026-04-07,pts,9.5,5.985,3.5149999999999997,0.20925,0.14827386879575655,0.0,1.0
KXNBAPTS-26APR07CHABOS-BOSNVUCEVIC4-15,2026-04-07,pts,14.5,5.985,8.515,0.05575,0.0196022865269343,0.0,1.0
KXNBAPTS-26APR07CHABOS-BOSNVUCEVIC4-20,2026-04-07,pts,19.5,5.985,13.515,0.01275,0.001839542866484356,0.0,1.0
KXNBAPTS-26APR07CHABOS-BOSPPRITCHARD11-10,2026-04-07,pts,9.5,11.5855,-2.0854999999999997,0.6095,0.5954879280472021,1.0,1.0
KXNBAPTS-26APR07CHABOS-BOSPPRITCHARD11-15,2026-04-07,pts,14.5,11.5855,2.9145000000000003,0.28775,0.270986539728432,0.0,1.0
KXNBAPTS-26APR07CHABOS-BOSPPRITCHARD11-20,2026-04-07,pts,19.5,11.5855,7.9145,0.09775,0.09523785391280049,0.0,1.0
KXNBAPTS-26APR07CHABOS-BOSPPRITCHARD11-25,2026-04-07,pts,24.5,11.5855,12.9145,0.0255,0.02787681038105916,0.0,1.0
KXNBAPTS-26APR07CHABOS-BOSSHAUSER30-10,2026-04-07,pts,9.5,7.01675,2.48325,0.26225,0.23253888320901306,0.0,1.0
KXNBAPTS-26APR07CHABOS-BOSSHAUSER30-15,2026-04-07,pts,14.5,7.01675,7.48325,0.0705,0.04395283060416799,0.0,1.0
KXNBAPTS-26APR07CHABOS-BOSSHAUSER30-20,2026-04-07,pts,19.5,7.01675,12.48325,0.01525,0.005988876204082616,0.0,1.0
KXNBAPTS-26APR07CHABOS-CHABMILLER24-10,2026-04-07,pts,9.5,13.1585,-3.6585,0.69275,0.6852436891067337,1.0,1.0
KXNBAPTS-26APR07CHABOS-CHABMILLER24-15,2026-04-07,pts,14.5,13.1585,1.3415,0.386,0.3670105297617279,1.0,1.0
KXNBAPTS-26APR07CHABOS-CHABMILLER24-20,2026-04-07,pts,19.5,13.1585,6.3415,0.1605,0.15530351957870037,1.0,1.0
KXNBAPTS-26APR07CHABOS-CHABMILLER24-25,2026-04-07,pts,24.5,13.1585,11.3415,0.05275,0.05532432842189228,0.0,1.0
KXNBAPTS-26APR07CHABOS-CHAKKNUEPPEL7-10,2026-04-07,pts,9.5,11.604,-2.103999999999999,0.602,0.5966636386125534,1.0,1.0
KXNBAPTS-26APR07CHABOS-CHAKKNUEPPEL7-15,2026-04-07,pts,14.5,11.604,2.896000000000001,0.28825,0.27211697986320216,0.0,1.0
KXNBAPTS-26APR07CHABOS-CHAKKNUEPPEL7-20,2026-04-07,pts,19.5,11.604,7.896000000000001,0.10325,0.09587097645986142,0.0,1.0
KXNBAPTS-26APR07CHABOS-CHAKKNUEPPEL7-25,2026-04-07,pts,24.5,11.604,12.896,0.0245,0.028134877497661748,0.0,1.0
KXNBAPTS-26APR07CHABOS-CHALBALL1-10,2026-04-07,pts,9.5,14.067,-4.567,0.73275,0.7281995704636414,1.0,1.0
KXNBAPTS-26APR07CHABOS-CHALBALL1-15,2026-04-07,pts,14.5,14.067,0.43299999999999983,0.43075,0.4208020294413706,1.0,1.0
KXNBAPTS-26APR07CHABOS-CHALBALL1-20,2026-04-07,pts,19.5,14.067,5.433,0.19375,0.19457645323216588,1.0,1.0
KXNBAPTS-26APR07CHABOS-CHALBALL1-25,2026-04-07,pts,24.5,14.067,10.433,0.074,0.07621117107489561,1.0,1.0
KXNBAPTS-26APR07CHABOS-CHALBALL1-30,2026-04-07,pts,29.5,14.067,15.433,0.02425,0.026361365624344546,1.0,1.0
KXNBAPTS-26APR07CHABOS-CHALBALL1-50,2026-04-07,pts,49.5,14.067,35.433,0.0,0.0001737326257366112,0.0,1.0
KXNBAPTS-26APR07CHABOS-CHALBALL1-60,2026-04-07,pts,59.5,14.067,45.433,0.0,1.0564704279292236e-05,0.0,1.0
KXNBAPTS-26APR07CHABOS-CHAMBRIDGES0-10,2026-04-07,pts,9.5,10.60375,-1.1037499999999998,0.54375,0.528912846546836,1.0,1.0
KXNBAPTS-26APR07CHABOS-CHAMBRIDGES0-15,2026-04-07,pts,14.5,10.60375,3.89625,0.2195,0.21186964792113738,0.0,1.0
KXNBAPTS-26APR07CHABOS-CHAMBRIDGES0-20,2026-04-07,pts,19.5,10.60375,8.89625,0.06275,0.06459587354348284,0.0,1.0
KXNBAPTS-26APR07CHABOS-CHAMBRIDGES0-25,2026-04-07,pts,24.5,10.60375,13.89625,0.012,0.01629343122177651,0.0,1.0
KXNBAPTS-26APR07CHABOS-CHAMDIABATE14-10,2026-04-07,pts,9.5,5.644,3.856,0.15225,0.12308673554052607,0.0,1.0
KXNBAPTS-26APR07CHABOS-CHAMDIABATE14-15,2026-04-07,pts,14.5,5.644,8.856,0.02475,0.01412953276618456,0.0,1.0
KXNBAPTS-26APR07CHABOS-CHAMDIABATE14-20,2026-04-07,pts,19.5,5.644,13.856,0.0025,0.0011455539433278261,0.0,1.0
KXNBAREB-26APR07CHABOS-BOSJBROWN7-10,2026-04-07,reb,9.5,4.428,5.072,0.022,0.037488656940231624,0.0,1.0
KXNBAREB-26APR07CHABOS-BOSJBROWN7-2,2026-04-07,reb,1.5,4.428,-2.928,0.92125,0.8966662434157688,1.0,1.0
KXNBAREB-26APR07CHABOS-BOSJBROWN7-4,2026-04-07,reb,3.5,4.428,-0.9279999999999999,0.628,0.6014293951201787,1.0,1.0
KXNBAREB-26APR07CHABOS-BOSJBROWN7-6,2026-04-07,reb,5.5,4.428,1.072,0.30075,0.29878486980415453,1.0,1.0
KXNBAREB-26APR07CHABOS-BOSJBROWN7-8,2026-04-07,reb,7.5,4.428,3.072,0.08975,0.1163403420553547,1.0,1.0
KXNBAREB-26APR07CHABOS-BOSJTATUM0-10,2026-04-07,reb,9.5,5.42425,4.07575,0.0645,0.08935903882914031,0.0,1.0
KXNBAREB-26APR07CHABOS-BOSJTATUM0-12,2026-04-07,reb,11.5,5.42425,6.07575,0.01525,0.0320700442014219,0.0,1.0
KXNBAREB-26APR07CHABOS-BOSJTATUM0-6,2026-04-07,reb,5.5,5.42425,0.0757500000000002,0.4595,0.44146968431155287,0.0,1.0
KXNBAREB-26APR07CHABOS-BOSJTATUM0-8,2026-04-07,reb,7.5,5.42425,2.07575,0.19125,0.21661694603501047,0.0,1.0
KXNBAREB-26APR07CHABOS-BOSJTATUM0-9,2026-04-07,reb,8.5,5.42425,3.07575,0.1195,0.1418484704698938,0.0,1.0
KXNBAREB-26APR07CHABOS-BOSNQUETA88-10,2026-04-07,reb,9.5,5.705,3.795,0.085,0.10837591963886828,0.0,1.0
KXNBAREB-26APR07CHABOS-BOSNQUETA88-12,2026-04-07,reb,11.5,5.705,5.795,0.024,0.041297972825738105,0.0,1.0
KXNBAREB-26APR07CHABOS-BOSNQUETA88-6,2026-04-07,reb,5.5,5.705,-0.20500000000000007,0.49225,0.47952079455755925,0.0,1.0
KXNBAREB-26APR07CHABOS-BOSNQUETA88-8,2026-04-07,reb,7.5,5.705,1.795,0.236,0.24806288520477882,0.0,1.0
KXNBAREB-26APR07CHABOS-BOSNQUETA88-9,2026-04-07,reb,8.5,5.705,2.795,0.15225,0.16710051376273094,0.0,1.0
KXNBAREB-26APR07CHABOS-BOSNVUCEVIC4-2,2026-04-07,reb,1.5,3.2465,-1.7465000000000002,0.747,0.7933256805968442,1.0,1.0
KXNBAREB-26APR07CHABOS-BOSNVUCEVIC4-4,2026-04-07,reb,3.5,3.2465,0.25349999999999984,0.4045,0.39942055624179473,1.0,1.0
KXNBAREB-26APR07CHABOS-BOSNVUCEVIC4-5,2026-04-07,reb,4.5,3.2465,1.2534999999999998,0.2665,0.24393318205837589,1.0,1.0
KXNBAREB-26APR07CHABOS-BOSNVUCEVIC4-6,2026-04-07,reb,5.5,3.2465,2.2535,0.16575,0.1373195774090411,1.0,1.0
KXNBAREB-26APR07CHABOS-BOSNVUCEVIC4-8,2026-04-07,reb,7.5,3.2465,4.2535,0.051,0.03567918041893692,0.0,1.0
KXNBAREB-26APR07CHABOS-BOSPPRITCHARD11-2,2026-04-07,reb,1.5,2.52575,-1.02575,0.6995,0.6833493277917266,1.0,1.0
KXNBAREB-26APR07CHABOS-BOSPPRITCHARD11-3,2026-04-07,reb,2.5,2.52575,-0.02574999999999994,0.46325,0.4477541151341329,1.0,1.0
KXNBAREB-26APR07CHABOS-BOSPPRITCHARD11-4,2026-04-07,reb,3.5,2.52575,0.9742500000000001,0.2555,0.2575946213823326,1.0,1.0
KXNBAREB-26APR07CHABOS-BOSPPRITCHARD11-6,2026-04-07,reb,5.5,2.52575,2.97425,0.05225,0.06284619451062645,0.0,1.0
KXNBAREB-26APR07CHABOS-BOSPPRITCHARD11-8,2026-04-07,reb,7.5,2.52575,4.97425,0.00675,0.011339311976031663,0.0,1.0
KXNBAREB-26APR07CHABOS-CHABMILLER24-2,2026-04-07,reb,1.5,3.998,-2.498,0.88675,0.8672873137281801,0.0,1.0
KXNBAREB-26APR07CHABOS-CHABMILLER24-4,2026-04-07,reb,3.5,3.998,-0.4980000000000002,0.5585,0.5342571888844685,0.0,1.0
KXNBAREB-26APR07CHABOS-CHABMILLER24-5,2026-04-07,reb,4.5,3.998,0.5019999999999998,0.37,0.369048478871433,0.0,1.0
KXNBAREB-26APR07CHABOS-CHABMILLER24-6,2026-04-07,reb,5.5,3.998,1.5019999999999998,0.223,0.23692899131371548,0.0,1.0
KXNBAREB-26APR07CHABOS-CHABMILLER24-8,2026-04-07,reb,7.5,3.998,3.502,0.06475,0.08126587455812895,0.0,1.0
KXNBAREB-26APR07CHABOS-CHAKKNUEPPEL7-2,2026-04-07,reb,1.5,3.98275,-2.48275,0.895,0.8660974554930054,1.0,1.0
KXNBAREB-26APR07CHABOS-CHAKKNUEPPEL7-4,2026-04-07,reb,3.5,3.98275,-0.4827499999999998,0.547,0.5317317005639286,1.0,1.0
KXNBAREB-26APR07CHABOS-CHAKKNUEPPEL7-5,2026-04-07,reb,4.5,3.98275,0.5172500000000002,0.36475,0.36652736195136815,1.0,1.0
KXNBAREB-26APR07CHABOS-CHAKKNUEPPEL7-6,2026-04-07,reb,5.5,3.98275,1.5172500000000002,0.22425,0.23477383932695006,0.0,1.0
KXNBAREB-26APR07CHABOS-CHAKKNUEPPEL7-8,2026-04-07,reb,7.5,3.98275,3.51725,0.05875,0.08013536352682293,0.0,1.0
KXNBAREB-26APR07CHABOS-CHALBALL1-2,2026-04-07,reb,1.5,3.61975,-2.11975,0.8485,0.8342553723774299,1.0,1.0
KXNBAREB-26APR07CHABOS-CHALBALL1-4,2026-04-07,reb,3.5,3.61975,-0.1197499999999998,0.4875,0.4688879216509233,1.0,1.0
KXNBAREB-26APR07CHABOS-CHALBALL1-5,2026-04-07,reb,4.5,3.61975,0.8802500000000002,0.3095,0.3059963481993261,1.0,1.0
KXNBAREB-26APR07CHABOS-CHALBALL1-6,2026-04-07,reb,5.5,3.61975,1.8802500000000002,0.17375,0.18482723909751586,0.0,1.0
KXNBAREB-26APR07CHABOS-CHALBALL1-8,2026-04-07,reb,7.5,3.61975,3.88025,0.042,0.055694683236915954,0.0,1.0
KXNBAREB-26APR07CHABOS-CHAMBRIDGES0-10,2026-04-07,reb,9.5,4.02225,5.47775,0.013,0.023615896471030573,1.0,1.0
KXNBAREB-26APR07CHABOS-CHAMBRIDGES0-2,2026-04-07,reb,1.5,4.02225,-2.5222499999999997,0.888,0.8691567653703587,1.0,1.0
KXNBAREB-26APR07CHABOS-CHAMBRIDGES0-4,2026-04-07,reb,3.5,4.02225,-0.5222499999999997,0.55275,0.5382533442536446,1.0,1.0
KXNBAREB-26APR07CHABOS-CHAMBRIDGES0-6,2026-04-07,reb,5.5,4.02225,1.4777500000000003,0.238,0.24036342017629786,1.0,1.0
KXNBAREB-26APR07CHABOS-CHAMBRIDGES0-8,2026-04-07,reb,7.5,4.02225,3.4777500000000003,0.06575,0.08308027308054233,1.0,1.0
KXNBAREB-26APR07CHABOS-CHAMDIABATE14-10,2026-04-07,reb,9.5,6.82,2.6799999999999997,0.1735,0.19906842398847346,0.0,1.0
KXNBAREB-26APR07CHABOS-CHAMDIABATE14-12,2026-04-07,reb,11.5,6.82,4.68,0.06175,0.09259561644548897,0.0,1.0
KXNBAREB-26APR07CHABOS-CHAMDIABATE14-6,2026-04-07,reb,5.5,6.82,-1.3200000000000003,0.6525,0.6145648263708696,0.0,1.0
KXNBAREB-26APR07CHABOS-CHAMDIABATE14-8,2026-04-07,reb,7.5,6.82,0.6799999999999997,0.38325,0.3771937989710308,0.0,1.0
KXNBAREB-26APR07CHABOS-CHAMDIABATE14-9,2026-04-07,reb,8.5,6.82,1.6799999999999997,0.26475,0.2787984105519856,0.0,1.0
KXNBAAST-26APR07CHABOS-BOSDWHITE9-2,2026-04-07,ast,1.5,3.53475,-2.03475,0.86325,0.8277231005350018,1.0,1.0
KXNBAAST-26APR07CHABOS-BOSDWHITE9-4,2026-04-07,ast,3.5,3.53475,-0.03474999999999984,0.47425,0.45424919641644557,0.0,1.0
KXNBAAST-26APR07CHABOS-BOSDWHITE9-5,2026-04-07,ast,4.5,3.53475,0.9652500000000002,0.287,0.2914070624135956,0.0,1.0
KXNBAAST-26APR07CHABOS-BOSDWHITE9-6,2026-04-07,ast,5.5,3.53475,1.9652500000000002,0.15075,0.17253705695093724,0.0,1.0
KXNBAAST-26APR07CHABOS-BOSDWHITE9-8,2026-04-07,ast,7.5,3.53475,3.96525,0.0275,0.049609625655694045,0.0,1.0
KXNBAAST-26APR07CHABOS-BOSJBROWN7-10,2026-04-07,ast,9.5,3.74125,5.75875,0.00675,0.015698328889149238,0.0,1.0
KXNBAAST-26APR07CHABOS-BOSJBROWN7-2,2026-04-07,ast,1.5,3.74125,-2.24125,0.876,0.8477052702381547,1.0,1.0
KXNBAAST-26APR07CHABOS-BOSJBROWN7-4,2026-04-07,ast,3.5,3.74125,-0.24124999999999996,0.51625,0.49154642256909187,0.0,1.0
KXNBAAST-26APR07CHABOS-BOSJBROWN7-6,2026-04-07,ast,5.5,3.74125,1.75875,0.17925,0.20022742159518336,0.0,1.0
KXNBAAST-26APR07CHABOS-BOSJBROWN7-8,2026-04-07,ast,7.5,3.74125,3.75875,0.044,0.062145211777718146,0.0,1.0
KXNBAAST-26APR07CHABOS-BOSJTATUM0-10,2026-04-07,ast,9.5,3.9095,5.5905000000000005,0.011,0.019735012091502524,0.0,1.0
KXNBAAST-26APR07CHABOS-BOSJTATUM0-2,2026-04-07,ast,1.5,3.9095,-2.4095,0.89325,0.8622180946786249,1.0,1.0
KXNBAAST-26APR07CHABOS-BOSJTATUM0-4,2026-04-07,ast,3.5,3.9095,-0.4095,0.54025,0.5207413273615085,1.0,1.0
KXNBAAST-26APR07CHABOS-BOSJTATUM0-6,2026-04-07,ast,5.5,3.9095,1.5905,0.212,0.22358201608076111,0.0,1.0
KXNBAAST-26APR07CHABOS-BOSJTATUM0-8,2026-04-07,ast,7.5,3.9095,3.5905,0.0515,0.07353441739946609,0.0,1.0
KXNBAAST-26APR07CHABOS-BOSPPRITCHARD11-2,2026-04-07,ast,1.5,3.304,-1.8039999999999998,0.827,0.8022083711442347,1.0,1.0
KXNBAAST-26APR07CHABOS-BOSPPRITCHARD11-4,2026-04-07,ast,3.5,3.304,0.19600000000000017,0.418,0.41088098560694764,0.0,1.0
KXNBAAST-26APR07CHABOS-BOSPPRITCHARD11-5,2026-04-07,ast,4.5,3.304,1.1960000000000002,0.2405,0.25282403557307476,0.0,1.0
KXNBAAST-26APR07CHABOS-BOSPPRITCHARD11-6,2026-04-07,ast,5.5,3.304,2.196,0.124,0.14320858239804357,0.0,1.0
KXNBAAST-26APR07CHABOS-BOSPPRITCHARD11-8,2026-04-07,ast,7.5,3.304,4.196,0.026,0.037512275942224615,0.0,1.0
KXNBAAST-26APR07CHABOS-CHABMILLER24-2,2026-04-07,ast,1.5,2.23325,-0.73325,0.64525,0.6254836442378088,1.0,1.0
KXNBAAST-26APR07CHABOS-CHABMILLER24-3,2026-04-07,ast,2.5,2.23325,0.26675000000000004,0.38375,0.37984201045882293,0.0,1.0
KXNBAAST-26APR07CHABOS-CHABMILLER24-4,2026-04-07,ast,3.5,2.23325,1.26675,0.20025,0.20026676247011044,0.0,1.0
KXNBAAST-26APR07CHABOS-CHABMILLER24-6,2026-04-07,ast,5.5,2.23325,3.26675,0.03025,0.04021091217562067,0.0,1.0
KXNBAAST-26APR07CHABOS-CHABMILLER24-8,2026-04-07,ast,7.5,2.23325,5.26675,0.0035,0.00587290462990131,0.0,1.0
KXNBAAST-26APR07CHABOS-CHAKKNUEPPEL7-2,2026-04-07,ast,1.5,2.17,-0.6699999999999999,0.62275,0.6113329939472403,1.0,1.0
KXNBAAST-26APR07CHABOS-CHAKKNUEPPEL7-3,2026-04-07,ast,2.5,2.17,0.33000000000000007,0.377,0.36450841705813175,1.0,1.0
KXNBAAST-26APR07CHABOS-CHAKKNUEPPEL7-4,2026-04-07,ast,3.5,2.17,1.33,0.1855,0.18832064817249328,1.0,1.0
KXNBAAST-26APR07CHABOS-CHAKKNUEPPEL7-6,2026-04-07,ast,5.5,2.17,3.33,0.0235,0.03620116482857838,0.0,1.0
KXNBAAST-26APR07CHABOS-CHAKKNUEPPEL7-8,2026-04-07,ast,7.5,2.17,5.33,0.00175,0.0050525660475874146,0.0,1.0
KXNBAAST-26APR07CHABOS-CHALBALL1-10,2026-04-07,ast,9.5,4.5755,4.9245,0.02275,0.04236697879298423,0.0,1.0
KXNBAAST-26APR07CHABOS-CHALBALL1-12,2026-04-07,ast,11.5,4.5755,6.9245,0.0045,0.012028572809064886,0.0,1.0
KXNBAAST-26APR07CHABOS-CHALBALL1-6,2026-04-07,ast,5.5,4.5755,0.9245000000000001,0.31725,0.3199416683603442,1.0,1.0
KXNBAAST-26APR07CHABOS-CHALBALL1-7,2026-04-07,ast,6.5,4.5755,1.9245,0.18875,0.20810314935899532,0.0,1.0
KXNBAAST-26APR07CHABOS-CHALBALL1-8,2026-04-07,ast,7.5,4.5755,2.9245,0.104,0.12820704418224127,0.0,1.0
KXNBAAST-26APR07CHABOS-CHAMBRIDGES0-2,2026-04-07,ast,1.5,1.93675,-0.43674999999999997,0.56475,0.5549567152566195,1.0,1.0
KXNBAAST-26APR07CHABOS-CHAMBRIDGES0-3,2026-04-07,ast,2.5,1.93675,0.56325,0.31125,0.30693150300221106,1.0,1.0
KXNBAAST-26APR07CHABOS-CHAMBRIDGES0-4,2026-04-07,ast,3.5,1.93675,1.56325,0.14275,0.14601244324940288,1.0,1.0
KXNBAAST-26APR07CHABOS-CHAMBRIDGES0-6,2026-04-07,ast,5.5,1.93675,3.56325,0.0155,0.02354136483840852,0.0,1.0
KXNBAAST-26APR07CHABOS-CHAMBRIDGES0-8,2026-04-07,ast,7.5,1.93675,5.56325,0.00175,0.0027370840977258837,0.0,1.0
KXNBA3PT-26APR07CHABOS-BOSDWHITE9-1,2026-04-07,fg3m,0.5,1.693,-1.193,0.81625,0.7832679851093697,1.0,1.0
KXNBA3PT-26APR07CHABOS-BOSDWHITE9-2,2026-04-07,fg3m,1.5,1.693,-0.19300000000000006,0.5055,0.4829468141568867,1.0,1.0
KXNBA3PT-26APR07CHABOS-BOSDWHITE9-3,2026-04-07,fg3m,2.5,1.693,0.8069999999999999,0.2375,0.24761456911832147,1.0,1.0
KXNBA3PT-26APR07CHABOS-BOSDWHITE9-4,2026-04-07,fg3m,3.5,1.693,1.807,0.09175,0.11043721616964808,1.0,1.0
KXNBA3PT-26APR07CHABOS-BOSDWHITE9-5,2026-04-07,fg3m,4.5,1.693,2.807,0.03075,0.044240503425005406,0.0,1.0
KXNBA3PT-26APR07CHABOS-BOSJBROWN7-1,2026-04-07,fg3m,0.5,1.2465,-0.7464999999999999,0.7165,0.6848185490066114,1.0,1.0
KXNBA3PT-26APR07CHABOS-BOSJBROWN7-2,2026-04-07,fg3m,1.5,1.2465,0.25350000000000006,0.355,0.3470926405277315,1.0,1.0
KXNBA3PT-26APR07CHABOS-BOSJBROWN7-3,2026-04-07,fg3m,2.5,1.2465,1.2535,0.12775,0.14244783950266493,1.0,1.0
KXNBA3PT-26APR07CHABOS-BOSJBROWN7-4,2026-04-07,fg3m,3.5,1.2465,2.2535,0.037,0.050202901316230175,0.0,1.0
KXNBA3PT-26APR07CHABOS-BOSJBROWN7-5,2026-04-07,fg3m,4.5,1.2465,3.2535,0.0085,0.01578079851117198,0.0,1.0
KXNBA3PT-26APR07CHABOS-BOSJTATUM0-2,2026-04-07,fg3m,1.5,2.02925,-0.5292500000000002,0.6075,0.5694791950360543,1.0,1.0
KXNBA3PT-26APR07CHABOS-BOSJTATUM0-3,2026-04-07,fg3m,2.5,2.02925,0.4707499999999998,0.319,0.3291227988208133,1.0,1.0
KXNBA3PT-26APR07CHABOS-BOSJTATUM0-4,2026-04-07,fg3m,3.5,2.02925,1.4707499999999998,0.14975,0.1670338693141975,0.0,1.0
KXNBA3PT-26APR07CHABOS-BOSJTATUM0-5,2026-04-07,fg3m,4.5,2.02925,2.47075,0.05875,0.07654314818154873,0.0,1.0
KXNBA3PT-26APR07CHABOS-BOSJTATUM0-6,2026-04-07,fg3m,5.5,2.02925,3.47075,0.01975,0.03232723672439919,0.0,1.0
KXNBA3PT-26APR07CHABOS-BOSNVUCEVIC4-1,2026-04-07,fg3m,0.5,0.52175,-0.021750000000000047,0.39175,0.3963087383004127,0.0,1.0
KXNBA3PT-26APR07CHABOS-BOSNVUCEVIC4-2,2026-04-07,fg3m,1.5,0.52175,0.97825,0.103,0.10148388042574275,0.0,1.0
KXNBA3PT-26APR07CHABOS-BOSNVUCEVIC4-3,2026-04-07,fg3m,2.5,0.52175,1.97825,0.02225,0.020061102474993042,0.0,1.0
KXNBA3PT-26APR07CHABOS-BOSNVUCEVIC4-4,2026-04-07,fg3m,3.5,0.52175,2.97825,0.004,0.00333351830483386,0.0,1.0
KXNBA3PT-26APR07CHABOS-BOSNVUCEVIC4-5,2026-04-07,fg3m,4.5,0.52175,3.97825,0.0005,0.0004885753852299501,0.0,1.0
KXNBA3PT-26APR07CHABOS-BOSPPRITCHARD11-1,2026-04-07,fg3m,0.5,1.81275,-1.31275,0.82675,0.8033799809458891,1.0,1.0
KXNBA3PT-26APR07CHABOS-BOSPPRITCHARD11-2,2026-04-07,fg3m,1.5,1.81275,-0.3127500000000001,0.53325,0.5153545196951324,1.0,1.0
KXNBA3PT-26APR07CHABOS-BOSPPRITCHARD11-3,2026-04-07,fg3m,2.5,1.81275,0.6872499999999999,0.271,0.27675660868600216,1.0,1.0
KXNBA3PT-26APR07CHABOS-BOSPPRITCHARD11-4,2026-04-07,fg3m,3.5,1.81275,1.68725,0.1165,0.12972595634360384,1.0,1.0
KXNBA3PT-26APR07CHABOS-BOSPPRITCHARD11-5,2026-04-07,fg3m,4.5,1.81275,2.6872499999999997,0.045,0.054718894084547665,0.0,1.0
KXNBA3PT-26APR07CHABOS-CHAKKNUEPPEL7-2,2026-04-07,fg3m,1.5,2.04925,-0.5492499999999998,0.59375,0.574193181509389,1.0,1.0
KXNBA3PT-26APR07CHABOS-CHAKKNUEPPEL7-3,2026-04-07,fg3m,2.5,2.04925,0.4507500000000002,0.3415,0.33390975608533935,1.0,1.0
KXNBA3PT-26APR07CHABOS-CHAKKNUEPPEL7-4,2026-04-07,fg3m,3.5,2.04925,1.4507500000000002,0.157,0.1706109887357221,0.0,1.0
KXNBA3PT-26APR07CHABOS-CHAKKNUEPPEL7-5,2026-04-07,fg3m,4.5,2.04925,2.45075,0.0655,0.07873648136980416,0.0,1.0
KXNBA3PT-26APR07CHABOS-CHAKKNUEPPEL7-6,2026-04-07,fg3m,5.5,2.04925,3.45075,0.0205,0.033495608258047094,0.0,1.0
KXNBA3PT-26APR07CHABOS-CHALBALL1-2,2026-04-07,fg3m,1.5,2.63825,-1.1382500000000002,0.726,0.6929092196120774,1.0,1.0
KXNBA3PT-26APR07CHABOS-CHALBALL1-3,2026-04-07,fg3m,2.5,2.63825,-0.1382500000000002,0.48475,0.46742939775110115,1.0,1.0
KXNBA3PT-26APR07CHABOS-CHALBALL1-4,2026-04-07,fg3m,3.5,2.63825,0.8617499999999998,0.2725,0.2814596585549286,1.0,1.0
KXNBA3PT-26APR07CHABOS-CHALBALL1-5,2026-04-07,fg3m,4.5,2.63825,1.8617499999999998,0.13675,0.15448124233073768,1.0,1.0
KXNBA3PT-26APR07CHABOS-CHALBALL1-6,2026-04-07,fg3m,5.5,2.63825,2.86175,0.05825,0.07859878832036493,1.0,1.0
KXNBA3PT-26APR07CHABOS-CHAMBRIDGES0-1,2026-04-07,fg3m,0.5,1.13825,-0.63825,0.67625,0.6538835563522771,1.0,1.0
KXNBA3PT-26APR07CHABOS-CHAMBRIDGES0-2,2026-04-07,fg3m,1.5,1.13825,0.36175,0.31725,0.3110384111110369,0.0,1.0
KXNBA3PT-26APR07CHABOS-CHAMBRIDGES0-3,2026-04-07,fg3m,2.5,1.13825,1.36175,0.10575,0.1189919163273001,0.0,1.0
KXNBA3PT-26APR07CHABOS-CHAMBRIDGES0-4,2026-04-07,fg3m,3.5,1.13825,2.36175,0.0305,0.038967916194520225,0.0,1.0
KXNBA3PT-26APR07CHABOS-CHAMBRIDGES0-5,2026-04-07,fg3m,4.5,1.13825,3.36175,0.00725,0.011362954230555222,0.0,1.0
KXNBAPTS-26APR07MININD-INDJWALKER5-10,2026-04-07,pts,9.5,8.60925,0.8907500000000006,0.391,0.3706139407730512,1.0,1.0
KXNBAPTS-26APR07MININD-INDJWALKER5-15,2026-04-07,pts,14.5,8.60925,5.890750000000001,0.1525,0.10494981991996832,0.0,1.0
KXNBAPTS-26APR07MININD-INDJWALKER5-20,2026-04-07,pts,19.5,8.60925,10.89075,0.041,0.021947970212389256,0.0,1.0
KXNBAPTS-26APR07MININD-INDJWALKER5-25,2026-04-07,pts,24.5,8.60925,15.89075,0.0085,0.0037468421171327204,0.0,1.0
KXNBAPTS-26APR07MININD-MINDDIVINCENZO0-10,2026-04-07,pts,9.5,8.54175,0.9582499999999996,0.38,0.36483888784236096,1.0,1.0
KXNBAPTS-26APR07MININD-MINDDIVINCENZO0-15,2026-04-07,pts,14.5,8.54175,5.95825,0.119,0.10183836912397437,0.0,1.0
KXNBAPTS-26APR07MININD-MINDDIVINCENZO0-20,2026-04-07,pts,19.5,8.54175,10.95825,0.0255,0.02097146946249251,0.0,1.0
KXNBAPTS-26APR07MININD-MINJRANDLE30-20,2026-04-07,pts,19.5,14.33725,5.162750000000001,0.19475,0.20671573021762868,0.0,1.0
KXNBAPTS-26APR07MININD-MINJRANDLE30-25,2026-04-07,pts,24.5,14.33725,10.16275,0.05875,0.08310034719456871,0.0,1.0
KXNBAPTS-26APR07MININD-MINJRANDLE30-30,2026-04-07,pts,29.5,14.33725,15.16275,0.014,0.029531135619226045,0.0,1.0
KXNBAPTS-26APR07MININD-MINJRANDLE30-35,2026-04-07,pts,34.5,14.33725,20.162750000000003,0.0025,0.009546033876747018,0.0,1.0
KXNBAPTS-26APR07MININD-MINRGOBERT27-10,2026-04-07,pts,9.5,7.71675,1.7832499999999998,0.30975,0.2932451349901556,0.0,1.0
KXNBAPTS-26APR07MININD-MINRGOBERT27-15,2026-04-07,pts,14.5,7.71675,6.78325,0.077,0.06741356442639945,0.0,1.0
KXNBAPTS-26APR07MININD-MINRGOBERT27-20,2026-04-07,pts,19.5,7.71675,11.783249999999999,0.00925,0.011290905460969003,0.0,1.0
KXNBAREB-26APR07MININD-INDJWALKER5-10,2026-04-07,reb,9.5,3.87175,5.6282499999999995,0.01725,0.019487334577164006,0.0,1.0
KXNBAREB-26APR07MININD-INDJWALKER5-12,2026-04-07,reb,11.5,3.87175,7.6282499999999995,0.0035,0.004517653384653042,0.0,1.0
KXNBAREB-26APR07MININD-INDJWALKER5-6,2026-04-07,reb,5.5,3.87175,1.62825,0.22475,0.21920624469791983,1.0,1.0
KXNBAREB-26APR07MININD-INDJWALKER5-7,2026-04-07,reb,6.5,3.87175,2.62825,0.135,0.1293616016654655,0.0,1.0
KXNBAREB-26APR07MININD-INDJWALKER5-8,2026-04-07,reb,7.5,3.87175,3.62825,0.06975,0.07215425390791708,0.0,1.0
KXNBAREB-26APR07MININD-MINDDIVINCENZO0-10,2026-04-07,reb,9.5,3.12225,6.37775,0.00275,0.006023625784053133,0.0,1.0
KXNBAREB-26APR07MININD-MINDDIVINCENZO0-2,2026-04-07,reb,1.5,3.12225,-1.6222500000000002,0.82075,0.7775327671066647,1.0,1.0
KXNBAREB-26APR07MININD-MINDDIVINCENZO0-4,2026-04-07,reb,3.5,3.12225,0.3777499999999998,0.3755,0.3754342197917888,1.0,1.0
KXNBAREB-26APR07MININD-MINDDIVINCENZO0-6,2026-04-07,reb,5.5,3.12225,2.37775,0.1,0.12266831894167096,1.0,1.0
KXNBAREB-26APR07MININD-MINDDIVINCENZO0-8,2026-04-07,reb,7.5,3.12225,4.37775,0.01675,0.03017646311177158,0.0,1.0
KXNBAREB-26APR07MININD-MINJRANDLE30-10,2026-04-07,reb,9.5,5.2985,4.2015,0.0585,0.08143699468224908,0.0,1.0
KXNBAREB-26APR07MININD-MINJRANDLE30-12,2026-04-07,reb,11.5,5.2985,6.2015,0.01625,0.02840917149531441,0.0,1.0
KXNBAREB-26APR07MININD-MINJRANDLE30-6,2026-04-07,reb,5.5,5.2985,0.20150000000000023,0.43125,0.42400581299286444,0.0,1.0
KXNBAREB-26APR07MININD-MINJRANDLE30-7,2026-04-07,reb,6.5,5.2985,1.2015000000000002,0.28575,0.3005449165939793,0.0,1.0
KXNBAREB-26APR07MININD-MINJRANDLE30-8,2026-04-07,reb,7.5,5.2985,2.2015000000000002,0.17875,0.20286512597165562,0.0,1.0
KXNBAREB-26APR07MININD-MINRGOBERT27-10,2026-04-07,reb,9.5,8.69875,0.8012499999999996,0.37225,0.37914179024824646,1.0,1.0
KXNBAREB-26APR07MININD-MINRGOBERT27-11,2026-04-07,reb,10.5,8.69875,1.8012499999999996,0.26975,0.29482404078827684,1.0,1.0
KXNBAREB-26APR07MININD-MINRGOBERT27-12,2026-04-07,reb,11.5,8.69875,2.8012499999999996,0.18575,0.22355590168230421,1.0,1.0
KXNBAREB-26APR07MININD-MINRGOBERT27-14,2026-04-07,reb,13.5,8.69875,4.80125,0.076,0.12005509984584617,0.0,1.0
KXNBAREB-26APR07MININD-MINRGOBERT27-16,2026-04-07,reb,15.5,8.69875,6.80125,0.0275,0.05951608545475073,0.0,1.0
KXNBAAST-26APR07MININD-MINDDIVINCENZO0-10,2026-04-07,ast,9.5,2.43325,7.06675,0.00025,0.0012129864815443314,0.0,1.0
KXNBAAST-26APR07MININD-MINDDIVINCENZO0-2,2026-04-07,ast,1.5,2.43325,-0.9332500000000001,0.694,0.66718008719946,1.0,1.0
KXNBAAST-26APR07MININD-MINDDIVINCENZO0-4,2026-04-07,ast,3.5,2.43325,1.0667499999999999,0.235,0.2389742593036811,1.0,1.0
KXNBAAST-26APR07MININD-MINDDIVINCENZO0-6,2026-04-07,ast,5.5,2.43325,3.06675,0.04025,0.05451852226571818,0.0,1.0
KXNBAAST-26APR07MININD-MINDDIVINCENZO0-8,2026-04-07,ast,7.5,2.43325,5.06675,0.00425,0.009101091922918303,0.0,1.0
KXNBAAST-26APR07MININD-MINJRANDLE30-2,2026-04-07,ast,1.5,3.1765,-1.6764999999999999,0.81375,0.7865046312113048,1.0,1.0
KXNBAAST-26APR07MININD-MINJRANDLE30-4,2026-04-07,ast,3.5,3.1765,0.3235000000000001,0.3935,0.3862758737612705,1.0,1.0
KXNBAAST-26APR07MININD-MINJRANDLE30-5,2026-04-07,ast,4.5,3.1765,1.3235000000000001,0.2215,0.23181151079598927,0.0,1.0
KXNBAAST-26APR07MININD-MINJRANDLE30-6,2026-04-07,ast,5.5,3.1765,2.3235,0.10725,0.1278787388265472,0.0,1.0
KXNBAAST-26APR07MININD-MINJRANDLE30-8,2026-04-07,ast,7.5,3.1765,4.3235,0.02,0.03169009199854633,0.0,1.0
KXNBAPTS-26APR07DALLAC-DALCFLAGG32-20,2026-04-07,pts,19.5,15.30575,4.19425,0.24875,0.2513950358139846,1.0,1.0
KXNBAPTS-26APR07DALLAC-DALCFLAGG32-25,2026-04-07,pts,24.5,15.30575,9.19425,0.08875,0.11013683095909266,1.0,1.0
KXNBAPTS-26APR07DALLAC-DALCFLAGG32-30,2026-04-07,pts,29.5,15.30575,14.19425,0.024,0.04280464989407462,0.0,1.0
KXNBAPTS-26APR07DALLAC-DALCFLAGG32-35,2026-04-07,pts,34.5,15.30575,19.19425,0.00625,0.015163983513061474,0.0,1.0
KXNBAPTS-26APR07DALLAC-DALKTHOMPSON31-10,2026-04-07,pts,9.5,7.944,1.556,0.33425,0.3130803635406376,1.0,1.0
KXNBAPTS-26APR07DALLAC-DALKTHOMPSON31-15,2026-04-07,pts,14.5,7.944,6.556,0.10375,0.07619887429465866,0.0,1.0
KXNBAPTS-26APR07DALLAC-DALKTHOMPSON31-20,2026-04-07,pts,19.5,7.944,11.556000000000001,0.02175,0.013558256619865316,0.0,1.0
KXNBAPTS-26APR07DALLAC-DALMCHRISTIE00-10,2026-04-07,pts,9.5,7.18875,2.3112500000000002,0.279,0.2473264144971119,1.0,1.0
KXNBAPTS-26APR07DALLAC-DALMCHRISTIE00-15,2026-04-07,pts,14.5,7.18875,7.31125,0.06975,0.049200879989406365,0.0,1.0
KXNBAPTS-26APR07DALLAC-DALMCHRISTIE00-20,2026-04-07,pts,19.5,7.18875,12.311250000000001,0.0145,0.00707407264016402,0.0,1.0
KXNBAPTS-26APR07DALLAC-DALNMARSHALL13-10,2026-04-07,pts,9.5,10.97725,-1.4772499999999997,0.56975,0.5552050810845164,0.0,1.0
KXNBAPTS-26APR07DALLAC-DALNMARSHALL13-15,2026-04-07,pts,14.5,10.97725,3.5227500000000003,0.23825,0.234099955067389,0.0,1.0
KXNBAPTS-26APR07DALLAC-DALNMARSHALL13-20,2026-04-07,pts,19.5,10.97725,8.52275,0.0775,0.07554806144546611,0.0,1.0
KXNBAPTS-26APR07DALLAC-DALNMARSHALL13-25,2026-04-07,pts,24.5,10.97725,13.52275,0.0185,0.02022173696346008,0.0,1.0
KXNBAPTS-26APR07DALLAC-LACBLOPEZ11-10,2026-04-07,pts,9.5,7.41075,2.08925,0.293,0.2665669607182255,0.0,1.0
KXNBAPTS-26APR07DALLAC-LACBLOPEZ11-15,2026-04-07,pts,14.5,7.41075,7.08925,0.0845,0.05647604108266502,0.0,1.0
KXNBAPTS-26APR07DALLAC-LACBLOPEZ11-20,2026-04-07,pts,19.5,7.41075,12.08925,0.01525,0.008677086803624334,0.0,1.0
KXNBAPTS-26APR07DALLAC-LACBMATHURIN9-10,2026-04-07,pts,9.5,12.84625,-3.3462499999999995,0.67975,0.6690315699877012,0.0,1.0
KXNBAPTS-26APR07DALLAC-LACBMATHURIN9-15,2026-04-07,pts,14.5,12.84625,1.6537500000000005,0.34825,0.34811709825437287,0.0,1.0
KXNBAPTS-26APR07DALLAC-LACBMATHURIN9-20,2026-04-07,pts,19.5,12.84625,6.6537500000000005,0.1495,0.14247639775242193,0.0,1.0
KXNBAPTS-26APR07DALLAC-LACBMATHURIN9-25,2026-04-07,pts,24.5,12.84625,11.65375,0.0455,0.048985536208036584,0.0,1.0
KXNBAPTS-26APR07DALLAC-LACDGARLAND10-10,2026-04-07,pts,9.5,13.928,-4.428000000000001,0.72625,0.7220184085395445,1.0,1.0
KXNBAPTS-26APR07DALLAC-LACDGARLAND10-15,2026-04-07,pts,14.5,13.928,0.5719999999999992,0.43125,0.41270950776842696,1.0,1.0
KXNBAPTS-26APR07DALLAC-LACDGARLAND10-20,2026-04-07,pts,19.5,13.928,5.571999999999999,0.19725,0.1884048381082296,1.0,1.0
KXNBAPTS-26APR07DALLAC-LACDGARLAND10-25,2026-04-07,pts,24.5,13.928,10.572,0.06925,0.07278565015973104,0.0,1.0
KXNBAPTS-26APR07DALLAC-LACDGARLAND10-30,2026-04-07,pts,29.5,13.928,15.572,0.0205,0.024819954420449264,0.0,1.0
KXNBAPTS-26APR07DALLAC-LACDJONES5-10,2026-04-07,pts,9.5,6.75225,2.74775,0.2325,0.2100947041769745,1.0,1.0
KXNBAPTS-26APR07DALLAC-LACDJONES5-15,2026-04-07,pts,14.5,6.75225,7.74775,0.05575,0.03654990601118824,0.0,1.0
KXNBAPTS-26APR07DALLAC-LACDJONES5-20,2026-04-07,pts,19.5,6.75225,12.74775,0.00875,0.004565578370986367,0.0,1.0
KXNBAPTS-26APR07DALLAC-LACDJONES5-25,2026-04-07,pts,24.5,6.75225,17.74775,0.00075,0.0004599579064431536,0.0,1.0
KXNBAPTS-26APR07DALLAC-LACJCOLLINS20-10,2026-04-07,pts,9.5,9.166,0.33399999999999963,0.42525,0.41742698563550984,1.0,1.0
KXNBAPTS-26APR07DALLAC-LACJCOLLINS20-15,2026-04-07,pts,14.5,9.166,5.334,0.1535,0.1321115056978912,0.0,1.0
KXNBAPTS-26APR07DALLAC-LACJCOLLINS20-20,2026-04-07,pts,19.5,9.166,10.334,0.04,0.031140593681749706,0.0,1.0
KXNBAPTS-26APR07DALLAC-LACKLEONARD2-25,2026-04-07,pts,24.5,17.4335,7.066500000000001,0.166,0.18015181055950236,1.0,1.0
KXNBAPTS-26APR07DALLAC-LACKLEONARD2-30,2026-04-07,pts,29.5,17.4335,12.066500000000001,0.0615,0.08246119141004582,1.0,1.0
KXNBAPTS-26APR07DALLAC-LACKLEONARD2-35,2026-04-07,pts,34.5,17.4335,17.0665,0.01925,0.03456396261913108,0.0,1.0
KXNBAPTS-26APR07DALLAC-LACKLEONARD2-40,2026-04-07,pts,39.5,17.4335,22.0665,0.00325,0.013503444379994622,0.0,1.0
KXNBAREB-26APR07DALLAC-DALCFLAGG32-10,2026-04-07,reb,9.5,4.407,5.093,0.0235,0.036669114730599195,0.0,1.0
KXNBAREB-26APR07DALLAC-DALCFLAGG32-12,2026-04-07,reb,11.5,4.407,7.093,0.00375,0.010126330812882944,0.0,1.0
KXNBAREB-26APR07DALLAC-DALCFLAGG32-6,2026-04-07,reb,5.5,4.407,1.093,0.28975,0.29573273212563533,1.0,1.0
KXNBAREB-26APR07DALLAC-DALCFLAGG32-7,2026-04-07,reb,6.5,4.407,2.093,0.1735,0.18900777945416136,1.0,1.0
KXNBAREB-26APR07DALLAC-DALCFLAGG32-8,2026-04-07,reb,7.5,4.407,3.093,0.09325,0.11449117848373147,1.0,1.0
KXNBAREB-26APR07DALLAC-DALMCHRISTIE00-2,2026-04-07,reb,1.5,2.05975,-0.5597500000000002,0.599,0.5843189327646525,1.0,1.0
KXNBAREB-26APR07DALLAC-DALMCHRISTIE00-3,2026-04-07,reb,2.5,2.05975,0.4402499999999998,0.33675,0.3373297541263498,1.0,1.0
KXNBAREB-26APR07DALLAC-DALMCHRISTIE00-4,2026-04-07,reb,3.5,2.05975,1.4402499999999998,0.16425,0.16857729622618578,1.0,1.0
KXNBAREB-26APR07DALLAC-DALMCHRISTIE00-6,2026-04-07,reb,5.5,2.05975,3.44025,0.02475,0.03037868606975558,0.0,1.0
KXNBAREB-26APR07DALLAC-DALMCHRISTIE00-8,2026-04-07,reb,7.5,2.05975,5.44025,0.003,0.003994002712320199,0.0,1.0
KXNBAREB-26APR07DALLAC-LACBLOPEZ11-2,2026-04-07,reb,1.5,3.7095,-2.2095,0.861,0.8427937954549661,1.0,1.0
KXNBAREB-26APR07DALLAC-LACBLOPEZ11-4,2026-04-07,reb,3.5,3.7095,-0.2094999999999998,0.49125,0.4848967344423958,1.0,1.0
KXNBAREB-26APR07DALLAC-LACBLOPEZ11-5,2026-04-07,reb,4.5,3.7095,0.7905000000000002,0.31775,0.3210170292154547,1.0,1.0
KXNBAREB-26APR07DALLAC-LACBLOPEZ11-6,2026-04-07,reb,5.5,3.7095,1.7905000000000002,0.18675,0.196896172553925,1.0,1.0
KXNBAREB-26APR07DALLAC-LACBLOPEZ11-8,2026-04-07,reb,7.5,3.7095,3.7905,0.05475,0.06128825137688043,1.0,1.0
KXNBAREB-26APR07DALLAC-LACBMATHURIN9-10,2026-04-07,reb,9.5,4.384,5.116,0.02675,0.035784451712498,0.0,1.0
KXNBAREB-26APR07DALLAC-LACBMATHURIN9-2,2026-04-07,reb,1.5,4.384,-2.8840000000000003,0.9215,0.8940008822157536,1.0,1.0
KXNBAREB-26APR07DALLAC-LACBMATHURIN9-4,2026-04-07,reb,3.5,4.384,-0.8840000000000003,0.61325,0.5949192817344405,1.0,1.0
KXNBAREB-26APR07DALLAC-LACBMATHURIN9-6,2026-04-07,reb,5.5,4.384,1.1159999999999997,0.286,0.2923918009930987,1.0,1.0
KXNBAREB-26APR07DALLAC-LACBMATHURIN9-8,2026-04-07,reb,7.5,4.384,3.1159999999999997,0.092,0.11248111333999522,0.0,1.0
KXNBAREB-26APR07DALLAC-LACJCOLLINS20-10,2026-04-07,reb,9.5,4.32575,5.17425,0.02075,0.03360419747278798,0.0,1.0
KXNBAREB-26APR07DALLAC-LACJCOLLINS20-2,2026-04-07,reb,1.5,4.32575,-2.82575,0.907,0.8903607280560334,1.0,1.0
KXNBAREB-26APR07DALLAC-LACJCOLLINS20-4,2026-04-07,reb,3.5,4.32575,-0.8257500000000002,0.608,0.5861724832292905,1.0,1.0
KXNBAREB-26APR07DALLAC-LACJCOLLINS20-6,2026-04-07,reb,5.5,4.32575,1.1742499999999998,0.281,0.2839414938692797,1.0,1.0
KXNBAREB-26APR07DALLAC-LACJCOLLINS20-8,2026-04-07,reb,7.5,4.32575,3.17425,0.0925,0.10746263726482363,0.0,1.0
KXNBAREB-26APR07DALLAC-LACKLEONARD2-10,2026-04-07,reb,9.5,4.83375,4.66625,0.039,0.055556113314982,0.0,1.0
KXNBAREB-26APR07DALLAC-LACKLEONARD2-12,2026-04-07,reb,11.5,4.83375,6.66625,0.01075,0.01729081158563639,0.0,1.0
KXNBAREB-26APR07DALLAC-LACKLEONARD2-6,2026-04-07,reb,5.5,4.83375,0.6662499999999998,0.35775,0.3577570788271618,0.0,1.0
KXNBAREB-26APR07DALLAC-LACKLEONARD2-7,2026-04-07,reb,6.5,4.83375,1.6662499999999998,0.2265,0.24120619740775473,0.0,1.0
KXNBAREB-26APR07DALLAC-LACKLEONARD2-8,2026-04-07,reb,7.5,4.83375,2.66625,0.1405,0.15448187573014327,0.0,1.0
KXNBAAST-26APR07DALLAC-DALMCHRISTIE00-10,2026-04-07,ast,9.5,1.29425,8.20575,0.0,1.1807167679012132e-05,0.0,1.0
KXNBAAST-26APR07DALLAC-DALMCHRISTIE00-2,2026-04-07,ast,1.5,1.29425,0.2057500000000001,0.36625,0.3650498946260484,0.0,1.0
KXNBAAST-26APR07DALLAC-DALMCHRISTIE00-4,2026-04-07,ast,3.5,1.29425,2.20575,0.04625,0.05206323140538083,0.0,1.0
KXNBAAST-26APR07DALLAC-DALMCHRISTIE00-6,2026-04-07,ast,5.5,1.29425,4.20575,0.0025,0.004328839383832994,0.0,1.0
KXNBAAST-26APR07DALLAC-DALMCHRISTIE00-8,2026-04-07,ast,7.5,1.29425,6.20575,0.00025,0.0002549211611350133,0.0,1.0
KXNBAAST-26APR07DALLAC-LACBMATHURIN9-10,2026-04-07,ast,9.5,1.7595,7.7405,0.0,0.00012556169218258528,0.0,1.0
KXNBAAST-26APR07DALLAC-LACBMATHURIN9-2,2026-04-07,ast,1.5,1.7595,-0.25950000000000006,0.51775,0.5075850950798606,1.0,1.0
KXNBAAST-26APR07DALLAC-LACBMATHURIN9-4,2026-04-07,ast,3.5,1.7595,1.7405,0.10475,0.11624875076280006,0.0,1.0
KXNBAAST-26APR07DALLAC-LACBMATHURIN9-6,2026-04-07,ast,5.5,1.7595,3.7405,0.015,0.016090921513026157,0.0,1.0
KXNBAAST-26APR07DALLAC-LACBMATHURIN9-8,2026-04-07,ast,7.5,1.7595,5.7405,0.00075,0.0015980267257575953,0.0,1.0
KXNBAAST-26APR07DALLAC-LACDGARLAND10-10,2026-04-07,ast,9.5,5.015,4.485,0.0505,0.06352775947843403,0.0,1.0
KXNBAAST-26APR07DALLAC-LACDGARLAND10-12,2026-04-07,ast,11.5,5.015,6.485,0.0135,0.02031006859864881,0.0,1.0
KXNBAAST-26APR07DALLAC-LACDGARLAND10-4,2026-04-07,ast,3.5,5.015,-1.5149999999999997,0.7025,0.6827800796836486,1.0,1.0
KXNBAAST-26APR07DALLAC-LACDGARLAND10-6,2026-04-07,ast,5.5,5.015,0.4850000000000003,0.38325,0.38406967472532405,0.0,1.0
KXNBAAST-26APR07DALLAC-LACDGARLAND10-8,2026-04-07,ast,7.5,5.015,2.4850000000000003,0.16025,0.17139577454017874,0.0,1.0
KXNBA3PT-26APR07DALLAC-DALCFLAGG32-1,2026-04-07,fg3m,0.5,0.7755,-0.27549999999999997,0.5375,0.5222119842385796,1.0,1.0
KXNBA3PT-26APR07DALLAC-DALCFLAGG32-2,2026-04-07,fg3m,1.5,0.7755,0.7245,0.182,0.18585777074183896,0.0,1.0
KXNBA3PT-26APR07DALLAC-DALCFLAGG32-3,2026-04-07,fg3m,2.5,0.7755,1.7245,0.047,0.051954525709786425,0.0,1.0
KXNBA3PT-26APR07DALLAC-DALCFLAGG32-4,2026-04-07,fg3m,3.5,0.7755,2.7245,0.008,0.0123001769140485,0.0,1.0
KXNBA3PT-26APR07DALLAC-DALCFLAGG32-5,2026-04-07,fg3m,4.5,0.7755,3.7245,0.001,0.0025784466397098527,0.0,1.0
KXNBA3PT-26APR07DALLAC-LACBMATHURIN9-1,2026-04-07,fg3m,0.5,0.6395,-0.13949999999999996,0.473,0.4588836912032064,0.0,1.0
KXNBA3PT-26APR07DALLAC-LACBMATHURIN9-2,2026-04-07,fg3m,1.5,0.6395,0.8605,0.132,0.13958859847353844,0.0,1.0
KXNBA3PT-26APR07DALLAC-LACBMATHURIN9-3,2026-04-07,fg3m,2.5,0.6395,1.8605,0.02775,0.033045217656540116,0.0,1.0
KXNBA3PT-26APR07DALLAC-LACBMATHURIN9-4,2026-04-07,fg3m,3.5,0.6395,2.8605,0.0055,0.00659884006754341,0.0,1.0
KXNBA3PT-26APR07DALLAC-LACBMATHURIN9-5,2026-04-07,fg3m,4.5,0.6395,3.8605,0.001,0.0011643482414875894,0.0,1.0
KXNBA3PT-26APR07DALLAC-LACDGARLAND10-1,2026-04-07,fg3m,0.5,2.35025,-1.85025,0.88325,0.8711270582882568,1.0,1.0
KXNBA3PT-26APR07DALLAC-LACDGARLAND10-2,2026-04-07,fg3m,1.5,2.35025,-0.85025,0.66825,0.639543889798555,1.0,1.0
KXNBA3PT-26APR07DALLAC-LACDGARLAND10-3,2026-04-07,fg3m,2.5,2.35025,0.14975000000000005,0.41875,0.4042097956256463,0.0,1.0
KXNBA3PT-26APR07DALLAC-LACDGARLAND10-4,2026-04-07,fg3m,3.5,2.35025,1.14975,0.2215,0.22631296937591672,0.0,1.0
KXNBA3PT-26APR07DALLAC-LACDGARLAND10-5,2026-04-07,fg3m,4.5,2.35025,2.14975,0.1005,0.11498492637291335,0.0,1.0
KXNBA3PT-26APR07DALLAC-LACKLEONARD2-1,2026-04-07,fg3m,0.5,1.657,-1.157,0.79775,0.7767742070679502,1.0,1.0
KXNBA3PT-26APR07DALLAC-LACKLEONARD2-2,2026-04-07,fg3m,1.5,1.657,-0.15700000000000003,0.49125,0.4728590250045086,1.0,1.0
KXNBA3PT-26APR07DALLAC-LACKLEONARD2-3,2026-04-07,fg3m,2.5,1.657,0.843,0.23275,0.23887132609225203,1.0,1.0
KXNBA3PT-26APR07DALLAC-LACKLEONARD2-4,2026-04-07,fg3m,3.5,1.657,1.843,0.092,0.1048607271750237,1.0,1.0
KXNBA3PT-26APR07DALLAC-LACKLEONARD2-5,2026-04-07,fg3m,4.5,1.657,2.843,0.03175,0.041322031599647535,1.0,1.0
KXNBAPTS-26APR07OKCLAL-LALDAYTON5-10,2026-04-07,pts,9.5,6.96425,2.53575,0.25625,0.22805233432814154,0.0,1.0
KXNBAPTS-26APR07OKCLAL-LALDAYTON5-15,2026-04-07,pts,14.5,6.96425,7.53575,0.0515,0.04241900735170878,0.0,1.0
KXNBAPTS-26APR07OKCLAL-LALDAYTON5-20,2026-04-07,pts,19.5,6.96425,12.53575,0.00875,0.005683424669691739,0.0,1.0
KXNBAPTS-26APR07OKCLAL-OKCCHOLMGREN7-10,2026-04-07,pts,9.5,11.2015,-1.7014999999999993,0.57725,0.5704240072368019,1.0,1.0
KXNBAPTS-26APR07OKCLAL-OKCCHOLMGREN7-15,2026-04-07,pts,14.5,11.2015,3.2985000000000007,0.2625,0.24762217602206582,1.0,1.0
KXNBAPTS-26APR07OKCLAL-OKCCHOLMGREN7-20,2026-04-07,pts,19.5,11.2015,8.2985,0.079,0.08254732779161733,0.0,1.0
KXNBAPTS-26APR07OKCLAL-OKCCHOLMGREN7-25,2026-04-07,pts,24.5,11.2015,13.2985,0.0215,0.0228587306409731,0.0,1.0
KXNBAPTS-26APR07OKCLAL-OKCIHARTENSTEIN55-10,2026-04-07,pts,9.5,6.525,2.9749999999999996,0.21075,0.1911930436046292,0.0,1.0
KXNBAPTS-26APR07OKCLAL-OKCIHARTENSTEIN55-15,2026-04-07,pts,14.5,6.525,7.975,0.03925,0.030835358060344986,0.0,1.0
KXNBAPTS-26APR07OKCLAL-OKCIHARTENSTEIN55-20,2026-04-07,pts,19.5,6.525,12.975,0.0035,0.0035586373231748514,0.0,1.0
KXNBAPTS-26APR07OKCLAL-OKCLDORT5-10,2026-04-07,pts,9.5,6.3205,3.1795,0.21475,0.17456766880538888,0.0,1.0
KXNBAPTS-26APR07OKCLAL-OKCLDORT5-15,2026-04-07,pts,14.5,6.3205,8.1795,0.0475,0.026198122059190698,0.0,1.0
KXNBAPTS-26APR07OKCLAL-OKCLDORT5-20,2026-04-07,pts,19.5,6.3205,13.1795,0.0065,0.002804828496921319,0.0,1.0
KXNBAPTS-26APR07OKCLAL-OKCSGILGEOUSALEXANDER2-25,2026-04-07,pts,24.5,21.3185,3.1814999999999998,0.3225,0.32712270742173266,1.0,1.0
KXNBAPTS-26APR07OKCLAL-OKCSGILGEOUSALEXANDER2-30,2026-04-07,pts,29.5,21.3185,8.1815,0.15325,0.18579874484809855,0.0,1.0
KXNBAPTS-26APR07OKCLAL-OKCSGILGEOUSALEXANDER2-35,2026-04-07,pts,34.5,21.3185,13.1815,0.057,0.09745980659309561,0.0,1.0
KXNBAPTS-26APR07OKCLAL-OKCSGILGEOUSALEXANDER2-40,2026-04-07,pts,39.5,21.3185,18.1815,0.02025,0.047908349994381316,0.0,1.0
KXNBAREB-26APR07OKCLAL-LALDAYTON5-10,2026-04-07,reb,9.5,5.2155,4.2845,0.06325,0.07641802771257988,0.0,1.0
KXNBAREB-26APR07OKCLAL-LALDAYTON5-12,2026-04-07,reb,11.5,5.2155,6.2845,0.01975,0.026149206618947485,0.0,1.0
KXNBAREB-26APR07OKCLAL-LALDAYTON5-6,2026-04-07,reb,5.5,5.2155,0.2845000000000004,0.424,0.41235430517466254,0.0,1.0
KXNBAREB-26APR07OKCLAL-LALDAYTON5-7,2026-04-07,reb,6.5,5.2155,1.2845000000000004,0.2815,0.28984578945632333,0.0,1.0
KXNBAREB-26APR07OKCLAL-LALDAYTON5-8,2026-04-07,reb,7.5,5.2155,2.2845000000000004,0.1895,0.19392427660944378,0.0,1.0
KXNBAREB-26APR07OKCLAL-OKCCHOLMGREN7-10,2026-04-07,reb,9.5,5.82375,3.6762499999999996,0.09875,0.11694546762821068,1.0,1.0
KXNBAREB-26APR07OKCLAL-OKCCHOLMGREN7-12,2026-04-07,reb,11.5,5.82375,5.67625,0.0305,0.0456474300290981,0.0,1.0
KXNBAREB-26APR07OKCLAL-OKCCHOLMGREN7-4,2026-04-07,reb,3.5,5.82375,-2.3237500000000004,0.8005,0.7664522656281578,1.0,1.0
KXNBAREB-26APR07OKCLAL-OKCCHOLMGREN7-6,2026-04-07,reb,5.5,5.82375,-0.3237500000000004,0.50775,0.49518016221038963,1.0,1.0
KXNBAREB-26APR07OKCLAL-OKCCHOLMGREN7-8,2026-04-07,reb,7.5,5.82375,1.6762499999999996,0.24475,0.26160672871856416,1.0,1.0
KXNBAREB-26APR07OKCLAL-OKCIHARTENSTEIN55-10,2026-04-07,reb,9.5,6.57525,2.9247500000000004,0.14425,0.177436882171761,0.0,1.0
KXNBAREB-26APR07OKCLAL-OKCIHARTENSTEIN55-12,2026-04-07,reb,11.5,6.57525,4.92475,0.0525,0.07936480736909246,0.0,1.0
KXNBAREB-26APR07OKCLAL-OKCIHARTENSTEIN55-6,2026-04-07,reb,5.5,6.57525,-1.0752499999999996,0.6225,0.58733804352222,0.0,1.0
KXNBAREB-26APR07OKCLAL-OKCIHARTENSTEIN55-8,2026-04-07,reb,7.5,6.57525,0.9247500000000004,0.3425,0.34882146451728635,0.0,1.0
KXNBAREB-26APR07OKCLAL-OKCIHARTENSTEIN55-9,2026-04-07,reb,8.5,6.57525,1.9247500000000004,0.22275,0.2532157126543,0.0,1.0
KXNBAREB-26APR07OKCLAL-OKCSGILGEOUSALEXANDER2-2,2026-04-07,reb,1.5,3.3205,-1.8205,0.82375,0.8021881701334255,0.0,1.0
KXNBAREB-26APR07OKCLAL-OKCSGILGEOUSALEXANDER2-4,2026-04-07,reb,3.5,3.3205,0.1795,0.419,0.4135255398841622,0.0,1.0
KXNBAREB-26APR07OKCLAL-OKCSGILGEOUSALEXANDER2-5,2026-04-07,reb,4.5,3.3205,1.1795,0.24975,0.2561264168516231,0.0,1.0
KXNBAREB-26APR07OKCLAL-OKCSGILGEOUSALEXANDER2-6,2026-04-07,reb,5.5,3.3205,2.1795,0.13,0.14634594109853427,0.0,1.0
KXNBAREB-26APR07OKCLAL-OKCSGILGEOUSALEXANDER2-8,2026-04-07,reb,7.5,3.3205,4.1795,0.02875,0.039230243782816254,0.0,1.0
KXNBAAST-26APR07OKCLAL-OKCSGILGEOUSALEXANDER2-10,2026-04-07,ast,9.5,4.50625,4.99375,0.02575,0.03949179177264461,0.0,1.0
KXNBAAST-26APR07OKCLAL-OKCSGILGEOUSALEXANDER2-2,2026-04-07,ast,1.5,4.50625,-3.0062499999999996,0.92425,0.903123445191751,1.0,1.0
KXNBAAST-26APR07OKCLAL-OKCSGILGEOUSALEXANDER2-4,2026-04-07,ast,3.5,4.50625,-1.0062499999999996,0.638,0.6147620240433284,1.0,1.0
KXNBAAST-26APR07OKCLAL-OKCSGILGEOUSALEXANDER2-6,2026-04-07,ast,5.5,4.50625,0.9937500000000004,0.30725,0.3097869588394604,1.0,1.0
KXNBAAST-26APR07OKCLAL-OKCSGILGEOUSALEXANDER2-8,2026-04-07,ast,7.5,4.50625,2.9937500000000004,0.1,0.12186791607246361,1.0,1.0
KXNBA3PT-26APR07OKCLAL-OKCCHOLMGREN7-1,2026-04-07,fg3m,0.5,0.9095,-0.4095,0.59825,0.5765294918584281,1.0,1.0
KXNBA3PT-26APR07OKCLAL-OKCCHOLMGREN7-2,2026-04-07,fg3m,1.5,0.9095,0.5905,0.22125,0.23238588291895712,0.0,1.0
KXNBA3PT-26APR07OKCLAL-OKCCHOLMGREN7-3,2026-04-07,fg3m,2.5,0.9095,1.5905,0.066,0.07422872334495334,0.0,1.0
KXNBA3PT-26APR07OKCLAL-OKCCHOLMGREN7-4,2026-04-07,fg3m,3.5,0.9095,2.5905,0.01875,0.020160326150999608,0.0,1.0
KXNBA3PT-26APR07OKCLAL-OKCCHOLMGREN7-5,2026-04-07,fg3m,4.5,0.9095,3.5905,0.00475,0.0048582217988972776,0.0,1.0
KXNBA3PT-26APR07OKCLAL-OKCSGILGEOUSALEXANDER2-1,2026-04-07,fg3m,0.5,1.1775,-0.6775,0.69175,0.6654806903356991,1.0,1.0
KXNBA3PT-26APR07OKCLAL-OKCSGILGEOUSALEXANDER2-2,2026-04-07,fg3m,1.5,1.1775,0.3225,0.32175,0.32422391408464946,1.0,1.0
KXNBA3PT-26APR07OKCLAL-OKCSGILGEOUSALEXANDER2-3,2026-04-07,fg3m,2.5,1.1775,1.3225,0.1215,0.12735643278646047,0.0,1.0
KXNBA3PT-26APR07OKCLAL-OKCSGILGEOUSALEXANDER2-4,2026-04-07,fg3m,3.5,1.1775,2.3225,0.03475,0.0428728784092004,0.0,1.0
KXNBA3PT-26APR07OKCLAL-OKCSGILGEOUSALEXANDER2-5,2026-04-07,fg3m,4.5,1.1775,3.3225,0.00675,0.01285891186072885,0.0,1.0
KXNBAPTS-26APR07UTANOP-NOPDQUEEN22-10,2026-04-07,pts,9.5,7.31925,2.1807499999999997,0.277,0.2586198767764478,1.0,1.0
KXNBAPTS-26APR07UTANOP-NOPDQUEEN22-15,2026-04-07,pts,14.5,7.31925,7.18075,0.06875,0.053409457868087706,1.0,1.0
KXNBAPTS-26APR07UTANOP-NOPDQUEEN22-20,2026-04-07,pts,19.5,7.31925,12.18075,0.014,0.007987762295157852,0.0,1.0
KXNBAPTS-26APR07UTANOP-NOPDQUEEN22-25,2026-04-07,pts,24.5,7.31925,17.18075,0.0025,0.0009669954550397541,0.0,1.0
KXNBAREB-26APR07UTANOP-NOPDQUEEN22-10,2026-04-07,reb,9.5,4.2625,5.2375,0.02475,0.03133404563026343,1.0,1.0
KXNBAREB-26APR07UTANOP-NOPDQUEEN22-12,2026-04-07,reb,11.5,4.2625,7.2375,0.005,0.008278569153466031,1.0,1.0
KXNBAREB-26APR07UTANOP-NOPDQUEEN22-6,2026-04-07,reb,5.5,4.2625,1.2374999999999998,0.273,0.2747886586207978,1.0,1.0
KXNBAREB-26APR07UTANOP-NOPDQUEEN22-7,2026-04-07,reb,6.5,4.2625,2.2375,0.1665,0.17214359946525548,1.0,1.0
KXNBAREB-26APR07UTANOP-NOPDQUEEN22-8,2026-04-07,reb,7.5,4.2625,3.2375,0.091,0.1021331442172857,1.0,1.0
KXNBAAST-26APR07UTANOP-NOPDQUEEN22-10,2026-04-07,ast,9.5,2.2225,7.2775,0.00025,0.0006608348049724766,0.0,1.0
KXNBAAST-26APR07UTANOP-NOPDQUEEN22-2,2026-04-07,ast,1.5,2.2225,-0.7225000000000001,0.63625,0.6231119986869373,1.0,1.0
KXNBAAST-26APR07UTANOP-NOPDQUEEN22-4,2026-04-07,ast,3.5,2.2225,1.2774999999999999,0.2005,0.19822464313115107,1.0,1.0
KXNBAAST-26APR07UTANOP-NOPDQUEEN22-6,2026-04-07,ast,5.5,2.2225,3.2775,0.0285,0.03951191966361167,1.0,1.0
KXNBAAST-26APR07UTANOP-NOPDQUEEN22-8,2026-04-07,ast,7.5,2.2225,5.2775,0.00425,0.0057271005296500865,0.0,1.0
KXNBA3PT-26APR07UTANOP-NOPDQUEEN22-1,2026-04-07,fg3m,0.5,0.35275,0.14725,0.29525,0.2916679944608277,0.0,1.0
KXNBA3PT-26APR07UTANOP-NOPDQUEEN22-2,2026-04-07,fg3m,1.5,0.35275,1.14725,0.04975,0.05284017285045495,0.0,1.0
KXNBA3PT-26APR07UTANOP-NOPDQUEEN22-3,2026-04-07,fg3m,2.5,0.35275,2.14725,0.00725,0.007303050930348776,0.0,1.0
KXNBA3PT-26APR07UTANOP-NOPDQUEEN22-4,2026-04-07,fg3m,3.5,0.35275,3.14725,0.0005,0.0008442525088604436,0.0,1.0
KXNBA3PT-26APR07UTANOP-NOPDQUEEN22-5,2026-04-07,fg3m,4.5,0.35275,4.14725,0.0,8.586546083388935e-05,0.0,1.0
KXNBAPTS-26APR07HOUPHX-HOUASENGUN28-15,2026-04-07,pts,14.5,14.82175,-0.32174999999999976,0.489,0.4636890266587417,0.0,1.0
KXNBAPTS-26APR07HOUPHX-HOUASENGUN28-20,2026-04-07,pts,19.5,14.82175,4.67825,0.2115,0.2288732458263144,0.0,1.0
KXNBAPTS-26APR07HOUPHX-HOUASENGUN28-25,2026-04-07,pts,24.5,14.82175,9.67825,0.07325,0.09618259856184552,0.0,1.0
KXNBAPTS-26APR07HOUPHX-HOUASENGUN28-30,2026-04-07,pts,29.5,14.82175,14.67825,0.01775,0.03579422651348907,0.0,1.0
KXNBAPTS-26APR07HOUPHX-HOUATHOMPSON1-10,2026-04-07,pts,9.5,13.21675,-3.7167499999999993,0.72075,0.6881837017065511,1.0,1.0
KXNBAPTS-26APR07HOUPHX-HOUATHOMPSON1-15,2026-04-07,pts,14.5,13.21675,1.2832500000000007,0.3805,0.37051618074164905,1.0,1.0
KXNBAPTS-26APR07HOUPHX-HOUATHOMPSON1-20,2026-04-07,pts,19.5,13.21675,6.283250000000001,0.1405,0.15773842868671417,1.0,1.0
KXNBAPTS-26APR07HOUPHX-HOUATHOMPSON1-25,2026-04-07,pts,24.5,13.21675,11.28325,0.04,0.056555172496758455,0.0,1.0
KXNBAPTS-26APR07HOUPHX-HOUJSMITH10-10,2026-04-07,pts,9.5,11.467,-1.9670000000000005,0.591,0.5878877422611406,1.0,1.0
KXNBAPTS-26APR07HOUPHX-HOUJSMITH10-15,2026-04-07,pts,14.5,11.467,3.0329999999999995,0.28275,0.2637544346799391,1.0,1.0
KXNBAPTS-26APR07HOUPHX-HOUJSMITH10-20,2026-04-07,pts,19.5,11.467,8.033,0.101,0.09122909670440182,1.0,1.0
KXNBAPTS-26APR07HOUPHX-HOUJSMITH10-25,2026-04-07,pts,24.5,11.467,13.033,0.0255,0.02625958367249015,0.0,1.0
KXNBAPTS-26APR07HOUPHX-HOUKDURANT7-20,2026-04-07,pts,19.5,18.07875,1.4212500000000006,0.3995,0.38192877121229263,1.0,1.0
KXNBAPTS-26APR07HOUPHX-HOUKDURANT7-25,2026-04-07,pts,24.5,18.07875,6.421250000000001,0.182,0.2035015420634464,0.0,1.0
KXNBAPTS-26APR07HOUPHX-HOUKDURANT7-30,2026-04-07,pts,29.5,18.07875,11.42125,0.06525,0.09717022141558496,0.0,1.0
KXNBAPTS-26APR07HOUPHX-HOUKDURANT7-35,2026-04-07,pts,34.5,18.07875,16.42125,0.01775,0.04254735114518582,0.0,1.0
KXNBAPTS-26APR07HOUPHX-HOURSHEPPARD15-10,2026-04-07,pts,9.5,11.641,-2.141,0.609,0.5990063037150748,1.0,1.0
KXNBAPTS-26APR07HOUPHX-HOURSHEPPARD15-15,2026-04-07,pts,14.5,11.641,2.859,0.28775,0.27437884088596765,0.0,1.0
KXNBAPTS-26APR07HOUPHX-HOURSHEPPARD15-20,2026-04-07,pts,19.5,11.641,7.859,0.0995,0.0971430596744185,0.0,1.0
KXNBAPTS-26APR07HOUPHX-HOURSHEPPARD15-25,2026-04-07,pts,24.5,11.641,12.859,0.03025,0.028655557186647584,0.0,1.0
KXNBAPTS-26APR07HOUPHX-HOUTEASON17-10,2026-04-07,pts,9.5,7.73975,1.76025,0.32025,0.2952533062986148,1.0,1.0
KXNBAPTS-26APR07HOUPHX-HOUTEASON17-15,2026-04-07,pts,14.5,7.73975,6.76025,0.09125,0.0682774286580331,0.0,1.0
KXNBAPTS-26APR07HOUPHX-HOUTEASON17-20,2026-04-07,pts,19.5,7.73975,11.76025,0.01925,0.011507368924163375,0.0,1.0
KXNBAPTS-26APR07HOUPHX-PHXDBOOKER1-20,2026-04-07,pts,19.5,16.178,3.321999999999999,0.29525,0.29254490720906245,1.0,1.0
KXNBAPTS-26APR07HOUPHX-PHXDBOOKER1-25,2026-04-07,pts,24.5,16.178,8.322,0.11625,0.137297817335581,1.0,1.0
KXNBAPTS-26APR07HOUPHX-PHXDBOOKER1-30,2026-04-07,pts,29.5,16.178,13.322,0.035,0.0573458552755477,1.0,1.0
KXNBAPTS-26APR07HOUPHX-PHXDBOOKER1-35,2026-04-07,pts,34.5,16.178,18.322,0.0095,0.021873603669088415,0.0,1.0
KXNBAPTS-26APR07HOUPHX-PHXDBROOKS3-15,2026-04-07,pts,14.5,9.245246221355437,5.254753778644563,0.17162359824475865,0.13617897475037122,0.0,0.51275
KXNBAPTS-26APR07HOUPHX-PHXDBROOKS3-20,2026-04-07,pts,19.5,9.245246221355437,10.254753778644563,0.05802047781569966,0.03261760373421729,0.0,0.51275
KXNBAPTS-26APR07HOUPHX-PHXDBROOKS3-25,2026-04-07,pts,24.5,9.245246221355437,15.254753778644563,0.01462701121404193,0.006404577825063096,0.0,0.51275
KXNBAPTS-26APR07HOUPHX-PHXDBROOKS3-30,2026-04-07,pts,29.5,9.245246221355437,20.254753778644563,0.0024378352023403218,0.0010917454246331948,0.0,0.51275
KXNBAPTS-26APR07HOUPHX-PHXJGREEN4-15,2026-04-07,pts,14.5,11.92007992007992,2.5799200799200808,0.3191808191808192,0.2914706416885733,1.0,0.5005
KXNBAPTS-26APR07HOUPHX-PHXJGREEN4-20,2026-04-07,pts,19.5,11.92007992007992,7.579920079920081,0.13686313686313686,0.10698344480456379,0.0,0.5005
KXNBAPTS-26APR07HOUPHX-PHXJGREEN4-25,2026-04-07,pts,24.5,11.92007992007992,12.57992007992008,0.04795204795204795,0.0327793920826106,0.0,0.5005
KXNBAPTS-26APR07HOUPHX-PHXJGREEN4-30,2026-04-07,pts,29.5,11.92007992007992,17.57992007992008,0.013486513486513486,0.008801232773555157,0.0,0.5005
KXNBAPTS-26APR07HOUPHX-PHXMWILLIAMS15-10,2026-04-07,pts,9.5,6.6695,2.8305,0.22925,0.20316559848392146,1.0,1.0
KXNBAPTS-26APR07HOUPHX-PHXMWILLIAMS15-15,2026-04-07,pts,14.5,6.6695,7.8305,0.04825,0.03440013459712532,1.0,1.0
KXNBAPTS-26APR07HOUPHX-PHXMWILLIAMS15-20,2026-04-07,pts,19.5,6.6695,12.8305,0.00525,0.004177041761895373,0.0,1.0
KXNBAPTS-26APR07HOUPHX-PHXMWILLIAMS15-25,2026-04-07,pts,24.5,6.6695,17.8305,0.00025,0.00040884768322346776,0.0,1.0
KXNBAREB-26APR07HOUPHX-HOUASENGUN28-10,2026-04-07,reb,9.5,6.40025,3.0997500000000002,0.142,0.16248633707357674,1.0,1.0
KXNBAREB-26APR07HOUPHX-HOUASENGUN28-12,2026-04-07,reb,11.5,6.40025,5.09975,0.05,0.07056775034570828,1.0,1.0
KXNBAREB-26APR07HOUPHX-HOUASENGUN28-6,2026-04-07,reb,5.5,6.40025,-0.9002499999999998,0.58375,0.5670093394711995,1.0,1.0
KXNBAREB-26APR07HOUPHX-HOUASENGUN28-8,2026-04-07,reb,7.5,6.40025,1.0997500000000002,0.3165,0.32843921655036734,1.0,1.0
KXNBAREB-26APR07HOUPHX-HOUASENGUN28-9,2026-04-07,reb,8.5,6.40025,2.0997500000000002,0.218,0.23518912558460836,1.0,1.0
KXNBAREB-26APR07HOUPHX-HOUATHOMPSON1-10,2026-04-07,reb,9.5,6.0745,3.4255000000000004,0.1035,0.13599309387128355,1.0,1.0
KXNBAREB-26APR07HOUPHX-HOUATHOMPSON1-12,2026-04-07,reb,11.5,6.0745,5.4255,0.03375,0.05571252343078581,0.0,1.0
KXNBAREB-26APR07HOUPHX-HOUATHOMPSON1-4,2026-04-07,reb,3.5,6.0745,-2.5744999999999996,0.8415,0.7883976667310817,1.0,1.0
KXNBAREB-26APR07HOUPHX-HOUATHOMPSON1-6,2026-04-07,reb,5.5,6.0745,-0.5744999999999996,0.551,0.5273086349907368,1.0,1.0
KXNBAREB-26APR07HOUPHX-HOUATHOMPSON1-8,2026-04-07,reb,7.5,6.0745,1.4255000000000004,0.27075,0.2905270132110499,1.0,1.0
KXNBAREB-26APR07HOUPHX-HOUJSMITH10-10,2026-04-07,reb,9.5,5.412,4.088,0.073,0.0885707014840752,0.0,1.0
KXNBAREB-26APR07HOUPHX-HOUJSMITH10-12,2026-04-07,reb,11.5,5.412,6.088,0.0185,0.03170073361336756,0.0,1.0
KXNBAREB-26APR07HOUPHX-HOUJSMITH10-6,2026-04-07,reb,5.5,5.412,0.08800000000000008,0.45175,0.43977905234466297,1.0,1.0
KXNBAREB-26APR07HOUPHX-HOUJSMITH10-7,2026-04-07,reb,6.5,5.412,1.088,0.3145,0.31520623603939923,0.0,1.0
KXNBAREB-26APR07HOUPHX-HOUJSMITH10-8,2026-04-07,reb,7.5,5.412,2.088,0.19975,0.21526714787055268,0.0,1.0
KXNBAREB-26APR07HOUPHX-HOUKDURANT7-10,2026-04-07,reb,9.5,4.29375,5.20625,0.01775,0.032443059079840464,0.0,1.0
KXNBAREB-26APR07HOUPHX-HOUKDURANT7-2,2026-04-07,reb,1.5,4.29375,-2.79375,0.90975,0.888305370852722,1.0,1.0
KXNBAREB-26APR07HOUPHX-HOUKDURANT7-4,2026-04-07,reb,3.5,4.29375,-0.7937500000000002,0.60875,0.5813052500778033,1.0,1.0
KXNBAREB-26APR07HOUPHX-HOUKDURANT7-6,2026-04-07,reb,5.5,4.29375,1.2062499999999998,0.27575,0.2793074276132075,0.0,1.0
KXNBAREB-26APR07HOUPHX-HOUKDURANT7-8,2026-04-07,reb,7.5,4.29375,3.20625,0.07925,0.10475051326251161,0.0,1.0
KXNBAREB-26APR07HOUPHX-HOUTEASON17-10,2026-04-07,reb,9.5,4.82175,4.67825,0.042,0.054960666350550746,0.0,1.0
KXNBAREB-26APR07HOUPHX-HOUTEASON17-2,2026-04-07,reb,1.5,4.82175,-3.3217499999999998,0.92575,0.9175981935230955,1.0,1.0
KXNBAREB-26APR07HOUPHX-HOUTEASON17-4,2026-04-07,reb,3.5,4.82175,-1.3217499999999998,0.6825,0.655986218758883,1.0,1.0
KXNBAREB-26APR07HOUPHX-HOUTEASON17-6,2026-04-07,reb,5.5,4.82175,0.6782500000000002,0.354,0.35602057854108826,1.0,1.0
KXNBAREB-26APR07HOUPHX-HOUTEASON17-8,2026-04-07,reb,7.5,4.82175,2.6782500000000002,0.14475,0.15329297068785708,0.0,1.0
KXNBAREB-26APR07HOUPHX-PHXDBROOKS3-10,2026-04-07,reb,9.5,2.5007313505607023,6.999268649439298,0.0,0.0015439938612455961,0.0,0.51275
KXNBAREB-26APR07HOUPHX-PHXDBROOKS3-2,2026-04-07,reb,1.5,2.5007313505607023,-1.0007313505607023,0.6728425158459288,0.6786490099413284,1.0,0.51275
KXNBAREB-26APR07HOUPHX-PHXDBROOKS3-4,2026-04-07,reb,3.5,2.5007313505607023,0.9992686494392977,0.26036079960994635,0.2526644827550728,0.0,0.51275
KXNBAREB-26APR07HOUPHX-PHXDBROOKS3-6,2026-04-07,reb,5.5,2.5007313505607023,2.9992686494392977,0.0643588493417845,0.06076706485402583,0.0,0.51275
KXNBAREB-26APR07HOUPHX-PHXDBROOKS3-8,2026-04-07,reb,7.5,2.5007313505607023,4.999268649439298,0.013164310092637738,0.010800327172117652,0.0,0.51275
KXNBAREB-26APR07HOUPHX-PHXJGREEN4-2,2026-04-07,reb,1.5,3.1333666333666335,-1.6333666333666335,0.7737262737262737,0.7789939528063776,1.0,0.5005
KXNBAREB-26APR07HOUPHX-PHXJGREEN4-4,2026-04-07,reb,3.5,3.1333666333666335,0.36663336663336654,0.3791208791208791,0.37759426622619285,0.0,0.5005
KXNBAREB-26APR07HOUPHX-PHXJGREEN4-5,2026-04-07,reb,4.5,3.1333666333666335,1.3666333666333665,0.22777222777222778,0.22547527796424682,0.0,0.5005
KXNBAREB-26APR07HOUPHX-PHXJGREEN4-6,2026-04-07,reb,5.5,3.1333666333666335,2.3666333666333665,0.12537462537462538,0.12395213597939625,0.0,0.5005
KXNBAREB-26APR07HOUPHX-PHXJGREEN4-8,2026-04-07,reb,7.5,3.1333666333666335,4.3666333666333665,0.03296703296703297,0.030645500565911643,0.0,0.5005
KXNBAREB-26APR07HOUPHX-PHXMWILLIAMS15-10,2026-04-07,reb,9.5,5.166,4.334,0.05425,0.07350559238810528,0.0,1.0
KXNBAREB-26APR07HOUPHX-PHXMWILLIAMS15-12,2026-04-07,reb,11.5,5.166,6.334,0.0145,0.024859645161311894,0.0,1.0
KXNBAREB-26APR07HOUPHX-PHXMWILLIAMS15-4,2026-04-07,reb,3.5,5.166,-1.6660000000000004,0.7285,0.6983456211535451,1.0,1.0
KXNBAREB-26APR07HOUPHX-PHXMWILLIAMS15-6,2026-04-07,reb,5.5,5.166,0.33399999999999963,0.411,0.4053623686421677,1.0,1.0
KXNBAREB-26APR07HOUPHX-PHXMWILLIAMS15-8,2026-04-07,reb,7.5,5.166,2.3339999999999996,0.17675,0.18864818418833817,1.0,1.0
KXNBAAST-26APR07HOUPHX-HOUASENGUN28-10,2026-04-07,ast,9.5,4.32925,5.17075,0.02025,0.03270495718000588,0.0,1.0
KXNBAAST-26APR07HOUPHX-HOUASENGUN28-2,2026-04-07,ast,1.5,4.32925,-2.82925,0.91525,0.8925132030881501,1.0,1.0
KXNBAAST-26APR07HOUPHX-HOUASENGUN28-4,2026-04-07,ast,3.5,4.32925,-0.82925,0.617,0.5884744130596888,1.0,1.0
KXNBAAST-26APR07HOUPHX-HOUASENGUN28-6,2026-04-07,ast,5.5,4.32925,1.17075,0.2725,0.2838898387309039,1.0,1.0
KXNBAAST-26APR07HOUPHX-HOUASENGUN28-8,2026-04-07,ast,7.5,4.32925,3.17075,0.085,0.10631642380287609,0.0,1.0
KXNBAAST-26APR07HOUPHX-HOUATHOMPSON1-2,2026-04-07,ast,1.5,3.91675,-2.41675,0.896,0.8628104181229218,1.0,1.0
KXNBAAST-26APR07HOUPHX-HOUATHOMPSON1-4,2026-04-07,ast,3.5,3.91675,-0.41674999999999995,0.53875,0.5219739545270204,1.0,1.0
KXNBAAST-26APR07HOUPHX-HOUATHOMPSON1-5,2026-04-07,ast,4.5,3.91675,0.58325,0.35225,0.3556393534152703,1.0,1.0
KXNBAAST-26APR07HOUPHX-HOUATHOMPSON1-6,2026-04-07,ast,5.5,3.91675,1.58325,0.20925,0.2246016929589667,1.0,1.0
KXNBAAST-26APR07HOUPHX-HOUATHOMPSON1-8,2026-04-07,ast,7.5,3.91675,3.58325,0.05925,0.07404845770278967,1.0,1.0
KXNBAAST-26APR07HOUPHX-HOUKDURANT7-10,2026-04-07,ast,9.5,3.768,5.732,0.009,0.016298260110242824,0.0,1.0
KXNBAAST-26APR07HOUPHX-HOUKDURANT7-2,2026-04-07,ast,1.5,3.768,-2.268,0.88175,0.8501139214876852,1.0,1.0
KXNBAAST-26APR07HOUPHX-HOUKDURANT7-4,2026-04-07,ast,3.5,3.768,-0.2679999999999998,0.5215,0.49626232933930703,0.0,1.0
KXNBAAST-26APR07HOUPHX-HOUKDURANT7-6,2026-04-07,ast,5.5,3.768,1.7320000000000002,0.1855,0.203897862980718,0.0,1.0
KXNBAAST-26APR07HOUPHX-HOUKDURANT7-8,2026-04-07,ast,7.5,3.768,3.732,0.0455,0.06388613215184558,0.0,1.0
KXNBAAST-26APR07HOUPHX-HOURSHEPPARD15-10,2026-04-07,ast,9.5,3.118,6.382,0.003,0.005686039718999503,0.0,1.0
KXNBAAST-26APR07HOUPHX-HOURSHEPPARD15-2,2026-04-07,ast,1.5,3.118,-1.6179999999999999,0.806,0.7788863676866356,0.0,1.0
KXNBAAST-26APR07HOUPHX-HOURSHEPPARD15-4,2026-04-07,ast,3.5,3.118,0.3820000000000001,0.38025,0.37486030872580844,0.0,1.0
KXNBAAST-26APR07HOUPHX-HOURSHEPPARD15-6,2026-04-07,ast,5.5,3.118,2.382,0.10775,0.12107846308748771,0.0,1.0
KXNBAAST-26APR07HOUPHX-HOURSHEPPARD15-8,2026-04-07,ast,7.5,3.118,4.382,0.01775,0.029221274094890393,0.0,1.0
KXNBAAST-26APR07HOUPHX-PHXDBOOKER1-10,2026-04-07,ast,9.5,4.0465,5.4535,0.01,0.023499864489832878,0.0,1.0
KXNBAAST-26APR07HOUPHX-PHXDBOOKER1-12,2026-04-07,ast,11.5,4.0465,7.4535,0.00175,0.005651618281130255,0.0,1.0
KXNBAAST-26APR07HOUPHX-PHXDBOOKER1-6,2026-04-07,ast,5.5,4.0465,1.4535,0.2275,0.24300703202779128,1.0,1.0
KXNBAAST-26APR07HOUPHX-PHXDBOOKER1-7,2026-04-07,ast,6.5,4.0465,2.4535,0.126,0.14663191598767156,1.0,1.0
KXNBAAST-26APR07HOUPHX-PHXDBOOKER1-8,2026-04-07,ast,7.5,4.0465,3.4535,0.064,0.0835662434878065,1.0,1.0
KXNBAAST-26APR07HOUPHX-PHXDBROOKS3-10,2026-04-07,ast,9.5,1.213066796684544,8.286933203315456,0.0,7.009864959606205e-06,0.0,0.51275
KXNBAAST-26APR07HOUPHX-PHXDBROOKS3-2,2026-04-07,ast,1.5,1.213066796684544,0.2869332033154559,0.3510482691370063,0.3377956884134097,0.0,0.51275
KXNBAAST-26APR07HOUPHX-PHXDBROOKS3-4,2026-04-07,ast,3.5,1.213066796684544,2.286933203315456,0.040468064358849344,0.04337739649287142,0.0,0.51275
KXNBAAST-26APR07HOUPHX-PHXDBROOKS3-6,2026-04-07,ast,5.5,1.213066796684544,4.286933203315456,0.0029254022428083864,0.003227214197683126,0.0,0.51275
KXNBAAST-26APR07HOUPHX-PHXDBROOKS3-8,2026-04-07,ast,7.5,1.213066796684544,6.286933203315456,0.00048756704046806434,0.00016968088012814242,0.0,0.51275
KXNBAAST-26APR07HOUPHX-PHXJGREEN4-10,2026-04-07,ast,9.5,2.28971028971029,7.21028971028971,0.001998001998001998,0.0008088533940640019,0.0,0.5005
KXNBAAST-26APR07HOUPHX-PHXJGREEN4-2,2026-04-07,ast,1.5,2.28971028971029,-0.7897102897102899,0.6393606393606394,0.6377178560981859,0.0,0.5005
KXNBAAST-26APR07HOUPHX-PHXJGREEN4-4,2026-04-07,ast,3.5,2.28971028971029,1.21028971028971,0.21878121878121878,0.211064441070557,0.0,0.5005
KXNBAAST-26APR07HOUPHX-PHXJGREEN4-6,2026-04-07,ast,5.5,2.28971028971029,3.21028971028971,0.04695304695304695,0.043999733721116874,0.0,0.5005
KXNBAAST-26APR07HOUPHX-PHXJGREEN4-8,2026-04-07,ast,7.5,2.28971028971029,5.21028971028971,0.005494505494505495,0.0066831993000256995,0.0,0.5005
KXNBAAST-26APR07HOUPHX-PHXMWILLIAMS15-1,2026-04-07,ast,0.5,0.73275,-0.23275,0.51025,0.5077961796077681,0.0,1.0
KXNBAAST-26APR07HOUPHX-PHXMWILLIAMS15-2,2026-04-07,ast,1.5,0.73275,0.76725,0.16725,0.17014343007203525,0.0,1.0
KXNBAAST-26APR07HOUPHX-PHXMWILLIAMS15-4,2026-04-07,ast,3.5,0.73275,2.7672499999999998,0.009,0.009227347747756576,0.0,1.0
KXNBAAST-26APR07HOUPHX-PHXMWILLIAMS15-6,2026-04-07,ast,5.5,0.73275,4.76725,0.0,0.00027959143856637336,0.0,1.0
KXNBAAST-26APR07HOUPHX-PHXMWILLIAMS15-8,2026-04-07,ast,7.5,0.73275,6.76725,0.0,5.912170187749588e-06,0.0,1.0
KXNBA3PT-26APR07HOUPHX-HOUKDURANT7-1,2026-04-07,fg3m,0.5,1.7555,-1.2555,0.81725,0.7940409159044803,1.0,1.0
KXNBA3PT-26APR07HOUPHX-HOUKDURANT7-2,2026-04-07,fg3m,1.5,1.7555,-0.25550000000000006,0.525,0.5000816931998014,1.0,1.0
KXNBA3PT-26APR07HOUPHX-HOUKDURANT7-3,2026-04-07,fg3m,2.5,1.7555,0.7444999999999999,0.26575,0.2628209764252655,1.0,1.0
KXNBA3PT-26APR07HOUPHX-HOUKDURANT7-4,2026-04-07,fg3m,3.5,1.7555,1.7445,0.1005,0.12036847597052691,1.0,1.0
KXNBA3PT-26APR07HOUPHX-HOUKDURANT7-5,2026-04-07,fg3m,4.5,1.7555,2.7445,0.034,0.049562919492592505,1.0,1.0
KXNBA3PT-26APR07HOUPHX-HOURSHEPPARD15-1,2026-04-07,fg3m,0.5,2.3635,-1.8635000000000002,0.8965,0.8724252062716925,1.0,1.0
KXNBA3PT-26APR07HOUPHX-HOURSHEPPARD15-2,2026-04-07,fg3m,1.5,2.3635,-0.8635000000000002,0.67275,0.6421879081754496,1.0,1.0
KXNBA3PT-26APR07HOUPHX-HOURSHEPPARD15-3,2026-04-07,fg3m,2.5,2.3635,0.13649999999999984,0.42225,0.4072142952755541,0.0,1.0
KXNBA3PT-26APR07HOUPHX-HOURSHEPPARD15-4,2026-04-07,fg3m,3.5,2.3635,1.1364999999999998,0.21675,0.22882532443654147,0.0,1.0
KXNBA3PT-26APR07HOUPHX-HOURSHEPPARD15-5,2026-04-07,fg3m,4.5,2.3635,2.1365,0.093,0.11670872153249656,0.0,1.0
KXNBA3PT-26APR07HOUPHX-HOUTEASON17-1,2026-04-07,fg3m,0.5,0.958,-0.45799999999999996,0.61,0.5944396263504633,0.0,1.0
KXNBA3PT-26APR07HOUPHX-HOUTEASON17-2,2026-04-07,fg3m,1.5,0.958,0.542,0.24625,0.24923524752770532,0.0,1.0
KXNBA3PT-26APR07HOUPHX-HOUTEASON17-3,2026-04-07,fg3m,2.5,0.958,1.542,0.08,0.08307402198767777,0.0,1.0
KXNBA3PT-26APR07HOUPHX-HOUTEASON17-4,2026-04-07,fg3m,3.5,0.958,2.542,0.01775,0.023577912403893064,0.0,1.0
KXNBA3PT-26APR07HOUPHX-HOUTEASON17-5,2026-04-07,fg3m,4.5,0.958,3.542,0.00275,0.005941896777276412,0.0,1.0
KXNBA3PT-26APR07HOUPHX-PHXDBOOKER1-1,2026-04-07,fg3m,0.5,1.357,-0.857,0.73825,0.7132113414961037,1.0,1.0
KXNBA3PT-26APR07HOUPHX-PHXDBOOKER1-2,2026-04-07,fg3m,1.5,1.357,0.14300000000000002,0.39675,0.38277908317184495,1.0,1.0
KXNBA3PT-26APR07HOUPHX-PHXDBOOKER1-3,2026-04-07,fg3m,2.5,1.357,1.143,0.15875,0.167483304884821,0.0,1.0
KXNBA3PT-26APR07HOUPHX-PHXDBOOKER1-4,2026-04-07,fg3m,3.5,1.357,2.143,0.0475,0.063132914025681,0.0,1.0
KXNBA3PT-26APR07HOUPHX-PHXDBOOKER1-5,2026-04-07,fg3m,4.5,1.357,3.143,0.01225,0.021262652719449937,0.0,1.0
KXNBAPTS-26APR07MIATOR-MIAAWIGGINS22-10,2026-04-07,pts,9.5,10.0,-0.5,0.5,0.48398675654683065,1.0,1.0
KXNBAPTS-26APR07MIATOR-MIAAWIGGINS22-15,2026-04-07,pts,14.5,10.0,4.5,0.19125,0.17702174830063833,1.0,1.0
KXNBAPTS-26APR07MIATOR-MIAAWIGGINS22-20,2026-04-07,pts,19.5,10.0,9.5,0.05225,0.048834759792249716,1.0,1.0
KXNBAPTS-26APR07MIATOR-MIAAWIGGINS22-25,2026-04-07,pts,24.5,10.0,14.5,0.01325,0.011100169855978281,0.0,1.0
KXNBAPTS-26APR07MIATOR-MIABADEBAYO13-15,2026-04-07,pts,14.5,14.31225,0.18774999999999942,0.4455,0.43494005541547354,0.0,1.0
KXNBAPTS-26APR07MIATOR-MIABADEBAYO13-20,2026-04-07,pts,19.5,14.31225,5.187749999999999,0.214,0.20558549606365473,0.0,1.0
KXNBAPTS-26APR07MIATOR-MIABADEBAYO13-25,2026-04-07,pts,24.5,14.31225,10.18775,0.075,0.08245052753325144,0.0,1.0
KXNBAPTS-26APR07MIATOR-MIABADEBAYO13-30,2026-04-07,pts,29.5,14.31225,15.18775,0.02125,0.029228253809722604,0.0,1.0
KXNBAPTS-26APR07MIATOR-MIADMITCHELL45-10,2026-04-07,pts,9.5,6.74925,2.75075,0.235,0.20984264289255206,0.0,1.0
KXNBAPTS-26APR07MIATOR-MIADMITCHELL45-15,2026-04-07,pts,14.5,6.74925,7.75075,0.058,0.03647058619917787,0.0,1.0
KXNBAPTS-26APR07MIATOR-MIADMITCHELL45-20,2026-04-07,pts,19.5,6.74925,12.75075,0.00875,0.004551038852197653,0.0,1.0
KXNBAPTS-26APR07MIATOR-MIANPOWELL24-15,2026-04-07,pts,14.5,13.80525,0.6947500000000009,0.4125,0.4055178722998589,0.0,1.0
KXNBAPTS-26APR07MIATOR-MIANPOWELL24-20,2026-04-07,pts,19.5,13.80525,5.694750000000001,0.1855,0.1829991157545301,0.0,1.0
KXNBAPTS-26APR07MIATOR-MIANPOWELL24-25,2026-04-07,pts,24.5,13.80525,10.69475,0.06975,0.06982838008635794,0.0,1.0
KXNBAPTS-26APR07MIATOR-MIANPOWELL24-30,2026-04-07,pts,29.5,13.80525,15.69475,0.02025,0.02350838676872169,0.0,1.0
KXNBAPTS-26APR07MIATOR-MIATHERRO14-15,2026-04-07,pts,14.5,14.82325,-0.3232499999999998,0.48375,0.46377235000317674,0.0,1.0
KXNBAPTS-26APR07MIATOR-MIATHERRO14-20,2026-04-07,pts,19.5,14.82325,4.67675,0.22325,0.2289425172663173,0.0,1.0
KXNBAPTS-26APR07MIATOR-MIATHERRO14-25,2026-04-07,pts,24.5,14.82325,9.67675,0.085,0.09622451130984078,0.0,1.0
KXNBAPTS-26APR07MIATOR-MIATHERRO14-30,2026-04-07,pts,29.5,14.82325,14.67675,0.0245,0.03581478512256164,0.0,1.0
KXNBAPTS-26APR07MIATOR-TORJPOELTL19-10,2026-04-07,pts,9.5,8.3455,1.1545000000000005,0.36725,0.3479528212320836,1.0,1.0
KXNBAPTS-26APR07MIATOR-TORJPOELTL19-15,2026-04-07,pts,14.5,8.3455,6.1545000000000005,0.10075,0.09303327773332704,1.0,1.0
KXNBAPTS-26APR07MIATOR-TORJPOELTL19-20,2026-04-07,pts,19.5,8.3455,11.1545,0.0175,0.018296493992370877,0.0,1.0
KXNBAPTS-26APR07MIATOR-TORRBARRETT9-15,2026-04-07,pts,14.5,13.64075,0.8592499999999994,0.407,0.3958173043899613,1.0,1.0
KXNBAPTS-26APR07MIATOR-TORRBARRETT9-20,2026-04-07,pts,19.5,13.64075,5.859249999999999,0.16525,0.17582444902332517,0.0,1.0
KXNBAPTS-26APR07MIATOR-TORRBARRETT9-25,2026-04-07,pts,24.5,13.64075,10.85925,0.05125,0.06596628178427766,0.0,1.0
KXNBAPTS-26APR07MIATOR-TORRBARRETT9-30,2026-04-07,pts,29.5,13.64075,15.85925,0.015,0.02182294711792332,0.0,1.0
KXNBAPTS-26APR07MIATOR-TORSBARNES4-15,2026-04-07,pts,14.5,10.865,3.635,0.232,0.22737639033052703,1.0,1.0
KXNBAPTS-26APR07MIATOR-TORSBARNES4-20,2026-04-07,pts,19.5,10.865,8.635,0.0695,0.07216259934543301,1.0,1.0
KXNBAPTS-26APR07MIATOR-TORSBARNES4-25,2026-04-07,pts,24.5,10.865,13.635,0.0165,0.01898107553261119,1.0,1.0
KXNBAPTS-26APR07MIATOR-TORSBARNES4-30,2026-04-07,pts,29.5,10.865,18.634999999999998,0.0035,0.004358766581333606,0.0,1.0
KXNBAREB-26APR07MIATOR-MIAAWIGGINS22-2,2026-04-07,reb,1.5,3.671,-2.171,0.852,0.8391879783165748,1.0,1.0
KXNBAREB-26APR07MIATOR-MIAAWIGGINS22-4,2026-04-07,reb,3.5,3.671,-0.17099999999999982,0.48725,0.47806565038819737,1.0,1.0
KXNBAREB-26APR07MIATOR-MIAAWIGGINS22-5,2026-04-07,reb,4.5,3.671,0.8290000000000002,0.31,0.3145744773622474,1.0,1.0
KXNBAREB-26APR07MIATOR-MIAAWIGGINS22-6,2026-04-07,reb,5.5,3.671,1.8290000000000002,0.1795,0.19169303435839768,0.0,1.0
KXNBAREB-26APR07MIATOR-MIAAWIGGINS22-8,2026-04-07,reb,7.5,3.671,3.829,0.05175,0.05885205181311315,0.0,1.0
KXNBAREB-26APR07MIATOR-MIABADEBAYO13-10,2026-04-07,reb,9.5,7.2485,2.2515,0.21825,0.23857996162177908,0.0,1.0
KXNBAREB-26APR07MIATOR-MIABADEBAYO13-11,2026-04-07,reb,10.5,7.2485,3.2515,0.13975,0.17030670158784333,0.0,1.0
KXNBAREB-26APR07MIATOR-MIABADEBAYO13-12,2026-04-07,reb,11.5,7.2485,4.2515,0.0825,0.11822495555993173,0.0,1.0
KXNBAREB-26APR07MIATOR-MIABADEBAYO13-14,2026-04-07,reb,13.5,7.2485,6.2515,0.028,0.05288927479800287,0.0,1.0
KXNBAREB-26APR07MIATOR-MIABADEBAYO13-16,2026-04-07,reb,15.5,7.2485,8.2515,0.0075,0.021716463041782652,0.0,1.0
KXNBAREB-26APR07MIATOR-MIANPOWELL24-10,2026-04-07,reb,9.5,2.77175,6.72825,0.002,0.002954714123504787,0.0,1.0
KXNBAREB-26APR07MIATOR-MIANPOWELL24-2,2026-04-07,reb,1.5,2.77175,-1.27175,0.74075,0.726175408705801,1.0,1.0
KXNBAREB-26APR07MIATOR-MIANPOWELL24-4,2026-04-07,reb,3.5,2.77175,0.7282500000000001,0.3045,0.3063697664616587,0.0,1.0
KXNBAREB-26APR07MIATOR-MIANPOWELL24-6,2026-04-07,reb,5.5,2.77175,2.72825,0.0755,0.08522090591396392,0.0,1.0
KXNBAREB-26APR07MIATOR-MIANPOWELL24-8,2026-04-07,reb,7.5,2.77175,4.72825,0.013,0.01766000482517749,0.0,1.0
KXNBAREB-26APR07MIATOR-MIATHERRO14-2,2026-04-07,reb,1.5,3.5615,-2.0615,0.845,0.8284596794145416,1.0,1.0
KXNBAREB-26APR07MIATOR-MIATHERRO14-4,2026-04-07,reb,3.5,3.5615,-0.06150000000000011,0.46775,0.4583427546922495,1.0,1.0
KXNBAREB-26APR07MIATOR-MIATHERRO14-5,2026-04-07,reb,4.5,3.5615,0.9384999999999999,0.29575,0.2962496512194088,1.0,1.0
KXNBAREB-26APR07MIATOR-MIATHERRO14-6,2026-04-07,reb,5.5,3.5615,1.9385,0.16425,0.1771128116273497,0.0,1.0
KXNBAREB-26APR07MIATOR-MIATHERRO14-8,2026-04-07,reb,7.5,3.5615,3.9385,0.04075,0.05222541358968891,0.0,1.0
KXNBAREB-26APR07MIATOR-TORJPOELTL19-10,2026-04-07,reb,9.5,5.71425,3.78575,0.0865,0.10903255905899756,0.0,1.0
KXNBAREB-26APR07MIATOR-TORJPOELTL19-12,2026-04-07,reb,11.5,5.71425,5.78575,0.02825,0.04162717715076303,0.0,1.0
KXNBAREB-26APR07MIATOR-TORJPOELTL19-6,2026-04-07,reb,5.5,5.71425,-0.21424999999999983,0.49025,0.48075034288630025,1.0,1.0
KXNBAREB-26APR07MIATOR-TORJPOELTL19-8,2026-04-07,reb,7.5,5.71425,1.7857500000000002,0.22975,0.24911345425434983,0.0,1.0
KXNBAREB-26APR07MIATOR-TORJPOELTL19-9,2026-04-07,reb,8.5,5.71425,2.78575,0.146,0.1679582221043614,0.0,1.0
KXNBAREB-26APR07MIATOR-TORRBARRETT9-10,2026-04-07,reb,9.5,4.2325,5.2675,0.019,0.03029244282010135,0.0,1.0
KXNBAREB-26APR07MIATOR-TORRBARRETT9-2,2026-04-07,reb,1.5,4.2325,-2.7325,0.91375,0.8842578247223736,1.0,1.0
KXNBAREB-26APR07MIATOR-TORRBARRETT9-4,2026-04-07,reb,3.5,4.2325,-0.7324999999999999,0.59125,0.5718665132565461,1.0,1.0
KXNBAREB-26APR07MIATOR-TORRBARRETT9-6,2026-04-07,reb,5.5,4.2325,1.2675,0.2625,0.2704576549284726,1.0,1.0
KXNBAREB-26APR07MIATOR-TORRBARRETT9-8,2026-04-07,reb,7.5,4.2325,3.2675,0.08175,0.09964982842201542,1.0,1.0
KXNBAREB-26APR07MIATOR-TORSBARNES4-10,2026-04-07,reb,9.5,4.9295,4.5705,0.04525,0.060440157085454915,0.0,1.0
KXNBAREB-26APR07MIATOR-TORSBARNES4-12,2026-04-07,reb,11.5,4.9295,6.5705,0.01,0.019282812821161954,0.0,1.0
KXNBAREB-26APR07MIATOR-TORSBARNES4-6,2026-04-07,reb,5.5,4.9295,0.5705,0.37675,0.37157781615659746,1.0,1.0
KXNBAREB-26APR07MIATOR-TORSBARNES4-7,2026-04-07,reb,6.5,4.9295,1.5705,0.24425,0.25328427461625924,1.0,1.0
KXNBAREB-26APR07MIATOR-TORSBARNES4-8,2026-04-07,reb,7.5,4.9295,2.5705,0.14875,0.16408762049700298,1.0,1.0
KXNBAAST-26APR07MIATOR-MIABADEBAYO13-10,2026-04-07,ast,9.5,2.14425,7.3557500000000005,0.0,0.0005166268902077054,0.0,1.0
KXNBAAST-26APR07MIATOR-MIABADEBAYO13-2,2026-04-07,ast,1.5,2.14425,-0.64425,0.6205,0.605435413872614,1.0,1.0
KXNBAAST-26APR07MIATOR-MIABADEBAYO13-4,2026-04-07,ast,3.5,2.14425,1.35575,0.17525,0.18350765695604665,0.0,1.0
KXNBAAST-26APR07MIATOR-MIABADEBAYO13-6,2026-04-07,ast,5.5,2.14425,3.35575,0.0255,0.03463971382951592,0.0,1.0
KXNBAAST-26APR07MIATOR-MIABADEBAYO13-8,2026-04-07,ast,7.5,2.14425,5.3557500000000005,0.0025,0.00474384982168452,0.0,1.0
KXNBAAST-26APR07MIATOR-MIADMITCHELL45-10,2026-04-07,ast,9.5,3.6045,5.8955,0.006,0.012868618921787256,0.0,1.0
KXNBAAST-26APR07MIATOR-MIADMITCHELL45-2,2026-04-07,ast,1.5,3.6045,-2.1045,0.85575,0.834756385166455,1.0,1.0
KXNBAAST-26APR07MIATOR-MIADMITCHELL45-4,2026-04-07,ast,3.5,3.6045,-0.10449999999999982,0.47525,0.4670186571265882,1.0,1.0
KXNBAAST-26APR07MIATOR-MIADMITCHELL45-6,2026-04-07,ast,5.5,3.6045,1.8955000000000002,0.16775,0.18175376501444995,1.0,1.0
KXNBAAST-26APR07MIATOR-MIADMITCHELL45-8,2026-04-07,ast,7.5,3.6045,3.8955,0.04225,0.053663905810803936,0.0,1.0
KXNBAAST-26APR07MIATOR-MIANPOWELL24-2,2026-04-07,ast,1.5,1.622,-0.12200000000000011,0.4745,0.46812512222868263,0.0,1.0
KXNBAAST-26APR07MIATOR-MIANPOWELL24-3,2026-04-07,ast,2.5,1.622,0.8779999999999999,0.22625,0.22848563537751088,0.0,1.0
KXNBAAST-26APR07MIATOR-MIANPOWELL24-4,2026-04-07,ast,3.5,1.622,1.878,0.083,0.09496282875244122,0.0,1.0
KXNBAAST-26APR07MIATOR-MIANPOWELL24-6,2026-04-07,ast,5.5,1.622,3.878,0.008,0.011518983363064783,0.0,1.0
KXNBAAST-26APR07MIATOR-MIANPOWELL24-8,2026-04-07,ast,7.5,1.622,5.878,0.00075,0.0009986170874753952,0.0,1.0
KXNBAAST-26APR07MIATOR-MIATHERRO14-10,2026-04-07,ast,9.5,2.862,6.638,0.00125,0.0034027554996237663,0.0,1.0
KXNBAAST-26APR07MIATOR-MIATHERRO14-2,2026-04-07,ast,1.5,2.862,-1.362,0.76875,0.74223940016482,1.0,1.0
KXNBAAST-26APR07MIATOR-MIATHERRO14-4,2026-04-07,ast,3.5,2.862,0.6379999999999999,0.31525,0.32422999561369004,1.0,1.0
KXNBAAST-26APR07MIATOR-MIATHERRO14-6,2026-04-07,ast,5.5,2.862,2.638,0.0855,0.09323066022209314,1.0,1.0
KXNBAAST-26APR07MIATOR-MIATHERRO14-8,2026-04-07,ast,7.5,2.862,4.638,0.0125,0.019873172663577687,0.0,1.0
KXNBAAST-26APR07MIATOR-TORRBARRETT9-10,2026-04-07,ast,9.5,2.313,7.186999999999999,0.0,0.0008658791637661256,0.0,1.0
KXNBAAST-26APR07MIATOR-TORRBARRETT9-2,2026-04-07,ast,1.5,2.313,-0.8130000000000002,0.663,0.6426568247179988,1.0,1.0
KXNBAAST-26APR07MIATOR-TORRBARRETT9-4,2026-04-07,ast,3.5,2.313,1.1869999999999998,0.21575,0.21555133041075403,0.0,1.0
KXNBAAST-26APR07MIATOR-TORRBARRETT9-6,2026-04-07,ast,5.5,2.313,3.187,0.03775,0.045620133842791843,0.0,1.0
KXNBAAST-26APR07MIATOR-TORRBARRETT9-8,2026-04-07,ast,7.5,2.313,5.186999999999999,0.00175,0.0070398250765021375,0.0,1.0
KXNBAAST-26APR07MIATOR-TORSBARNES4-10,2026-04-07,ast,9.5,3.8475,5.6525,0.00975,0.01817391658962597,0.0,1.0
KXNBAAST-26APR07MIATOR-TORSBARNES4-12,2026-04-07,ast,11.5,3.8475,7.6525,0.002,0.004074067645038815,0.0,1.0
KXNBAAST-26APR07MIATOR-TORSBARNES4-4,2026-04-07,ast,3.5,3.8475,-0.34750000000000014,0.533,0.5101134906876483,1.0,1.0
KXNBAAST-26APR07MIATOR-TORSBARNES4-6,2026-04-07,ast,5.5,3.8475,1.6524999999999999,0.20325,0.21490444604387837,0.0,1.0
KXNBAAST-26APR07MIATOR-TORSBARNES4-8,2026-04-07,ast,7.5,3.8475,3.6525,0.04775,0.0692164947424867,0.0,1.0
KXNBA3PT-26APR07MIATOR-MIANPOWELL24-1,2026-04-07,fg3m,0.5,1.72725,-1.22725,0.81525,0.7892484015547458,1.0,1.0
KXNBA3PT-26APR07MIATOR-MIANPOWELL24-2,2026-04-07,fg3m,1.5,1.72725,-0.22724999999999995,0.5075,0.49239634399190924,1.0,1.0
KXNBA3PT-26APR07MIATOR-MIANPOWELL24-3,2026-04-07,fg3m,2.5,1.72725,0.77275,0.25125,0.2559449607309512,0.0,1.0
KXNBA3PT-26APR07MIATOR-MIANPOWELL24-4,2026-04-07,fg3m,3.5,1.72725,1.77275,0.09975,0.11584140888392025,0.0,1.0
KXNBA3PT-26APR07MIATOR-MIANPOWELL24-5,2026-04-07,fg3m,4.5,1.72725,2.7727500000000003,0.0375,0.04711724625995373,0.0,1.0
KXNBA3PT-26APR07MIATOR-MIATHERRO14-1,2026-04-07,fg3m,0.5,1.85,-1.35,0.82475,0.8091990973230622,1.0,1.0
KXNBA3PT-26APR07MIATOR-MIATHERRO14-2,2026-04-07,fg3m,1.5,1.85,-0.3500000000000001,0.549,0.5250749214045729,0.0,1.0
KXNBA3PT-26APR07MIATOR-MIATHERRO14-3,2026-04-07,fg3m,2.5,1.85,0.6499999999999999,0.29325,0.2858157675900077,0.0,1.0
KXNBA3PT-26APR07MIATOR-MIATHERRO14-4,2026-04-07,fg3m,3.5,1.85,1.65,0.1205,0.13593896249995918,0.0,1.0
KXNBA3PT-26APR07MIATOR-MIATHERRO14-5,2026-04-07,fg3m,4.5,1.85,2.65,0.0445,0.058215289509797374,0.0,1.0
KXNBA3PT-26APR07MIATOR-TORSBARNES4-1,2026-04-07,fg3m,0.5,0.518,-0.018000000000000016,0.39775,0.394185516424009,1.0,1.0
KXNBA3PT-26APR07MIATOR-TORSBARNES4-2,2026-04-07,fg3m,1.5,0.518,0.982,0.09975,0.10031507438736798,1.0,1.0
KXNBA3PT-26APR07MIATOR-TORSBARNES4-3,2026-04-07,fg3m,2.5,0.518,1.982,0.01825,0.0197021326710054,0.0,1.0
KXNBA3PT-26APR07MIATOR-TORSBARNES4-4,2026-04-07,fg3m,3.5,0.518,2.982,0.002,0.0032523894133020814,0.0,1.0
KXNBA3PT-26APR07MIATOR-TORSBARNES4-5,2026-04-07,fg3m,4.5,0.518,3.982,0.00025,0.0004735304635555826,0.0,1.0
KXNBAPTS-26APR07CHIWAS-CHIIOKORO35-10,2026-04-07,pts,9.5,7.51375,1.98625,0.303,0.27553385261483765,1.0,1.0
KXNBAPTS-26APR07CHIWAS-CHIIOKORO35-15,2026-04-07,pts,14.5,7.51375,6.98625,0.07975,0.06004117109219964,0.0,1.0
KXNBAPTS-26APR07CHIWAS-CHIIOKORO35-20,2026-04-07,pts,19.5,7.51375,11.98625,0.01625,0.009502815083951122,0.0,1.0
KXNBAPTS-26APR07CHIWAS-CHIIOKORO35-25,2026-04-07,pts,24.5,7.51375,16.98625,0.004,0.0012189738451852117,0.0,1.0
KXNBAPTS-26APR07CHIWAS-WASBCOULIBALY0-10,2026-04-07,pts,9.5,7.85625,1.6437499999999998,0.32625,0.30542424571659654,1.0,1.0
KXNBAPTS-26APR07CHIWAS-WASBCOULIBALY0-15,2026-04-07,pts,14.5,7.85625,6.64375,0.09075,0.07274100411644835,1.0,1.0
KXNBAPTS-26APR07CHIWAS-WASBCOULIBALY0-20,2026-04-07,pts,19.5,7.85625,11.64375,0.02025,0.012648504304947017,0.0,1.0
KXNBAPTS-26APR07CHIWAS-WASBCOULIBALY0-25,2026-04-07,pts,24.5,7.85625,16.64375,0.00425,0.0017865130464046475,0.0,1.0
KXNBAAST-26APR07CHIWAS-WASBCARRINGTON7-2,2026-04-07,ast,1.5,3.21975,-1.71975,0.8045,0.7919673314092712,1.0,1.0
KXNBAAST-26APR07CHIWAS-WASBCARRINGTON7-4,2026-04-07,ast,3.5,3.21975,0.2802500000000001,0.40525,0.394666980459098,1.0,1.0
KXNBAAST-26APR07CHIWAS-WASBCARRINGTON7-5,2026-04-07,ast,4.5,3.21975,1.28025,0.23375,0.23890603392091814,1.0,1.0
KXNBAAST-26APR07CHIWAS-WASBCARRINGTON7-6,2026-04-07,ast,5.5,3.21975,2.28025,0.11775,0.13300268555870376,1.0,1.0
KXNBAAST-26APR07CHIWAS-WASBCARRINGTON7-8,2026-04-07,ast,7.5,3.21975,4.2802500000000006,0.0245,0.03359690977742624,0.0,1.0
KXNBAPTS-26APR06NYKATL-ATLCMCCOLLUM3-15,2026-04-06,pts,14.5,13.01025,1.4897500000000008,0.36875,0.35806038496712733,1.0,1.0
KXNBAPTS-26APR06NYKATL-ATLCMCCOLLUM3-20,2026-04-06,pts,19.5,13.01025,6.489750000000001,0.14625,0.14916502302375345,0.0,1.0
KXNBAPTS-26APR06NYKATL-ATLCMCCOLLUM3-25,2026-04-06,pts,24.5,13.01025,11.48975,0.04625,0.05226017572556052,0.0,1.0
KXNBAPTS-26APR06NYKATL-ATLCMCCOLLUM3-30,2026-04-06,pts,29.5,13.01025,16.48975,0.01025,0.016107667984509688,0.0,1.0
KXNBAPTS-26APR06NYKATL-ATLDDANIELS5-10,2026-04-06,pts,9.5,8.34125,1.1587499999999995,0.369,0.347585720900077,1.0,1.0
KXNBAPTS-26APR06NYKATL-ATLDDANIELS5-15,2026-04-06,pts,14.5,8.34125,6.1587499999999995,0.09825,0.09284665579852736,0.0,1.0
KXNBAPTS-26APR06NYKATL-ATLDDANIELS5-20,2026-04-06,pts,19.5,8.34125,11.15875,0.02225,0.018241231123696355,0.0,1.0
KXNBAPTS-26APR06NYKATL-ATLJJOHNSON1-20,2026-04-06,pts,19.5,13.966,5.534000000000001,0.1855,0.1900868731186719,1.0,1.0
KXNBAPTS-26APR06NYKATL-ATLJJOHNSON1-25,2026-04-06,pts,24.5,13.966,10.534,0.0645,0.07371406848619466,0.0,1.0
KXNBAPTS-26APR06NYKATL-ATLJJOHNSON1-30,2026-04-06,pts,29.5,13.966,15.534,0.01775,0.025235394781317866,0.0,1.0
KXNBAPTS-26APR06NYKATL-ATLJJOHNSON1-35,2026-04-06,pts,34.5,13.966,20.534,0.00425,0.007852236397216439,0.0,1.0
KXNBAPTS-26APR06NYKATL-ATLJKUMINGA0-10,2026-04-06,pts,9.5,7.33725,2.16275,0.28075,0.2601815928404323,0.0,1.0
KXNBAPTS-26APR06NYKATL-ATLJKUMINGA0-15,2026-04-06,pts,14.5,7.33725,7.16275,0.0745,0.05400520999908853,0.0,1.0
KXNBAPTS-26APR06NYKATL-ATLJKUMINGA0-20,2026-04-06,pts,19.5,7.33725,12.162749999999999,0.01175,0.00812014250484605,0.0,1.0
KXNBAPTS-26APR06NYKATL-ATLNALEXANDERWALKER7-15,2026-04-06,pts,14.5,13.724,0.7759999999999998,0.42575,0.40073530940705115,1.0,1.0
KXNBAPTS-26APR06NYKATL-ATLNALEXANDERWALKER7-20,2026-04-06,pts,19.5,13.724,5.776,0.17125,0.17944512444790595,1.0,1.0
KXNBAPTS-26APR06NYKATL-ATLNALEXANDERWALKER7-25,2026-04-06,pts,24.5,13.724,10.776,0.05725,0.06790626460170102,1.0,1.0
KXNBAPTS-26APR06NYKATL-ATLNALEXANDERWALKER7-30,2026-04-06,pts,29.5,13.724,15.776,0.01525,0.02266563181768666,1.0,1.0
KXNBAPTS-26APR06NYKATL-ATLOOKONGWU17-10,2026-04-06,pts,9.5,9.32525,0.17474999999999952,0.441,0.43049959845397023,1.0,1.0
KXNBAPTS-26APR06NYKATL-ATLOOKONGWU17-15,2026-04-06,pts,14.5,9.32525,5.1747499999999995,0.16175,0.14033200667154466,0.0,1.0
KXNBAPTS-26APR06NYKATL-ATLOOKONGWU17-20,2026-04-06,pts,19.5,9.32525,10.17475,0.0385,0.034152006523280876,0.0,1.0
KXNBAPTS-26APR06NYKATL-ATLOOKONGWU17-25,2026-04-06,pts,24.5,9.32525,15.17475,0.00725,0.006817177305360467,0.0,1.0
KXNBAPTS-26APR06NYKATL-NYKJBRUNSON11-20,2026-04-06,pts,19.5,16.2515,3.2485,0.29675,0.2960278156638244,1.0,1.0
KXNBAPTS-26APR06NYKATL-NYKJBRUNSON11-25,2026-04-06,pts,24.5,16.2515,8.2485,0.121,0.13969390027806938,1.0,1.0
KXNBAPTS-26APR06NYKATL-NYKJBRUNSON11-30,2026-04-06,pts,29.5,16.2515,13.2485,0.039,0.058682200704642695,1.0,1.0
KXNBAPTS-26APR06NYKATL-NYKJBRUNSON11-35,2026-04-06,pts,34.5,16.2515,18.2485,0.01425,0.022515637545981626,0.0,1.0
KXNBAPTS-26APR06NYKATL-NYKJHART3-10,2026-04-06,pts,9.5,8.36075,1.1392500000000005,0.37425,0.3492696087050844,0.0,1.0
KXNBAPTS-26APR06NYKATL-NYKJHART3-15,2026-04-06,pts,14.5,8.36075,6.1392500000000005,0.1115,0.09370435960589818,0.0,1.0
KXNBAPTS-26APR06NYKATL-NYKJHART3-20,2026-04-06,pts,19.5,8.36075,11.13925,0.02425,0.01849571203192013,0.0,1.0
KXNBAPTS-26APR06NYKATL-NYKJHART3-25,2026-04-06,pts,24.5,8.36075,16.13925,0.00525,0.0029752777512013218,0.0,1.0
KXNBAPTS-26APR06NYKATL-NYKKTOWNS32-15,2026-04-06,pts,14.5,12.4675,2.0325000000000006,0.3305,0.32502076356394116,1.0,1.0
KXNBAPTS-26APR06NYKATL-NYKKTOWNS32-20,2026-04-06,pts,19.5,12.4675,7.032500000000001,0.12475,0.12746975475616518,1.0,1.0
KXNBAPTS-26APR06NYKATL-NYKKTOWNS32-25,2026-04-06,pts,24.5,12.4675,12.0325,0.0375,0.041887859513079495,0.0,1.0
KXNBAPTS-26APR06NYKATL-NYKKTOWNS32-30,2026-04-06,pts,29.5,12.4675,17.0325,0.00925,0.012085888040373916,0.0,1.0
KXNBAPTS-26APR06NYKATL-NYKMBRIDGES25-10,2026-04-06,pts,9.5,8.937,0.5630000000000006,0.41075,0.39836624735370263,1.0,1.0
KXNBAPTS-26APR06NYKATL-NYKMBRIDGES25-15,2026-04-06,pts,14.5,8.937,5.563000000000001,0.13775,0.12062907763520392,1.0,1.0
KXNBAPTS-26APR06NYKATL-NYKMBRIDGES25-20,2026-04-06,pts,19.5,8.937,10.563,0.03225,0.027110488087943918,0.0,1.0
KXNBAPTS-26APR06NYKATL-NYKMBRIDGES25-25,2026-04-06,pts,24.5,8.937,15.563,0.006,0.004984551386927438,0.0,1.0
KXNBAPTS-26APR06NYKATL-NYKOANUNOBY8-10,2026-04-06,pts,9.5,11.89925,-2.3992500000000003,0.625,0.6150331205772943,1.0,1.0
KXNBAPTS-26APR06NYKATL-NYKOANUNOBY8-15,2026-04-06,pts,14.5,11.89925,2.6007499999999997,0.31225,0.29019361416542344,1.0,1.0
KXNBAPTS-26APR06NYKATL-NYKOANUNOBY8-20,2026-04-06,pts,19.5,11.89925,7.60075,0.11025,0.10623430597194927,1.0,1.0
KXNBAPTS-26APR06NYKATL-NYKOANUNOBY8-25,2026-04-06,pts,24.5,11.89925,12.60075,0.03025,0.0324595548017399,0.0,1.0
KXNBAREB-26APR06NYKATL-ATLDDANIELS5-10,2026-04-06,reb,9.5,4.76025,4.73975,0.03275,0.051967391819413455,1.0,1.0
KXNBAREB-26APR06NYKATL-ATLDDANIELS5-12,2026-04-06,reb,11.5,4.76025,6.73975,0.0085,0.015861491408843742,1.0,1.0
KXNBAREB-26APR06NYKATL-ATLDDANIELS5-6,2026-04-06,reb,5.5,4.76025,0.7397499999999999,0.3445,0.3471082281790797,1.0,1.0
KXNBAREB-26APR06NYKATL-ATLDDANIELS5-7,2026-04-06,reb,6.5,4.76025,1.73975,0.215,0.23200974867301005,1.0,1.0
KXNBAREB-26APR06NYKATL-ATLDDANIELS5-8,2026-04-06,reb,7.5,4.76025,2.73975,0.1265,0.14725414796541791,1.0,1.0
KXNBAREB-26APR06NYKATL-ATLJJOHNSON1-10,2026-04-06,reb,9.5,6.888,2.612,0.17525,0.20521145072918334,1.0,1.0
KXNBAREB-26APR06NYKATL-ATLJJOHNSON1-12,2026-04-06,reb,11.5,6.888,4.612,0.0575,0.09645821387510423,0.0,1.0
KXNBAREB-26APR06NYKATL-ATLJJOHNSON1-14,2026-04-06,reb,13.5,6.888,6.612,0.0195,0.04084479604797042,0.0,1.0
KXNBAREB-26APR06NYKATL-ATLJJOHNSON1-6,2026-04-06,reb,5.5,6.888,-1.388,0.659,0.6218778834951848,1.0,1.0
KXNBAREB-26APR06NYKATL-ATLJJOHNSON1-8,2026-04-06,reb,7.5,6.888,0.6120000000000001,0.38725,0.38503037838484644,1.0,1.0
KXNBAREB-26APR06NYKATL-ATLJKUMINGA0-10,2026-04-06,reb,9.5,3.568,5.932,0.00575,0.012700714639381716,0.0,1.0
KXNBAREB-26APR06NYKATL-ATLJKUMINGA0-2,2026-04-06,reb,1.5,3.568,-2.068,0.854,0.8291165976469688,1.0,1.0
KXNBAREB-26APR06NYKATL-ATLJKUMINGA0-4,2026-04-06,reb,3.5,3.568,-0.06800000000000006,0.47025,0.45952535225955216,1.0,1.0
KXNBAREB-26APR06NYKATL-ATLJKUMINGA0-6,2026-04-06,reb,5.5,3.568,1.932,0.1655,0.17796875338396012,0.0,1.0
KXNBAREB-26APR06NYKATL-ATLJKUMINGA0-8,2026-04-06,reb,7.5,3.568,3.932,0.0365,0.05260622940854209,0.0,1.0
KXNBAREB-26APR06NYKATL-ATLNALEXANDERWALKER7-10,2026-04-06,reb,9.5,2.62425,6.87575,0.001,0.0021006207691458556,0.0,1.0
KXNBAREB-26APR06NYKATL-ATLNALEXANDERWALKER7-2,2026-04-06,reb,1.5,2.62425,-1.12425,0.7235,0.7012226853790744,1.0,1.0
KXNBAREB-26APR06NYKATL-ATLNALEXANDERWALKER7-4,2026-04-06,reb,3.5,2.62425,0.87575,0.27375,0.2770803525156349,0.0,1.0
KXNBAREB-26APR06NYKATL-ATLNALEXANDERWALKER7-6,2026-04-06,reb,5.5,2.62425,2.87575,0.05275,0.07138984822322814,0.0,1.0
KXNBAREB-26APR06NYKATL-ATLNALEXANDERWALKER7-8,2026-04-06,reb,7.5,2.62425,4.87575,0.00975,0.013642709200527903,0.0,1.0
KXNBAREB-26APR06NYKATL-ATLOOKONGWU17-10,2026-04-06,reb,9.5,5.29975,4.20025,0.065,0.08151386826586449,0.0,1.0
KXNBAREB-26APR06NYKATL-ATLOOKONGWU17-12,2026-04-06,reb,11.5,5.29975,6.20025,0.01925,0.028444150567581428,0.0,1.0
KXNBAREB-26APR06NYKATL-ATLOOKONGWU17-4,2026-04-06,reb,3.5,5.29975,-1.7997500000000004,0.73925,0.7135138253537848,1.0,1.0
KXNBAREB-26APR06NYKATL-ATLOOKONGWU17-6,2026-04-06,reb,5.5,5.29975,0.2002499999999996,0.43325,0.42418056016809136,1.0,1.0
KXNBAREB-26APR06NYKATL-ATLOOKONGWU17-8,2026-04-06,reb,7.5,5.29975,2.2002499999999996,0.18475,0.2030006393107232,1.0,1.0
KXNBAREB-26APR06NYKATL-NYKJBRUNSON11-10,2026-04-06,reb,9.5,2.65575,6.844250000000001,0.0005,0.002264627579873224,0.0,1.0
KXNBAREB-26APR06NYKATL-NYKJBRUNSON11-2,2026-04-06,reb,1.5,2.65575,-1.1557499999999998,0.7275,0.7067304851075307,1.0,1.0
KXNBAREB-26APR06NYKATL-NYKJBRUNSON11-4,2026-04-06,reb,3.5,2.65575,0.8442500000000002,0.2835,0.28332964935339877,0.0,1.0
KXNBAREB-26APR06NYKATL-NYKJBRUNSON11-6,2026-04-06,reb,5.5,2.65575,2.84425,0.06125,0.07424072520969238,0.0,1.0
KXNBAREB-26APR06NYKATL-NYKJBRUNSON11-8,2026-04-06,reb,7.5,2.65575,4.844250000000001,0.005,0.014442179032247426,0.0,1.0
KXNBAREB-26APR06NYKATL-NYKJHART3-10,2026-04-06,reb,9.5,5.68175,3.81825,0.08475,0.10673369824257539,0.0,1.0
KXNBAREB-26APR06NYKATL-NYKJHART3-12,2026-04-06,reb,11.5,5.68175,5.81825,0.026,0.04047765297054651,0.0,1.0
KXNBAREB-26APR06NYKATL-NYKJHART3-4,2026-04-06,reb,3.5,5.68175,-2.18175,0.78875,0.7530856077731309,1.0,1.0
KXNBAREB-26APR06NYKATL-NYKJHART3-6,2026-04-06,reb,5.5,5.68175,-0.18175000000000008,0.4835,0.4764231826751748,0.0,1.0
KXNBAREB-26APR06NYKATL-NYKJHART3-8,2026-04-06,reb,7.5,5.68175,1.81825,0.233,0.24542584191517725,0.0,1.0
KXNBAREB-26APR06NYKATL-NYKKTOWNS32-10,2026-04-06,reb,9.5,8.24275,1.2572500000000009,0.33675,0.33469519522111624,1.0,1.0
KXNBAREB-26APR06NYKATL-NYKKTOWNS32-12,2026-04-06,reb,11.5,8.24275,3.257250000000001,0.1635,0.1879439846574833,1.0,1.0
KXNBAREB-26APR06NYKATL-NYKKTOWNS32-14,2026-04-06,reb,13.5,8.24275,5.257250000000001,0.06875,0.095851269001479,0.0,1.0
KXNBAREB-26APR06NYKATL-NYKKTOWNS32-16,2026-04-06,reb,15.5,8.24275,7.257250000000001,0.0255,0.045042853101015634,0.0,1.0
KXNBAREB-26APR06NYKATL-NYKKTOWNS32-8,2026-04-06,reb,7.5,8.24275,-0.7427499999999991,0.55325,0.5325472622234719,1.0,1.0
KXNBAREB-26APR06NYKATL-NYKMBRIDGES25-10,2026-04-06,reb,9.5,2.5615,6.9384999999999994,0.00025,0.0018012937955471653,0.0,1.0
KXNBAREB-26APR06NYKATL-NYKMBRIDGES25-2,2026-04-06,reb,1.5,2.5615,-1.0615,0.70125,0.6899519008101547,1.0,1.0
KXNBAREB-26APR06NYKATL-NYKMBRIDGES25-4,2026-04-06,reb,3.5,2.5615,0.9384999999999999,0.27075,0.26465459677818526,1.0,1.0
KXNBAREB-26APR06NYKATL-NYKMBRIDGES25-6,2026-04-06,reb,5.5,2.5615,2.9385,0.06,0.06588143276814407,0.0,1.0
KXNBAREB-26APR06NYKATL-NYKMBRIDGES25-8,2026-04-06,reb,7.5,2.5615,4.9384999999999994,0.00825,0.012141477475498097,0.0,1.0
KXNBAREB-26APR06NYKATL-NYKOANUNOBY8-2,2026-04-06,reb,1.5,3.935,-2.435,0.884,0.8622995379248901,1.0,1.0
KXNBAREB-26APR06NYKATL-NYKOANUNOBY8-4,2026-04-06,reb,3.5,3.935,-0.43500000000000005,0.5375,0.5237623003940268,1.0,1.0
KXNBAREB-26APR06NYKATL-NYKOANUNOBY8-5,2026-04-06,reb,4.5,3.935,0.565,0.3545,0.358617080690527,1.0,1.0
KXNBAREB-26APR06NYKATL-NYKOANUNOBY8-6,2026-04-06,reb,5.5,3.935,1.565,0.223,0.2280502996840078,0.0,1.0
KXNBAREB-26APR06NYKATL-NYKOANUNOBY8-8,2026-04-06,reb,7.5,3.935,3.565,0.06075,0.0766484232650777,0.0,1.0
KXNBAAST-26APR06NYKATL-ATLCMCCOLLUM3-10,2026-04-06,ast,9.5,2.661,6.839,0.00075,0.0021620037360509103,0.0,1.0
KXNBAAST-26APR06NYKATL-ATLCMCCOLLUM3-2,2026-04-06,ast,1.5,2.661,-1.161,0.7235,0.7093415850000688,1.0,1.0
KXNBAAST-26APR06NYKATL-ATLCMCCOLLUM3-4,2026-04-06,ast,3.5,2.661,0.839,0.285,0.2841170588886437,1.0,1.0
KXNBAAST-26APR06NYKATL-ATLCMCCOLLUM3-6,2026-04-06,ast,5.5,2.661,2.839,0.06125,0.07376606940833452,1.0,1.0
KXNBAAST-26APR06NYKATL-ATLCMCCOLLUM3-8,2026-04-06,ast,7.5,2.661,4.839,0.01025,0.014110891541051496,0.0,1.0
KXNBAAST-26APR06NYKATL-ATLJJOHNSON1-10,2026-04-06,ast,9.5,4.37525,5.12475,0.0265,0.03439160386176887,0.0,1.0
KXNBAAST-26APR06NYKATL-ATLJJOHNSON1-12,2026-04-06,ast,11.5,4.37525,7.12475,0.00475,0.009199670866512522,0.0,1.0
KXNBAAST-26APR06NYKATL-ATLJJOHNSON1-4,2026-04-06,ast,3.5,4.37525,-0.8752500000000003,0.608,0.5954374426477583,1.0,1.0
KXNBAAST-26APR06NYKATL-ATLJJOHNSON1-6,2026-04-06,ast,5.5,4.37525,1.1247499999999997,0.2805,0.29060686487998466,0.0,1.0
KXNBAAST-26APR06NYKATL-ATLJJOHNSON1-8,2026-04-06,ast,7.5,4.37525,3.1247499999999997,0.10275,0.1102652455349411,0.0,1.0
KXNBAAST-26APR06NYKATL-ATLNALEXANDERWALKER7-10,2026-04-06,ast,9.5,2.40775,7.09225,0.0,0.0011315435692428322,0.0,1.0
KXNBAAST-26APR06NYKATL-ATLNALEXANDERWALKER7-2,2026-04-06,ast,1.5,2.40775,-0.9077500000000001,0.678,0.6621146799135587,1.0,1.0
KXNBAAST-26APR06NYKATL-ATLNALEXANDERWALKER7-4,2026-04-06,ast,3.5,2.40775,1.09225,0.2285,0.23397537019378556,0.0,1.0
KXNBAAST-26APR06NYKATL-ATLNALEXANDERWALKER7-6,2026-04-06,ast,5.5,2.40775,3.09225,0.04525,0.052557416134769386,0.0,1.0
KXNBAAST-26APR06NYKATL-ATLNALEXANDERWALKER7-8,2026-04-06,ast,7.5,2.40775,5.09225,0.005,0.00863223223705456,0.0,1.0
KXNBAAST-26APR06NYKATL-ATLOOKONGWU17-2,2026-04-06,ast,1.5,1.8205,-0.3205,0.5305,0.5243338976318327,0.0,1.0
KXNBAAST-26APR06NYKATL-ATLOOKONGWU17-3,2026-04-06,ast,2.5,1.8205,0.6795,0.277,0.2778989533923012,0.0,1.0
KXNBAAST-26APR06NYKATL-ATLOOKONGWU17-4,2026-04-06,ast,3.5,1.8205,1.6795,0.1195,0.12621904974518283,0.0,1.0
KXNBAAST-26APR06NYKATL-ATLOOKONGWU17-6,2026-04-06,ast,5.5,1.8205,3.6795,0.016,0.01845093184131774,0.0,1.0
KXNBAAST-26APR06NYKATL-ATLOOKONGWU17-8,2026-04-06,ast,7.5,1.8205,5.6795,0.00125,0.0019385498391689682,0.0,1.0
KXNBAAST-26APR06NYKATL-NYKJBRUNSON11-10,2026-04-06,ast,9.5,4.8475,4.6525,0.032,0.05486952290414582,1.0,1.0
KXNBAAST-26APR06NYKATL-NYKJBRUNSON11-12,2026-04-06,ast,11.5,4.8475,6.6525,0.00575,0.016796316350869644,1.0,1.0
KXNBAAST-26APR06NYKATL-NYKJBRUNSON11-4,2026-04-06,ast,3.5,4.8475,-1.3475000000000001,0.7005,0.661605898127477,1.0,1.0
KXNBAAST-26APR06NYKATL-NYKJBRUNSON11-6,2026-04-06,ast,5.5,4.8475,0.6524999999999999,0.363,0.35975244478950086,1.0,1.0
KXNBAAST-26APR06NYKATL-NYKJBRUNSON11-8,2026-04-06,ast,7.5,4.8475,2.6525,0.13,0.15437404923817222,1.0,1.0
KXNBAAST-26APR06NYKATL-NYKJHART3-2,2026-04-06,ast,1.5,3.23325,-1.73325,0.81125,0.7936435392562484,1.0,1.0
KXNBAAST-26APR06NYKATL-NYKJHART3-4,2026-04-06,ast,3.5,3.23325,0.26675000000000004,0.40375,0.3972771195332946,0.0,1.0
KXNBAAST-26APR06NYKATL-NYKJHART3-5,2026-04-06,ast,4.5,3.23325,1.26675,0.232,0.241127932485098,0.0,1.0
KXNBAAST-26APR06NYKATL-NYKJHART3-6,2026-04-06,ast,5.5,3.23325,2.26675,0.12075,0.1346183779643645,0.0,1.0
KXNBAAST-26APR06NYKATL-NYKJHART3-8,2026-04-06,ast,7.5,3.23325,4.26675,0.02575,0.034206388732633264,0.0,1.0
KXNBA3PT-26APR06NYKATL-ATLCMCCOLLUM3-1,2026-04-06,fg3m,0.5,1.61625,-1.11625,0.7905,0.76915659928189,1.0,1.0
KXNBA3PT-26APR06NYKATL-ATLCMCCOLLUM3-2,2026-04-06,fg3m,1.5,1.61625,-0.11624999999999996,0.475,0.4612488712440388,1.0,1.0
KXNBA3PT-26APR06NYKATL-ATLCMCCOLLUM3-3,2026-04-06,fg3m,2.5,1.61625,0.88375,0.224,0.22899854962132815,1.0,1.0
KXNBA3PT-26APR06NYKATL-ATLCMCCOLLUM3-4,2026-04-06,fg3m,3.5,1.61625,1.88375,0.089,0.09868260696742581,0.0,1.0
KXNBA3PT-26APR06NYKATL-ATLCMCCOLLUM3-5,2026-04-06,fg3m,4.5,1.61625,2.88375,0.026,0.038149662353394675,0.0,1.0
KXNBA3PT-26APR06NYKATL-ATLJJOHNSON1-1,2026-04-06,fg3m,0.5,1.1215,-0.6214999999999999,0.6585,0.6487965502775083,1.0,1.0
KXNBA3PT-26APR06NYKATL-ATLJJOHNSON1-2,2026-04-06,fg3m,1.5,1.1215,0.37850000000000006,0.311,0.3053760232698538,1.0,1.0
KXNBA3PT-26APR06NYKATL-ATLJJOHNSON1-3,2026-04-06,fg3m,2.5,1.1215,1.3785,0.112,0.11547542331545246,1.0,1.0
KXNBA3PT-26APR06NYKATL-ATLJJOHNSON1-4,2026-04-06,fg3m,3.5,1.1215,2.3785,0.031,0.03736087709950087,0.0,1.0
KXNBA3PT-26APR06NYKATL-ATLJJOHNSON1-5,2026-04-06,fg3m,4.5,1.1215,3.3785,0.00675,0.010760333213220341,0.0,1.0
KXNBA3PT-26APR06NYKATL-ATLNALEXANDERWALKER7-1,2026-04-06,fg3m,0.5,2.124,-1.624,0.87425,0.8464837044461767,1.0,1.0
KXNBA3PT-26APR06NYKATL-ATLNALEXANDERWALKER7-2,2026-04-06,fg3m,1.5,2.124,-0.6240000000000001,0.61425,0.5913926484691328,1.0,1.0
KXNBA3PT-26APR06NYKATL-ATLNALEXANDERWALKER7-3,2026-04-06,fg3m,2.5,2.124,0.3759999999999999,0.357,0.351692341378108,1.0,1.0
KXNBA3PT-26APR06NYKATL-ATLNALEXANDERWALKER7-4,2026-04-06,fg3m,3.5,2.124,1.376,0.171,0.18414118089184583,1.0,1.0
KXNBA3PT-26APR06NYKATL-ATLNALEXANDERWALKER7-5,2026-04-06,fg3m,4.5,2.124,2.376,0.06925,0.08718414839886324,1.0,1.0
KXNBA3PT-26APR06NYKATL-NYKJBRUNSON11-1,2026-04-06,fg3m,0.5,1.59475,-1.09475,0.776,0.7650192820524853,1.0,1.0
KXNBA3PT-26APR06NYKATL-NYKJBRUNSON11-2,2026-04-06,fg3m,1.5,1.59475,-0.09474999999999989,0.4705,0.4550418623127158,1.0,1.0
KXNBA3PT-26APR06NYKATL-NYKJBRUNSON11-3,2026-04-06,fg3m,2.5,1.59475,0.9052500000000001,0.2165,0.2238031721856918,1.0,1.0
KXNBA3PT-26APR06NYKATL-NYKJBRUNSON11-4,2026-04-06,fg3m,3.5,1.59475,1.90525,0.08475,0.09548255692100516,0.0,1.0
KXNBA3PT-26APR06NYKATL-NYKJBRUNSON11-5,2026-04-06,fg3m,4.5,1.59475,2.90525,0.0295,0.03653234226267299,0.0,1.0
KXNBA3PT-26APR06NYKATL-NYKJHART3-1,2026-04-06,fg3m,0.5,0.97075,-0.47075,0.60425,0.5990046512556447,0.0,1.0
KXNBA3PT-26APR06NYKATL-NYKJHART3-2,2026-04-06,fg3m,1.5,0.97075,0.52925,0.25,0.25365582263703934,0.0,1.0
KXNBA3PT-26APR06NYKATL-NYKJHART3-3,2026-04-06,fg3m,2.5,0.97075,1.52925,0.0845,0.0854623069145688,0.0,1.0
KXNBA3PT-26APR06NYKATL-NYKJHART3-4,2026-04-06,fg3m,3.5,0.97075,2.52925,0.025,0.024527421195677968,0.0,1.0
KXNBA3PT-26APR06NYKATL-NYKJHART3-5,2026-04-06,fg3m,4.5,0.97075,3.52925,0.00575,0.006251647225359536,0.0,1.0
KXNBA3PT-26APR06NYKATL-NYKKTOWNS32-1,2026-04-06,fg3m,0.5,0.8745,-0.37450000000000006,0.577,0.5630485896927404,1.0,1.0
KXNBA3PT-26APR06NYKATL-NYKKTOWNS32-2,2026-04-06,fg3m,1.5,0.8745,0.6255,0.22175,0.22020999891880821,1.0,1.0
KXNBA3PT-26APR06NYKATL-NYKKTOWNS32-3,2026-04-06,fg3m,2.5,0.8745,1.6255,0.06075,0.06809260851857857,0.0,1.0
KXNBA3PT-26APR06NYKATL-NYKKTOWNS32-4,2026-04-06,fg3m,3.5,0.8745,2.6254999999999997,0.01275,0.01788453908962151,0.0,1.0
KXNBA3PT-26APR06NYKATL-NYKKTOWNS32-5,2026-04-06,fg3m,4.5,0.8745,3.6254999999999997,0.00175,0.004165578660666691,0.0,1.0
KXNBA3PT-26APR06NYKATL-NYKMBRIDGES25-1,2026-04-06,fg3m,0.5,1.1105,-0.6105,0.66,0.6454098384238299,0.0,1.0
KXNBA3PT-26APR06NYKATL-NYKMBRIDGES25-2,2026-04-06,fg3m,1.5,1.1105,0.38949999999999996,0.3045,0.30164659387574777,0.0,1.0
KXNBA3PT-26APR06NYKATL-NYKMBRIDGES25-3,2026-04-06,fg3m,2.5,1.1105,1.3895,0.11,0.11318415493536893,0.0,1.0
KXNBA3PT-26APR06NYKATL-NYKMBRIDGES25-4,2026-04-06,fg3m,3.5,1.1105,2.3895,0.02725,0.03632498931217498,0.0,1.0
KXNBA3PT-26APR06NYKATL-NYKMBRIDGES25-5,2026-04-06,fg3m,4.5,1.1105,3.3895,0.00725,0.010376053680114738,0.0,1.0
KXNBA3PT-26APR06NYKATL-NYKOANUNOBY8-1,2026-04-06,fg3m,0.5,1.7445,-1.2445,0.81375,0.7921896104910177,1.0,1.0
KXNBA3PT-26APR06NYKATL-NYKOANUNOBY8-2,2026-04-06,fg3m,1.5,1.7445,-0.24449999999999994,0.517,0.49710086862652036,1.0,1.0
KXNBA3PT-26APR06NYKATL-NYKOANUNOBY8-3,2026-04-06,fg3m,2.5,1.7445,0.7555000000000001,0.26275,0.2601432730553366,1.0,1.0
KXNBA3PT-26APR06NYKATL-NYKOANUNOBY8-4,2026-04-06,fg3m,3.5,1.7445,1.7555,0.10325,0.11859840792779996,1.0,1.0
KXNBA3PT-26APR06NYKATL-NYKOANUNOBY8-5,2026-04-06,fg3m,4.5,1.7445,2.7555,0.0355,0.04860282601859922,0.0,1.0
KXNBAPTS-26APR06PORDEN-DENAGORDON32-10,2026-04-06,pts,9.5,11.44425,-1.9442500000000003,0.59025,0.5864149128834726,1.0,1.0
KXNBAPTS-26APR06PORDEN-DENAGORDON32-15,2026-04-06,pts,14.5,11.44425,3.0557499999999997,0.28375,0.26236793526349333,1.0,1.0
KXNBAPTS-26APR06PORDEN-DENAGORDON32-20,2026-04-06,pts,19.5,11.44425,8.05575,0.09825,0.09046880514414246,1.0,1.0
KXNBAPTS-26APR06PORDEN-DENAGORDON32-25,2026-04-06,pts,24.5,11.44425,13.05575,0.02675,0.025956162776697544,0.0,1.0
KXNBAPTS-26APR06PORDEN-DENCBRAUN0-10,2026-04-06,pts,9.5,8.95475,0.5452499999999993,0.41125,0.39985406298765913,0.0,1.0
KXNBAPTS-26APR06PORDEN-DENCBRAUN0-15,2026-04-06,pts,14.5,8.95475,5.545249999999999,0.14125,0.12150416772299877,0.0,1.0
KXNBAPTS-26APR06PORDEN-DENCBRAUN0-20,2026-04-06,pts,19.5,8.95475,10.54525,0.03175,0.027410300627981554,0.0,1.0
KXNBAPTS-26APR06PORDEN-DENCBRAUN0-25,2026-04-06,pts,24.5,8.95475,15.54525,0.00475,0.005059308378924765,0.0,1.0
KXNBAPTS-26APR06PORDEN-DENCJOHNSON23-10,2026-04-06,pts,9.5,8.567,0.9329999999999998,0.38775,0.3670013167540326,1.0,1.0
KXNBAPTS-26APR06PORDEN-DENCJOHNSON23-15,2026-04-06,pts,14.5,8.567,5.933,0.1285,0.10299740811954483,1.0,1.0
KXNBAPTS-26APR06PORDEN-DENCJOHNSON23-20,2026-04-06,pts,19.5,8.567,10.933,0.031,0.02133333600918641,0.0,1.0
KXNBAPTS-26APR06PORDEN-DENCJOHNSON23-25,2026-04-06,pts,24.5,8.567,15.933,0.0065,0.0036060201914694945,0.0,1.0
KXNBAPTS-26APR06PORDEN-DENJMURRAY27-15,2026-04-06,pts,14.5,17.19525,-2.6952500000000015,0.61925,0.5845318475028671,1.0,1.0
KXNBAPTS-26APR06PORDEN-DENJMURRAY27-20,2026-04-06,pts,19.5,17.19525,2.3047499999999985,0.356,0.3406744911588814,1.0,1.0
KXNBAPTS-26APR06PORDEN-DENJMURRAY27-25,2026-04-06,pts,24.5,17.19525,7.3047499999999985,0.15475,0.17173235250542862,0.0,1.0
KXNBAPTS-26APR06PORDEN-DENJMURRAY27-30,2026-04-06,pts,29.5,17.19525,12.304749999999999,0.05925,0.07732970853285626,0.0,1.0
KXNBAPTS-26APR06PORDEN-DENJMURRAY27-35,2026-04-06,pts,34.5,17.19525,17.30475,0.01625,0.031869733836537795,0.0,1.0
KXNBAPTS-26APR06PORDEN-DENNJOKIC15-25,2026-04-06,pts,24.5,18.978,5.5219999999999985,0.2205,0.23709058677806505,1.0,1.0
KXNBAPTS-26APR06PORDEN-DENNJOKIC15-30,2026-04-06,pts,29.5,18.978,10.521999999999998,0.084,0.11951016490149247,1.0,1.0
KXNBAPTS-26APR06PORDEN-DENNJOKIC15-35,2026-04-06,pts,34.5,18.978,15.521999999999998,0.02325,0.05535064144763324,1.0,1.0
KXNBAPTS-26APR06PORDEN-DENNJOKIC15-40,2026-04-06,pts,39.5,18.978,20.522,0.0065,0.02394513831058842,0.0,1.0
KXNBAPTS-26APR06PORDEN-PORDAVDIJA8-20,2026-04-06,pts,19.5,13.56825,5.931749999999999,0.17825,0.17268904375128225,1.0,1.0
KXNBAPTS-26APR06PORDEN-PORDAVDIJA8-25,2026-04-06,pts,24.5,13.56825,10.93175,0.06075,0.0643012437201741,1.0,1.0
KXNBAPTS-26APR06PORDEN-PORDAVDIJA8-30,2026-04-06,pts,29.5,13.56825,15.93175,0.0165,0.021106122612272182,0.0,1.0
KXNBAPTS-26APR06PORDEN-PORDAVDIJA8-35,2026-04-06,pts,34.5,13.56825,20.93175,0.004,0.006291531274678297,0.0,1.0
KXNBAPTS-26APR06PORDEN-PORDCLINGAN23-10,2026-04-06,pts,9.5,7.2775,2.2225,0.2855,0.25500103922135586,1.0,1.0
KXNBAPTS-26APR06PORDEN-PORDCLINGAN23-15,2026-04-06,pts,14.5,7.2775,7.2225,0.06825,0.052041854438902524,1.0,1.0
KXNBAPTS-26APR06PORDEN-PORDCLINGAN23-20,2026-04-06,pts,19.5,7.2775,12.2225,0.0115,0.007686704195216443,0.0,1.0
KXNBAPTS-26APR06PORDEN-PORDCLINGAN23-25,2026-04-06,pts,24.5,7.2775,17.2225,0.001,0.0009187616962874623,0.0,1.0
KXNBAPTS-26APR06PORDEN-PORJHOLIDAY5-15,2026-04-06,pts,14.5,10.8,3.6999999999999993,0.23825,0.2234987442537314,1.0,1.0
KXNBAPTS-26APR06PORDEN-PORJHOLIDAY5-20,2026-04-06,pts,19.5,10.8,8.7,0.078,0.07023883093947825,0.0,1.0
KXNBAPTS-26APR06PORDEN-PORJHOLIDAY5-25,2026-04-06,pts,24.5,10.8,13.7,0.02025,0.018286457374179887,0.0,1.0
KXNBAPTS-26APR06PORDEN-PORJHOLIDAY5-30,2026-04-06,pts,29.5,10.8,18.7,0.00325,0.004155437511531135,0.0,1.0
KXNBAPTS-26APR06PORDEN-PORTCAMARA33-10,2026-04-06,pts,9.5,8.6195,0.8804999999999996,0.3865,0.37148927375284513,1.0,1.0
KXNBAPTS-26APR06PORDEN-PORTCAMARA33-15,2026-04-06,pts,14.5,8.6195,5.8805,0.1335,0.10542592310874921,1.0,1.0
KXNBAPTS-26APR06PORDEN-PORTCAMARA33-20,2026-04-06,pts,19.5,8.6195,10.8805,0.03025,0.022098812079050623,1.0,1.0
KXNBAPTS-26APR06PORDEN-PORTCAMARA33-25,2026-04-06,pts,24.5,8.6195,15.8805,0.00675,0.0037816235386792796,1.0,1.0
KXNBAREB-26APR06PORDEN-DENAGORDON32-10,2026-04-06,reb,9.5,4.0085,5.4915,0.01575,0.023216596127186184,0.0,1.0
KXNBAREB-26APR06PORDEN-DENAGORDON32-2,2026-04-06,reb,1.5,4.0085,-2.5084999999999997,0.88875,0.8681001583871258,1.0,1.0
KXNBAREB-26APR06PORDEN-DENAGORDON32-4,2026-04-06,reb,3.5,4.0085,-0.5084999999999997,0.54425,0.5359904705959693,1.0,1.0
KXNBAREB-26APR06PORDEN-DENAGORDON32-6,2026-04-06,reb,5.5,4.0085,1.4915000000000003,0.2355,0.2384149699614697,1.0,1.0
KXNBAREB-26APR06PORDEN-DENAGORDON32-8,2026-04-06,reb,7.5,4.0085,3.4915000000000003,0.07225,0.08204897914382214,1.0,1.0
KXNBAREB-26APR06PORDEN-DENCJOHNSON23-10,2026-04-06,reb,9.5,2.6495,6.8505,0.002,0.0022313294303377695,0.0,1.0
KXNBAREB-26APR06PORDEN-DENCJOHNSON23-2,2026-04-06,reb,1.5,2.6495,-1.1495000000000002,0.71975,0.7056455396571082,1.0,1.0
KXNBAREB-26APR06PORDEN-DENCJOHNSON23-4,2026-04-06,reb,3.5,2.6495,0.8504999999999998,0.28425,0.28208924928293566,1.0,1.0
KXNBAREB-26APR06PORDEN-DENCJOHNSON23-6,2026-04-06,reb,5.5,2.6495,2.8505,0.06325,0.0736705642587352,1.0,1.0
KXNBAREB-26APR06PORDEN-DENCJOHNSON23-8,2026-04-06,reb,7.5,2.6495,4.8505,0.01,0.014281078515212764,0.0,1.0
KXNBAREB-26APR06PORDEN-DENNJOKIC15-10,2026-04-06,reb,9.5,8.72025,0.7797499999999999,0.38625,0.3812250280120767,1.0,1.0
KXNBAREB-26APR06PORDEN-DENNJOKIC15-12,2026-04-06,reb,11.5,8.72025,2.77975,0.18725,0.2252763574415062,1.0,1.0
KXNBAREB-26APR06PORDEN-DENNJOKIC15-14,2026-04-06,reb,13.5,8.72025,4.77975,0.078,0.12126001132151965,1.0,1.0
KXNBAREB-26APR06PORDEN-DENNJOKIC15-16,2026-04-06,reb,15.5,8.72025,6.77975,0.02675,0.060258308814919004,0.0,1.0
KXNBAREB-26APR06PORDEN-DENNJOKIC15-18,2026-04-06,reb,17.5,8.72025,8.77975,0.0095,0.027962870102421156,0.0,1.0
KXNBAREB-26APR06PORDEN-PORDAVDIJA8-10,2026-04-06,reb,9.5,5.135,4.365,0.058,0.07171267851483543,0.0,1.0
KXNBAREB-26APR06PORDEN-PORDAVDIJA8-12,2026-04-06,reb,11.5,5.135,6.365,0.01625,0.024073953760045397,0.0,1.0
KXNBAREB-26APR06PORDEN-PORDAVDIJA8-6,2026-04-06,reb,5.5,5.135,0.3650000000000002,0.407,0.4009682014518582,0.0,1.0
KXNBAREB-26APR06PORDEN-PORDAVDIJA8-7,2026-04-06,reb,6.5,5.135,1.3650000000000002,0.278,0.27949823800541773,0.0,1.0
KXNBAREB-26APR06PORDEN-PORDAVDIJA8-8,2026-04-06,reb,7.5,5.135,2.365,0.18125,0.18536643605434389,0.0,1.0
KXNBAREB-26APR06PORDEN-PORDCLINGAN23-10,2026-04-06,reb,9.5,7.895,1.6050000000000004,0.2975,0.30072256408744447,1.0,1.0
KXNBAREB-26APR06PORDEN-PORDCLINGAN23-12,2026-04-06,reb,11.5,7.895,3.6050000000000004,0.14075,0.16214532409735816,1.0,1.0
KXNBAREB-26APR06PORDEN-PORDCLINGAN23-14,2026-04-06,reb,13.5,7.895,5.605,0.0555,0.079234152940578,0.0,1.0
KXNBAREB-26APR06PORDEN-PORDCLINGAN23-16,2026-04-06,reb,15.5,7.895,7.605,0.01725,0.03562687374022999,0.0,1.0
KXNBAREB-26APR06PORDEN-PORDCLINGAN23-8,2026-04-06,reb,7.5,7.895,-0.3949999999999996,0.50625,0.496656627735071,1.0,1.0
KXNBAREB-26APR06PORDEN-PORJHOLIDAY5-2,2026-04-06,reb,1.5,3.48075,-1.98075,0.847,0.8200794952442376,1.0,1.0
KXNBAREB-26APR06PORDEN-PORJHOLIDAY5-4,2026-04-06,reb,3.5,3.48075,0.01924999999999999,0.45325,0.44353177887311046,1.0,1.0
KXNBAREB-26APR06PORDEN-PORJHOLIDAY5-5,2026-04-06,reb,4.5,3.48075,1.01925,0.276,0.28275733066763054,1.0,1.0
KXNBAREB-26APR06PORDEN-PORJHOLIDAY5-6,2026-04-06,reb,5.5,3.48075,2.01925,0.15475,0.16658744653135382,1.0,1.0
KXNBAREB-26APR06PORDEN-PORJHOLIDAY5-8,2026-04-06,reb,7.5,3.48075,4.0192499999999995,0.03725,0.04762712721185791,0.0,1.0
KXNBAAST-26APR06PORDEN-DENAGORDON32-10,2026-04-06,ast,9.5,2.0255,7.4745,0.0,0.0003470181235724068,0.0,1.0
KXNBAAST-26APR06PORDEN-DENAGORDON32-2,2026-04-06,ast,1.5,2.0255,-0.5255000000000001,0.58675,0.5771967208804114,1.0,1.0
KXNBAAST-26APR06PORDEN-DENAGORDON32-4,2026-04-06,ast,3.5,2.0255,1.4745,0.158,0.16174472825638664,1.0,1.0
KXNBAAST-26APR06PORDEN-DENAGORDON32-6,2026-04-06,ast,5.5,2.0255,3.4745,0.0225,0.027967387246933706,0.0,1.0
KXNBAAST-26APR06PORDEN-DENAGORDON32-8,2026-04-06,ast,7.5,2.0255,5.4745,0.0015,0.0034962660061489403,0.0,1.0
KXNBAAST-26APR06PORDEN-DENJMURRAY27-10,2026-04-06,ast,9.5,4.51575,4.98425,0.02275,0.03987886123675799,0.0,1.0
KXNBAAST-26APR06PORDEN-DENJMURRAY27-12,2026-04-06,ast,11.5,4.51575,6.98425,0.004,0.011127020344607996,0.0,1.0
KXNBAAST-26APR06PORDEN-DENJMURRAY27-6,2026-04-06,ast,5.5,4.51575,0.9842500000000003,0.30775,0.3111797262439553,1.0,1.0
KXNBAAST-26APR06PORDEN-DENJMURRAY27-7,2026-04-06,ast,6.5,4.51575,1.9842500000000003,0.17725,0.20083401855240357,1.0,1.0
KXNBAAST-26APR06PORDEN-DENJMURRAY27-8,2026-04-06,ast,7.5,4.51575,2.9842500000000003,0.0975,0.12272931562392186,0.0,1.0
KXNBAAST-26APR06PORDEN-DENNJOKIC15-10,2026-04-06,ast,9.5,6.961,2.5389999999999997,0.177,0.21028165855159353,1.0,1.0
KXNBAAST-26APR06PORDEN-DENNJOKIC15-11,2026-04-06,ast,10.5,6.961,3.5389999999999997,0.10675,0.14620866823704592,1.0,1.0
KXNBAAST-26APR06PORDEN-DENNJOKIC15-12,2026-04-06,ast,11.5,6.961,4.539,0.05925,0.09870585755446426,1.0,1.0
KXNBAAST-26APR06PORDEN-DENNJOKIC15-14,2026-04-06,ast,13.5,6.961,6.539,0.01725,0.041593449510961666,0.0,1.0
KXNBAAST-26APR06PORDEN-DENNJOKIC15-16,2026-04-06,ast,15.5,6.961,8.539,0.00475,0.016013742139279308,0.0,1.0
KXNBAAST-26APR06PORDEN-PORDAVDIJA8-10,2026-04-06,ast,9.5,3.8635,5.6365,0.011,0.018568436428342272,0.0,1.0
KXNBAAST-26APR06PORDEN-PORDAVDIJA8-12,2026-04-06,ast,11.5,3.8635,7.6365,0.0015,0.0041868485279635825,0.0,1.0
KXNBAAST-26APR06PORDEN-PORDAVDIJA8-6,2026-04-06,ast,5.5,3.8635,1.6364999999999998,0.209,0.2171363332831001,1.0,1.0
KXNBAAST-26APR06PORDEN-PORDAVDIJA8-7,2026-04-06,ast,6.5,3.8635,2.6365,0.10825,0.1272071263384279,1.0,1.0
KXNBAAST-26APR06PORDEN-PORDAVDIJA8-8,2026-04-06,ast,7.5,3.8635,3.6365,0.05225,0.07031737712186148,0.0,1.0
KXNBAAST-26APR06PORDEN-PORDCLINGAN23-10,2026-04-06,ast,9.5,1.35525,8.14475,0.0,1.7028386910089566e-05,0.0,1.0
KXNBAAST-26APR06PORDEN-PORDCLINGAN23-2,2026-04-06,ast,1.5,1.35525,0.14474999999999993,0.38925,0.3851216480556896,0.0,1.0
KXNBAAST-26APR06PORDEN-PORDCLINGAN23-4,2026-04-06,ast,3.5,1.35525,2.14475,0.05375,0.059122065452111294,0.0,1.0
KXNBAAST-26APR06PORDEN-PORDCLINGAN23-6,2026-04-06,ast,5.5,1.35525,4.14475,0.0025,0.005316213163942596,0.0,1.0
KXNBAAST-26APR06PORDEN-PORDCLINGAN23-8,2026-04-06,ast,7.5,1.35525,6.14475,0.00025,0.0003391336682871948,0.0,1.0
KXNBAAST-26APR06PORDEN-PORJHOLIDAY5-10,2026-04-06,ast,9.5,3.70075,5.79925,0.00675,0.01481932259383234,1.0,1.0
KXNBAAST-26APR06PORDEN-PORJHOLIDAY5-12,2026-04-06,ast,11.5,3.70075,7.79925,0.0005,0.00314418660442517,0.0,1.0
KXNBAAST-26APR06PORDEN-PORJHOLIDAY5-6,2026-04-06,ast,5.5,3.70075,1.7992499999999998,0.18575,0.1947041828350854,1.0,1.0
KXNBAAST-26APR06PORDEN-PORJHOLIDAY5-7,2026-04-06,ast,6.5,3.70075,2.79925,0.0985,0.11090855751847895,1.0,1.0
KXNBAAST-26APR06PORDEN-PORJHOLIDAY5-8,2026-04-06,ast,7.5,3.70075,3.79925,0.04325,0.05956021969685099,1.0,1.0
KXNBA3PT-26APR06PORDEN-DENAGORDON32-1,2026-04-06,fg3m,0.5,1.137,-0.637,0.6655,0.6535068199775411,1.0,1.0
KXNBA3PT-26APR06PORDEN-DENAGORDON32-2,2026-04-06,fg3m,1.5,1.137,0.363,0.31325,0.31061655116136777,1.0,1.0
KXNBA3PT-26APR06PORDEN-DENAGORDON32-3,2026-04-06,fg3m,2.5,1.137,1.363,0.1145,0.11872836462476044,1.0,1.0
KXNBA3PT-26APR06PORDEN-DENAGORDON32-4,2026-04-06,fg3m,3.5,1.137,2.363,0.02975,0.0388467549037842,1.0,1.0
KXNBA3PT-26APR06PORDEN-DENAGORDON32-5,2026-04-06,fg3m,4.5,1.137,3.363,0.01175,0.011317249926165451,0.0,1.0
KXNBA3PT-26APR06PORDEN-DENJMURRAY27-2,2026-04-06,fg3m,1.5,2.1125,-0.6124999999999998,0.62125,0.5887893069307228,1.0,1.0
KXNBA3PT-26APR06PORDEN-DENJMURRAY27-3,2026-04-06,fg3m,2.5,2.1125,0.3875000000000002,0.35325,0.3489685184931466,1.0,1.0
KXNBA3PT-26APR06PORDEN-DENJMURRAY27-4,2026-04-06,fg3m,3.5,2.1125,1.3875000000000002,0.165,0.18204403938007752,0.0,1.0
KXNBA3PT-26APR06PORDEN-DENJMURRAY27-5,2026-04-06,fg3m,4.5,2.1125,2.3875,0.06675,0.08585928111104879,0.0,1.0
KXNBA3PT-26APR06PORDEN-DENJMURRAY27-6,2026-04-06,fg3m,5.5,2.1125,3.3875,0.0225,0.03735095108874975,0.0,1.0
KXNBA3PT-26APR06PORDEN-DENNJOKIC15-1,2026-04-06,fg3m,0.5,1.1795,-0.6795,0.685,0.6660597521407111,1.0,1.0
KXNBA3PT-26APR06PORDEN-DENNJOKIC15-2,2026-04-06,fg3m,1.5,1.1795,0.3205,0.32775,0.3248925148734173,0.0,1.0
KXNBA3PT-26APR06PORDEN-DENNJOKIC15-3,2026-04-06,fg3m,2.5,1.1795,1.3205,0.11975,0.12778713358998162,0.0,1.0
KXNBA3PT-26APR06PORDEN-DENNJOKIC15-4,2026-04-06,fg3m,3.5,1.1795,2.3205,0.03725,0.04307704518010569,0.0,1.0
KXNBA3PT-26APR06PORDEN-DENNJOKIC15-5,2026-04-06,fg3m,4.5,1.1795,3.3205,0.00825,0.012938324500055276,0.0,1.0
KXNBA3PT-26APR06PORDEN-PORDAVDIJA8-1,2026-04-06,fg3m,0.5,1.04575,-0.54575,0.64,0.6247097520384184,1.0,1.0
KXNBA3PT-26APR06PORDEN-PORDAVDIJA8-2,2026-04-06,fg3m,1.5,1.04575,0.45425000000000004,0.28575,0.27953639519938367,0.0,1.0
KXNBA3PT-26APR06PORDEN-PORDAVDIJA8-3,2026-04-06,fg3m,2.5,1.04575,1.45425,0.09175,0.10000522477193852,0.0,1.0
KXNBA3PT-26APR06PORDEN-PORDAVDIJA8-4,2026-04-06,fg3m,3.5,1.04575,2.45425,0.023,0.03054311831973222,0.0,1.0
KXNBA3PT-26APR06PORDEN-PORDAVDIJA8-5,2026-04-06,fg3m,4.5,1.04575,3.45425,0.00425,0.008294191827293518,0.0,1.0
KXNBAPTS-26APR06CLEMEM-CLEDSCHRODER8-10,2026-04-06,pts,9.5,5.7615,3.7385,0.1625,0.13156976699438616,1.0,1.0
KXNBAPTS-26APR06CLEMEM-CLEDSCHRODER8-15,2026-04-06,pts,14.5,5.7615,8.7385,0.0255,0.01588032062115452,1.0,1.0
KXNBAPTS-26APR06CLEMEM-CLEDSCHRODER8-20,2026-04-06,pts,19.5,5.7615,13.7385,0.00275,0.0013560835108835656,1.0,1.0
KXNBAPTS-26APR06CLEMEM-CLEDSCHRODER8-25,2026-04-06,pts,24.5,5.7615,18.738500000000002,0.0,9.281570665431449e-05,0.0,1.0
KXNBAPTS-26APR06CLEMEM-CLEEMOBLEY4-15,2026-04-06,pts,14.5,11.94175,2.5582499999999992,0.301,0.29279930739744153,1.0,1.0
KXNBAPTS-26APR06CLEMEM-CLEEMOBLEY4-20,2026-04-06,pts,19.5,11.94175,7.558249999999999,0.1025,0.10776525954120597,1.0,1.0
KXNBAPTS-26APR06CLEMEM-CLEEMOBLEY4-25,2026-04-06,pts,24.5,11.94175,12.55825,0.02425,0.033114200775239744,0.0,1.0
KXNBAPTS-26APR06CLEMEM-CLEEMOBLEY4-30,2026-04-06,pts,29.5,11.94175,17.55825,0.00475,0.008917470101722613,0.0,1.0
KXNBAPTS-26APR06CLEMEM-CLEEMOBLEY4-35,2026-04-06,pts,34.5,11.94175,22.55825,0.00025,0.002173485232357053,0.0,1.0
KXNBAPTS-26APR06CLEMEM-CLEJALLEN31-10,2026-04-06,pts,9.5,9.85325,-0.3532499999999992,0.48625,0.47263387641255605,1.0,1.0
KXNBAPTS-26APR06CLEMEM-CLEJALLEN31-15,2026-04-06,pts,14.5,9.85325,4.646750000000001,0.18375,0.16881174881976224,0.0,1.0
KXNBAPTS-26APR06CLEMEM-CLEJALLEN31-20,2026-04-06,pts,19.5,9.85325,9.64675,0.04825,0.04537614429751402,0.0,1.0
KXNBAPTS-26APR06CLEMEM-CLEJALLEN31-25,2026-04-06,pts,24.5,9.85325,14.64675,0.008,0.01003970783294239,0.0,1.0
KXNBAPTS-26APR06CLEMEM-CLEJALLEN31-30,2026-04-06,pts,29.5,9.85325,19.64675,0.00125,0.001932481225913829,0.0,1.0
KXNBAPTS-26APR06CLEMEM-MEMCCOWARD23-10,2026-04-06,pts,9.5,7.98825,1.5117500000000001,0.343,0.3169382345360091,1.0,1.0
KXNBAPTS-26APR06CLEMEM-MEMCCOWARD23-15,2026-04-06,pts,14.5,7.98825,6.51175,0.09075,0.07797338704487333,0.0,1.0
KXNBAPTS-26APR06CLEMEM-MEMCCOWARD23-20,2026-04-06,pts,19.5,7.98825,11.51175,0.01325,0.01403371082199878,0.0,1.0
KXNBAPTS-26APR06CLEMEM-MEMCCOWARD23-25,2026-04-06,pts,24.5,7.98825,16.51175,0.00175,0.002053433847923003,0.0,1.0
KXNBAREB-26APR06CLEMEM-CLEEMOBLEY4-10,2026-04-06,reb,9.5,5.94125,3.55875,0.09675,0.1257150650466965,0.0,1.0
KXNBAREB-26APR06CLEMEM-CLEEMOBLEY4-12,2026-04-06,reb,11.5,5.94125,5.55875,0.0285,0.05021484559781586,0.0,1.0
KXNBAREB-26APR06CLEMEM-CLEEMOBLEY4-14,2026-04-06,reb,13.5,5.94125,7.55875,0.006,0.017971349443319573,0.0,1.0
KXNBAREB-26APR06CLEMEM-CLEEMOBLEY4-6,2026-04-06,reb,5.5,5.94125,-0.44125000000000014,0.534,0.5103983512479693,1.0,1.0
KXNBAREB-26APR06CLEMEM-CLEEMOBLEY4-8,2026-04-06,reb,7.5,5.94125,1.5587499999999999,0.25625,0.2751133927884165,0.0,1.0
KXNBAREB-26APR06CLEMEM-CLEJALLEN31-10,2026-04-06,reb,9.5,5.60025,3.89975,0.076,0.10107146186674598,0.0,1.0
KXNBAREB-26APR06CLEMEM-CLEJALLEN31-12,2026-04-06,reb,11.5,5.60025,5.89975,0.02775,0.037682572072958886,0.0,1.0
KXNBAREB-26APR06CLEMEM-CLEJALLEN31-14,2026-04-06,reb,13.5,5.60025,7.89975,0.00825,0.01256420607890496,0.0,1.0
KXNBAREB-26APR06CLEMEM-CLEJALLEN31-6,2026-04-06,reb,5.5,5.60025,-0.10024999999999995,0.484,0.46548593208962674,1.0,1.0
KXNBAREB-26APR06CLEMEM-CLEJALLEN31-8,2026-04-06,reb,7.5,5.60025,1.89975,0.21925,0.23622494392782667,1.0,1.0
KXNBAAST-26APR06CLEMEM-CLEDSCHRODER8-10,2026-04-06,ast,9.5,2.5125,6.9875,0.0005,0.0014958124383245286,1.0,1.0
KXNBAAST-26APR06CLEMEM-CLEDSCHRODER8-12,2026-04-06,ast,11.5,2.5125,8.9875,0.0,0.00017709424965606235,0.0,1.0
KXNBAAST-26APR06CLEMEM-CLEDSCHRODER8-4,2026-04-06,ast,3.5,2.5125,0.9874999999999998,0.24425,0.25459712146333024,1.0,1.0
KXNBAAST-26APR06CLEMEM-CLEDSCHRODER8-6,2026-04-06,ast,5.5,2.5125,2.9875,0.05375,0.06086540245561611,1.0,1.0
KXNBAAST-26APR06CLEMEM-CLEDSCHRODER8-8,2026-04-06,ast,7.5,2.5125,4.9875,0.007,0.010672763285110909,1.0,1.0
KXNBAPTS-26APR06DETORL-DETATHOMPSON9-10,2026-04-06,pts,9.5,6.84525,2.65475,0.23675,0.21793844296084297,0.0,1.0
KXNBAPTS-26APR06DETORL-DETATHOMPSON9-15,2026-04-06,pts,14.5,6.84525,7.65475,0.0475,0.03906047961304737,0.0,1.0
KXNBAPTS-26APR06DETORL-DETATHOMPSON9-20,2026-04-06,pts,19.5,6.84525,12.65475,0.005,0.005033695098226598,0.0,1.0
KXNBAPTS-26APR06DETORL-DETATHOMPSON9-25,2026-04-06,pts,24.5,6.84525,17.65475,0.0005,0.000523487829794389,0.0,1.0
KXNBAPTS-26APR06DETORL-ORLDBANE3-15,2026-04-06,pts,14.5,13.55575,0.9442500000000003,0.411,0.3907780951750828,1.0,1.0
KXNBAPTS-26APR06DETORL-ORLDBANE3-20,2026-04-06,pts,19.5,13.55575,5.94425,0.161,0.1721501646581245,1.0,1.0
KXNBAPTS-26APR06DETORL-ORLDBANE3-25,2026-04-06,pts,24.5,13.55575,10.94425,0.05075,0.06401647753430173,1.0,1.0
KXNBAPTS-26APR06DETORL-ORLDBANE3-30,2026-04-06,pts,29.5,13.55575,15.94425,0.01225,0.02098412783202397,0.0,1.0
KXNBAPTS-26APR06DETORL-ORLJSUGGS4-10,2026-04-06,pts,9.5,10.42375,-0.9237500000000001,0.5305,0.5158267211888845,1.0,1.0
KXNBAPTS-26APR06DETORL-ORLJSUGGS4-15,2026-04-06,pts,14.5,10.42375,4.07625,0.219,0.20132042890911395,0.0,1.0
KXNBAPTS-26APR06DETORL-ORLJSUGGS4-20,2026-04-06,pts,19.5,10.42375,9.07625,0.062,0.05964184048022636,0.0,1.0
KXNBAPTS-26APR06DETORL-ORLJSUGGS4-25,2026-04-06,pts,24.5,10.42375,14.07625,0.01525,0.014600113481241572,0.0,1.0
KXNBAPTS-26APR06DETORL-ORLPBANCHERO5-15,2026-04-06,pts,14.5,14.7965,-0.2965,0.4795,0.4622852196369598,1.0,1.0
KXNBAPTS-26APR06DETORL-ORLPBANCHERO5-20,2026-04-06,pts,19.5,14.7965,4.7035,0.21675,0.22770773660406496,1.0,1.0
KXNBAPTS-26APR06DETORL-ORLPBANCHERO5-25,2026-04-06,pts,24.5,14.7965,9.7035,0.07675,0.09547834566031266,1.0,1.0
KXNBAPTS-26APR06DETORL-ORLPBANCHERO5-30,2026-04-06,pts,29.5,14.7965,14.7035,0.0245,0.035449243686784815,1.0,1.0
KXNBAPTS-26APR06DETORL-ORLWCARTER34-10,2026-04-06,pts,9.5,8.417,1.0830000000000002,0.3765,0.3541202360088075,1.0,1.0
KXNBAPTS-26APR06DETORL-ORLWCARTER34-15,2026-04-06,pts,14.5,8.417,6.083,0.1085,0.09619899845292335,0.0,1.0
KXNBAPTS-26APR06DETORL-ORLWCARTER34-20,2026-04-06,pts,19.5,8.417,11.083,0.01625,0.019243050954608543,0.0,1.0
KXNBAREB-26APR06DETORL-DETATHOMPSON9-10,2026-04-06,reb,9.5,4.433,5.067,0.02725,0.03768544977072852,0.0,1.0
KXNBAREB-26APR06DETORL-DETATHOMPSON9-2,2026-04-06,reb,1.5,4.433,-2.933,0.9125,0.8969646360659919,1.0,1.0
KXNBAREB-26APR06DETORL-DETATHOMPSON9-4,2026-04-06,reb,3.5,4.433,-0.9329999999999998,0.6205,0.6021639003027075,0.0,1.0
KXNBAREB-26APR06DETORL-DETATHOMPSON9-6,2026-04-06,reb,5.5,4.433,1.0670000000000002,0.30125,0.299511783747198,0.0,1.0
KXNBAREB-26APR06DETORL-DETATHOMPSON9-8,2026-04-06,reb,7.5,4.433,3.067,0.0925,0.11678255809776594,0.0,1.0
KXNBAREB-26APR06DETORL-ORLJSUGGS4-2,2026-04-06,reb,1.5,3.3085,-1.8085,0.84275,0.8007776281950267,1.0,1.0
KXNBAREB-26APR06DETORL-ORLJSUGGS4-4,2026-04-06,reb,3.5,3.3085,0.1915,0.4105,0.4112482384675573,1.0,1.0
KXNBAREB-26APR06DETORL-ORLJSUGGS4-5,2026-04-06,reb,4.5,3.3085,1.1915,0.2365,0.25414370172734524,1.0,1.0
KXNBAREB-26APR06DETORL-ORLJSUGGS4-6,2026-04-06,reb,5.5,3.3085,2.1915,0.11575,0.1448677267518611,1.0,1.0
KXNBAREB-26APR06DETORL-ORLJSUGGS4-8,2026-04-06,reb,7.5,3.3085,4.1915,0.0285,0.03864042491560038,0.0,1.0
KXNBAREB-26APR06DETORL-ORLPBANCHERO5-10,2026-04-06,reb,9.5,5.906,3.5940000000000003,0.088,0.1230546307000665,0.0,1.0
KXNBAREB-26APR06DETORL-ORLPBANCHERO5-12,2026-04-06,reb,11.5,5.906,5.594,0.024,0.04881702702659663,0.0,1.0
KXNBAREB-26APR06DETORL-ORLPBANCHERO5-4,2026-04-06,reb,3.5,5.906,-2.4059999999999997,0.82525,0.7738790617691426,1.0,1.0
KXNBAREB-26APR06DETORL-ORLPBANCHERO5-6,2026-04-06,reb,5.5,5.906,-0.4059999999999997,0.52825,0.5058625133210697,0.0,1.0
KXNBAREB-26APR06DETORL-ORLPBANCHERO5-8,2026-04-06,reb,7.5,5.906,1.5940000000000003,0.25575,0.2710518370873837,0.0,1.0
KXNBAREB-26APR06DETORL-ORLWCARTER34-10,2026-04-06,reb,9.5,5.65175,3.84825,0.08225,0.10463226507723145,0.0,1.0
KXNBAREB-26APR06DETORL-ORLWCARTER34-12,2026-04-06,reb,11.5,5.65175,5.84825,0.0235,0.039434248964144936,0.0,1.0
KXNBAREB-26APR06DETORL-ORLWCARTER34-6,2026-04-06,reb,5.5,5.65175,-0.15174999999999983,0.48275,0.47241135634881537,0.0,1.0
KXNBAREB-26APR06DETORL-ORLWCARTER34-7,2026-04-06,reb,6.5,5.65175,0.8482500000000002,0.337,0.3461842765925155,0.0,1.0
KXNBAREB-26APR06DETORL-ORLWCARTER34-8,2026-04-06,reb,7.5,5.65175,1.8482500000000002,0.22,0.2420310245338334,0.0,1.0
KXNBAAST-26APR06DETORL-DETATHOMPSON9-2,2026-04-06,ast,1.5,2.09525,-0.5952500000000001,0.59975,0.5939917994437647,1.0,1.0
KXNBAAST-26APR06DETORL-DETATHOMPSON9-3,2026-04-06,ast,2.5,2.09525,0.40474999999999994,0.348,0.3462096039346507,1.0,1.0
KXNBAAST-26APR06DETORL-DETATHOMPSON9-4,2026-04-06,ast,3.5,2.09525,1.40475,0.175,0.17443735810922956,1.0,1.0
KXNBAAST-26APR06DETORL-DETATHOMPSON9-6,2026-04-06,ast,5.5,2.09525,3.40475,0.0265,0.03178151979634003,1.0,1.0
KXNBAAST-26APR06DETORL-DETATHOMPSON9-8,2026-04-06,ast,7.5,2.09525,5.40475,0.00275,0.004194916899353807,0.0,1.0
KXNBAAST-26APR06DETORL-ORLJSUGGS4-10,2026-04-06,ast,9.5,3.799,5.7010000000000005,0.0075,0.01701302682986905,1.0,1.0
KXNBAAST-26APR06DETORL-ORLJSUGGS4-2,2026-04-06,ast,1.5,3.799,-2.299,0.87575,0.8528563041816439,1.0,1.0
KXNBAAST-26APR06DETORL-ORLJSUGGS4-4,2026-04-06,ast,3.5,3.799,-0.29899999999999993,0.512,0.5016928892200254,1.0,1.0
KXNBAAST-26APR06DETORL-ORLJSUGGS4-6,2026-04-06,ast,5.5,3.799,1.701,0.19325,0.20817274594412427,1.0,1.0
KXNBAAST-26APR06DETORL-ORLJSUGGS4-8,2026-04-06,ast,7.5,3.799,3.701,0.05025,0.06593688189194846,1.0,1.0
KXNBAAST-26APR06DETORL-ORLPBANCHERO5-2,2026-04-06,ast,1.5,3.2815,-1.7814999999999999,0.83225,0.7995241389403591,1.0,1.0
KXNBAAST-26APR06DETORL-ORLPBANCHERO5-4,2026-04-06,ast,3.5,3.2815,0.21850000000000014,0.417,0.4065687712970595,0.0,1.0
KXNBAAST-26APR06DETORL-ORLPBANCHERO5-5,2026-04-06,ast,4.5,3.2815,1.2185000000000001,0.23975,0.24909553617333613,0.0,1.0
KXNBAAST-26APR06DETORL-ORLPBANCHERO5-6,2026-04-06,ast,5.5,3.2815,2.2185,0.117,0.14045471953589161,0.0,1.0
KXNBAAST-26APR06DETORL-ORLPBANCHERO5-8,2026-04-06,ast,7.5,3.2815,4.218500000000001,0.02225,0.03644053026724514,0.0,1.0
KXNBA3PT-26APR06DETORL-ORLDBANE3-1,2026-04-06,fg3m,0.5,1.39475,-0.8947499999999999,0.7465,0.7222391515663121,1.0,1.0
KXNBA3PT-26APR06DETORL-ORLDBANE3-2,2026-04-06,fg3m,1.5,1.39475,0.10525000000000007,0.40475,0.394681080401592,1.0,1.0
KXNBA3PT-26APR06DETORL-ORLDBANE3-3,2026-04-06,fg3m,2.5,1.39475,1.10525,0.16675,0.1762380516999109,1.0,1.0
KXNBA3PT-26APR06DETORL-ORLDBANE3-4,2026-04-06,fg3m,3.5,1.39475,2.10525,0.05375,0.06787192155471078,1.0,1.0
KXNBA3PT-26APR06DETORL-ORLDBANE3-5,2026-04-06,fg3m,4.5,1.39475,3.10525,0.01625,0.02336762255724023,0.0,1.0
KXNBA3PT-26APR06DETORL-ORLJSUGGS4-1,2026-04-06,fg3m,0.5,1.5295,-1.0295,0.7595,0.7519403305962045,1.0,1.0
KXNBA3PT-26APR06DETORL-ORLJSUGGS4-2,2026-04-06,fg3m,1.5,1.5295,-0.02950000000000008,0.452,0.43586361860321754,1.0,1.0
KXNBA3PT-26APR06DETORL-ORLJSUGGS4-3,2026-04-06,fg3m,2.5,1.5295,0.9704999999999999,0.20725,0.20811201342271102,0.0,1.0
KXNBA3PT-26APR06DETORL-ORLJSUGGS4-4,2026-04-06,fg3m,3.5,1.5295,1.9705,0.079,0.08603444084205902,0.0,1.0
KXNBA3PT-26APR06DETORL-ORLJSUGGS4-5,2026-04-06,fg3m,4.5,1.5295,2.9705,0.02275,0.0318638779346847,0.0,1.0
KXNBA3PT-26APR06DETORL-ORLPBANCHERO5-1,2026-04-06,fg3m,0.5,0.847,-0.347,0.566,0.5521155004989613,1.0,1.0
KXNBA3PT-26APR06DETORL-ORLPBANCHERO5-2,2026-04-06,fg3m,1.5,0.847,0.653,0.205,0.21064578467973538,0.0,1.0
KXNBA3PT-26APR06DETORL-ORLPBANCHERO5-3,2026-04-06,fg3m,2.5,0.847,1.653,0.059,0.0634243780199647,0.0,1.0
KXNBA3PT-26APR06DETORL-ORLPBANCHERO5-4,2026-04-06,fg3m,3.5,0.847,2.653,0.01425,0.01620772226631495,0.0,1.0
KXNBA3PT-26APR06DETORL-ORLPBANCHERO5-5,2026-04-06,fg3m,4.5,0.847,3.653,0.002,0.003671331829800728,0.0,1.0
KXNBAPTS-26APR06PHISAS-PHIJEMBIID21-25,2026-04-06,pts,24.5,17.61225,6.8877500000000005,0.1715,0.18654427390362271,1.0,1.0
KXNBAPTS-26APR06PHISAS-PHIJEMBIID21-30,2026-04-06,pts,29.5,17.61225,11.88775,0.06725,0.08641900745042985,1.0,1.0
KXNBAPTS-26APR06PHISAS-PHIJEMBIID21-35,2026-04-06,pts,34.5,17.61225,16.88775,0.0195,0.03667487550248694,0.0,1.0
KXNBAPTS-26APR06PHISAS-PHIJEMBIID21-40,2026-04-06,pts,39.5,17.61225,21.88775,0.006,0.014510492198913094,0.0,1.0
KXNBAPTS-26APR06PHISAS-PHIKOUBRE9-10,2026-04-06,pts,9.5,9.21225,0.28775000000000084,0.4255,0.42123967404277063,0.0,1.0
KXNBAPTS-26APR06PHISAS-PHIKOUBRE9-15,2026-04-06,pts,14.5,9.21225,5.287750000000001,0.155,0.1344797057972148,0.0,1.0
KXNBAPTS-26APR06PHISAS-PHIKOUBRE9-20,2026-04-06,pts,19.5,9.21225,10.28775,0.036,0.03199743813317302,0.0,1.0
KXNBAPTS-26APR06PHISAS-PHIPGEORGE8-15,2026-04-06,pts,14.5,11.349,3.151,0.2725,0.25657074778386946,1.0,1.0
KXNBAPTS-26APR06PHISAS-PHIPGEORGE8-20,2026-04-06,pts,19.5,11.349,8.151,0.088,0.08731866015293555,0.0,1.0
KXNBAPTS-26APR06PHISAS-PHIPGEORGE8-25,2026-04-06,pts,24.5,11.349,13.151,0.02175,0.024710340757610028,0.0,1.0
KXNBAPTS-26APR06PHISAS-PHIPGEORGE8-30,2026-04-06,pts,29.5,11.349,18.151,0.0035,0.006115426150534065,0.0,1.0
KXNBAPTS-26APR06PHISAS-PHITMAXEY0-15,2026-04-06,pts,14.5,15.86125,-1.36125,0.5435,0.5194122983673854,1.0,1.0
KXNBAPTS-26APR06PHISAS-PHITMAXEY0-20,2026-04-06,pts,19.5,15.86125,3.63875,0.27525,0.27755104421140087,0.0,1.0
KXNBAPTS-26APR06PHISAS-PHITMAXEY0-25,2026-04-06,pts,24.5,15.86125,8.63875,0.102,0.12715498424496918,0.0,1.0
KXNBAPTS-26APR06PHISAS-PHITMAXEY0-30,2026-04-06,pts,29.5,15.86125,13.63875,0.0335,0.05178312118800921,0.0,1.0
KXNBAPTS-26APR06PHISAS-PHITMAXEY0-35,2026-04-06,pts,34.5,15.86125,18.63875,0.008,0.019245358797846612,0.0,1.0
KXNBAPTS-26APR06PHISAS-PHIVEDGECOMBE77-10,2026-04-06,pts,9.5,10.13425,-0.6342499999999998,0.5025,0.4942278964705312,1.0,1.0
KXNBAPTS-26APR06PHISAS-PHIVEDGECOMBE77-15,2026-04-06,pts,14.5,10.13425,4.36575,0.19425,0.1846299608042108,0.0,1.0
KXNBAPTS-26APR06PHISAS-PHIVEDGECOMBE77-20,2026-04-06,pts,19.5,10.13425,9.36575,0.05575,0.052127315853167544,0.0,1.0
KXNBAPTS-26APR06PHISAS-PHIVEDGECOMBE77-25,2026-04-06,pts,24.5,10.13425,14.36575,0.01225,0.012137248143031742,0.0,1.0
KXNBAPTS-26APR06PHISAS-SASDFOX4-10,2026-04-06,pts,9.5,12.8725,-3.3725000000000005,0.6775,0.6704241263511352,1.0,1.0
KXNBAPTS-26APR06PHISAS-SASDFOX4-15,2026-04-06,pts,14.5,12.8725,1.6274999999999995,0.3645,0.34971135660791874,0.0,1.0
KXNBAPTS-26APR06PHISAS-SASDFOX4-20,2026-04-06,pts,19.5,12.8725,6.6274999999999995,0.1515,0.14353955573585508,0.0,1.0
KXNBAPTS-26APR06PHISAS-SASDFOX4-25,2026-04-06,pts,24.5,12.8725,11.6275,0.0415,0.04950152670736152,0.0,1.0
KXNBAPTS-26APR06PHISAS-SASDHARPER2-10,2026-04-06,pts,9.5,10.674,-1.1739999999999995,0.54875,0.5339473548967771,1.0,1.0
KXNBAPTS-26APR06PHISAS-SASDHARPER2-15,2026-04-06,pts,14.5,10.674,3.8260000000000005,0.22125,0.2160181322102992,1.0,1.0
KXNBAPTS-26APR06PHISAS-SASDHARPER2-20,2026-04-06,pts,19.5,10.674,8.826,0.065,0.0665870969039718,0.0,1.0
KXNBAPTS-26APR06PHISAS-SASDVASSELL24-10,2026-04-06,pts,9.5,11.20725,-1.7072500000000002,0.58325,0.5708086019650664,0.0,1.0
KXNBAPTS-26APR06PHISAS-SASDVASSELL24-15,2026-04-06,pts,14.5,11.20725,3.29275,0.26875,0.24797028773811536,0.0,1.0
KXNBAPTS-26APR06PHISAS-SASDVASSELL24-20,2026-04-06,pts,19.5,11.20725,8.29275,0.08775,0.08273086611836622,0.0,1.0
KXNBAPTS-26APR06PHISAS-SASDVASSELL24-25,2026-04-06,pts,24.5,11.20725,13.29275,0.023,0.022929157662777255,0.0,1.0
KXNBAPTS-26APR06PHISAS-SASSCASTLE5-15,2026-04-06,pts,14.5,13.85775,0.6422500000000007,0.4295,0.4085987781243382,1.0,1.0
KXNBAPTS-26APR06PHISAS-SASSCASTLE5-20,2026-04-06,pts,19.5,13.85775,5.642250000000001,0.1805,0.18530587267772158,0.0,1.0
KXNBAPTS-26APR06PHISAS-SASSCASTLE5-25,2026-04-06,pts,24.5,13.85775,10.64225,0.0605,0.07108536739044113,0.0,1.0
KXNBAPTS-26APR06PHISAS-SASSCASTLE5-30,2026-04-06,pts,29.5,13.85775,15.64225,0.01425,0.024063672958679727,0.0,1.0
KXNBAPTS-26APR06PHISAS-SASVWEMBANYAMA1-25,2026-04-06,pts,24.5,19.931,4.568999999999999,0.25775,0.27353570554475226,0.0,1.0
KXNBAPTS-26APR06PHISAS-SASVWEMBANYAMA1-30,2026-04-06,pts,29.5,19.931,9.568999999999999,0.114,0.14524964402014406,0.0,1.0
KXNBAPTS-26APR06PHISAS-SASVWEMBANYAMA1-35,2026-04-06,pts,34.5,19.931,14.568999999999999,0.0355,0.07101483715672241,0.0,1.0
KXNBAPTS-26APR06PHISAS-SASVWEMBANYAMA1-40,2026-04-06,pts,39.5,19.931,19.569,0.009,0.03247421450112453,0.0,1.0
KXNBAREB-26APR06PHISAS-PHIJEMBIID21-10,2026-04-06,reb,9.5,5.65225,3.8477499999999996,0.08625,0.10466712588999649,1.0,1.0
KXNBAREB-26APR06PHISAS-PHIJEMBIID21-12,2026-04-06,reb,11.5,5.65225,5.84775,0.0245,0.039451500031312814,1.0,1.0
KXNBAREB-26APR06PHISAS-PHIJEMBIID21-4,2026-04-06,reb,3.5,5.65225,-2.1522500000000004,0.78375,0.7502201514372153,1.0,1.0
KXNBAREB-26APR06PHISAS-PHIJEMBIID21-6,2026-04-06,reb,5.5,5.65225,-0.15225000000000044,0.48225,0.4724783565242665,1.0,1.0
KXNBAREB-26APR06PHISAS-PHIJEMBIID21-8,2026-04-06,reb,7.5,5.65225,1.8477499999999996,0.22875,0.24208753060687638,1.0,1.0
KXNBAREB-26APR06PHISAS-PHIKOUBRE9-2,2026-04-06,reb,1.5,3.556,-2.056,0.83675,0.8279018015706155,1.0,1.0
KXNBAREB-26APR06PHISAS-PHIKOUBRE9-4,2026-04-06,reb,3.5,3.556,-0.05600000000000005,0.46425,0.457340956433699,1.0,1.0
KXNBAREB-26APR06PHISAS-PHIKOUBRE9-5,2026-04-06,reb,4.5,3.556,0.944,0.2895,0.2953297884021322,1.0,1.0
KXNBAREB-26APR06PHISAS-PHIKOUBRE9-6,2026-04-06,reb,5.5,3.556,1.944,0.17125,0.17638953751073516,1.0,1.0
KXNBAREB-26APR06PHISAS-PHIKOUBRE9-8,2026-04-06,reb,7.5,3.556,3.944,0.0455,0.0519044254138572,1.0,1.0
KXNBAREB-26APR06PHISAS-PHIPGEORGE8-10,2026-04-06,reb,9.5,3.78975,5.71025,0.01025,0.017457118880505385,0.0,1.0
KXNBAREB-26APR06PHISAS-PHIPGEORGE8-2,2026-04-06,reb,1.5,3.78975,-2.28975,0.872,0.8500440197868548,1.0,1.0
KXNBAREB-26APR06PHISAS-PHIPGEORGE8-4,2026-04-06,reb,3.5,3.78975,-0.2897500000000002,0.5125,0.49895582013847084,1.0,1.0
KXNBAREB-26APR06PHISAS-PHIPGEORGE8-6,2026-04-06,reb,5.5,3.78975,1.7102499999999998,0.19075,0.2078579120446633,0.0,1.0
KXNBAREB-26APR06PHISAS-PHIPGEORGE8-8,2026-04-06,reb,7.5,3.78975,3.71025,0.055,0.06654237884565406,0.0,1.0
KXNBAREB-26APR06PHISAS-PHIVEDGECOMBE77-2,2026-04-06,reb,1.5,3.73925,-2.23925,0.87225,0.8455229130823038,1.0,1.0
KXNBAREB-26APR06PHISAS-PHIVEDGECOMBE77-4,2026-04-06,reb,3.5,3.73925,-0.23925000000000018,0.499,0.4901372956581236,1.0,1.0
KXNBAREB-26APR06PHISAS-PHIVEDGECOMBE77-5,2026-04-06,reb,4.5,3.73925,0.7607499999999998,0.315,0.32599302003690833,1.0,1.0
KXNBAREB-26APR06PHISAS-PHIVEDGECOMBE77-6,2026-04-06,reb,5.5,3.73925,1.7607499999999998,0.18675,0.20094211408452034,1.0,1.0
KXNBAREB-26APR06PHISAS-PHIVEDGECOMBE77-8,2026-04-06,reb,7.5,3.73925,3.76075,0.05225,0.06320837695887671,1.0,1.0
KXNBAREB-26APR06PHISAS-SASDFOX4-10,2026-04-06,reb,9.5,2.87025,6.62975,0.00175,0.0036572139032076123,0.0,1.0
KXNBAREB-26APR06PHISAS-SASDFOX4-2,2026-04-06,reb,1.5,2.87025,-1.37025,0.7585,0.7416913970272228,0.0,1.0
KXNBAREB-26APR06PHISAS-SASDFOX4-4,2026-04-06,reb,3.5,2.87025,0.62975,0.32175,0.3259124983588546,0.0,1.0
KXNBAREB-26APR06PHISAS-SASDFOX4-6,2026-04-06,reb,5.5,2.87025,2.62975,0.08575,0.09511966457954191,0.0,1.0
KXNBAREB-26APR06PHISAS-SASDFOX4-8,2026-04-06,reb,7.5,2.87025,4.62975,0.0165,0.020742821916454823,0.0,1.0
KXNBAREB-26APR06PHISAS-SASSCASTLE5-10,2026-04-06,reb,9.5,4.43025,5.06975,0.023,0.0375771344692748,1.0,1.0
KXNBAREB-26APR06PHISAS-SASSCASTLE5-2,2026-04-06,reb,1.5,4.43025,-2.93025,0.92,0.8968006324087014,1.0,1.0
KXNBAREB-26APR06PHISAS-SASSCASTLE5-4,2026-04-06,reb,3.5,4.43025,-0.93025,0.624,0.6017600558220322,1.0,1.0
KXNBAREB-26APR06PHISAS-SASSCASTLE5-6,2026-04-06,reb,5.5,4.43025,1.06975,0.29425,0.2991119714938646,1.0,1.0
KXNBAREB-26APR06PHISAS-SASSCASTLE5-8,2026-04-06,reb,7.5,4.43025,3.06975,0.09575,0.11653924732082299,1.0,1.0
KXNBAREB-26APR06PHISAS-SASVWEMBANYAMA1-10,2026-04-06,reb,9.5,9.31875,0.18125000000000036,0.44775,0.4383823802703799,0.0,1.0
KXNBAREB-26APR06PHISAS-SASVWEMBANYAMA1-12,2026-04-06,reb,11.5,9.31875,2.1812500000000004,0.246,0.27426766610114106,0.0,1.0
KXNBAREB-26APR06PHISAS-SASVWEMBANYAMA1-13,2026-04-06,reb,12.5,9.31875,3.1812500000000004,0.171,0.209603717359516,0.0,1.0
KXNBAREB-26APR06PHISAS-SASVWEMBANYAMA1-14,2026-04-06,reb,13.5,9.31875,4.18125,0.11725,0.15688479350548945,0.0,1.0
KXNBAREB-26APR06PHISAS-SASVWEMBANYAMA1-16,2026-04-06,reb,15.5,9.31875,6.18125,0.049,0.08305292598877223,0.0,1.0
KXNBAAST-26APR06PHISAS-PHIKOUBRE9-10,2026-04-06,ast,9.5,1.22675,8.27325,0.0,7.676119347155286e-06,0.0,1.0
KXNBAAST-26APR06PHISAS-PHIKOUBRE9-2,2026-04-06,ast,1.5,1.22675,0.27325,0.34075,0.3424296122478837,0.0,1.0
KXNBAAST-26APR06PHISAS-PHIKOUBRE9-4,2026-04-06,ast,3.5,1.22675,2.27325,0.043,0.04478365483864488,0.0,1.0
KXNBAAST-26APR06PHISAS-PHIKOUBRE9-6,2026-04-06,ast,5.5,1.22675,4.27325,0.00175,0.0033968641656959564,0.0,1.0
KXNBAAST-26APR06PHISAS-PHIKOUBRE9-8,2026-04-06,ast,7.5,1.22675,6.27325,0.0,0.00018215358471285192,0.0,1.0
KXNBAAST-26APR06PHISAS-PHIPGEORGE8-10,2026-04-06,ast,9.5,2.654,6.846,0.00075,0.0021262121359997277,0.0,1.0
KXNBAAST-26APR06PHISAS-PHIPGEORGE8-2,2026-04-06,ast,1.5,2.654,-1.154,0.73975,0.7081254503834138,1.0,1.0
KXNBAAST-26APR06PHISAS-PHIPGEORGE8-4,2026-04-06,ast,3.5,2.654,0.8460000000000001,0.275,0.2827210248554952,1.0,1.0
KXNBAAST-26APR06PHISAS-PHIPGEORGE8-6,2026-04-06,ast,5.5,2.654,2.846,0.057,0.07312902638460383,0.0,1.0
KXNBAAST-26APR06PHISAS-PHIPGEORGE8-8,2026-04-06,ast,7.5,2.654,4.846,0.0085,0.01393373970251277,0.0,1.0
KXNBAAST-26APR06PHISAS-PHITMAXEY0-10,2026-04-06,ast,9.5,4.1945,5.3055,0.01525,0.028071531278561546,0.0,1.0
KXNBAAST-26APR06PHISAS-PHITMAXEY0-12,2026-04-06,ast,11.5,4.1945,7.3055,0.0035,0.0070923591537739306,0.0,1.0
KXNBAAST-26APR06PHISAS-PHITMAXEY0-6,2026-04-06,ast,5.5,4.1945,1.3055000000000003,0.25125,0.2643020081954327,1.0,1.0
KXNBAAST-26APR06PHISAS-PHITMAXEY0-7,2026-04-06,ast,6.5,4.1945,2.3055000000000003,0.139,0.1631043974704608,1.0,1.0
KXNBAAST-26APR06PHISAS-PHITMAXEY0-8,2026-04-06,ast,7.5,4.1945,3.3055000000000003,0.0715,0.09514063388751304,1.0,1.0
KXNBAAST-26APR06PHISAS-PHIVEDGECOMBE77-10,2026-04-06,ast,9.5,2.7235,6.7765,0.00125,0.002502540958040922,0.0,1.0
KXNBAAST-26APR06PHISAS-PHIVEDGECOMBE77-2,2026-04-06,ast,1.5,2.7235,-1.2235,0.7435,0.7199852466030584,1.0,1.0
KXNBAAST-26APR06PHISAS-PHIVEDGECOMBE77-4,2026-04-06,ast,3.5,2.7235,0.7765,0.29375,0.29659089565383523,0.0,1.0
KXNBAAST-26APR06PHISAS-PHIVEDGECOMBE77-6,2026-04-06,ast,5.5,2.7235,2.7765,0.06325,0.07957795041516902,0.0,1.0
KXNBAAST-26APR06PHISAS-PHIVEDGECOMBE77-8,2026-04-06,ast,7.5,2.7235,4.7765,0.01075,0.015761282213420658,0.0,1.0
KXNBAAST-26APR06PHISAS-SASDFOX4-10,2026-04-06,ast,9.5,3.96625,5.5337499999999995,0.014,0.02124120438189936,0.0,1.0
KXNBAAST-26APR06PHISAS-SASDFOX4-2,2026-04-06,ast,1.5,3.96625,-2.46625,0.8865,0.8667848479283246,1.0,1.0
KXNBAAST-26APR06PHISAS-SASDFOX4-4,2026-04-06,ast,3.5,3.96625,-0.46625000000000005,0.53825,0.530332397388112,1.0,1.0
KXNBAAST-26APR06PHISAS-SASDFOX4-6,2026-04-06,ast,5.5,3.96625,1.53375,0.2165,0.2315895805235113,0.0,1.0
KXNBAAST-26APR06PHISAS-SASDFOX4-8,2026-04-06,ast,7.5,3.96625,3.53375,0.066,0.07760872136052954,0.0,1.0
KXNBAAST-26APR06PHISAS-SASSCASTLE5-10,2026-04-06,ast,9.5,5.3435,4.1565,0.05825,0.08259254773382152,1.0,1.0
KXNBAAST-26APR06PHISAS-SASSCASTLE5-12,2026-04-06,ast,11.5,5.3435,6.1565,0.01225,0.028586973427505047,1.0,1.0
KXNBAAST-26APR06PHISAS-SASSCASTLE5-4,2026-04-06,ast,3.5,5.3435,-1.8434999999999997,0.765,0.7209608993275165,1.0,1.0
KXNBAAST-26APR06PHISAS-SASSCASTLE5-6,2026-04-06,ast,5.5,5.3435,0.1565000000000003,0.43775,0.4309172635619084,1.0,1.0
KXNBAAST-26APR06PHISAS-SASSCASTLE5-8,2026-04-06,ast,7.5,5.3435,2.1565000000000003,0.18825,0.20644658746094424,1.0,1.0
KXNBAAST-26APR06PHISAS-SASVWEMBANYAMA1-10,2026-04-06,ast,9.5,2.44625,7.05375,0.0005,0.001256240844653811,0.0,1.0
KXNBAAST-26APR06PHISAS-SASVWEMBANYAMA1-2,2026-04-06,ast,1.5,2.44625,-0.94625,0.6915,0.669734955769432,0.0,1.0
KXNBAAST-26APR06PHISAS-SASVWEMBANYAMA1-4,2026-04-06,ast,3.5,2.44625,1.05375,0.23575,0.2415284026380604,0.0,1.0
KXNBAAST-26APR06PHISAS-SASVWEMBANYAMA1-6,2026-04-06,ast,5.5,2.44625,3.05375,0.0395,0.05553356062544634,0.0,1.0
KXNBAAST-26APR06PHISAS-SASVWEMBANYAMA1-8,2026-04-06,ast,7.5,2.44625,5.05375,0.00375,0.00934691682287403,0.0,1.0
KXNBA3PT-26APR06PHISAS-PHIJEMBIID21-1,2026-04-06,fg3m,0.5,0.962,-0.46199999999999997,0.60425,0.5958780882751127,1.0,1.0
KXNBA3PT-26APR06PHISAS-PHIJEMBIID21-2,2026-04-06,fg3m,1.5,0.962,0.538,0.249,0.25062259674888887,1.0,1.0
KXNBA3PT-26APR06PHISAS-PHIJEMBIID21-3,2026-04-06,fg3m,2.5,0.962,1.538,0.08025,0.08382054030534469,0.0,1.0
KXNBA3PT-26APR06PHISAS-PHIJEMBIID21-4,2026-04-06,fg3m,3.5,0.962,2.5380000000000003,0.02275,0.023873506762203234,0.0,1.0
KXNBA3PT-26APR06PHISAS-PHIJEMBIID21-5,2026-04-06,fg3m,4.5,0.962,3.5380000000000003,0.00475,0.0060379357316142634,0.0,1.0
KXNBA3PT-26APR06PHISAS-PHITMAXEY0-1,2026-04-06,fg3m,0.5,1.68575,-1.18575,0.8015,0.7819775816151415,1.0,1.0
KXNBA3PT-26APR06PHISAS-PHITMAXEY0-2,2026-04-06,fg3m,1.5,1.68575,-0.18575000000000008,0.5,0.4809280387784969,0.0,1.0
KXNBA3PT-26APR06PHISAS-PHITMAXEY0-3,2026-04-06,fg3m,2.5,1.68575,0.8142499999999999,0.245,0.24585252138392022,0.0,1.0
KXNBA3PT-26APR06PHISAS-PHITMAXEY0-4,2026-04-06,fg3m,3.5,1.68575,1.81425,0.09775,0.1093054719400921,0.0,1.0
KXNBA3PT-26APR06PHISAS-PHITMAXEY0-5,2026-04-06,fg3m,4.5,1.68575,2.81425,0.02825,0.04364405283971373,0.0,1.0
KXNBA3PT-26APR06PHISAS-PHIVEDGECOMBE77-1,2026-04-06,fg3m,0.5,1.1385,-0.6385000000000001,0.6735,0.6539588480212633,1.0,1.0
KXNBA3PT-26APR06PHISAS-PHIVEDGECOMBE77-2,2026-04-06,fg3m,1.5,1.1385,0.36149999999999993,0.313,0.3111227692131837,1.0,1.0
KXNBA3PT-26APR06PHISAS-PHIVEDGECOMBE77-3,2026-04-06,fg3m,2.5,1.1385,1.3615,0.1085,0.11904464822885441,0.0,1.0
KXNBA3PT-26APR06PHISAS-PHIVEDGECOMBE77-4,2026-04-06,fg3m,3.5,1.1385,2.3615,0.03425,0.038992172271844705,0.0,1.0
KXNBA3PT-26APR06PHISAS-PHIVEDGECOMBE77-5,2026-04-06,fg3m,4.5,1.1385,3.3615,0.00825,0.01137210932480226,0.0,1.0
KXNBA3PT-26APR06PHISAS-SASDFOX4-1,2026-04-06,fg3m,0.5,1.2345,-0.7344999999999999,0.7045,0.6815482279979318,1.0,1.0
KXNBA3PT-26APR06PHISAS-SASDFOX4-2,2026-04-06,fg3m,1.5,1.2345,0.26550000000000007,0.35225,0.34314578873737567,0.0,1.0
KXNBA3PT-26APR06PHISAS-SASDFOX4-3,2026-04-06,fg3m,2.5,1.2345,1.2655,0.1255,0.13979029520251052,0.0,1.0
KXNBA3PT-26APR06PHISAS-SASDFOX4-4,2026-04-06,fg3m,3.5,1.2345,2.2655000000000003,0.03675,0.04888612133431636,0.0,1.0
KXNBA3PT-26APR06PHISAS-SASDFOX4-5,2026-04-06,fg3m,4.5,1.2345,3.2655000000000003,0.01225,0.015245441446030461,0.0,1.0
KXNBA3PT-26APR06PHISAS-SASSCASTLE5-1,2026-04-06,fg3m,0.5,1.1095,-0.6094999999999999,0.666,0.6451001283685156,1.0,1.0
KXNBA3PT-26APR06PHISAS-SASSCASTLE5-2,2026-04-06,fg3m,1.5,1.1095,0.39050000000000007,0.3055,0.3013071406908936,0.0,1.0
KXNBA3PT-26APR06PHISAS-SASSCASTLE5-3,2026-04-06,fg3m,2.5,1.1095,1.3905,0.1005,0.11297658175171343,0.0,1.0
KXNBA3PT-26APR06PHISAS-SASSCASTLE5-4,2026-04-06,fg3m,3.5,1.1095,2.3905000000000003,0.02925,0.03623158581657726,0.0,1.0
KXNBA3PT-26APR06PHISAS-SASSCASTLE5-5,2026-04-06,fg3m,4.5,1.1095,3.3905000000000003,0.007,0.010341567098384408,0.0,1.0
KXNBA3PT-26APR06PHISAS-SASVWEMBANYAMA1-1,2026-04-06,fg3m,0.5,1.766,-1.266,0.82725,0.7957906878185677,1.0,1.0
KXNBA3PT-26APR06PHISAS-SASVWEMBANYAMA1-2,2026-04-06,fg3m,1.5,1.766,-0.266,0.5305,0.5029131007614697,0.0,1.0
KXNBA3PT-26APR06PHISAS-SASVWEMBANYAMA1-3,2026-04-06,fg3m,2.5,1.766,0.734,0.26125,0.2653771535142513,0.0,1.0
KXNBA3PT-26APR06PHISAS-SASVWEMBANYAMA1-4,2026-04-06,fg3m,3.5,1.766,1.734,0.10425,0.12206664470457029,0.0,1.0
KXNBA3PT-26APR06PHISAS-SASVWEMBANYAMA1-5,2026-04-06,fg3m,4.5,1.766,2.734,0.032,0.05048861191136045,0.0,1.0
KXNBAAST-26APR05WASBKN-WASBCARRINGTON7-2,2026-04-05,ast,1.5,3.176,-1.6760000000000002,0.807,0.7864406444007699,1.0,1.0
KXNBAAST-26APR05WASBKN-WASBCARRINGTON7-4,2026-04-05,ast,3.5,3.176,0.32399999999999984,0.3955,0.38617861653457275,0.0,1.0
KXNBAAST-26APR05WASBKN-WASBCARRINGTON7-5,2026-04-05,ast,4.5,3.176,1.3239999999999998,0.2245,0.23172971523789798,0.0,1.0
KXNBAAST-26APR05WASBKN-WASBCARRINGTON7-6,2026-04-05,ast,5.5,3.176,2.324,0.11375,0.12781997486589192,0.0,1.0
KXNBAAST-26APR05WASBKN-WASBCARRINGTON7-8,2026-04-05,ast,7.5,3.176,4.324,0.023,0.03166845466524104,0.0,1.0
KXNBAPTS-26APR05TORBOS-BOSDWHITE9-10,2026-04-05,pts,9.5,10.778,-1.2780000000000005,0.55925,0.5413249131550845,1.0,1.0
KXNBAPTS-26APR05TORBOS-BOSDWHITE9-15,2026-04-05,pts,14.5,10.778,3.7219999999999995,0.239,0.2221890899668003,0.0,1.0
KXNBAPTS-26APR05TORBOS-BOSDWHITE9-20,2026-04-05,pts,19.5,10.778,8.722,0.06775,0.06959384277279634,0.0,1.0
KXNBAPTS-26APR05TORBOS-BOSDWHITE9-25,2026-04-05,pts,24.5,10.778,13.722,0.01375,0.0180552765944183,0.0,1.0
KXNBAPTS-26APR05TORBOS-BOSJBROWN7-25,2026-04-05,pts,24.5,18.95875,5.541250000000002,0.213,0.23636167155714594,1.0,1.0
KXNBAPTS-26APR05TORBOS-BOSJBROWN7-30,2026-04-05,pts,29.5,18.95875,10.541250000000002,0.07625,0.11901104599404122,0.0,1.0
KXNBAPTS-26APR05TORBOS-BOSJBROWN7-35,2026-04-05,pts,34.5,18.95875,15.541250000000002,0.02525,0.05505623183751207,0.0,1.0
KXNBAPTS-26APR05TORBOS-BOSJBROWN7-40,2026-04-05,pts,39.5,18.95875,20.54125,0.007,0.023789807135312202,0.0,1.0
KXNBAPTS-26APR05TORBOS-BOSJTATUM0-20,2026-04-05,pts,19.5,15.94575,3.5542499999999997,0.278,0.2815474905532699,1.0,1.0
KXNBAPTS-26APR05TORBOS-BOSJTATUM0-25,2026-04-05,pts,24.5,15.94575,8.55425,0.111,0.12983104015509617,0.0,1.0
KXNBAPTS-26APR05TORBOS-BOSJTATUM0-30,2026-04-05,pts,29.5,15.94575,13.55425,0.029,0.05323581492865748,0.0,1.0
KXNBAPTS-26APR05TORBOS-BOSJTATUM0-35,2026-04-05,pts,34.5,15.94575,18.55425,0.00775,0.019924681085065732,0.0,1.0
KXNBAPTS-26APR05TORBOS-BOSNQUETA88-10,2026-04-05,pts,9.5,7.4745,2.0255,0.28875,0.27211465990476713,1.0,1.0
KXNBAPTS-26APR05TORBOS-BOSNQUETA88-15,2026-04-05,pts,14.5,7.4745,7.0255,0.06425,0.05866855343570643,1.0,1.0
KXNBAPTS-26APR05TORBOS-BOSNQUETA88-20,2026-04-05,pts,19.5,7.4745,12.025500000000001,0.011,0.00918183841545861,0.0,1.0
KXNBAPTS-26APR05TORBOS-BOSPPRITCHARD11-10,2026-04-05,pts,9.5,11.91175,-2.4117499999999996,0.62775,0.6157945066652938,1.0,1.0
KXNBAPTS-26APR05TORBOS-BOSPPRITCHARD11-15,2026-04-05,pts,14.5,11.91175,2.5882500000000004,0.3065,0.2909599404284047,1.0,1.0
KXNBAPTS-26APR05TORBOS-BOSPPRITCHARD11-20,2026-04-05,pts,19.5,11.91175,7.58825,0.10475,0.10668358421090673,0.0,1.0
KXNBAPTS-26APR05TORBOS-BOSPPRITCHARD11-25,2026-04-05,pts,24.5,11.91175,12.58825,0.03175,0.0326512545631481,0.0,1.0
KXNBAPTS-26APR05TORBOS-BOSSHAUSER30-10,2026-04-05,pts,9.5,7.263,2.237,0.282,0.2537454031120988,0.0,1.0
KXNBAPTS-26APR05TORBOS-BOSSHAUSER30-15,2026-04-05,pts,14.5,7.263,7.237,0.07575,0.05157153310689855,0.0,1.0
KXNBAPTS-26APR05TORBOS-BOSSHAUSER30-20,2026-04-05,pts,19.5,7.263,12.237,0.01325,0.007584087244314253,0.0,1.0
KXNBAPTS-26APR05TORBOS-TORJPOELTL19-10,2026-04-05,pts,9.5,7.895,1.6050000000000004,0.32025,0.3088059372199725,1.0,1.0
KXNBAPTS-26APR05TORBOS-TORJPOELTL19-15,2026-04-05,pts,14.5,7.895,6.605,0.089,0.07425791779357749,0.0,1.0
KXNBAPTS-26APR05TORBOS-TORJPOELTL19-20,2026-04-05,pts,19.5,7.895,11.605,0.017,0.013044859715177215,0.0,1.0
KXNBAPTS-26APR05TORBOS-TORJPOELTL19-25,2026-04-05,pts,24.5,7.895,16.605,0.00275,0.0018618863185507761,0.0,1.0
KXNBAPTS-26APR05TORBOS-TORRBARRETT9-15,2026-04-05,pts,14.5,12.52825,1.9717500000000001,0.33925,0.32873525017215743,1.0,1.0
KXNBAPTS-26APR05TORBOS-TORRBARRETT9-20,2026-04-05,pts,19.5,12.52825,6.97175,0.1275,0.12983336962882452,0.0,1.0
KXNBAPTS-26APR05TORBOS-TORRBARRETT9-25,2026-04-05,pts,24.5,12.52825,11.97175,0.04025,0.04298247448605241,0.0,1.0
KXNBAPTS-26APR05TORBOS-TORRBARRETT9-30,2026-04-05,pts,29.5,12.52825,16.97175,0.00775,0.01249685232638631,0.0,1.0
KXNBAPTS-26APR05TORBOS-TORSBARNES4-15,2026-04-05,pts,14.5,10.4725,4.0275,0.209,0.2041655084738071,0.0,1.0
KXNBAPTS-26APR05TORBOS-TORSBARNES4-20,2026-04-05,pts,19.5,10.4725,9.0275,0.057,0.06096240478202286,0.0,1.0
KXNBAPTS-26APR05TORBOS-TORSBARNES4-25,2026-04-05,pts,24.5,10.4725,14.0275,0.014,0.01504621307214915,0.0,1.0
KXNBAPTS-26APR05TORBOS-TORSBARNES4-30,2026-04-05,pts,29.5,10.4725,19.0275,0.002,0.003237639926128466,0.0,1.0
KXNBAREB-26APR05TORBOS-BOSJBROWN7-10,2026-04-05,reb,9.5,4.627,4.873,0.03025,0.045817818654099174,0.0,1.0
KXNBAREB-26APR05TORBOS-BOSJBROWN7-12,2026-04-05,reb,11.5,4.627,6.873,0.00475,0.013483582858376919,0.0,1.0
KXNBAREB-26APR05TORBOS-BOSJBROWN7-6,2026-04-05,reb,5.5,4.627,0.8730000000000002,0.32625,0.3277438250632909,1.0,1.0
KXNBAREB-26APR05TORBOS-BOSJBROWN7-7,2026-04-05,reb,6.5,4.627,1.8730000000000002,0.205,0.21553351793799047,0.0,1.0
KXNBAREB-26APR05TORBOS-BOSJBROWN7-8,2026-04-05,reb,7.5,4.627,2.873,0.112,0.1344960602962203,0.0,1.0
KXNBAREB-26APR05TORBOS-BOSJTATUM0-10,2026-04-05,reb,9.5,5.53,3.9699999999999998,0.068,0.09631079625588168,1.0,1.0
KXNBAREB-26APR05TORBOS-BOSJTATUM0-12,2026-04-05,reb,11.5,5.53,5.97,0.0155,0.03537328742096779,1.0,1.0
KXNBAREB-26APR05TORBOS-BOSJTATUM0-14,2026-04-05,reb,13.5,5.53,7.97,0.00275,0.011614249788349795,0.0,1.0
KXNBAREB-26APR05TORBOS-BOSJTATUM0-6,2026-04-05,reb,5.5,5.53,-0.03000000000000025,0.4675,0.4559629620809257,1.0,1.0
KXNBAREB-26APR05TORBOS-BOSJTATUM0-8,2026-04-05,reb,7.5,5.53,1.9699999999999998,0.20475,0.2283526079582342,1.0,1.0
KXNBAREB-26APR05TORBOS-BOSNQUETA88-10,2026-04-05,reb,9.5,5.76525,3.73475,0.09075,0.11268618898548244,0.0,1.0
KXNBAREB-26APR05TORBOS-BOSNQUETA88-12,2026-04-05,reb,11.5,5.76525,5.73475,0.02775,0.04347133111076018,0.0,1.0
KXNBAREB-26APR05TORBOS-BOSNQUETA88-6,2026-04-05,reb,5.5,5.76525,-0.26525,0.49725,0.4875001087250528,1.0,1.0
KXNBAREB-26APR05TORBOS-BOSNQUETA88-8,2026-04-05,reb,7.5,5.76525,1.73475,0.2425,0.25491966363630514,0.0,1.0
KXNBAREB-26APR05TORBOS-BOSNQUETA88-9,2026-04-05,reb,8.5,5.76525,2.73475,0.15025,0.1727145514163717,0.0,1.0
KXNBAREB-26APR05TORBOS-BOSPPRITCHARD11-10,2026-04-05,reb,9.5,2.71725,6.78275,0.00125,0.0026130163964088737,0.0,1.0
KXNBAREB-26APR05TORBOS-BOSPPRITCHARD11-2,2026-04-05,reb,1.5,2.71725,-1.21725,0.73525,0.7172014177374572,0.0,1.0
KXNBAREB-26APR05TORBOS-BOSPPRITCHARD11-4,2026-04-05,reb,3.5,2.71725,0.7827500000000001,0.29275,0.29554301517548187,0.0,1.0
KXNBAREB-26APR05TORBOS-BOSPPRITCHARD11-6,2026-04-05,reb,5.5,2.71725,2.78275,0.06475,0.07996887290661558,0.0,1.0
KXNBAREB-26APR05TORBOS-BOSPPRITCHARD11-8,2026-04-05,reb,7.5,2.71725,4.78275,0.01125,0.01609377513963739,0.0,1.0
KXNBAREB-26APR05TORBOS-TORJPOELTL19-10,2026-04-05,reb,9.5,5.985,3.5149999999999997,0.10625,0.12905150303866675,0.0,1.0
KXNBAREB-26APR05TORBOS-TORJPOELTL19-12,2026-04-05,reb,11.5,5.985,5.515,0.03675,0.05198263480699439,0.0,1.0
KXNBAREB-26APR05TORBOS-TORJPOELTL19-6,2026-04-05,reb,5.5,5.985,-0.4850000000000003,0.531,0.5159919701586063,0.0,1.0
KXNBAREB-26APR05TORBOS-TORJPOELTL19-7,2026-04-05,reb,6.5,5.985,0.5149999999999997,0.38925,0.3889154542796086,0.0,1.0
KXNBAREB-26APR05TORBOS-TORJPOELTL19-8,2026-04-05,reb,7.5,5.985,1.5149999999999997,0.272,0.2801643631123747,0.0,1.0
KXNBAREB-26APR05TORBOS-TORRBARRETT9-10,2026-04-05,reb,9.5,4.1485,5.3515,0.0175,0.02749510427598978,0.0,1.0
KXNBAREB-26APR05TORBOS-TORRBARRETT9-2,2026-04-05,reb,1.5,4.1485,-2.6485000000000003,0.89775,0.8784555443792561,1.0,1.0
KXNBAREB-26APR05TORBOS-TORRBARRETT9-4,2026-04-05,reb,3.5,4.1485,-0.6485000000000003,0.581,0.5586613725873086,1.0,1.0
KXNBAREB-26APR05TORBOS-TORRBARRETT9-6,2026-04-05,reb,5.5,4.1485,1.3514999999999997,0.24575,0.2583740118132045,0.0,1.0
KXNBAREB-26APR05TORBOS-TORRBARRETT9-8,2026-04-05,reb,7.5,4.1485,3.3514999999999997,0.0805,0.09285239051720673,0.0,1.0
KXNBAREB-26APR05TORBOS-TORSBARNES4-10,2026-04-05,reb,9.5,4.82775,4.67225,0.039,0.055257925263069274,0.0,1.0
KXNBAREB-26APR05TORBOS-TORSBARNES4-12,2026-04-05,reb,11.5,4.82775,6.67225,0.01125,0.01717092010789789,0.0,1.0
KXNBAREB-26APR05TORBOS-TORSBARNES4-4,2026-04-05,reb,3.5,4.82775,-1.32775,0.68425,0.6567665114658472,1.0,1.0
KXNBAREB-26APR05TORBOS-TORSBARNES4-6,2026-04-05,reb,5.5,4.82775,0.67225,0.357,0.3568889388783667,1.0,1.0
KXNBAREB-26APR05TORBOS-TORSBARNES4-8,2026-04-05,reb,7.5,4.82775,2.67225,0.13375,0.15388699713731702,0.0,1.0
KXNBAAST-26APR05TORBOS-BOSDWHITE9-2,2026-04-05,ast,1.5,3.49625,-1.9962499999999999,0.86075,0.8237108590796111,1.0,1.0
KXNBAAST-26APR05TORBOS-BOSDWHITE9-4,2026-04-05,ast,3.5,3.49625,0.003750000000000142,0.462,0.44712971216137665,1.0,1.0
KXNBAAST-26APR05TORBOS-BOSDWHITE9-5,2026-04-05,ast,4.5,3.49625,1.0037500000000001,0.27625,0.2849374971733254,1.0,1.0
KXNBAAST-26APR05TORBOS-BOSDWHITE9-6,2026-04-05,ast,5.5,3.49625,2.00375,0.14425,0.16751504635097458,1.0,1.0
KXNBAAST-26APR05TORBOS-BOSDWHITE9-8,2026-04-05,ast,7.5,3.49625,4.00375,0.02825,0.047450787563232066,0.0,1.0
KXNBAAST-26APR05TORBOS-BOSJBROWN7-2,2026-04-05,ast,1.5,3.80275,-2.30275,0.88775,0.8531845242443019,1.0,1.0
KXNBAAST-26APR05TORBOS-BOSJBROWN7-4,2026-04-05,ast,3.5,3.80275,-0.3027500000000001,0.52425,0.502347271601517,0.0,1.0
KXNBAAST-26APR05TORBOS-BOSJBROWN7-5,2026-04-05,ast,4.5,3.80275,0.6972499999999999,0.33325,0.3365202466036259,0.0,1.0
KXNBAAST-26APR05TORBOS-BOSJBROWN7-6,2026-04-05,ast,5.5,3.80275,1.69725,0.18825,0.20869137387962367,0.0,1.0
KXNBAAST-26APR05TORBOS-BOSJBROWN7-8,2026-04-05,ast,7.5,3.80275,3.69725,0.04475,0.06618736808183656,0.0,1.0
KXNBAAST-26APR05TORBOS-BOSJTATUM0-10,2026-04-05,ast,9.5,3.91675,5.58325,0.00625,0.019923285914919986,0.0,1.0
KXNBAAST-26APR05TORBOS-BOSJTATUM0-2,2026-04-05,ast,1.5,3.91675,-2.41675,0.889,0.8628104181229218,1.0,1.0
KXNBAAST-26APR05TORBOS-BOSJTATUM0-4,2026-04-05,ast,3.5,3.91675,-0.41674999999999995,0.54175,0.5219739545270204,1.0,1.0
KXNBAAST-26APR05TORBOS-BOSJTATUM0-6,2026-04-05,ast,5.5,3.91675,1.58325,0.217,0.2246016929589667,1.0,1.0
KXNBAAST-26APR05TORBOS-BOSJTATUM0-8,2026-04-05,ast,7.5,3.91675,3.58325,0.05325,0.07404845770278967,0.0,1.0
KXNBAAST-26APR05TORBOS-BOSPPRITCHARD11-2,2026-04-05,ast,1.5,3.4545,-1.9545,0.844,0.819252284222423,1.0,1.0
KXNBAAST-26APR05TORBOS-BOSPPRITCHARD11-4,2026-04-05,ast,3.5,3.4545,0.045500000000000096,0.444,0.4393541771209516,0.0,1.0
KXNBAAST-26APR05TORBOS-BOSPPRITCHARD11-5,2026-04-05,ast,4.5,3.4545,1.0455,0.273,0.2779327252998185,0.0,1.0
KXNBAAST-26APR05TORBOS-BOSPPRITCHARD11-6,2026-04-05,ast,5.5,3.4545,2.0455,0.15,0.16212448252498524,0.0,1.0
KXNBAAST-26APR05TORBOS-BOSPPRITCHARD11-8,2026-04-05,ast,7.5,3.4545,4.0455000000000005,0.03375,0.045173313026818485,0.0,1.0
KXNBAAST-26APR05TORBOS-TORJPOELTL19-10,2026-04-05,ast,9.5,1.4115,8.0885,0.0,2.345279695448177e-05,0.0,1.0
KXNBAAST-26APR05TORBOS-TORJPOELTL19-2,2026-04-05,ast,1.5,1.4115,0.08850000000000002,0.40725,0.4032923876197163,0.0,1.0
KXNBAAST-26APR05TORBOS-TORJPOELTL19-4,2026-04-05,ast,3.5,1.4115,2.0885,0.0585,0.06602321873147432,0.0,1.0
KXNBAAST-26APR05TORBOS-TORJPOELTL19-6,2026-04-05,ast,5.5,1.4115,4.0885,0.0035,0.006358569807085823,0.0,1.0
KXNBAAST-26APR05TORBOS-TORJPOELTL19-8,2026-04-05,ast,7.5,1.4115,6.0885,0.0,0.0004351183999682373,0.0,1.0
KXNBAAST-26APR05TORBOS-TORRBARRETT9-10,2026-04-05,ast,9.5,2.1065,7.3934999999999995,0.00025,0.0004567430153462615,0.0,1.0
KXNBAAST-26APR05TORBOS-TORRBARRETT9-2,2026-04-05,ast,1.5,2.1065,-0.6065,0.61875,0.5966449209031648,1.0,1.0
KXNBAAST-26APR05TORBOS-TORRBARRETT9-4,2026-04-05,ast,3.5,2.1065,1.3935,0.16325,0.1765091547829497,1.0,1.0
KXNBAAST-26APR05TORBOS-TORRBARRETT9-6,2026-04-05,ast,5.5,2.1065,3.3935,0.0205,0.03242464835158687,0.0,1.0
KXNBAAST-26APR05TORBOS-TORRBARRETT9-8,2026-04-05,ast,7.5,2.1065,5.3934999999999995,0.002,0.0043165788723581455,0.0,1.0
KXNBAAST-26APR05TORBOS-TORSBARNES4-10,2026-04-05,ast,9.5,3.5045,5.9955,0.00525,0.011040620203689455,0.0,1.0
KXNBAAST-26APR05TORBOS-TORSBARNES4-12,2026-04-05,ast,11.5,3.5045,7.9955,0.00025,0.0021660965345339234,0.0,1.0
KXNBAAST-26APR05TORBOS-TORSBARNES4-6,2026-04-05,ast,5.5,3.5045,1.9954999999999998,0.1565,0.16858713689238003,1.0,1.0
KXNBAAST-26APR05TORBOS-TORSBARNES4-8,2026-04-05,ast,7.5,3.5045,3.9955,0.037,0.04790865930257315,1.0,1.0
KXNBAAST-26APR05TORBOS-TORSBARNES4-9,2026-04-05,ast,8.5,3.5045,4.9955,0.01625,0.023527759092746292,0.0,1.0
KXNBA3PT-26APR05TORBOS-BOSDWHITE9-1,2026-04-05,fg3m,0.5,1.70975,-1.20975,0.81325,0.7862163633725576,1.0,1.0
KXNBA3PT-26APR05TORBOS-BOSDWHITE9-2,2026-04-05,fg3m,1.5,1.70975,-0.2097500000000001,0.5045,0.4875861619339529,1.0,1.0
KXNBA3PT-26APR05TORBOS-BOSDWHITE9-3,2026-04-05,fg3m,2.5,1.70975,0.7902499999999999,0.2485,0.25168743171048724,0.0,1.0
KXNBA3PT-26APR05TORBOS-BOSDWHITE9-4,2026-04-05,fg3m,3.5,1.70975,1.79025,0.1015,0.11306836512585983,0.0,1.0
KXNBA3PT-26APR05TORBOS-BOSDWHITE9-5,2026-04-05,fg3m,4.5,1.70975,2.79025,0.0305,0.04563522838115286,0.0,1.0
KXNBA3PT-26APR05TORBOS-BOSJBROWN7-1,2026-04-05,fg3m,0.5,1.31975,-0.81975,0.72975,0.7039764794118938,1.0,1.0
KXNBA3PT-26APR05TORBOS-BOSJBROWN7-2,2026-04-05,fg3m,1.5,1.31975,0.18025000000000002,0.378,0.3708864562266698,0.0,1.0
KXNBA3PT-26APR05TORBOS-BOSJBROWN7-3,2026-04-05,fg3m,2.5,1.31975,1.18025,0.14875,0.15893830170046575,0.0,1.0
KXNBA3PT-26APR05TORBOS-BOSJBROWN7-4,2026-04-05,fg3m,3.5,1.31975,2.18025,0.04625,0.05861469313161749,0.0,1.0
KXNBA3PT-26APR05TORBOS-BOSJBROWN7-5,2026-04-05,fg3m,4.5,1.31975,3.18025,0.01325,0.01930228249807797,0.0,1.0
KXNBA3PT-26APR05TORBOS-BOSJTATUM0-2,2026-04-05,fg3m,1.5,2.05875,-0.5587499999999999,0.6005,0.5764156533422371,1.0,1.0
KXNBA3PT-26APR05TORBOS-BOSJTATUM0-3,2026-04-05,fg3m,2.5,2.05875,0.44125000000000014,0.34175,0.3361795077956966,0.0,1.0
KXNBA3PT-26APR05TORBOS-BOSJTATUM0-4,2026-04-05,fg3m,3.5,2.05875,1.4412500000000001,0.1665,0.1723167624656876,0.0,1.0
KXNBA3PT-26APR05TORBOS-BOSJTATUM0-5,2026-04-05,fg3m,4.5,2.05875,2.44125,0.062,0.0797883465672431,0.0,1.0
KXNBA3PT-26APR05TORBOS-BOSJTATUM0-6,2026-04-05,fg3m,5.5,2.05875,3.44125,0.0185,0.03405911906485026,0.0,1.0
KXNBA3PT-26APR05TORBOS-BOSPPRITCHARD11-1,2026-04-05,fg3m,0.5,1.91875,-1.41875,0.84225,0.8194348890310147,1.0,1.0
KXNBA3PT-26APR05TORBOS-BOSPPRITCHARD11-2,2026-04-05,fg3m,1.5,1.91875,-0.41874999999999996,0.5645,0.5425678444370063,0.0,1.0
KXNBA3PT-26APR05TORBOS-BOSPPRITCHARD11-3,2026-04-05,fg3m,2.5,1.91875,0.58125,0.30575,0.3024959608736786,0.0,1.0
KXNBA3PT-26APR05TORBOS-BOSPPRITCHARD11-4,2026-04-05,fg3m,3.5,1.91875,1.58125,0.13425,0.1476439584022362,0.0,1.0
KXNBA3PT-26APR05TORBOS-BOSPPRITCHARD11-5,2026-04-05,fg3m,4.5,1.91875,2.58125,0.04775,0.06495540834290714,0.0,1.0
KXNBA3PT-26APR05TORBOS-TORSBARNES4-1,2026-04-05,fg3m,0.5,0.49675,0.003249999999999975,0.389,0.3819932133855314,0.0,1.0
KXNBA3PT-26APR05TORBOS-TORSBARNES4-2,2026-04-05,fg3m,1.5,0.49675,1.00325,0.088,0.09375521378058582,0.0,1.0
KXNBA3PT-26APR05TORBOS-TORSBARNES4-3,2026-04-05,fg3m,2.5,0.49675,2.00325,0.01575,0.01773276842076743,0.0,1.0
KXNBA3PT-26APR05TORBOS-TORSBARNES4-4,2026-04-05,fg3m,3.5,0.49675,3.00325,0.0035,0.0028172646542765634,0.0,1.0
KXNBA3PT-26APR05TORBOS-TORSBARNES4-5,2026-04-05,fg3m,4.5,0.49675,4.0032499999999995,0.0005,0.0003946349270688154,0.0,1.0
KXNBAPTS-26APR05PHXCHI-CHIIOKORO35-10,2026-04-05,pts,9.5,6.8945,2.6055,0.2505,0.22211434016571996,1.0,1.0
KXNBAPTS-26APR05PHXCHI-CHIIOKORO35-15,2026-04-05,pts,14.5,6.8945,7.6055,0.05325,0.04043056579196014,0.0,1.0
KXNBAPTS-26APR05PHXCHI-CHIIOKORO35-20,2026-04-05,pts,19.5,6.8945,12.6055,0.00825,0.005295543084925414,0.0,1.0
KXNBAPTS-26APR05PHXCHI-CHIIOKORO35-25,2026-04-05,pts,24.5,6.8945,17.6055,0.001,0.0005599099709049371,0.0,1.0
KXNBAPTS-26APR05PHXCHI-PHXDBOOKER1-20,2026-04-05,pts,19.5,16.7275,2.772500000000001,0.3265,0.31858151306181104,1.0,1.0
KXNBAPTS-26APR05PHXCHI-PHXDBOOKER1-25,2026-04-05,pts,24.5,16.7275,7.772500000000001,0.13225,0.15557252137274702,1.0,1.0
KXNBAPTS-26APR05PHXCHI-PHXDBOOKER1-30,2026-04-05,pts,29.5,16.7275,12.7725,0.047,0.06774620129375131,1.0,1.0
KXNBAPTS-26APR05PHXCHI-PHXDBOOKER1-35,2026-04-05,pts,34.5,16.7275,17.7725,0.015,0.026973271200603333,0.0,1.0
KXNBAPTS-26APR05PHXCHI-PHXDBROOKS3-15,2026-04-05,pts,14.5,11.811,2.689,0.30525,0.2847850402600328,1.0,1.0
KXNBAPTS-26APR05PHXCHI-PHXDBROOKS3-20,2026-04-05,pts,19.5,11.811,7.689,0.12775,0.10308638592665709,0.0,1.0
KXNBAPTS-26APR05PHXCHI-PHXDBROOKS3-25,2026-04-05,pts,24.5,11.811,12.689,0.042,0.031126110312789113,0.0,1.0
KXNBAPTS-26APR05PHXCHI-PHXDBROOKS3-30,2026-04-05,pts,29.5,11.811,17.689,0.0125,0.008232613620270168,0.0,1.0
KXNBAPTS-26APR05PHXCHI-PHXGALLEN8-10,2026-04-05,pts,9.5,10.82325,-1.3232499999999998,0.5525,0.544506524494912,0.0,1.0
KXNBAPTS-26APR05PHXCHI-PHXGALLEN8-15,2026-04-05,pts,14.5,10.82325,3.67675,0.24875,0.22488435792522832,0.0,1.0
KXNBAPTS-26APR05PHXCHI-PHXGALLEN8-20,2026-04-05,pts,19.5,10.82325,8.67675,0.083,0.07092384286907782,0.0,1.0
KXNBAPTS-26APR05PHXCHI-PHXGALLEN8-25,2026-04-05,pts,24.5,10.82325,13.67675,0.02,0.01853292453608213,0.0,1.0
KXNBAPTS-26APR05PHXCHI-PHXJGREEN4-15,2026-04-05,pts,14.5,13.06925,1.4307499999999997,0.373,0.3616269687578252,1.0,1.0
KXNBAPTS-26APR05PHXCHI-PHXJGREEN4-20,2026-04-05,pts,19.5,13.06925,6.43075,0.162,0.1515977660934199,1.0,1.0
KXNBAPTS-26APR05PHXCHI-PHXJGREEN4-25,2026-04-05,pts,24.5,13.06925,11.43075,0.056,0.05346784045292985,1.0,1.0
KXNBAPTS-26APR05PHXCHI-PHXJGREEN4-30,2026-04-05,pts,29.5,13.06925,16.43075,0.01425,0.016593687959842285,0.0,1.0
KXNBAPTS-26APR05PHXCHI-PHXMWILLIAMS15-10,2026-04-05,pts,9.5,6.9645,2.5355,0.24925,0.22807366521225325,1.0,1.0
KXNBAPTS-26APR05PHXCHI-PHXMWILLIAMS15-15,2026-04-05,pts,14.5,6.9645,7.5355,0.06325,0.042426235694703274,0.0,1.0
KXNBAPTS-26APR05PHXCHI-PHXMWILLIAMS15-20,2026-04-05,pts,19.5,6.9645,12.535499999999999,0.0095,0.005684851464212715,0.0,1.0
KXNBAREB-26APR05PHXCHI-PHXDBROOKS3-10,2026-04-05,reb,9.5,2.8565,6.6434999999999995,0.0025,0.003552259610131059,0.0,1.0
KXNBAREB-26APR05PHXCHI-PHXDBROOKS3-2,2026-04-05,reb,1.5,2.8565,-1.3565,0.73625,0.7395786053370621,1.0,1.0
KXNBAREB-26APR05PHXCHI-PHXDBROOKS3-4,2026-04-05,reb,3.5,2.8565,0.6435,0.32625,0.32318797147096134,1.0,1.0
KXNBAREB-26APR05PHXCHI-PHXDBROOKS3-6,2026-04-05,reb,5.5,2.8565,2.6435,0.09525,0.09370709823592682,0.0,1.0
KXNBAREB-26APR05PHXCHI-PHXDBROOKS3-8,2026-04-05,reb,7.5,2.8565,4.6434999999999995,0.01925,0.020292635988097496,0.0,1.0
KXNBAREB-26APR05PHXCHI-PHXJGREEN4-2,2026-04-05,reb,1.5,3.413,-1.9129999999999998,0.8205,0.81272585713329,1.0,1.0
KXNBAREB-26APR05PHXCHI-PHXJGREEN4-4,2026-04-05,reb,3.5,3.413,0.08700000000000019,0.43775,0.43094112670921714,1.0,1.0
KXNBAREB-26APR05PHXCHI-PHXJGREEN4-5,2026-04-05,reb,4.5,3.413,1.0870000000000002,0.27175,0.27146834107006557,0.0,1.0
KXNBAREB-26APR05PHXCHI-PHXJGREEN4-6,2026-04-05,reb,5.5,3.413,2.087,0.1495,0.15791968903159892,0.0,1.0
KXNBAREB-26APR05PHXCHI-PHXJGREEN4-8,2026-04-05,reb,7.5,3.413,4.087,0.03625,0.04395886985148756,0.0,1.0
KXNBAREB-26APR05PHXCHI-PHXMWILLIAMS15-10,2026-04-05,reb,9.5,5.7235,3.7765000000000004,0.08575,0.10969105836802129,0.0,1.0
KXNBAREB-26APR05PHXCHI-PHXMWILLIAMS15-2,2026-04-05,reb,1.5,5.7235,-4.2235,0.9575,0.9503642688475533,1.0,1.0
KXNBAREB-26APR05PHXCHI-PHXMWILLIAMS15-4,2026-04-05,reb,3.5,5.7235,-2.2234999999999996,0.7855,0.7570884039744694,1.0,1.0
KXNBAREB-26APR05PHXCHI-PHXMWILLIAMS15-6,2026-04-05,reb,5.5,5.7235,-0.2234999999999996,0.504,0.4819782665285399,1.0,1.0
KXNBAREB-26APR05PHXCHI-PHXMWILLIAMS15-8,2026-04-05,reb,7.5,5.7235,1.7765000000000004,0.23925,0.2501648147807861,1.0,1.0
KXNBAAST-26APR05PHXCHI-PHXDBOOKER1-10,2026-04-05,ast,9.5,4.21025,5.28975,0.015,0.028589670170261927,0.0,1.0
KXNBAAST-26APR05PHXCHI-PHXDBOOKER1-12,2026-04-05,ast,11.5,4.21025,7.28975,0.00225,0.007260261312352578,0.0,1.0
KXNBAAST-26APR05PHXCHI-PHXDBOOKER1-6,2026-04-05,ast,5.5,4.21025,1.2897499999999997,0.25875,0.26658320002048874,0.0,1.0
KXNBAAST-26APR05PHXCHI-PHXDBOOKER1-7,2026-04-05,ast,6.5,4.21025,2.2897499999999997,0.136,0.1648941855756313,0.0,1.0
KXNBAAST-26APR05PHXCHI-PHXDBOOKER1-8,2026-04-05,ast,7.5,4.21025,3.2897499999999997,0.064,0.09641611643777637,0.0,1.0
KXNBAAST-26APR05PHXCHI-PHXDBROOKS3-10,2026-04-05,ast,9.5,1.18925,8.31075,0.0,5.967286892616386e-06,0.0,1.0
KXNBAAST-26APR05PHXCHI-PHXDBROOKS3-2,2026-04-05,ast,1.5,1.18925,0.3107500000000001,0.33025,0.32969365466254286,1.0,1.0
KXNBAAST-26APR05PHXCHI-PHXDBROOKS3-4,2026-04-05,ast,3.5,1.18925,2.31075,0.04175,0.04098617898921997,0.0,1.0
KXNBAAST-26APR05PHXCHI-PHXDBROOKS3-6,2026-04-05,ast,5.5,1.18925,4.3107500000000005,0.00125,0.002946639877439372,0.0,1.0
KXNBAAST-26APR05PHXCHI-PHXDBROOKS3-8,2026-04-05,ast,7.5,1.18925,6.3107500000000005,0.0,0.0001496164749136275,0.0,1.0
KXNBAAST-26APR05PHXCHI-PHXJGREEN4-2,2026-04-05,ast,1.5,2.4465,-0.9464999999999999,0.68725,0.6697839067808411,1.0,1.0
KXNBAAST-26APR05PHXCHI-PHXJGREEN4-3,2026-04-05,ast,2.5,2.4465,0.0535000000000001,0.43275,0.43028329644722085,1.0,1.0
KXNBAAST-26APR05PHXCHI-PHXJGREEN4-4,2026-04-05,ast,3.5,2.4465,1.0535,0.23525,0.24157755672120962,1.0,1.0
KXNBAAST-26APR05PHXCHI-PHXJGREEN4-6,2026-04-05,ast,5.5,2.4465,3.0535,0.04725,0.055553181361178705,0.0,1.0
KXNBAAST-26APR05PHXCHI-PHXJGREEN4-8,2026-04-05,ast,7.5,2.4465,5.0535,0.0055,0.009351689636476923,0.0,1.0
KXNBA3PT-26APR05PHXCHI-PHXDBOOKER1-1,2026-04-05,fg3m,0.5,1.3625,-0.8625,0.746,0.7145470728879666,1.0,1.0
KXNBA3PT-26APR05PHXCHI-PHXDBOOKER1-2,2026-04-05,fg3m,1.5,1.3625,0.13749999999999996,0.39625,0.38452268723250094,1.0,1.0
KXNBA3PT-26APR05PHXCHI-PHXDBOOKER1-3,2026-04-05,fg3m,2.5,1.3625,1.1375,0.154,0.16875312964692957,1.0,1.0
KXNBA3PT-26APR05PHXCHI-PHXDBOOKER1-4,2026-04-05,fg3m,3.5,1.3625,2.1375,0.0485,0.0638134336299444,0.0,1.0
KXNBA3PT-26APR05PHXCHI-PHXDBOOKER1-5,2026-04-05,fg3m,4.5,1.3625,3.1375,0.014,0.021561901941734463,0.0,1.0
KXNBAPTS-26APR05INDCLE-CLEDMITCHELL45-25,2026-04-05,pts,24.5,17.8475,6.6525,0.16875,0.19504866700669155,1.0,1.0
KXNBAPTS-26APR05INDCLE-CLEDMITCHELL45-30,2026-04-05,pts,29.5,17.8475,11.6525,0.0595,0.0917656035286819,1.0,1.0
KXNBAPTS-26APR05INDCLE-CLEDMITCHELL45-35,2026-04-05,pts,34.5,17.8475,16.6525,0.0145,0.039570505355373875,1.0,1.0
KXNBAPTS-26APR05INDCLE-CLEDMITCHELL45-40,2026-04-05,pts,39.5,17.8475,21.6525,0.00325,0.0159132350493153,0.0,1.0
KXNBAPTS-26APR05INDCLE-CLEDSCHRODER8-10,2026-04-05,pts,9.5,6.2635,3.2365000000000004,0.20825,0.17000860623721414,0.0,1.0
KXNBAPTS-26APR05INDCLE-CLEDSCHRODER8-15,2026-04-05,pts,14.5,6.2635,8.2365,0.0455,0.024989778920071926,0.0,1.0
KXNBAPTS-26APR05INDCLE-CLEDSCHRODER8-20,2026-04-05,pts,19.5,6.2635,13.2365,0.005,0.00261826953538824,0.0,1.0
KXNBAPTS-26APR05INDCLE-CLEJHARDEN1-20,2026-04-05,pts,19.5,13.927,5.573,0.1805,0.18836062773480955,1.0,1.0
KXNBAPTS-26APR05INDCLE-CLEJHARDEN1-25,2026-04-05,pts,24.5,13.927,10.573,0.0595,0.07276130032880124,1.0,1.0
KXNBAPTS-26APR05INDCLE-CLEJHARDEN1-30,2026-04-05,pts,29.5,13.927,15.573,0.01475,0.02480908207135335,0.0,1.0
KXNBAPTS-26APR05INDCLE-CLEJHARDEN1-35,2026-04-05,pts,34.5,13.927,20.573,0.002,0.007687916218054758,0.0,1.0
KXNBAREB-26APR05INDCLE-CLEDMITCHELL45-2,2026-04-05,reb,1.5,3.38025,-1.8802500000000002,0.8405,0.8090618992866314,1.0,1.0
KXNBAREB-26APR05INDCLE-CLEDMITCHELL45-4,2026-04-05,reb,3.5,3.38025,0.1197499999999998,0.42825,0.42480385890153294,1.0,1.0
KXNBAREB-26APR05INDCLE-CLEDMITCHELL45-5,2026-04-05,reb,4.5,3.38025,1.1197499999999998,0.25125,0.26602566659807114,1.0,1.0
KXNBAREB-26APR05INDCLE-CLEDMITCHELL45-6,2026-04-05,reb,5.5,3.38025,2.11975,0.1385,0.1537864686819519,1.0,1.0
KXNBAREB-26APR05INDCLE-CLEDMITCHELL45-8,2026-04-05,reb,7.5,3.38025,4.11975,0.03025,0.042247779711839795,0.0,1.0
KXNBAREB-26APR05INDCLE-CLEJHARDEN1-10,2026-04-05,reb,9.5,3.9185,5.5815,0.0105,0.020713264690090383,0.0,1.0
KXNBAREB-26APR05INDCLE-CLEJHARDEN1-2,2026-04-05,reb,1.5,3.9185,-2.4185,0.8945,0.86096127977211,1.0,1.0
KXNBAREB-26APR05INDCLE-CLEJHARDEN1-4,2026-04-05,reb,3.5,3.9185,-0.41849999999999987,0.54925,0.5209868665296374,1.0,1.0
KXNBAREB-26APR05INDCLE-CLEJHARDEN1-6,2026-04-05,reb,5.5,3.9185,1.5815000000000001,0.20975,0.2257360804249956,0.0,1.0
KXNBAREB-26APR05INDCLE-CLEJHARDEN1-8,2026-04-05,reb,7.5,3.9185,3.5815,0.0515,0.0754622647613008,0.0,1.0
KXNBAAST-26APR05INDCLE-CLEDMITCHELL45-2,2026-04-05,ast,1.5,3.43475,-1.9347500000000002,0.85,0.8171033601320752,1.0,1.0
KXNBAAST-26APR05INDCLE-CLEDMITCHELL45-4,2026-04-05,ast,3.5,3.43475,0.06524999999999981,0.42875,0.43565651515993886,1.0,1.0
KXNBAAST-26APR05INDCLE-CLEDMITCHELL45-5,2026-04-05,ast,4.5,3.43475,1.0652499999999998,0.25775,0.2746239031579655,1.0,1.0
KXNBAAST-26APR05INDCLE-CLEDMITCHELL45-6,2026-04-05,ast,5.5,3.43475,2.06525,0.145,0.15959522049829422,1.0,1.0
KXNBAAST-26APR05INDCLE-CLEDMITCHELL45-8,2026-04-05,ast,7.5,3.43475,4.06525,0.0315,0.04411900705239802,0.0,1.0
KXNBAAST-26APR05INDCLE-CLEDSCHRODER8-2,2026-04-05,ast,1.5,2.71325,-1.21325,0.7355,0.7182659163491869,1.0,1.0
KXNBAAST-26APR05INDCLE-CLEDSCHRODER8-3,2026-04-05,ast,2.5,2.71325,-0.21324999999999994,0.48725,0.490030701552841,1.0,1.0
KXNBAAST-26APR05INDCLE-CLEDSCHRODER8-4,2026-04-05,ast,3.5,2.71325,0.7867500000000001,0.29175,0.29454439800366217,0.0,1.0
KXNBAAST-26APR05INDCLE-CLEDSCHRODER8-6,2026-04-05,ast,5.5,2.71325,2.78675,0.07475,0.07860962291901297,0.0,1.0
KXNBAAST-26APR05INDCLE-CLEDSCHRODER8-8,2026-04-05,ast,7.5,2.71325,4.78675,0.011,0.015482067638281305,0.0,1.0
KXNBAAST-26APR05INDCLE-CLEJHARDEN1-10,2026-04-05,ast,9.5,4.97325,4.52675,0.03525,0.06130163461482796,0.0,1.0
KXNBAAST-26APR05INDCLE-CLEJHARDEN1-12,2026-04-05,ast,11.5,4.97325,6.52675,0.007,0.019391130973754,0.0,1.0
KXNBAAST-26APR05INDCLE-CLEJHARDEN1-4,2026-04-05,ast,3.5,4.97325,-1.4732500000000002,0.7185,0.6776123512029371,1.0,1.0
KXNBAAST-26APR05INDCLE-CLEJHARDEN1-6,2026-04-05,ast,5.5,4.97325,0.5267499999999998,0.381,0.37802986465105604,1.0,1.0
KXNBAAST-26APR05INDCLE-CLEJHARDEN1-8,2026-04-05,ast,7.5,4.97325,2.52675,0.14075,0.16709392624995334,0.0,1.0
KXNBA3PT-26APR05INDCLE-CLEDMITCHELL45-1,2026-04-05,fg3m,0.5,1.967,-1.467,0.8605,0.8262477683850414,1.0,1.0
KXNBA3PT-26APR05INDCLE-CLEDMITCHELL45-2,2026-04-05,fg3m,1.5,1.967,-0.4670000000000001,0.572,0.5545002214499986,1.0,1.0
KXNBA3PT-26APR05INDCLE-CLEDMITCHELL45-3,2026-04-05,fg3m,2.5,1.967,0.5329999999999999,0.3125,0.31415611184442815,0.0,1.0
KXNBA3PT-26APR05INDCLE-CLEDMITCHELL45-4,2026-04-05,fg3m,3.5,1.967,1.533,0.144,0.15602882323857614,0.0,1.0
KXNBA3PT-26APR05INDCLE-CLEDMITCHELL45-5,2026-04-05,fg3m,4.5,1.967,2.533,0.05675,0.06990303881102011,0.0,1.0
KXNBA3PT-26APR05INDCLE-CLEJHARDEN1-1,2026-04-05,fg3m,0.5,2.035,-1.5350000000000001,0.87325,0.8353613666295875,1.0,1.0
KXNBA3PT-26APR05INDCLE-CLEJHARDEN1-2,2026-04-05,fg3m,1.5,2.035,-0.5350000000000001,0.60125,0.5708393496241839,1.0,1.0
KXNBA3PT-26APR05INDCLE-CLEJHARDEN1-3,2026-04-05,fg3m,2.5,2.035,0.46499999999999986,0.33825,0.3305002067678481,1.0,1.0
KXNBA3PT-26APR05INDCLE-CLEJHARDEN1-4,2026-04-05,fg3m,3.5,2.035,1.4649999999999999,0.1495,0.16806031879892513,1.0,1.0
KXNBA3PT-26APR05INDCLE-CLEJHARDEN1-5,2026-04-05,fg3m,4.5,2.035,2.465,0.052,0.07717078421985146,1.0,1.0
KXNBAPTS-26APR05LALDAL-DALCFLAGG32-20,2026-04-05,pts,19.5,15.38625,4.11375,0.24475,0.25516909305319246,1.0,1.0
KXNBAPTS-26APR05LALDAL-DALCFLAGG32-25,2026-04-05,pts,24.5,15.38625,9.11375,0.0855,0.11253890253221654,1.0,1.0
KXNBAPTS-26APR05LALDAL-DALCFLAGG32-30,2026-04-05,pts,29.5,15.38625,14.11375,0.0235,0.0440440774361871,1.0,1.0
KXNBAPTS-26APR05LALDAL-DALCFLAGG32-35,2026-04-05,pts,34.5,15.38625,19.11375,0.0045,0.015714891804810227,1.0,1.0
KXNBAPTS-26APR05LALDAL-DALDGAFFORD21-10,2026-04-05,pts,9.5,7.44275,2.05725,0.2895,0.2693507178481205,0.0,1.0
KXNBAPTS-26APR05LALDAL-DALDGAFFORD21-15,2026-04-05,pts,14.5,7.44275,7.05725,0.078,0.057570873514840915,0.0,1.0
KXNBAPTS-26APR05LALDAL-DALDGAFFORD21-20,2026-04-05,pts,19.5,7.44275,12.05725,0.01575,0.008927905689384286,0.0,1.0
KXNBAPTS-26APR05LALDAL-DALKTHOMPSON31-10,2026-04-05,pts,9.5,8.6115,0.8885000000000005,0.38625,0.3708061244311095,1.0,1.0
KXNBAPTS-26APR05LALDAL-DALKTHOMPSON31-15,2026-04-05,pts,14.5,8.6115,5.8885000000000005,0.133,0.1050542490564157,0.0,1.0
KXNBAPTS-26APR05LALDAL-DALKTHOMPSON31-20,2026-04-05,pts,19.5,8.6115,10.8885,0.03025,0.021981023884389383,0.0,1.0
KXNBAPTS-26APR05LALDAL-DALKTHOMPSON31-25,2026-04-05,pts,24.5,8.6115,15.8885,0.00475,0.003754456279744911,0.0,1.0
KXNBAPTS-26APR05LALDAL-DALMCHRISTIE00-10,2026-04-05,pts,9.5,7.908270676691729,1.5917293233082708,0.3333333333333333,0.30996379913848915,0.0,0.49875
KXNBAPTS-26APR05LALDAL-DALMCHRISTIE00-15,2026-04-05,pts,14.5,7.908270676691729,6.591729323308271,0.09924812030075188,0.07478108100242364,0.0,0.49875
KXNBAPTS-26APR05LALDAL-DALMCHRISTIE00-20,2026-04-05,pts,19.5,7.908270676691729,11.591729323308272,0.018546365914786967,0.013182552409481962,0.0,0.49875
KXNBAPTS-26APR05LALDAL-DALMCHRISTIE00-25,2026-04-05,pts,24.5,7.908270676691729,16.59172932330827,0.0030075187969924814,0.0018882611378442382,0.0,0.49875
KXNBAPTS-26APR05LALDAL-DALNMARSHALL13-10,2026-04-05,pts,9.5,11.559,-2.0589999999999993,0.60875,0.5937987150313295,1.0,1.0
KXNBAPTS-26APR05LALDAL-DALNMARSHALL13-15,2026-04-05,pts,14.5,11.559,2.9410000000000007,0.276,0.2693678669526548,0.0,1.0
KXNBAPTS-26APR05LALDAL-DALNMARSHALL13-20,2026-04-05,pts,19.5,11.559,7.941000000000001,0.09225,0.09433435617608465,0.0,1.0
KXNBAPTS-26APR05LALDAL-DALNMARSHALL13-25,2026-04-05,pts,24.5,11.559,12.941,0.02275,0.027509781659104227,0.0,1.0
KXNBAPTS-26APR05LALDAL-DALPWASHINGTON25-10,2026-04-05,pts,9.5,10.0315,-0.5314999999999994,0.499,0.4864022563311934,1.0,1.0
KXNBAPTS-26APR05LALDAL-DALPWASHINGTON25-15,2026-04-05,pts,14.5,10.0315,4.468500000000001,0.19075,0.17879882319821927,1.0,1.0
KXNBAPTS-26APR05LALDAL-DALPWASHINGTON25-20,2026-04-05,pts,19.5,10.0315,9.4685,0.05175,0.04959631002819054,0.0,1.0
KXNBAPTS-26APR05LALDAL-DALPWASHINGTON25-25,2026-04-05,pts,24.5,10.0315,14.4685,0.00825,0.011337688163610471,0.0,1.0
KXNBAPTS-26APR05LALDAL-LALDAYTON5-10,2026-04-05,pts,9.5,7.74125,1.75875,0.3195,0.2953842760701,1.0,1.0
KXNBAPTS-26APR05LALDAL-LALDAYTON5-15,2026-04-05,pts,14.5,7.74125,6.75875,0.07975,0.06833396755893928,0.0,1.0
KXNBAPTS-26APR05LALDAL-LALDAYTON5-20,2026-04-05,pts,19.5,7.74125,11.75875,0.01375,0.011521586201813427,0.0,1.0
KXNBAPTS-26APR05LALDAL-LALDAYTON5-25,2026-04-05,pts,24.5,7.74125,16.75875,0.00125,0.0015767731201972168,0.0,1.0
KXNBAPTS-26APR05LALDAL-LALLJAMES23-20,2026-04-05,pts,19.5,14.057,5.443,0.1885,0.1941307400465303,1.0,1.0
KXNBAPTS-26APR05LALDAL-LALLJAMES23-25,2026-04-05,pts,24.5,14.057,10.443,0.0625,0.07596203161102266,1.0,1.0
KXNBAPTS-26APR05LALDAL-LALLJAMES23-30,2026-04-05,pts,29.5,14.057,15.443,0.0145,0.026248467875309434,1.0,1.0
KXNBAPTS-26APR05LALDAL-LALLJAMES23-35,2026-04-05,pts,34.5,14.057,20.442999999999998,0.00275,0.008245529997925716,0.0,1.0
KXNBAREB-26APR05LALDAL-DALCFLAGG32-10,2026-04-05,reb,9.5,4.39125,5.10875,0.021,0.036061855670783904,0.0,1.0
KXNBAREB-26APR05LALDAL-DALCFLAGG32-12,2026-04-05,reb,11.5,4.39125,7.10875,0.00375,0.009911706971297174,0.0,1.0
KXNBAREB-26APR05LALDAL-DALCFLAGG32-6,2026-04-05,reb,5.5,4.39125,1.1087499999999997,0.28125,0.29344468932413525,1.0,1.0
KXNBAREB-26APR05LALDAL-DALCFLAGG32-7,2026-04-05,reb,6.5,4.39125,2.1087499999999997,0.17125,0.1871463125064724,1.0,1.0
KXNBAREB-26APR05LALDAL-DALCFLAGG32-8,2026-04-05,reb,7.5,4.39125,3.1087499999999997,0.09375,0.11311299505633154,1.0,1.0
KXNBAREB-26APR05LALDAL-DALDGAFFORD21-10,2026-04-05,reb,9.5,4.49225,5.00775,0.0325,0.04006628570320103,0.0,1.0
KXNBAREB-26APR05LALDAL-DALDGAFFORD21-12,2026-04-05,reb,11.5,4.49225,7.00775,0.009,0.011346412647066817,0.0,1.0
KXNBAREB-26APR05LALDAL-DALDGAFFORD21-6,2026-04-05,reb,5.5,4.49225,1.0077499999999997,0.3055,0.30813059764192197,1.0,1.0
KXNBAREB-26APR05LALDAL-DALDGAFFORD21-7,2026-04-05,reb,6.5,4.49225,2.0077499999999997,0.189,0.19917480559596312,1.0,1.0
KXNBAREB-26APR05LALDAL-DALDGAFFORD21-8,2026-04-05,reb,7.5,4.49225,3.0077499999999997,0.11375,0.12207883536165498,0.0,1.0
KXNBAREB-26APR05LALDAL-DALMCHRISTIE00-2,2026-04-05,reb,1.5,2.581453634085213,-1.081453634085213,0.7147869674185464,0.6935794850355684,0.0,0.49875
KXNBAREB-26APR05LALDAL-DALMCHRISTIE00-3,2026-04-05,reb,2.5,2.581453634085213,-0.081453634085213,0.47368421052631576,0.4602485363762212,0.0,0.49875
KXNBAREB-26APR05LALDAL-DALMCHRISTIE00-4,2026-04-05,reb,3.5,2.581453634085213,0.918546365914787,0.2721804511278195,0.2686017194018664,0.0,0.49875
KXNBAREB-26APR05LALDAL-DALMCHRISTIE00-6,2026-04-05,reb,5.5,2.581453634085213,2.918546365914787,0.05012531328320802,0.06760818726531481,0.0,0.49875
KXNBAREB-26APR05LALDAL-DALMCHRISTIE00-8,2026-04-05,reb,7.5,2.581453634085213,4.918546365914787,0.007017543859649123,0.01260583170266083,0.0,0.49875
KXNBAREB-26APR05LALDAL-DALPWASHINGTON25-10,2026-04-05,reb,9.5,4.57225,4.92775,0.0275,0.043424338187999956,0.0,1.0
KXNBAREB-26APR05LALDAL-DALPWASHINGTON25-2,2026-04-05,reb,1.5,4.57225,-3.0722500000000004,0.932,0.9049207522233742,1.0,1.0
KXNBAREB-26APR05LALDAL-DALPWASHINGTON25-4,2026-04-05,reb,3.5,4.57225,-1.0722500000000004,0.6435,0.6221871417446609,1.0,1.0
KXNBAREB-26APR05LALDAL-DALPWASHINGTON25-6,2026-04-05,reb,5.5,4.57225,0.9277499999999996,0.319,0.31977533781036216,1.0,1.0
KXNBAREB-26APR05LALDAL-DALPWASHINGTON25-8,2026-04-05,reb,7.5,4.57225,2.9277499999999996,0.10375,0.1293899944032716,0.0,1.0
KXNBAREB-26APR05LALDAL-LALDAYTON5-10,2026-04-05,reb,9.5,5.0955,4.4045,0.0555,0.06946300985857934,0.0,1.0
KXNBAREB-26APR05LALDAL-LALDAYTON5-12,2026-04-05,reb,11.5,5.0955,6.4045,0.017,0.02309706520079713,0.0,1.0
KXNBAREB-26APR05LALDAL-LALDAYTON5-14,2026-04-05,reb,13.5,5.0955,8.404499999999999,0.0045,0.006849460963527343,0.0,1.0
KXNBAREB-26APR05LALDAL-LALDAYTON5-6,2026-04-05,reb,5.5,5.0955,0.40449999999999964,0.405,0.39535290794797084,0.0,1.0
KXNBAREB-26APR05LALDAL-LALDAYTON5-8,2026-04-05,reb,7.5,5.0955,2.4044999999999996,0.1685,0.1812108527091144,0.0,1.0
KXNBAREB-26APR05LALDAL-LALLJAMES23-10,2026-04-05,reb,9.5,4.455,5.045,0.02175,0.03855895129997,0.0,1.0
KXNBAREB-26APR05LALDAL-LALLJAMES23-12,2026-04-05,reb,11.5,4.455,7.045,0.00375,0.010801046319238838,0.0,1.0
KXNBAREB-26APR05LALDAL-LALLJAMES23-4,2026-04-05,reb,3.5,4.455,-0.9550000000000001,0.6305,0.6053829197121121,1.0,1.0
KXNBAREB-26APR05LALDAL-LALLJAMES23-6,2026-04-05,reb,5.5,4.455,1.045,0.295,0.3027110618011194,1.0,1.0
KXNBAREB-26APR05LALDAL-LALLJAMES23-8,2026-04-05,reb,7.5,4.455,3.045,0.10125,0.1187371017310751,1.0,1.0
KXNBAAST-26APR05LALDAL-DALMCHRISTIE00-2,2026-04-05,ast,1.5,1.4521303258145364,0.04786967418546362,0.42155388471177946,0.41620445118468297,1.0,0.49875
KXNBAAST-26APR05LALDAL-DALMCHRISTIE00-3,2026-04-05,ast,2.5,1.4521303258145364,1.0478696741854636,0.1774436090225564,0.18710635629394634,0.0,0.49875
KXNBAAST-26APR05LALDAL-DALMCHRISTIE00-4,2026-04-05,ast,3.5,1.4521303258145364,2.0478696741854634,0.058646616541353384,0.07123496186308476,0.0,0.49875
KXNBAAST-26APR05LALDAL-DALMCHRISTIE00-6,2026-04-05,ast,5.5,1.4521303258145364,4.047869674185463,0.007017543859649123,0.007194979157865489,0.0,0.49875
KXNBAAST-26APR05LALDAL-DALMCHRISTIE00-8,2026-04-05,ast,7.5,1.4521303258145364,6.047869674185463,0.0005012531328320802,0.0005169364230924733,0.0,0.49875
KXNBAAST-26APR05LALDAL-DALPWASHINGTON25-10,2026-04-05,ast,9.5,1.33275,8.16725,0.0,1.4912731966298942e-05,0.0,1.0
KXNBAAST-26APR05LALDAL-DALPWASHINGTON25-2,2026-04-05,ast,1.5,1.33275,0.1672499999999999,0.3795,0.37776117421833244,0.0,1.0
KXNBAAST-26APR05LALDAL-DALPWASHINGTON25-4,2026-04-05,ast,3.5,1.33275,2.16725,0.0545,0.05646618868705111,0.0,1.0
KXNBAAST-26APR05LALDAL-DALPWASHINGTON25-6,2026-04-05,ast,5.5,1.33275,4.16725,0.0045,0.00493523518029626,0.0,1.0
KXNBAAST-26APR05LALDAL-DALPWASHINGTON25-8,2026-04-05,ast,7.5,1.33275,6.16725,0.0,0.00030582729196626524,0.0,1.0
KXNBAAST-26APR05LALDAL-LALLJAMES23-10,2026-04-05,ast,9.5,4.76225,4.73775,0.02875,0.05074317671774986,1.0,1.0
KXNBAAST-26APR05LALDAL-LALLJAMES23-12,2026-04-05,ast,11.5,4.76225,6.73775,0.00625,0.015180906659469584,1.0,1.0
KXNBAAST-26APR05LALDAL-LALLJAMES23-14,2026-04-05,ast,13.5,4.76225,8.73775,0.002,0.004026233348584207,1.0,1.0
KXNBAAST-26APR05LALDAL-LALLJAMES23-6,2026-04-05,ast,5.5,4.76225,0.7377500000000001,0.34875,0.34730358578015696,1.0,1.0
KXNBAAST-26APR05LALDAL-LALLJAMES23-8,2026-04-05,ast,7.5,4.76225,2.73775,0.11975,0.14596575755941676,1.0,1.0
KXNBA3PT-26APR05LALDAL-DALCFLAGG32-1,2026-04-05,fg3m,0.5,0.8005,-0.3005,0.546,0.5329172848803589,1.0,1.0
KXNBA3PT-26APR05LALDAL-DALCFLAGG32-2,2026-04-05,fg3m,1.5,0.8005,0.6995,0.19125,0.19450531215311528,1.0,1.0
KXNBA3PT-26APR05LALDAL-DALCFLAGG32-3,2026-04-05,fg3m,2.5,0.8005,1.6995,0.05,0.05585199874338931,0.0,1.0
KXNBA3PT-26APR05LALDAL-DALCFLAGG32-4,2026-04-05,fg3m,3.5,0.8005,2.6995,0.0115,0.013592895573751429,0.0,1.0
KXNBA3PT-26APR05LALDAL-DALCFLAGG32-5,2026-04-05,fg3m,4.5,0.8005,3.6995,0.0015,0.0029302904789226814,0.0,1.0
KXNBA3PT-26APR05LALDAL-LALLJAMES23-1,2026-04-05,fg3m,0.5,0.91925,-0.41925,0.596,0.5802006625339726,1.0,1.0
KXNBA3PT-26APR05LALDAL-LALLJAMES23-2,2026-04-05,fg3m,1.5,0.91925,0.58075,0.23525,0.2357763053973444,0.0,1.0
KXNBA3PT-26APR05LALDAL-LALLJAMES23-3,2026-04-05,fg3m,2.5,0.91925,1.58075,0.07175,0.0759756436702479,0.0,1.0
KXNBA3PT-26APR05LALDAL-LALLJAMES23-4,2026-04-05,fg3m,3.5,0.91925,2.58075,0.01425,0.020822689298288233,0.0,1.0
KXNBA3PT-26APR05LALDAL-LALLJAMES23-5,2026-04-05,fg3m,4.5,0.91925,3.58075,0.002,0.005064293150621402,0.0,1.0
KXNBAPTS-26APR05HOUGSW-GSWDGREEN23-10,2026-04-05,pts,9.5,6.2045,3.2954999999999997,0.2005,0.16532705055667563,0.0,1.0
KXNBAPTS-26APR05HOUGSW-GSWDGREEN23-15,2026-04-05,pts,14.5,6.2045,8.2955,0.045,0.02377724707076101,0.0,1.0
KXNBAPTS-26APR05HOUGSW-GSWDGREEN23-20,2026-04-05,pts,19.5,6.2045,13.2955,0.0055,0.0024353293622380034,0.0,1.0
KXNBAPTS-26APR05HOUGSW-GSWKPORZINGIS7-15,2026-04-05,pts,14.5,11.591,2.9090000000000007,0.284,0.2713225810340175,0.0,1.0
KXNBAPTS-26APR05HOUGSW-GSWKPORZINGIS7-20,2026-04-05,pts,19.5,11.591,7.909000000000001,0.107,0.09542587562769178,0.0,1.0
KXNBAPTS-26APR05HOUGSW-GSWKPORZINGIS7-25,2026-04-05,pts,24.5,11.591,12.909,0.033,0.027953374938663234,0.0,1.0
KXNBAPTS-26APR05HOUGSW-GSWKPORZINGIS7-30,2026-04-05,pts,29.5,11.591,17.909,0.00775,0.0071672346634902295,0.0,1.0
KXNBAPTS-26APR05HOUGSW-HOUASENGUN28-15,2026-04-05,pts,14.5,14.70925,-0.20925000000000082,0.483,0.45741716372217567,1.0,1.0
KXNBAPTS-26APR05HOUGSW-HOUASENGUN28-20,2026-04-05,pts,19.5,14.70925,4.790749999999999,0.21025,0.22368874579683284,1.0,1.0
KXNBAPTS-26APR05HOUGSW-HOUASENGUN28-25,2026-04-05,pts,24.5,14.70925,9.79075,0.071,0.09306352077467905,0.0,1.0
KXNBAPTS-26APR05HOUGSW-HOUASENGUN28-30,2026-04-05,pts,29.5,14.70925,14.79075,0.016,0.03427295824604959,0.0,1.0
KXNBAPTS-26APR05HOUGSW-HOUATHOMPSON1-15,2026-04-05,pts,14.5,13.33425,1.1657499999999992,0.3975,0.3775671964702141,1.0,1.0
KXNBAPTS-26APR05HOUGSW-HOUATHOMPSON1-20,2026-04-05,pts,19.5,13.33425,6.165749999999999,0.14525,0.16268804070951814,0.0,1.0
KXNBAPTS-26APR05HOUGSW-HOUATHOMPSON1-25,2026-04-05,pts,24.5,13.33425,11.16575,0.04175,0.05908390115457651,0.0,1.0
KXNBAPTS-26APR05HOUGSW-HOUATHOMPSON1-30,2026-04-05,pts,29.5,13.33425,16.16575,0.01,0.01889944883345318,0.0,1.0
KXNBAPTS-26APR05HOUGSW-HOUJSMITH10-10,2026-04-05,pts,9.5,11.62475,-2.1247500000000006,0.6,0.597978867945377,1.0,1.0
KXNBAPTS-26APR05HOUGSW-HOUJSMITH10-15,2026-04-05,pts,14.5,11.62475,2.8752499999999994,0.28775,0.27338529989741644,1.0,1.0
KXNBAPTS-26APR05HOUGSW-HOUJSMITH10-20,2026-04-05,pts,19.5,11.62475,7.875249999999999,0.09975,0.09658341819726324,1.0,1.0
KXNBAPTS-26APR05HOUGSW-HOUJSMITH10-25,2026-04-05,pts,24.5,11.62475,12.87525,0.0295,0.028426133311603707,0.0,1.0
KXNBAPTS-26APR05HOUGSW-HOUKDURANT7-20,2026-04-05,pts,19.5,18.1605,1.339500000000001,0.39025,0.3857014468657016,1.0,1.0
KXNBAPTS-26APR05HOUGSW-HOUKDURANT7-25,2026-04-05,pts,24.5,18.1605,6.339500000000001,0.185,0.20651020361135386,1.0,1.0
KXNBAPTS-26APR05HOUGSW-HOUKDURANT7-30,2026-04-05,pts,29.5,18.1605,11.339500000000001,0.07175,0.09911537578485174,1.0,1.0
KXNBAPTS-26APR05HOUGSW-HOUKDURANT7-35,2026-04-05,pts,34.5,18.1605,16.3395,0.0225,0.04363067151990396,0.0,1.0
KXNBAPTS-26APR05HOUGSW-HOURSHEPPARD15-10,2026-04-05,pts,9.5,12.057,-2.5570000000000004,0.6265,0.6245451004704909,1.0,1.0
KXNBAPTS-26APR05HOUGSW-HOURSHEPPARD15-15,2026-04-05,pts,14.5,12.057,2.4429999999999996,0.315,0.29986704789275787,0.0,1.0
KXNBAPTS-26APR05HOUGSW-HOURSHEPPARD15-20,2026-04-05,pts,19.5,12.057,7.443,0.118,0.11196492425558113,0.0,1.0
KXNBAPTS-26APR05HOUGSW-HOURSHEPPARD15-25,2026-04-05,pts,24.5,12.057,12.443,0.03725,0.03493039692230748,0.0,1.0
KXNBAPTS-26APR05HOUGSW-HOUTEASON17-10,2026-04-05,pts,9.5,8.41125,1.0887499999999992,0.366,0.3536248682989851,0.0,1.0
KXNBAPTS-26APR05HOUGSW-HOUTEASON17-15,2026-04-05,pts,14.5,8.41125,6.088749999999999,0.11575,0.09594260225469575,0.0,1.0
KXNBAPTS-26APR05HOUGSW-HOUTEASON17-20,2026-04-05,pts,19.5,8.41125,11.08875,0.0295,0.019165749381996666,0.0,1.0
KXNBAREB-26APR05HOUGSW-GSWDGREEN23-10,2026-04-05,reb,9.5,3.796,5.704000000000001,0.0115,0.017606550945380772,0.0,1.0
KXNBAREB-26APR05HOUGSW-GSWDGREEN23-2,2026-04-05,reb,1.5,3.796,-2.296,0.871,0.8505939690814629,1.0,1.0
KXNBAREB-26APR05HOUGSW-GSWDGREEN23-4,2026-04-05,reb,3.5,3.796,-0.2959999999999998,0.5085,0.5000403817105781,1.0,1.0
KXNBAREB-26APR05HOUGSW-GSWDGREEN23-6,2026-04-05,reb,5.5,3.796,1.7040000000000002,0.1965,0.20871785033498325,1.0,1.0
KXNBAREB-26APR05HOUGSW-GSWDGREEN23-8,2026-04-05,reb,7.5,3.796,3.704,0.05275,0.06696150411021395,0.0,1.0
KXNBAREB-26APR05HOUGSW-GSWKPORZINGIS7-10,2026-04-05,reb,9.5,3.6,5.9,0.009,0.01332336756829211,0.0,1.0
KXNBAREB-26APR05HOUGSW-GSWKPORZINGIS7-2,2026-04-05,reb,1.5,3.6,-2.1,0.851,0.8323131972215692,1.0,1.0
KXNBAREB-26APR05HOUGSW-GSWKPORZINGIS7-4,2026-04-05,reb,3.5,3.6,-0.10000000000000009,0.478,0.4653259105483585,1.0,1.0
KXNBAREB-26APR05HOUGSW-GSWKPORZINGIS7-6,2026-04-05,reb,5.5,3.6,1.9,0.169,0.18220068826612223,1.0,1.0
KXNBAREB-26APR05HOUGSW-GSWKPORZINGIS7-8,2026-04-05,reb,7.5,3.6,3.9,0.04,0.0545041487353356,1.0,1.0
KXNBAREB-26APR05HOUGSW-HOUASENGUN28-10,2026-04-05,reb,9.5,6.4985,3.0015,0.14475,0.17082316930333352,0.0,1.0
KXNBAREB-26APR05HOUGSW-HOUASENGUN28-12,2026-04-05,reb,11.5,6.4985,5.0015,0.04825,0.07543747835312509,0.0,1.0
KXNBAREB-26APR05HOUGSW-HOUASENGUN28-6,2026-04-05,reb,5.5,6.4985,-0.9984999999999999,0.6105,0.5785101105982138,1.0,1.0
KXNBAREB-26APR05HOUGSW-HOUASENGUN28-8,2026-04-05,reb,7.5,6.4985,1.0015,0.33625,0.3398876511415827,0.0,1.0
KXNBAREB-26APR05HOUGSW-HOUASENGUN28-9,2026-04-05,reb,8.5,6.4985,2.0015,0.23025,0.24527784130288754,0.0,1.0
KXNBAREB-26APR05HOUGSW-HOUATHOMPSON1-10,2026-04-05,reb,9.5,6.2345,3.2655000000000003,0.119,0.14877487040882276,0.0,1.0
KXNBAREB-26APR05HOUGSW-HOUATHOMPSON1-12,2026-04-05,reb,11.5,6.2345,5.2655,0.03725,0.06275932588716104,0.0,1.0
KXNBAREB-26APR05HOUGSW-HOUATHOMPSON1-6,2026-04-05,reb,5.5,6.2345,-0.7344999999999997,0.5725,0.5471056178926432,0.0,1.0
KXNBAREB-26APR05HOUGSW-HOUATHOMPSON1-8,2026-04-05,reb,7.5,6.2345,1.2655000000000003,0.2985,0.3091249377915992,0.0,1.0
KXNBAREB-26APR05HOUGSW-HOUATHOMPSON1-9,2026-04-05,reb,8.5,6.2345,2.2655000000000003,0.191,0.21838405546908346,0.0,1.0
KXNBAREB-26APR05HOUGSW-HOUJSMITH10-10,2026-04-05,reb,9.5,5.42825,4.07175,0.072,0.08961722373223602,0.0,1.0
KXNBAREB-26APR05HOUGSW-HOUJSMITH10-12,2026-04-05,reb,11.5,5.42825,6.07175,0.0195,0.03219123230902676,0.0,1.0
KXNBAREB-26APR05HOUGSW-HOUJSMITH10-6,2026-04-05,reb,5.5,5.42825,0.07174999999999976,0.4455,0.4420212128264114,1.0,1.0
KXNBAREB-26APR05HOUGSW-HOUJSMITH10-7,2026-04-05,reb,6.5,5.42825,1.0717499999999998,0.30725,0.3173068729325108,1.0,1.0
KXNBAREB-26APR05HOUGSW-HOUJSMITH10-8,2026-04-05,reb,7.5,5.42825,2.0717499999999998,0.192,0.21705814836108872,1.0,1.0
KXNBAREB-26APR05HOUGSW-HOUKDURANT7-10,2026-04-05,reb,9.5,4.285,5.215,0.02225,0.03213005897569643,0.0,1.0
KXNBAREB-26APR05HOUGSW-HOUKDURANT7-2,2026-04-05,reb,1.5,4.285,-2.785,0.91775,0.8877363519778666,1.0,1.0
KXNBAREB-26APR05HOUGSW-HOUKDURANT7-4,2026-04-05,reb,3.5,4.285,-0.7850000000000001,0.594,0.5799667072648202,1.0,1.0
KXNBAREB-26APR05HOUGSW-HOUKDURANT7-6,2026-04-05,reb,5.5,4.285,1.2149999999999999,0.276,0.2780414691351474,1.0,1.0
KXNBAREB-26APR05HOUGSW-HOUKDURANT7-8,2026-04-05,reb,7.5,4.285,3.215,0.08375,0.10401452612381767,1.0,1.0
KXNBAREB-26APR05HOUGSW-HOUTEASON17-10,2026-04-05,reb,9.5,5.07025,4.42975,0.05075,0.06804548647608688,0.0,1.0
KXNBAREB-26APR05HOUGSW-HOUTEASON17-12,2026-04-05,reb,11.5,5.07025,6.42975,0.014,0.022486719847020553,0.0,1.0
KXNBAREB-26APR05HOUGSW-HOUTEASON17-6,2026-04-05,reb,5.5,5.07025,0.4297500000000003,0.40275,0.3917542586113312,0.0,1.0
KXNBAREB-26APR05HOUGSW-HOUTEASON17-7,2026-04-05,reb,6.5,5.07025,1.4297500000000003,0.26775,0.2712030215334087,0.0,1.0
KXNBAREB-26APR05HOUGSW-HOUTEASON17-8,2026-04-05,reb,7.5,5.07025,2.4297500000000003,0.162,0.17857013190227344,0.0,1.0
KXNBAAST-26APR05HOUGSW-GSWDGREEN23-10,2026-04-05,ast,9.5,3.46,6.04,0.00475,0.010289655961276511,1.0,1.0
KXNBAAST-26APR05HOUGSW-GSWDGREEN23-2,2026-04-05,ast,1.5,3.46,-1.96,0.84125,0.8198461391470999,1.0,1.0
KXNBAAST-26APR05HOUGSW-GSWDGREEN23-4,2026-04-05,ast,3.5,3.46,0.040000000000000036,0.44925,0.4403817091534932,1.0,1.0
KXNBAAST-26APR05HOUGSW-GSWDGREEN23-6,2026-04-05,ast,5.5,3.46,2.04,0.1485,0.1628312366368574,1.0,1.0
KXNBAAST-26APR05HOUGSW-GSWDGREEN23-8,2026-04-05,ast,7.5,3.46,4.04,0.03475,0.0454695539304516,1.0,1.0
KXNBAAST-26APR05HOUGSW-HOUASENGUN28-10,2026-04-05,ast,9.5,4.32525,5.17475,0.019,0.03256083353198147,0.0,1.0
KXNBAAST-26APR05HOUGSW-HOUASENGUN28-2,2026-04-05,ast,1.5,4.32525,-2.8252499999999996,0.9185,0.8922598387953808,1.0,1.0
KXNBAAST-26APR05HOUGSW-HOUASENGUN28-4,2026-04-05,ast,3.5,4.32525,-0.8252499999999996,0.61275,0.5878645838367615,1.0,1.0
KXNBAAST-26APR05HOUGSW-HOUASENGUN28-6,2026-04-05,ast,5.5,4.32525,1.1747500000000004,0.26625,0.2833063548335132,1.0,1.0
KXNBAAST-26APR05HOUGSW-HOUASENGUN28-8,2026-04-05,ast,7.5,4.32525,3.1747500000000004,0.08775,0.10597620910091932,0.0,1.0
KXNBAAST-26APR05HOUGSW-HOUATHOMPSON1-2,2026-04-05,ast,1.5,3.978,-2.478,0.89175,0.8677106590345283,1.0,1.0
KXNBAAST-26APR05HOUGSW-HOUATHOMPSON1-4,2026-04-05,ast,3.5,3.978,-0.4780000000000002,0.56175,0.5323016689778668,1.0,1.0
KXNBAAST-26APR05HOUGSW-HOUATHOMPSON1-5,2026-04-05,ast,4.5,3.978,0.5219999999999998,0.36725,0.3658674951757508,1.0,1.0
KXNBAAST-26APR05HOUGSW-HOUATHOMPSON1-6,2026-04-05,ast,5.5,3.978,1.5219999999999998,0.219,0.23325470719542896,1.0,1.0
KXNBAAST-26APR05HOUGSW-HOUATHOMPSON1-8,2026-04-05,ast,7.5,3.978,3.522,0.05675,0.078466732864102,0.0,1.0
KXNBAAST-26APR05HOUGSW-HOUKDURANT7-10,2026-04-05,ast,9.5,3.7805,5.7195,0.00875,0.01658393797064639,0.0,1.0
KXNBAAST-26APR05HOUGSW-HOUKDURANT7-2,2026-04-05,ast,1.5,3.7805,-2.2805,0.8815,0.8512259948209512,1.0,1.0
KXNBAAST-26APR05HOUGSW-HOUKDURANT7-4,2026-04-05,ast,3.5,3.7805,-0.28049999999999997,0.51375,0.49845656550733386,1.0,1.0
KXNBAAST-26APR05HOUGSW-HOUKDURANT7-6,2026-04-05,ast,5.5,3.7805,1.7195,0.18925,0.2056189068441897,1.0,1.0
KXNBAAST-26APR05HOUGSW-HOUKDURANT7-8,2026-04-05,ast,7.5,3.7805,3.7195,0.04725,0.0647087627792452,1.0,1.0
KXNBAAST-26APR05HOUGSW-HOURSHEPPARD15-10,2026-04-05,ast,9.5,3.31225,6.187749999999999,0.00275,0.008057578397864806,0.0,1.0
KXNBAAST-26APR05HOUGSW-HOURSHEPPARD15-2,2026-04-05,ast,1.5,3.31225,-1.8122500000000001,0.82425,0.8031834788971599,1.0,1.0
KXNBAAST-26APR05HOUGSW-HOURSHEPPARD15-4,2026-04-05,ast,3.5,3.31225,0.18774999999999986,0.41925,0.41245871677335966,0.0,1.0
KXNBAAST-26APR05HOUGSW-HOURSHEPPARD15-6,2026-04-05,ast,5.5,3.31225,2.18775,0.126,0.14422336189423146,0.0,1.0
KXNBAAST-26APR05HOUGSW-HOURSHEPPARD15-8,2026-04-05,ast,7.5,3.31225,4.187749999999999,0.02825,0.03791002978574709,0.0,1.0
KXNBA3PT-26APR05HOUGSW-HOUASENGUN28-1,2026-04-05,fg3m,0.5,0.47775,0.022249999999999992,0.37825,0.37085645145442914,1.0,1.0
KXNBA3PT-26APR05HOUGSW-HOUASENGUN28-2,2026-04-05,fg3m,1.5,0.47775,1.02225,0.082,0.08798660141872927,0.0,1.0
KXNBA3PT-26APR05HOUGSW-HOUASENGUN28-3,2026-04-05,fg3m,2.5,0.47775,2.02225,0.0145,0.016065524433846234,0.0,1.0
KXNBA3PT-26APR05HOUGSW-HOUASENGUN28-4,2026-04-05,fg3m,3.5,0.47775,3.02225,0.00275,0.002462634157116783,0.0,1.0
KXNBA3PT-26APR05HOUGSW-HOUASENGUN28-5,2026-04-05,fg3m,4.5,0.47775,4.02225,0.00025,0.00033273406303402364,0.0,1.0
KXNBA3PT-26APR05HOUGSW-HOUATHOMPSON1-1,2026-04-05,fg3m,0.5,0.32575,0.17425000000000002,0.27325,0.2731180582314503,0.0,1.0
KXNBA3PT-26APR05HOUGSW-HOUATHOMPSON1-2,2026-04-05,fg3m,1.5,0.32575,1.17425,0.045,0.04602698005225503,0.0,1.0
KXNBA3PT-26APR05HOUGSW-HOUATHOMPSON1-3,2026-04-05,fg3m,2.5,0.32575,2.17425,0.0065,0.005906245647309238,0.0,1.0
KXNBA3PT-26APR05HOUGSW-HOUATHOMPSON1-4,2026-04-05,fg3m,3.5,0.32575,3.17425,0.0005,0.0006334229641077327,0.0,1.0
KXNBA3PT-26APR05HOUGSW-HOUATHOMPSON1-5,2026-04-05,fg3m,4.5,0.32575,4.17425,0.0005,5.974194017455137e-05,0.0,1.0
KXNBA3PT-26APR05HOUGSW-HOUKDURANT7-1,2026-04-05,fg3m,0.5,1.76525,-1.26525,0.8265,0.7956662632043081,1.0,1.0
KXNBA3PT-26APR05HOUGSW-HOUKDURANT7-2,2026-04-05,fg3m,1.5,1.76525,-0.26525,0.52775,0.5027113084613697,1.0,1.0
KXNBA3PT-26APR05HOUGSW-HOUKDURANT7-3,2026-04-05,fg3m,2.5,1.76525,0.73475,0.2605,0.2651945666051392,1.0,1.0
KXNBA3PT-26APR05HOUGSW-HOUKDURANT7-4,2026-04-05,fg3m,3.5,1.76525,1.73475,0.0995,0.12194507224873563,0.0,1.0
KXNBA3PT-26APR05HOUGSW-HOUKDURANT7-5,2026-04-05,fg3m,4.5,1.76525,2.73475,0.0355,0.05042219237173495,0.0,1.0
KXNBA3PT-26APR05HOUGSW-HOURSHEPPARD15-2,2026-04-05,fg3m,1.5,2.5015,-1.0015,0.70275,0.6686223091096355,1.0,1.0
KXNBA3PT-26APR05HOUGSW-HOURSHEPPARD15-3,2026-04-05,fg3m,2.5,2.5015,-0.0015000000000000568,0.44825,0.437973919138391,0.0,1.0
KXNBA3PT-26APR05HOUGSW-HOURSHEPPARD15-4,2026-04-05,fg3m,3.5,2.5015,0.9984999999999999,0.24575,0.2551680123764435,0.0,1.0
KXNBA3PT-26APR05HOUGSW-HOURSHEPPARD15-5,2026-04-05,fg3m,4.5,2.5015,1.9985,0.1155,0.1352227644902243,0.0,1.0
KXNBA3PT-26APR05HOUGSW-HOURSHEPPARD15-6,2026-04-05,fg3m,5.5,2.5015,2.9985,0.04975,0.06634172288423057,0.0,1.0
KXNBA3PT-26APR05HOUGSW-HOUTEASON17-1,2026-04-05,fg3m,0.5,1.07275,-0.5727500000000001,0.64525,0.6335032190094401,0.0,1.0
KXNBA3PT-26APR05HOUGSW-HOUTEASON17-2,2026-04-05,fg3m,1.5,1.07275,0.4272499999999999,0.2885,0.28878687167220507,0.0,1.0
KXNBA3PT-26APR05HOUGSW-HOUTEASON17-3,2026-04-05,fg3m,2.5,1.07275,1.42725,0.10375,0.105434638762816,0.0,1.0
KXNBA3PT-26APR05HOUGSW-HOUTEASON17-4,2026-04-05,fg3m,3.5,1.07275,2.42725,0.02725,0.032888213357855856,0.0,1.0
KXNBA3PT-26APR05HOUGSW-HOUTEASON17-5,2026-04-05,fg3m,4.5,1.07275,3.42725,0.0055,0.009125345220542647,0.0,1.0
KXNBAPTS-26APR05MEMMIL-MILKKUZMA18-10,2026-04-05,pts,9.5,7.789,1.7110000000000003,0.3205,0.29955344832916597,0.0,1.0
KXNBAPTS-26APR05MEMMIL-MILKKUZMA18-15,2026-04-05,pts,14.5,7.789,6.711,0.09475,0.07014653840144136,0.0,1.0
KXNBAPTS-26APR05MEMMIL-MILKKUZMA18-20,2026-04-05,pts,19.5,7.789,11.711,0.01975,0.011980614733873352,0.0,1.0
KXNBAPTS-26APR05MEMMIL-MILKKUZMA18-25,2026-04-05,pts,24.5,7.789,16.711,0.00225,0.0016613780221075292,0.0,1.0
KXNBAPTS-26APR05MEMMIL-MILMTURNER3-10,2026-04-05,pts,9.5,6.2615,3.2385,0.211,0.16984927573260866,1.0,1.0
KXNBAPTS-26APR05MEMMIL-MILMTURNER3-15,2026-04-05,pts,14.5,6.2615,8.2385,0.0455,0.024948041231635076,1.0,1.0
KXNBAPTS-26APR05MEMMIL-MILMTURNER3-20,2026-04-05,pts,19.5,6.2615,13.2385,0.00775,0.0026119008373002295,0.0,1.0
KXNBAPTS-26APR05MEMMIL-MILMTURNER3-25,2026-04-05,pts,24.5,6.2615,18.238500000000002,0.0005,0.0002198571423055462,0.0,1.0
KXNBAREB-26APR05MEMMIL-MILKKUZMA18-2,2026-04-05,reb,1.5,2.7105,-1.2105000000000001,0.72675,0.7160701761033811,1.0,1.0
KXNBAREB-26APR05MEMMIL-MILKKUZMA18-4,2026-04-05,reb,3.5,2.7105,0.7894999999999999,0.28825,0.2942020762954318,1.0,1.0
KXNBAREB-26APR05MEMMIL-MILKKUZMA18-5,2026-04-05,reb,4.5,2.7105,1.7894999999999999,0.15025,0.15958954359866984,0.0,1.0
KXNBAREB-26APR05MEMMIL-MILKKUZMA18-6,2026-04-05,reb,5.5,2.7105,2.7895,0.07325,0.07932980876873041,0.0,1.0
KXNBAREB-26APR05MEMMIL-MILKKUZMA18-8,2026-04-05,reb,7.5,2.7105,4.7895,0.0145,0.015906558804355986,0.0,1.0
KXNBAREB-26APR05MEMMIL-MILMTURNER3-10,2026-04-05,reb,9.5,2.9465,6.5535,0.00225,0.0042822012948240396,1.0,1.0
KXNBAREB-26APR05MEMMIL-MILMTURNER3-2,2026-04-05,reb,1.5,2.9465,-1.4465,0.778,0.7531037608996376,1.0,1.0
KXNBAREB-26APR05MEMMIL-MILMTURNER3-4,2026-04-05,reb,3.5,2.9465,0.5535000000000001,0.3415,0.340989352492306,1.0,1.0
KXNBAREB-26APR05MEMMIL-MILMTURNER3-6,2026-04-05,reb,5.5,2.9465,2.5535,0.09175,0.10312883288519692,1.0,1.0
KXNBAREB-26APR05MEMMIL-MILMTURNER3-8,2026-04-05,reb,7.5,2.9465,4.5535,0.01325,0.023358520075883682,1.0,1.0
KXNBAPTS-26APR05CHAMIN-CHABMILLER24-10,2026-04-05,pts,9.5,13.61075,-4.1107499999999995,0.72025,0.7073904261099924,0.0,1.0
KXNBAPTS-26APR05CHAMIN-CHABMILLER24-15,2026-04-05,pts,14.5,13.61075,0.8892500000000005,0.40675,0.39404077992190123,0.0,1.0
KXNBAPTS-26APR05CHAMIN-CHABMILLER24-20,2026-04-05,pts,19.5,13.61075,5.8892500000000005,0.173,0.1745250057135167,0.0,1.0
KXNBAPTS-26APR05CHAMIN-CHABMILLER24-25,2026-04-05,pts,24.5,13.61075,10.88925,0.0555,0.06527453315265008,0.0,1.0
KXNBAPTS-26APR05CHAMIN-CHABMILLER24-30,2026-04-05,pts,29.5,13.61075,15.88925,0.016,0.021524412031149076,0.0,1.0
KXNBAPTS-26APR05CHAMIN-CHACWHITE3-10,2026-04-05,pts,9.5,10.65675,-1.1567500000000006,0.531,0.5327149294525132,1.0,1.0
KXNBAPTS-26APR05CHAMIN-CHACWHITE3-15,2026-04-05,pts,14.5,10.65675,3.8432499999999994,0.2415,0.21499793092921693,1.0,1.0
KXNBAPTS-26APR05CHAMIN-CHACWHITE3-20,2026-04-05,pts,19.5,10.65675,8.84325,0.07575,0.06609516591899633,0.0,1.0
KXNBAPTS-26APR05CHAMIN-CHACWHITE3-25,2026-04-05,pts,24.5,10.65675,13.84325,0.0205,0.01681639798128698,0.0,1.0
KXNBAPTS-26APR05CHAMIN-CHAKKNUEPPEL7-15,2026-04-05,pts,14.5,12.0695,2.4305000000000003,0.32725,0.30063367198623847,0.0,1.0
KXNBAPTS-26APR05CHAMIN-CHAKKNUEPPEL7-20,2026-04-05,pts,19.5,12.0695,7.4305,0.125,0.1124245892655481,0.0,1.0
KXNBAPTS-26APR05CHAMIN-CHAKKNUEPPEL7-25,2026-04-05,pts,24.5,12.0695,12.4305,0.0335,0.035130984917428276,0.0,1.0
KXNBAPTS-26APR05CHAMIN-CHAKKNUEPPEL7-30,2026-04-05,pts,29.5,12.0695,17.430500000000002,0.00825,0.009625192547931039,0.0,1.0
KXNBAPTS-26APR05CHAMIN-CHALBALL1-10,2026-04-05,pts,9.5,14.2715,-4.7715,0.74225,0.7370475064909701,1.0,1.0
KXNBAPTS-26APR05CHAMIN-CHALBALL1-15,2026-04-05,pts,14.5,14.2715,0.22850000000000037,0.4435,0.4326037753981471,1.0,1.0
KXNBAPTS-26APR05CHAMIN-CHALBALL1-20,2026-04-05,pts,19.5,14.2715,5.2285,0.2135,0.20374627384257993,1.0,1.0
KXNBAPTS-26APR05CHAMIN-CHALBALL1-25,2026-04-05,pts,24.5,14.2715,10.2285,0.07925,0.08139675084101494,1.0,1.0
KXNBAPTS-26APR05CHAMIN-CHALBALL1-30,2026-04-05,pts,29.5,14.2715,15.2285,0.023,0.028738791429592125,1.0,1.0
KXNBAPTS-26APR05CHAMIN-CHAMBRIDGES0-10,2026-04-05,pts,9.5,10.34225,-0.8422499999999999,0.5205,0.5098143775779596,1.0,1.0
KXNBAPTS-26APR05CHAMIN-CHAMBRIDGES0-15,2026-04-05,pts,14.5,10.34225,4.15775,0.2125,0.1965852262216543,1.0,1.0
KXNBAPTS-26APR05CHAMIN-CHAMBRIDGES0-20,2026-04-05,pts,19.5,10.34225,9.15775,0.05675,0.05746946972154243,1.0,1.0
KXNBAPTS-26APR05CHAMIN-CHAMBRIDGES0-25,2026-04-05,pts,24.5,10.34225,14.15775,0.01125,0.013874773644929728,1.0,1.0
KXNBAPTS-26APR05CHAMIN-MINDDIVINCENZO0-10,2026-04-05,pts,9.5,8.229,1.2710000000000008,0.3535,0.33787124294771154,0.0,1.0
KXNBAPTS-26APR05CHAMIN-MINDDIVINCENZO0-15,2026-04-05,pts,14.5,8.229,6.271000000000001,0.10975,0.08798155054293078,0.0,1.0
KXNBAPTS-26APR05CHAMIN-MINDDIVINCENZO0-20,2026-04-05,pts,19.5,8.229,11.271,0.02475,0.01682188509847471,0.0,1.0
KXNBAPTS-26APR05CHAMIN-MINJRANDLE30-10,2026-04-05,pts,9.5,13.73725,-4.2372499999999995,0.73975,0.7133110149271538,1.0,1.0
KXNBAPTS-26APR05CHAMIN-MINJRANDLE30-15,2026-04-05,pts,14.5,13.73725,0.7627500000000005,0.41275,0.4015164169644052,1.0,1.0
KXNBAPTS-26APR05CHAMIN-MINJRANDLE30-20,2026-04-05,pts,19.5,13.73725,5.7627500000000005,0.173,0.18002334902708528,1.0,1.0
KXNBAPTS-26APR05CHAMIN-MINJRANDLE30-25,2026-04-05,pts,24.5,13.73725,10.76275,0.053,0.06821778517729693,1.0,1.0
KXNBAPTS-26APR05CHAMIN-MINJRANDLE30-30,2026-04-05,pts,29.5,13.73725,15.76275,0.0115,0.022801692510279747,0.0,1.0
KXNBAPTS-26APR05CHAMIN-MINRGOBERT27-10,2026-04-05,pts,9.5,7.41025,2.0897500000000004,0.28075,0.2665234811716719,1.0,1.0
KXNBAPTS-26APR05CHAMIN-MINRGOBERT27-15,2026-04-05,pts,14.5,7.41025,7.08975,0.0655,0.05645902604382391,0.0,1.0
KXNBAPTS-26APR05CHAMIN-MINRGOBERT27-20,2026-04-05,pts,19.5,7.41025,12.08975,0.0115,0.008673208215452144,0.0,1.0
KXNBAREB-26APR05CHAMIN-CHABMILLER24-10,2026-04-05,reb,9.5,3.9055,5.5945,0.01075,0.020367310541409944,0.0,1.0
KXNBAREB-26APR05CHAMIN-CHABMILLER24-2,2026-04-05,reb,1.5,3.9055,-2.4055,0.88775,0.8598973829697424,1.0,1.0
KXNBAREB-26APR05CHAMIN-CHABMILLER24-4,2026-04-05,reb,3.5,3.9055,-0.40549999999999997,0.53975,0.5187923967730119,1.0,1.0
KXNBAREB-26APR05CHAMIN-CHABMILLER24-6,2026-04-05,reb,5.5,3.9055,1.5945,0.21,0.22391620427253278,1.0,1.0
KXNBAREB-26APR05CHAMIN-CHABMILLER24-8,2026-04-05,reb,7.5,3.9055,3.5945,0.05425,0.07453454208214572,0.0,1.0
KXNBAREB-26APR05CHAMIN-CHACWHITE3-2,2026-04-05,reb,1.5,2.7765,-1.2765,0.74625,0.7269442178258376,0.0,1.0
KXNBAREB-26APR05CHAMIN-CHACWHITE3-3,2026-04-05,reb,2.5,2.7765,-0.27649999999999997,0.5085,0.502558970366675,0.0,1.0
KXNBAREB-26APR05CHAMIN-CHACWHITE3-4,2026-04-05,reb,3.5,2.7765,0.7235,0.30025,0.3073131820014382,0.0,1.0
KXNBAREB-26APR05CHAMIN-CHACWHITE3-6,2026-04-05,reb,5.5,2.7765,2.7235,0.07625,0.08568635168577032,0.0,1.0
KXNBAREB-26APR05CHAMIN-CHACWHITE3-8,2026-04-05,reb,7.5,2.7765,4.7235,0.013,0.01780116061149606,0.0,1.0
KXNBAREB-26APR05CHAMIN-CHAKKNUEPPEL7-2,2026-04-05,reb,1.5,4.02225,-2.5222499999999997,0.88525,0.8691567653703587,1.0,1.0
KXNBAREB-26APR05CHAMIN-CHAKKNUEPPEL7-4,2026-04-05,reb,3.5,4.02225,-0.5222499999999997,0.553,0.5382533442536446,1.0,1.0
KXNBAREB-26APR05CHAMIN-CHAKKNUEPPEL7-5,2026-04-05,reb,4.5,4.02225,0.47775000000000034,0.37225,0.3730518844876314,0.0,1.0
KXNBAREB-26APR05CHAMIN-CHAKKNUEPPEL7-6,2026-04-05,reb,5.5,4.02225,1.4777500000000003,0.23225,0.24036342017629786,0.0,1.0
KXNBAREB-26APR05CHAMIN-CHAKKNUEPPEL7-8,2026-04-05,reb,7.5,4.02225,3.4777500000000003,0.0715,0.08308027308054233,0.0,1.0
KXNBAREB-26APR05CHAMIN-CHALBALL1-2,2026-04-05,reb,1.5,3.71425,-2.21425,0.86925,0.8432328535076493,1.0,1.0
KXNBAREB-26APR05CHAMIN-CHALBALL1-4,2026-04-05,reb,3.5,3.71425,-0.21424999999999983,0.496,0.4857357004515981,0.0,1.0
KXNBAREB-26APR05CHAMIN-CHALBALL1-5,2026-04-05,reb,4.5,3.71425,0.7857500000000002,0.3155,0.3218116826486649,0.0,1.0
KXNBAREB-26APR05CHAMIN-CHALBALL1-6,2026-04-05,reb,5.5,3.71425,1.7857500000000002,0.17625,0.19754071008981056,0.0,1.0
KXNBAREB-26APR05CHAMIN-CHALBALL1-8,2026-04-05,reb,7.5,3.71425,3.78575,0.0465,0.06159263091979894,0.0,1.0
KXNBAREB-26APR05CHAMIN-CHAMBRIDGES0-10,2026-04-05,reb,9.5,3.8525,5.6475,0.0145,0.018997091476031347,0.0,1.0
KXNBAREB-26APR05CHAMIN-CHAMBRIDGES0-2,2026-04-05,reb,1.5,3.8525,-2.3525,0.87325,0.8554717495644673,1.0,1.0
KXNBAREB-26APR05CHAMIN-CHAMBRIDGES0-4,2026-04-05,reb,3.5,3.8525,-0.35250000000000004,0.51475,0.5097754524876958,1.0,1.0
KXNBAREB-26APR05CHAMIN-CHAMBRIDGES0-6,2026-04-05,reb,5.5,3.8525,1.6475,0.199,0.21652970215199285,1.0,1.0
KXNBAREB-26APR05CHAMIN-CHAMBRIDGES0-8,2026-04-05,reb,7.5,3.8525,3.6475,0.0615,0.07081494648028486,1.0,1.0
KXNBAREB-26APR05CHAMIN-MINDDIVINCENZO0-10,2026-04-05,reb,9.5,2.8315,6.6685,0.002,0.0033672764191797766,0.0,1.0
KXNBAREB-26APR05CHAMIN-MINDDIVINCENZO0-2,2026-04-05,reb,1.5,2.8315,-1.3315000000000001,0.762,0.735693418026991,0.0,1.0
KXNBAREB-26APR05CHAMIN-MINDDIVINCENZO0-4,2026-04-05,reb,3.5,2.8315,0.6684999999999999,0.318,0.3182308065751728,0.0,1.0
KXNBAREB-26APR05CHAMIN-MINDDIVINCENZO0-6,2026-04-05,reb,5.5,2.8315,2.6685,0.07125,0.09116411841870287,0.0,1.0
KXNBAREB-26APR05CHAMIN-MINDDIVINCENZO0-8,2026-04-05,reb,7.5,2.8315,4.6685,0.01125,0.019490731632770708,0.0,1.0
KXNBAREB-26APR05CHAMIN-MINJRANDLE30-10,2026-04-05,reb,9.5,4.7325,4.7675,0.03325,0.05064880048937559,0.0,1.0
KXNBAREB-26APR05CHAMIN-MINJRANDLE30-12,2026-04-05,reb,11.5,4.7325,6.7675,0.00725,0.015343889701701308,0.0,1.0
KXNBAREB-26APR05CHAMIN-MINJRANDLE30-6,2026-04-05,reb,5.5,4.7325,0.7675000000000001,0.342,0.34308067290982724,1.0,1.0
KXNBAREB-26APR05CHAMIN-MINJRANDLE30-7,2026-04-05,reb,6.5,4.7325,1.7675,0.20675,0.22855654748850296,1.0,1.0
KXNBAREB-26APR05CHAMIN-MINJRANDLE30-8,2026-04-05,reb,7.5,4.7325,2.7675,0.12425,0.14455974149703044,1.0,1.0
KXNBAREB-26APR05CHAMIN-MINRGOBERT27-10,2026-04-05,reb,9.5,7.94425,1.5557499999999997,0.28625,0.3055245641128752,1.0,1.0
KXNBAREB-26APR05CHAMIN-MINRGOBERT27-12,2026-04-05,reb,11.5,7.94425,3.5557499999999997,0.12625,0.16571643443106887,0.0,1.0
KXNBAREB-26APR05CHAMIN-MINRGOBERT27-14,2026-04-05,reb,13.5,7.94425,5.55575,0.04375,0.08148627984206858,0.0,1.0
KXNBAREB-26APR05CHAMIN-MINRGOBERT27-16,2026-04-05,reb,15.5,7.94425,7.55575,0.01425,0.03687613080131258,0.0,1.0
KXNBAREB-26APR05CHAMIN-MINRGOBERT27-8,2026-04-05,reb,7.5,7.94425,-0.44425000000000026,0.52975,0.5018360211214961,1.0,1.0
KXNBAAST-26APR05CHAMIN-CHABMILLER24-10,2026-04-05,ast,9.5,2.3285,7.1715,0.00075,0.0009055653368690297,0.0,1.0
KXNBAAST-26APR05CHAMIN-CHABMILLER24-2,2026-04-05,ast,1.5,2.3285,-0.8285,0.65875,0.6459093831555591,1.0,1.0
KXNBAAST-26APR05CHAMIN-CHABMILLER24-4,2026-04-05,ast,3.5,2.3285,1.1715,0.21425,0.21854730097609654,0.0,1.0
KXNBAAST-26APR05CHAMIN-CHABMILLER24-6,2026-04-05,ast,5.5,2.3285,3.1715,0.0375,0.0467171476709316,0.0,1.0
KXNBAAST-26APR05CHAMIN-CHABMILLER24-8,2026-04-05,ast,7.5,2.3285,5.1715,0.0045,0.007284615557641372,0.0,1.0
KXNBAAST-26APR05CHAMIN-CHACWHITE3-10,2026-04-05,ast,9.5,2.20225,7.297750000000001,0.00025,0.0006207622460683293,0.0,1.0
KXNBAAST-26APR05CHAMIN-CHACWHITE3-2,2026-04-05,ast,1.5,2.20225,-0.7022499999999998,0.63425,0.6186074381996141,0.0,1.0
KXNBAAST-26APR05CHAMIN-CHACWHITE3-4,2026-04-05,ast,3.5,2.20225,1.2977500000000002,0.185,0.19439062615611102,0.0,1.0
KXNBAAST-26APR05CHAMIN-CHACWHITE3-6,2026-04-05,ast,5.5,2.20225,3.29775,0.0295,0.03821467545891377,0.0,1.0
KXNBAAST-26APR05CHAMIN-CHACWHITE3-8,2026-04-05,ast,7.5,2.20225,5.297750000000001,0.0045,0.005459614388971801,0.0,1.0
KXNBAAST-26APR05CHAMIN-CHAKKNUEPPEL7-10,2026-04-05,ast,9.5,2.20625,7.29375,0.0,0.0006285197102303686,0.0,1.0
KXNBAAST-26APR05CHAMIN-CHAKKNUEPPEL7-2,2026-04-05,ast,1.5,2.20625,-0.7062499999999998,0.6295,0.619501073515365,1.0,1.0
KXNBAAST-26APR05CHAMIN-CHAKKNUEPPEL7-4,2026-04-05,ast,3.5,2.20625,1.2937500000000002,0.18875,0.19514661459261184,0.0,1.0
KXNBAAST-26APR05CHAMIN-CHAKKNUEPPEL7-6,2026-04-05,ast,5.5,2.20625,3.29375,0.03025,0.03846890620235188,0.0,1.0
KXNBAAST-26APR05CHAMIN-CHAKKNUEPPEL7-8,2026-04-05,ast,7.5,2.20625,5.29375,0.002,0.005511715238698867,0.0,1.0
KXNBAAST-26APR05CHAMIN-CHALBALL1-10,2026-04-05,ast,9.5,4.80575,4.69425,0.03225,0.0528250056506816,0.0,1.0
KXNBAAST-26APR05CHAMIN-CHALBALL1-12,2026-04-05,ast,11.5,4.80575,6.69425,0.007,0.01599096455623683,0.0,1.0
KXNBAAST-26APR05CHAMIN-CHALBALL1-4,2026-04-05,ast,3.5,4.80575,-1.3057499999999997,0.69025,0.6561436856829227,1.0,1.0
KXNBAAST-26APR05CHAMIN-CHALBALL1-6,2026-04-05,ast,5.5,4.80575,0.6942500000000003,0.3565,0.3536605949008892,1.0,1.0
KXNBAAST-26APR05CHAMIN-CHALBALL1-8,2026-04-05,ast,7.5,4.80575,2.6942500000000003,0.12525,0.15023368589802688,1.0,1.0
KXNBAAST-26APR05CHAMIN-CHAMBRIDGES0-2,2026-04-05,ast,1.5,1.862,-0.3620000000000001,0.54925,0.535460926839031,1.0,1.0
KXNBAAST-26APR05CHAMIN-CHAMBRIDGES0-3,2026-04-05,ast,2.5,1.862,0.6379999999999999,0.28575,0.2882715218865619,1.0,1.0
KXNBAAST-26APR05CHAMIN-CHAMBRIDGES0-4,2026-04-05,ast,3.5,1.862,1.638,0.12025,0.13317091577242401,1.0,1.0
KXNBAAST-26APR05CHAMIN-CHAMBRIDGES0-6,2026-04-05,ast,5.5,1.862,3.638,0.01675,0.020177703552094473,1.0,1.0
KXNBAAST-26APR05CHAMIN-CHAMBRIDGES0-8,2026-04-05,ast,7.5,1.862,5.638,0.00125,0.002199961855313015,0.0,1.0
KXNBAAST-26APR05CHAMIN-MINDDIVINCENZO0-2,2026-04-05,ast,1.5,2.30375,-0.80375,0.6665,0.6407026758727048,1.0,1.0
KXNBAAST-26APR05CHAMIN-MINDDIVINCENZO0-3,2026-04-05,ast,2.5,2.30375,0.19625000000000004,0.40475,0.39674667823790066,1.0,1.0
KXNBAAST-26APR05CHAMIN-MINDDIVINCENZO0-4,2026-04-05,ast,3.5,2.30375,1.19625,0.20625,0.21376710214261252,0.0,1.0
KXNBAAST-26APR05CHAMIN-MINDDIVINCENZO0-6,2026-04-05,ast,5.5,2.30375,3.19625,0.03625,0.044972540278827355,0.0,1.0
KXNBAAST-26APR05CHAMIN-MINDDIVINCENZO0-8,2026-04-05,ast,7.5,2.30375,5.19625,0.00225,0.006896586596646714,0.0,1.0
KXNBAAST-26APR05CHAMIN-MINJRANDLE30-2,2026-04-05,ast,1.5,3.04675,-1.5467499999999998,0.7875,0.7692401232671104,1.0,1.0
KXNBAAST-26APR05CHAMIN-MINJRANDLE30-4,2026-04-05,ast,3.5,3.04675,0.45325000000000015,0.366,0.3608658971511627,1.0,1.0
KXNBAAST-26APR05CHAMIN-MINJRANDLE30-5,2026-04-05,ast,4.5,3.04675,1.4532500000000002,0.1945,0.21077962517167215,0.0,1.0
KXNBAAST-26APR05CHAMIN-MINJRANDLE30-6,2026-04-05,ast,5.5,3.04675,2.45325,0.09775,0.1130069397808855,0.0,1.0
KXNBAAST-26APR05CHAMIN-MINJRANDLE30-8,2026-04-05,ast,7.5,3.04675,4.453250000000001,0.01675,0.026383965443464996,0.0,1.0
KXNBA3PT-26APR05CHAMIN-CHACWHITE3-1,2026-04-05,fg3m,0.5,1.30375,-0.80375,0.7095,0.6999069281273556,1.0,1.0
KXNBA3PT-26APR05CHAMIN-CHACWHITE3-2,2026-04-05,fg3m,1.5,1.30375,0.19625000000000004,0.371,0.36573433975691805,1.0,1.0
KXNBA3PT-26APR05CHAMIN-CHACWHITE3-3,2026-04-05,fg3m,2.5,1.30375,1.19625,0.1545,0.15529918909642249,1.0,1.0
KXNBA3PT-26APR05CHAMIN-CHACWHITE3-4,2026-04-05,fg3m,3.5,1.30375,2.19625,0.052,0.0567231783503821,0.0,1.0
KXNBA3PT-26APR05CHAMIN-CHACWHITE3-5,2026-04-05,fg3m,4.5,1.30375,3.19625,0.01375,0.01849556213439596,0.0,1.0
KXNBA3PT-26APR05CHAMIN-CHAKKNUEPPEL7-2,2026-04-05,fg3m,1.5,2.16425,-0.66425,0.6265,0.6003832716716699,0.0,1.0
KXNBA3PT-26APR05CHAMIN-CHAKKNUEPPEL7-3,2026-04-05,fg3m,2.5,2.16425,0.33575,0.373,0.3611884882777754,0.0,1.0
KXNBA3PT-26APR05CHAMIN-CHAKKNUEPPEL7-4,2026-04-05,fg3m,3.5,2.16425,1.33575,0.187,0.19152214898774333,0.0,1.0
KXNBA3PT-26APR05CHAMIN-CHAKKNUEPPEL7-5,2026-04-05,fg3m,4.5,2.16425,2.33575,0.07825,0.09189155941651772,0.0,1.0
KXNBA3PT-26APR05CHAMIN-CHAKKNUEPPEL7-6,2026-04-05,fg3m,5.5,2.16425,3.33575,0.02875,0.04068642051937499,0.0,1.0
KXNBA3PT-26APR05CHAMIN-CHALBALL1-2,2026-04-05,fg3m,1.5,2.66775,-1.1677499999999998,0.72825,0.6979103212078464,1.0,1.0
KXNBA3PT-26APR05CHAMIN-CHALBALL1-3,2026-04-05,fg3m,2.5,2.66775,-0.16774999999999984,0.49125,0.4736421476036332,1.0,1.0
KXNBA3PT-26APR05CHAMIN-CHALBALL1-4,2026-04-05,fg3m,3.5,2.66775,0.8322500000000002,0.279,0.28713909213635946,1.0,1.0
KXNBA3PT-26APR05CHAMIN-CHALBALL1-5,2026-04-05,fg3m,4.5,2.66775,1.8322500000000002,0.147,0.15874138124310877,1.0,1.0
KXNBA3PT-26APR05CHAMIN-CHALBALL1-6,2026-04-05,fg3m,5.5,2.66775,2.83225,0.063,0.0813749706044763,1.0,1.0
KXNBA3PT-26APR05CHAMIN-CHAMBRIDGES0-1,2026-04-05,fg3m,0.5,1.081,-0.581,0.65725,0.6361434539864868,1.0,1.0
KXNBA3PT-26APR05CHAMIN-CHAMBRIDGES0-2,2026-04-05,fg3m,1.5,1.081,0.41900000000000004,0.30325,0.2916049673736143,1.0,1.0
KXNBA3PT-26APR05CHAMIN-CHAMBRIDGES0-3,2026-04-05,fg3m,2.5,1.081,1.419,0.09125,0.10711281389215244,1.0,1.0
KXNBA3PT-26APR05CHAMIN-CHAMBRIDGES0-4,2026-04-05,fg3m,3.5,1.081,2.419,0.02325,0.0336236088398808,1.0,1.0
KXNBA3PT-26APR05CHAMIN-CHAMBRIDGES0-5,2026-04-05,fg3m,4.5,1.081,3.419,0.00425,0.009389769530458114,0.0,1.0
KXNBAPTS-26APR05ORLNOP-NOPDQUEEN22-10,2026-04-05,pts,9.5,7.25175,2.2482499999999996,0.29175,0.2527716533779615,0.0,1.0
KXNBAPTS-26APR05ORLNOP-NOPDQUEEN22-15,2026-04-05,pts,14.5,7.25175,7.24825,0.0665,0.05120828443791059,0.0,1.0
KXNBAPTS-26APR05ORLNOP-NOPDQUEEN22-20,2026-04-05,pts,19.5,7.25175,12.248249999999999,0.01,0.007505155089688964,0.0,1.0
KXNBAPTS-26APR05ORLNOP-NOPDQUEEN22-25,2026-04-05,pts,24.5,7.25175,17.24825,0.001,0.0008899842029184146,0.0,1.0
KXNBAPTS-26APR05ORLNOP-NOPHJONES2-10,2026-04-05,pts,9.5,5.584,3.9160000000000004,0.167,0.11884033760720758,0.0,1.0
KXNBAPTS-26APR05ORLNOP-NOPHJONES2-15,2026-04-05,pts,14.5,5.584,8.916,0.0365,0.013288470632632055,0.0,1.0
KXNBAPTS-26APR05ORLNOP-NOPHJONES2-20,2026-04-05,pts,19.5,5.584,13.916,0.00625,0.0010485126080413965,0.0,1.0
KXNBAPTS-26APR05ORLNOP-NOPSBEY41-10,2026-04-05,pts,9.5,11.89475,-2.39475,0.62925,0.6147586980032506,1.0,1.0
KXNBAPTS-26APR05ORLNOP-NOPSBEY41-15,2026-04-05,pts,14.5,11.89475,2.60525,0.297,0.2899177489984015,1.0,1.0
KXNBAPTS-26APR05ORLNOP-NOPSBEY41-20,2026-04-05,pts,19.5,11.89475,7.60525,0.10325,0.10607277094859258,1.0,1.0
KXNBAPTS-26APR05ORLNOP-NOPSBEY41-25,2026-04-05,pts,24.5,11.89475,12.60525,0.03,0.032390714788749775,1.0,1.0
KXNBAPTS-26APR05ORLNOP-NOPSBEY41-30,2026-04-05,pts,29.5,11.89475,17.605249999999998,0.00575,0.008666748462022644,1.0,1.0
KXNBAPTS-26APR05ORLNOP-NOPZWILLIAMSON1-20,2026-04-05,pts,19.5,13.30275,6.19725,0.15,0.1613562254860621,0.0,1.0
KXNBAPTS-26APR05ORLNOP-NOPZWILLIAMSON1-25,2026-04-05,pts,24.5,13.30275,11.19725,0.041,0.05839997974826283,0.0,1.0
KXNBAPTS-26APR05ORLNOP-NOPZWILLIAMSON1-30,2026-04-05,pts,29.5,13.30275,16.19725,0.00975,0.01861472448857715,0.0,1.0
KXNBAPTS-26APR05ORLNOP-NOPZWILLIAMSON1-35,2026-04-05,pts,34.5,13.30275,21.19725,0.0015,0.005385386862203467,0.0,1.0
KXNBAPTS-26APR05ORLNOP-ORLDBANE3-15,2026-04-05,pts,14.5,14.45625,0.04374999999999929,0.46275,0.44315333635959264,1.0,1.0
KXNBAPTS-26APR05ORLNOP-ORLDBANE3-20,2026-04-05,pts,19.5,14.45625,5.043749999999999,0.20425,0.21211454671502206,1.0,1.0
KXNBAPTS-26APR05ORLNOP-ORLDBANE3-25,2026-04-05,pts,24.5,14.45625,10.04375,0.06875,0.08622795419386153,1.0,1.0
KXNBAPTS-26APR05ORLNOP-ORLDBANE3-30,2026-04-05,pts,29.5,14.45625,15.04375,0.01625,0.03100001817345821,0.0,1.0
KXNBAPTS-26APR05ORLNOP-ORLFWAGNER22-10,2026-04-05,pts,9.5,12.4665,-2.9665,0.63375,0.648265198567678,1.0,1.0
KXNBAPTS-26APR05ORLNOP-ORLFWAGNER22-15,2026-04-05,pts,14.5,12.4665,2.0335,0.348,0.32495959474697633,0.0,1.0
KXNBAPTS-26APR05ORLNOP-ORLFWAGNER22-20,2026-04-05,pts,19.5,12.4665,7.0335,0.1515,0.1274309911979722,0.0,1.0
KXNBAPTS-26APR05ORLNOP-ORLFWAGNER22-25,2026-04-05,pts,24.5,12.4665,12.0335,0.052,0.0418699814038318,0.0,1.0
KXNBAPTS-26APR05ORLNOP-ORLJSUGGS4-10,2026-04-05,pts,9.5,11.2145,-1.7144999999999992,0.57725,0.5712931235768375,1.0,1.0
KXNBAPTS-26APR05ORLNOP-ORLJSUGGS4-15,2026-04-05,pts,14.5,11.2145,3.2855000000000008,0.25475,0.24840930087737323,0.0,1.0
KXNBAPTS-26APR05ORLNOP-ORLJSUGGS4-20,2026-04-05,pts,19.5,11.2145,8.2855,0.0905,0.082962570750574,0.0,1.0
KXNBAPTS-26APR05ORLNOP-ORLJSUGGS4-25,2026-04-05,pts,24.5,11.2145,13.2855,0.024,0.023018158964622892,0.0,1.0
KXNBAPTS-26APR05ORLNOP-ORLPBANCHERO5-20,2026-04-05,pts,19.5,15.583,3.917,0.25675,0.26441929307324785,1.0,1.0
KXNBAPTS-26APR05ORLNOP-ORLPBANCHERO5-25,2026-04-05,pts,24.5,15.583,8.917,0.0955,0.11850290681384756,0.0,1.0
KXNBAPTS-26APR05ORLNOP-ORLPBANCHERO5-30,2026-04-05,pts,29.5,15.583,13.917,0.029,0.04716147658013281,0.0,1.0
KXNBAPTS-26APR05ORLNOP-ORLPBANCHERO5-35,2026-04-05,pts,34.5,15.583,18.917,0.00625,0.017118609413322217,0.0,1.0
KXNBAPTS-26APR05ORLNOP-ORLWCARTER34-10,2026-04-05,pts,9.5,8.987,0.5129999999999999,0.41475,0.40255295134394975,1.0,1.0
KXNBAPTS-26APR05ORLNOP-ORLWCARTER34-15,2026-04-05,pts,14.5,8.987,5.513,0.137,0.12310067005811853,0.0,1.0
KXNBAPTS-26APR05ORLNOP-ORLWCARTER34-20,2026-04-05,pts,19.5,8.987,10.513,0.0325,0.027960409865936287,0.0,1.0
KXNBAPTS-26APR05ORLNOP-ORLWCARTER34-25,2026-04-05,pts,24.5,8.987,15.513,0.00375,0.005197262498011335,0.0,1.0
KXNBAREB-26APR05ORLNOP-NOPDQUEEN22-10,2026-04-05,reb,9.5,4.69225,4.80775,0.03475,0.04877168576901769,0.0,1.0
KXNBAREB-26APR05ORLNOP-NOPDQUEEN22-12,2026-04-05,reb,11.5,4.69225,6.80775,0.0075,0.014614239666535855,0.0,1.0
KXNBAREB-26APR05ORLNOP-NOPDQUEEN22-6,2026-04-05,reb,5.5,4.69225,0.8077500000000004,0.34375,0.3372333994728043,0.0,1.0
KXNBAREB-26APR05ORLNOP-NOPDQUEEN22-7,2026-04-05,reb,6.5,4.69225,1.8077500000000004,0.2195,0.2235677030386959,0.0,1.0
KXNBAREB-26APR05ORLNOP-NOPDQUEEN22-8,2026-04-05,reb,7.5,4.69225,2.8077500000000004,0.1305,0.1406862015341923,0.0,1.0
KXNBAREB-26APR05ORLNOP-NOPHJONES2-10,2026-04-05,reb,9.5,2.2645,7.2355,0.00075,0.0008030291883104335,0.0,1.0
KXNBAREB-26APR05ORLNOP-NOPHJONES2-2,2026-04-05,reb,1.5,2.2645,-0.7645,0.6355,0.6309021549946532,1.0,1.0
KXNBAREB-26APR05ORLNOP-NOPHJONES2-4,2026-04-05,reb,3.5,2.2645,1.2355,0.20675,0.2067805693384659,0.0,1.0
KXNBAREB-26APR05ORLNOP-NOPHJONES2-6,2026-04-05,reb,5.5,2.2645,3.2355,0.044,0.043000934335866936,0.0,1.0
KXNBAREB-26APR05ORLNOP-NOPHJONES2-8,2026-04-05,reb,7.5,2.2645,5.2355,0.00525,0.006562721994207488,0.0,1.0
KXNBAREB-26APR05ORLNOP-NOPZWILLIAMSON1-10,2026-04-05,reb,9.5,4.1525,5.3475,0.01275,0.027624355901431974,0.0,1.0
KXNBAREB-26APR05ORLNOP-NOPZWILLIAMSON1-12,2026-04-05,reb,11.5,4.1525,7.3475,0.00275,0.007046771932516349,0.0,1.0
KXNBAREB-26APR05ORLNOP-NOPZWILLIAMSON1-6,2026-04-05,reb,5.5,4.1525,1.3475000000000001,0.242,0.25894781102321374,1.0,1.0
KXNBAREB-26APR05ORLNOP-NOPZWILLIAMSON1-7,2026-04-05,reb,6.5,4.1525,2.3475,0.138,0.15965356404165443,1.0,1.0
KXNBAREB-26APR05ORLNOP-NOPZWILLIAMSON1-8,2026-04-05,reb,7.5,4.1525,3.3475,0.0715,0.09317080026031155,0.0,1.0
KXNBAREB-26APR05ORLNOP-ORLFWAGNER22-10,2026-04-05,reb,9.5,3.56325,5.93675,0.0135,0.012610059804038287,0.0,1.0
KXNBAREB-26APR05ORLNOP-ORLFWAGNER22-2,2026-04-05,reb,1.5,3.56325,-2.06325,0.8165,0.828636796568109,1.0,1.0
KXNBAREB-26APR05ORLNOP-ORLFWAGNER22-4,2026-04-05,reb,3.5,3.56325,-0.06325000000000003,0.458,0.4586612900001681,1.0,1.0
KXNBAREB-26APR05ORLNOP-ORLFWAGNER22-6,2026-04-05,reb,5.5,3.56325,1.93675,0.19,0.1773431338562026,0.0,1.0
KXNBAREB-26APR05ORLNOP-ORLFWAGNER22-8,2026-04-05,reb,7.5,3.56325,3.93675,0.057,0.052327784701456714,0.0,1.0
KXNBAREB-26APR05ORLNOP-ORLJSUGGS4-2,2026-04-05,reb,1.5,3.512,-2.012,0.8565,0.8233712585872994,1.0,1.0
KXNBAREB-26APR05ORLNOP-ORLJSUGGS4-4,2026-04-05,reb,3.5,3.512,-0.01200000000000001,0.4565,0.4492894649863931,1.0,1.0
KXNBAREB-26APR05ORLNOP-ORLJSUGGS4-5,2026-04-05,reb,4.5,3.512,0.988,0.28225,0.28797506811840323,0.0,1.0
KXNBAREB-26APR05ORLNOP-ORLJSUGGS4-6,2026-04-05,reb,5.5,3.512,1.988,0.15675,0.17063651465127816,0.0,1.0
KXNBAREB-26APR05ORLNOP-ORLJSUGGS4-8,2026-04-05,reb,7.5,3.512,3.988,0.0335,0.049377505293209834,0.0,1.0
KXNBAREB-26APR05ORLNOP-ORLPBANCHERO5-10,2026-04-05,reb,9.5,5.9995,3.5004999999999997,0.09675,0.13016561152906903,1.0,1.0
KXNBAREB-26APR05ORLNOP-ORLPBANCHERO5-12,2026-04-05,reb,11.5,5.9995,5.5005,0.03175,0.05257657169637475,1.0,1.0
KXNBAREB-26APR05ORLNOP-ORLPBANCHERO5-4,2026-04-05,reb,3.5,5.9995,-2.4995000000000003,0.82525,0.7820489410848789,1.0,1.0
KXNBAREB-26APR05ORLNOP-ORLPBANCHERO5-6,2026-04-05,reb,5.5,5.9995,-0.4995000000000003,0.545,0.517836977960004,1.0,1.0
KXNBAREB-26APR05ORLNOP-ORLPBANCHERO5-8,2026-04-05,reb,7.5,5.9995,1.5004999999999997,0.26625,0.281840660544769,1.0,1.0
KXNBAREB-26APR05ORLNOP-ORLWCARTER34-10,2026-04-05,reb,9.5,5.92675,3.57325,0.09375,0.12461767645564881,0.0,1.0
KXNBAREB-26APR05ORLNOP-ORLWCARTER34-12,2026-04-05,reb,11.5,5.92675,5.57325,0.02525,0.0496369917347943,0.0,1.0
KXNBAREB-26APR05ORLNOP-ORLWCARTER34-6,2026-04-05,reb,5.5,5.92675,-0.4267500000000002,0.531,0.5085356566154504,0.0,1.0
KXNBAREB-26APR05ORLNOP-ORLWCARTER34-8,2026-04-05,reb,7.5,5.92675,1.5732499999999998,0.2675,0.2734417661557377,0.0,1.0
KXNBAREB-26APR05ORLNOP-ORLWCARTER34-9,2026-04-05,reb,8.5,5.92675,2.57325,0.16225,0.18806604840910823,0.0,1.0
KXNBAAST-26APR05ORLNOP-NOPDQUEEN22-2,2026-04-05,ast,1.5,2.15975,-0.6597499999999998,0.6185,0.6089949493076933,0.0,1.0
KXNBAAST-26APR05ORLNOP-NOPDQUEEN22-4,2026-04-05,ast,3.5,2.15975,1.3402500000000002,0.17975,0.18640112151941435,0.0,1.0
KXNBAAST-26APR05ORLNOP-NOPDQUEEN22-5,2026-04-05,ast,4.5,2.15975,2.34025,0.0785,0.08541326701798524,0.0,1.0
KXNBAAST-26APR05ORLNOP-NOPDQUEEN22-6,2026-04-05,ast,5.5,2.15975,3.34025,0.031,0.035574701720670454,0.0,1.0
KXNBAAST-26APR05ORLNOP-NOPDQUEEN22-8,2026-04-05,ast,7.5,2.15975,5.34025,0.00225,0.0049279704782182465,0.0,1.0
KXNBAAST-26APR05ORLNOP-ORLJSUGGS4-10,2026-04-05,ast,9.5,4.00125,5.49875,0.0115,0.022207572390189,0.0,1.0
KXNBAAST-26APR05ORLNOP-ORLJSUGGS4-2,2026-04-05,ast,1.5,4.00125,-2.5012499999999998,0.89575,0.8695230046701036,1.0,1.0
KXNBAAST-26APR05ORLNOP-ORLJSUGGS4-4,2026-04-05,ast,3.5,4.00125,-0.5012499999999998,0.5545,0.5361814549989838,1.0,1.0
KXNBAAST-26APR05ORLNOP-ORLJSUGGS4-6,2026-04-05,ast,5.5,4.00125,1.4987500000000002,0.23125,0.23655638655182398,1.0,1.0
KXNBAAST-26APR05ORLNOP-ORLJSUGGS4-8,2026-04-05,ast,7.5,4.00125,3.4987500000000002,0.0625,0.08017898661391598,1.0,1.0
KXNBAAST-26APR05ORLNOP-ORLPBANCHERO5-10,2026-04-05,ast,9.5,3.5035,5.9965,0.00325,0.011023329460446152,0.0,1.0
KXNBAAST-26APR05ORLNOP-ORLPBANCHERO5-2,2026-04-05,ast,1.5,3.5035,-2.0035,0.8635,0.8244736210799165,1.0,1.0
KXNBAAST-26APR05ORLNOP-ORLPBANCHERO5-4,2026-04-05,ast,3.5,3.5035,-0.0034999999999998366,0.46475,0.44847416565572984,1.0,1.0
KXNBAAST-26APR05ORLNOP-ORLPBANCHERO5-6,2026-04-05,ast,5.5,3.5035,1.9965000000000002,0.1465,0.1684570674506376,1.0,1.0
KXNBAAST-26APR05ORLNOP-ORLPBANCHERO5-8,2026-04-05,ast,7.5,3.5035,3.9965,0.02925,0.04785302207080033,0.0,1.0
KXNBA3PT-26APR05ORLNOP-NOPDQUEEN22-1,2026-04-05,fg3m,0.5,0.3415,0.15849999999999997,0.2895,0.2840047050116782,0.0,1.0
KXNBA3PT-26APR05ORLNOP-NOPDQUEEN22-2,2026-04-05,fg3m,1.5,0.3415,1.1585,0.0465,0.04996253912725457,0.0,1.0
KXNBA3PT-26APR05ORLNOP-NOPDQUEEN22-3,2026-04-05,fg3m,2.5,0.3415,2.1585,0.0055,0.0067001342033242706,0.0,1.0
KXNBA3PT-26APR05ORLNOP-NOPDQUEEN22-4,2026-04-05,fg3m,3.5,0.3415,3.1585,0.0,0.0007512885893724564,0.0,1.0
KXNBA3PT-26APR05ORLNOP-NOPDQUEEN22-5,2026-04-05,fg3m,4.5,0.3415,4.1585,0.0,7.410291322584861e-05,0.0,1.0
KXNBA3PT-26APR05ORLNOP-ORLDBANE3-1,2026-04-05,fg3m,0.5,1.53875,-1.03875,0.777,0.7538435734949923,1.0,1.0
KXNBA3PT-26APR05ORLNOP-ORLDBANE3-2,2026-04-05,fg3m,1.5,1.53875,-0.03875000000000006,0.45525,0.4386133071805731,1.0,1.0
KXNBA3PT-26APR05ORLNOP-ORLDBANE3-3,2026-04-05,fg3m,2.5,1.53875,0.9612499999999999,0.2075,0.2103283742595563,1.0,1.0
KXNBA3PT-26APR05ORLNOP-ORLDBANE3-4,2026-04-05,fg3m,3.5,1.53875,1.96125,0.07225,0.08734905661973258,0.0,1.0
KXNBA3PT-26APR05ORLNOP-ORLDBANE3-5,2026-04-05,fg3m,4.5,1.53875,2.9612499999999997,0.01825,0.03250369119859042,0.0,1.0
KXNBA3PT-26APR05ORLNOP-ORLFWAGNER22-1,2026-04-05,fg3m,0.5,0.94275,-0.44275,0.59625,0.5889021161141617,0.0,1.0
KXNBA3PT-26APR05ORLNOP-ORLFWAGNER22-2,2026-04-05,fg3m,1.5,0.94275,0.55725,0.24275,0.2439422195468276,0.0,1.0
KXNBA3PT-26APR05ORLNOP-ORLFWAGNER22-3,2026-04-05,fg3m,2.5,0.94275,1.55725,0.08,0.08025130094004762,0.0,1.0
KXNBA3PT-26APR05ORLNOP-ORLFWAGNER22-4,2026-04-05,fg3m,3.5,0.94275,2.55725,0.01825,0.022470167896871285,0.0,1.0
KXNBA3PT-26APR05ORLNOP-ORLFWAGNER22-5,2026-04-05,fg3m,4.5,0.94275,3.55725,0.0045,0.0055851880526742725,0.0,1.0
KXNBA3PT-26APR05ORLNOP-ORLJSUGGS4-1,2026-04-05,fg3m,0.5,1.6015,-1.1015,0.791,0.7663271713830135,1.0,1.0
KXNBA3PT-26APR05ORLNOP-ORLJSUGGS4-2,2026-04-05,fg3m,1.5,1.6015,-0.10149999999999992,0.48225,0.4569966062589583,1.0,1.0
KXNBA3PT-26APR05ORLNOP-ORLJSUGGS4-3,2026-04-05,fg3m,2.5,1.6015,0.8985000000000001,0.211,0.22543312845412788,1.0,1.0
KXNBA3PT-26APR05ORLNOP-ORLJSUGGS4-4,2026-04-05,fg3m,3.5,1.6015,1.8985,0.0815,0.09648270193005337,0.0,1.0
KXNBA3PT-26APR05ORLNOP-ORLJSUGGS4-5,2026-04-05,fg3m,4.5,1.6015,2.8985000000000003,0.0265,0.0370358956793575,0.0,1.0
KXNBA3PT-26APR05ORLNOP-ORLPBANCHERO5-1,2026-04-05,fg3m,0.5,0.95175,-0.45175,0.61,0.5921804212795778,0.0,1.0
KXNBA3PT-26APR05ORLNOP-ORLPBANCHERO5-2,2026-04-05,fg3m,1.5,0.95175,0.54825,0.25375,0.24706666191470805,0.0,1.0
KXNBA3PT-26APR05ORLNOP-ORLPBANCHERO5-3,2026-04-05,fg3m,2.5,0.95175,1.54825,0.07175,0.08191266571632194,0.0,1.0
KXNBA3PT-26APR05ORLNOP-ORLPBANCHERO5-4,2026-04-05,fg3m,3.5,0.95175,2.54825,0.013,0.023120238559023676,0.0,1.0
KXNBA3PT-26APR05ORLNOP-ORLPBANCHERO5-5,2026-04-05,fg3m,4.5,0.95175,3.54825,0.00325,0.00579390313540995,0.0,1.0
KXNBAPTS-26APR05UTAOKC-OKCCHOLMGREN7-10,2026-04-05,pts,9.5,11.70625,-2.2062500000000007,0.61975,0.6031091990069365,1.0,1.0
KXNBAPTS-26APR05UTAOKC-OKCCHOLMGREN7-15,2026-04-05,pts,14.5,11.70625,2.7937499999999993,0.29725,0.27837054928700944,1.0,1.0
KXNBAPTS-26APR05UTAOKC-OKCCHOLMGREN7-20,2026-04-05,pts,19.5,11.70625,7.793749999999999,0.0935,0.09940521997344898,1.0,1.0
KXNBAPTS-26APR05UTAOKC-OKCCHOLMGREN7-25,2026-04-05,pts,24.5,11.70625,12.79375,0.02225,0.029588587493650786,0.0,1.0
KXNBAPTS-26APR05UTAOKC-OKCIHARTENSTEIN55-10,2026-04-05,pts,9.5,6.79675,2.7032499999999997,0.2335,0.2138408119902412,1.0,1.0
KXNBAPTS-26APR05UTAOKC-OKCIHARTENSTEIN55-15,2026-04-05,pts,14.5,6.79675,7.70325,0.04125,0.037738710466491354,0.0,1.0
KXNBAPTS-26APR05UTAOKC-OKCIHARTENSTEIN55-20,2026-04-05,pts,19.5,6.79675,12.70325,0.00625,0.004785335155322423,0.0,1.0
KXNBAPTS-26APR05UTAOKC-OKCJWILLIAMS8-10,2026-04-05,pts,9.5,12.50125,-3.0012500000000006,0.664,0.6502142061630285,1.0,1.0
KXNBAPTS-26APR05UTAOKC-OKCJWILLIAMS8-15,2026-04-05,pts,14.5,12.50125,1.9987499999999994,0.33775,0.32708474555825506,1.0,1.0
KXNBAPTS-26APR05UTAOKC-OKCJWILLIAMS8-20,2026-04-05,pts,19.5,12.50125,6.998749999999999,0.13,0.12878076047000042,0.0,1.0
KXNBAPTS-26APR05UTAOKC-OKCJWILLIAMS8-25,2026-04-05,pts,24.5,12.50125,11.99875,0.03675,0.0424939094239597,0.0,1.0
KXNBAPTS-26APR05UTAOKC-OKCSGILGEOUSALEXANDER2-20,2026-04-05,pts,19.5,22.8855,-3.3855000000000004,0.65225,0.581459270763907,1.0,1.0
KXNBAPTS-26APR05UTAOKC-OKCSGILGEOUSALEXANDER2-25,2026-04-05,pts,24.5,22.8855,1.6144999999999996,0.39825,0.3869077515825333,0.0,1.0
KXNBAPTS-26APR05UTAOKC-OKCSGILGEOUSALEXANDER2-30,2026-04-05,pts,29.5,22.8855,6.6145,0.19425,0.23469588454655554,0.0,1.0
KXNBAPTS-26APR05UTAOKC-OKCSGILGEOUSALEXANDER2-35,2026-04-05,pts,34.5,22.8855,11.6145,0.07575,0.13192764574850835,0.0,1.0
KXNBAPTS-26APR05UTAOKC-OKCSGILGEOUSALEXANDER2-40,2026-04-05,pts,39.5,22.8855,16.6145,0.02275,0.06965146289923285,0.0,1.0
KXNBAPTS-26APR05UTAOKC-UTAABAILEY19-15,2026-04-05,pts,14.5,9.75875,4.741250000000001,0.176,0.16358794433963775,0.0,1.0
KXNBAPTS-26APR05UTAOKC-UTAABAILEY19-20,2026-04-05,pts,19.5,9.75875,9.74125,0.04425,0.04322692720036048,0.0,1.0
KXNBAPTS-26APR05UTAOKC-UTAABAILEY19-25,2026-04-05,pts,24.5,9.75875,14.74125,0.009,0.009396145389653499,0.0,1.0
KXNBAPTS-26APR05UTAOKC-UTAABAILEY19-30,2026-04-05,pts,29.5,9.75875,19.74125,0.00175,0.001776249438524613,0.0,1.0
KXNBAREB-26APR05UTAOKC-OKCCHOLMGREN7-10,2026-04-05,reb,9.5,5.8305,3.6695,0.08975,0.11744155766467312,0.0,1.0
KXNBAREB-26APR05UTAOKC-OKCCHOLMGREN7-12,2026-04-05,reb,11.5,5.8305,5.6695,0.0275,0.04590270177350919,0.0,1.0
KXNBAREB-26APR05UTAOKC-OKCCHOLMGREN7-4,2026-04-05,reb,3.5,5.8305,-2.3305,0.81025,0.767070356228082,1.0,1.0
KXNBAREB-26APR05UTAOKC-OKCCHOLMGREN7-6,2026-04-05,reb,5.5,5.8305,-0.3304999999999998,0.51775,0.4960619652750111,1.0,1.0
KXNBAREB-26APR05UTAOKC-OKCCHOLMGREN7-8,2026-04-05,reb,7.5,5.8305,1.6695000000000002,0.2445,0.2623800401275619,0.0,1.0
KXNBAREB-26APR05UTAOKC-OKCIHARTENSTEIN55-10,2026-04-05,reb,9.5,6.46975,3.0302499999999997,0.13625,0.16836824899930436,0.0,1.0
KXNBAREB-26APR05UTAOKC-OKCIHARTENSTEIN55-12,2026-04-05,reb,11.5,6.46975,5.03025,0.04975,0.07399407522169399,0.0,1.0
KXNBAREB-26APR05UTAOKC-OKCIHARTENSTEIN55-4,2026-04-05,reb,3.5,6.46975,-2.9697500000000003,0.87175,0.8190136824098107,1.0,1.0
KXNBAREB-26APR05UTAOKC-OKCIHARTENSTEIN55-6,2026-04-05,reb,5.5,6.46975,-0.9697500000000003,0.608,0.5751678874302528,1.0,1.0
KXNBAREB-26APR05UTAOKC-OKCIHARTENSTEIN55-8,2026-04-05,reb,7.5,6.46975,1.0302499999999997,0.32275,0.3365385806229142,1.0,1.0
KXNBAREB-26APR05UTAOKC-OKCJWILLIAMS8-10,2026-04-05,reb,9.5,3.171,6.329000000000001,0.0045,0.006587584134811975,0.0,1.0
KXNBAREB-26APR05UTAOKC-OKCJWILLIAMS8-2,2026-04-05,reb,1.5,3.171,-1.6709999999999998,0.79125,0.7838692662920759,1.0,1.0
KXNBAREB-26APR05UTAOKC-OKCJWILLIAMS8-4,2026-04-05,reb,3.5,3.171,0.3290000000000002,0.38675,0.38488722589565927,0.0,1.0
KXNBAREB-26APR05UTAOKC-OKCJWILLIAMS8-6,2026-04-05,reb,5.5,3.171,2.329,0.12275,0.12833843690856628,0.0,1.0
KXNBAREB-26APR05UTAOKC-OKCJWILLIAMS8-8,2026-04-05,reb,7.5,3.171,4.329000000000001,0.027,0.032267192472421824,0.0,1.0
KXNBAREB-26APR05UTAOKC-OKCSGILGEOUSALEXANDER2-10,2026-04-05,reb,9.5,3.25075,6.24925,0.00225,0.0075920728953392524,0.0,1.0
KXNBAREB-26APR05UTAOKC-OKCSGILGEOUSALEXANDER2-2,2026-04-05,reb,1.5,3.25075,-1.75075,0.82575,0.7938453951798765,1.0,1.0
KXNBAREB-26APR05UTAOKC-OKCSGILGEOUSALEXANDER2-4,2026-04-05,reb,3.5,3.25075,0.24924999999999997,0.4135,0.4002345228868367,1.0,1.0
KXNBAREB-26APR05UTAOKC-OKCSGILGEOUSALEXANDER2-6,2026-04-05,reb,5.5,3.25075,2.24925,0.1155,0.1378321197628526,0.0,1.0
KXNBAREB-26APR05UTAOKC-OKCSGILGEOUSALEXANDER2-8,2026-04-05,reb,7.5,3.25075,4.24925,0.023,0.0358775688404519,0.0,1.0
KXNBAREB-26APR05UTAOKC-UTAABAILEY19-2,2026-04-05,reb,1.5,2.97625,-1.4762499999999998,0.78375,0.7574195425736383,1.0,1.0
KXNBAREB-26APR05UTAOKC-UTAABAILEY19-4,2026-04-05,reb,3.5,2.97625,0.5237500000000002,0.34475,0.3468538056074195,1.0,1.0
KXNBAREB-26APR05UTAOKC-UTAABAILEY19-5,2026-04-05,reb,4.5,2.97625,1.5237500000000002,0.19025,0.2003272861124029,0.0,1.0
KXNBAREB-26APR05UTAOKC-UTAABAILEY19-6,2026-04-05,reb,5.5,2.97625,2.52375,0.09,0.10633278229248222,0.0,1.0
KXNBAREB-26APR05UTAOKC-UTAABAILEY19-8,2026-04-05,reb,7.5,2.97625,4.52375,0.017,0.024434528885606488,0.0,1.0
KXNBAAST-26APR05UTAOKC-OKCSGILGEOUSALEXANDER2-10,2026-04-05,ast,9.5,4.8355,4.6645,0.02975,0.0542772222407113,0.0,1.0
KXNBAAST-26APR05UTAOKC-OKCSGILGEOUSALEXANDER2-2,2026-04-05,ast,1.5,4.8355,-3.3354999999999997,0.9495,0.9200419399447768,1.0,1.0
KXNBAAST-26APR05UTAOKC-OKCSGILGEOUSALEXANDER2-4,2026-04-05,ast,3.5,4.8355,-1.3354999999999997,0.701,0.660043517114505,1.0,1.0
KXNBAAST-26APR05UTAOKC-OKCSGILGEOUSALEXANDER2-6,2026-04-05,ast,5.5,4.8355,0.6645000000000003,0.3495,0.3580025310008811,1.0,1.0
KXNBAAST-26APR05UTAOKC-OKCSGILGEOUSALEXANDER2-8,2026-04-05,ast,7.5,4.8355,2.6645000000000003,0.12675,0.1531796479238724,0.0,1.0
KXNBAAST-26APR05UTAOKC-UTAABAILEY19-2,2026-04-05,ast,1.5,1.092,0.4079999999999999,0.30575,0.2961850525352312,1.0,1.0
KXNBAAST-26APR05UTAOKC-UTAABAILEY19-3,2026-04-05,ast,2.5,1.092,1.408,0.09925,0.10636651519476958,0.0,1.0
KXNBAAST-26APR05UTAOKC-UTAABAILEY19-4,2026-04-05,ast,3.5,1.092,2.408,0.026,0.03197590605276812,0.0,1.0
KXNBAAST-26APR05UTAOKC-UTAABAILEY19-6,2026-04-05,ast,5.5,1.092,4.4079999999999995,0.00125,0.0019816204599608644,0.0,1.0
KXNBAAST-26APR05UTAOKC-UTAABAILEY19-8,2026-04-05,ast,7.5,1.092,6.4079999999999995,0.0,8.65073238196512e-05,0.0,1.0
KXNBA3PT-26APR05UTAOKC-OKCCHOLMGREN7-1,2026-04-05,fg3m,0.5,0.88975,-0.38975000000000004,0.587,0.5689811986142583,1.0,1.0
KXNBA3PT-26APR05UTAOKC-OKCCHOLMGREN7-2,2026-04-05,fg3m,1.5,0.88975,0.61025,0.22025,0.22551562303990824,1.0,1.0
KXNBA3PT-26APR05UTAOKC-OKCCHOLMGREN7-3,2026-04-05,fg3m,2.5,0.88975,1.61025,0.06375,0.0707399056166006,1.0,1.0
KXNBA3PT-26APR05UTAOKC-OKCCHOLMGREN7-4,2026-04-05,fg3m,3.5,0.88975,2.6102499999999997,0.01575,0.018856565538079795,1.0,1.0
KXNBA3PT-26APR05UTAOKC-OKCCHOLMGREN7-5,2026-04-05,fg3m,4.5,0.88975,3.6102499999999997,0.00275,0.004458436790994669,0.0,1.0
KXNBA3PT-26APR05UTAOKC-OKCJWILLIAMS8-1,2026-04-05,fg3m,0.5,0.8185,-0.3185,0.55775,0.5404571704840346,1.0,1.0
KXNBA3PT-26APR05UTAOKC-OKCJWILLIAMS8-2,2026-04-05,fg3m,1.5,0.8185,0.6815,0.192,0.20074634790953416,0.0,1.0
KXNBA3PT-26APR05UTAOKC-OKCJWILLIAMS8-3,2026-04-05,fg3m,2.5,0.8185,1.6815,0.0545,0.05873423758964591,0.0,1.0
KXNBA3PT-26APR05UTAOKC-OKCJWILLIAMS8-4,2026-04-05,fg3m,3.5,0.8185,2.6814999999999998,0.013,0.014572427043236247,0.0,1.0
KXNBA3PT-26APR05UTAOKC-OKCJWILLIAMS8-5,2026-04-05,fg3m,4.5,0.8185,3.6814999999999998,0.00125,0.003203450135772501,0.0,1.0
KXNBA3PT-26APR05UTAOKC-OKCSGILGEOUSALEXANDER2-1,2026-04-05,fg3m,0.5,1.2375,-0.7375,0.70675,0.6823693915327751,1.0,1.0
KXNBA3PT-26APR05UTAOKC-OKCSGILGEOUSALEXANDER2-2,2026-04-05,fg3m,1.5,1.2375,0.26249999999999996,0.35825,0.3441337405280822,1.0,1.0
KXNBA3PT-26APR05UTAOKC-OKCSGILGEOUSALEXANDER2-3,2026-04-05,fg3m,2.5,1.2375,1.2625,0.129,0.14045344060367482,0.0,1.0
KXNBA3PT-26APR05UTAOKC-OKCSGILGEOUSALEXANDER2-4,2026-04-05,fg3m,3.5,1.2375,2.2625,0.035,0.04921367497586482,0.0,1.0
KXNBA3PT-26APR05UTAOKC-OKCSGILGEOUSALEXANDER2-5,2026-04-05,fg3m,4.5,1.2375,3.2625,0.007,0.015378196594806548,0.0,1.0
KXNBAPTS-26APR04SASDEN-DENAGORDON32-10,2026-04-04,pts,9.5,10.978,-1.4779999999999998,0.56525,0.555256693199214,1.0,1.0
KXNBAPTS-26APR04SASDEN-DENAGORDON32-15,2026-04-04,pts,14.5,10.978,3.5220000000000002,0.25075,0.23414498786600557,1.0,1.0
KXNBAPTS-26APR04SASDEN-DENAGORDON32-20,2026-04-04,pts,19.5,10.978,8.522,0.076,0.07557094897967076,0.0,1.0
KXNBAPTS-26APR04SASDEN-DENAGORDON32-25,2026-04-04,pts,24.5,10.978,13.522,0.024,0.02023020287006072,0.0,1.0
KXNBAPTS-26APR04SASDEN-DENCBRAUN0-10,2026-04-04,pts,9.5,8.549,0.9510000000000005,0.3855,0.3654600388047883,1.0,1.0
KXNBAPTS-26APR04SASDEN-DENCBRAUN0-15,2026-04-04,pts,14.5,8.549,5.9510000000000005,0.11775,0.10217056300638971,1.0,1.0
KXNBAPTS-26APR04SASDEN-DENCBRAUN0-20,2026-04-04,pts,19.5,8.549,10.951,0.027,0.021074954842329352,1.0,1.0
KXNBAPTS-26APR04SASDEN-DENCJOHNSON23-10,2026-04-04,pts,9.5,8.07125,1.4287500000000009,0.34325,0.3241671985813708,1.0,1.0
KXNBAPTS-26APR04SASDEN-DENCJOHNSON23-15,2026-04-04,pts,14.5,8.07125,6.428750000000001,0.1065,0.08135683570495811,1.0,1.0
KXNBAPTS-26APR04SASDEN-DENCJOHNSON23-20,2026-04-04,pts,19.5,8.07125,11.42875,0.0255,0.014956185152713464,0.0,1.0
KXNBAPTS-26APR04SASDEN-DENCJOHNSON23-25,2026-04-04,pts,24.5,8.07125,16.42875,0.0045,0.002236484707572095,0.0,1.0
KXNBAPTS-26APR04SASDEN-DENJMURRAY27-15,2026-04-04,pts,14.5,17.43,-2.9299999999999997,0.625,0.595216529383884,1.0,1.0
KXNBAPTS-26APR04SASDEN-DENJMURRAY27-20,2026-04-04,pts,19.5,17.43,2.0700000000000003,0.358,0.3517096584234227,0.0,1.0
KXNBAPTS-26APR04SASDEN-DENJMURRAY27-25,2026-04-04,pts,24.5,17.43,7.07,0.164,0.18002727321923806,0.0,1.0
KXNBAPTS-26APR04SASDEN-DENJMURRAY27-30,2026-04-04,pts,29.5,17.43,12.07,0.05875,0.0823846115339627,0.0,1.0
KXNBAPTS-26APR04SASDEN-DENJMURRAY27-35,2026-04-04,pts,34.5,17.43,17.07,0.02,0.03452339769805468,0.0,1.0
KXNBAPTS-26APR04SASDEN-DENNJOKIC15-15,2026-04-04,pts,14.5,18.36475,-3.864750000000001,0.6835,0.6354576018395358,1.0,1.0
KXNBAPTS-26APR04SASDEN-DENNJOKIC15-20,2026-04-04,pts,19.5,18.36475,1.1352499999999992,0.4155,0.39508730692757954,1.0,1.0
KXNBAPTS-26APR04SASDEN-DENNJOKIC15-25,2026-04-04,pts,24.5,18.36475,6.135249999999999,0.188,0.21407050245121872,1.0,1.0
KXNBAPTS-26APR04SASDEN-DENNJOKIC15-30,2026-04-04,pts,29.5,18.36475,11.13525,0.07275,0.10405241765427531,1.0,1.0
KXNBAPTS-26APR04SASDEN-DENNJOKIC15-35,2026-04-04,pts,34.5,18.36475,16.13525,0.02325,0.04640797186254564,1.0,1.0
KXNBAPTS-26APR04SASDEN-SASDFOX4-10,2026-04-04,pts,9.5,12.3795,-2.8795,0.669,0.6433421374289505,1.0,1.0
KXNBAPTS-26APR04SASDEN-SASDFOX4-15,2026-04-04,pts,14.5,12.3795,2.1205,0.32725,0.31963514625242107,0.0,1.0
KXNBAPTS-26APR04SASDEN-SASDFOX4-20,2026-04-04,pts,19.5,12.3795,7.1205,0.11475,0.12407661516850821,0.0,1.0
KXNBAPTS-26APR04SASDEN-SASDFOX4-25,2026-04-04,pts,24.5,12.3795,12.1205,0.03,0.04033197484076245,0.0,1.0
KXNBAPTS-26APR04SASDEN-SASDHARPER2-10,2026-04-04,pts,9.5,10.8345,-1.3345000000000002,0.57025,0.5452948574172993,1.0,1.0
KXNBAPTS-26APR04SASDEN-SASDHARPER2-15,2026-04-04,pts,14.5,10.8345,3.6654999999999998,0.2295,0.22555537731910824,0.0,1.0
KXNBAPTS-26APR04SASDEN-SASDHARPER2-20,2026-04-04,pts,19.5,10.8345,8.6655,0.0575,0.07125654332421039,0.0,1.0
KXNBAPTS-26APR04SASDEN-SASDVASSELL24-10,2026-04-04,pts,9.5,10.732,-1.2319999999999993,0.546,0.5380729351260646,1.0,1.0
KXNBAPTS-26APR04SASDEN-SASDVASSELL24-15,2026-04-04,pts,14.5,10.732,3.7680000000000007,0.23725,0.2194554478953622,1.0,1.0
KXNBAPTS-26APR04SASDEN-SASDVASSELL24-20,2026-04-04,pts,19.5,10.732,8.768,0.0735,0.06825530478976272,0.0,1.0
KXNBAPTS-26APR04SASDEN-SASDVASSELL24-25,2026-04-04,pts,24.5,10.732,13.768,0.01575,0.017578267823556426,0.0,1.0
KXNBAPTS-26APR04SASDEN-SASSCASTLE5-10,2026-04-04,pts,9.5,13.1745,-3.6745,0.70025,0.6860538612110116,1.0,1.0
KXNBAPTS-26APR04SASDEN-SASSCASTLE5-15,2026-04-04,pts,14.5,13.1745,1.3255,0.39225,0.36797410067705727,1.0,1.0
KXNBAPTS-26APR04SASDEN-SASSCASTLE5-20,2026-04-04,pts,19.5,13.1745,6.3255,0.15225,0.1559710683509784,1.0,1.0
KXNBAPTS-26APR04SASDEN-SASSCASTLE5-25,2026-04-04,pts,24.5,13.1745,11.3255,0.04575,0.0556609072971086,0.0,1.0
KXNBAREB-26APR04SASDEN-DENAGORDON32-2,2026-04-04,reb,1.5,4.10975,-2.60975,0.89975,0.8756771574846038,1.0,1.0
KXNBAREB-26APR04SASDEN-DENAGORDON32-4,2026-04-04,reb,3.5,4.10975,-0.60975,0.577,0.5524687729380883,1.0,1.0
KXNBAREB-26APR04SASDEN-DENAGORDON32-5,2026-04-04,reb,4.5,4.10975,0.39025,0.3915,0.38743450698168624,1.0,1.0
KXNBAREB-26APR04SASDEN-DENAGORDON32-6,2026-04-04,reb,5.5,4.10975,1.39025,0.23825,0.2528246754431276,1.0,1.0
KXNBAREB-26APR04SASDEN-DENAGORDON32-8,2026-04-04,reb,7.5,4.10975,3.39025,0.068,0.08979550743669229,0.0,1.0
KXNBAREB-26APR04SASDEN-DENCJOHNSON23-10,2026-04-04,reb,9.5,2.71875,6.78125,0.00125,0.0026219966329811273,0.0,1.0
KXNBAREB-26APR04SASDEN-DENCJOHNSON23-2,2026-04-04,reb,1.5,2.71875,-1.21875,0.725,0.7174522076553934,1.0,1.0
KXNBAREB-26APR04SASDEN-DENCJOHNSON23-4,2026-04-04,reb,3.5,2.71875,0.78125,0.2965,0.29584100816540193,1.0,1.0
KXNBAREB-26APR04SASDEN-DENCJOHNSON23-6,2026-04-04,reb,5.5,2.71875,2.78125,0.07475,0.08011123138980714,1.0,1.0
KXNBAREB-26APR04SASDEN-DENCJOHNSON23-8,2026-04-04,reb,7.5,2.71875,4.78125,0.01125,0.016135579728225324,0.0,1.0
KXNBAREB-26APR04SASDEN-DENNJOKIC15-10,2026-04-04,reb,9.5,9.4885,0.011499999999999844,0.48,0.45421495602703,0.0,1.0
KXNBAREB-26APR04SASDEN-DENNJOKIC15-12,2026-04-04,reb,11.5,9.4885,2.0115,0.26275,0.2884498567247823,0.0,1.0
KXNBAREB-26APR04SASDEN-DENNJOKIC15-14,2026-04-04,reb,13.5,9.4885,4.0115,0.1255,0.16765823710603256,0.0,1.0
KXNBAREB-26APR04SASDEN-DENNJOKIC15-16,2026-04-04,reb,15.5,9.4885,6.0115,0.04775,0.09025149431551582,0.0,1.0
KXNBAREB-26APR04SASDEN-DENNJOKIC15-18,2026-04-04,reb,17.5,9.4885,8.0115,0.0195,0.04546633977985581,0.0,1.0
KXNBAREB-26APR04SASDEN-SASDFOX4-10,2026-04-04,reb,9.5,2.7225,6.7775,0.00125,0.002644550395898837,0.0,1.0
KXNBAREB-26APR04SASDEN-SASDFOX4-2,2026-04-04,reb,1.5,2.7225,-1.2225000000000001,0.7465,0.7180782342776402,1.0,1.0
KXNBAREB-26APR04SASDEN-SASDFOX4-4,2026-04-04,reb,3.5,2.7225,0.7774999999999999,0.292,0.29658599858321233,1.0,1.0
KXNBAREB-26APR04SASDEN-SASDFOX4-6,2026-04-04,reb,5.5,2.7225,2.7775,0.06425,0.08046767435282687,0.0,1.0
KXNBAREB-26APR04SASDEN-SASDFOX4-8,2026-04-04,reb,7.5,2.7225,4.7775,0.01075,0.01624041148045574,0.0,1.0
KXNBAREB-26APR04SASDEN-SASSCASTLE5-2,2026-04-04,reb,1.5,4.2615,-2.7615,0.91275,0.8861930387390682,1.0,1.0
KXNBAREB-26APR04SASDEN-SASSCASTLE5-4,2026-04-04,reb,3.5,4.2615,-0.7614999999999998,0.60175,0.5763555054004235,1.0,1.0
KXNBAREB-26APR04SASDEN-SASSCASTLE5-5,2026-04-04,reb,4.5,4.2615,0.23850000000000016,0.41925,0.4121045729326952,1.0,1.0
KXNBAREB-26APR04SASDEN-SASSCASTLE5-6,2026-04-04,reb,5.5,4.2615,1.2385000000000002,0.26975,0.2746441767345392,0.0,1.0
KXNBAREB-26APR04SASDEN-SASSCASTLE5-8,2026-04-04,reb,7.5,4.2615,3.2385,0.0815,0.10204990172050332,0.0,1.0
KXNBAAST-26APR04SASDEN-DENAGORDON32-2,2026-04-04,ast,1.5,1.8895,-0.38949999999999996,0.56025,0.542714882057253,1.0,1.0
KXNBAAST-26APR04SASDEN-DENAGORDON32-3,2026-04-04,ast,2.5,1.8895,0.6105,0.2955,0.29514165293409744,1.0,1.0
KXNBAAST-26APR04SASDEN-DENAGORDON32-4,2026-04-04,ast,3.5,1.8895,1.6105,0.1285,0.13784886397369767,0.0,1.0
KXNBAAST-26APR04SASDEN-DENAGORDON32-6,2026-04-04,ast,5.5,1.8895,3.6105,0.01575,0.021376971599053607,0.0,1.0
KXNBAAST-26APR04SASDEN-DENAGORDON32-8,2026-04-04,ast,7.5,1.8895,5.6105,0.0025,0.002387333197781283,0.0,1.0
KXNBAAST-26APR04SASDEN-DENJMURRAY27-10,2026-04-04,ast,9.5,4.4065,5.0935,0.02025,0.03556821236341423,1.0,1.0
KXNBAAST-26APR04SASDEN-DENJMURRAY27-12,2026-04-04,ast,11.5,4.4065,7.0935,0.0045,0.009605628326079474,0.0,1.0
KXNBAAST-26APR04SASDEN-DENJMURRAY27-6,2026-04-04,ast,5.5,4.4065,1.0934999999999997,0.287,0.2951764694597906,1.0,1.0
KXNBAAST-26APR04SASDEN-DENJMURRAY27-7,2026-04-04,ast,6.5,4.4065,2.0934999999999997,0.167,0.1877318014861722,1.0,1.0
KXNBAAST-26APR04SASDEN-DENJMURRAY27-8,2026-04-04,ast,7.5,4.4065,3.0934999999999997,0.0865,0.11298559376270789,1.0,1.0
KXNBAAST-26APR04SASDEN-DENNJOKIC15-10,2026-04-04,ast,9.5,6.81975,2.68025,0.166,0.19739617848218793,1.0,1.0
KXNBAAST-26APR04SASDEN-DENNJOKIC15-12,2026-04-04,ast,11.5,6.81975,4.68025,0.055,0.09064004811308835,1.0,1.0
KXNBAAST-26APR04SASDEN-DENNJOKIC15-14,2026-04-04,ast,13.5,6.81975,6.68025,0.01625,0.03733114790966774,0.0,1.0
KXNBAAST-26APR04SASDEN-DENNJOKIC15-16,2026-04-04,ast,15.5,6.81975,8.680250000000001,0.00375,0.014040103016244587,0.0,1.0
KXNBAAST-26APR04SASDEN-DENNJOKIC15-8,2026-04-04,ast,7.5,6.81975,0.68025,0.37325,0.37721400280238027,1.0,1.0
KXNBAAST-26APR04SASDEN-SASDFOX4-10,2026-04-04,ast,9.5,3.8425,5.657500000000001,0.012,0.018051810106016974,0.0,1.0
KXNBAAST-26APR04SASDEN-SASDFOX4-2,2026-04-04,ast,1.5,3.8425,-2.3425,0.87625,0.856617641539474,1.0,1.0
KXNBAAST-26APR04SASDEN-SASDFOX4-4,2026-04-04,ast,3.5,3.8425,-0.3424999999999998,0.53275,0.50924969199901,1.0,1.0
KXNBAAST-26APR04SASDEN-SASDFOX4-6,2026-04-04,ast,5.5,3.8425,1.6575000000000002,0.19825,0.21420808761452792,0.0,1.0
KXNBAAST-26APR04SASDEN-SASDFOX4-8,2026-04-04,ast,7.5,3.8425,3.6575,0.052,0.06887439183726107,0.0,1.0
KXNBAAST-26APR04SASDEN-SASSCASTLE5-10,2026-04-04,ast,9.5,5.117,4.383,0.05075,0.06915495918529335,0.0,1.0
KXNBAAST-26APR04SASDEN-SASSCASTLE5-12,2026-04-04,ast,11.5,5.117,6.383,0.01025,0.022678843069997345,0.0,1.0
KXNBAAST-26APR04SASDEN-SASSCASTLE5-6,2026-04-04,ast,5.5,5.117,0.383,0.395,0.39875364605663965,1.0,1.0
KXNBAAST-26APR04SASDEN-SASSCASTLE5-8,2026-04-04,ast,7.5,5.117,2.383,0.17475,0.18205990424917773,1.0,1.0
KXNBAAST-26APR04SASDEN-SASSCASTLE5-9,2026-04-04,ast,8.5,5.117,3.383,0.1,0.11452669749922373,1.0,1.0
KXNBA3PT-26APR04SASDEN-DENAGORDON32-1,2026-04-04,fg3m,0.5,1.088,-0.5880000000000001,0.65525,0.6383667918190994,1.0,1.0
KXNBA3PT-26APR04SASDEN-DENAGORDON32-2,2026-04-04,fg3m,1.5,1.088,0.4119999999999999,0.29975,0.29399279792063937,0.0,1.0
KXNBA3PT-26APR04SASDEN-DENAGORDON32-3,2026-04-04,fg3m,2.5,1.088,1.412,0.0965,0.10854358268745301,0.0,1.0
KXNBA3PT-26APR04SASDEN-DENAGORDON32-4,2026-04-04,fg3m,3.5,1.088,2.412,0.02775,0.03425447477026777,0.0,1.0
KXNBA3PT-26APR04SASDEN-DENAGORDON32-5,2026-04-04,fg3m,4.5,1.088,3.412,0.00775,0.009618014365455063,0.0,1.0
KXNBA3PT-26APR04SASDEN-DENJMURRAY27-2,2026-04-04,fg3m,1.5,2.141,-0.641,0.61925,0.5952128413990342,1.0,1.0
KXNBA3PT-26APR04SASDEN-DENJMURRAY27-3,2026-04-04,fg3m,2.5,2.141,0.359,0.359,0.3557103364489409,1.0,1.0
KXNBA3PT-26APR04SASDEN-DENJMURRAY27-4,2026-04-04,fg3m,3.5,2.141,1.359,0.17275,0.18725100202437794,0.0,1.0
KXNBA3PT-26APR04SASDEN-DENJMURRAY27-5,2026-04-04,fg3m,4.5,2.141,2.359,0.074,0.08915910674538219,0.0,1.0
KXNBA3PT-26APR04SASDEN-DENJMURRAY27-6,2026-04-04,fg3m,5.5,2.141,3.359,0.02725,0.0391677401879964,0.0,1.0
KXNBA3PT-26APR04SASDEN-DENNJOKIC15-1,2026-04-04,fg3m,0.5,1.16625,-0.66625,0.673,0.662202230968173,1.0,1.0
KXNBA3PT-26APR04SASDEN-DENNJOKIC15-2,2026-04-04,fg3m,1.5,1.16625,0.33375,0.3235,0.32045699309545184,0.0,1.0
KXNBA3PT-26APR04SASDEN-DENNJOKIC15-3,2026-04-04,fg3m,2.5,1.16625,1.33375,0.1225,0.12494168110270909,0.0,1.0
KXNBA3PT-26APR04SASDEN-DENNJOKIC15-4,2026-04-04,fg3m,3.5,1.16625,2.33375,0.0335,0.04173377945469614,0.0,1.0
KXNBA3PT-26APR04SASDEN-DENNJOKIC15-5,2026-04-04,fg3m,4.5,1.16625,3.33375,0.01,0.012418003789002596,0.0,1.0
KXNBA3PT-26APR04SASDEN-SASDFOX4-1,2026-04-04,fg3m,0.5,1.1885,-0.6884999999999999,0.6875,0.6686515398072002,0.0,1.0
KXNBA3PT-26APR04SASDEN-SASDFOX4-2,2026-04-04,fg3m,1.5,1.1885,0.3115000000000001,0.33875,0.3278971400124946,0.0,1.0
KXNBA3PT-26APR04SASDEN-SASDFOX4-3,2026-04-04,fg3m,2.5,1.1885,1.3115,0.1175,0.12973047674907556,0.0,1.0
KXNBA3PT-26APR04SASDEN-SASDFOX4-4,2026-04-04,fg3m,3.5,1.1885,2.3115,0.03325,0.04400197922437732,0.0,1.0
KXNBA3PT-26APR04SASDEN-SASDFOX4-5,2026-04-04,fg3m,4.5,1.1885,3.3115,0.0095,0.013299541944036819,0.0,1.0
KXNBA3PT-26APR04SASDEN-SASSCASTLE5-1,2026-04-04,fg3m,0.5,1.10925,-0.6092500000000001,0.66475,0.6450226530581318,0.0,1.0
KXNBA3PT-26APR04SASDEN-SASSCASTLE5-2,2026-04-04,fg3m,1.5,1.10925,0.39074999999999993,0.31375,0.30122226674823205,0.0,1.0
KXNBA3PT-26APR04SASDEN-SASSCASTLE5-3,2026-04-04,fg3m,2.5,1.10925,1.39075,0.101,0.11292470745940819,0.0,1.0
KXNBA3PT-26APR04SASDEN-SASSCASTLE5-4,2026-04-04,fg3m,3.5,1.10925,2.3907499999999997,0.0225,0.03620825497005942,0.0,1.0
KXNBA3PT-26APR04SASDEN-SASSCASTLE5-5,2026-04-04,fg3m,4.5,1.10925,3.3907499999999997,0.005,0.010332957083072025,0.0,1.0
KXNBAPTS-26APR04WASMIA-MIAAWIGGINS22-10,2026-04-04,pts,9.5,10.68,-1.1799999999999997,0.53975,0.5343754427516051,1.0,1.0
KXNBAPTS-26APR04WASMIA-MIAAWIGGINS22-15,2026-04-04,pts,14.5,10.68,3.8200000000000003,0.22775,0.2163732141656297,1.0,1.0
KXNBAPTS-26APR04WASMIA-MIAAWIGGINS22-20,2026-04-04,pts,19.5,10.68,8.82,0.083,0.06675865733228936,1.0,1.0
KXNBAPTS-26APR04WASMIA-MIAAWIGGINS22-25,2026-04-04,pts,24.5,10.68,13.82,0.0185,0.01704935909997185,0.0,1.0
KXNBAPTS-26APR04WASMIA-MIABADEBAYO13-15,2026-04-04,pts,14.5,16.206,-1.7059999999999995,0.577,0.5369510104829145,0.0,1.0
KXNBAPTS-26APR04WASMIA-MIABADEBAYO13-20,2026-04-04,pts,19.5,16.206,3.2940000000000005,0.29775,0.2938716376279553,0.0,1.0
KXNBAPTS-26APR04WASMIA-MIABADEBAYO13-25,2026-04-04,pts,24.5,16.206,8.294,0.11525,0.13820877405179666,0.0,1.0
KXNBAPTS-26APR04WASMIA-MIABADEBAYO13-30,2026-04-04,pts,29.5,16.206,13.294,0.03025,0.05785292616252913,0.0,1.0
KXNBAPTS-26APR04WASMIA-MIABADEBAYO13-35,2026-04-04,pts,34.5,16.206,18.294,0.008,0.022116746080568794,0.0,1.0
KXNBAPTS-26APR04WASMIA-MIADMITCHELL45-10,2026-04-04,pts,9.5,7.37775,2.12225,0.29225,0.26369848682759156,1.0,1.0
KXNBAPTS-26APR04WASMIA-MIADMITCHELL45-15,2026-04-04,pts,14.5,7.37775,7.12225,0.0785,0.05535911390466142,0.0,1.0
KXNBAPTS-26APR04WASMIA-MIADMITCHELL45-20,2026-04-04,pts,19.5,7.37775,12.122250000000001,0.01475,0.00842375170934162,0.0,1.0
KXNBAPTS-26APR04WASMIA-MIAKWARE7-10,2026-04-04,pts,9.5,7.00875,2.49125,0.27125,0.23185432162891695,1.0,1.0
KXNBAPTS-26APR04WASMIA-MIAKWARE7-15,2026-04-04,pts,14.5,7.00875,7.49125,0.07575,0.043717046004744575,1.0,1.0
KXNBAPTS-26APR04WASMIA-MIAKWARE7-20,2026-04-04,pts,19.5,7.00875,12.49125,0.01675,0.005941570730662038,1.0,1.0
KXNBAPTS-26APR04WASMIA-WASBCOULIBALY0-10,2026-04-04,pts,9.5,7.427,2.0730000000000004,0.3035,0.26798032971054686,1.0,1.0
KXNBAPTS-26APR04WASMIA-WASBCOULIBALY0-15,2026-04-04,pts,14.5,7.427,7.073,0.08375,0.05703056687354546,0.0,1.0
KXNBAPTS-26APR04WASMIA-WASBCOULIBALY0-20,2026-04-04,pts,19.5,7.427,12.073,0.014,0.008803817443157058,0.0,1.0
KXNBAPTS-26APR04WASMIA-WASBCOULIBALY0-25,2026-04-04,pts,24.5,7.427,17.073,0.001,0.0011008527971815285,0.0,1.0
KXNBAPTS-26APR04WASMIA-WASTJOHNSON12-10,2026-04-04,pts,9.5,7.87675,1.6232499999999996,0.33025,0.30721340122802854,1.0,1.0
KXNBAPTS-26APR04WASMIA-WASTJOHNSON12-15,2026-04-04,pts,14.5,7.87675,6.62325,0.08725,0.07354150953011385,0.0,1.0
KXNBAPTS-26APR04WASMIA-WASTJOHNSON12-20,2026-04-04,pts,19.5,7.87675,11.623249999999999,0.017,0.012857133189738579,0.0,1.0
KXNBAPTS-26APR04WASMIA-WASTJOHNSON12-25,2026-04-04,pts,24.5,7.87675,16.62325,0.002,0.0018260852461978727,0.0,1.0
KXNBAREB-26APR04WASMIA-MIAAWIGGINS22-10,2026-04-04,reb,9.5,3.8185,5.6815,0.0115,0.018151715985355033,0.0,1.0
KXNBAREB-26APR04WASMIA-MIAAWIGGINS22-2,2026-04-04,reb,1.5,3.8185,-2.3185,0.86825,0.8525565635153376,1.0,1.0
KXNBAREB-26APR04WASMIA-MIAAWIGGINS22-4,2026-04-04,reb,3.5,3.8185,-0.3184999999999998,0.51225,0.503932199408688,0.0,1.0
KXNBAREB-26APR04WASMIA-MIAAWIGGINS22-6,2026-04-04,reb,5.5,3.8185,1.6815000000000002,0.203,0.21182068331294257,0.0,1.0
KXNBAREB-26APR04WASMIA-MIAAWIGGINS22-8,2026-04-04,reb,7.5,3.8185,3.6815,0.062,0.06848215759003051,0.0,1.0
KXNBAREB-26APR04WASMIA-MIABADEBAYO13-10,2026-04-04,reb,9.5,8.019,1.4809999999999999,0.29075,0.3128214424243889,0.0,1.0
KXNBAREB-26APR04WASMIA-MIABADEBAYO13-12,2026-04-04,reb,11.5,8.019,3.481,0.12975,0.17119069147678045,0.0,1.0
KXNBAREB-26APR04WASMIA-MIABADEBAYO13-14,2026-04-04,reb,13.5,8.019,5.481,0.0525,0.08496904323095622,0.0,1.0
KXNBAREB-26APR04WASMIA-MIABADEBAYO13-16,2026-04-04,reb,15.5,8.019,7.481,0.01825,0.038825052282355776,0.0,1.0
KXNBAREB-26APR04WASMIA-MIABADEBAYO13-8,2026-04-04,reb,7.5,8.019,-0.5190000000000001,0.53225,0.5096377183942946,1.0,1.0
KXNBAREB-26APR04WASMIA-MIAKWARE7-10,2026-04-04,reb,9.5,5.749,3.7510000000000003,0.1185,0.11151596416515364,1.0,1.0
KXNBAREB-26APR04WASMIA-MIAKWARE7-12,2026-04-04,reb,11.5,5.749,5.751,0.04775,0.04287838435595137,1.0,1.0
KXNBAREB-26APR04WASMIA-MIAKWARE7-6,2026-04-04,reb,5.5,5.749,-0.24899999999999967,0.49525,0.4853548815851987,1.0,1.0
KXNBAREB-26APR04WASMIA-MIAKWARE7-8,2026-04-04,reb,7.5,5.749,1.7510000000000003,0.26775,0.2530671583288895,1.0,1.0
KXNBAREB-26APR04WASMIA-MIAKWARE7-9,2026-04-04,reb,8.5,5.749,2.7510000000000003,0.18025,0.1711940802077595,1.0,1.0
KXNBAAST-26APR04WASMIA-MIABADEBAYO13-10,2026-04-04,ast,9.5,2.39025,7.10975,0.0,0.0010781879418363394,0.0,1.0
KXNBAAST-26APR04WASMIA-MIABADEBAYO13-2,2026-04-04,ast,1.5,2.39025,-0.89025,0.68,0.6585967861574524,1.0,1.0
KXNBAAST-26APR04WASMIA-MIABADEBAYO13-4,2026-04-04,ast,3.5,2.39025,1.10975,0.225,0.23055388368881768,1.0,1.0
KXNBAAST-26APR04WASMIA-MIABADEBAYO13-6,2026-04-04,ast,5.5,2.39025,3.10975,0.044,0.05123456842374485,1.0,1.0
KXNBAAST-26APR04WASMIA-MIABADEBAYO13-8,2026-04-04,ast,7.5,2.39025,5.10975,0.004,0.00832054895097234,0.0,1.0
KXNBAAST-26APR04WASMIA-MIADMITCHELL45-10,2026-04-04,ast,9.5,4.139,5.361,0.0165,0.02629453615414601,0.0,1.0
KXNBAAST-26APR04WASMIA-MIADMITCHELL45-12,2026-04-04,ast,11.5,4.139,7.361,0.00325,0.006523504652972689,0.0,1.0
KXNBAAST-26APR04WASMIA-MIADMITCHELL45-4,2026-04-04,ast,3.5,4.139,-0.6390000000000002,0.57275,0.5587029711325698,1.0,1.0
KXNBAAST-26APR04WASMIA-MIADMITCHELL45-6,2026-04-04,ast,5.5,4.139,1.3609999999999998,0.24975,0.2562846928590339,1.0,1.0
KXNBAAST-26APR04WASMIA-MIADMITCHELL45-8,2026-04-04,ast,7.5,4.139,3.3609999999999998,0.076,0.09071248740604843,0.0,1.0
KXNBAAST-26APR04WASMIA-MIAKWARE7-1,2026-04-04,ast,0.5,0.5595,-0.0595,0.415,0.4204072950686588,1.0,1.0
KXNBAAST-26APR04WASMIA-MIAKWARE7-2,2026-04-04,ast,1.5,0.5595,0.9405,0.11425,0.11216414652910645,1.0,1.0
KXNBAAST-26APR04WASMIA-MIAKWARE7-4,2026-04-04,ast,3.5,0.5595,2.9405,0.00375,0.0037392901956639912,0.0,1.0
KXNBAAST-26APR04WASMIA-MIAKWARE7-6,2026-04-04,ast,5.5,0.5595,4.9405,0.0,6.87623839474849e-05,0.0,1.0
KXNBAAST-26APR04WASMIA-MIAKWARE7-8,2026-04-04,ast,7.5,0.5595,6.9405,0.0,8.786062829502228e-07,0.0,1.0
KXNBAAST-26APR04WASMIA-WASBCARRINGTON7-2,2026-04-04,ast,1.5,3.2345,-1.7345000000000002,0.8155,0.793798055254934,1.0,1.0
KXNBAAST-26APR04WASMIA-WASBCARRINGTON7-4,2026-04-04,ast,3.5,3.2345,0.26549999999999985,0.397,0.3975185743980286,1.0,1.0
KXNBAAST-26APR04WASMIA-WASBCARRINGTON7-5,2026-04-04,ast,4.5,3.2345,1.2654999999999998,0.238,0.241333833907299,1.0,1.0
KXNBAAST-26APR04WASMIA-WASBCARRINGTON7-6,2026-04-04,ast,5.5,3.2345,2.2655,0.1225,0.1347683658684773,0.0,1.0
KXNBAAST-26APR04WASMIA-WASBCARRINGTON7-8,2026-04-04,ast,7.5,3.2345,4.265499999999999,0.02425,0.03426316672364216,0.0,1.0
KXNBAPTS-26APR04DETPHI-DETATHOMPSON9-10,2026-04-04,pts,9.5,6.81475,2.68525,0.2375,0.21535982630736905,1.0,1.0
KXNBAPTS-26APR04DETPHI-DETATHOMPSON9-15,2026-04-04,pts,14.5,6.81475,7.68525,0.0445,0.03822608552943896,0.0,1.0
KXNBAPTS-26APR04DETPHI-DETATHOMPSON9-20,2026-04-04,pts,19.5,6.81475,12.68525,0.00775,0.004876422693968485,0.0,1.0
KXNBAPTS-26APR04DETPHI-DETATHOMPSON9-25,2026-04-04,pts,24.5,6.81475,17.68525,0.001,0.0005019132509964663,0.0,1.0
KXNBAPTS-26APR04DETPHI-DETDROBINSON55-10,2026-04-04,pts,9.5,8.2755,1.2245000000000008,0.3585,0.3418997152839577,1.0,1.0
KXNBAPTS-26APR04DETPHI-DETDROBINSON55-15,2026-04-04,pts,14.5,8.2755,6.224500000000001,0.11525,0.08998191727341509,0.0,1.0
KXNBAPTS-26APR04DETPHI-DETDROBINSON55-20,2026-04-04,pts,19.5,8.2755,11.2245,0.02225,0.017400483117545384,0.0,1.0
KXNBAPTS-26APR04DETPHI-DETDROBINSON55-25,2026-04-04,pts,24.5,8.2755,16.2245,0.00275,0.002740744952889229,0.0,1.0
KXNBAPTS-26APR04DETPHI-PHIKOUBRE9-10,2026-04-04,pts,9.5,8.9735,0.5265000000000004,0.4145,0.4014238680358415,0.0,1.0
KXNBAPTS-26APR04DETPHI-PHIKOUBRE9-15,2026-04-04,pts,14.5,8.9735,5.5265,0.142,0.12243134277280632,0.0,1.0
KXNBAPTS-26APR04DETPHI-PHIKOUBRE9-20,2026-04-04,pts,19.5,8.9735,10.5265,0.0295,0.027729286316636736,0.0,1.0
KXNBAPTS-26APR04DETPHI-PHIKOUBRE9-25,2026-04-04,pts,24.5,8.9735,15.5265,0.0065,0.0051391787535739475,0.0,1.0
KXNBAPTS-26APR04DETPHI-PHIPGEORGE8-15,2026-04-04,pts,14.5,11.08925,3.41075,0.256,0.2408397148506265,1.0,1.0
KXNBAPTS-26APR04DETPHI-PHIPGEORGE8-20,2026-04-04,pts,19.5,11.08925,8.41075,0.0775,0.07900488690354412,1.0,1.0
KXNBAPTS-26APR04DETPHI-PHIPGEORGE8-25,2026-04-04,pts,24.5,11.08925,13.41075,0.01825,0.021512144757609875,0.0,1.0
KXNBAPTS-26APR04DETPHI-PHIPGEORGE8-30,2026-04-04,pts,29.5,11.08925,18.41075,0.0045,0.005117888748970678,0.0,1.0
KXNBAPTS-26APR04DETPHI-PHITMAXEY0-20,2026-04-04,pts,19.5,15.5565,3.9435000000000002,0.25925,0.2631714494768165,1.0,1.0
KXNBAPTS-26APR04DETPHI-PHITMAXEY0-25,2026-04-04,pts,24.5,15.5565,8.9435,0.0995,0.11769204432536395,0.0,1.0
KXNBAPTS-26APR04DETPHI-PHITMAXEY0-30,2026-04-04,pts,29.5,15.5565,13.9435,0.0315,0.046734317001653314,0.0,1.0
KXNBAPTS-26APR04DETPHI-PHITMAXEY0-35,2026-04-04,pts,34.5,15.5565,18.9435,0.00525,0.016924764592295416,0.0,1.0
KXNBAPTS-26APR04DETPHI-PHITMAXEY0-40,2026-04-04,pts,39.5,15.5565,23.9435,0.0,0.0056982852236598935,0.0,1.0
KXNBAPTS-26APR04DETPHI-PHIVEDGECOMBE77-10,2026-04-04,pts,9.5,9.6475,-0.14750000000000085,0.48425,0.45644745233361517,1.0,1.0
KXNBAPTS-26APR04DETPHI-PHIVEDGECOMBE77-15,2026-04-04,pts,14.5,9.6475,4.852499999999999,0.17275,0.1575054043728854,1.0,1.0
KXNBAPTS-26APR04DETPHI-PHIVEDGECOMBE77-20,2026-04-04,pts,19.5,9.6475,9.8525,0.0415,0.04077519659882212,0.0,1.0
KXNBAPTS-26APR04DETPHI-PHIVEDGECOMBE77-25,2026-04-04,pts,24.5,9.6475,14.8525,0.00675,0.008676890146188776,0.0,1.0
KXNBAREB-26APR04DETPHI-DETATHOMPSON9-10,2026-04-04,reb,9.5,4.292,5.208,0.021,0.03238030475055431,0.0,1.0
KXNBAREB-26APR04DETPHI-DETATHOMPSON9-12,2026-04-04,reb,11.5,4.292,7.208,0.0035,0.00863405713311749,0.0,1.0
KXNBAREB-26APR04DETPHI-DETATHOMPSON9-6,2026-04-04,reb,5.5,4.292,1.2080000000000002,0.26775,0.2790541938461819,0.0,1.0
KXNBAREB-26APR04DETPHI-DETATHOMPSON9-7,2026-04-04,reb,6.5,4.292,2.208,0.154,0.1755461355654454,0.0,1.0
KXNBAREB-26APR04DETPHI-DETATHOMPSON9-8,2026-04-04,reb,7.5,4.292,3.208,0.08625,0.10460312223362467,0.0,1.0
KXNBAREB-26APR04DETPHI-PHIKOUBRE9-2,2026-04-04,reb,1.5,3.42625,-1.92625,0.83,0.8141877814361773,1.0,1.0
KXNBAREB-26APR04DETPHI-PHIKOUBRE9-4,2026-04-04,reb,3.5,3.42625,0.07374999999999998,0.437,0.4334148536665109,1.0,1.0
KXNBAREB-26APR04DETPHI-PHIKOUBRE9-5,2026-04-04,reb,4.5,3.42625,1.07375,0.26775,0.27367323548884115,0.0,1.0
KXNBAREB-26APR04DETPHI-PHIKOUBRE9-6,2026-04-04,reb,5.5,3.42625,2.07375,0.151,0.15960260007158433,0.0,1.0
KXNBAREB-26APR04DETPHI-PHIKOUBRE9-8,2026-04-04,reb,7.5,3.42625,4.07375,0.038,0.044662646813645734,0.0,1.0
KXNBAREB-26APR04DETPHI-PHIPGEORGE8-10,2026-04-04,reb,9.5,3.5745,5.9254999999999995,0.0065,0.012825507137410042,0.0,1.0
KXNBAREB-26APR04DETPHI-PHIPGEORGE8-2,2026-04-04,reb,1.5,3.5745,-2.0745,0.856,0.829770933890079,1.0,1.0
KXNBAREB-26APR04DETPHI-PHIPGEORGE8-4,2026-04-04,reb,3.5,3.5745,-0.07450000000000001,0.4765,0.46070648592026986,1.0,1.0
KXNBAREB-26APR04DETPHI-PHIPGEORGE8-6,2026-04-04,reb,5.5,3.5745,1.9255,0.1585,0.17882594651530215,0.0,1.0
KXNBAREB-26APR04DETPHI-PHIPGEORGE8-8,2026-04-04,reb,7.5,3.5745,3.9255,0.04075,0.05298863290223976,0.0,1.0
KXNBAREB-26APR04DETPHI-PHIVEDGECOMBE77-10,2026-04-04,reb,9.5,3.53275,5.96725,0.01025,0.012038744469279994,0.0,1.0
KXNBAREB-26APR04DETPHI-PHIVEDGECOMBE77-2,2026-04-04,reb,1.5,3.53275,-2.03275,0.8495,0.8255228608430905,1.0,1.0
KXNBAREB-26APR04DETPHI-PHIVEDGECOMBE77-4,2026-04-04,reb,3.5,3.53275,-0.03275000000000006,0.45475,0.4530946394629577,1.0,1.0
KXNBAREB-26APR04DETPHI-PHIVEDGECOMBE77-6,2026-04-04,reb,5.5,3.53275,1.96725,0.161,0.17334216229498878,1.0,1.0
KXNBAREB-26APR04DETPHI-PHIVEDGECOMBE77-8,2026-04-04,reb,7.5,3.53275,3.96725,0.04075,0.05056009459750599,0.0,1.0
KXNBAAST-26APR04DETPHI-DETATHOMPSON9-10,2026-04-04,ast,9.5,2.21675,7.28325,0.0,0.0006492521176888477,0.0,1.0
KXNBAAST-26APR04DETPHI-DETATHOMPSON9-2,2026-04-04,ast,1.5,2.21675,-0.7167500000000002,0.64375,0.6218378536638773,1.0,1.0
KXNBAAST-26APR04DETPHI-DETATHOMPSON9-4,2026-04-04,ast,3.5,2.21675,1.2832499999999998,0.18975,0.1971342554501616,0.0,1.0
KXNBAAST-26APR04DETPHI-DETATHOMPSON9-6,2026-04-04,ast,5.5,2.21675,3.28325,0.03225,0.039140981570433664,0.0,1.0
KXNBAAST-26APR04DETPHI-DETATHOMPSON9-8,2026-04-04,ast,7.5,2.21675,5.28325,0.00325,0.00565020057259491,0.0,1.0
KXNBAAST-26APR04DETPHI-PHIKOUBRE9-10,2026-04-04,ast,9.5,1.147,8.353,0.0,4.4409306331205656e-06,0.0,1.0
KXNBAAST-26APR04DETPHI-PHIKOUBRE9-2,2026-04-04,ast,1.5,1.147,0.353,0.32,0.3152146433233245,0.0,1.0
KXNBAAST-26APR04DETPHI-PHIKOUBRE9-4,2026-04-04,ast,3.5,1.147,2.3529999999999998,0.03075,0.03692218830635885,0.0,1.0
KXNBAAST-26APR04DETPHI-PHIKOUBRE9-6,2026-04-04,ast,5.5,1.147,4.353,0.002,0.0024930343942977107,0.0,1.0
KXNBAAST-26APR04DETPHI-PHIKOUBRE9-8,2026-04-04,ast,7.5,1.147,6.353,0.00025,0.00011875182937604034,0.0,1.0
KXNBAAST-26APR04DETPHI-PHIPGEORGE8-10,2026-04-04,ast,9.5,2.55975,6.94025,0.001,0.0016874200307300802,0.0,1.0
KXNBAAST-26APR04DETPHI-PHIPGEORGE8-2,2026-04-04,ast,1.5,2.55975,-1.0597500000000002,0.71025,0.6912676989765902,1.0,1.0
KXNBAAST-26APR04DETPHI-PHIPGEORGE8-4,2026-04-04,ast,3.5,2.55975,0.9402499999999998,0.2575,0.2639626127058665,1.0,1.0
KXNBAAST-26APR04DETPHI-PHIPGEORGE8-6,2026-04-04,ast,5.5,2.55975,2.94025,0.051,0.06482912658819084,0.0,1.0
KXNBAAST-26APR04DETPHI-PHIPGEORGE8-8,2026-04-04,ast,7.5,2.55975,4.94025,0.0075,0.011695144052078943,0.0,1.0
KXNBAAST-26APR04DETPHI-PHITMAXEY0-10,2026-04-04,ast,9.5,4.07675,5.42325,0.01275,0.024391043062973683,0.0,1.0
KXNBAAST-26APR04DETPHI-PHITMAXEY0-12,2026-04-04,ast,11.5,4.07675,7.42325,0.002,0.00592653797724263,0.0,1.0
KXNBAAST-26APR04DETPHI-PHITMAXEY0-6,2026-04-04,ast,5.5,4.07675,1.4232500000000003,0.23325,0.24733643314878628,0.0,1.0
KXNBAAST-26APR04DETPHI-PHITMAXEY0-7,2026-04-04,ast,6.5,4.07675,2.4232500000000003,0.12725,0.1499461225687504,0.0,1.0
KXNBAAST-26APR04DETPHI-PHITMAXEY0-8,2026-04-04,ast,7.5,4.07675,3.4232500000000003,0.06275,0.08587068247087992,0.0,1.0
KXNBAAST-26APR04DETPHI-PHIVEDGECOMBE77-10,2026-04-04,ast,9.5,2.589,6.911,0.001,0.00181526206098781,0.0,1.0
KXNBAAST-26APR04DETPHI-PHIVEDGECOMBE77-2,2026-04-04,ast,1.5,2.589,-1.089,0.71775,0.6965967407334186,0.0,1.0
KXNBAAST-26APR04DETPHI-PHIVEDGECOMBE77-4,2026-04-04,ast,3.5,2.589,0.911,0.26425,0.2697749721972066,0.0,1.0
KXNBAAST-26APR04DETPHI-PHIVEDGECOMBE77-6,2026-04-04,ast,5.5,2.589,2.911,0.05675,0.06734927277887603,0.0,1.0
KXNBAAST-26APR04DETPHI-PHIVEDGECOMBE77-8,2026-04-04,ast,7.5,2.589,4.911,0.00975,0.012361052711541087,0.0,1.0
KXNBA3PT-26APR04DETPHI-DETDROBINSON55-1,2026-04-04,fg3m,0.5,1.84925,-1.34925,0.8395,0.8090838725132604,1.0,1.0
KXNBA3PT-26APR04DETPHI-DETDROBINSON55-2,2026-04-04,fg3m,1.5,1.84925,-0.34925000000000006,0.545,0.5248808929200715,1.0,1.0
KXNBA3PT-26APR04DETPHI-DETDROBINSON55-3,2026-04-04,fg3m,2.5,1.84925,0.6507499999999999,0.27825,0.2856334822505483,1.0,1.0
KXNBA3PT-26APR04DETPHI-DETDROBINSON55-4,2026-04-04,fg3m,3.5,1.84925,1.65075,0.12575,0.1358129427836925,0.0,1.0
KXNBA3PT-26APR04DETPHI-DETDROBINSON55-5,2026-04-04,fg3m,4.5,1.84925,2.65075,0.044,0.058143803612736855,0.0,1.0
KXNBA3PT-26APR04DETPHI-PHITMAXEY0-1,2026-04-04,fg3m,0.5,1.6365,-1.1365,0.7975,0.7729781730328252,1.0,1.0
KXNBA3PT-26APR04DETPHI-PHITMAXEY0-2,2026-04-04,fg3m,1.5,1.6365,-0.13650000000000007,0.48125,0.4670436542413402,1.0,1.0
KXNBA3PT-26APR04DETPHI-PHITMAXEY0-3,2026-04-04,fg3m,2.5,1.6365,0.8634999999999999,0.2305,0.23390088113315255,0.0,1.0
KXNBA3PT-26APR04DETPHI-PHITMAXEY0-4,2026-04-04,fg3m,3.5,1.6365,1.8635,0.08825,0.10173452236870173,0.0,1.0
KXNBA3PT-26APR04DETPHI-PHITMAXEY0-5,2026-04-04,fg3m,4.5,1.6365,2.8635,0.03025,0.03970864482478187,0.0,1.0
KXNBA3PT-26APR04DETPHI-PHIVEDGECOMBE77-1,2026-04-04,fg3m,0.5,1.0805,-0.5805,0.656,0.6359840535071352,1.0,1.0
KXNBA3PT-26APR04DETPHI-PHIVEDGECOMBE77-2,2026-04-04,fg3m,1.5,1.0805,0.4195,0.29675,0.29143429163996415,1.0,1.0
KXNBA3PT-26APR04DETPHI-PHIVEDGECOMBE77-3,2026-04-04,fg3m,2.5,1.0805,1.4195,0.09625,0.10701085603628135,0.0,1.0
KXNBA3PT-26APR04DETPHI-PHIVEDGECOMBE77-4,2026-04-04,fg3m,3.5,1.0805,2.4195,0.02575,0.033578789018873345,0.0,1.0
KXNBA3PT-26APR04DETPHI-PHIVEDGECOMBE77-5,2026-04-04,fg3m,4.5,1.0805,3.4195,0.0045,0.009373603080523263,0.0,1.0
KXNBAPTS-26APR03ATLBKN-ATLCMCCOLLUM3-15,2026-04-03,pts,14.5,13.21975,1.2802500000000006,0.385,0.3706965519533343,1.0,1.0
KXNBAPTS-26APR03ATLBKN-ATLCMCCOLLUM3-20,2026-04-03,pts,19.5,13.21975,6.2802500000000006,0.14875,0.15786417442304712,1.0,1.0
KXNBAPTS-26APR03ATLBKN-ATLCMCCOLLUM3-25,2026-04-03,pts,24.5,13.21975,11.28025,0.044,0.05661897294292195,1.0,1.0
KXNBAPTS-26APR03ATLBKN-ATLCMCCOLLUM3-30,2026-04-03,pts,29.5,13.21975,16.280250000000002,0.0095,0.017878331153208915,0.0,1.0
KXNBAPTS-26APR03ATLBKN-ATLDDANIELS5-10,2026-04-03,pts,9.5,8.4565,1.0434999999999999,0.37825,0.35752015533259485,1.0,1.0
KXNBAPTS-26APR03ATLBKN-ATLDDANIELS5-15,2026-04-03,pts,14.5,8.4565,6.0435,0.10125,0.0979688093868486,0.0,1.0
KXNBAPTS-26APR03ATLBKN-ATLDDANIELS5-20,2026-04-03,pts,19.5,8.4565,11.0435,0.017,0.019779689033597614,0.0,1.0
KXNBAPTS-26APR03ATLBKN-ATLDDANIELS5-25,2026-04-03,pts,24.5,8.4565,16.0435,0.00225,0.0032566472741666352,0.0,1.0
KXNBAPTS-26APR03ATLBKN-ATLJJOHNSON1-20,2026-04-03,pts,19.5,14.4965,5.003500000000001,0.21575,0.21394744044137282,0.0,1.0
KXNBAPTS-26APR03ATLBKN-ATLJJOHNSON1-25,2026-04-03,pts,24.5,14.4965,10.0035,0.07225,0.08729861462131017,0.0,1.0
KXNBAPTS-26APR03ATLBKN-ATLJJOHNSON1-30,2026-04-03,pts,29.5,14.4965,15.0035,0.0195,0.031507035170841746,0.0,1.0
KXNBAPTS-26APR03ATLBKN-ATLJJOHNSON1-35,2026-04-03,pts,34.5,14.4965,20.003500000000003,0.00525,0.010347140890557438,0.0,1.0
KXNBAPTS-26APR03ATLBKN-ATLJKUMINGA0-10,2026-04-03,pts,9.5,7.548,1.952,0.297,0.2785193199477878,1.0,1.0
KXNBAPTS-26APR03ATLBKN-ATLJKUMINGA0-15,2026-04-03,pts,14.5,7.548,6.952,0.084,0.06125301212657652,0.0,1.0
KXNBAPTS-26APR03ATLBKN-ATLJKUMINGA0-20,2026-04-03,pts,19.5,7.548,11.952,0.01725,0.00978934870771797,0.0,1.0
KXNBAPTS-26APR03ATLBKN-ATLJKUMINGA0-25,2026-04-03,pts,24.5,7.548,16.951999999999998,0.003,0.0012682814322900748,0.0,1.0
KXNBAPTS-26APR03ATLBKN-ATLNALEXANDERWALKER7-10,2026-04-03,pts,9.5,13.959,-4.459,0.73825,0.7234088113004695,1.0,1.0
KXNBAPTS-26APR03ATLBKN-ATLNALEXANDERWALKER7-15,2026-04-03,pts,14.5,13.959,0.5410000000000004,0.43325,0.414519110379698,1.0,1.0
KXNBAPTS-26APR03ATLBKN-ATLNALEXANDERWALKER7-20,2026-04-03,pts,19.5,13.959,5.541,0.193,0.18977672724203276,1.0,1.0
KXNBAPTS-26APR03ATLBKN-ATLNALEXANDERWALKER7-25,2026-04-03,pts,24.5,13.959,10.541,0.05875,0.07354258699499427,0.0,1.0
KXNBAPTS-26APR03ATLBKN-ATLNALEXANDERWALKER7-30,2026-04-03,pts,29.5,13.959,15.541,0.01675,0.02515853056848194,0.0,1.0
KXNBAPTS-26APR03ATLBKN-ATLOOKONGWU17-10,2026-04-03,pts,9.5,9.444,0.05599999999999916,0.45725,0.44014275887411436,1.0,1.0
KXNBAPTS-26APR03ATLBKN-ATLOOKONGWU17-15,2026-04-03,pts,14.5,9.444,5.055999999999999,0.16375,0.14657973755625542,1.0,1.0
KXNBAPTS-26APR03ATLBKN-ATLOOKONGWU17-20,2026-04-03,pts,19.5,9.444,10.056,0.04675,0.036509991309965795,0.0,1.0
KXNBAPTS-26APR03ATLBKN-ATLOOKONGWU17-25,2026-04-03,pts,24.5,9.444,15.056,0.00925,0.007464896928464304,0.0,1.0
KXNBAPTS-26APR03ATLBKN-BKNNCLAXTON33-10,2026-04-03,pts,9.5,6.59275,2.9072500000000003,0.2125,0.1967852112066335,1.0,1.0
KXNBAPTS-26APR03ATLBKN-BKNNCLAXTON33-15,2026-04-03,pts,14.5,6.59275,7.90725,0.036,0.032476845247479624,1.0,1.0
KXNBAPTS-26APR03ATLBKN-BKNNCLAXTON33-20,2026-04-03,pts,19.5,6.59275,12.907250000000001,0.003,0.0038393166561548897,0.0,1.0
KXNBAPTS-26APR03ATLBKN-BKNNCLAXTON33-25,2026-04-03,pts,24.5,6.59275,17.90725,0.00025,0.00036568436672757,0.0,1.0
KXNBAPTS-26APR03ATLBKN-BKNNCLOWNEY21-10,2026-04-03,pts,9.5,6.69475,2.80525,0.252,0.20527462392546303,1.0,1.0
KXNBAPTS-26APR03ATLBKN-BKNNCLOWNEY21-15,2026-04-03,pts,14.5,6.69475,7.80525,0.069,0.03504772225232955,0.0,1.0
KXNBAPTS-26APR03ATLBKN-BKNNCLOWNEY21-20,2026-04-03,pts,19.5,6.69475,12.805250000000001,0.01525,0.0042928691028758514,0.0,1.0
KXNBAPTS-26APR03ATLBKN-BKNNCLOWNEY21-25,2026-04-03,pts,24.5,6.69475,17.80525,0.0015,0.0004239252411906147,0.0,1.0
KXNBAPTS-26APR03ATLBKN-BKNZWILLIAMS1-10,2026-04-03,pts,9.5,8.34325,1.1567500000000006,0.3725,0.347758480822857,0.0,1.0
KXNBAPTS-26APR03ATLBKN-BKNZWILLIAMS1-15,2026-04-03,pts,14.5,8.34325,6.156750000000001,0.1125,0.09293445608793383,0.0,1.0
KXNBAPTS-26APR03ATLBKN-BKNZWILLIAMS1-20,2026-04-03,pts,19.5,8.34325,11.15675,0.024,0.01826722324274621,0.0,1.0
KXNBAREB-26APR03ATLBKN-ATLDDANIELS5-10,2026-04-03,reb,9.5,4.9875,4.5125,0.048,0.06351302901966616,0.0,1.0
KXNBAREB-26APR03ATLBKN-ATLDDANIELS5-12,2026-04-03,reb,11.5,4.9875,6.5125,0.0115,0.020562726554506527,0.0,1.0
KXNBAREB-26APR03ATLBKN-ATLDDANIELS5-4,2026-04-03,reb,3.5,4.9875,-1.4874999999999998,0.6995,0.6769889877466019,1.0,1.0
KXNBAREB-26APR03ATLBKN-ATLDDANIELS5-6,2026-04-03,reb,5.5,4.9875,0.5125000000000002,0.388,0.3799145174453844,0.0,1.0
KXNBAREB-26APR03ATLBKN-ATLDDANIELS5-8,2026-04-03,reb,7.5,4.9875,2.5125,0.15625,0.1700053249055531,0.0,1.0
KXNBAREB-26APR03ATLBKN-ATLJJOHNSON1-10,2026-04-03,reb,9.5,7.41725,2.08275,0.225,0.254579726174719,1.0,1.0
KXNBAREB-26APR03ATLBKN-ATLJJOHNSON1-12,2026-04-03,reb,11.5,7.41725,4.08275,0.0905,0.12912000166295345,0.0,1.0
KXNBAREB-26APR03ATLBKN-ATLJJOHNSON1-14,2026-04-03,reb,13.5,7.41725,6.08275,0.02725,0.059181108114886305,0.0,1.0
KXNBAREB-26APR03ATLBKN-ATLJJOHNSON1-6,2026-04-03,reb,5.5,7.41725,-1.9172500000000001,0.73,0.6750618839039522,1.0,1.0
KXNBAREB-26APR03ATLBKN-ATLJJOHNSON1-8,2026-04-03,reb,7.5,7.41725,0.08274999999999988,0.4615,0.444921968640268,1.0,1.0
KXNBAREB-26APR03ATLBKN-ATLJKUMINGA0-2,2026-04-03,reb,1.5,3.8995,-2.3995,0.8745,0.8594035060276766,1.0,1.0
KXNBAREB-26APR03ATLBKN-ATLJKUMINGA0-4,2026-04-03,reb,3.5,3.8995,-0.3995000000000002,0.54725,0.517777264180419,0.0,1.0
KXNBAREB-26APR03ATLBKN-ATLJKUMINGA0-5,2026-04-03,reb,4.5,3.8995,0.6004999999999998,0.34725,0.35272154907699593,0.0,1.0
KXNBAREB-26APR03ATLBKN-ATLJKUMINGA0-6,2026-04-03,reb,5.5,3.8995,1.6004999999999998,0.2135,0.22307730798094338,0.0,1.0
KXNBAREB-26APR03ATLBKN-ATLJKUMINGA0-8,2026-04-03,reb,7.5,3.8995,3.6005,0.05575,0.07410839724976181,0.0,1.0
KXNBAREB-26APR03ATLBKN-ATLNALEXANDERWALKER7-10,2026-04-03,reb,9.5,2.7275,6.7725,0.00175,0.002674852226266733,0.0,1.0
KXNBAREB-26APR03ATLBKN-ATLNALEXANDERWALKER7-2,2026-04-03,reb,1.5,2.7275,-1.2275,0.73375,0.7189108327657118,1.0,1.0
KXNBAREB-26APR03ATLBKN-ATLNALEXANDERWALKER7-4,2026-04-03,reb,3.5,2.7275,0.7725,0.295,0.2975793320397899,1.0,1.0
KXNBAREB-26APR03ATLBKN-ATLNALEXANDERWALKER7-6,2026-04-03,reb,5.5,2.7275,2.7725,0.07075,0.08094414495979896,0.0,1.0
KXNBAREB-26APR03ATLBKN-ATLNALEXANDERWALKER7-8,2026-04-03,reb,7.5,2.7275,4.7725,0.00925,0.01638089996878167,0.0,1.0
KXNBAREB-26APR03ATLBKN-ATLOOKONGWU17-10,2026-04-03,reb,9.5,5.4515,4.0485,0.07,0.09112539134445719,0.0,1.0
KXNBAREB-26APR03ATLBKN-ATLOOKONGWU17-12,2026-04-03,reb,11.5,5.4515,6.0485,0.01975,0.03290146690841045,0.0,1.0
KXNBAREB-26APR03ATLBKN-ATLOOKONGWU17-4,2026-04-03,reb,3.5,5.4515,-1.9515000000000002,0.75675,0.7298843739156475,1.0,1.0
KXNBAREB-26APR03ATLBKN-ATLOOKONGWU17-6,2026-04-03,reb,5.5,5.4515,0.048499999999999766,0.461,0.4452219049483851,1.0,1.0
KXNBAREB-26APR03ATLBKN-ATLOOKONGWU17-8,2026-04-03,reb,7.5,5.4515,2.0484999999999998,0.2065,0.21962697381321872,0.0,1.0
KXNBAREB-26APR03ATLBKN-BKNNCLAXTON33-10,2026-04-03,reb,9.5,4.4665,5.0335,0.0255,0.03902049739957203,0.0,1.0
KXNBAREB-26APR03ATLBKN-BKNNCLAXTON33-2,2026-04-03,reb,1.5,4.4665,-2.9665,0.92975,0.8989406323604662,1.0,1.0
KXNBAREB-26APR03ATLBKN-BKNNCLAXTON33-4,2026-04-03,reb,3.5,4.4665,-0.9664999999999999,0.638,0.6070572855236329,1.0,1.0
KXNBAREB-26APR03ATLBKN-BKNNCLAXTON33-6,2026-04-03,reb,5.5,4.4665,1.0335,0.28475,0.30438390364331047,0.0,1.0
KXNBAREB-26APR03ATLBKN-BKNNCLAXTON33-8,2026-04-03,reb,7.5,4.4665,3.0335,0.09825,0.1197644629166017,0.0,1.0
KXNBAAST-26APR03ATLBKN-ATLCMCCOLLUM3-10,2026-04-03,ast,9.5,2.75325,6.7467500000000005,0.00175,0.002678408173476088,0.0,1.0
KXNBAAST-26APR03ATLBKN-ATLCMCCOLLUM3-2,2026-04-03,ast,1.5,2.75325,-1.25325,0.745,0.724918043442583,1.0,1.0
KXNBAAST-26APR03ATLBKN-ATLCMCCOLLUM3-4,2026-04-03,ast,3.5,2.75325,0.74675,0.3045,0.30253129061498474,1.0,1.0
KXNBAAST-26APR03ATLBKN-ATLCMCCOLLUM3-6,2026-04-03,ast,5.5,2.75325,2.74675,0.06425,0.08242179608499212,1.0,1.0
KXNBAAST-26APR03ATLBKN-ATLCMCCOLLUM3-8,2026-04-03,ast,7.5,2.75325,4.7467500000000005,0.011,0.01659096308446162,0.0,1.0
KXNBAAST-26APR03ATLBKN-ATLJJOHNSON1-10,2026-04-03,ast,9.5,4.668,4.832,0.03075,0.04640208102404264,0.0,1.0
KXNBAAST-26APR03ATLBKN-ATLJJOHNSON1-12,2026-04-03,ast,11.5,4.668,6.832,0.00675,0.013525223760746163,0.0,1.0
KXNBAAST-26APR03ATLBKN-ATLJJOHNSON1-4,2026-04-03,ast,3.5,4.668,-1.1680000000000001,0.66275,0.6375923878782679,1.0,1.0
KXNBAAST-26APR03ATLBKN-ATLJJOHNSON1-6,2026-04-03,ast,5.5,4.668,0.8319999999999999,0.329,0.33350418501533585,0.0,1.0
KXNBAAST-26APR03ATLBKN-ATLJJOHNSON1-8,2026-04-03,ast,7.5,4.668,2.832,0.1185,0.13688573627535439,0.0,1.0
KXNBAAST-26APR03ATLBKN-ATLNALEXANDERWALKER7-10,2026-04-03,ast,9.5,2.4415,7.0585,0.0005,0.0012402983129025102,0.0,1.0
KXNBAAST-26APR03ATLBKN-ATLNALEXANDERWALKER7-2,2026-04-03,ast,1.5,2.4415,-0.9415,0.69475,0.6688035896516946,1.0,1.0
KXNBAAST-26APR03ATLBKN-ATLNALEXANDERWALKER7-4,2026-04-03,ast,3.5,2.4415,1.0585,0.234,0.24059473014963106,0.0,1.0
KXNBAAST-26APR03ATLBKN-ATLNALEXANDERWALKER7-6,2026-04-03,ast,5.5,2.4415,3.0585,0.0435,0.05516148877868099,0.0,1.0
KXNBAAST-26APR03ATLBKN-ATLNALEXANDERWALKER7-8,2026-04-03,ast,7.5,2.4415,5.0585,0.00625,0.009256559591232283,0.0,1.0
KXNBAAST-26APR03ATLBKN-ATLOOKONGWU17-2,2026-04-03,ast,1.5,1.902,-0.4019999999999999,0.542,0.5459807127431097,1.0,1.0
KXNBAAST-26APR03ATLBKN-ATLOOKONGWU17-3,2026-04-03,ast,2.5,1.902,0.5980000000000001,0.29825,0.29826275630745536,1.0,1.0
KXNBAAST-26APR03ATLBKN-ATLOOKONGWU17-4,2026-04-03,ast,3.5,1.902,1.598,0.139,0.13999332606958792,1.0,1.0
KXNBAAST-26APR03ATLBKN-ATLOOKONGWU17-6,2026-04-03,ast,5.5,1.902,3.598,0.02275,0.021936736146684233,0.0,1.0
KXNBAAST-26APR03ATLBKN-ATLOOKONGWU17-8,2026-04-03,ast,7.5,1.902,5.598,0.002,0.0024763763340780454,0.0,1.0
KXNBAAST-26APR03ATLBKN-BKNNCLAXTON33-2,2026-04-03,ast,1.5,1.9025,-0.4025000000000001,0.559,0.5461109378261362,1.0,1.0
KXNBAAST-26APR03ATLBKN-BKNNCLAXTON33-3,2026-04-03,ast,2.5,1.9025,0.5974999999999999,0.2995,0.2983875733679856,0.0,1.0
KXNBAAST-26APR03ATLBKN-BKNNCLAXTON33-4,2026-04-03,ast,3.5,1.9025,1.5975,0.1295,0.1400793358534823,0.0,1.0
KXNBAAST-26APR03ATLBKN-BKNNCLAXTON33-6,2026-04-03,ast,5.5,1.9025,3.5975,0.01725,0.021959317961127378,0.0,1.0
KXNBAAST-26APR03ATLBKN-BKNNCLAXTON33-8,2026-04-03,ast,7.5,1.9025,5.5975,0.0015,0.0024799893786184857,0.0,1.0
KXNBA3PT-26APR03ATLBKN-ATLCMCCOLLUM3-1,2026-04-03,fg3m,0.5,1.5975,-1.0975,0.7955,0.7655531227112475,1.0,1.0
KXNBA3PT-26APR03ATLBKN-ATLCMCCOLLUM3-2,2026-04-03,fg3m,1.5,1.5975,-0.09749999999999992,0.471,0.45583890489120904,1.0,1.0
KXNBA3PT-26APR03ATLBKN-ATLCMCCOLLUM3-3,2026-04-03,fg3m,2.5,1.5975,0.9025000000000001,0.223,0.22446709596631642,1.0,1.0
KXNBA3PT-26APR03ATLBKN-ATLCMCCOLLUM3-4,2026-04-03,fg3m,3.5,1.5975,1.9025,0.0795,0.09588952046148858,1.0,1.0
KXNBA3PT-26APR03ATLBKN-ATLCMCCOLLUM3-5,2026-04-03,fg3m,4.5,1.5975,2.9025,0.02225,0.03673702818235691,0.0,1.0
KXNBA3PT-26APR03ATLBKN-ATLJJOHNSON1-1,2026-04-03,fg3m,0.5,1.19075,-0.69075,0.6805,0.6692959268374334,1.0,1.0
KXNBA3PT-26APR03ATLBKN-ATLJJOHNSON1-2,2026-04-03,fg3m,1.5,1.19075,0.30925,0.33675,0.3286472436710377,0.0,1.0
KXNBA3PT-26APR03ATLBKN-ATLJJOHNSON1-3,2026-04-03,fg3m,2.5,1.19075,1.30925,0.12475,0.13021762666052106,0.0,1.0
KXNBA3PT-26APR03ATLBKN-ATLJJOHNSON1-4,2026-04-03,fg3m,3.5,1.19075,2.30925,0.0385,0.044234790800798285,0.0,1.0
KXNBA3PT-26APR03ATLBKN-ATLJJOHNSON1-5,2026-04-03,fg3m,4.5,1.19075,3.30925,0.008,0.013390835836863513,0.0,1.0
KXNBA3PT-26APR03ATLBKN-ATLNALEXANDERWALKER7-1,2026-04-03,fg3m,0.5,2.14025,-1.64025,0.8745,0.8484213635855382,1.0,1.0
KXNBA3PT-26APR03ATLBKN-ATLNALEXANDERWALKER7-2,2026-04-03,fg3m,1.5,2.14025,-0.64025,0.6285,0.5950450115926896,1.0,1.0
KXNBA3PT-26APR03ATLBKN-ATLNALEXANDERWALKER7-3,2026-04-03,fg3m,2.5,2.14025,0.35975,0.3615,0.35553329051541005,1.0,1.0
KXNBA3PT-26APR03ATLBKN-ATLNALEXANDERWALKER7-4,2026-04-03,fg3m,3.5,2.14025,1.35975,0.17,0.18711356513283794,1.0,1.0
KXNBA3PT-26APR03ATLBKN-ATLNALEXANDERWALKER7-5,2026-04-03,fg3m,4.5,2.14025,2.35975,0.07175,0.08907156487757639,0.0,1.0
KXNBAPTS-26APR03INDCHA-CHABMILLER24-10,2026-04-03,pts,9.5,14.1275,-4.6274999999999995,0.75175,0.7308474278872419,1.0,1.0
KXNBAPTS-26APR03INDCHA-CHABMILLER24-15,2026-04-03,pts,14.5,14.1275,0.3725000000000005,0.4365,0.42430669214467864,1.0,1.0
KXNBAPTS-26APR03INDCHA-CHABMILLER24-20,2026-04-03,pts,19.5,14.1275,5.3725000000000005,0.1995,0.19727849588633084,1.0,1.0
KXNBAPTS-26APR03INDCHA-CHABMILLER24-25,2026-04-03,pts,24.5,14.1275,10.3725,0.06575,0.07772732791652825,0.0,1.0
KXNBAPTS-26APR03INDCHA-CHABMILLER24-30,2026-04-03,pts,29.5,14.1275,15.3725,0.01825,0.027051054608447367,0.0,1.0
KXNBAPTS-26APR03INDCHA-CHACWHITE3-10,2026-04-03,pts,9.5,11.945,-2.4450000000000003,0.62225,0.6178133633539593,1.0,1.0
KXNBAPTS-26APR03INDCHA-CHACWHITE3-15,2026-04-03,pts,14.5,11.945,2.5549999999999997,0.30675,0.29299858602707174,0.0,1.0
KXNBAPTS-26APR03INDCHA-CHACWHITE3-20,2026-04-03,pts,19.5,11.945,7.555,0.11375,0.10788272889206663,0.0,1.0
KXNBAPTS-26APR03INDCHA-CHACWHITE3-25,2026-04-03,pts,24.5,11.945,12.555,0.0295,0.03316459639779912,0.0,1.0
KXNBAPTS-26APR03INDCHA-CHAKKNUEPPEL7-15,2026-04-03,pts,14.5,12.84325,1.6567500000000006,0.36175,0.3479348349223079,1.0,1.0
KXNBAPTS-26APR03INDCHA-CHAKKNUEPPEL7-20,2026-04-03,pts,19.5,12.84325,6.656750000000001,0.14925,0.14235507747945542,1.0,1.0
KXNBAPTS-26APR03INDCHA-CHAKKNUEPPEL7-25,2026-04-03,pts,24.5,12.84325,11.65675,0.0475,0.04892676402068452,0.0,1.0
KXNBAPTS-26APR03INDCHA-CHAKKNUEPPEL7-30,2026-04-03,pts,29.5,12.84325,16.656750000000002,0.013,0.014784832464941555,0.0,1.0
KXNBAPTS-26APR03INDCHA-CHALBALL1-15,2026-04-03,pts,14.5,15.0845,-0.5845000000000002,0.49725,0.47816074342805115,1.0,1.0
KXNBAPTS-26APR03INDCHA-CHALBALL1-20,2026-04-03,pts,19.5,15.0845,4.4155,0.25025,0.24106028551756398,0.0,1.0
KXNBAPTS-26APR03INDCHA-CHALBALL1-25,2026-04-03,pts,24.5,15.0845,9.4155,0.09875,0.10365232770745958,0.0,1.0
KXNBAPTS-26APR03INDCHA-CHALBALL1-30,2026-04-03,pts,29.5,15.0845,14.4155,0.0345,0.039506083300555384,0.0,1.0
KXNBAPTS-26APR03INDCHA-CHAMBRIDGES0-10,2026-04-03,pts,9.5,10.8605,-1.3605,0.56225,0.5471126997719422,1.0,1.0
KXNBAPTS-26APR03INDCHA-CHAMBRIDGES0-15,2026-04-03,pts,14.5,10.8605,3.6395,0.2355,0.22710755234675817,1.0,1.0
KXNBAPTS-26APR03INDCHA-CHAMBRIDGES0-20,2026-04-03,pts,19.5,10.8605,8.6395,0.06725,0.07202854570463557,0.0,1.0
KXNBAPTS-26APR03INDCHA-CHAMBRIDGES0-25,2026-04-03,pts,24.5,10.8605,13.6395,0.01375,0.018932426857725337,0.0,1.0
KXNBAREB-26APR03INDCHA-CHABMILLER24-10,2026-04-03,reb,9.5,4.2365,5.2635,0.01675,0.030430022555413494,0.0,1.0
KXNBAREB-26APR03INDCHA-CHABMILLER24-2,2026-04-03,reb,1.5,4.2365,-2.7365000000000004,0.9145,0.8845267872930115,1.0,1.0
KXNBAREB-26APR03INDCHA-CHABMILLER24-4,2026-04-03,reb,3.5,4.2365,-0.7365000000000004,0.5915,0.572487824188869,1.0,1.0
KXNBAREB-26APR03INDCHA-CHABMILLER24-6,2026-04-03,reb,5.5,4.2365,1.2634999999999996,0.262,0.27103469704308913,1.0,1.0
KXNBAREB-26APR03INDCHA-CHABMILLER24-8,2026-04-03,reb,7.5,4.2365,3.2634999999999996,0.07425,0.09997926313581329,0.0,1.0
KXNBAREB-26APR03INDCHA-CHAKKNUEPPEL7-2,2026-04-03,reb,1.5,4.35225,-2.8522499999999997,0.91525,0.8920327725282066,1.0,1.0
KXNBAREB-26APR03INDCHA-CHAKKNUEPPEL7-4,2026-04-03,reb,3.5,4.35225,-0.8522499999999997,0.613,0.590169826006804,1.0,1.0
KXNBAREB-26APR03INDCHA-CHAKKNUEPPEL7-5,2026-04-03,reb,4.5,4.35225,0.14775000000000027,0.439,0.42666358251530134,0.0,1.0
KXNBAREB-26APR03INDCHA-CHAKKNUEPPEL7-6,2026-04-03,reb,5.5,4.35225,1.1477500000000003,0.27675,0.2877836845896342,0.0,1.0
KXNBAREB-26APR03INDCHA-CHAKKNUEPPEL7-8,2026-04-03,reb,7.5,4.35225,3.1477500000000003,0.091,0.10973277587220609,0.0,1.0
KXNBAREB-26APR03INDCHA-CHALBALL1-2,2026-04-03,reb,1.5,4.00975,-2.5097500000000004,0.88275,0.8681965797273539,1.0,1.0
KXNBAREB-26APR03INDCHA-CHALBALL1-4,2026-04-03,reb,3.5,4.00975,-0.5097500000000004,0.54475,0.5361965099885089,1.0,1.0
KXNBAREB-26APR03INDCHA-CHALBALL1-5,2026-04-03,reb,4.5,4.00975,0.49024999999999963,0.3775,0.3709891479756593,1.0,1.0
KXNBAREB-26APR03INDCHA-CHALBALL1-6,2026-04-03,reb,5.5,4.00975,1.4902499999999996,0.2385,0.23859198439006202,1.0,1.0
KXNBAREB-26APR03INDCHA-CHALBALL1-8,2026-04-03,reb,7.5,4.00975,3.4902499999999996,0.07075,0.0821424616509755,0.0,1.0
KXNBAREB-26APR03INDCHA-CHAMBRIDGES0-2,2026-04-03,reb,1.5,4.178,-2.678,0.9055,0.8805271612098143,1.0,1.0
KXNBAREB-26APR03INDCHA-CHAMBRIDGES0-4,2026-04-03,reb,3.5,4.178,-0.6779999999999999,0.5835,0.5633331038819944,1.0,1.0
KXNBAREB-26APR03INDCHA-CHAMBRIDGES0-5,2026-04-03,reb,4.5,4.178,0.32200000000000006,0.40375,0.3985765038786223,1.0,1.0
KXNBAREB-26APR03INDCHA-CHAMBRIDGES0-6,2026-04-03,reb,5.5,4.178,1.322,0.25125,0.2626097708773527,1.0,1.0
KXNBAREB-26APR03INDCHA-CHAMBRIDGES0-8,2026-04-03,reb,7.5,4.178,3.322,0.07425,0.0952131491076299,0.0,1.0
KXNBAAST-26APR03INDCHA-CHABMILLER24-10,2026-04-03,ast,9.5,2.50325,6.9967500000000005,0.001,0.0014603762910018192,0.0,1.0
KXNBAAST-26APR03INDCHA-CHABMILLER24-2,2026-04-03,ast,1.5,2.50325,-1.00325,0.70375,0.6807205705872801,1.0,1.0
KXNBAAST-26APR03INDCHA-CHABMILLER24-4,2026-04-03,ast,3.5,2.50325,0.99675,0.25025,0.2527676499017304,0.0,1.0
KXNBAAST-26APR03INDCHA-CHABMILLER24-6,2026-04-03,ast,5.5,2.50325,2.99675,0.04375,0.060105059229330515,0.0,1.0
KXNBAAST-26APR03INDCHA-CHABMILLER24-8,2026-04-03,ast,7.5,2.50325,4.9967500000000005,0.0045,0.010480188913085109,0.0,1.0
KXNBAAST-26APR03INDCHA-CHACWHITE3-10,2026-04-03,ast,9.5,2.427,7.073,0.0,0.0011926119828901127,0.0,1.0
KXNBAAST-26APR03INDCHA-CHACWHITE3-2,2026-04-03,ast,1.5,2.427,-0.927,0.68275,0.6659451916375039,1.0,1.0
KXNBAAST-26APR03INDCHA-CHACWHITE3-4,2026-04-03,ast,3.5,2.427,1.073,0.231,0.23774764250638825,1.0,1.0
KXNBAAST-26APR03INDCHA-CHACWHITE3-6,2026-04-03,ast,5.5,2.427,3.073,0.04775,0.054034187125539535,0.0,1.0
KXNBAAST-26APR03INDCHA-CHACWHITE3-8,2026-04-03,ast,7.5,2.427,5.073,0.00475,0.008984548656870484,0.0,1.0
KXNBAAST-26APR03INDCHA-CHAKKNUEPPEL7-2,2026-04-03,ast,1.5,2.34225,-0.8422499999999999,0.6615,0.6487717939145684,1.0,1.0
KXNBAAST-26APR03INDCHA-CHAKKNUEPPEL7-3,2026-04-03,ast,2.5,2.34225,0.15775000000000006,0.41475,0.4058871933258804,1.0,1.0
KXNBAAST-26APR03INDCHA-CHAKKNUEPPEL7-4,2026-04-03,ast,3.5,2.34225,1.15775,0.219,0.2212112774166448,1.0,1.0
KXNBAAST-26APR03INDCHA-CHAKKNUEPPEL7-6,2026-04-03,ast,5.5,2.34225,3.15775,0.0375,0.04770272328280989,0.0,1.0
KXNBAAST-26APR03INDCHA-CHAKKNUEPPEL7-8,2026-04-03,ast,7.5,2.34225,5.15775,0.005,0.007506821873972558,0.0,1.0
KXNBAAST-26APR03INDCHA-CHALBALL1-10,2026-04-03,ast,9.5,5.007,4.493,0.0445,0.06309771245965146,0.0,1.0
KXNBAAST-26APR03INDCHA-CHALBALL1-12,2026-04-03,ast,11.5,5.007,6.493,0.01025,0.02013173055793005,0.0,1.0
KXNBAAST-26APR03INDCHA-CHALBALL1-6,2026-04-03,ast,5.5,5.007,0.4930000000000003,0.385,0.38291358113435947,1.0,1.0
KXNBAAST-26APR03INDCHA-CHALBALL1-7,2026-04-03,ast,6.5,5.007,1.4930000000000003,0.25375,0.2622873275292924,1.0,1.0
KXNBAAST-26APR03INDCHA-CHALBALL1-8,2026-04-03,ast,7.5,5.007,2.4930000000000003,0.15375,0.17056854615254402,1.0,1.0
KXNBAAST-26APR03INDCHA-CHAMBRIDGES0-2,2026-04-03,ast,1.5,2.05675,-0.5567500000000001,0.60275,0.5847952739128512,0.0,1.0
KXNBAAST-26APR03INDCHA-CHAMBRIDGES0-3,2026-04-03,ast,2.5,2.05675,0.4432499999999999,0.3305,0.33672044238658194,0.0,1.0
KXNBAAST-26APR03INDCHA-CHAMBRIDGES0-4,2026-04-03,ast,3.5,2.05675,1.44325,0.15375,0.16739796463706735,0.0,1.0
KXNBAAST-26APR03INDCHA-CHAMBRIDGES0-6,2026-04-03,ast,5.5,2.05675,3.44325,0.0265,0.029639421299036073,0.0,1.0
KXNBAAST-26APR03INDCHA-CHAMBRIDGES0-8,2026-04-03,ast,7.5,2.05675,5.44325,0.00275,0.003797650256380014,0.0,1.0
KXNBA3PT-26APR03INDCHA-CHACWHITE3-1,2026-04-03,fg3m,0.5,1.5195,-1.0195,0.77175,0.7498640245826749,1.0,1.0
KXNBA3PT-26APR03INDCHA-CHACWHITE3-2,2026-04-03,fg3m,1.5,1.5195,-0.019500000000000073,0.4435,0.4328795883901364,0.0,1.0
KXNBA3PT-26APR03INDCHA-CHACWHITE3-3,2026-04-03,fg3m,2.5,1.5195,0.9804999999999999,0.1985,0.2057193428597417,0.0,1.0
KXNBA3PT-26APR03INDCHA-CHACWHITE3-4,2026-04-03,fg3m,3.5,1.5195,1.9805,0.07225,0.08462267008651492,0.0,1.0
KXNBA3PT-26APR03INDCHA-CHACWHITE3-5,2026-04-03,fg3m,4.5,1.5195,2.9805,0.025,0.031180373003577344,0.0,1.0
KXNBA3PT-26APR03INDCHA-CHAKKNUEPPEL7-1,2026-04-03,fg3m,0.5,2.34475,-1.84475,0.894,0.8705838217086558,1.0,1.0
KXNBA3PT-26APR03INDCHA-CHAKKNUEPPEL7-2,2026-04-03,fg3m,1.5,2.34475,-0.8447499999999999,0.664,0.6384408080555083,1.0,1.0
KXNBA3PT-26APR03INDCHA-CHAKKNUEPPEL7-3,2026-04-03,fg3m,2.5,2.34475,0.1552500000000001,0.415,0.40296013162888267,1.0,1.0
KXNBA3PT-26APR03INDCHA-CHAKKNUEPPEL7-4,2026-04-03,fg3m,3.5,2.34475,1.15525,0.2155,0.22527118116722988,0.0,1.0
KXNBA3PT-26APR03INDCHA-CHAKKNUEPPEL7-5,2026-04-03,fg3m,4.5,2.34475,2.15525,0.10025,0.11427230171160363,0.0,1.0
KXNBA3PT-26APR03INDCHA-CHALBALL1-2,2026-04-03,fg3m,1.5,2.779,-1.279,0.74975,0.7160422839681564,1.0,1.0
KXNBA3PT-26APR03INDCHA-CHALBALL1-3,2026-04-03,fg3m,2.5,2.779,-0.2789999999999999,0.51175,0.49660352630299687,1.0,1.0
KXNBA3PT-26APR03INDCHA-CHALBALL1-4,2026-04-03,fg3m,3.5,2.779,0.7210000000000001,0.305,0.30853764593995914,1.0,1.0
KXNBA3PT-26APR03INDCHA-CHALBALL1-5,2026-04-03,fg3m,4.5,2.779,1.721,0.16175,0.17510573319897016,1.0,1.0
KXNBA3PT-26APR03INDCHA-CHALBALL1-6,2026-04-03,fg3m,5.5,2.779,2.721,0.0755,0.09224796150411385,0.0,1.0
KXNBA3PT-26APR03INDCHA-CHAMBRIDGES0-1,2026-04-03,fg3m,0.5,1.13325,-0.6332500000000001,0.67125,0.6523738252039699,1.0,1.0
KXNBA3PT-26APR03INDCHA-CHAMBRIDGES0-2,2026-04-03,fg3m,1.5,1.13325,0.3667499999999999,0.3175,0.30935028025014755,1.0,1.0
KXNBA3PT-26APR03INDCHA-CHAMBRIDGES0-3,2026-04-03,fg3m,2.5,1.13325,1.36675,0.10475,0.11793879140841468,1.0,1.0
KXNBA3PT-26APR03INDCHA-CHAMBRIDGES0-4,2026-04-03,fg3m,3.5,1.13325,2.3667499999999997,0.031,0.038484462701039446,0.0,1.0
KXNBA3PT-26APR03INDCHA-CHAMBRIDGES0-5,2026-04-03,fg3m,4.5,1.13325,3.3667499999999997,0.00725,0.011180847850264186,0.0,1.0
KXNBAPTS-26APR03ORLDAL-DALCFLAGG32-20,2026-04-03,pts,19.5,14.26725,5.232749999999999,0.191,0.20355467432945018,1.0,1.0
KXNBAPTS-26APR03ORLDAL-DALCFLAGG32-25,2026-04-03,pts,24.5,14.26725,10.23275,0.06075,0.08128723637466162,1.0,1.0
KXNBAPTS-26APR03ORLDAL-DALCFLAGG32-30,2026-04-03,pts,29.5,14.26725,15.23275,0.01525,0.02868804514393941,1.0,1.0
KXNBAPTS-26APR03ORLDAL-DALCFLAGG32-35,2026-04-03,pts,34.5,14.26725,20.23275,0.0035,0.009208321557131471,1.0,1.0
KXNBAPTS-26APR03ORLDAL-DALDGAFFORD21-10,2026-04-03,pts,9.5,7.76425,1.7357500000000003,0.332,0.2973924850184494,0.0,1.0
KXNBAPTS-26APR03ORLDAL-DALDGAFFORD21-15,2026-04-03,pts,14.5,7.76425,6.73575,0.089,0.06920395596804785,0.0,1.0
KXNBAPTS-26APR03ORLDAL-DALDGAFFORD21-20,2026-04-03,pts,19.5,7.76425,11.73575,0.01575,0.011741125562458654,0.0,1.0
KXNBAPTS-26APR03ORLDAL-DALKTHOMPSON31-10,2026-04-03,pts,9.5,8.0165,1.4834999999999994,0.33325,0.31939985728709075,1.0,1.0
KXNBAPTS-26APR03ORLDAL-DALKTHOMPSON31-15,2026-04-03,pts,14.5,8.0165,6.483499999999999,0.11325,0.07911696651738609,1.0,1.0
KXNBAPTS-26APR03ORLDAL-DALKTHOMPSON31-20,2026-04-03,pts,19.5,8.0165,11.4835,0.02825,0.014343171977377223,0.0,1.0
KXNBAPTS-26APR03ORLDAL-DALKTHOMPSON31-25,2026-04-03,pts,24.5,8.0165,16.4835,0.0055,0.0021143808691643784,0.0,1.0
KXNBAPTS-26APR03ORLDAL-DALMCHRISTIE00-10,2026-04-03,pts,9.5,7.27225,2.2277500000000003,0.285,0.2545463379490899,1.0,1.0
KXNBAPTS-26APR03ORLDAL-DALMCHRISTIE00-15,2026-04-03,pts,14.5,7.27225,7.22775,0.0755,0.051871288232554824,0.0,1.0
KXNBAPTS-26APR03ORLDAL-DALMCHRISTIE00-20,2026-04-03,pts,19.5,7.27225,12.22775,0.0135,0.007649434769960717,0.0,1.0
KXNBAPTS-26APR03ORLDAL-DALNMARSHALL13-15,2026-04-03,pts,14.5,11.3445,3.1555,0.2645,0.25629719910733806,0.0,1.0
KXNBAPTS-26APR03ORLDAL-DALNMARSHALL13-20,2026-04-03,pts,19.5,11.3445,8.1555,0.082,0.08717116354794341,0.0,1.0
KXNBAPTS-26APR03ORLDAL-DALNMARSHALL13-25,2026-04-03,pts,24.5,11.3445,13.1555,0.02,0.024652460048236957,0.0,1.0
KXNBAPTS-26APR03ORLDAL-DALNMARSHALL13-30,2026-04-03,pts,29.5,11.3445,18.1555,0.00375,0.006097012438162963,0.0,1.0
KXNBAPTS-26APR03ORLDAL-ORLDBANE3-10,2026-04-03,pts,9.5,14.15275,-4.652749999999999,0.75925,0.7319449698542391,1.0,1.0
KXNBAPTS-26APR03ORLDAL-ORLDBANE3-15,2026-04-03,pts,14.5,14.15275,0.3472500000000007,0.44275,0.42576614276496483,1.0,1.0
KXNBAPTS-26APR03ORLDAL-ORLDBANE3-20,2026-04-03,pts,19.5,14.15275,5.347250000000001,0.18975,0.1984089442476129,1.0,1.0
KXNBAPTS-26APR03ORLDAL-ORLDBANE3-25,2026-04-03,pts,24.5,14.15275,10.34725,0.0615,0.07836458800229018,1.0,1.0
KXNBAPTS-26APR03ORLDAL-ORLDBANE3-30,2026-04-03,pts,29.5,14.15275,15.34725,0.0145,0.02734228630925506,0.0,1.0
KXNBAPTS-26APR03ORLDAL-ORLFWAGNER22-10,2026-04-03,pts,9.5,13.02775,-3.5277499999999993,0.6635,0.6785483935036289,1.0,1.0
KXNBAPTS-26APR03ORLDAL-ORLFWAGNER22-15,2026-04-03,pts,14.5,13.02775,1.4722500000000007,0.379,0.35911888655627966,1.0,1.0
KXNBAPTS-26APR03ORLDAL-ORLFWAGNER22-20,2026-04-03,pts,19.5,13.02775,6.472250000000001,0.16875,0.14988516711210997,0.0,1.0
KXNBAPTS-26APR03ORLDAL-ORLFWAGNER22-25,2026-04-03,pts,24.5,13.02775,11.47225,0.0625,0.05261675151564671,0.0,1.0
KXNBAPTS-26APR03ORLDAL-ORLJSUGGS4-10,2026-04-03,pts,9.5,11.02575,-1.5257500000000004,0.5535,0.558532835659471,1.0,1.0
KXNBAPTS-26APR03ORLDAL-ORLJSUGGS4-15,2026-04-03,pts,14.5,11.02575,3.4742499999999996,0.26375,0.23701490070648512,1.0,1.0
KXNBAPTS-26APR03ORLDAL-ORLJSUGGS4-20,2026-04-03,pts,19.5,11.02575,8.47425,0.0825,0.07703538242837493,0.0,1.0
KXNBAPTS-26APR03ORLDAL-ORLJSUGGS4-25,2026-04-03,pts,24.5,11.02575,13.47425,0.0225,0.020774050435516056,0.0,1.0
KXNBAPTS-26APR03ORLDAL-ORLPBANCHERO5-20,2026-04-03,pts,19.5,16.1245,3.375499999999999,0.283,0.2900103073171866,0.0,1.0
KXNBAPTS-26APR03ORLDAL-ORLPBANCHERO5-25,2026-04-03,pts,24.5,16.1245,8.375499999999999,0.11275,0.13556359001870444,0.0,1.0
KXNBAPTS-26APR03ORLDAL-ORLPBANCHERO5-30,2026-04-03,pts,29.5,16.1245,13.375499999999999,0.0405,0.0563838907197296,0.0,1.0
KXNBAPTS-26APR03ORLDAL-ORLPBANCHERO5-35,2026-04-03,pts,34.5,16.1245,18.3755,0.01025,0.021413946768199632,0.0,1.0
KXNBAPTS-26APR03ORLDAL-ORLWCARTER34-10,2026-04-03,pts,9.5,8.3795,1.1204999999999998,0.3735,0.3508876165459347,1.0,1.0
KXNBAPTS-26APR03ORLDAL-ORLWCARTER34-15,2026-04-03,pts,14.5,8.3795,6.1205,0.1035,0.09453253459121025,1.0,1.0
KXNBAPTS-26APR03ORLDAL-ORLWCARTER34-20,2026-04-03,pts,19.5,8.3795,11.1205,0.02,0.018742632563779837,1.0,1.0
KXNBAREB-26APR03ORLDAL-DALCFLAGG32-10,2026-04-03,reb,9.5,4.615,4.885,0.032,0.04528658247086781,0.0,1.0
KXNBAREB-26APR03ORLDAL-DALCFLAGG32-12,2026-04-03,reb,11.5,4.615,6.885,0.0045,0.013282566123855255,0.0,1.0
KXNBAREB-26APR03ORLDAL-DALCFLAGG32-6,2026-04-03,reb,5.5,4.615,0.8849999999999998,0.3245,0.3259976199749842,1.0,1.0
KXNBAREB-26APR03ORLDAL-DALCFLAGG32-7,2026-04-03,reb,6.5,4.615,1.8849999999999998,0.2015,0.21406355212125017,0.0,1.0
KXNBAREB-26APR03ORLDAL-DALCFLAGG32-8,2026-04-03,reb,7.5,4.615,2.885,0.11575,0.13336995339509483,0.0,1.0
KXNBAREB-26APR03ORLDAL-DALDGAFFORD21-10,2026-04-03,reb,9.5,5.036,4.464,0.058,0.0661484434370504,0.0,1.0
KXNBAREB-26APR03ORLDAL-DALDGAFFORD21-12,2026-04-03,reb,11.5,5.036,6.464,0.01675,0.021676284733781803,0.0,1.0
KXNBAREB-26APR03ORLDAL-DALDGAFFORD21-4,2026-04-03,reb,3.5,5.036,-1.5359999999999996,0.694,0.6829197621027027,0.0,1.0
KXNBAREB-26APR03ORLDAL-DALDGAFFORD21-6,2026-04-03,reb,5.5,5.036,0.4640000000000004,0.3975,0.3868621135747151,0.0,1.0
KXNBAREB-26APR03ORLDAL-DALDGAFFORD21-8,2026-04-03,reb,7.5,5.036,2.4640000000000004,0.17425,0.1750082856489935,0.0,1.0
KXNBAREB-26APR03ORLDAL-DALMCHRISTIE00-10,2026-04-03,reb,9.5,2.303,7.197,0.0,0.0008990332595436579,0.0,1.0
KXNBAREB-26APR03ORLDAL-DALMCHRISTIE00-2,2026-04-03,reb,1.5,2.303,-0.8029999999999999,0.65375,0.6391105534565674,1.0,1.0
KXNBAREB-26APR03ORLDAL-DALMCHRISTIE00-4,2026-04-03,reb,3.5,2.303,1.197,0.20125,0.21415327036926624,1.0,1.0
KXNBAREB-26APR03ORLDAL-DALMCHRISTIE00-6,2026-04-03,reb,5.5,2.303,3.197,0.03725,0.04566351999635598,0.0,1.0
KXNBAREB-26APR03ORLDAL-DALMCHRISTIE00-8,2026-04-03,reb,7.5,2.303,5.197,0.004,0.007153836056765894,0.0,1.0
KXNBAREB-26APR03ORLDAL-ORLFWAGNER22-2,2026-04-03,reb,1.5,3.73075,-2.23075,0.8425,0.8447481934694341,1.0,1.0
KXNBAREB-26APR03ORLDAL-ORLFWAGNER22-4,2026-04-03,reb,3.5,3.73075,-0.23075,0.4945,0.4886434047016146,1.0,1.0
KXNBAREB-26APR03ORLDAL-ORLFWAGNER22-5,2026-04-03,reb,4.5,3.73075,0.76925,0.3245,0.324571580589316,0.0,1.0
KXNBAREB-26APR03ORLDAL-ORLFWAGNER22-6,2026-04-03,reb,5.5,3.73075,1.76925,0.204,0.1997839370478185,0.0,1.0
KXNBAREB-26APR03ORLDAL-ORLFWAGNER22-8,2026-04-03,reb,7.5,3.73075,3.76925,0.061,0.06265643339521376,0.0,1.0
KXNBAREB-26APR03ORLDAL-ORLJSUGGS4-2,2026-04-03,reb,1.5,3.488,-1.988,0.85,0.8208487354884302,1.0,1.0
KXNBAREB-26APR03ORLDAL-ORLJSUGGS4-4,2026-04-03,reb,3.5,3.488,0.01200000000000001,0.45425,0.4448704207166595,1.0,1.0
KXNBAREB-26APR03ORLDAL-ORLJSUGGS4-5,2026-04-03,reb,4.5,3.488,1.012,0.2815,0.2839673376249635,0.0,1.0
KXNBAREB-26APR03ORLDAL-ORLJSUGGS4-6,2026-04-03,reb,5.5,3.488,2.012,0.152,0.1675240342226132,0.0,1.0
KXNBAREB-26APR03ORLDAL-ORLJSUGGS4-8,2026-04-03,reb,7.5,3.488,4.0120000000000005,0.03325,0.0480299333815869,0.0,1.0
KXNBAREB-26APR03ORLDAL-ORLPBANCHERO5-10,2026-04-03,reb,9.5,6.04175,3.4582499999999996,0.10275,0.13343516902256458,0.0,1.0
KXNBAREB-26APR03ORLDAL-ORLPBANCHERO5-12,2026-04-03,reb,11.5,6.04175,5.45825,0.0295,0.05432999820100215,0.0,1.0
KXNBAREB-26APR03ORLDAL-ORLPBANCHERO5-6,2026-04-03,reb,5.5,6.04175,-0.5417500000000004,0.5535,0.5231874932227998,1.0,1.0
KXNBAREB-26APR03ORLDAL-ORLPBANCHERO5-8,2026-04-03,reb,7.5,6.04175,1.4582499999999996,0.2725,0.28673089054549306,0.0,1.0
KXNBAREB-26APR03ORLDAL-ORLPBANCHERO5-9,2026-04-03,reb,8.5,6.04175,2.4582499999999996,0.17025,0.19924450786666692,0.0,1.0
KXNBAREB-26APR03ORLDAL-ORLWCARTER34-10,2026-04-03,reb,9.5,5.7185,3.7815000000000003,0.075,0.10933488218612708,0.0,1.0
KXNBAREB-26APR03ORLDAL-ORLWCARTER34-12,2026-04-03,reb,11.5,5.7185,5.7815,0.016,0.0417789757255731,0.0,1.0
KXNBAREB-26APR03ORLDAL-ORLWCARTER34-4,2026-04-03,reb,3.5,5.7185,-2.2184999999999997,0.8005,0.7566122543153977,1.0,1.0
KXNBAREB-26APR03ORLDAL-ORLWCARTER34-6,2026-04-03,reb,5.5,5.7185,-0.2184999999999997,0.50825,0.48131472620599114,1.0,1.0
KXNBAREB-26APR03ORLDAL-ORLWCARTER34-8,2026-04-03,reb,7.5,5.7185,1.7815000000000003,0.23225,0.24959641424744228,0.0,1.0
KXNBAAST-26APR03ORLDAL-DALMCHRISTIE00-10,2026-04-03,ast,9.5,1.34675,8.15325,0.0,1.6201178606123356e-05,0.0,1.0
KXNBAAST-26APR03ORLDAL-DALMCHRISTIE00-2,2026-04-03,ast,1.5,1.34675,0.1532500000000001,0.387,0.38234706849283917,1.0,1.0
KXNBAAST-26APR03ORLDAL-DALMCHRISTIE00-4,2026-04-03,ast,3.5,1.34675,2.15325,0.053,0.05811162602731457,0.0,1.0
KXNBAAST-26APR03ORLDAL-DALMCHRISTIE00-6,2026-04-03,ast,5.5,1.34675,4.15325,0.00375,0.005169932924432907,0.0,1.0
KXNBAAST-26APR03ORLDAL-DALMCHRISTIE00-8,2026-04-03,ast,7.5,1.34675,6.15325,0.0,0.0003262283398760557,0.0,1.0
KXNBAAST-26APR03ORLDAL-ORLJSUGGS4-10,2026-04-03,ast,9.5,3.839,5.661,0.0115,0.01796666918881562,0.0,1.0
KXNBAAST-26APR03ORLDAL-ORLJSUGGS4-2,2026-04-03,ast,1.5,3.839,-2.339,0.88125,0.8563187039791427,1.0,1.0
KXNBAAST-26APR03ORLDAL-ORLJSUGGS4-4,2026-04-03,ast,3.5,3.839,-0.33899999999999997,0.52325,0.5086444412916487,1.0,1.0
KXNBAAST-26APR03ORLDAL-ORLJSUGGS4-6,2026-04-03,ast,5.5,3.839,1.661,0.19825,0.21372095416932013,1.0,1.0
KXNBAAST-26APR03ORLDAL-ORLJSUGGS4-8,2026-04-03,ast,7.5,3.839,3.661,0.0525,0.06863546543066168,1.0,1.0
KXNBAAST-26APR03ORLDAL-ORLPBANCHERO5-10,2026-04-03,ast,9.5,3.458,6.042,0.00475,0.010256784809759,0.0,1.0
KXNBAAST-26APR03ORLDAL-ORLPBANCHERO5-2,2026-04-03,ast,1.5,3.458,-1.9580000000000002,0.854,0.8196304217126311,1.0,1.0
KXNBAAST-26APR03ORLDAL-ORLPBANCHERO5-4,2026-04-03,ast,3.5,3.458,0.041999999999999815,0.448,0.440008172622673,1.0,1.0
KXNBAAST-26APR03ORLDAL-ORLPBANCHERO5-6,2026-04-03,ast,5.5,3.458,2.042,0.14325,0.16257411495486707,0.0,1.0
KXNBAAST-26APR03ORLDAL-ORLPBANCHERO5-8,2026-04-03,ast,7.5,3.458,4.042,0.0345,0.04536169705290227,0.0,1.0
KXNBA3PT-26APR03ORLDAL-DALCFLAGG32-1,2026-04-03,fg3m,0.5,0.66825,-0.16825,0.48175,0.4730252827426894,1.0,1.0
KXNBA3PT-26APR03ORLDAL-DALCFLAGG32-2,2026-04-03,fg3m,1.5,0.66825,0.83175,0.1455,0.1492205381322479,1.0,1.0
KXNBA3PT-26APR03ORLDAL-DALCFLAGG32-3,2026-04-03,fg3m,2.5,0.66825,1.83175,0.0335,0.03670584349543349,1.0,1.0
KXNBA3PT-26APR03ORLDAL-DALCFLAGG32-4,2026-04-03,fg3m,3.5,0.66825,2.83175,0.00725,0.007622738272294094,1.0,1.0
KXNBA3PT-26APR03ORLDAL-DALCFLAGG32-5,2026-04-03,fg3m,4.5,0.66825,3.83175,0.00025,0.001399372482081107,1.0,1.0
KXNBA3PT-26APR03ORLDAL-ORLDBANE3-1,2026-04-03,fg3m,0.5,1.4835,-0.9835,0.76875,0.7422248931048716,1.0,1.0
KXNBA3PT-26APR03ORLDAL-ORLDBANE3-2,2026-04-03,fg3m,1.5,1.4835,0.01649999999999996,0.43525,0.4220398106689266,1.0,1.0
KXNBA3PT-26APR03ORLDAL-ORLDBANE3-3,2026-04-03,fg3m,2.5,1.4835,1.0165,0.19,0.19713754952742357,1.0,1.0
KXNBA3PT-26APR03ORLDAL-ORLDBANE3-4,2026-04-03,fg3m,3.5,1.4835,2.0164999999999997,0.066,0.07962289167648318,0.0,1.0
KXNBA3PT-26APR03ORLDAL-ORLDBANE3-5,2026-04-03,fg3m,4.5,1.4835,3.0164999999999997,0.0185,0.028790179274143957,0.0,1.0
KXNBA3PT-26APR03ORLDAL-ORLFWAGNER22-1,2026-04-03,fg3m,0.5,0.9735,-0.47350000000000003,0.6145,0.5999816281630921,0.0,1.0
KXNBA3PT-26APR03ORLDAL-ORLFWAGNER22-2,2026-04-03,fg3m,1.5,0.9735,0.5265,0.25275,0.2546086420405861,0.0,1.0
KXNBA3PT-26APR03ORLDAL-ORLFWAGNER22-3,2026-04-03,fg3m,2.5,0.9735,1.5265,0.0825,0.0859807533215945,0.0,1.0
KXNBA3PT-26APR03ORLDAL-ORLFWAGNER22-4,2026-04-03,fg3m,3.5,0.9735,2.5265,0.01875,0.024735007107363427,0.0,1.0
KXNBA3PT-26APR03ORLDAL-ORLFWAGNER22-5,2026-04-03,fg3m,4.5,0.9735,3.5265,0.00475,0.006319847672857204,0.0,1.0
KXNBA3PT-26APR03ORLDAL-ORLJSUGGS4-1,2026-04-03,fg3m,0.5,1.565,-1.065,0.769,0.7591553521133638,1.0,1.0
KXNBA3PT-26APR03ORLDAL-ORLJSUGGS4-2,2026-04-03,fg3m,1.5,1.565,-0.06499999999999995,0.46125,0.4463610101818646,1.0,1.0
KXNBA3PT-26APR03ORLDAL-ORLJSUGGS4-3,2026-04-03,fg3m,2.5,1.565,0.935,0.21625,0.21663329843807633,1.0,1.0
KXNBA3PT-26APR03ORLDAL-ORLJSUGGS4-4,2026-04-03,fg3m,3.5,1.565,1.935,0.083,0.09112473007299804,0.0,1.0
KXNBA3PT-26APR03ORLDAL-ORLJSUGGS4-5,2026-04-03,fg3m,4.5,1.565,2.935,0.02725,0.034358978833086806,0.0,1.0
KXNBA3PT-26APR03ORLDAL-ORLPBANCHERO5-1,2026-04-03,fg3m,0.5,1.0045,-0.5045,0.629,0.6108106028795435,1.0,1.0
KXNBA3PT-26APR03ORLDAL-ORLPBANCHERO5-2,2026-04-03,fg3m,1.5,1.0045,0.49550000000000005,0.2685,0.26533130194267673,0.0,1.0
KXNBA3PT-26APR03ORLDAL-ORLPBANCHERO5-3,2026-04-03,fg3m,2.5,1.0045,1.4955,0.08225,0.09190471647961174,0.0,1.0
KXNBA3PT-26APR03ORLDAL-ORLPBANCHERO5-4,2026-04-03,fg3m,3.5,1.0045,2.4955,0.021,0.027143528659814065,0.0,1.0
KXNBA3PT-26APR03ORLDAL-ORLPBANCHERO5-5,2026-04-03,fg3m,4.5,1.0045,3.4955,0.00325,0.007123395444803893,0.0,1.0
KXNBAPTS-26APR03UTAHOU-HOUASENGUN28-15,2026-04-03,pts,14.5,15.525,-1.0250000000000004,0.53475,0.5018437001705537,1.0,1.0
KXNBAPTS-26APR03UTAHOU-HOUASENGUN28-20,2026-04-03,pts,19.5,15.525,3.9749999999999996,0.25125,0.2616889059661641,0.0,1.0
KXNBAPTS-26APR03UTAHOU-HOUASENGUN28-25,2026-04-03,pts,24.5,15.525,8.975,0.09475,0.11673123037743416,0.0,1.0
KXNBAPTS-26APR03UTAHOU-HOUASENGUN28-30,2026-04-03,pts,29.5,15.525,13.975,0.028,0.04622950796114522,0.0,1.0
KXNBAPTS-26APR03UTAHOU-HOUATHOMPSON1-15,2026-04-03,pts,14.5,14.2345,0.2654999999999994,0.45875,0.43047798214472144,1.0,1.0
KXNBAPTS-26APR03UTAHOU-HOUATHOMPSON1-20,2026-04-03,pts,19.5,14.2345,5.265499999999999,0.1905,0.2020796525168027,1.0,1.0
KXNBAPTS-26APR03UTAHOU-HOUATHOMPSON1-25,2026-04-03,pts,24.5,14.2345,10.2655,0.054,0.08044580057606443,0.0,1.0
KXNBAPTS-26APR03UTAHOU-HOUATHOMPSON1-30,2026-04-03,pts,29.5,14.2345,15.2655,0.01225,0.028298910731488602,0.0,1.0
KXNBAPTS-26APR03UTAHOU-HOUJSMITH10-10,2026-04-03,pts,9.5,12.46275,-2.9627499999999998,0.66625,0.6480542817668805,1.0,1.0
KXNBAPTS-26APR03UTAHOU-HOUJSMITH10-15,2026-04-03,pts,14.5,12.46275,2.0372500000000002,0.3355,0.3247302048153117,1.0,1.0
KXNBAPTS-26APR03UTAHOU-HOUJSMITH10-20,2026-04-03,pts,19.5,12.46275,7.03725,0.1215,0.1272856695473067,0.0,1.0
KXNBAPTS-26APR03UTAHOU-HOUJSMITH10-25,2026-04-03,pts,24.5,12.46275,12.03725,0.034,0.0418029789514659,0.0,1.0
KXNBAPTS-26APR03UTAHOU-HOUKDURANT7-15,2026-04-03,pts,14.5,19.31025,-4.81025,0.72475,0.6724882194969402,1.0,1.0
KXNBAPTS-26APR03UTAHOU-HOUKDURANT7-20,2026-04-03,pts,19.5,19.31025,0.18975000000000009,0.457,0.43767264714888376,1.0,1.0
KXNBAPTS-26APR03UTAHOU-HOUKDURANT7-25,2026-04-03,pts,24.5,19.31025,5.18975,0.22925,0.2497241446547176,1.0,1.0
KXNBAPTS-26APR03UTAHOU-HOUKDURANT7-30,2026-04-03,pts,29.5,19.31025,10.18975,0.0945,0.12825955860943394,0.0,1.0
KXNBAPTS-26APR03UTAHOU-HOUKDURANT7-35,2026-04-03,pts,34.5,19.31025,15.18975,0.03075,0.060570605319348214,0.0,1.0
KXNBAPTS-26APR03UTAHOU-HOURSHEPPARD15-10,2026-04-03,pts,9.5,12.96625,-3.4662500000000005,0.67975,0.675352862475869,1.0,1.0
KXNBAPTS-26APR03UTAHOU-HOURSHEPPARD15-15,2026-04-03,pts,14.5,12.96625,1.5337499999999995,0.3785,0.35539678100640093,0.0,1.0
KXNBAPTS-26APR03UTAHOU-HOURSHEPPARD15-20,2026-04-03,pts,19.5,12.96625,6.5337499999999995,0.16125,0.147359772596662,0.0,1.0
KXNBAPTS-26APR03UTAHOU-HOURSHEPPARD15-25,2026-04-03,pts,24.5,12.96625,11.53375,0.047,0.05136972325196543,0.0,1.0
KXNBAPTS-26APR03UTAHOU-HOUTEASON17-10,2026-04-03,pts,9.5,9.1005,0.39949999999999974,0.41575,0.4120055970785702,1.0,1.0
KXNBAPTS-26APR03UTAHOU-HOUTEASON17-15,2026-04-03,pts,14.5,9.1005,5.3995,0.15675,0.12878532703172785,1.0,1.0
KXNBAPTS-26APR03UTAHOU-HOUTEASON17-20,2026-04-03,pts,19.5,9.1005,10.3995,0.03975,0.02995186970752539,0.0,1.0
KXNBAPTS-26APR03UTAHOU-UTAABAILEY19-15,2026-04-03,pts,14.5,10.195,4.305,0.1995,0.1881014805661655,1.0,1.0
KXNBAPTS-26APR03UTAHOU-UTAABAILEY19-20,2026-04-03,pts,19.5,10.195,9.305,0.064,0.05365742381470595,1.0,1.0
KXNBAPTS-26APR03UTAHOU-UTAABAILEY19-25,2026-04-03,pts,24.5,10.195,14.305,0.0145,0.01262808091760581,0.0,1.0
KXNBAPTS-26APR03UTAHOU-UTAABAILEY19-30,2026-04-03,pts,29.5,10.195,19.305,0.003,0.0025885744804856614,0.0,1.0
KXNBAREB-26APR03UTAHOU-HOUASENGUN28-10,2026-04-03,reb,9.5,6.3675,3.1325000000000003,0.1285,0.15974111868589824,0.0,1.0
KXNBAREB-26APR03UTAHOU-HOUASENGUN28-12,2026-04-03,reb,11.5,6.3675,5.1325,0.0415,0.06898421738594895,0.0,1.0
KXNBAREB-26APR03UTAHOU-HOUASENGUN28-6,2026-04-03,reb,5.5,6.3675,-0.8674999999999997,0.59625,0.563126261115868,0.0,1.0
KXNBAREB-26APR03UTAHOU-HOUASENGUN28-8,2026-04-03,reb,7.5,6.3675,1.1325000000000003,0.317,0.32462184696980034,0.0,1.0
KXNBAREB-26APR03UTAHOU-HOUASENGUN28-9,2026-04-03,reb,8.5,6.3675,2.1325000000000003,0.20325,0.23184614195195463,0.0,1.0
KXNBAREB-26APR03UTAHOU-HOUATHOMPSON1-10,2026-04-03,reb,9.5,6.023,3.4770000000000003,0.1,0.1319799280644821,0.0,1.0
KXNBAREB-26APR03UTAHOU-HOUATHOMPSON1-12,2026-04-03,reb,11.5,6.023,5.477,0.03425,0.053547658108994645,0.0,1.0
KXNBAREB-26APR03UTAHOU-HOUATHOMPSON1-4,2026-04-03,reb,3.5,6.023,-2.5229999999999997,0.83025,0.7840575794112219,1.0,1.0
KXNBAREB-26APR03UTAHOU-HOUATHOMPSON1-6,2026-04-03,reb,5.5,6.023,-0.5229999999999997,0.54375,0.5208176994265747,1.0,1.0
KXNBAREB-26APR03UTAHOU-HOUATHOMPSON1-8,2026-04-03,reb,7.5,6.023,1.4770000000000003,0.26925,0.28455963540167506,1.0,1.0
KXNBAREB-26APR03UTAHOU-HOUJSMITH10-10,2026-04-03,reb,9.5,5.4795,4.0205,0.06575,0.09295851622831197,0.0,1.0
KXNBAREB-26APR03UTAHOU-HOUJSMITH10-12,2026-04-03,reb,11.5,5.4795,6.0205,0.01625,0.03377003792193389,0.0,1.0
KXNBAREB-26APR03UTAHOU-HOUJSMITH10-6,2026-04-03,reb,5.5,5.4795,0.020500000000000185,0.464,0.4490648632711326,0.0,1.0
KXNBAREB-26APR03UTAHOU-HOUJSMITH10-7,2026-04-03,reb,6.5,5.4795,1.0205000000000002,0.31175,0.32393268318161406,0.0,1.0
KXNBAREB-26APR03UTAHOU-HOUJSMITH10-8,2026-04-03,reb,7.5,5.4795,2.0205,0.19875,0.22273022164557066,0.0,1.0
KXNBAREB-26APR03UTAHOU-HOUKDURANT7-2,2026-04-03,reb,1.5,4.1435,-2.6435000000000004,0.897,0.8781007179642789,1.0,1.0
KXNBAREB-26APR03UTAHOU-HOUKDURANT7-4,2026-04-03,reb,3.5,4.1435,-0.6435000000000004,0.5805,0.5578658955167997,1.0,1.0
KXNBAREB-26APR03UTAHOU-HOUKDURANT7-5,2026-04-03,reb,4.5,4.1435,0.3564999999999996,0.40275,0.39295325384328483,1.0,1.0
KXNBAREB-26APR03UTAHOU-HOUKDURANT7-6,2026-04-03,reb,5.5,4.1435,1.3564999999999996,0.257,0.2576570091035115,0.0,1.0
KXNBAREB-26APR03UTAHOU-HOUKDURANT7-8,2026-04-03,reb,7.5,4.1435,3.3564999999999996,0.06875,0.09245512826115643,0.0,1.0
KXNBAREB-26APR03UTAHOU-HOUTEASON17-10,2026-04-03,reb,9.5,4.956,4.544,0.049,0.06183347008576934,0.0,1.0
KXNBAREB-26APR03UTAHOU-HOUTEASON17-12,2026-04-03,reb,11.5,4.956,6.544,0.01325,0.019860658231713346,0.0,1.0
KXNBAREB-26APR03UTAHOU-HOUTEASON17-6,2026-04-03,reb,5.5,4.956,0.5439999999999996,0.37775,0.37539043809719974,1.0,1.0
KXNBAREB-26APR03UTAHOU-HOUTEASON17-7,2026-04-03,reb,6.5,4.956,1.5439999999999996,0.255,0.256644305979969,1.0,1.0
KXNBAREB-26APR03UTAHOU-HOUTEASON17-8,2026-04-03,reb,7.5,4.956,2.5439999999999996,0.15,0.16678240272441935,0.0,1.0
KXNBAREB-26APR03UTAHOU-UTAABAILEY19-2,2026-04-03,reb,1.5,2.51025,-1.01025,0.69575,0.6804450916249325,1.0,1.0
KXNBAREB-26APR03UTAHOU-UTAABAILEY19-4,2026-04-03,reb,3.5,2.51025,0.9897499999999999,0.24725,0.2545390923662304,1.0,1.0
KXNBAREB-26APR03UTAHOU-UTAABAILEY19-5,2026-04-03,reb,4.5,2.51025,1.98975,0.12375,0.1308999146446821,1.0,1.0
KXNBAREB-26APR03UTAHOU-UTAABAILEY19-6,2026-04-03,reb,5.5,2.51025,2.98975,0.05425,0.061553708871152524,1.0,1.0
KXNBAREB-26APR03UTAHOU-UTAABAILEY19-8,2026-04-03,reb,7.5,2.51025,4.98975,0.00475,0.011003240355996424,0.0,1.0
KXNBAAST-26APR03UTAHOU-HOUASENGUN28-10,2026-04-03,ast,9.5,4.68625,4.81375,0.03025,0.04722455342730725,0.0,1.0
KXNBAAST-26APR03UTAHOU-HOUASENGUN28-2,2026-04-03,ast,1.5,4.68625,-3.1862500000000002,0.93375,0.9127939446243455,1.0,1.0
KXNBAAST-26APR03UTAHOU-HOUASENGUN28-4,2026-04-03,ast,3.5,4.68625,-1.1862500000000002,0.6705,0.6400971075594115,1.0,1.0
KXNBAAST-26APR03UTAHOU-HOUASENGUN28-6,2026-04-03,ast,5.5,4.68625,0.8137499999999998,0.331,0.33617836414322844,0.0,1.0
KXNBAAST-26APR03UTAHOU-HOUASENGUN28-8,2026-04-03,ast,7.5,4.68625,2.8137499999999998,0.1115,0.1386256448462302,0.0,1.0
KXNBAAST-26APR03UTAHOU-HOUATHOMPSON1-2,2026-04-03,ast,1.5,4.2585,-2.7584999999999997,0.9235,0.8879385852222635,1.0,1.0
KXNBAAST-26APR03UTAHOU-HOUATHOMPSON1-4,2026-04-03,ast,3.5,4.2585,-0.7584999999999997,0.6065,0.5775855879231109,1.0,1.0
KXNBAAST-26APR03UTAHOU-HOUATHOMPSON1-5,2026-04-03,ast,4.5,4.2585,0.24150000000000027,0.41875,0.41210178627813165,0.0,1.0
KXNBAAST-26APR03UTAHOU-HOUATHOMPSON1-6,2026-04-03,ast,5.5,4.2585,1.2415000000000003,0.25975,0.2735863321080465,0.0,1.0
KXNBAAST-26APR03UTAHOU-HOUATHOMPSON1-8,2026-04-03,ast,7.5,4.2585,3.2415000000000003,0.07175,0.10037469736256666,0.0,1.0
KXNBAAST-26APR03UTAHOU-HOUKDURANT7-10,2026-04-03,ast,9.5,4.08725,5.41275,0.0135,0.024705525816539065,0.0,1.0
KXNBAAST-26APR03UTAHOU-HOUKDURANT7-2,2026-04-03,ast,1.5,4.08725,-2.58725,0.904,0.8760061423199184,1.0,1.0
KXNBAAST-26APR03UTAHOU-HOUKDURANT7-4,2026-04-03,ast,3.5,4.08725,-0.58725,0.5745,0.5503360882942404,1.0,1.0
KXNBAAST-26APR03UTAHOU-HOUKDURANT7-6,2026-04-03,ast,5.5,4.08725,1.41275,0.24375,0.24884221168368015,1.0,1.0
KXNBAAST-26APR03UTAHOU-HOUKDURANT7-8,2026-04-03,ast,7.5,4.08725,3.41275,0.06175,0.08667801000400233,0.0,1.0
KXNBAAST-26APR03UTAHOU-HOURSHEPPARD15-2,2026-04-03,ast,1.5,3.48375,-1.9837500000000001,0.84375,0.8223878181589089,1.0,1.0
KXNBAAST-26APR03UTAHOU-HOURSHEPPARD15-4,2026-04-03,ast,3.5,3.48375,0.016249999999999876,0.4515,0.4448076337113982,1.0,1.0
KXNBAAST-26APR03UTAHOU-HOURSHEPPARD15-5,2026-04-03,ast,4.5,3.48375,1.0162499999999999,0.27725,0.2828389380025993,1.0,1.0
KXNBAAST-26APR03UTAHOU-HOURSHEPPARD15-6,2026-04-03,ast,5.5,3.48375,2.01625,0.1475,0.16589495570322965,1.0,1.0
KXNBAAST-26APR03UTAHOU-HOURSHEPPARD15-8,2026-04-03,ast,7.5,3.48375,4.016249999999999,0.036,0.04676196669439936,0.0,1.0
KXNBAAST-26APR03UTAHOU-UTAABAILEY19-2,2026-04-03,ast,1.5,1.13125,0.3687499999999999,0.30725,0.3097848777529849,0.0,1.0
KXNBAAST-26APR03UTAHOU-UTAABAILEY19-3,2026-04-03,ast,2.5,1.13125,1.36875,0.1045,0.11449124595860372,0.0,1.0
KXNBAAST-26APR03UTAHOU-UTAABAILEY19-4,2026-04-03,ast,3.5,1.13125,2.36875,0.03075,0.035465832597272984,0.0,1.0
KXNBAAST-26APR03UTAHOU-UTAABAILEY19-6,2026-04-03,ast,5.5,1.13125,4.36875,0.0025,0.0023377477057728857,0.0,1.0
KXNBAAST-26APR03UTAHOU-UTAABAILEY19-8,2026-04-03,ast,7.5,1.13125,6.36875,0.0,0.00010866099417616848,0.0,1.0
KXNBA3PT-26APR03UTAHOU-HOUASENGUN28-1,2026-04-03,fg3m,0.5,0.5005,-0.0004999999999999449,0.384,0.3841648159262474,0.0,1.0
KXNBA3PT-26APR03UTAHOU-HOUASENGUN28-2,2026-04-03,fg3m,1.5,0.5005,0.9995,0.0965,0.09490478486394893,0.0,1.0
KXNBA3PT-26APR03UTAHOU-HOUASENGUN28-3,2026-04-03,fg3m,2.5,0.5005,1.9995,0.01775,0.018072284133915928,0.0,1.0
KXNBA3PT-26APR03UTAHOU-HOUASENGUN28-4,2026-04-03,fg3m,3.5,0.5005,2.9995000000000003,0.00175,0.0028910527381262874,0.0,1.0
KXNBA3PT-26APR03UTAHOU-HOUASENGUN28-5,2026-04-03,fg3m,4.5,0.5005,3.9995000000000003,0.00025,0.00040779352158004656,0.0,1.0
KXNBA3PT-26APR03UTAHOU-HOUATHOMPSON1-1,2026-04-03,fg3m,0.5,0.374,0.126,0.311,0.3058913616615502,0.0,1.0
KXNBA3PT-26APR03UTAHOU-HOUATHOMPSON1-2,2026-04-03,fg3m,1.5,0.374,1.126,0.05575,0.058419373510444794,0.0,1.0
KXNBA3PT-26APR03UTAHOU-HOUATHOMPSON1-3,2026-04-03,fg3m,2.5,0.374,2.126,0.0065,0.008524347344428529,0.0,1.0
KXNBA3PT-26APR03UTAHOU-HOUATHOMPSON1-4,2026-04-03,fg3m,3.5,0.374,3.126,0.00075,0.0010410336139889953,0.0,1.0
KXNBA3PT-26APR03UTAHOU-HOUATHOMPSON1-5,2026-04-03,fg3m,4.5,0.374,4.126,0.0,0.0001118882247130859,0.0,1.0
KXNBA3PT-26APR03UTAHOU-HOUKDURANT7-1,2026-04-03,fg3m,0.5,1.98975,-1.48975,0.85875,0.8293588486530687,1.0,1.0
KXNBA3PT-26APR03UTAHOU-HOUKDURANT7-2,2026-04-03,fg3m,1.5,1.98975,-0.4897499999999999,0.58525,0.5600285204512071,1.0,1.0
KXNBA3PT-26APR03UTAHOU-HOUKDURANT7-3,2026-04-03,fg3m,2.5,1.98975,0.5102500000000001,0.31475,0.31963688218856734,0.0,1.0
KXNBA3PT-26APR03UTAHOU-HOUKDURANT7-4,2026-04-03,fg3m,3.5,1.98975,1.51025,0.145,0.16002730579811542,0.0,1.0
KXNBA3PT-26APR03UTAHOU-HOUKDURANT7-5,2026-04-03,fg3m,4.5,1.98975,2.51025,0.05575,0.07229661325862824,0.0,1.0
KXNBA3PT-26APR03UTAHOU-HOURSHEPPARD15-2,2026-04-03,fg3m,1.5,2.60325,-1.10325,0.72,0.6868677983964016,1.0,1.0
KXNBA3PT-26APR03UTAHOU-HOURSHEPPARD15-3,2026-04-03,fg3m,2.5,2.60325,-0.10325000000000006,0.473,0.45999224157857754,1.0,1.0
KXNBA3PT-26APR03UTAHOU-HOURSHEPPARD15-4,2026-04-03,fg3m,3.5,2.60325,0.8967499999999999,0.27575,0.2747224690115875,1.0,1.0
KXNBA3PT-26APR03UTAHOU-HOURSHEPPARD15-5,2026-04-03,fg3m,4.5,2.60325,1.89675,0.13,0.14947341528145208,0.0,1.0
KXNBA3PT-26APR03UTAHOU-HOURSHEPPARD15-6,2026-04-03,fg3m,5.5,2.60325,2.89675,0.0585,0.07536488916800299,0.0,1.0
KXNBA3PT-26APR03UTAHOU-HOUTEASON17-1,2026-04-03,fg3m,0.5,1.1685,-0.6685000000000001,0.67425,0.6628608194197623,1.0,1.0
KXNBA3PT-26APR03UTAHOU-HOUTEASON17-2,2026-04-03,fg3m,1.5,1.1685,0.3314999999999999,0.32775,0.3212111912668234,1.0,1.0
KXNBA3PT-26APR03UTAHOU-HOUTEASON17-3,2026-04-03,fg3m,2.5,1.1685,1.3315,0.11825,0.1254235442296756,0.0,1.0
KXNBA3PT-26APR03UTAHOU-HOUTEASON17-4,2026-04-03,fg3m,3.5,1.1685,2.3315,0.037,0.04196032864674615,0.0,1.0
KXNBA3PT-26APR03UTAHOU-HOUTEASON17-5,2026-04-03,fg3m,4.5,1.1685,3.3315,0.0085,0.012505400795170929,0.0,1.0
KXNBAPTS-26APR03TORMEM-MEMCCOWARD23-10,2026-04-03,pts,9.5,8.27525,1.2247500000000002,0.355,0.3418780721753806,1.0,1.0
KXNBAPTS-26APR03TORMEM-MEMCCOWARD23-15,2026-04-03,pts,14.5,8.27525,6.22475,0.10325,0.08997110551818677,1.0,1.0
KXNBAPTS-26APR03TORMEM-MEMCCOWARD23-20,2026-04-03,pts,19.5,8.27525,11.22475,0.0175,0.0173973370680105,0.0,1.0
KXNBAPTS-26APR03TORMEM-MEMCCOWARD23-25,2026-04-03,pts,24.5,8.27525,16.22475,0.0035,0.0027400786996936155,0.0,1.0
KXNBAPTS-26APR03TORMEM-TORJPOELTL19-10,2026-04-03,pts,9.5,8.684,0.8160000000000007,0.39175,0.37698722787602346,0.0,1.0
KXNBAPTS-26APR03TORMEM-TORJPOELTL19-15,2026-04-03,pts,14.5,8.684,5.816000000000001,0.11425,0.10844352358357146,0.0,1.0
KXNBAPTS-26APR03TORMEM-TORJPOELTL19-20,2026-04-03,pts,19.5,8.684,10.816,0.02675,0.02306358239682882,0.0,1.0
KXNBAPTS-26APR03TORMEM-TORJPOELTL19-25,2026-04-03,pts,24.5,8.684,15.816,0.0055,0.004006114730732313,0.0,1.0
KXNBAPTS-26APR03TORMEM-TORRBARRETT9-15,2026-04-03,pts,14.5,13.34625,1.1537500000000005,0.3955,0.37828569412516566,1.0,1.0
KXNBAPTS-26APR03TORMEM-TORRBARRETT9-20,2026-04-03,pts,19.5,13.34625,6.1537500000000005,0.15275,0.16319632779487347,1.0,1.0
KXNBAPTS-26APR03TORMEM-TORRBARRETT9-25,2026-04-03,pts,24.5,13.34625,11.15375,0.04925,0.05934559726418964,1.0,1.0
KXNBAPTS-26APR03TORMEM-TORRBARRETT9-30,2026-04-03,pts,29.5,13.34625,16.153750000000002,0.0115,0.019008678649594435,0.0,1.0
KXNBAPTS-26APR03TORMEM-TORSBARNES4-15,2026-04-03,pts,14.5,11.54025,2.9597499999999997,0.28275,0.26822303147958315,0.0,1.0
KXNBAPTS-26APR03TORMEM-TORSBARNES4-20,2026-04-03,pts,19.5,11.54025,7.95975,0.0795,0.09369752275783494,0.0,1.0
KXNBAPTS-26APR03TORMEM-TORSBARNES4-25,2026-04-03,pts,24.5,11.54025,12.95975,0.01825,0.027251963619677633,0.0,1.0
KXNBAPTS-26APR03TORMEM-TORSBARNES4-30,2026-04-03,pts,29.5,11.54025,17.95975,0.00225,0.006936469141478496,0.0,1.0
KXNBAREB-26APR03TORMEM-TORJPOELTL19-10,2026-04-03,reb,9.5,6.274,3.226,0.12725,0.15200051444888807,0.0,1.0
KXNBAREB-26APR03TORMEM-TORJPOELTL19-12,2026-04-03,reb,11.5,6.274,5.226,0.04475,0.06457343512564051,0.0,1.0
KXNBAREB-26APR03TORMEM-TORJPOELTL19-4,2026-04-03,reb,3.5,6.274,-2.774,0.8435,0.8044308605642756,1.0,1.0
KXNBAREB-26APR03TORMEM-TORJPOELTL19-6,2026-04-03,reb,5.5,6.274,-0.774,0.57575,0.5519054324067708,1.0,1.0
KXNBAREB-26APR03TORMEM-TORJPOELTL19-8,2026-04-03,reb,7.5,6.274,1.226,0.3025,0.3137254664467056,0.0,1.0
KXNBAREB-26APR03TORMEM-TORRBARRETT9-10,2026-04-03,reb,9.5,4.41275,5.08725,0.02025,0.03689239169355851,0.0,1.0
KXNBAREB-26APR03TORMEM-TORRBARRETT9-2,2026-04-03,reb,1.5,4.41275,-2.91275,0.922,0.8957505207627103,1.0,1.0
KXNBAREB-26APR03TORMEM-TORRBARRETT9-4,2026-04-03,reb,3.5,4.41275,-0.91275,0.62425,0.5991824980705291,0.0,1.0
KXNBAREB-26APR03TORMEM-TORRBARRETT9-6,2026-04-03,reb,5.5,4.41275,1.08725,0.2905,0.29656828408251934,0.0,1.0
KXNBAREB-26APR03TORMEM-TORRBARRETT9-8,2026-04-03,reb,7.5,4.41275,3.08725,0.0915,0.11499618505706799,0.0,1.0
KXNBAREB-26APR03TORMEM-TORSBARNES4-10,2026-04-03,reb,9.5,5.2195,4.2805,0.054,0.07665602498418245,0.0,1.0
KXNBAREB-26APR03TORMEM-TORSBARNES4-12,2026-04-03,reb,11.5,5.2195,6.2805,0.01025,0.02625530408636223,0.0,1.0
KXNBAREB-26APR03TORMEM-TORSBARNES4-6,2026-04-03,reb,5.5,5.2195,0.28049999999999997,0.41975,0.41291794459322784,0.0,1.0
KXNBAREB-26APR03TORMEM-TORSBARNES4-7,2026-04-03,reb,6.5,5.2195,1.2805,0.28475,0.2903607904408967,0.0,1.0
KXNBAREB-26APR03TORMEM-TORSBARNES4-8,2026-04-03,reb,7.5,5.2195,2.2805,0.171,0.19435250460130837,0.0,1.0
KXNBAAST-26APR03TORMEM-TORJPOELTL19-2,2026-04-03,ast,1.5,1.53475,-0.03475000000000006,0.442,0.4418829382030437,1.0,1.0
KXNBAAST-26APR03TORMEM-TORJPOELTL19-3,2026-04-03,ast,2.5,1.53475,0.9652499999999999,0.20325,0.20707112822559148,1.0,1.0
KXNBAAST-26APR03TORMEM-TORJPOELTL19-4,2026-04-03,ast,3.5,1.53475,1.96525,0.08075,0.0823968914007217,1.0,1.0
KXNBAAST-26APR03TORMEM-TORJPOELTL19-6,2026-04-03,ast,5.5,1.53475,3.96525,0.0095,0.00912520579930487,0.0,1.0
KXNBAAST-26APR03TORMEM-TORJPOELTL19-8,2026-04-03,ast,7.5,1.53475,5.96525,0.0005,0.0007205101232496958,0.0,1.0
KXNBAAST-26APR03TORMEM-TORRBARRETT9-10,2026-04-03,ast,9.5,2.32225,7.17775,0.0005,0.000889393180632525,0.0,1.0
KXNBAAST-26APR03TORMEM-TORRBARRETT9-2,2026-04-03,ast,1.5,2.32225,-0.8222499999999999,0.66175,0.6446011703150218,1.0,1.0
KXNBAAST-26APR03TORMEM-TORRBARRETT9-4,2026-04-03,ast,3.5,2.32225,1.17775,0.214,0.21733833191916307,1.0,1.0
KXNBAAST-26APR03TORMEM-TORRBARRETT9-6,2026-04-03,ast,5.5,2.32225,3.17775,0.03625,0.04627301734604827,0.0,1.0
KXNBAAST-26APR03TORMEM-TORRBARRETT9-8,2026-04-03,ast,7.5,2.32225,5.17775,0.00325,0.007185187290086659,0.0,1.0
KXNBAAST-26APR03TORMEM-TORSBARNES4-10,2026-04-03,ast,9.5,3.948,5.552,0.01075,0.02074868747610581,0.0,1.0
KXNBAAST-26APR03TORMEM-TORSBARNES4-12,2026-04-03,ast,11.5,3.948,7.552,0.00175,0.004822213569818823,0.0,1.0
KXNBAAST-26APR03TORMEM-TORSBARNES4-6,2026-04-03,ast,5.5,3.948,1.552,0.20825,0.22900808641951043,1.0,1.0
KXNBAAST-26APR03TORMEM-TORSBARNES4-8,2026-04-03,ast,7.5,3.948,3.552,0.05525,0.07628585380498243,0.0,1.0
KXNBAAST-26APR03TORMEM-TORSBARNES4-9,2026-04-03,ast,8.5,3.948,4.552,0.0265,0.040675469250360474,0.0,1.0
KXNBA3PT-26APR03TORMEM-TORSBARNES4-1,2026-04-03,fg3m,0.5,0.5715,-0.07150000000000001,0.43375,0.4236949022771451,0.0,1.0
KXNBA3PT-26APR03TORMEM-TORSBARNES4-2,2026-04-03,fg3m,1.5,0.5715,0.9285,0.112,0.11727697656394076,0.0,1.0
KXNBA3PT-26APR03TORMEM-TORSBARNES4-3,2026-04-03,fg3m,2.5,0.5715,1.9285,0.02325,0.025145403861421833,0.0,1.0
KXNBA3PT-26APR03TORMEM-TORSBARNES4-4,2026-04-03,fg3m,3.5,0.5715,2.9285,0.0025,0.00453871128612493,0.0,1.0
KXNBA3PT-26APR03TORMEM-TORSBARNES4-5,2026-04-03,fg3m,4.5,0.5715,3.9285,0.0,0.0007231263609628336,0.0,1.0
KXNBAPTS-26APR03BOSMIL-BOSDWHITE9-10,2026-04-03,pts,9.5,10.763,-1.263,0.5585,0.5402664365443669,1.0,1.0
KXNBAPTS-26APR03BOSMIL-BOSDWHITE9-15,2026-04-03,pts,14.5,10.763,3.737,0.2295,0.2212969747909137,1.0,1.0
KXNBAPTS-26APR03BOSMIL-BOSDWHITE9-20,2026-04-03,pts,19.5,10.763,8.737,0.064,0.0691558634497974,0.0,1.0
KXNBAPTS-26APR03BOSMIL-BOSDWHITE9-25,2026-04-03,pts,24.5,10.763,13.737,0.01675,0.017898785034180298,0.0,1.0
KXNBAPTS-26APR03BOSMIL-BOSJBROWN7-20,2026-04-03,pts,19.5,19.1785,0.32150000000000034,0.45775,0.4318324769389086,1.0,1.0
KXNBAPTS-26APR03BOSMIL-BOSJBROWN7-25,2026-04-03,pts,24.5,19.1785,5.3215,0.2295,0.2447031425258437,1.0,1.0
KXNBAPTS-26APR03BOSMIL-BOSJBROWN7-30,2026-04-03,pts,29.5,19.1785,10.3215,0.081,0.1247599981397749,0.0,1.0
KXNBAPTS-26APR03BOSMIL-BOSJBROWN7-35,2026-04-03,pts,34.5,19.1785,15.3215,0.02675,0.058469440966728126,0.0,1.0
KXNBAPTS-26APR03BOSMIL-BOSJTATUM0-20,2026-04-03,pts,19.5,15.91225,3.5877499999999998,0.27725,0.27996272061214755,1.0,1.0
KXNBAPTS-26APR03BOSMIL-BOSJTATUM0-25,2026-04-03,pts,24.5,15.91225,8.58775,0.09825,0.12876747528570298,0.0,1.0
KXNBAPTS-26APR03BOSMIL-BOSJTATUM0-30,2026-04-03,pts,29.5,15.91225,13.58775,0.033,0.05265716256925046,0.0,1.0
KXNBAPTS-26APR03BOSMIL-BOSJTATUM0-35,2026-04-03,pts,34.5,15.91225,18.58775,0.00675,0.019653479209712055,0.0,1.0
KXNBAPTS-26APR03BOSMIL-BOSNQUETA88-10,2026-04-03,pts,9.5,7.20525,2.2947499999999996,0.2665,0.24875122401722938,1.0,1.0
KXNBAPTS-26APR03BOSMIL-BOSNQUETA88-15,2026-04-03,pts,14.5,7.20525,7.29475,0.06,0.04972222979422403,1.0,1.0
KXNBAPTS-26APR03BOSMIL-BOSNQUETA88-20,2026-04-03,pts,19.5,7.20525,12.29475,0.00925,0.00718519345752433,0.0,1.0
KXNBAPTS-26APR03BOSMIL-BOSNQUETA88-25,2026-04-03,pts,24.5,7.20525,17.29475,0.001,0.0008398454622851048,0.0,1.0
KXNBAPTS-26APR03BOSMIL-BOSPPRITCHARD11-10,2026-04-03,pts,9.5,12.26575,-2.7657500000000006,0.645,0.6368110520205699,1.0,1.0
KXNBAPTS-26APR03BOSMIL-BOSPPRITCHARD11-15,2026-04-03,pts,14.5,12.26575,2.2342499999999994,0.32475,0.31266674468291555,1.0,1.0
KXNBAPTS-26APR03BOSMIL-BOSPPRITCHARD11-20,2026-04-03,pts,19.5,12.26575,7.234249999999999,0.1195,0.1197456726472923,0.0,1.0
KXNBAPTS-26APR03BOSMIL-BOSPPRITCHARD11-25,2026-04-03,pts,24.5,12.26575,12.23425,0.0305,0.03837292842555373,0.0,1.0
KXNBAPTS-26APR03BOSMIL-BOSSHAUSER30-10,2026-04-03,pts,9.5,7.3195,2.1805000000000003,0.29125,0.2586415613056071,1.0,1.0
KXNBAPTS-26APR03BOSMIL-BOSSHAUSER30-15,2026-04-03,pts,14.5,7.3195,7.1805,0.0795,0.05341770695124881,0.0,1.0
KXNBAPTS-26APR03BOSMIL-BOSSHAUSER30-20,2026-04-03,pts,19.5,7.3195,12.1805,0.01475,0.007989590202392538,0.0,1.0
KXNBAPTS-26APR03BOSMIL-MILKKUZMA18-10,2026-04-03,pts,9.5,7.25425,2.24575,0.281,0.25298800758717677,1.0,1.0
KXNBAPTS-26APR03BOSMIL-MILKKUZMA18-15,2026-04-03,pts,14.5,7.25425,7.24575,0.07375,0.05128888126518272,0.0,1.0
KXNBAPTS-26APR03BOSMIL-MILKKUZMA18-20,2026-04-03,pts,19.5,7.25425,12.245750000000001,0.018,0.007522644024152814,0.0,1.0
KXNBAPTS-26APR03BOSMIL-MILKKUZMA18-25,2026-04-03,pts,24.5,7.25425,17.24575,0.0025,0.000892746136144984,0.0,1.0
KXNBAPTS-26APR03BOSMIL-MILMTURNER3-10,2026-04-03,pts,9.5,6.0155,3.4844999999999997,0.1945,0.15060710838667735,0.0,1.0
KXNBAPTS-26APR03BOSMIL-MILMTURNER3-15,2026-04-03,pts,14.5,6.0155,8.4845,0.03575,0.020151120391394106,0.0,1.0
KXNBAPTS-26APR03BOSMIL-MILMTURNER3-20,2026-04-03,pts,19.5,6.0155,13.4845,0.00775,0.0019147434649038342,0.0,1.0
KXNBAREB-26APR03BOSMIL-BOSJBROWN7-10,2026-04-03,reb,9.5,4.81925,4.68075,0.039,0.05483708276129651,0.0,1.0
KXNBAREB-26APR03BOSMIL-BOSJBROWN7-12,2026-04-03,reb,11.5,4.81925,6.68075,0.0095,0.01700205798245047,0.0,1.0
KXNBAREB-26APR03BOSMIL-BOSJBROWN7-6,2026-04-03,reb,5.5,4.81925,0.6807499999999997,0.355,0.3556586977382118,0.0,1.0
KXNBAREB-26APR03BOSMIL-BOSJBROWN7-7,2026-04-03,reb,6.5,4.81925,1.6807499999999997,0.21675,0.23938643812575167,0.0,1.0
KXNBAREB-26APR03BOSMIL-BOSJBROWN7-8,2026-04-03,reb,7.5,4.81925,2.6807499999999997,0.12675,0.1530457119953309,0.0,1.0
KXNBAREB-26APR03BOSMIL-BOSJTATUM0-10,2026-04-03,reb,9.5,5.5925,3.9074999999999998,0.06925,0.10054076421565683,1.0,1.0
KXNBAREB-26APR03BOSMIL-BOSJTATUM0-12,2026-04-03,reb,11.5,5.5925,5.9075,0.0175,0.037423281000459774,0.0,1.0
KXNBAREB-26APR03BOSMIL-BOSJTATUM0-6,2026-04-03,reb,5.5,5.5925,-0.09250000000000025,0.47975,0.46443961802929534,1.0,1.0
KXNBAREB-26APR03BOSMIL-BOSJTATUM0-8,2026-04-03,reb,7.5,5.5925,1.9074999999999998,0.214,0.23535369359271685,1.0,1.0
KXNBAREB-26APR03BOSMIL-BOSJTATUM0-9,2026-04-03,reb,8.5,5.5925,2.9074999999999998,0.12575,0.15679561629930772,1.0,1.0
KXNBAREB-26APR03BOSMIL-BOSNQUETA88-10,2026-04-03,reb,9.5,5.65925,3.84075,0.08025,0.10515575908289065,1.0,1.0
KXNBAREB-26APR03BOSMIL-BOSNQUETA88-12,2026-04-03,reb,11.5,5.65925,5.84075,0.02175,0.03969350944029393,0.0,1.0
KXNBAREB-26APR03BOSMIL-BOSNQUETA88-6,2026-04-03,reb,5.5,5.65925,-0.1592500000000001,0.483,0.47341587538854435,1.0,1.0
KXNBAREB-26APR03BOSMIL-BOSNQUETA88-8,2026-04-03,reb,7.5,5.65925,1.8407499999999999,0.2225,0.2428788828668329,1.0,1.0
KXNBAREB-26APR03BOSMIL-BOSNQUETA88-9,2026-04-03,reb,8.5,5.65925,2.84075,0.141,0.1628812687077157,1.0,1.0
KXNBAREB-26APR03BOSMIL-BOSPPRITCHARD11-10,2026-04-03,reb,9.5,2.80375,6.69625,0.00125,0.0031705796108658646,0.0,1.0
KXNBAREB-26APR03BOSMIL-BOSPPRITCHARD11-2,2026-04-03,reb,1.5,2.80375,-1.30375,0.75075,0.7313140273980793,1.0,1.0
KXNBAREB-26APR03BOSMIL-BOSPPRITCHARD11-4,2026-04-03,reb,3.5,2.80375,0.69625,0.30875,0.3127240199651642,0.0,1.0
KXNBAREB-26APR03BOSMIL-BOSPPRITCHARD11-6,2026-04-03,reb,5.5,2.80375,2.69625,0.079,0.08838009595138074,0.0,1.0
KXNBAREB-26APR03BOSMIL-BOSPPRITCHARD11-8,2026-04-03,reb,7.5,2.80375,4.69625,0.01125,0.018625526442525686,0.0,1.0
KXNBAREB-26APR03BOSMIL-MILKKUZMA18-10,2026-04-03,reb,9.5,2.63475,6.86525,0.0015,0.0021542380599905986,0.0,1.0
KXNBAREB-26APR03BOSMIL-MILKKUZMA18-2,2026-04-03,reb,1.5,2.63475,-1.13475,0.7175,0.7030696418955227,1.0,1.0
KXNBAREB-26APR03BOSMIL-MILKKUZMA18-4,2026-04-03,reb,3.5,2.63475,0.8652500000000001,0.27475,0.2791627715282672,1.0,1.0
KXNBAREB-26APR03BOSMIL-MILKKUZMA18-6,2026-04-03,reb,5.5,2.63475,2.86525,0.0625,0.07233382721987758,1.0,1.0
KXNBAREB-26APR03BOSMIL-MILKKUZMA18-8,2026-04-03,reb,7.5,2.63475,4.86525,0.01,0.013905748883166535,0.0,1.0
KXNBAREB-26APR03BOSMIL-MILMTURNER3-2,2026-04-03,reb,1.5,2.945,-1.4449999999999998,0.78,0.7528841492105506,0.0,1.0
KXNBAREB-26APR03BOSMIL-MILMTURNER3-4,2026-04-03,reb,3.5,2.945,0.5550000000000002,0.34325,0.34069336805836326,0.0,1.0
KXNBAREB-26APR03BOSMIL-MILMTURNER3-5,2026-04-03,reb,4.5,2.945,1.5550000000000002,0.1875,0.19540761994693034,0.0,1.0
KXNBAREB-26APR03BOSMIL-MILMTURNER3-6,2026-04-03,reb,5.5,2.945,2.555,0.08425,0.10296844793399629,0.0,1.0
KXNBAREB-26APR03BOSMIL-MILMTURNER3-8,2026-04-03,reb,7.5,2.945,4.555,0.01325,0.02330509789008317,0.0,1.0
KXNBAAST-26APR03BOSMIL-BOSDWHITE9-2,2026-04-03,ast,1.5,3.6185,-2.1185,0.87275,0.8361323507608962,1.0,1.0
KXNBAAST-26APR03BOSMIL-BOSDWHITE9-4,2026-04-03,ast,3.5,3.6185,-0.11850000000000005,0.49175,0.46956113411604383,1.0,1.0
KXNBAAST-26APR03BOSMIL-BOSDWHITE9-5,2026-04-03,ast,4.5,3.6185,0.8815,0.29125,0.30550240003789564,1.0,1.0
KXNBAAST-26APR03BOSMIL-BOSDWHITE9-6,2026-04-03,ast,5.5,3.6185,1.8815,0.163,0.18362128588406734,0.0,1.0
KXNBAAST-26APR03BOSMIL-BOSDWHITE9-8,2026-04-03,ast,7.5,3.6185,3.8815,0.034,0.05449985255630818,0.0,1.0
KXNBAAST-26APR03BOSMIL-BOSJBROWN7-10,2026-04-03,ast,9.5,3.98175,5.51825,0.00975,0.02166561755237839,0.0,1.0
KXNBAAST-26APR03BOSMIL-BOSJBROWN7-2,2026-04-03,ast,1.5,3.98175,-2.48175,0.894,0.8680047266817223,1.0,1.0
KXNBAAST-26APR03BOSMIL-BOSJBROWN7-4,2026-04-03,ast,3.5,3.98175,-0.4817499999999999,0.56875,0.5329289576754452,1.0,1.0
KXNBAAST-26APR03BOSMIL-BOSJBROWN7-6,2026-04-03,ast,5.5,3.98175,1.51825,0.221,0.23378662619605728,0.0,1.0
KXNBAAST-26APR03BOSMIL-BOSJBROWN7-8,2026-04-03,ast,7.5,3.98175,3.51825,0.049,0.07874160271680486,0.0,1.0
KXNBAAST-26APR03BOSMIL-BOSJTATUM0-2,2026-04-03,ast,1.5,3.86725,-2.36725,0.8965,0.8587133355082524,1.0,1.0
KXNBAAST-26APR03BOSMIL-BOSJTATUM0-4,2026-04-03,ast,3.5,3.86725,-0.36724999999999985,0.5355,0.5135157429371688,1.0,1.0
KXNBAAST-26APR03BOSMIL-BOSJTATUM0-5,2026-04-03,ast,4.5,3.86725,0.6327500000000001,0.35,0.3473489183924844,1.0,1.0
KXNBAAST-26APR03BOSMIL-BOSJTATUM0-6,2026-04-03,ast,5.5,3.86725,1.6327500000000001,0.19825,0.21766020218445814,1.0,1.0
KXNBAAST-26APR03BOSMIL-BOSJTATUM0-8,2026-04-03,ast,7.5,3.86725,3.63275,0.049,0.07057675061384472,1.0,1.0
KXNBAAST-26APR03BOSMIL-BOSPPRITCHARD11-2,2026-04-03,ast,1.5,3.5075,-2.0075,0.8545,0.8248930156892104,1.0,1.0
KXNBAAST-26APR03BOSMIL-BOSPPRITCHARD11-4,2026-04-03,ast,3.5,3.5075,-0.00749999999999984,0.468,0.4492151892674422,1.0,1.0
KXNBAAST-26APR03BOSMIL-BOSPPRITCHARD11-5,2026-04-03,ast,4.5,3.5075,0.9925000000000002,0.28275,0.28682706758504994,1.0,1.0
KXNBAAST-26APR03BOSMIL-BOSPPRITCHARD11-6,2026-04-03,ast,5.5,3.5075,1.9925000000000002,0.15225,0.16897754153919964,1.0,1.0
KXNBAAST-26APR03BOSMIL-BOSPPRITCHARD11-8,2026-04-03,ast,7.5,3.5075,3.9925,0.031,0.048075798779437906,0.0,1.0
KXNBAAST-26APR03BOSMIL-MILMTURNER3-10,2026-04-03,ast,9.5,0.7665,8.7335,0.0,1.4501399425714823e-07,0.0,1.0
KXNBAAST-26APR03BOSMIL-MILMTURNER3-2,2026-04-03,ast,1.5,0.7665,0.7335,0.1795,0.18185073507193117,0.0,1.0
KXNBAAST-26APR03BOSMIL-MILMTURNER3-4,2026-04-03,ast,3.5,0.7665,2.7335000000000003,0.00675,0.010681102353985894,0.0,1.0
KXNBAAST-26APR03BOSMIL-MILMTURNER3-6,2026-04-03,ast,5.5,0.7665,4.7335,0.00025,0.00035139389276062083,0.0,1.0
KXNBAAST-26APR03BOSMIL-MILMTURNER3-8,2026-04-03,ast,7.5,0.7665,6.7335,0.0,8.074623970122374e-06,0.0,1.0
KXNBA3PT-26APR03BOSMIL-BOSDWHITE9-1,2026-04-03,fg3m,0.5,1.655,-1.155,0.80625,0.7764070401389187,1.0,1.0
KXNBA3PT-26APR03BOSMIL-BOSDWHITE9-2,2026-04-03,fg3m,1.5,1.655,-0.15500000000000003,0.488,0.47229393362629835,1.0,1.0
KXNBA3PT-26APR03BOSMIL-BOSDWHITE9-3,2026-04-03,fg3m,2.5,1.655,0.845,0.23975,0.23838610396753812,1.0,1.0
KXNBA3PT-26APR03BOSMIL-BOSDWHITE9-4,2026-04-03,fg3m,3.5,1.655,1.845,0.08425,0.10455413360154342,1.0,1.0
KXNBA3PT-26APR03BOSMIL-BOSDWHITE9-5,2026-04-03,fg3m,4.5,1.655,2.8449999999999998,0.0265,0.041163074236789,1.0,1.0
KXNBA3PT-26APR03BOSMIL-BOSJBROWN7-1,2026-04-03,fg3m,0.5,1.329,-0.829,0.72625,0.70630069769495,1.0,1.0
KXNBA3PT-26APR03BOSMIL-BOSJBROWN7-2,2026-04-03,fg3m,1.5,1.329,0.17100000000000004,0.38575,0.3738531163892749,1.0,1.0
KXNBA3PT-26APR03BOSMIL-BOSJBROWN7-3,2026-04-03,fg3m,2.5,1.329,1.171,0.15175,0.16105094765691996,0.0,1.0
KXNBA3PT-26APR03BOSMIL-BOSJBROWN7-4,2026-04-03,fg3m,3.5,1.329,2.1710000000000003,0.049,0.0597217946089037,0.0,1.0
KXNBA3PT-26APR03BOSMIL-BOSJBROWN7-5,2026-04-03,fg3m,4.5,1.329,3.1710000000000003,0.01325,0.01977832368985566,0.0,1.0
KXNBA3PT-26APR03BOSMIL-BOSJTATUM0-2,2026-04-03,fg3m,1.5,2.075,-0.5750000000000002,0.61725,0.5801924493253348,1.0,1.0
KXNBA3PT-26APR03BOSMIL-BOSJTATUM0-3,2026-04-03,fg3m,2.5,2.075,0.4249999999999998,0.34475,0.3400556626524216,1.0,1.0
KXNBA3PT-26APR03BOSMIL-BOSJTATUM0-4,2026-04-03,fg3m,3.5,2.075,1.4249999999999998,0.15725,0.17524415257280535,1.0,1.0
KXNBA3PT-26APR03BOSMIL-BOSJTATUM0-5,2026-04-03,fg3m,4.5,2.075,2.425,0.058,0.08160242717871025,0.0,1.0
KXNBA3PT-26APR03BOSMIL-BOSJTATUM0-6,2026-04-03,fg3m,5.5,2.075,3.425,0.02025,0.03503576459325286,0.0,1.0
KXNBA3PT-26APR03BOSMIL-BOSPPRITCHARD11-2,2026-04-03,fg3m,1.5,2.00125,-0.5012500000000002,0.5835,0.5627993067816247,1.0,1.0
KXNBA3PT-26APR03BOSMIL-BOSPPRITCHARD11-3,2026-04-03,fg3m,2.5,2.00125,0.4987499999999998,0.32775,0.3224027189144154,0.0,1.0
KXNBA3PT-26APR03BOSMIL-BOSPPRITCHARD11-4,2026-04-03,fg3m,3.5,2.00125,1.4987499999999998,0.1445,0.16205896705860534,0.0,1.0
KXNBA3PT-26APR03BOSMIL-BOSPPRITCHARD11-5,2026-04-03,fg3m,4.5,2.00125,2.49875,0.057,0.07352115030776663,0.0,1.0
KXNBA3PT-26APR03BOSMIL-BOSPPRITCHARD11-6,2026-04-03,fg3m,5.5,2.00125,3.49875,0.022,0.030732418655876392,0.0,1.0
KXNBAPTS-26APR03CHINYK-CHIIOKORO35-10,2026-04-03,pts,9.5,6.80825,2.69175,0.25125,0.21481105067877326,0.0,1.0
KXNBAPTS-26APR03CHINYK-CHIIOKORO35-15,2026-04-03,pts,14.5,6.80825,7.69175,0.06175,0.038049656275278454,0.0,1.0
KXNBAPTS-26APR03CHINYK-CHIIOKORO35-20,2026-04-03,pts,19.5,6.80825,12.691749999999999,0.01,0.004843382746180569,0.0,1.0
KXNBAPTS-26APR03CHINYK-CHIIOKORO35-25,2026-04-03,pts,24.5,6.80825,17.69175,0.0015,0.0004974101395943675,0.0,1.0
KXNBAPTS-26APR03CHINYK-CHIMBUZELIS14-15,2026-04-03,pts,14.5,11.398,3.1020000000000003,0.27975,0.2595513885476276,0.0,1.0
KXNBAPTS-26APR03CHINYK-CHIMBUZELIS14-20,2026-04-03,pts,19.5,11.398,8.102,0.09675,0.08893251655723222,0.0,1.0
KXNBAPTS-26APR03CHINYK-CHIMBUZELIS14-25,2026-04-03,pts,24.5,11.398,13.102,0.02425,0.025346296122946366,0.0,1.0
KXNBAPTS-26APR03CHINYK-CHIMBUZELIS14-30,2026-04-03,pts,29.5,11.398,18.102,0.00425,0.006318589866442514,0.0,1.0
KXNBAPTS-26APR03CHINYK-NYKJBRUNSON11-20,2026-04-03,pts,19.5,16.99275,2.507249999999999,0.33525,0.33112400008544274,0.0,1.0
KXNBAPTS-26APR03CHINYK-NYKJBRUNSON11-25,2026-04-03,pts,24.5,16.99275,7.507249999999999,0.1445,0.1646734050515246,0.0,1.0
KXNBAPTS-26APR03CHINYK-NYKJBRUNSON11-30,2026-04-03,pts,29.5,16.99275,12.507249999999999,0.046,0.07309991776658908,0.0,1.0
KXNBAPTS-26APR03CHINYK-NYKJBRUNSON11-35,2026-04-03,pts,34.5,16.99275,17.50725,0.012,0.02968636182350437,0.0,1.0
KXNBAPTS-26APR03CHINYK-NYKJHART3-10,2026-04-03,pts,9.5,8.91025,0.5897500000000004,0.41125,0.3961209011126732,0.0,1.0
KXNBAPTS-26APR03CHINYK-NYKJHART3-15,2026-04-03,pts,14.5,8.91025,5.58975,0.133,0.11931515661286174,0.0,1.0
KXNBAPTS-26APR03CHINYK-NYKJHART3-20,2026-04-03,pts,19.5,8.91025,10.58975,0.03225,0.026662620786581104,0.0,1.0
KXNBAPTS-26APR03CHINYK-NYKJHART3-25,2026-04-03,pts,24.5,8.91025,15.58975,0.00575,0.004873445974202362,0.0,1.0
KXNBAPTS-26APR03CHINYK-NYKMBRIDGES25-10,2026-04-03,pts,9.5,9.541,-0.04100000000000037,0.4575,0.44795009750920234,1.0,1.0
KXNBAPTS-26APR03CHINYK-NYKMBRIDGES25-15,2026-04-03,pts,14.5,9.541,4.959,0.166,0.1517541141514539,0.0,1.0
KXNBAPTS-26APR03CHINYK-NYKMBRIDGES25-20,2026-04-03,pts,19.5,9.541,9.959,0.044,0.038507646899636594,0.0,1.0
KXNBAPTS-26APR03CHINYK-NYKMBRIDGES25-25,2026-04-03,pts,24.5,9.541,14.959,0.00825,0.008026206401049119,0.0,1.0
KXNBAPTS-26APR03CHINYK-NYKMROBINSON23-10,2026-04-03,pts,9.5,4.61,4.89,0.09675,0.059452981106193126,1.0,1.0
KXNBAPTS-26APR03CHINYK-NYKMROBINSON23-15,2026-04-03,pts,14.5,4.61,9.89,0.01225,0.004038037147643503,1.0,1.0
KXNBAPTS-26APR03CHINYK-NYKMROBINSON23-20,2026-04-03,pts,19.5,4.61,14.89,0.0,0.00019081243821328364,0.0,1.0
KXNBAPTS-26APR03CHINYK-NYKOANUNOBY8-10,2026-04-03,pts,9.5,12.22025,-2.72025,0.64625,0.634168537221359,1.0,1.0
KXNBAPTS-26APR03CHINYK-NYKOANUNOBY8-15,2026-04-03,pts,14.5,12.22025,2.27975,0.3125,0.3098777659695605,1.0,1.0
KXNBAPTS-26APR03CHINYK-NYKOANUNOBY8-20,2026-04-03,pts,19.5,12.22025,7.27975,0.1105,0.11803105546709869,1.0,1.0
KXNBAPTS-26APR03CHINYK-NYKOANUNOBY8-25,2026-04-03,pts,24.5,12.22025,12.27975,0.03325,0.03760575251908371,1.0,1.0
KXNBAREB-26APR03CHINYK-CHIMBUZELIS14-10,2026-04-03,reb,9.5,3.918,5.582,0.012,0.020699886421396974,0.0,1.0
KXNBAREB-26APR03CHINYK-CHIMBUZELIS14-12,2026-04-03,reb,11.5,3.918,7.582,0.002,0.004878070324821904,0.0,1.0
KXNBAREB-26APR03CHINYK-CHIMBUZELIS14-6,2026-04-03,reb,5.5,3.918,1.5819999999999999,0.2145,0.22566602842838057,1.0,1.0
KXNBAREB-26APR03CHINYK-CHIMBUZELIS14-7,2026-04-03,reb,6.5,3.918,2.582,0.1185,0.13418106425496856,0.0,1.0
KXNBAREB-26APR03CHINYK-CHIMBUZELIS14-8,2026-04-03,reb,7.5,3.918,3.582,0.06275,0.07542647171863259,0.0,1.0
KXNBAREB-26APR03CHINYK-NYKJBRUNSON11-10,2026-04-03,reb,9.5,2.7595,6.7405,0.00225,0.0028751068904291355,0.0,1.0
KXNBAREB-26APR03CHINYK-NYKJBRUNSON11-2,2026-04-03,reb,1.5,2.7595,-1.2595,0.748,0.7241828948008311,0.0,1.0
KXNBAREB-26APR03CHINYK-NYKJBRUNSON11-4,2026-04-03,reb,3.5,2.7595,0.7404999999999999,0.302,0.3039365087670918,0.0,1.0
KXNBAREB-26APR03CHINYK-NYKJBRUNSON11-6,2026-04-03,reb,5.5,2.7595,2.7405,0.06975,0.08402620853626763,0.0,1.0
KXNBAREB-26APR03CHINYK-NYKJBRUNSON11-8,2026-04-03,reb,7.5,2.7595,4.7405,0.01125,0.017299432206908993,0.0,1.0
KXNBAREB-26APR03CHINYK-NYKJHART3-10,2026-04-03,reb,9.5,5.77775,3.72225,0.085,0.11359020174401391,1.0,1.0
KXNBAREB-26APR03CHINYK-NYKJHART3-12,2026-04-03,reb,11.5,5.77775,5.72225,0.0275,0.0439308515771738,0.0,1.0
KXNBAREB-26APR03CHINYK-NYKJHART3-4,2026-04-03,reb,3.5,5.77775,-2.27775,0.80225,0.7621986633168287,1.0,1.0
KXNBAREB-26APR03CHINYK-NYKJHART3-6,2026-04-03,reb,5.5,5.77775,-0.27775000000000016,0.51475,0.48914679224255597,1.0,1.0
KXNBAREB-26APR03CHINYK-NYKJHART3-8,2026-04-03,reb,7.5,5.77775,1.7222499999999998,0.235,0.25634619266379266,1.0,1.0
KXNBAREB-26APR03CHINYK-NYKMBRIDGES25-10,2026-04-03,reb,9.5,2.7065,6.7935,0.0015,0.002549344023723421,0.0,1.0
KXNBAREB-26APR03CHINYK-NYKMBRIDGES25-2,2026-04-03,reb,1.5,2.7065,-1.2065000000000001,0.734,0.7153977319135081,1.0,1.0
KXNBAREB-26APR03CHINYK-NYKMBRIDGES25-4,2026-04-03,reb,3.5,2.7065,0.7934999999999999,0.2855,0.2934074743064009,0.0,1.0
KXNBAREB-26APR03CHINYK-NYKMBRIDGES25-6,2026-04-03,reb,5.5,2.7065,2.7935,0.067,0.07895230216794014,0.0,1.0
KXNBAREB-26APR03CHINYK-NYKMBRIDGES25-8,2026-04-03,reb,7.5,2.7065,4.7935,0.0115,0.015796312784632227,0.0,1.0
KXNBAREB-26APR03CHINYK-NYKMROBINSON23-10,2026-04-03,reb,9.5,6.2315,3.2685000000000004,0.1385,0.14853098985873436,1.0,1.0
KXNBAREB-26APR03CHINYK-NYKMROBINSON23-12,2026-04-03,reb,11.5,6.2315,5.2685,0.04975,0.06262274563637815,0.0,1.0
KXNBAREB-26APR03CHINYK-NYKMROBINSON23-14,2026-04-03,reb,13.5,6.2315,7.2685,0.01775,0.02369527748206335,0.0,1.0
KXNBAREB-26APR03CHINYK-NYKMROBINSON23-6,2026-04-03,reb,5.5,6.2315,-0.7314999999999996,0.56075,0.5467396431863697,1.0,1.0
KXNBAREB-26APR03CHINYK-NYKMROBINSON23-8,2026-04-03,reb,7.5,6.2315,1.2685000000000004,0.306,0.3087756346315531,1.0,1.0
KXNBAREB-26APR03CHINYK-NYKOANUNOBY8-2,2026-04-03,reb,1.5,3.8935,-2.3935,0.89,0.8589078215309004,1.0,1.0
KXNBAREB-26APR03CHINYK-NYKOANUNOBY8-4,2026-04-03,reb,3.5,3.8935,-0.39349999999999996,0.533,0.5167606821867466,1.0,1.0
KXNBAREB-26APR03CHINYK-NYKOANUNOBY8-5,2026-04-03,reb,4.5,3.8935,0.6065,0.351,0.3517240025521885,1.0,1.0
KXNBAREB-26APR03CHINYK-NYKOANUNOBY8-6,2026-04-03,reb,5.5,3.8935,1.6065,0.206,0.22223908228105294,1.0,1.0
KXNBAREB-26APR03CHINYK-NYKOANUNOBY8-8,2026-04-03,reb,7.5,3.8935,3.6065,0.05425,0.0736835400513085,1.0,1.0
KXNBAAST-26APR03CHINYK-CHIMBUZELIS14-10,2026-04-03,ast,9.5,1.28875,8.21125,0.0,1.141188167352869e-05,0.0,1.0
KXNBAAST-26APR03CHINYK-CHIMBUZELIS14-2,2026-04-03,ast,1.5,1.28875,0.21124999999999994,0.37625,0.3632223269107778,0.0,1.0
KXNBAAST-26APR03CHINYK-CHIMBUZELIS14-4,2026-04-03,ast,3.5,1.28875,2.2112499999999997,0.04425,0.05144898123283537,0.0,1.0
KXNBAAST-26APR03CHINYK-CHIMBUZELIS14-6,2026-04-03,ast,5.5,1.28875,4.21125,0.0025,0.004246770798617683,0.0,1.0
KXNBAAST-26APR03CHINYK-CHIMBUZELIS14-8,2026-04-03,ast,7.5,1.28875,6.21125,0.0,0.0002482390423056424,0.0,1.0
KXNBAAST-26APR03CHINYK-NYKJBRUNSON11-10,2026-04-03,ast,9.5,4.98775,4.51225,0.03975,0.06206967804914387,1.0,1.0
KXNBAAST-26APR03CHINYK-NYKJBRUNSON11-12,2026-04-03,ast,11.5,4.98775,6.51225,0.01,0.01970699039485002,0.0,1.0
KXNBAAST-26APR03CHINYK-NYKJBRUNSON11-4,2026-04-03,ast,3.5,4.98775,-1.4877500000000001,0.71975,0.6794153542471313,1.0,1.0
KXNBAAST-26APR03CHINYK-NYKJBRUNSON11-6,2026-04-03,ast,5.5,4.98775,0.5122499999999999,0.37925,0.3801293073635309,1.0,1.0
KXNBAAST-26APR03CHINYK-NYKJBRUNSON11-8,2026-04-03,ast,7.5,4.98775,2.51225,0.13975,0.16858368404329793,1.0,1.0
KXNBAAST-26APR03CHINYK-NYKJHART3-2,2026-04-03,ast,1.5,3.49625,-1.9962499999999999,0.8545,0.8237108590796111,1.0,1.0
KXNBAAST-26APR03CHINYK-NYKJHART3-4,2026-04-03,ast,3.5,3.49625,0.003750000000000142,0.465,0.44712971216137665,1.0,1.0
KXNBAAST-26APR03CHINYK-NYKJHART3-5,2026-04-03,ast,4.5,3.49625,1.0037500000000001,0.27475,0.2849374971733254,0.0,1.0
KXNBAAST-26APR03CHINYK-NYKJHART3-6,2026-04-03,ast,5.5,3.49625,2.00375,0.15,0.16751504635097458,0.0,1.0
KXNBAAST-26APR03CHINYK-NYKJHART3-8,2026-04-03,ast,7.5,3.49625,4.00375,0.03225,0.047450787563232066,0.0,1.0
KXNBA3PT-26APR03CHINYK-NYKJBRUNSON11-1,2026-04-03,fg3m,0.5,1.671,-1.171,0.80975,0.7793253648600857,1.0,1.0
KXNBA3PT-26APR03CHINYK-NYKJBRUNSON11-2,2026-04-03,fg3m,1.5,1.671,-0.17100000000000004,0.49825,0.4768009471109851,0.0,1.0
KXNBA3PT-26APR03CHINYK-NYKJBRUNSON11-3,2026-04-03,fg3m,2.5,1.671,0.829,0.234,0.24226951279907505,0.0,1.0
KXNBA3PT-26APR03CHINYK-NYKJBRUNSON11-4,2026-04-03,fg3m,3.5,1.671,1.829,0.087,0.10701642887625595,0.0,1.0
KXNBA3PT-26APR03CHINYK-NYKJBRUNSON11-5,2026-04-03,fg3m,4.5,1.671,2.8289999999999997,0.02925,0.042444119639000966,0.0,1.0
KXNBA3PT-26APR03CHINYK-NYKJHART3-1,2026-04-03,fg3m,0.5,1.06475,-0.5647500000000001,0.6445,0.6309222804092836,0.0,1.0
KXNBA3PT-26APR03CHINYK-NYKJHART3-2,2026-04-03,fg3m,1.5,1.06475,0.4352499999999999,0.28925,0.2860502984769495,0.0,1.0
KXNBA3PT-26APR03CHINYK-NYKJHART3-3,2026-04-03,fg3m,2.5,1.06475,1.43525,0.0975,0.10381579558568732,0.0,1.0
KXNBA3PT-26APR03CHINYK-NYKJHART3-4,2026-04-03,fg3m,3.5,1.06475,2.43525,0.028,0.032183512901956535,0.0,1.0
KXNBA3PT-26APR03CHINYK-NYKJHART3-5,2026-04-03,fg3m,4.5,1.06475,3.43525,0.005,0.008873634913161399,0.0,1.0
KXNBA3PT-26APR03CHINYK-NYKMBRIDGES25-1,2026-04-03,fg3m,0.5,1.20825,-0.70825,0.68825,0.6742597235788249,0.0,1.0
KXNBA3PT-26APR03CHINYK-NYKMBRIDGES25-2,2026-04-03,fg3m,1.5,1.20825,0.29174999999999995,0.337,0.3344667252182074,0.0,1.0
KXNBA3PT-26APR03CHINYK-NYKMBRIDGES25-3,2026-04-03,fg3m,2.5,1.20825,1.29175,0.127,0.1340241378340682,0.0,1.0
KXNBA3PT-26APR03CHINYK-NYKMBRIDGES25-4,2026-04-03,fg3m,3.5,1.20825,2.29175,0.0405,0.04606700472015768,0.0,1.0
KXNBA3PT-26APR03CHINYK-NYKMBRIDGES25-5,2026-04-03,fg3m,4.5,1.20825,3.29175,0.0125,0.014114481751041352,0.0,1.0
KXNBA3PT-26APR03CHINYK-NYKOANUNOBY8-1,2026-04-03,fg3m,0.5,1.75825,-1.25825,0.8285,0.7945008228996717,1.0,1.0
KXNBA3PT-26APR03CHINYK-NYKOANUNOBY8-2,2026-04-03,fg3m,1.5,1.75825,-0.2582500000000001,0.52175,0.5008245670337982,1.0,1.0
KXNBA3PT-26APR03CHINYK-NYKOANUNOBY8-3,2026-04-03,fg3m,2.5,1.75825,0.7417499999999999,0.25275,0.2634904399517304,1.0,1.0
KXNBA3PT-26APR03CHINYK-NYKOANUNOBY8-4,2026-04-03,fg3m,3.5,1.75825,1.74175,0.1055,0.12081243136884567,1.0,1.0
KXNBA3PT-26APR03CHINYK-NYKOANUNOBY8-5,2026-04-03,fg3m,4.5,1.75825,2.7417499999999997,0.03275,0.04980449168127288,1.0,1.0
KXNBAPTS-26APR03MINPHI-MINDDIVINCENZO0-10,2026-04-03,pts,9.5,8.426,1.0739999999999998,0.3645,0.35489537114738823,1.0,1.0
KXNBAPTS-26APR03MINPHI-MINDDIVINCENZO0-15,2026-04-03,pts,14.5,8.426,6.074,0.1205,0.0966009457002851,0.0,1.0
KXNBAPTS-26APR03MINPHI-MINDDIVINCENZO0-20,2026-04-03,pts,19.5,8.426,11.074,0.028,0.019364460732180344,0.0,1.0
KXNBAPTS-26APR03MINPHI-MINDDIVINCENZO0-25,2026-04-03,pts,24.5,8.426,16.073999999999998,0.00375,0.0031649117402456906,0.0,1.0
KXNBAPTS-26APR03MINPHI-MINJRANDLE30-15,2026-04-03,pts,14.5,13.4605,1.0395000000000003,0.3935,0.3851107136247669,1.0,1.0
KXNBAPTS-26APR03MINPHI-MINJRANDLE30-20,2026-04-03,pts,19.5,13.4605,6.0395,0.15975,0.1680608110542492,1.0,1.0
KXNBAPTS-26APR03MINPHI-MINJRANDLE30-25,2026-04-03,pts,24.5,13.4605,11.0395,0.0495,0.061868964843452945,0.0,1.0
KXNBAPTS-26APR03MINPHI-MINJRANDLE30-30,2026-04-03,pts,29.5,13.4605,16.0395,0.0085,0.020069852616816708,0.0,1.0
KXNBAPTS-26APR03MINPHI-MINRGOBERT27-10,2026-04-03,pts,9.5,7.5125,1.9874999999999998,0.296,0.2754249246069691,0.0,1.0
KXNBAPTS-26APR03MINPHI-MINRGOBERT27-15,2026-04-03,pts,14.5,7.5125,6.9875,0.06625,0.05999719115766888,0.0,1.0
KXNBAPTS-26APR03MINPHI-MINRGOBERT27-20,2026-04-03,pts,19.5,7.5125,11.9875,0.00925,0.00949247170620826,0.0,1.0
KXNBAPTS-26APR03MINPHI-PHIKOUBRE9-10,2026-04-03,pts,9.5,9.133,0.3670000000000009,0.42625,0.41469875354163577,1.0,1.0
KXNBAPTS-26APR03MINPHI-PHIKOUBRE9-15,2026-04-03,pts,14.5,9.133,5.367000000000001,0.15975,0.13043162190272917,1.0,1.0
KXNBAPTS-26APR03MINPHI-PHIKOUBRE9-20,2026-04-03,pts,19.5,9.133,10.367,0.041,0.030538073113730246,1.0,1.0
KXNBAPTS-26APR03MINPHI-PHIKOUBRE9-25,2026-04-03,pts,24.5,9.133,15.367,0.009,0.005856945428357241,0.0,1.0
KXNBAPTS-26APR03MINPHI-PHIPGEORGE8-15,2026-04-03,pts,14.5,10.893,3.6069999999999993,0.241,0.22905041186762187,1.0,1.0
KXNBAPTS-26APR03MINPHI-PHIPGEORGE8-20,2026-04-03,pts,19.5,10.893,8.607,0.07425,0.07299960720022214,1.0,1.0
KXNBAPTS-26APR03MINPHI-PHIPGEORGE8-25,2026-04-03,pts,24.5,10.893,13.607,0.01425,0.019285656817810026,0.0,1.0
KXNBAPTS-26APR03MINPHI-PHIPGEORGE8-30,2026-04-03,pts,29.5,10.893,18.607,0.00225,0.004448619742095983,0.0,1.0
KXNBAPTS-26APR03MINPHI-PHITMAXEY0-25,2026-04-03,pts,24.5,16.2465,8.253499999999999,0.12075,0.13953040925433724,0.0,1.0
KXNBAPTS-26APR03MINPHI-PHITMAXEY0-30,2026-04-03,pts,29.5,16.2465,13.253499999999999,0.03725,0.05859075199975805,0.0,1.0
KXNBAPTS-26APR03MINPHI-PHITMAXEY0-35,2026-04-03,pts,34.5,16.2465,18.2535,0.009,0.02247157372923292,0.0,1.0
KXNBAPTS-26APR03MINPHI-PHITMAXEY0-40,2026-04-03,pts,39.5,16.2465,23.2535,0.00175,0.008020085988143966,0.0,1.0
KXNBAPTS-26APR03MINPHI-PHIVEDGECOMBE77-10,2026-04-03,pts,9.5,9.97475,-0.4747500000000002,0.48925,0.4820450178143042,0.0,1.0
KXNBAPTS-26APR03MINPHI-PHIVEDGECOMBE77-15,2026-04-03,pts,14.5,9.97475,4.52525,0.19075,0.17560095931819752,0.0,1.0
KXNBAPTS-26APR03MINPHI-PHIVEDGECOMBE77-20,2026-04-03,pts,19.5,9.97475,9.52525,0.05075,0.04822919306853324,0.0,1.0
KXNBAPTS-26APR03MINPHI-PHIVEDGECOMBE77-25,2026-04-03,pts,24.5,9.97475,14.52525,0.00675,0.010912324842203391,0.0,1.0
KXNBAREB-26APR03MINPHI-MINDDIVINCENZO0-2,2026-04-03,reb,1.5,3.11375,-1.61375,0.812,0.7764089710026538,0.0,1.0
KXNBAREB-26APR03MINPHI-MINDDIVINCENZO0-4,2026-04-03,reb,3.5,3.11375,0.38625,0.377,0.3737808998140404,0.0,1.0
KXNBAREB-26APR03MINPHI-MINDDIVINCENZO0-5,2026-04-03,reb,4.5,3.11375,1.38625,0.21175,0.22230163945973214,0.0,1.0
KXNBAREB-26APR03MINPHI-MINDDIVINCENZO0-6,2026-04-03,reb,5.5,3.11375,2.38625,0.10325,0.12169038788485742,0.0,1.0
KXNBAREB-26APR03MINPHI-MINDDIVINCENZO0-8,2026-04-03,reb,7.5,3.11375,4.38625,0.016,0.02982089446028069,0.0,1.0
KXNBAREB-26APR03MINPHI-MINJRANDLE30-10,2026-04-03,reb,9.5,4.86325,4.63675,0.0355,0.057035709064259255,0.0,1.0
KXNBAREB-26APR03MINPHI-MINJRANDLE30-12,2026-04-03,reb,11.5,4.86325,6.63675,0.0075,0.017888681014495145,0.0,1.0
KXNBAREB-26APR03MINPHI-MINJRANDLE30-6,2026-04-03,reb,5.5,4.86325,0.6367500000000001,0.3635,0.3620220810803283,1.0,1.0
KXNBAREB-26APR03MINPHI-MINJRANDLE30-7,2026-04-03,reb,6.5,4.86325,1.6367500000000001,0.22925,0.24491632080192338,1.0,1.0
KXNBAREB-26APR03MINPHI-MINJRANDLE30-8,2026-04-03,reb,7.5,4.86325,2.63675,0.1305,0.1574189730787381,0.0,1.0
KXNBAREB-26APR03MINPHI-MINRGOBERT27-10,2026-04-03,reb,9.5,8.11825,1.3817500000000003,0.313,0.3225209023688598,1.0,1.0
KXNBAREB-26APR03MINPHI-MINRGOBERT27-12,2026-04-03,reb,11.5,8.11825,3.3817500000000003,0.1425,0.17855625939086872,1.0,1.0
KXNBAREB-26APR03MINPHI-MINRGOBERT27-14,2026-04-03,reb,13.5,8.11825,5.38175,0.05275,0.08971231990704165,1.0,1.0
KXNBAREB-26APR03MINPHI-MINRGOBERT27-16,2026-04-03,reb,15.5,8.11825,7.38175,0.0195,0.04151178892097507,1.0,1.0
KXNBAREB-26APR03MINPHI-MINRGOBERT27-8,2026-04-03,reb,7.5,8.11825,-0.6182499999999997,0.555,0.5198831857964525,1.0,1.0
KXNBAREB-26APR03MINPHI-PHIKOUBRE9-2,2026-04-03,reb,1.5,3.552,-2.052,0.8305,0.8274949033011151,1.0,1.0
KXNBAREB-26APR03MINPHI-PHIKOUBRE9-4,2026-04-03,reb,3.5,3.552,-0.052000000000000046,0.46575,0.4566117225475529,1.0,1.0
KXNBAREB-26APR03MINPHI-PHIKOUBRE9-5,2026-04-03,reb,4.5,3.552,0.948,0.289,0.2946608601795966,1.0,1.0
KXNBAREB-26APR03MINPHI-PHIKOUBRE9-6,2026-04-03,reb,5.5,3.552,1.948,0.17525,0.17586409011599202,0.0,1.0
KXNBAREB-26APR03MINPHI-PHIKOUBRE9-8,2026-04-03,reb,7.5,3.552,3.948,0.0495,0.051671693995828716,0.0,1.0
KXNBAREB-26APR03MINPHI-PHIPGEORGE8-10,2026-04-03,reb,9.5,3.734,5.766,0.01,0.016162308052904528,0.0,1.0
KXNBAREB-26APR03MINPHI-PHIPGEORGE8-2,2026-04-03,reb,1.5,3.734,-2.234,0.87175,0.8450448824848323,1.0,1.0
KXNBAREB-26APR03MINPHI-PHIPGEORGE8-4,2026-04-03,reb,3.5,3.734,-0.23399999999999999,0.51025,0.48921492181917503,1.0,1.0
KXNBAREB-26APR03MINPHI-PHIPGEORGE8-6,2026-04-03,reb,5.5,3.734,1.766,0.1835,0.2002265645338377,1.0,1.0
KXNBAREB-26APR03MINPHI-PHIPGEORGE8-8,2026-04-03,reb,7.5,3.734,3.766,0.0455,0.06286715586327274,0.0,1.0
KXNBAREB-26APR03MINPHI-PHIVEDGECOMBE77-10,2026-04-03,reb,9.5,3.8205,5.6795,0.00675,0.018200723241074246,0.0,1.0
KXNBAREB-26APR03MINPHI-PHIVEDGECOMBE77-2,2026-04-03,reb,1.5,3.8205,-2.3205,0.87,0.8527297196921673,1.0,1.0
KXNBAREB-26APR03MINPHI-PHIVEDGECOMBE77-4,2026-04-03,reb,3.5,3.8205,-0.3205,0.5275,0.504277180383625,0.0,1.0
KXNBAREB-26APR03MINPHI-PHIVEDGECOMBE77-6,2026-04-03,reb,5.5,3.8205,1.6795,0.2,0.21209701686876903,0.0,1.0
KXNBAREB-26APR03MINPHI-PHIVEDGECOMBE77-8,2026-04-03,reb,7.5,3.8205,3.6795,0.05475,0.06861821913461075,0.0,1.0
KXNBAAST-26APR03MINPHI-MINDDIVINCENZO0-10,2026-04-03,ast,9.5,2.3965,7.1035,0.0,0.0010970108396374245,0.0,1.0
KXNBAAST-26APR03MINPHI-MINDDIVINCENZO0-2,2026-04-03,ast,1.5,2.3965,-0.8965000000000001,0.68475,0.6598570848762191,0.0,1.0
KXNBAAST-26APR03MINPHI-MINDDIVINCENZO0-4,2026-04-03,ast,3.5,2.3965,1.1035,0.228,0.231774955511187,0.0,1.0
KXNBAAST-26APR03MINPHI-MINDDIVINCENZO0-6,2026-04-03,ast,5.5,2.3965,3.1035,0.03725,0.05170486015395326,0.0,1.0
KXNBAAST-26APR03MINPHI-MINDDIVINCENZO0-8,2026-04-03,ast,7.5,2.3965,5.1035,0.00475,0.008430930791365032,0.0,1.0
KXNBAAST-26APR03MINPHI-MINJRANDLE30-2,2026-04-03,ast,1.5,3.05025,-1.5502500000000001,0.79325,0.7697236164994907,1.0,1.0
KXNBAAST-26APR03MINPHI-MINJRANDLE30-4,2026-04-03,ast,3.5,3.05025,0.44974999999999987,0.36225,0.36155545039700987,0.0,1.0
KXNBAAST-26APR03MINPHI-MINJRANDLE30-5,2026-04-03,ast,4.5,3.05025,1.4497499999999999,0.20025,0.21134138241744937,0.0,1.0
KXNBAAST-26APR03MINPHI-MINJRANDLE30-6,2026-04-03,ast,5.5,3.05025,2.44975,0.097,0.11339787346100949,0.0,1.0
KXNBAAST-26APR03MINPHI-MINJRANDLE30-8,2026-04-03,ast,7.5,3.05025,4.44975,0.01525,0.026519030181377246,0.0,1.0
KXNBAAST-26APR03MINPHI-PHIPGEORGE8-10,2026-04-03,ast,9.5,2.59975,6.90025,0.00025,0.001864088546804532,0.0,1.0
KXNBAAST-26APR03MINPHI-PHIPGEORGE8-2,2026-04-03,ast,1.5,2.59975,-1.0997499999999998,0.72375,0.6985330917470625,1.0,1.0
KXNBAAST-26APR03MINPHI-PHIPGEORGE8-4,2026-04-03,ast,3.5,2.59975,0.9002500000000002,0.2645,0.2719135003441677,1.0,1.0
KXNBAAST-26APR03MINPHI-PHIPGEORGE8-6,2026-04-03,ast,5.5,2.59975,2.90025,0.059,0.06828814226561808,1.0,1.0
KXNBAAST-26APR03MINPHI-PHIPGEORGE8-8,2026-04-03,ast,7.5,2.59975,4.90025,0.00675,0.012612241694577864,0.0,1.0
KXNBAAST-26APR03MINPHI-PHITMAXEY0-10,2026-04-03,ast,9.5,4.2895,5.2105,0.0175,0.03129070812327173,0.0,1.0
KXNBAAST-26APR03MINPHI-PHITMAXEY0-12,2026-04-03,ast,11.5,4.2895,7.2105,0.003,0.008149880891652805,0.0,1.0
KXNBAAST-26APR03MINPHI-PHITMAXEY0-6,2026-04-03,ast,5.5,4.2895,1.2104999999999997,0.26425,0.2780963348371178,1.0,1.0
KXNBAAST-26APR03MINPHI-PHITMAXEY0-7,2026-04-03,ast,6.5,4.2895,2.2104999999999997,0.14925,0.17400038751096036,1.0,1.0
KXNBAAST-26APR03MINPHI-PHITMAXEY0-8,2026-04-03,ast,7.5,4.2895,3.2104999999999997,0.0785,0.102958262832893,1.0,1.0
KXNBAAST-26APR03MINPHI-PHIVEDGECOMBE77-2,2026-04-03,ast,1.5,2.7085,-1.2085,0.74225,0.717465689460448,1.0,1.0
KXNBAAST-26APR03MINPHI-PHIVEDGECOMBE77-4,2026-04-03,ast,3.5,2.7085,0.7915000000000001,0.295,0.2935960888488369,0.0,1.0
KXNBAAST-26APR03MINPHI-PHIVEDGECOMBE77-5,2026-04-03,ast,4.5,2.7085,1.7915,0.14325,0.15841570745475275,0.0,1.0
KXNBAAST-26APR03MINPHI-PHIVEDGECOMBE77-6,2026-04-03,ast,5.5,2.7085,2.7915,0.06675,0.07816289325989101,0.0,1.0
KXNBAAST-26APR03MINPHI-PHIVEDGECOMBE77-8,2026-04-03,ast,7.5,2.7085,4.7915,0.00775,0.015353821761803443,0.0,1.0
KXNBA3PT-26APR03MINPHI-PHITMAXEY0-1,2026-04-03,fg3m,0.5,1.75225,-1.25225,0.81875,0.7934958879276385,1.0,1.0
KXNBA3PT-26APR03MINPHI-PHITMAXEY0-2,2026-04-03,fg3m,1.5,1.75225,-0.2522500000000001,0.512,0.4992025485605305,0.0,1.0
KXNBA3PT-26APR03MINPHI-PHITMAXEY0-3,2026-04-03,fg3m,2.5,1.75225,0.7477499999999999,0.25675,0.26202980843956225,0.0,1.0
KXNBA3PT-26APR03MINPHI-PHITMAXEY0-4,2026-04-03,fg3m,3.5,1.75225,1.74775,0.113,0.11984454066661032,0.0,1.0
KXNBA3PT-26APR03MINPHI-PHITMAXEY0-5,2026-04-03,fg3m,4.5,1.75225,2.74775,0.03775,0.04927822319645914,0.0,1.0
KXNBA3PT-26APR03MINPHI-PHIVEDGECOMBE77-1,2026-04-03,fg3m,0.5,1.13975,-0.63975,0.6725,0.6543350286161365,0.0,1.0
KXNBA3PT-26APR03MINPHI-PHIVEDGECOMBE77-2,2026-04-03,fg3m,1.5,1.13975,0.36024999999999996,0.31775,0.3115444901115212,0.0,1.0
KXNBA3PT-26APR03MINPHI-PHIVEDGECOMBE77-3,2026-04-03,fg3m,2.5,1.13975,1.36025,0.11125,0.1193084153409244,0.0,1.0
KXNBA3PT-26APR03MINPHI-PHIVEDGECOMBE77-4,2026-04-03,fg3m,3.5,1.13975,2.3602499999999997,0.03025,0.03911357171682761,0.0,1.0
KXNBA3PT-26APR03MINPHI-PHIVEDGECOMBE77-5,2026-04-03,fg3m,4.5,1.13975,3.3602499999999997,0.007,0.011417956006223196,0.0,1.0
KXNBAPTS-26APR03NOPSAC-NOPDQUEEN22-10,2026-04-03,pts,9.5,6.89525,2.60475,0.24725,0.22217804381809048,0.0,1.0
KXNBAPTS-26APR03NOPSAC-NOPDQUEEN22-15,2026-04-03,pts,14.5,6.89525,7.60475,0.05925,0.04045164722532868,0.0,1.0
KXNBAPTS-26APR03NOPSAC-NOPDQUEEN22-20,2026-04-03,pts,19.5,6.89525,12.60475,0.00725,0.005299606851241756,0.0,1.0
KXNBAPTS-26APR03NOPSAC-NOPHJONES2-10,2026-04-03,pts,9.5,6.20325,3.2967500000000003,0.20275,0.16522828990980887,0.0,1.0
KXNBAPTS-26APR03NOPSAC-NOPHJONES2-15,2026-04-03,pts,14.5,6.20325,8.29675,0.036,0.023751976233436944,0.0,1.0
KXNBAPTS-26APR03NOPSAC-NOPHJONES2-20,2026-04-03,pts,19.5,6.20325,13.29675,0.0045,0.0024315627741209322,0.0,1.0
KXNBAPTS-26APR03NOPSAC-NOPHJONES2-25,2026-04-03,pts,24.5,6.20325,18.29675,0.00025,0.0002000672192603581,0.0,1.0
KXNBAPTS-26APR03NOPSAC-NOPSBEY41-15,2026-04-03,pts,14.5,12.09675,2.40325,0.31475,0.3023048953290641,1.0,1.0
KXNBAPTS-26APR03NOPSAC-NOPSBEY41-20,2026-04-03,pts,19.5,12.09675,7.40325,0.10725,0.1134294544482859,1.0,1.0
KXNBAPTS-26APR03NOPSAC-NOPSBEY41-25,2026-04-03,pts,24.5,12.09675,12.40325,0.02525,0.0355707148528841,0.0,1.0
KXNBAPTS-26APR03NOPSAC-NOPSBEY41-30,2026-04-03,pts,29.5,12.09675,17.40325,0.006,0.00978119106389308,0.0,1.0
KXNBAPTS-26APR03NOPSAC-NOPTMURPHY25-20,2026-04-03,pts,19.5,14.24225,5.25775,0.1965,0.20242847499329963,0.0,1.0
KXNBAPTS-26APR03NOPSAC-NOPTMURPHY25-25,2026-04-03,pts,24.5,14.24225,10.25775,0.066,0.08064452362139396,0.0,1.0
KXNBAPTS-26APR03NOPSAC-NOPTMURPHY25-30,2026-04-03,pts,29.5,14.24225,15.25775,0.0165,0.028390690657342232,0.0,1.0
KXNBAPTS-26APR03NOPSAC-NOPTMURPHY25-35,2026-04-03,pts,34.5,14.24225,20.25775,0.004,0.009089812039443146,0.0,1.0
KXNBAPTS-26APR03NOPSAC-NOPZWILLIAMSON1-15,2026-04-03,pts,14.5,13.696,0.8040000000000003,0.4145,0.39908317534513604,0.0,1.0
KXNBAPTS-26APR03NOPSAC-NOPZWILLIAMSON1-20,2026-04-03,pts,19.5,13.696,5.804,0.16225,0.17822497326755138,0.0,1.0
KXNBAPTS-26APR03NOPSAC-NOPZWILLIAMSON1-25,2026-04-03,pts,24.5,13.696,10.804,0.05125,0.06725044141419911,0.0,1.0
KXNBAPTS-26APR03NOPSAC-NOPZWILLIAMSON1-30,2026-04-03,pts,29.5,13.696,15.804,0.01,0.022379862282201013,0.0,1.0
KXNBAPTS-26APR03NOPSAC-SACDDEROZAN10-10,2026-04-03,pts,9.5,11.974,-2.474,0.6275,0.6195665470121461,1.0,1.0
KXNBAPTS-26APR03NOPSAC-SACDDEROZAN10-15,2026-04-03,pts,14.5,11.974,2.526,0.312,0.29477686455320895,0.0,1.0
KXNBAPTS-26APR03NOPSAC-SACDDEROZAN10-20,2026-04-03,pts,19.5,11.974,7.526,0.11275,0.10893339702570315,0.0,1.0
KXNBAPTS-26APR03NOPSAC-SACDDEROZAN10-25,2026-04-03,pts,24.5,11.974,12.526,0.0295,0.03361638612901241,0.0,1.0
KXNBAPTS-26APR03NOPSAC-SACDDEROZAN10-30,2026-04-03,pts,29.5,11.974,17.526,0.00575,0.00909249126442313,0.0,1.0
KXNBAPTS-26APR03NOPSAC-SACPACHIUWA9-10,2026-04-03,pts,9.5,9.557,-0.057000000000000384,0.4655,0.4492317378551832,1.0,1.0
KXNBAPTS-26APR03NOPSAC-SACPACHIUWA9-15,2026-04-03,pts,14.5,9.557,4.943,0.16825,0.15261354985895403,0.0,1.0
KXNBAPTS-26APR03NOPSAC-SACPACHIUWA9-20,2026-04-03,pts,19.5,9.557,9.943,0.0395,0.038843348796877564,0.0,1.0
KXNBAPTS-26APR03NOPSAC-SACPACHIUWA9-25,2026-04-03,pts,24.5,9.557,14.943,0.00525,0.00812163949182032,0.0,1.0
KXNBAREB-26APR03NOPSAC-NOPDQUEEN22-10,2026-04-03,reb,9.5,4.1965,5.3035,0.01875,0.029072167108332936,0.0,1.0
KXNBAREB-26APR03NOPSAC-NOPDQUEEN22-12,2026-04-03,reb,11.5,4.1965,7.3035,0.00525,0.0075220775204138945,0.0,1.0
KXNBAREB-26APR03NOPSAC-NOPDQUEEN22-6,2026-04-03,reb,5.5,4.1965,1.3034999999999997,0.2505,0.26527061336426594,1.0,1.0
KXNBAREB-26APR03NOPSAC-NOPDQUEEN22-7,2026-04-03,reb,6.5,4.1965,2.3034999999999997,0.148,0.16461116092661043,0.0,1.0
KXNBAREB-26APR03NOPSAC-NOPDQUEEN22-8,2026-04-03,reb,7.5,4.1965,3.3034999999999997,0.08325,0.09670828945999399,0.0,1.0
KXNBAREB-26APR03NOPSAC-NOPHJONES2-10,2026-04-03,reb,9.5,2.291,7.209,0.0005,0.0008681854206188389,0.0,1.0
KXNBAREB-26APR03NOPSAC-NOPHJONES2-2,2026-04-03,reb,1.5,2.291,-0.7909999999999999,0.64225,0.6365703621502838,0.0,1.0
KXNBAREB-26APR03NOPSAC-NOPHJONES2-4,2026-04-03,reb,3.5,2.291,1.209,0.21275,0.2118499537242826,0.0,1.0
KXNBAREB-26APR03NOPSAC-NOPHJONES2-6,2026-04-03,reb,5.5,2.291,3.209,0.039,0.044823818742642074,0.0,1.0
KXNBAREB-26APR03NOPSAC-NOPHJONES2-8,2026-04-03,reb,7.5,2.291,5.209,0.00425,0.006965661085007402,0.0,1.0
KXNBAREB-26APR03NOPSAC-NOPTMURPHY25-10,2026-04-03,reb,9.5,3.86975,5.63025,0.00775,0.019436007172361602,0.0,1.0
KXNBAREB-26APR03NOPSAC-NOPTMURPHY25-2,2026-04-03,reb,1.5,3.86975,-2.36975,0.88875,0.8569278711933058,1.0,1.0
KXNBAREB-26APR03NOPSAC-NOPTMURPHY25-4,2026-04-03,reb,3.5,3.86975,-0.3697499999999998,0.53375,0.5127225386007243,1.0,1.0
KXNBAREB-26APR03NOPSAC-NOPTMURPHY25-6,2026-04-03,reb,5.5,3.86975,1.6302500000000002,0.202,0.21892782166245206,0.0,1.0
KXNBAREB-26APR03NOPSAC-NOPTMURPHY25-8,2026-04-03,reb,7.5,3.86975,3.63025,0.05,0.07201448337290184,0.0,1.0
KXNBAREB-26APR03NOPSAC-NOPZWILLIAMSON1-10,2026-04-03,reb,9.5,3.85175,5.64825,0.0065,0.018978161647982716,0.0,1.0
KXNBAREB-26APR03NOPSAC-NOPZWILLIAMSON1-2,2026-04-03,reb,1.5,3.85175,-2.35175,0.8845,0.8554080924566971,1.0,1.0
KXNBAREB-26APR03NOPSAC-NOPZWILLIAMSON1-4,2026-04-03,reb,3.5,3.85175,-0.35175,0.53,0.5096470500024843,1.0,1.0
KXNBAREB-26APR03NOPSAC-NOPZWILLIAMSON1-6,2026-04-03,reb,5.5,3.85175,1.64825,0.203,0.2164255708588697,1.0,1.0
KXNBAREB-26APR03NOPSAC-NOPZWILLIAMSON1-8,2026-04-03,reb,7.5,3.85175,3.64825,0.05025,0.07076303632040337,0.0,1.0
KXNBAREB-26APR03NOPSAC-SACPACHIUWA9-10,2026-04-03,reb,9.5,5.853,3.6470000000000002,0.1,0.11910204230366128,0.0,1.0
KXNBAREB-26APR03NOPSAC-SACPACHIUWA9-12,2026-04-03,reb,11.5,5.853,5.647,0.0305,0.04675986459029868,0.0,1.0
KXNBAREB-26APR03NOPSAC-SACPACHIUWA9-6,2026-04-03,reb,5.5,5.853,-0.35299999999999976,0.51375,0.4989947210033119,1.0,1.0
KXNBAREB-26APR03NOPSAC-SACPACHIUWA9-8,2026-04-03,reb,7.5,5.853,1.6470000000000002,0.2625,0.2649601805656234,0.0,1.0
KXNBAREB-26APR03NOPSAC-SACPACHIUWA9-9,2026-04-03,reb,8.5,5.853,2.6470000000000002,0.167,0.18100288934601672,0.0,1.0
KXNBAAST-26APR03NOPSAC-NOPDQUEEN22-10,2026-04-03,ast,9.5,2.155,7.345000000000001,0.00025,0.0005347850124153286,0.0,1.0
KXNBAAST-26APR03NOPSAC-NOPDQUEEN22-2,2026-04-03,ast,1.5,2.155,-0.6549999999999998,0.60425,0.6079071927262821,1.0,1.0
KXNBAAST-26APR03NOPSAC-NOPDQUEEN22-4,2026-04-03,ast,3.5,2.155,1.3450000000000002,0.185,0.18551322143613602,0.0,1.0
KXNBAAST-26APR03NOPSAC-NOPDQUEEN22-6,2026-04-03,ast,5.5,2.155,3.345,0.03425,0.03528659411854873,0.0,1.0
KXNBAAST-26APR03NOPSAC-NOPDQUEEN22-8,2026-04-03,ast,7.5,2.155,5.345000000000001,0.003,0.004871000071268949,0.0,1.0
KXNBAAST-26APR03NOPSAC-SACDDEROZAN10-2,2026-04-03,ast,1.5,2.982,-1.4820000000000002,0.7805,0.7601114419434776,1.0,1.0
KXNBAAST-26APR03NOPSAC-SACDDEROZAN10-4,2026-04-03,ast,3.5,2.982,0.5179999999999998,0.34425,0.3480745641664551,1.0,1.0
KXNBAAST-26APR03NOPSAC-SACDDEROZAN10-5,2026-04-03,ast,4.5,2.982,1.5179999999999998,0.194,0.20045017765763717,1.0,1.0
KXNBAAST-26APR03NOPSAC-SACDDEROZAN10-6,2026-04-03,ast,5.5,2.982,2.518,0.09425,0.10588132945113837,0.0,1.0
KXNBAAST-26APR03NOPSAC-SACDDEROZAN10-8,2026-04-03,ast,7.5,2.982,4.518,0.0165,0.023964760994933165,0.0,1.0
KXNBA3PT-26APR03NOPSAC-NOPDQUEEN22-1,2026-04-03,fg3m,0.5,0.32225,0.17775000000000002,0.2735,0.2706734544926499,0.0,1.0
KXNBA3PT-26APR03NOPSAC-NOPDQUEEN22-2,2026-04-03,fg3m,1.5,0.32225,1.17775,0.04425,0.04516764651042349,0.0,1.0
KXNBA3PT-26APR03NOPSAC-NOPDQUEEN22-3,2026-04-03,fg3m,2.5,0.32225,2.17775,0.004,0.005737712358277358,0.0,1.0
KXNBA3PT-26APR03NOPSAC-NOPDQUEEN22-4,2026-04-03,fg3m,3.5,0.32225,3.17775,0.0005,0.0006091001389539885,0.0,1.0
KXNBA3PT-26APR03NOPSAC-NOPDQUEEN22-5,2026-04-03,fg3m,4.5,0.32225,4.17775,0.0,5.6861616198999876e-05,0.0,1.0
KXNBA3PT-26APR03NOPSAC-NOPTMURPHY25-2,2026-04-03,fg3m,1.5,2.2915,-0.7915000000000001,0.667,0.6275906173680605,0.0,1.0
KXNBA3PT-26APR03NOPSAC-NOPTMURPHY25-3,2026-04-03,fg3m,2.5,2.2915,0.2084999999999999,0.39775,0.39078670574153174,0.0,1.0
KXNBA3PT-26APR03NOPSAC-NOPTMURPHY25-4,2026-04-03,fg3m,3.5,2.2915,1.2085,0.2005,0.21522039574750573,0.0,1.0
KXNBA3PT-26APR03NOPSAC-NOPTMURPHY25-5,2026-04-03,fg3m,4.5,2.2915,2.2085,0.08175,0.1074631417504106,0.0,1.0
KXNBA3PT-26APR03NOPSAC-NOPTMURPHY25-6,2026-04-03,fg3m,5.5,2.2915,3.2085,0.03025,0.04957685555341662,0.0,1.0
KXNBAPTS-26APR02PHXCHA-CHABMILLER24-15,2026-04-02,pts,14.5,14.0655,0.4344999999999999,0.443,0.4207149991265171,1.0,1.0
KXNBAPTS-26APR02PHXCHA-CHABMILLER24-20,2026-04-02,pts,19.5,14.0655,5.4345,0.195,0.19450957970981986,0.0,1.0
KXNBAPTS-26APR02PHXCHA-CHABMILLER24-25,2026-04-02,pts,24.5,14.0655,10.4345,0.06675,0.07617377360328781,0.0,1.0
KXNBAPTS-26APR02PHXCHA-CHABMILLER24-30,2026-04-02,pts,29.5,14.0655,15.4345,0.0175,0.026344411086523634,0.0,1.0
KXNBAPTS-26APR02PHXCHA-CHACWHITE3-10,2026-04-02,pts,9.5,11.35525,-1.8552499999999998,0.5755,0.5806105837595172,1.0,1.0
KXNBAPTS-26APR02PHXCHA-CHACWHITE3-15,2026-04-02,pts,14.5,11.35525,3.14475,0.269,0.25695072888951376,1.0,1.0
KXNBAPTS-26APR02PHXCHA-CHACWHITE3-20,2026-04-02,pts,19.5,11.35525,8.14475,0.089,0.0875237164699939,0.0,1.0
KXNBAPTS-26APR02PHXCHA-CHACWHITE3-25,2026-04-02,pts,24.5,11.35525,13.14475,0.02625,0.024790876512744253,0.0,1.0
KXNBAPTS-26APR02PHXCHA-CHAKKNUEPPEL7-10,2026-04-02,pts,9.5,12.136,-2.6359999999999992,0.6295,0.6292299380407095,1.0,1.0
KXNBAPTS-26APR02PHXCHA-CHAKKNUEPPEL7-15,2026-04-02,pts,14.5,12.136,2.3640000000000008,0.328,0.30471196043886994,1.0,1.0
KXNBAPTS-26APR02PHXCHA-CHAKKNUEPPEL7-20,2026-04-02,pts,19.5,12.136,7.364000000000001,0.12375,0.11488352421886827,1.0,1.0
KXNBAPTS-26APR02PHXCHA-CHAKKNUEPPEL7-25,2026-04-02,pts,24.5,12.136,12.364,0.03725,0.036209990471667064,0.0,1.0
KXNBAPTS-26APR02PHXCHA-CHALBALL1-10,2026-04-02,pts,9.5,14.8085,-5.3085,0.766,0.758937855664729,1.0,1.0
KXNBAPTS-26APR02PHXCHA-CHALBALL1-15,2026-04-02,pts,14.5,14.8085,-0.30850000000000044,0.49075,0.46295265706325806,1.0,1.0
KXNBAPTS-26APR02PHXCHA-CHALBALL1-20,2026-04-02,pts,19.5,14.8085,4.6915,0.2295,0.2282615096779781,0.0,1.0
KXNBAPTS-26APR02PHXCHA-CHALBALL1-25,2026-04-02,pts,24.5,14.8085,9.6915,0.08375,0.09581273895759013,0.0,1.0
KXNBAPTS-26APR02PHXCHA-CHALBALL1-30,2026-04-02,pts,29.5,14.8085,14.6915,0.02625,0.03561294004403448,0.0,1.0
KXNBAPTS-26APR02PHXCHA-CHAMBRIDGES0-10,2026-04-02,pts,9.5,10.53225,-1.0322499999999994,0.54225,0.5237467018355164,1.0,1.0
KXNBAPTS-26APR02PHXCHA-CHAMBRIDGES0-15,2026-04-02,pts,14.5,10.53225,3.9677500000000006,0.214,0.20766492574376327,1.0,1.0
KXNBAPTS-26APR02PHXCHA-CHAMBRIDGES0-20,2026-04-02,pts,19.5,10.53225,8.96775,0.06125,0.06260241823602852,1.0,1.0
KXNBAPTS-26APR02PHXCHA-CHAMBRIDGES0-25,2026-04-02,pts,24.5,10.53225,13.96775,0.0105,0.01560559384206861,1.0,1.0
KXNBAPTS-26APR02PHXCHA-CHAMDIABATE14-10,2026-04-02,pts,9.5,6.13975,3.3602499999999997,0.17925,0.16023516495358026,0.0,1.0
KXNBAPTS-26APR02PHXCHA-CHAMDIABATE14-15,2026-04-02,pts,14.5,6.13975,8.36025,0.03325,0.0224909320767126,0.0,1.0
KXNBAPTS-26APR02PHXCHA-CHAMDIABATE14-20,2026-04-02,pts,19.5,6.13975,13.36025,0.005,0.002246036665321083,0.0,1.0
KXNBAPTS-26APR02PHXCHA-PHXDBOOKER1-20,2026-04-02,pts,19.5,15.0365,4.4635,0.24025,0.23882639354030133,1.0,1.0
KXNBAPTS-26APR02PHXCHA-PHXDBOOKER1-25,2026-04-02,pts,24.5,15.0365,9.4635,0.0875,0.10226872541383158,0.0,1.0
KXNBAPTS-26APR02PHXCHA-PHXDBOOKER1-30,2026-04-02,pts,29.5,15.0365,14.4635,0.0245,0.03881135205324726,0.0,1.0
KXNBAPTS-26APR02PHXCHA-PHXDBOOKER1-35,2026-04-02,pts,34.5,15.0365,19.4635,0.00575,0.01341800791670611,0.0,1.0
KXNBAPTS-26APR02PHXCHA-PHXDBROOKS3-10,2026-04-02,pts,9.5,10.8035,-1.3034999999999997,0.527,0.5431199839949729,1.0,1.0
KXNBAPTS-26APR02PHXCHA-PHXDBROOKS3-15,2026-04-02,pts,14.5,10.8035,3.6965000000000003,0.26525,0.22370723037461993,0.0,1.0
KXNBAPTS-26APR02PHXCHA-PHXDBROOKS3-20,2026-04-02,pts,19.5,10.8035,8.6965,0.1005,0.07034172936334837,0.0,1.0
KXNBAPTS-26APR02PHXCHA-PHXDBROOKS3-25,2026-04-02,pts,24.5,10.8035,13.6965,0.032,0.018323418458714436,0.0,1.0
KXNBAPTS-26APR02PHXCHA-PHXGALLEN8-10,2026-04-02,pts,9.5,10.05075,-0.5507500000000007,0.49525,0.48787462491623745,1.0,1.0
KXNBAPTS-26APR02PHXCHA-PHXGALLEN8-15,2026-04-02,pts,14.5,10.05075,4.449249999999999,0.205,0.17988729484687926,0.0,1.0
KXNBAPTS-26APR02PHXCHA-PHXGALLEN8-20,2026-04-02,pts,19.5,10.05075,9.44925,0.06575,0.050065027314366684,0.0,1.0
KXNBAPTS-26APR02PHXCHA-PHXGALLEN8-25,2026-04-02,pts,24.5,10.05075,14.44925,0.014,0.011484584073052417,0.0,1.0
KXNBAPTS-26APR02PHXCHA-PHXJGREEN4-10,2026-04-02,pts,9.5,11.90075,-2.4007500000000004,0.6205,0.6151245566949558,1.0,1.0
KXNBAPTS-26APR02PHXCHA-PHXJGREEN4-15,2026-04-02,pts,14.5,11.90075,2.5992499999999996,0.305,0.2902855707012525,1.0,1.0
KXNBAPTS-26APR02PHXCHA-PHXJGREEN4-20,2026-04-02,pts,19.5,11.90075,7.59925,0.11125,0.10628817513310151,1.0,1.0
KXNBAPTS-26APR02PHXCHA-PHXJGREEN4-25,2026-04-02,pts,24.5,11.90075,12.59925,0.034,0.03248252169342236,1.0,1.0
KXNBAREB-26APR02PHXCHA-CHABMILLER24-10,2026-04-02,reb,9.5,3.80425,5.69575,0.012,0.01780513222867064,0.0,1.0
KXNBAREB-26APR02PHXCHA-CHABMILLER24-2,2026-04-02,reb,1.5,3.80425,-2.30425,0.8735,0.8513167081123049,1.0,1.0
KXNBAREB-26APR02PHXCHA-CHABMILLER24-4,2026-04-02,reb,3.5,3.80425,-0.30425000000000013,0.51475,0.5014696763212094,1.0,1.0
KXNBAREB-26APR02PHXCHA-CHABMILLER24-6,2026-04-02,reb,5.5,3.80425,1.6957499999999999,0.2005,0.20985428289422192,0.0,1.0
KXNBAREB-26APR02PHXCHA-CHABMILLER24-8,2026-04-02,reb,7.5,3.80425,3.69575,0.05475,0.06751693395506397,0.0,1.0
KXNBAREB-26APR02PHXCHA-CHACWHITE3-2,2026-04-02,reb,1.5,2.75475,-1.25475,0.73875,0.723406475843692,1.0,1.0
KXNBAREB-26APR02PHXCHA-CHACWHITE3-3,2026-04-02,reb,2.5,2.75475,-0.25475000000000003,0.51175,0.49795575593713637,1.0,1.0
KXNBAREB-26APR02PHXCHA-CHACWHITE3-4,2026-04-02,reb,3.5,2.75475,0.74525,0.301,0.30299292602497163,1.0,1.0
KXNBAREB-26APR02PHXCHA-CHACWHITE3-6,2026-04-02,reb,5.5,2.75475,2.74525,0.0665,0.08356516130699598,0.0,1.0
KXNBAREB-26APR02PHXCHA-CHACWHITE3-8,2026-04-02,reb,7.5,2.75475,4.74525,0.01175,0.017160956248401416,0.0,1.0
KXNBAREB-26APR02PHXCHA-CHAKKNUEPPEL7-10,2026-04-02,reb,9.5,3.87625,5.623749999999999,0.01175,0.01960315535472923,0.0,1.0
KXNBAREB-26APR02PHXCHA-CHAKKNUEPPEL7-2,2026-04-02,reb,1.5,3.87625,-2.37625,0.8835,0.8574726007153941,1.0,1.0
KXNBAREB-26APR02PHXCHA-CHAKKNUEPPEL7-4,2026-04-02,reb,3.5,3.87625,-0.3762500000000002,0.526,0.5138299586128998,0.0,1.0
KXNBAREB-26APR02PHXCHA-CHAKKNUEPPEL7-6,2026-04-02,reb,5.5,3.87625,1.6237499999999998,0.206,0.21983298163074172,0.0,1.0
KXNBAREB-26APR02PHXCHA-CHAKKNUEPPEL7-8,2026-04-02,reb,7.5,3.87625,3.62375,0.06175,0.07246926383009,0.0,1.0
KXNBAREB-26APR02PHXCHA-CHALBALL1-2,2026-04-02,reb,1.5,3.7155,-2.2155,0.8605,0.84334818464907,1.0,1.0
KXNBAREB-26APR02PHXCHA-CHALBALL1-4,2026-04-02,reb,3.5,3.7155,-0.21550000000000002,0.50025,0.48595634016160216,0.0,1.0
KXNBAREB-26APR02PHXCHA-CHALBALL1-5,2026-04-02,reb,4.5,3.7155,0.7845,0.3165,0.3220207924389016,0.0,1.0
KXNBAREB-26APR02PHXCHA-CHALBALL1-6,2026-04-02,reb,5.5,3.7155,1.7845,0.18575,0.19771041799669187,0.0,1.0
KXNBAREB-26APR02PHXCHA-CHALBALL1-8,2026-04-02,reb,7.5,3.7155,3.7845,0.0505,0.06167286959597973,0.0,1.0
KXNBAREB-26APR02PHXCHA-CHAMBRIDGES0-2,2026-04-02,reb,1.5,3.71775,-2.21775,0.86825,0.8435555600891564,1.0,1.0
KXNBAREB-26APR02PHXCHA-CHAMBRIDGES0-4,2026-04-02,reb,3.5,3.71775,-0.2177500000000001,0.49375,0.4863533435910028,1.0,1.0
KXNBAREB-26APR02PHXCHA-CHAMBRIDGES0-5,2026-04-02,reb,4.5,3.71775,0.7822499999999999,0.325,0.3223971796677053,0.0,1.0
KXNBAREB-26APR02PHXCHA-CHAMBRIDGES0-6,2026-04-02,reb,5.5,3.71775,1.78225,0.18875,0.1980159892720933,0.0,1.0
KXNBAREB-26APR02PHXCHA-CHAMBRIDGES0-8,2026-04-02,reb,7.5,3.71775,3.78225,0.048,0.06181744489322649,0.0,1.0
KXNBAREB-26APR02PHXCHA-CHAMDIABATE14-10,2026-04-02,reb,9.5,6.63925,2.8607500000000003,0.1645,0.18301640275997932,1.0,1.0
KXNBAREB-26APR02PHXCHA-CHAMDIABATE14-12,2026-04-02,reb,11.5,6.63925,4.86075,0.063,0.08272144166317041,0.0,1.0
KXNBAREB-26APR02PHXCHA-CHAMDIABATE14-14,2026-04-02,reb,13.5,6.63925,6.86075,0.01475,0.03363387437995713,0.0,1.0
KXNBAREB-26APR02PHXCHA-CHAMDIABATE14-6,2026-04-02,reb,5.5,6.63925,-1.1392499999999997,0.62475,0.5945939713905812,1.0,1.0
KXNBAREB-26APR02PHXCHA-CHAMDIABATE14-8,2026-04-02,reb,7.5,6.63925,0.8607500000000003,0.34775,0.35626074308111255,1.0,1.0
KXNBAREB-26APR02PHXCHA-PHXDBROOKS3-2,2026-04-02,reb,1.5,2.4155,-0.9155000000000002,0.651,0.6621338948739393,0.0,1.0
KXNBAREB-26APR02PHXCHA-PHXDBROOKS3-3,2026-04-02,reb,2.5,2.4155,0.0844999999999998,0.42325,0.42252484945851043,0.0,1.0
KXNBAREB-26APR02PHXCHA-PHXDBROOKS3-4,2026-04-02,reb,3.5,2.4155,1.0844999999999998,0.2415,0.2359517000084035,0.0,1.0
KXNBAREB-26APR02PHXCHA-PHXDBROOKS3-6,2026-04-02,reb,5.5,2.4155,3.0845,0.06125,0.053965477737762835,0.0,1.0
KXNBAREB-26APR02PHXCHA-PHXDBROOKS3-8,2026-04-02,reb,7.5,2.4155,5.0845,0.01125,0.00909837240312461,0.0,1.0
KXNBAREB-26APR02PHXCHA-PHXJGREEN4-10,2026-04-02,reb,9.5,2.83525,6.66475,0.00325,0.0033945488472796326,0.0,1.0
KXNBAREB-26APR02PHXCHA-PHXJGREEN4-2,2026-04-02,reb,1.5,2.83525,-1.3352499999999998,0.75325,0.7362798155875065,1.0,1.0
KXNBAREB-26APR02PHXCHA-PHXJGREEN4-4,2026-04-02,reb,3.5,2.83525,0.6647500000000002,0.3255,0.31897464125748975,1.0,1.0
KXNBAREB-26APR02PHXCHA-PHXJGREEN4-6,2026-04-02,reb,5.5,2.83525,2.66475,0.0755,0.09154347022034792,0.0,1.0
KXNBAREB-26APR02PHXCHA-PHXJGREEN4-8,2026-04-02,reb,7.5,2.83525,4.66475,0.0155,0.019609656124289776,0.0,1.0
KXNBAAST-26APR02PHXCHA-CHABMILLER24-10,2026-04-02,ast,9.5,2.431,7.069,0.00075,0.001205620412856212,0.0,1.0
KXNBAAST-26APR02PHXCHA-CHABMILLER24-2,2026-04-02,ast,1.5,2.431,-0.931,0.68225,0.6667360189801848,1.0,1.0
KXNBAAST-26APR02PHXCHA-CHABMILLER24-4,2026-04-02,ast,3.5,2.431,1.069,0.23225,0.2385325754276546,1.0,1.0
KXNBAAST-26APR02PHXCHA-CHABMILLER24-6,2026-04-02,ast,5.5,2.431,3.069,0.049,0.054343887286321335,0.0,1.0
KXNBAAST-26APR02PHXCHA-CHABMILLER24-8,2026-04-02,ast,7.5,2.431,5.069,0.005,0.009059013979289321,0.0,1.0
KXNBAAST-26APR02PHXCHA-CHACWHITE3-10,2026-04-02,ast,9.5,2.33075,7.16925,0.00075,0.0009114439775910199,0.0,1.0
KXNBAAST-26APR02PHXCHA-CHACWHITE3-2,2026-04-02,ast,1.5,2.33075,-0.8307500000000001,0.6625,0.6463792494310622,1.0,1.0
KXNBAAST-26APR02PHXCHA-CHACWHITE3-4,2026-04-02,ast,3.5,2.33075,1.16925,0.21725,0.21898282814983605,0.0,1.0
KXNBAAST-26APR02PHXCHA-CHACWHITE3-6,2026-04-02,ast,5.5,2.33075,3.16925,0.0385,0.04687762514789895,0.0,1.0
KXNBAAST-26APR02PHXCHA-CHACWHITE3-8,2026-04-02,ast,7.5,2.33075,5.16925,0.005,0.007320649892123443,0.0,1.0
KXNBAAST-26APR02PHXCHA-CHAKKNUEPPEL7-2,2026-04-02,ast,1.5,2.285,-0.7850000000000001,0.647,0.6367113625211331,1.0,1.0
KXNBAAST-26APR02PHXCHA-CHAKKNUEPPEL7-3,2026-04-02,ast,2.5,2.285,0.21499999999999986,0.3905,0.39227123162507604,0.0,1.0
KXNBAAST-26APR02PHXCHA-CHAKKNUEPPEL7-4,2026-04-02,ast,3.5,2.285,1.2149999999999999,0.21125,0.2101592130823008,0.0,1.0
KXNBAAST-26APR02PHXCHA-CHAKKNUEPPEL7-6,2026-04-02,ast,5.5,2.285,3.215,0.03675,0.0436760930349116,0.0,1.0
KXNBAAST-26APR02PHXCHA-CHAKKNUEPPEL7-8,2026-04-02,ast,7.5,2.285,5.215,0.00375,0.006612685817097841,0.0,1.0
KXNBAAST-26APR02PHXCHA-CHALBALL1-10,2026-04-02,ast,9.5,4.8855,4.6145,0.03625,0.05676989110475417,1.0,1.0
KXNBAAST-26APR02PHXCHA-CHALBALL1-12,2026-04-02,ast,11.5,4.8855,6.6145,0.0095,0.01755342237797275,0.0,1.0
KXNBAAST-26APR02PHXCHA-CHALBALL1-6,2026-04-02,ast,5.5,4.8855,0.6144999999999996,0.366,0.3652877942335119,1.0,1.0
KXNBAAST-26APR02PHXCHA-CHALBALL1-7,2026-04-02,ast,6.5,4.8855,1.6144999999999996,0.22925,0.2467820807885176,1.0,1.0
KXNBAAST-26APR02PHXCHA-CHALBALL1-8,2026-04-02,ast,7.5,4.8855,2.6144999999999996,0.1365,0.15817909912483552,1.0,1.0
KXNBAAST-26APR02PHXCHA-CHAMBRIDGES0-2,2026-04-02,ast,1.5,1.9815,-0.48150000000000004,0.57925,0.5662932134986268,1.0,1.0
KXNBAAST-26APR02PHXCHA-CHAMBRIDGES0-3,2026-04-02,ast,2.5,1.9815,0.5185,0.315,0.3180715605264377,0.0,1.0
KXNBAAST-26APR02PHXCHA-CHAMBRIDGES0-4,2026-04-02,ast,3.5,1.9815,1.5185,0.14575,0.1538829745374689,0.0,1.0
KXNBAAST-26APR02PHXCHA-CHAMBRIDGES0-6,2026-04-02,ast,5.5,1.9815,3.5185,0.01975,0.025713770739028252,0.0,1.0
KXNBAAST-26APR02PHXCHA-CHAMBRIDGES0-8,2026-04-02,ast,7.5,1.9815,5.5184999999999995,0.0035,0.00310254037215274,0.0,1.0
KXNBAAST-26APR02PHXCHA-PHXDBOOKER1-10,2026-04-02,ast,9.5,3.83375,5.66625,0.0115,0.017839472103062026,0.0,1.0
KXNBAAST-26APR02PHXCHA-PHXDBOOKER1-2,2026-04-02,ast,1.5,3.83375,-2.33375,0.888,0.8558690924024428,1.0,1.0
KXNBAAST-26APR02PHXCHA-PHXDBOOKER1-4,2026-04-02,ast,3.5,3.83375,-0.3337500000000002,0.518,0.5077356531714916,1.0,1.0
KXNBAAST-26APR02PHXCHA-PHXDBOOKER1-6,2026-04-02,ast,5.5,3.83375,1.6662499999999998,0.197,0.21299074765680914,1.0,1.0
KXNBAAST-26APR02PHXCHA-PHXDBOOKER1-8,2026-04-02,ast,7.5,3.83375,3.66625,0.048,0.06827791903381908,0.0,1.0
KXNBAAST-26APR02PHXCHA-PHXDBROOKS3-1,2026-04-02,ast,0.5,1.0625,-0.5625,0.6265,0.6369542273505685,1.0,1.0
KXNBAAST-26APR02PHXCHA-PHXDBROOKS3-2,2026-04-02,ast,1.5,1.0625,0.4375,0.284,0.2859060426602589,1.0,1.0
KXNBAAST-26APR02PHXCHA-PHXDBROOKS3-4,2026-04-02,ast,3.5,1.0625,2.4375,0.03275,0.029484368717089482,0.0,1.0
KXNBAAST-26APR02PHXCHA-PHXDBROOKS3-6,2026-04-02,ast,5.5,1.0625,4.4375,0.0015,0.001741499016259196,0.0,1.0
KXNBAAST-26APR02PHXCHA-PHXDBROOKS3-8,2026-04-02,ast,7.5,1.0625,6.4375,0.0,7.240185204393512e-05,0.0,1.0
KXNBAAST-26APR02PHXCHA-PHXJGREEN4-2,2026-04-02,ast,1.5,2.09425,-0.5942500000000002,0.607,0.5937552204738432,1.0,1.0
KXNBAAST-26APR02PHXCHA-PHXJGREEN4-3,2026-04-02,ast,2.5,2.09425,0.40574999999999983,0.34925,0.3459636444720312,1.0,1.0
KXNBAAST-26APR02PHXCHA-PHXJGREEN4-4,2026-04-02,ast,3.5,2.09425,1.4057499999999998,0.166,0.1742535157702999,1.0,1.0
KXNBAAST-26APR02PHXCHA-PHXJGREEN4-6,2026-04-02,ast,5.5,2.09425,3.40575,0.024,0.03172472968538109,1.0,1.0
KXNBAAST-26APR02PHXCHA-PHXJGREEN4-8,2026-04-02,ast,7.5,2.09425,5.405749999999999,0.004,0.004184226266456315,0.0,1.0
KXNBA3PT-26APR02PHXCHA-CHACWHITE3-1,2026-04-02,fg3m,0.5,1.38875,-0.8887499999999999,0.74575,0.7208259959967601,1.0,1.0
KXNBA3PT-26APR02PHXCHA-CHACWHITE3-2,2026-04-02,fg3m,1.5,1.38875,0.11125000000000007,0.394,0.39279969312084084,1.0,1.0
KXNBA3PT-26APR02PHXCHA-CHACWHITE3-3,2026-04-02,fg3m,2.5,1.38875,1.11125,0.167,0.17484061009746577,1.0,1.0
KXNBA3PT-26APR02PHXCHA-CHACWHITE3-4,2026-04-02,fg3m,3.5,1.38875,2.11125,0.05825,0.06710810315396987,0.0,1.0
KXNBA3PT-26APR02PHXCHA-CHACWHITE3-5,2026-04-02,fg3m,4.5,1.38875,3.11125,0.01825,0.023025058211071037,0.0,1.0
KXNBA3PT-26APR02PHXCHA-CHAKKNUEPPEL7-1,2026-04-02,fg3m,0.5,2.21025,-1.7102499999999998,0.879,0.8564579803779611,1.0,1.0
KXNBA3PT-26APR02PHXCHA-CHAKKNUEPPEL7-2,2026-04-02,fg3m,1.5,2.21025,-0.7102499999999998,0.63775,0.6104298833105231,1.0,1.0
KXNBA3PT-26APR02PHXCHA-CHAKKNUEPPEL7-3,2026-04-02,fg3m,2.5,2.21025,0.2897500000000002,0.372,0.37196580240065014,1.0,1.0
KXNBA3PT-26APR02PHXCHA-CHAKKNUEPPEL7-4,2026-04-02,fg3m,3.5,2.21025,1.2897500000000002,0.1965,0.2000298387016881,1.0,1.0
KXNBA3PT-26APR02PHXCHA-CHAKKNUEPPEL7-5,2026-04-02,fg3m,4.5,2.21025,2.28975,0.083,0.09740239594619893,0.0,1.0
KXNBA3PT-26APR02PHXCHA-CHALBALL1-2,2026-04-02,fg3m,1.5,2.74675,-1.24675,0.7505,0.7109024805395128,1.0,1.0
KXNBA3PT-26APR02PHXCHA-CHALBALL1-3,2026-04-02,fg3m,2.5,2.74675,-0.24675000000000002,0.51175,0.490024318619943,0.0,1.0
KXNBA3PT-26APR02PHXCHA-CHALBALL1-4,2026-04-02,fg3m,3.5,2.74675,0.75325,0.30775,0.30234032706472236,0.0,1.0
KXNBA3PT-26APR02PHXCHA-CHALBALL1-5,2026-04-02,fg3m,4.5,2.74675,1.75325,0.1495,0.17031577346902904,0.0,1.0
KXNBA3PT-26APR02PHXCHA-CHALBALL1-6,2026-04-02,fg3m,5.5,2.74675,2.75325,0.06475,0.08903159479585276,0.0,1.0
KXNBA3PT-26APR02PHXCHA-CHAMBRIDGES0-1,2026-04-02,fg3m,0.5,1.07675,-0.5767500000000001,0.64925,0.6347860292930864,1.0,1.0
KXNBA3PT-26APR02PHXCHA-CHAMBRIDGES0-2,2026-04-02,fg3m,1.5,1.07675,0.4232499999999999,0.2985,0.2901537359918085,1.0,1.0
KXNBA3PT-26APR02PHXCHA-CHAMBRIDGES0-3,2026-04-02,fg3m,2.5,1.07675,1.42325,0.09625,0.10624719891456524,1.0,1.0
KXNBA3PT-26APR02PHXCHA-CHAMBRIDGES0-4,2026-04-02,fg3m,3.5,1.07675,2.42325,0.02525,0.033243669908245566,1.0,1.0
KXNBA3PT-26APR02PHXCHA-CHAMBRIDGES0-5,2026-04-02,fg3m,4.5,1.07675,3.42325,0.00625,0.009252934158483161,0.0,1.0
KXNBA3PT-26APR02PHXCHA-PHXDBOOKER1-1,2026-04-02,fg3m,0.5,1.17075,-0.67075,0.68075,0.6635179560167421,1.0,1.0
KXNBA3PT-26APR02PHXCHA-PHXDBOOKER1-2,2026-04-02,fg3m,1.5,1.17075,0.32925000000000004,0.329,0.32196498454089384,1.0,1.0
KXNBA3PT-26APR02PHXCHA-PHXDBOOKER1-3,2026-04-02,fg3m,2.5,1.17075,1.32925,0.11525,0.1259059535796636,1.0,1.0
KXNBA3PT-26APR02PHXCHA-PHXDBOOKER1-4,2026-04-02,fg3m,3.5,1.17075,2.32925,0.03625,0.04218751371211338,0.0,1.0
KXNBA3PT-26APR02PHXCHA-PHXDBOOKER1-5,2026-04-02,fg3m,4.5,1.17075,3.32925,0.007,0.012593189583504971,0.0,1.0
KXNBAPTS-26APR02MINDET-DETATHOMPSON9-10,2026-04-02,pts,9.5,6.8665,2.6334999999999997,0.24825,0.21973843795576042,0.0,1.0
KXNBAPTS-26APR02MINDET-DETATHOMPSON9-15,2026-04-02,pts,14.5,6.8665,7.6335,0.053,0.03964818769627054,0.0,1.0
KXNBAPTS-26APR02MINDET-DETATHOMPSON9-20,2026-04-02,pts,19.5,6.8665,12.6335,0.00825,0.005145470638769245,0.0,1.0
KXNBAPTS-26APR02MINDET-DETATHOMPSON9-25,2026-04-02,pts,24.5,6.8665,17.633499999999998,0.00075,0.0005389595375924205,0.0,1.0
KXNBAPTS-26APR02MINDET-DETDROBINSON55-10,2026-04-02,pts,9.5,8.156,1.3439999999999994,0.35875,0.331536212013257,1.0,1.0
KXNBAPTS-26APR02MINDET-DETDROBINSON55-15,2026-04-02,pts,14.5,8.156,6.343999999999999,0.10425,0.08488464562707121,1.0,1.0
KXNBAPTS-26APR02MINDET-DETDROBINSON55-20,2026-04-02,pts,19.5,8.156,11.344,0.01975,0.01593999768269827,0.0,1.0
KXNBAPTS-26APR02MINDET-DETTHARRIS12-10,2026-04-02,pts,9.5,9.15925,0.3407499999999999,0.43225,0.41686946417739346,0.0,1.0
KXNBAPTS-26APR02MINDET-DETTHARRIS12-15,2026-04-02,pts,14.5,9.15925,5.34075,0.137,0.13176722074530267,0.0,1.0
KXNBAPTS-26APR02MINDET-DETTHARRIS12-20,2026-04-02,pts,19.5,9.15925,10.34075,0.0295,0.031016751851813185,0.0,1.0
KXNBAPTS-26APR02MINDET-DETTHARRIS12-25,2026-04-02,pts,24.5,9.15925,15.34075,0.0055,0.005981803854739898,0.0,1.0
KXNBAPTS-26APR02MINDET-MINDDIVINCENZO0-10,2026-04-02,pts,9.5,8.4105,1.0894999999999992,0.378,0.35356024698359734,0.0,1.0
KXNBAPTS-26APR02MINDET-MINDDIVINCENZO0-15,2026-04-02,pts,14.5,8.4105,6.089499999999999,0.118,0.0959091824912558,0.0,1.0
KXNBAPTS-26APR02MINDET-MINDDIVINCENZO0-20,2026-04-02,pts,19.5,8.4105,11.0895,0.02375,0.019155681833400218,0.0,1.0
KXNBAPTS-26APR02MINDET-MINJRANDLE30-15,2026-04-02,pts,14.5,13.32375,1.1762499999999996,0.39325,0.37693826124863183,1.0,1.0
KXNBAPTS-26APR02MINDET-MINJRANDLE30-20,2026-04-02,pts,19.5,13.32375,6.17625,0.15675,0.1622437088266706,1.0,1.0
KXNBAPTS-26APR02MINDET-MINJRANDLE30-25,2026-04-02,pts,24.5,13.32375,11.17625,0.047,0.05885543940880811,1.0,1.0
KXNBAPTS-26APR02MINDET-MINJRANDLE30-30,2026-04-02,pts,29.5,13.32375,16.17625,0.00875,0.018804218515793503,0.0,1.0
KXNBAPTS-26APR02MINDET-MINRGOBERT27-10,2026-04-02,pts,9.5,7.67325,1.8267499999999997,0.30975,0.289447428708388,0.0,1.0
KXNBAPTS-26APR02MINDET-MINRGOBERT27-15,2026-04-02,pts,14.5,7.67325,6.82675,0.0765,0.06579552177889436,0.0,1.0
KXNBAPTS-26APR02MINDET-MINRGOBERT27-20,2026-04-02,pts,19.5,7.67325,11.82675,0.01,0.010889339300468759,0.0,1.0
KXNBAREB-26APR02MINDET-DETATHOMPSON9-10,2026-04-02,reb,9.5,4.18,5.32,0.02375,0.028523631182114095,0.0,1.0
KXNBAREB-26APR02MINDET-DETATHOMPSON9-2,2026-04-02,reb,1.5,4.18,-2.6799999999999997,0.88975,0.8806662667399069,1.0,1.0
KXNBAREB-26APR02MINDET-DETATHOMPSON9-4,2026-04-02,reb,3.5,4.18,-0.6799999999999997,0.57725,0.5636484934121782,1.0,1.0
KXNBAREB-26APR02MINDET-DETATHOMPSON9-6,2026-04-02,reb,5.5,4.18,1.3200000000000003,0.25175,0.2628972666531424,1.0,1.0
KXNBAREB-26APR02MINDET-DETATHOMPSON9-8,2026-04-02,reb,7.5,4.18,3.3200000000000003,0.0845,0.09537424295370811,1.0,1.0
KXNBAREB-26APR02MINDET-DETTHARRIS12-10,2026-04-02,reb,9.5,4.12725,5.37275,0.01425,0.026815040828212844,0.0,1.0
KXNBAREB-26APR02MINDET-DETTHARRIS12-2,2026-04-02,reb,1.5,4.12725,-2.62725,0.90725,0.8769400385453058,0.0,1.0
KXNBAREB-26APR02MINDET-DETTHARRIS12-4,2026-04-02,reb,3.5,4.12725,-0.6272500000000001,0.57075,0.5552732878930928,0.0,1.0
KXNBAREB-26APR02MINDET-DETTHARRIS12-6,2026-04-02,reb,5.5,4.12725,1.37275,0.24,0.25532868336961423,0.0,1.0
KXNBAREB-26APR02MINDET-DETTHARRIS12-8,2026-04-02,reb,7.5,4.12725,3.37275,0.0685,0.09116979695781935,0.0,1.0
KXNBAREB-26APR02MINDET-MINDDIVINCENZO0-10,2026-04-02,reb,9.5,3.05625,6.44375,0.002,0.005317758818534579,0.0,1.0
KXNBAREB-26APR02MINDET-MINDDIVINCENZO0-2,2026-04-02,reb,1.5,3.05625,-1.55625,0.7905,0.7686558006289363,0.0,1.0
KXNBAREB-26APR02MINDET-MINDDIVINCENZO0-4,2026-04-02,reb,3.5,3.05625,0.4437500000000001,0.37225,0.36255995782760675,0.0,1.0
KXNBAREB-26APR02MINDET-MINDDIVINCENZO0-6,2026-04-02,reb,5.5,3.05625,2.44375,0.10125,0.11516073249942549,0.0,1.0
KXNBAREB-26APR02MINDET-MINDDIVINCENZO0-8,2026-04-02,reb,7.5,3.05625,4.44375,0.0155,0.02748504890055925,0.0,1.0
KXNBAREB-26APR02MINDET-MINJRANDLE30-10,2026-04-02,reb,9.5,4.703,4.797,0.03,0.04926891995344429,0.0,1.0
KXNBAREB-26APR02MINDET-MINJRANDLE30-12,2026-04-02,reb,11.5,4.703,6.797,0.00525,0.014806687150246356,0.0,1.0
KXNBAREB-26APR02MINDET-MINJRANDLE30-6,2026-04-02,reb,5.5,4.703,0.7969999999999997,0.33925,0.33879566508543724,1.0,1.0
KXNBAREB-26APR02MINDET-MINJRANDLE30-7,2026-04-02,reb,6.5,4.703,1.7969999999999997,0.2135,0.22489776026312258,0.0,1.0
KXNBAREB-26APR02MINDET-MINJRANDLE30-8,2026-04-02,reb,7.5,4.703,2.7969999999999997,0.1205,0.1417166971557381,0.0,1.0
KXNBAREB-26APR02MINDET-MINRGOBERT27-10,2026-04-02,reb,9.5,8.0405,1.4595000000000002,0.2975,0.3149217297135568,0.0,1.0
KXNBAREB-26APR02MINDET-MINRGOBERT27-11,2026-04-02,reb,10.5,8.0405,2.4595000000000002,0.2005,0.23636531831856322,0.0,1.0
KXNBAREB-26APR02MINDET-MINRGOBERT27-12,2026-04-02,reb,11.5,8.0405,3.4595000000000002,0.13875,0.17277701860650974,0.0,1.0
KXNBAREB-26APR02MINDET-MINRGOBERT27-14,2026-04-02,reb,13.5,8.0405,5.4595,0.05975,0.08598509030395363,0.0,1.0
KXNBAREB-26APR02MINDET-MINRGOBERT27-16,2026-04-02,reb,15.5,8.0405,7.4595,0.02,0.03939745649548643,0.0,1.0
KXNBAAST-26APR02MINDET-DETATHOMPSON9-10,2026-04-02,ast,9.5,2.07275,7.42725,0.0,0.0004080578647795985,0.0,1.0
KXNBAAST-26APR02MINDET-DETATHOMPSON9-2,2026-04-02,ast,1.5,2.07275,-0.5727500000000001,0.604,0.5886392417340862,1.0,1.0
KXNBAAST-26APR02MINDET-DETATHOMPSON9-4,2026-04-02,ast,3.5,2.07275,1.42725,0.16625,0.17031369536896224,1.0,1.0
KXNBAAST-26APR02MINDET-DETATHOMPSON9-6,2026-04-02,ast,5.5,2.07275,3.42725,0.02825,0.030518603648125198,1.0,1.0
KXNBAAST-26APR02MINDET-DETATHOMPSON9-8,2026-04-02,ast,7.5,2.07275,5.42725,0.00175,0.003959205150839362,1.0,1.0
KXNBAAST-26APR02MINDET-DETTHARRIS12-10,2026-04-02,ast,9.5,1.8355,7.6645,0.00025,0.00017121906858186264,0.0,1.0
KXNBAAST-26APR02MINDET-DETTHARRIS12-2,2026-04-02,ast,1.5,1.8355,-0.3354999999999999,0.545,0.52838073397148,0.0,1.0
KXNBAAST-26APR02MINDET-DETTHARRIS12-4,2026-04-02,ast,3.5,1.8355,1.6645,0.1185,0.12871648901215127,0.0,1.0
KXNBAAST-26APR02MINDET-DETTHARRIS12-6,2026-04-02,ast,5.5,1.8355,3.6645000000000003,0.015,0.019063619465865655,0.0,1.0
KXNBAAST-26APR02MINDET-DETTHARRIS12-8,2026-04-02,ast,7.5,1.8355,5.6645,0.00075,0.0020301495066018527,0.0,1.0
KXNBAAST-26APR02MINDET-MINDDIVINCENZO0-2,2026-04-02,ast,1.5,2.42975,-0.9297499999999999,0.68225,0.6664890742704707,0.0,1.0
KXNBAAST-26APR02MINDET-MINDDIVINCENZO0-3,2026-04-02,ast,2.5,2.42975,0.07025000000000015,0.44325,0.42640011808793865,0.0,1.0
KXNBAAST-26APR02MINDET-MINDDIVINCENZO0-4,2026-04-02,ast,3.5,2.42975,1.0702500000000001,0.23275,0.23828724483548247,0.0,1.0
KXNBAAST-26APR02MINDET-MINDDIVINCENZO0-6,2026-04-02,ast,5.5,2.42975,3.07025,0.04175,0.054247001187241906,0.0,1.0
KXNBAAST-26APR02MINDET-MINDDIVINCENZO0-8,2026-04-02,ast,7.5,2.42975,5.07025,0.00525,0.009035696867507492,0.0,1.0
KXNBAAST-26APR02MINDET-MINJRANDLE30-2,2026-04-02,ast,1.5,2.94125,-1.4412500000000001,0.769,0.7541838803234661,1.0,1.0
KXNBAAST-26APR02MINDET-MINJRANDLE30-4,2026-04-02,ast,3.5,2.94125,0.5587499999999999,0.3415,0.3399946039900783,1.0,1.0
KXNBAAST-26APR02MINDET-MINJRANDLE30-5,2026-04-02,ast,4.5,2.94125,1.5587499999999999,0.18725,0.1940147970383389,1.0,1.0
KXNBAAST-26APR02MINDET-MINJRANDLE30-6,2026-04-02,ast,5.5,2.94125,2.55875,0.0925,0.10150291399236899,1.0,1.0
KXNBAAST-26APR02MINDET-MINJRANDLE30-8,2026-04-02,ast,7.5,2.94125,4.55875,0.017,0.022518838349047998,0.0,1.0
KXNBA3PT-26APR02MINDET-DETDROBINSON55-1,2026-04-02,fg3m,0.5,1.85025,-1.35025,0.84125,0.809237488113108,1.0,1.0
KXNBA3PT-26APR02MINDET-DETDROBINSON55-2,2026-04-02,fg3m,1.5,1.85025,-0.35024999999999995,0.5525,0.5251395821990714,1.0,1.0
KXNBA3PT-26APR02MINDET-DETDROBINSON55-3,2026-04-02,fg3m,2.5,1.85025,0.64975,0.28575,0.285876528151463,1.0,1.0
KXNBA3PT-26APR02MINDET-DETDROBINSON55-4,2026-04-02,fg3m,3.5,1.85025,1.64975,0.1145,0.1359809773698426,0.0,1.0
KXNBA3PT-26APR02MINDET-DETDROBINSON55-5,2026-04-02,fg3m,4.5,1.85025,2.64975,0.04125,0.05823912803489839,0.0,1.0
KXNBA3PT-26APR02MINDET-DETTHARRIS12-1,2026-04-02,fg3m,0.5,0.839,-0.33899999999999997,0.564,0.548877111270533,0.0,1.0
KXNBA3PT-26APR02MINDET-DETTHARRIS12-2,2026-04-02,fg3m,1.5,0.839,0.661,0.2045,0.2078652772877262,0.0,1.0
KXNBA3PT-26APR02MINDET-DETTHARRIS12-3,2026-04-02,fg3m,2.5,0.839,1.661,0.057,0.06209242637256507,0.0,1.0
KXNBA3PT-26APR02MINDET-DETTHARRIS12-4,2026-04-02,fg3m,3.5,0.839,2.661,0.0115,0.015738200197179197,0.0,1.0
KXNBA3PT-26APR02MINDET-DETTHARRIS12-5,2026-04-02,fg3m,4.5,0.839,3.661,0.0015,0.0035355250915443115,0.0,1.0
KXNBAPTS-26APR02CLEGSW-CLEDMITCHELL45-15,2026-04-02,pts,14.5,16.79475,-2.2947500000000005,0.59575,0.5657646271810315,1.0,1.0
KXNBAPTS-26APR02CLEGSW-CLEDMITCHELL45-20,2026-04-02,pts,19.5,16.79475,2.7052499999999995,0.32725,0.321764231087049,1.0,1.0
KXNBAPTS-26APR02CLEGSW-CLEDMITCHELL45-25,2026-04-02,pts,24.5,16.79475,7.7052499999999995,0.1395,0.15786366234296112,1.0,1.0
KXNBAPTS-26APR02CLEGSW-CLEDMITCHELL45-30,2026-04-02,pts,29.5,16.79475,12.70525,0.04575,0.06908329607890273,0.0,1.0
KXNBAPTS-26APR02CLEGSW-CLEDMITCHELL45-35,2026-04-02,pts,34.5,16.79475,17.70525,0.01475,0.02764546506481047,0.0,1.0
KXNBAPTS-26APR02CLEGSW-CLEDSCHRODER8-10,2026-04-02,pts,9.5,5.8895,3.6105,0.17925,0.14104939243899994,1.0,1.0
KXNBAPTS-26APR02CLEGSW-CLEDSCHRODER8-15,2026-04-02,pts,14.5,5.8895,8.6105,0.0355,0.01794790914628286,0.0,1.0
KXNBAPTS-26APR02CLEGSW-CLEDSCHRODER8-20,2026-04-02,pts,19.5,5.8895,13.6105,0.005,0.0016188355399848753,0.0,1.0
KXNBAPTS-26APR02CLEGSW-CLEEMOBLEY4-15,2026-04-02,pts,14.5,11.8245,2.6754999999999995,0.287,0.2856121913703381,0.0,1.0
KXNBAPTS-26APR02CLEGSW-CLEEMOBLEY4-20,2026-04-02,pts,19.5,11.8245,7.6754999999999995,0.0955,0.1035651985977506,0.0,1.0
KXNBAPTS-26APR02CLEGSW-CLEEMOBLEY4-25,2026-04-02,pts,24.5,11.8245,12.6755,0.02425,0.031327831237325854,0.0,1.0
KXNBAPTS-26APR02CLEGSW-CLEEMOBLEY4-30,2026-04-02,pts,29.5,11.8245,17.6755,0.004,0.008301509313802247,0.0,1.0
KXNBAPTS-26APR02CLEGSW-CLEJALLEN31-10,2026-04-02,pts,9.5,9.9895,-0.4894999999999996,0.4935,0.4831798942781548,1.0,1.0
KXNBAPTS-26APR02CLEGSW-CLEJALLEN31-15,2026-04-02,pts,14.5,9.9895,4.5105,0.1935,0.1764305230446277,1.0,1.0
KXNBAPTS-26APR02CLEGSW-CLEJALLEN31-20,2026-04-02,pts,19.5,9.9895,9.5105,0.053,0.04858241201707303,0.0,1.0
KXNBAPTS-26APR02CLEGSW-CLEJALLEN31-25,2026-04-02,pts,24.5,9.9895,14.5105,0.01225,0.01102178168592971,0.0,1.0
KXNBAPTS-26APR02CLEGSW-CLEJHARDEN1-10,2026-04-02,pts,9.5,13.27425,-3.7742500000000003,0.70175,0.691060196939919,1.0,1.0
KXNBAPTS-26APR02CLEGSW-CLEJHARDEN1-15,2026-04-02,pts,14.5,13.27425,1.2257499999999997,0.39175,0.3739701880686005,1.0,1.0
KXNBAPTS-26APR02CLEGSW-CLEJHARDEN1-20,2026-04-02,pts,19.5,13.27425,6.22575,0.1625,0.16015431988939355,0.0,1.0
KXNBAPTS-26APR02CLEGSW-CLEJHARDEN1-25,2026-04-02,pts,24.5,13.27425,11.22575,0.04875,0.057784981377790645,0.0,1.0
KXNBAPTS-26APR02CLEGSW-CLEJHARDEN1-30,2026-04-02,pts,29.5,13.27425,16.225749999999998,0.01325,0.018359610856461872,0.0,1.0
KXNBAPTS-26APR02CLEGSW-GSWDGREEN23-10,2026-04-02,pts,9.5,6.32475,3.17525,0.21275,0.17490898007563171,0.0,1.0
KXNBAPTS-26APR02CLEGSW-GSWDGREEN23-15,2026-04-02,pts,14.5,6.32475,8.17525,0.05475,0.026289678074181477,0.0,1.0
KXNBAPTS-26APR02CLEGSW-GSWDGREEN23-20,2026-04-02,pts,19.5,6.32475,13.17525,0.00825,0.002819134424392411,0.0,1.0
KXNBAPTS-26APR02CLEGSW-GSWKPORZINGIS7-10,2026-04-02,pts,9.5,11.53125,-2.03125,0.58625,0.5920233978581658,1.0,1.0
KXNBAPTS-26APR02CLEGSW-GSWKPORZINGIS7-15,2026-04-02,pts,14.5,11.53125,2.96875,0.2905,0.2676736486166964,1.0,1.0
KXNBAPTS-26APR02CLEGSW-GSWKPORZINGIS7-20,2026-04-02,pts,19.5,11.53125,7.96875,0.10075,0.09339256151271036,0.0,1.0
KXNBAPTS-26APR02CLEGSW-GSWKPORZINGIS7-25,2026-04-02,pts,24.5,11.53125,12.96875,0.0325,0.02712876136359832,0.0,1.0
KXNBAPTS-26APR02CLEGSW-GSWKPORZINGIS7-30,2026-04-02,pts,29.5,11.53125,17.96875,0.0095,0.006896118689124986,0.0,1.0
KXNBAREB-26APR02CLEGSW-CLEDMITCHELL45-10,2026-04-02,reb,9.5,3.187,6.313000000000001,0.0025,0.006780830255956882,0.0,1.0
KXNBAREB-26APR02CLEGSW-CLEDMITCHELL45-2,2026-04-02,reb,1.5,3.187,-1.6869999999999998,0.8125,0.7859090811176921,1.0,1.0
KXNBAREB-26APR02CLEGSW-CLEDMITCHELL45-4,2026-04-02,reb,3.5,3.187,0.31300000000000017,0.38875,0.3879783692485531,1.0,1.0
KXNBAREB-26APR02CLEGSW-CLEDMITCHELL45-6,2026-04-02,reb,5.5,3.187,2.313,0.11775,0.1302217866748645,1.0,1.0
KXNBAREB-26APR02CLEGSW-CLEDMITCHELL45-8,2026-04-02,reb,7.5,3.187,4.313000000000001,0.018,0.032972548238171084,0.0,1.0
KXNBAREB-26APR02CLEGSW-CLEEMOBLEY4-10,2026-04-02,reb,9.5,6.14175,3.35825,0.10975,0.14130869252360245,1.0,1.0
KXNBAREB-26APR02CLEGSW-CLEEMOBLEY4-12,2026-04-02,reb,11.5,6.14175,5.35825,0.0355,0.05861531610685522,0.0,1.0
KXNBAREB-26APR02CLEGSW-CLEEMOBLEY4-4,2026-04-02,reb,3.5,6.14175,-2.64175,0.84125,0.7939390700575745,1.0,1.0
KXNBAREB-26APR02CLEGSW-CLEEMOBLEY4-6,2026-04-02,reb,5.5,6.14175,-0.64175,0.56175,0.5356982195660217,1.0,1.0
KXNBAREB-26APR02CLEGSW-CLEEMOBLEY4-8,2026-04-02,reb,7.5,6.14175,1.35825,0.28225,0.29833486010989163,1.0,1.0
KXNBAREB-26APR02CLEGSW-CLEJALLEN31-10,2026-04-02,reb,9.5,5.75825,3.7417499999999997,0.092,0.11218139872715416,1.0,1.0
KXNBAREB-26APR02CLEGSW-CLEJALLEN31-12,2026-04-02,reb,11.5,5.75825,5.74175,0.0265,0.04321529412446723,1.0,1.0
KXNBAREB-26APR02CLEGSW-CLEJALLEN31-6,2026-04-02,reb,5.5,5.75825,-0.2582500000000003,0.50875,0.48657663809059004,1.0,1.0
KXNBAREB-26APR02CLEGSW-CLEJALLEN31-7,2026-04-02,reb,6.5,5.75825,0.7417499999999997,0.3615,0.3599025504494282,1.0,1.0
KXNBAREB-26APR02CLEGSW-CLEJALLEN31-8,2026-04-02,reb,7.5,5.75825,1.7417499999999997,0.2405,0.25412138338299184,1.0,1.0
KXNBAREB-26APR02CLEGSW-CLEJHARDEN1-2,2026-04-02,reb,1.5,3.7755,-2.2755,0.88,0.8487822908200915,1.0,1.0
KXNBAREB-26APR02CLEGSW-CLEJHARDEN1-4,2026-04-02,reb,3.5,3.7755,-0.2755000000000001,0.51375,0.49647735896342404,0.0,1.0
KXNBAREB-26APR02CLEGSW-CLEJHARDEN1-5,2026-04-02,reb,4.5,3.7755,0.7244999999999999,0.3305,0.3320519772323426,0.0,1.0
KXNBAREB-26APR02CLEGSW-CLEJHARDEN1-6,2026-04-02,reb,5.5,3.7755,1.7245,0.192,0.20590050763474876,0.0,1.0
KXNBAREB-26APR02CLEGSW-CLEJHARDEN1-8,2026-04-02,reb,7.5,3.7755,3.7245,0.04425,0.06559211683340693,0.0,1.0
KXNBAREB-26APR02CLEGSW-GSWDGREEN23-10,2026-04-02,reb,9.5,4.02425,5.47575,0.01375,0.023674352094447237,0.0,1.0
KXNBAREB-26APR02CLEGSW-GSWDGREEN23-2,2026-04-02,reb,1.5,4.02425,-2.5242500000000003,0.88675,0.8693097176408698,1.0,1.0
KXNBAREB-26APR02CLEGSW-GSWDGREEN23-4,2026-04-02,reb,3.5,4.02425,-0.5242500000000003,0.55675,0.5385818364691574,1.0,1.0
KXNBAREB-26APR02CLEGSW-GSWDGREEN23-6,2026-04-02,reb,5.5,4.02425,1.4757499999999997,0.2295,0.24064706545368064,1.0,1.0
KXNBAREB-26APR02CLEGSW-GSWDGREEN23-8,2026-04-02,reb,7.5,4.02425,3.4757499999999997,0.0685,0.08323082604806797,1.0,1.0
KXNBAREB-26APR02CLEGSW-GSWKPORZINGIS7-10,2026-04-02,reb,9.5,3.65225,5.84775,0.00975,0.014385312788181892,0.0,1.0
KXNBAREB-26APR02CLEGSW-GSWKPORZINGIS7-2,2026-04-02,reb,1.5,3.65225,-2.15225,0.85075,0.8374011386071968,1.0,1.0
KXNBAREB-26APR02CLEGSW-GSWKPORZINGIS7-4,2026-04-02,reb,3.5,3.65225,-0.15225,0.48475,0.47471901495746305,1.0,1.0
KXNBAREB-26APR02CLEGSW-GSWKPORZINGIS7-6,2026-04-02,reb,5.5,3.65225,1.84775,0.184,0.1891729529401316,1.0,1.0
KXNBAREB-26APR02CLEGSW-GSWKPORZINGIS7-8,2026-04-02,reb,7.5,3.65225,3.84775,0.0485,0.057685548261641295,0.0,1.0
KXNBAAST-26APR02CLEGSW-CLEDMITCHELL45-10,2026-04-02,ast,9.5,3.28875,6.21125,0.00325,0.007737978898688991,0.0,1.0
KXNBAAST-26APR02CLEGSW-CLEDMITCHELL45-2,2026-04-02,ast,1.5,3.28875,-1.7887499999999998,0.825,0.8003930462685578,1.0,1.0
KXNBAAST-26APR02CLEGSW-CLEDMITCHELL45-4,2026-04-02,ast,3.5,3.28875,0.21125000000000016,0.42125,0.4079597354334944,0.0,1.0
KXNBAAST-26APR02CLEGSW-CLEDMITCHELL45-6,2026-04-02,ast,5.5,3.28875,2.21125,0.1225,0.14133986892955286,0.0,1.0
KXNBAAST-26APR02CLEGSW-CLEDMITCHELL45-8,2026-04-02,ast,7.5,3.28875,4.21125,0.0255,0.036783788632035685,0.0,1.0
KXNBAAST-26APR02CLEGSW-CLEDSCHRODER8-2,2026-04-02,ast,1.5,2.37,-0.8700000000000001,0.66575,0.6544834529388482,1.0,1.0
KXNBAAST-26APR02CLEGSW-CLEDSCHRODER8-3,2026-04-02,ast,2.5,2.37,0.1299999999999999,0.41675,0.4124329960156228,1.0,1.0
KXNBAAST-26APR02CLEGSW-CLEDSCHRODER8-4,2026-04-02,ast,3.5,2.37,1.13,0.229,0.22660466364400378,1.0,1.0
KXNBAAST-26APR02CLEGSW-CLEDSCHRODER8-6,2026-04-02,ast,5.5,2.37,3.13,0.043,0.04972728974966212,1.0,1.0
KXNBAAST-26APR02CLEGSW-CLEDSCHRODER8-8,2026-04-02,ast,7.5,2.37,5.13,0.0055,0.007969969628999096,0.0,1.0
KXNBAAST-26APR02CLEGSW-CLEJHARDEN1-10,2026-04-02,ast,9.5,4.806,4.694,0.03075,0.05283711294594817,0.0,1.0
KXNBAAST-26APR02CLEGSW-CLEJHARDEN1-12,2026-04-02,ast,11.5,4.806,6.694,0.008,0.015995705313401,0.0,1.0
KXNBAAST-26APR02CLEGSW-CLEJHARDEN1-4,2026-04-02,ast,3.5,4.806,-1.306,0.69775,0.6561766145515491,1.0,1.0
KXNBAAST-26APR02CLEGSW-CLEJHARDEN1-6,2026-04-02,ast,5.5,4.806,0.694,0.35125,0.3536971021087666,0.0,1.0
KXNBAAST-26APR02CLEGSW-CLEJHARDEN1-8,2026-04-02,ast,7.5,4.806,2.694,0.12225,0.15025835105729313,0.0,1.0
KXNBAAST-26APR02CLEGSW-GSWDGREEN23-10,2026-04-02,ast,9.5,3.37175,6.1282499999999995,0.00575,0.008909425322660147,0.0,1.0
KXNBAAST-26APR02CLEGSW-GSWDGREEN23-2,2026-04-02,ast,1.5,3.37175,-1.87175,0.8275,0.8100737231109064,1.0,1.0
KXNBAAST-26APR02CLEGSW-GSWDGREEN23-4,2026-04-02,ast,3.5,3.37175,0.12824999999999998,0.4365,0.4237812017149347,1.0,1.0
KXNBAAST-26APR02CLEGSW-GSWDGREEN23-6,2026-04-02,ast,5.5,3.37175,2.12825,0.136,0.15161998265968746,1.0,1.0
KXNBAAST-26APR02CLEGSW-GSWDGREEN23-8,2026-04-02,ast,7.5,3.37175,4.1282499999999995,0.03325,0.04085482537277718,1.0,1.0
KXNBA3PT-26APR02CLEGSW-CLEDMITCHELL45-1,2026-04-02,fg3m,0.5,1.81025,-1.31025,0.82525,0.8029823050442537,1.0,1.0
KXNBA3PT-26APR02CLEGSW-CLEDMITCHELL45-2,2026-04-02,fg3m,1.5,1.81025,-0.3102499999999999,0.53175,0.5146960241816454,1.0,1.0
KXNBA3PT-26APR02CLEGSW-CLEDMITCHELL45-3,2026-04-02,fg3m,2.5,1.81025,0.6897500000000001,0.27225,0.27614827317935886,1.0,1.0
KXNBA3PT-26APR02CLEGSW-CLEDMITCHELL45-4,2026-04-02,fg3m,3.5,1.81025,1.68975,0.11775,0.12931240059853133,1.0,1.0
KXNBA3PT-26APR02CLEGSW-CLEDMITCHELL45-5,2026-04-02,fg3m,4.5,1.81025,2.68975,0.0435,0.05448820868396764,0.0,1.0
KXNBA3PT-26APR02CLEGSW-CLEJHARDEN1-1,2026-04-02,fg3m,0.5,1.90575,-1.40575,0.8435,0.8175479785857744,1.0,1.0
KXNBA3PT-26APR02CLEGSW-CLEJHARDEN1-2,2026-04-02,fg3m,1.5,1.90575,-0.40575000000000006,0.557,0.5393044419805917,1.0,1.0
KXNBA3PT-26APR02CLEGSW-CLEJHARDEN1-3,2026-04-02,fg3m,2.5,1.90575,0.59425,0.30125,0.29934706856908533,1.0,1.0
KXNBA3PT-26APR02CLEGSW-CLEJHARDEN1-4,2026-04-02,fg3m,3.5,1.90575,1.59425,0.13175,0.14540808839031194,0.0,1.0
KXNBA3PT-26APR02CLEGSW-CLEJHARDEN1-5,2026-04-02,fg3m,4.5,1.90575,2.5942499999999997,0.05025,0.06365274714152014,0.0,1.0
KXNBAPTS-26APR02SASLAC-LACBLOPEZ11-10,2026-04-02,pts,9.5,7.239,2.261,0.286,0.25166856004515614,0.0,1.0
KXNBAPTS-26APR02SASLAC-LACBLOPEZ11-15,2026-04-02,pts,14.5,7.239,7.261,0.0775,0.05079835315198633,0.0,1.0
KXNBAPTS-26APR02SASLAC-LACBLOPEZ11-20,2026-04-02,pts,19.5,7.239,12.261,0.019,0.007416418394256441,0.0,1.0
KXNBAPTS-26APR02SASLAC-LACBLOPEZ11-25,2026-04-02,pts,24.5,7.239,17.261,0.003,0.0008760044198545813,0.0,1.0
KXNBAPTS-26APR02SASLAC-LACBMATHURIN9-10,2026-04-02,pts,9.5,12.32575,-2.8257499999999993,0.64425,0.64026938052501,1.0,1.0
KXNBAPTS-26APR02SASLAC-LACBMATHURIN9-15,2026-04-02,pts,14.5,12.32575,2.1742500000000007,0.33225,0.31634321156438816,1.0,1.0
KXNBAPTS-26APR02SASLAC-LACBMATHURIN9-20,2026-04-02,pts,19.5,12.32575,7.174250000000001,0.1255,0.12202229126485542,0.0,1.0
KXNBAPTS-26APR02SASLAC-LACBMATHURIN9-25,2026-04-02,pts,24.5,12.32575,12.17425,0.035,0.039398950564541124,0.0,1.0
KXNBAPTS-26APR02SASLAC-LACDGARLAND10-10,2026-04-02,pts,9.5,13.352,-3.8520000000000003,0.6915,0.6949094291370199,1.0,1.0
KXNBAPTS-26APR02SASLAC-LACDGARLAND10-15,2026-04-02,pts,14.5,13.352,1.1479999999999997,0.39575,0.3786298657156124,0.0,1.0
KXNBAPTS-26APR02SASLAC-LACDGARLAND10-20,2026-04-02,pts,19.5,13.352,6.148,0.1735,0.16344006253751742,0.0,1.0
KXNBAPTS-26APR02SASLAC-LACDGARLAND10-25,2026-04-02,pts,24.5,13.352,11.148,0.06,0.059471218850620566,0.0,1.0
KXNBAPTS-26APR02SASLAC-LACDGARLAND10-30,2026-04-02,pts,29.5,13.352,16.148,0.01625,0.019061167467978368,0.0,1.0
KXNBAPTS-26APR02SASLAC-LACDJONES5-10,2026-04-02,pts,9.5,6.55825,2.94175,0.22825,0.19393267505889666,0.0,1.0
KXNBAPTS-26APR02SASLAC-LACDJONES5-15,2026-04-02,pts,14.5,6.55825,7.94175,0.0495,0.03163437893665344,0.0,1.0
KXNBAPTS-26APR02SASLAC-LACDJONES5-20,2026-04-02,pts,19.5,6.55825,12.941749999999999,0.00825,0.003694381884462472,0.0,1.0
KXNBAPTS-26APR02SASLAC-LACJCOLLINS20-10,2026-04-02,pts,9.5,8.5555,0.9444999999999997,0.38425,0.366016758448788,1.0,1.0
KXNBAPTS-26APR02SASLAC-LACJCOLLINS20-15,2026-04-02,pts,14.5,8.5555,5.9445,0.11875,0.10246880300092076,1.0,1.0
KXNBAPTS-26APR02SASLAC-LACJCOLLINS20-20,2026-04-02,pts,19.5,8.5555,10.9445,0.02675,0.021168020209819338,0.0,1.0
KXNBAPTS-26APR02SASLAC-LACKLEONARD2-25,2026-04-02,pts,24.5,16.32425,8.17575,0.1275,0.14208072654753479,0.0,1.0
KXNBAPTS-26APR02SASLAC-LACKLEONARD2-30,2026-04-02,pts,29.5,16.32425,13.17575,0.04375,0.060021690467782385,0.0,1.0
KXNBAPTS-26APR02SASLAC-LACKLEONARD2-35,2026-04-02,pts,34.5,16.32425,18.17575,0.01325,0.02316319791962096,0.0,1.0
KXNBAPTS-26APR02SASLAC-LACKLEONARD2-40,2026-04-02,pts,39.5,16.32425,23.17575,0.004,0.008319091773830722,0.0,1.0
KXNBAPTS-26APR02SASLAC-SASDFOX4-10,2026-04-02,pts,9.5,11.71725,-2.21725,0.615,0.6037973041286904,1.0,1.0
KXNBAPTS-26APR02SASLAC-SASDFOX4-15,2026-04-02,pts,14.5,11.71725,2.78275,0.291,0.27904380861827205,1.0,1.0
KXNBAPTS-26APR02SASLAC-SASDFOX4-20,2026-04-02,pts,19.5,11.71725,7.78275,0.1015,0.09978892973928688,1.0,1.0
KXNBAPTS-26APR02SASLAC-SASDFOX4-25,2026-04-02,pts,24.5,11.71725,12.78275,0.02625,0.029747745253148827,0.0,1.0
KXNBAPTS-26APR02SASLAC-SASDHARPER2-10,2026-04-02,pts,9.5,10.12175,-0.6217500000000005,0.51375,0.4932802766614426,1.0,1.0
KXNBAPTS-26APR02SASLAC-SASDHARPER2-15,2026-04-02,pts,14.5,10.12175,4.3782499999999995,0.18125,0.18391782148550218,1.0,1.0
KXNBAPTS-26APR02SASLAC-SASDHARPER2-20,2026-04-02,pts,19.5,10.12175,9.37825,0.046,0.05181557854395902,0.0,1.0
KXNBAPTS-26APR02SASLAC-SASDVASSELL24-10,2026-04-02,pts,9.5,10.26275,-0.7627500000000005,0.5275,0.5038978337757092,1.0,1.0
KXNBAPTS-26APR02SASLAC-SASDVASSELL24-15,2026-04-02,pts,14.5,10.26275,4.2372499999999995,0.2165,0.19199301732778773,0.0,1.0
KXNBAPTS-26APR02SASLAC-SASDVASSELL24-20,2026-04-02,pts,19.5,10.26275,9.23725,0.05675,0.05539323909652827,0.0,1.0
KXNBAPTS-26APR02SASLAC-SASDVASSELL24-25,2026-04-02,pts,24.5,10.26275,14.23725,0.011,0.013191583538334162,0.0,1.0
KXNBAPTS-26APR02SASLAC-SASSCASTLE5-10,2026-04-02,pts,9.5,12.441,-2.9410000000000007,0.66825,0.646828686101022,1.0,1.0
KXNBAPTS-26APR02SASLAC-SASSCASTLE5-15,2026-04-02,pts,14.5,12.441,2.0589999999999993,0.3445,0.3233995337354093,1.0,1.0
KXNBAPTS-26APR02SASLAC-SASSCASTLE5-20,2026-04-02,pts,19.5,12.441,7.058999999999999,0.116,0.12644410523520255,1.0,1.0
KXNBAPTS-26APR02SASLAC-SASSCASTLE5-25,2026-04-02,pts,24.5,12.441,12.059,0.0335,0.041415624451935695,0.0,1.0
KXNBAREB-26APR02SASLAC-LACBLOPEZ11-2,2026-04-02,reb,1.5,3.7855,-2.2855,0.8695,0.8496688583111247,1.0,1.0
KXNBAREB-26APR02SASLAC-LACBLOPEZ11-4,2026-04-02,reb,3.5,3.7855,-0.28549999999999986,0.52175,0.4982174524038925,1.0,1.0
KXNBAREB-26APR02SASLAC-LACBLOPEZ11-5,2026-04-02,reb,4.5,3.7855,0.7145000000000001,0.32675,0.33372239575472096,1.0,1.0
KXNBAREB-26APR02SASLAC-LACBLOPEZ11-6,2026-04-02,reb,5.5,3.7855,1.7145000000000001,0.192,0.20727364877492738,1.0,1.0
KXNBAREB-26APR02SASLAC-LACBLOPEZ11-8,2026-04-02,reb,7.5,3.7855,3.7145,0.052,0.06625818947774564,0.0,1.0
KXNBAREB-26APR02SASLAC-LACBMATHURIN9-10,2026-04-02,reb,9.5,4.38725,5.11275,0.02425,0.035908639426304734,0.0,1.0
KXNBAREB-26APR02SASLAC-LACBMATHURIN9-2,2026-04-02,reb,1.5,4.38725,-2.88725,0.916,0.8942002051879245,1.0,1.0
KXNBAREB-26APR02SASLAC-LACBMATHURIN9-4,2026-04-02,reb,3.5,4.38725,-0.8872499999999999,0.623,0.5954029963446188,1.0,1.0
KXNBAREB-26APR02SASLAC-LACBMATHURIN9-6,2026-04-02,reb,5.5,4.38725,1.1127500000000001,0.28475,0.2928637579552057,1.0,1.0
KXNBAREB-26APR02SASLAC-LACBMATHURIN9-8,2026-04-02,reb,7.5,4.38725,3.11275,0.08975,0.11276417359773105,0.0,1.0
KXNBAREB-26APR02SASLAC-LACJCOLLINS20-10,2026-04-02,reb,9.5,4.406,5.094,0.025,0.036630370223232234,0.0,1.0
KXNBAREB-26APR02SASLAC-LACJCOLLINS20-2,2026-04-02,reb,1.5,4.406,-2.9059999999999997,0.91275,0.8953424808615711,1.0,1.0
KXNBAREB-26APR02SASLAC-LACJCOLLINS20-4,2026-04-02,reb,3.5,4.406,-0.9059999999999997,0.61275,0.5981847692063214,1.0,1.0
KXNBAREB-26APR02SASLAC-LACJCOLLINS20-6,2026-04-02,reb,5.5,4.406,1.0940000000000003,0.297,0.29558743112221464,1.0,1.0
KXNBAREB-26APR02SASLAC-LACJCOLLINS20-8,2026-04-02,reb,7.5,4.406,3.0940000000000003,0.10275,0.11440345259448959,0.0,1.0
KXNBAREB-26APR02SASLAC-LACKLEONARD2-10,2026-04-02,reb,9.5,4.81725,4.68275,0.036,0.0547383320797985,0.0,1.0
KXNBAREB-26APR02SASLAC-LACKLEONARD2-12,2026-04-02,reb,11.5,4.81725,6.68275,0.0065,0.01696249308999198,0.0,1.0
KXNBAREB-26APR02SASLAC-LACKLEONARD2-6,2026-04-02,reb,5.5,4.81725,0.6827500000000004,0.35875,0.35536916631465987,1.0,1.0
KXNBAREB-26APR02SASLAC-LACKLEONARD2-7,2026-04-02,reb,6.5,4.81725,1.6827500000000004,0.224,0.23913564197862403,0.0,1.0
KXNBAREB-26APR02SASLAC-LACKLEONARD2-8,2026-04-02,reb,7.5,4.81725,2.6827500000000004,0.132,0.1528480121632464,0.0,1.0
KXNBAREB-26APR02SASLAC-SASDFOX4-10,2026-04-02,reb,9.5,2.52675,6.97325,0.00075,0.0016503983095990105,0.0,1.0
KXNBAREB-26APR02SASLAC-SASDFOX4-2,2026-04-02,reb,1.5,2.52675,-1.0267499999999998,0.7,0.6835358299618295,1.0,1.0
KXNBAREB-26APR02SASLAC-SASDFOX4-4,2026-04-02,reb,3.5,2.52675,0.9732500000000002,0.25025,0.25779187235382683,1.0,1.0
KXNBAREB-26APR02SASLAC-SASDFOX4-6,2026-04-02,reb,5.5,2.52675,2.97325,0.056,0.06293007012786966,1.0,1.0
KXNBAREB-26APR02SASLAC-SASDFOX4-8,2026-04-02,reb,7.5,2.52675,4.97325,0.007,0.011361235763939326,1.0,1.0
KXNBAREB-26APR02SASLAC-SASSCASTLE5-2,2026-04-02,reb,1.5,4.12775,-2.62775,0.90375,0.8769759233755315,1.0,1.0
KXNBAREB-26APR02SASLAC-SASSCASTLE5-4,2026-04-02,reb,3.5,4.12775,-0.6277499999999998,0.568,0.5553532269220776,1.0,1.0
KXNBAREB-26APR02SASLAC-SASSCASTLE5-5,2026-04-02,reb,4.5,4.12775,0.3722500000000002,0.39475,0.3903799637494929,0.0,1.0
KXNBAREB-26APR02SASLAC-SASSCASTLE5-6,2026-04-02,reb,5.5,4.12775,1.3722500000000002,0.2515,0.25540027926830167,0.0,1.0
KXNBAREB-26APR02SASLAC-SASSCASTLE5-8,2026-04-02,reb,7.5,4.12775,3.37225,0.0715,0.0912092136968562,0.0,1.0
KXNBAAST-26APR02SASLAC-LACBMATHURIN9-10,2026-04-02,ast,9.5,1.6745,7.8255,0.0,8.688779805066105e-05,0.0,1.0
KXNBAAST-26APR02SASLAC-LACBMATHURIN9-2,2026-04-02,ast,1.5,1.6745,-0.1745000000000001,0.4885,0.4834687369939006,1.0,1.0
KXNBAAST-26APR02SASLAC-LACBMATHURIN9-4,2026-04-02,ast,3.5,1.6745,1.8255,0.1015,0.10288561154119824,0.0,1.0
KXNBAAST-26APR02SASLAC-LACBMATHURIN9-6,2026-04-02,ast,5.5,1.6745,3.8255,0.01,0.01314564034195187,0.0,1.0
KXNBAAST-26APR02SASLAC-LACBMATHURIN9-8,2026-04-02,ast,7.5,1.6745,5.8255,0.00125,0.0012021937825275053,0.0,1.0
KXNBAAST-26APR02SASLAC-LACDGARLAND10-10,2026-04-02,ast,9.5,4.8045,4.6955,0.0455,0.05276449364034452,0.0,1.0
KXNBAAST-26APR02SASLAC-LACDGARLAND10-12,2026-04-02,ast,11.5,4.8045,6.6955,0.0095,0.015967275460906927,0.0,1.0
KXNBAAST-26APR02SASLAC-LACDGARLAND10-4,2026-04-02,ast,3.5,4.8045,-1.3045,0.6715,0.6559790013331572,0.0,1.0
KXNBAAST-26APR02SASLAC-LACDGARLAND10-6,2026-04-02,ast,5.5,4.8045,0.6955,0.34925,0.3534780538933062,0.0,1.0
KXNBAAST-26APR02SASLAC-LACDGARLAND10-8,2026-04-02,ast,7.5,4.8045,2.6955,0.137,0.15011038334812865,0.0,1.0
KXNBAAST-26APR02SASLAC-SASDFOX4-10,2026-04-02,ast,9.5,3.68775,5.812250000000001,0.0075,0.014544570261112222,0.0,1.0
KXNBAAST-26APR02SASLAC-SASDFOX4-2,2026-04-02,ast,1.5,3.68775,-2.18775,0.86475,0.8427679482268972,1.0,1.0
KXNBAAST-26APR02SASLAC-SASDFOX4-4,2026-04-02,ast,3.5,3.68775,-0.18774999999999986,0.49725,0.48203297554915736,1.0,1.0
KXNBAAST-26APR02SASLAC-SASDFOX4-6,2026-04-02,ast,5.5,3.68775,1.8122500000000001,0.1825,0.19294025493040934,0.0,1.0
KXNBAAST-26APR02SASLAC-SASDFOX4-8,2026-04-02,ast,7.5,3.68775,3.81225,0.0445,0.058743483768199045,0.0,1.0
KXNBAAST-26APR02SASLAC-SASSCASTLE5-10,2026-04-02,ast,9.5,4.8985,4.6015,0.03675,0.057428645013005375,0.0,1.0
KXNBAAST-26APR02SASLAC-SASSCASTLE5-12,2026-04-02,ast,11.5,4.8985,6.6015,0.01025,0.017817759271239964,0.0,1.0
KXNBAAST-26APR02SASLAC-SASSCASTLE5-6,2026-04-02,ast,5.5,4.8985,0.6014999999999997,0.37275,0.367179214929684,0.0,1.0
KXNBAAST-26APR02SASLAC-SASSCASTLE5-7,2026-04-02,ast,6.5,4.8985,1.6014999999999997,0.23325,0.24843343725536804,0.0,1.0
KXNBAAST-26APR02SASLAC-SASSCASTLE5-8,2026-04-02,ast,7.5,4.8985,2.6014999999999997,0.13425,0.15948866236930337,0.0,1.0
KXNBA3PT-26APR02SASLAC-LACBMATHURIN9-1,2026-04-02,fg3m,0.5,0.6505,-0.15049999999999997,0.4765,0.46434447725753225,0.0,1.0
KXNBA3PT-26APR02SASLAC-LACBMATHURIN9-2,2026-04-02,fg3m,1.5,0.6505,0.8495,0.1355,0.14326178212096752,0.0,1.0
KXNBA3PT-26APR02SASLAC-LACBMATHURIN9-3,2026-04-02,fg3m,2.5,0.6505,1.8495,0.032,0.034423714661672156,0.0,1.0
KXNBA3PT-26APR02SASLAC-LACBMATHURIN9-4,2026-04-02,fg3m,3.5,0.6505,2.8495,0.0055,0.006979536198984282,0.0,1.0
KXNBA3PT-26APR02SASLAC-LACBMATHURIN9-5,2026-04-02,fg3m,4.5,0.6505,3.8495,0.001,0.0012506173208118865,0.0,1.0
KXNBA3PT-26APR02SASLAC-LACDGARLAND10-1,2026-04-02,fg3m,0.5,2.286,-1.786,0.88325,0.8646165772411406,1.0,1.0
KXNBA3PT-26APR02SASLAC-LACDGARLAND10-2,2026-04-02,fg3m,1.5,2.286,-0.786,0.65675,0.6264522047783349,0.0,1.0
KXNBA3PT-26APR02SASLAC-LACDGARLAND10-3,2026-04-02,fg3m,2.5,2.286,0.21399999999999997,0.39625,0.38952184745697316,0.0,1.0
KXNBA3PT-26APR02SASLAC-LACDGARLAND10-4,2026-04-02,fg3m,3.5,2.286,1.214,0.20075,0.21418624303489298,0.0,1.0
KXNBA3PT-26APR02SASLAC-LACDGARLAND10-5,2026-04-02,fg3m,4.5,2.286,2.214,0.095,0.10676936024410333,0.0,1.0
KXNBA3PT-26APR02SASLAC-LACKLEONARD2-1,2026-04-02,fg3m,0.5,1.4945,-0.9944999999999999,0.76675,0.7445867150477643,1.0,1.0
KXNBA3PT-26APR02SASLAC-LACKLEONARD2-2,2026-04-02,fg3m,1.5,1.4945,0.00550000000000006,0.44325,0.4253680343786973,1.0,1.0
KXNBA3PT-26APR02SASLAC-LACKLEONARD2-3,2026-04-02,fg3m,2.5,1.4945,1.0055,0.193,0.1997542017481957,1.0,1.0
KXNBA3PT-26APR02SASLAC-LACKLEONARD2-4,2026-04-02,fg3m,3.5,1.4945,2.0055,0.06425,0.08113673658363107,1.0,1.0
KXNBA3PT-26APR02SASLAC-LACKLEONARD2-5,2026-04-02,fg3m,4.5,1.4945,3.0055,0.01925,0.02950882237536767,0.0,1.0
KXNBA3PT-26APR02SASLAC-SASDFOX4-1,2026-04-02,fg3m,0.5,1.1275,-0.6275,0.6755,0.650628418996791,1.0,1.0
KXNBA3PT-26APR02SASLAC-SASDFOX4-2,2026-04-02,fg3m,1.5,1.1275,0.37250000000000005,0.30175,0.3074066715656244,0.0,1.0
KXNBA3PT-26APR02SASLAC-SASDFOX4-3,2026-04-02,fg3m,2.5,1.1275,1.3725,0.11075,0.11673128731814231,0.0,1.0
KXNBA3PT-26APR02SASLAC-SASDFOX4-4,2026-04-02,fg3m,3.5,1.1275,2.3725,0.03075,0.03793242390110885,0.0,1.0
KXNBA3PT-26APR02SASLAC-SASDFOX4-5,2026-04-02,fg3m,4.5,1.1275,3.3725,0.007,0.01097376390989413,0.0,1.0
KXNBA3PT-26APR02SASLAC-SASSCASTLE5-1,2026-04-02,fg3m,0.5,1.0095,-0.5095000000000001,0.62875,0.6125259719921243,1.0,1.0
KXNBA3PT-26APR02SASLAC-SASSCASTLE5-2,2026-04-02,fg3m,1.5,1.0095,0.49049999999999994,0.2665,0.2670572757220602,1.0,1.0
KXNBA3PT-26APR02SASLAC-SASSCASTLE5-3,2026-04-02,fg3m,2.5,1.0095,1.4905,0.09,0.09287361491005508,1.0,1.0
KXNBA3PT-26APR02SASLAC-SASSCASTLE5-4,2026-04-02,fg3m,3.5,1.0095,2.4905,0.01925,0.027543771443022558,0.0,1.0
KXNBA3PT-26APR02SASLAC-SASSCASTLE5-5,2026-04-02,fg3m,4.5,1.0095,3.4905,0.00425,0.007259059432256021,0.0,1.0
KXNBAPTS-26APR02LALOKC-LALAREAVES15-10,2026-04-02,pts,9.5,15.209,-5.709,0.792,0.7740591923112792,1.0,1.0
KXNBAPTS-26APR02LALOKC-LALAREAVES15-15,2026-04-02,pts,14.5,15.209,-0.7089999999999996,0.5065,0.48492919204846474,1.0,1.0
KXNBAPTS-26APR02LALOKC-LALAREAVES15-20,2026-04-02,pts,19.5,15.209,4.291,0.2435,0.24686850486289869,0.0,1.0
KXNBAPTS-26APR02LALOKC-LALAREAVES15-25,2026-04-02,pts,24.5,15.209,9.291,0.0985,0.10727981958256516,0.0,1.0
KXNBAPTS-26APR02LALOKC-LALAREAVES15-30,2026-04-02,pts,29.5,15.209,14.291,0.0275,0.04134275159269496,0.0,1.0
KXNBAPTS-26APR02LALOKC-LALDAYTON5-10,2026-04-02,pts,9.5,7.366,2.1340000000000003,0.28825,0.2626777386908967,0.0,1.0
KXNBAPTS-26APR02LALOKC-LALDAYTON5-15,2026-04-02,pts,14.5,7.366,7.134,0.06525,0.05496439767698558,0.0,1.0
KXNBAPTS-26APR02LALOKC-LALDAYTON5-20,2026-04-02,pts,19.5,7.366,12.134,0.0125,0.008334842933127584,0.0,1.0
KXNBAPTS-26APR02LALOKC-LALLDONCIC77-30,2026-04-02,pts,29.5,22.67425,6.825749999999999,0.1995,0.22796653890624763,0.0,1.0
KXNBAPTS-26APR02LALOKC-LALLDONCIC77-35,2026-04-02,pts,34.5,22.67425,11.82575,0.08775,0.12702706483561332,0.0,1.0
KXNBAPTS-26APR02LALOKC-LALLDONCIC77-40,2026-04-02,pts,39.5,22.67425,16.82575,0.02925,0.06645930405965006,0.0,1.0
KXNBAPTS-26APR02LALOKC-LALLDONCIC77-45,2026-04-02,pts,44.5,22.67425,21.82575,0.006,0.03299952775515547,0.0,1.0
KXNBAPTS-26APR02LALOKC-LALLJAMES23-10,2026-04-02,pts,9.5,13.704,-4.204000000000001,0.73625,0.7117661954539143,1.0,1.0
KXNBAPTS-26APR02LALOKC-LALLJAMES23-15,2026-04-02,pts,14.5,13.704,0.7959999999999994,0.41375,0.39955541928900684,0.0,1.0
KXNBAPTS-26APR02LALOKC-LALLJAMES23-20,2026-04-02,pts,19.5,13.704,5.795999999999999,0.172,0.17857334328251406,0.0,1.0
KXNBAPTS-26APR02LALOKC-LALLJAMES23-25,2026-04-02,pts,24.5,13.704,10.796,0.0515,0.06743747498455788,0.0,1.0
KXNBAPTS-26APR02LALOKC-OKCCHOLMGREN7-10,2026-04-02,pts,9.5,11.50775,-2.0077499999999997,0.611,0.5905148348590895,0.0,1.0
KXNBAPTS-26APR02LALOKC-OKCCHOLMGREN7-15,2026-04-02,pts,14.5,11.50775,2.9922500000000003,0.281,0.26623958637816036,0.0,1.0
KXNBAPTS-26APR02LALOKC-OKCCHOLMGREN7-20,2026-04-02,pts,19.5,11.50775,7.99225,0.08325,0.09259847870132054,0.0,1.0
KXNBAPTS-26APR02LALOKC-OKCCHOLMGREN7-25,2026-04-02,pts,24.5,11.50775,12.99225,0.0195,0.026808747752942397,0.0,1.0
KXNBAPTS-26APR02LALOKC-OKCIHARTENSTEIN55-10,2026-04-02,pts,9.5,6.3545,3.1455,0.201,0.1773033963149876,0.0,1.0
KXNBAPTS-26APR02LALOKC-OKCIHARTENSTEIN55-15,2026-04-02,pts,14.5,6.3545,8.1455,0.036,0.02693626346629474,0.0,1.0
KXNBAPTS-26APR02LALOKC-OKCIHARTENSTEIN55-20,2026-04-02,pts,19.5,6.3545,13.1455,0.00425,0.0029208411779595433,0.0,1.0
KXNBAPTS-26APR02LALOKC-OKCJWILLIAMS8-15,2026-04-02,pts,14.5,11.79625,2.7037499999999994,0.29625,0.2838814083296707,0.0,1.0
KXNBAPTS-26APR02LALOKC-OKCJWILLIAMS8-20,2026-04-02,pts,19.5,11.79625,7.703749999999999,0.1035,0.10256437774496052,0.0,1.0
KXNBAPTS-26APR02LALOKC-OKCJWILLIAMS8-25,2026-04-02,pts,24.5,11.79625,12.70375,0.02875,0.030906644126709737,0.0,1.0
KXNBAPTS-26APR02LALOKC-OKCJWILLIAMS8-30,2026-04-02,pts,29.5,11.79625,17.70375,0.00475,0.008157811525172698,0.0,1.0
KXNBAPTS-26APR02LALOKC-OKCLDORT5-10,2026-04-02,pts,9.5,5.7785,3.7215,0.17675,0.13281481076005586,1.0,1.0
KXNBAPTS-26APR02LALOKC-OKCLDORT5-15,2026-04-02,pts,14.5,5.7785,8.721499999999999,0.03025,0.016145189472888788,0.0,1.0
KXNBAPTS-26APR02LALOKC-OKCLDORT5-20,2026-04-02,pts,19.5,5.7785,13.721499999999999,0.005,0.0013889060409444376,0.0,1.0
KXNBAPTS-26APR02LALOKC-OKCSGILGEOUSALEXANDER2-25,2026-04-02,pts,24.5,21.834,2.6660000000000004,0.36,0.3469504553799396,1.0,1.0
KXNBAPTS-26APR02LALOKC-OKCSGILGEOUSALEXANDER2-30,2026-04-02,pts,29.5,21.834,7.666,0.1585,0.20159357291352908,0.0,1.0
KXNBAPTS-26APR02LALOKC-OKCSGILGEOUSALEXANDER2-35,2026-04-02,pts,34.5,21.834,12.666,0.0655,0.10829915359485831,0.0,1.0
KXNBAPTS-26APR02LALOKC-OKCSGILGEOUSALEXANDER2-40,2026-04-02,pts,39.5,21.834,17.666,0.02,0.05456224224298545,0.0,1.0
KXNBAREB-26APR02LALOKC-LALDAYTON5-10,2026-04-02,reb,9.5,5.6525,3.8475,0.08625,0.10468455837576185,0.0,1.0
KXNBAREB-26APR02LALOKC-LALDAYTON5-12,2026-04-02,reb,11.5,5.6525,5.8475,0.02525,0.03946012733055304,0.0,1.0
KXNBAREB-26APR02LALOKC-LALDAYTON5-4,2026-04-02,reb,3.5,5.6525,-2.1525,0.76875,0.7502445649671455,0.0,1.0
KXNBAREB-26APR02LALOKC-LALDAYTON5-6,2026-04-02,reb,5.5,5.6525,-0.15249999999999986,0.48575,0.4725118548869426,0.0,1.0
KXNBAREB-26APR02LALOKC-LALDAYTON5-8,2026-04-02,reb,7.5,5.6525,1.8475000000000001,0.2355,0.24211578460111827,0.0,1.0
KXNBAREB-26APR02LALOKC-LALLDONCIC77-10,2026-04-02,reb,9.5,5.8225,3.6775,0.08675,0.11685370360035308,0.0,1.0
KXNBAREB-26APR02LALOKC-LALLDONCIC77-12,2026-04-02,reb,11.5,5.8225,5.6775,0.02725,0.04560025252926159,0.0,1.0
KXNBAREB-26APR02LALOKC-LALLDONCIC77-4,2026-04-02,reb,3.5,5.8225,-2.3225,0.818,0.7663376343831199,1.0,1.0
KXNBAREB-26APR02LALOKC-LALLDONCIC77-6,2026-04-02,reb,5.5,5.8225,-0.3224999999999998,0.50925,0.4950167656482598,0.0,1.0
KXNBAREB-26APR02LALOKC-LALLDONCIC77-8,2026-04-02,reb,7.5,5.8225,1.6775000000000002,0.24075,0.26146356067418974,0.0,1.0
KXNBAREB-26APR02LALOKC-LALLJAMES23-10,2026-04-02,reb,9.5,4.85225,4.64775,0.03375,0.05648137242062212,0.0,1.0
KXNBAREB-26APR02LALOKC-LALLJAMES23-2,2026-04-02,reb,1.5,4.85225,-3.3522499999999997,0.94575,0.9190206339165932,1.0,1.0
KXNBAREB-26APR02LALOKC-LALLJAMES23-4,2026-04-02,reb,3.5,4.85225,-1.3522499999999997,0.70025,0.6599370137379899,1.0,1.0
KXNBAREB-26APR02LALOKC-LALLJAMES23-6,2026-04-02,reb,5.5,4.85225,0.6477500000000003,0.3525,0.3604324094732645,1.0,1.0
KXNBAREB-26APR02LALOKC-LALLJAMES23-8,2026-04-02,reb,7.5,4.85225,2.6477500000000003,0.13375,0.15632141190618754,0.0,1.0
KXNBAREB-26APR02LALOKC-OKCCHOLMGREN7-10,2026-04-02,reb,9.5,6.13225,3.36775,0.10925,0.140552716994772,0.0,1.0
KXNBAREB-26APR02LALOKC-OKCCHOLMGREN7-12,2026-04-02,reb,11.5,6.13225,5.36775,0.03525,0.05820005196815914,0.0,1.0
KXNBAREB-26APR02LALOKC-OKCCHOLMGREN7-6,2026-04-02,reb,5.5,6.13225,-0.63225,0.5535,0.5345190667074372,0.0,1.0
KXNBAREB-26APR02LALOKC-OKCCHOLMGREN7-8,2026-04-02,reb,7.5,6.13225,1.36775,0.2825,0.2972309664021735,0.0,1.0
KXNBAREB-26APR02LALOKC-OKCCHOLMGREN7-9,2026-04-02,reb,8.5,6.13225,2.36775,0.182,0.20817188182298985,0.0,1.0
KXNBAREB-26APR02LALOKC-OKCIHARTENSTEIN55-10,2026-04-02,reb,9.5,6.53625,2.96375,0.1435,0.1740653866413333,0.0,1.0
KXNBAREB-26APR02LALOKC-OKCIHARTENSTEIN55-12,2026-04-02,reb,11.5,6.53625,4.96375,0.04275,0.07735573525716488,0.0,1.0
KXNBAREB-26APR02LALOKC-OKCIHARTENSTEIN55-6,2026-04-02,reb,5.5,6.53625,-1.03625,0.616,0.5828693789404233,1.0,1.0
KXNBAREB-26APR02LALOKC-OKCIHARTENSTEIN55-8,2026-04-02,reb,7.5,6.53625,0.9637500000000001,0.34275,0.3442832227752519,0.0,1.0
KXNBAREB-26APR02LALOKC-OKCIHARTENSTEIN55-9,2026-04-02,reb,8.5,6.53625,1.96375,0.231,0.2491762951186467,0.0,1.0
KXNBAREB-26APR02LALOKC-OKCJWILLIAMS8-10,2026-04-02,reb,9.5,3.086,6.414,0.0035,0.005627906376016734,0.0,1.0
KXNBAREB-26APR02LALOKC-OKCJWILLIAMS8-2,2026-04-02,reb,1.5,3.086,-1.5859999999999999,0.79025,0.7727002891217567,1.0,1.0
KXNBAREB-26APR02LALOKC-OKCJWILLIAMS8-4,2026-04-02,reb,3.5,3.086,0.41400000000000015,0.3625,0.36837334629676577,1.0,1.0
KXNBAREB-26APR02LALOKC-OKCJWILLIAMS8-6,2026-04-02,reb,5.5,3.086,2.414,0.10625,0.11852030806733083,1.0,1.0
KXNBAREB-26APR02LALOKC-OKCJWILLIAMS8-8,2026-04-02,reb,7.5,3.086,4.414,0.01825,0.028678516902395867,1.0,1.0
KXNBAREB-26APR02LALOKC-OKCSGILGEOUSALEXANDER2-2,2026-04-02,reb,1.5,3.257,-1.7570000000000001,0.80725,0.7946072801073567,1.0,1.0
KXNBAREB-26APR02LALOKC-OKCSGILGEOUSALEXANDER2-4,2026-04-02,reb,3.5,3.257,0.24299999999999988,0.4125,0.4014306974156223,1.0,1.0
KXNBAREB-26APR02LALOKC-OKCSGILGEOUSALEXANDER2-5,2026-04-02,reb,4.5,3.257,1.2429999999999999,0.247,0.24565817030072568,1.0,1.0
KXNBAREB-26APR02LALOKC-OKCSGILGEOUSALEXANDER2-6,2026-04-02,reb,5.5,3.257,2.243,0.127,0.13858717952732436,1.0,1.0
KXNBAREB-26APR02LALOKC-OKCSGILGEOUSALEXANDER2-8,2026-04-02,reb,7.5,3.257,4.243,0.02775,0.03617054459616531,0.0,1.0
KXNBAAST-26APR02LALOKC-LALAREAVES15-2,2026-04-02,ast,1.5,3.746,-2.246,0.8855,0.8481358622566477,0.0,1.0
KXNBAAST-26APR02LALOKC-LALAREAVES15-4,2026-04-02,ast,3.5,3.746,-0.246,0.50675,0.4923858311899001,0.0,1.0
KXNBAAST-26APR02LALOKC-LALAREAVES15-5,2026-04-02,ast,4.5,3.746,0.754,0.327,0.32697485133577076,0.0,1.0
KXNBAAST-26APR02LALOKC-LALAREAVES15-6,2026-04-02,ast,5.5,3.746,1.754,0.186,0.2008779088030307,0.0,1.0
KXNBAAST-26APR02LALOKC-LALAREAVES15-8,2026-04-02,ast,7.5,3.746,3.754,0.039,0.062452402234428384,0.0,1.0
KXNBAAST-26APR02LALOKC-LALLDONCIC77-10,2026-04-02,ast,9.5,5.22625,4.27375,0.0435,0.07547595983218747,0.0,1.0
KXNBAAST-26APR02LALOKC-LALLDONCIC77-12,2026-04-02,ast,11.5,5.22625,6.27375,0.01025,0.025415136394261406,0.0,1.0
KXNBAAST-26APR02LALOKC-LALLDONCIC77-4,2026-04-02,ast,3.5,5.22625,-1.7262500000000003,0.748,0.7078304907099818,1.0,1.0
KXNBAAST-26APR02LALOKC-LALLDONCIC77-6,2026-04-02,ast,5.5,5.22625,0.2737499999999997,0.42025,0.41435108124460684,1.0,1.0
KXNBAAST-26APR02LALOKC-LALLDONCIC77-8,2026-04-02,ast,7.5,5.22625,2.2737499999999997,0.16925,0.19370856060055075,0.0,1.0
KXNBAAST-26APR02LALOKC-LALLJAMES23-10,2026-04-02,ast,9.5,4.7425,4.7575,0.0255,0.049814289003735523,0.0,1.0
KXNBAAST-26APR02LALOKC-LALLJAMES23-12,2026-04-02,ast,11.5,4.7425,6.7575,0.00425,0.014822781793910278,0.0,1.0
KXNBAAST-26APR02LALOKC-LALLJAMES23-6,2026-04-02,ast,5.5,4.7425,0.7575000000000003,0.3355,0.34441452321222277,0.0,1.0
KXNBAAST-26APR02LALOKC-LALLJAMES23-7,2026-04-02,ast,6.5,4.7425,1.7575000000000003,0.211,0.22875925758524318,0.0,1.0
KXNBAAST-26APR02LALOKC-LALLJAMES23-8,2026-04-02,ast,7.5,4.7425,2.7575000000000003,0.11825,0.14404385869711778,0.0,1.0
KXNBAAST-26APR02LALOKC-OKCLDORT5-1,2026-04-02,ast,0.5,0.88325,-0.38325,0.58925,0.5720913775755359,1.0,1.0
KXNBAAST-26APR02LALOKC-OKCLDORT5-2,2026-04-02,ast,1.5,0.88325,0.61675,0.22,0.22283018686201517,0.0,1.0
KXNBAAST-26APR02LALOKC-OKCLDORT5-4,2026-04-02,ast,3.5,0.88325,2.61675,0.0135,0.016770848089464274,0.0,1.0
KXNBAAST-26APR02LALOKC-OKCLDORT5-6,2026-04-02,ast,5.5,0.88325,4.61675,0.0005,0.0007131993041801232,0.0,1.0
KXNBAAST-26APR02LALOKC-OKCLDORT5-8,2026-04-02,ast,7.5,0.88325,6.61675,0.0,2.1248198655454686e-05,0.0,1.0
KXNBAAST-26APR02LALOKC-OKCSGILGEOUSALEXANDER2-10,2026-04-02,ast,9.5,4.479,5.021,0.02,0.038394467428186085,0.0,1.0
KXNBAAST-26APR02LALOKC-OKCSGILGEOUSALEXANDER2-2,2026-04-02,ast,1.5,4.479,-2.979,0.929,0.9015641141065502,1.0,1.0
KXNBAAST-26APR02LALOKC-OKCSGILGEOUSALEXANDER2-4,2026-04-02,ast,3.5,4.479,-0.9790000000000001,0.6455,0.6108038126010438,1.0,1.0
KXNBAAST-26APR02LALOKC-OKCSGILGEOUSALEXANDER2-6,2026-04-02,ast,5.5,4.479,1.021,0.2935,0.3057928485769946,1.0,1.0
KXNBAAST-26APR02LALOKC-OKCSGILGEOUSALEXANDER2-8,2026-04-02,ast,7.5,4.479,3.021,0.09425,0.11941180922864403,0.0,1.0
KXNBA3PT-26APR02LALOKC-LALAREAVES15-1,2026-04-02,fg3m,0.5,1.609,-1.109,0.79025,0.7677707349950917,1.0,1.0
KXNBA3PT-26APR02LALOKC-LALAREAVES15-2,2026-04-02,fg3m,1.5,1.609,-0.10899999999999999,0.476,0.4591620728090964,1.0,1.0
KXNBA3PT-26APR02LALOKC-LALAREAVES15-3,2026-04-02,fg3m,2.5,1.609,0.891,0.2195,0.2272454461314911,0.0,1.0
KXNBA3PT-26APR02LALOKC-LALAREAVES15-4,2026-04-02,fg3m,3.5,1.609,1.891,0.08375,0.09759884075505598,0.0,1.0
KXNBA3PT-26APR02LALOKC-LALAREAVES15-5,2026-04-02,fg3m,4.5,1.609,2.891,0.027,0.03759991990438816,0.0,1.0
KXNBA3PT-26APR02LALOKC-LALLDONCIC77-3,2026-04-02,fg3m,2.5,2.83775,-0.3377500000000002,0.53775,0.5084249552416252,0.0,1.0
KXNBA3PT-26APR02LALOKC-LALLDONCIC77-4,2026-04-02,fg3m,3.5,2.83775,0.6622499999999998,0.316,0.3198067250837864,0.0,1.0
KXNBA3PT-26APR02LALOKC-LALLDONCIC77-5,2026-04-02,fg3m,4.5,2.83775,1.6622499999999998,0.1745,0.1839204925628143,0.0,1.0
KXNBA3PT-26APR02LALOKC-LALLDONCIC77-6,2026-04-02,fg3m,5.5,2.83775,2.66225,0.073,0.09823819809062184,0.0,1.0
KXNBA3PT-26APR02LALOKC-LALLDONCIC77-7,2026-04-02,fg3m,6.5,2.83775,3.66225,0.02525,0.04934611930337873,0.0,1.0
KXNBA3PT-26APR02LALOKC-LALLJAMES23-1,2026-04-02,fg3m,0.5,0.88725,-0.38725,0.58775,0.5680149135035102,1.0,1.0
KXNBA3PT-26APR02LALOKC-LALLJAMES23-2,2026-04-02,fg3m,1.5,0.88725,0.61275,0.223,0.22464584634326767,0.0,1.0
KXNBA3PT-26APR02LALOKC-LALLJAMES23-3,2026-04-02,fg3m,2.5,0.88725,1.6127500000000001,0.0635,0.07030311104540776,0.0,1.0
KXNBA3PT-26APR02LALOKC-LALLJAMES23-4,2026-04-02,fg3m,3.5,0.88725,2.61275,0.012,0.018695149223032392,0.0,1.0
KXNBA3PT-26APR02LALOKC-LALLJAMES23-5,2026-04-02,fg3m,4.5,0.88725,3.61275,0.001,0.004409491268481447,0.0,1.0
KXNBA3PT-26APR02LALOKC-OKCCHOLMGREN7-1,2026-04-02,fg3m,0.5,0.89175,-0.39175000000000004,0.5925,0.569752466788991,1.0,1.0
KXNBA3PT-26APR02LALOKC-OKCCHOLMGREN7-2,2026-04-02,fg3m,1.5,0.89175,0.60825,0.222,0.22621143475456185,0.0,1.0
KXNBA3PT-26APR02LALOKC-OKCCHOLMGREN7-3,2026-04-02,fg3m,2.5,0.89175,1.60825,0.05875,0.07109012885694677,0.0,1.0
KXNBA3PT-26APR02LALOKC-OKCCHOLMGREN7-4,2026-04-02,fg3m,3.5,0.89175,2.60825,0.0145,0.01898628311761208,0.0,1.0
KXNBA3PT-26APR02LALOKC-OKCCHOLMGREN7-5,2026-04-02,fg3m,4.5,0.89175,3.60825,0.00325,0.004497859636774515,0.0,1.0
KXNBA3PT-26APR02LALOKC-OKCJWILLIAMS8-1,2026-04-02,fg3m,0.5,0.769,-0.269,0.52675,0.5193833372845011,0.0,1.0
KXNBA3PT-26APR02LALOKC-OKCJWILLIAMS8-2,2026-04-02,fg3m,1.5,0.769,0.731,0.18075,0.18361417345164077,0.0,1.0
KXNBA3PT-26APR02LALOKC-OKCJWILLIAMS8-3,2026-04-02,fg3m,2.5,0.769,1.7309999999999999,0.0475,0.050961684177240896,0.0,1.0
KXNBA3PT-26APR02LALOKC-OKCJWILLIAMS8-4,2026-04-02,fg3m,3.5,0.769,2.731,0.0115,0.011976868071563729,0.0,1.0
KXNBA3PT-26APR02LALOKC-OKCJWILLIAMS8-5,2026-04-02,fg3m,4.5,0.769,3.731,0.00225,0.00249205883107273,0.0,1.0
KXNBA3PT-26APR02LALOKC-OKCSGILGEOUSALEXANDER2-1,2026-04-02,fg3m,0.5,1.18475,-0.68475,0.695,0.6675744031312705,1.0,1.0
KXNBA3PT-26APR02LALOKC-OKCSGILGEOUSALEXANDER2-2,2026-04-02,fg3m,1.5,1.18475,0.31525000000000003,0.327,0.3266460281300727,0.0,1.0
KXNBA3PT-26APR02LALOKC-OKCSGILGEOUSALEXANDER2-3,2026-04-02,fg3m,2.5,1.18475,1.31525,0.116,0.12891972385231587,0.0,1.0
KXNBA3PT-26APR02LALOKC-OKCSGILGEOUSALEXANDER2-4,2026-04-02,fg3m,3.5,1.18475,2.31525,0.0345,0.0436153616048518,0.0,1.0
KXNBA3PT-26APR02LALOKC-OKCSGILGEOUSALEXANDER2-5,2026-04-02,fg3m,4.5,1.18475,3.31525,0.00975,0.013148265899414091,0.0,1.0
KXNBAPTS-26APR02NOPPOR-NOPDQUEEN22-10,2026-04-02,pts,9.5,6.45275,3.04725,0.218,0.18527379343561678,1.0,1.0
KXNBAPTS-26APR02NOPPOR-NOPDQUEEN22-15,2026-04-02,pts,14.5,6.45275,8.04725,0.04425,0.029142726365648963,0.0,1.0
KXNBAPTS-26APR02NOPPOR-NOPDQUEEN22-20,2026-04-02,pts,19.5,6.45275,13.04725,0.008,0.003276683587182916,0.0,1.0
KXNBAPTS-26APR02NOPPOR-NOPHJONES2-10,2026-04-02,pts,9.5,6.18775,3.3122499999999997,0.19925,0.16400515035475105,0.0,1.0
KXNBAPTS-26APR02NOPPOR-NOPHJONES2-15,2026-04-02,pts,14.5,6.18775,8.312249999999999,0.03525,0.023440055346048094,0.0,1.0
KXNBAPTS-26APR02NOPPOR-NOPHJONES2-20,2026-04-02,pts,19.5,6.18775,13.312249999999999,0.005,0.002385227993814243,0.0,1.0
KXNBAPTS-26APR02NOPPOR-NOPHJONES2-25,2026-04-02,pts,24.5,6.18775,18.31225,0.00025,0.00019505793617691225,0.0,1.0
KXNBAPTS-26APR02NOPPOR-NOPSBEY41-15,2026-04-02,pts,14.5,11.6745,2.8255,0.28525,0.27642779149338226,1.0,1.0
KXNBAPTS-26APR02NOPPOR-NOPSBEY41-20,2026-04-02,pts,19.5,11.6745,7.8255,0.09625,0.09830148777500158,0.0,1.0
KXNBAPTS-26APR02NOPPOR-NOPSBEY41-25,2026-04-02,pts,24.5,11.6745,12.8255,0.02425,0.029132220775292317,0.0,1.0
KXNBAPTS-26APR02NOPPOR-NOPSBEY41-30,2026-04-02,pts,29.5,11.6745,17.825499999999998,0.00325,0.007559017167438675,0.0,1.0
KXNBAPTS-26APR02NOPPOR-NOPZWILLIAMSON1-15,2026-04-02,pts,14.5,13.58025,0.9197500000000005,0.40625,0.39223237880223283,1.0,1.0
KXNBAPTS-26APR02NOPPOR-NOPZWILLIAMSON1-20,2026-04-02,pts,19.5,13.58025,5.9197500000000005,0.16325,0.17320684420642463,0.0,1.0
KXNBAPTS-26APR02NOPPOR-NOPZWILLIAMSON1-25,2026-04-02,pts,24.5,13.58025,10.91975,0.0505,0.06457525923751017,0.0,1.0
KXNBAPTS-26APR02NOPPOR-NOPZWILLIAMSON1-30,2026-04-02,pts,29.5,13.58025,15.91975,0.01175,0.02122367829487759,0.0,1.0
KXNBAPTS-26APR02NOPPOR-PORDAVDIJA8-20,2026-04-02,pts,19.5,13.60325,5.896750000000001,0.183,0.17420059145316724,1.0,1.0
KXNBAPTS-26APR02NOPPOR-PORDAVDIJA8-25,2026-04-02,pts,24.5,13.60325,10.89675,0.0595,0.06510220589779203,1.0,1.0
KXNBAPTS-26APR02NOPPOR-PORDAVDIJA8-30,2026-04-02,pts,29.5,13.60325,15.89675,0.019,0.021450201814168457,0.0,1.0
KXNBAPTS-26APR02NOPPOR-PORDAVDIJA8-35,2026-04-02,pts,34.5,13.60325,20.89675,0.005,0.00641885998122893,0.0,1.0
KXNBAPTS-26APR02NOPPOR-PORDCLINGAN23-10,2026-04-02,pts,9.5,7.89675,1.60325,0.32725,0.30895863253459954,0.0,1.0
KXNBAPTS-26APR02NOPPOR-PORDCLINGAN23-15,2026-04-02,pts,14.5,7.89675,6.60325,0.09,0.07432680030699468,0.0,1.0
KXNBAPTS-26APR02NOPPOR-PORDCLINGAN23-20,2026-04-02,pts,19.5,7.89675,11.60325,0.016,0.013062959985159828,0.0,1.0
KXNBAPTS-26APR02NOPPOR-PORDCLINGAN23-25,2026-04-02,pts,24.5,7.89675,16.60325,0.0025,0.0018653478280354907,0.0,1.0
KXNBAPTS-26APR02NOPPOR-PORJHOLIDAY5-15,2026-04-02,pts,14.5,10.721,3.779,0.2385,0.21880272010689483,1.0,1.0
KXNBAPTS-26APR02NOPPOR-PORJHOLIDAY5-20,2026-04-02,pts,19.5,10.721,8.779,0.074,0.06793724464427464,1.0,1.0
KXNBAPTS-26APR02NOPPOR-PORJHOLIDAY5-25,2026-04-02,pts,24.5,10.721,13.779,0.0155,0.017465472542846472,1.0,1.0
KXNBAPTS-26APR02NOPPOR-PORJHOLIDAY5-30,2026-04-02,pts,29.5,10.721,18.779,0.002,0.003918024123553021,0.0,1.0
KXNBAPTS-26APR02NOPPOR-PORTCAMARA33-10,2026-04-02,pts,9.5,8.48175,1.01825,0.3825,0.3596906581135867,1.0,1.0
KXNBAPTS-26APR02NOPPOR-PORTCAMARA33-15,2026-04-02,pts,14.5,8.48175,6.01825,0.12175,0.09910785564403735,1.0,1.0
KXNBAPTS-26APR02NOPPOR-PORTCAMARA33-20,2026-04-02,pts,19.5,8.48175,11.01825,0.02725,0.020127879279027705,1.0,1.0
KXNBAPTS-26APR02NOPPOR-PORTCAMARA33-25,2026-04-02,pts,24.5,8.48175,16.018250000000002,0.0035,0.003334110874082419,0.0,1.0
KXNBAREB-26APR02NOPPOR-NOPDQUEEN22-2,2026-04-02,reb,1.5,3.89425,-2.39425,0.87125,0.8589698811668193,1.0,1.0
KXNBAREB-26APR02NOPPOR-NOPDQUEEN22-4,2026-04-02,reb,3.5,3.89425,-0.39425,0.5305,0.5168878341131372,1.0,1.0
KXNBAREB-26APR02NOPPOR-NOPDQUEEN22-5,2026-04-02,reb,4.5,3.89425,0.60575,0.3555,0.35184871274390916,1.0,1.0
KXNBAREB-26APR02NOPPOR-NOPDQUEEN22-6,2026-04-02,reb,5.5,3.89425,1.60575,0.2195,0.2223438235835803,1.0,1.0
KXNBAREB-26APR02NOPPOR-NOPDQUEEN22-8,2026-04-02,reb,7.5,3.89425,3.60575,0.0625,0.07373657672385825,0.0,1.0
KXNBAREB-26APR02NOPPOR-NOPHJONES2-2,2026-04-02,reb,1.5,2.3,-0.7999999999999998,0.65375,0.6384770508229913,1.0,1.0
KXNBAREB-26APR02NOPPOR-NOPHJONES2-3,2026-04-02,reb,2.5,2.3,0.20000000000000018,0.4095,0.39543713199312935,1.0,1.0
KXNBAREB-26APR02NOPPOR-NOPHJONES2-4,2026-04-02,reb,3.5,2.3,1.2000000000000002,0.21225,0.2135770023165109,1.0,1.0
KXNBAREB-26APR02NOPPOR-NOPHJONES2-6,2026-04-02,reb,5.5,2.3,3.2,0.03175,0.04545276293762468,0.0,1.0
KXNBAREB-26APR02NOPPOR-NOPHJONES2-8,2026-04-02,reb,7.5,2.3,5.2,0.00475,0.0071064551739846715,0.0,1.0
KXNBAREB-26APR02NOPPOR-NOPZWILLIAMSON1-10,2026-04-02,reb,9.5,4.0085,5.4915,0.0125,0.023216596127186184,0.0,1.0
KXNBAREB-26APR02NOPPOR-NOPZWILLIAMSON1-2,2026-04-02,reb,1.5,4.0085,-2.5084999999999997,0.89125,0.8681001583871258,0.0,1.0
KXNBAREB-26APR02NOPPOR-NOPZWILLIAMSON1-4,2026-04-02,reb,3.5,4.0085,-0.5084999999999997,0.559,0.5359904705959693,0.0,1.0
KXNBAREB-26APR02NOPPOR-NOPZWILLIAMSON1-6,2026-04-02,reb,5.5,4.0085,1.4915000000000003,0.22525,0.2384149699614697,0.0,1.0
KXNBAREB-26APR02NOPPOR-NOPZWILLIAMSON1-8,2026-04-02,reb,7.5,4.0085,3.4915000000000003,0.063,0.08204897914382214,0.0,1.0
KXNBAREB-26APR02NOPPOR-PORDAVDIJA8-10,2026-04-02,reb,9.5,5.0135,4.4865,0.0475,0.06491839151330503,0.0,1.0
KXNBAREB-26APR02NOPPOR-PORDAVDIJA8-12,2026-04-02,reb,11.5,5.0135,6.4865,0.01325,0.02115474504545789,0.0,1.0
KXNBAREB-26APR02NOPPOR-PORDAVDIJA8-6,2026-04-02,reb,5.5,5.0135,0.4865000000000004,0.3915,0.3836418244679891,1.0,1.0
KXNBAREB-26APR02NOPPOR-PORDAVDIJA8-7,2026-04-02,reb,6.5,5.0135,1.4865000000000004,0.25275,0.26395766711060087,1.0,1.0
KXNBAREB-26APR02NOPPOR-PORDAVDIJA8-8,2026-04-02,reb,7.5,5.0135,2.4865000000000004,0.15225,0.17268128285475304,1.0,1.0
KXNBAREB-26APR02NOPPOR-PORDCLINGAN23-10,2026-04-02,reb,9.5,8.33875,1.1612500000000008,0.33225,0.34407983915394147,0.0,1.0
KXNBAREB-26APR02NOPPOR-PORDCLINGAN23-12,2026-04-02,reb,11.5,8.33875,3.161250000000001,0.15575,0.1952886048715099,0.0,1.0
KXNBAREB-26APR02NOPPOR-PORDCLINGAN23-13,2026-04-02,reb,12.5,8.33875,4.161250000000001,0.10125,0.141805702690308,0.0,1.0
KXNBAREB-26APR02NOPPOR-PORDCLINGAN23-14,2026-04-02,reb,13.5,8.33875,5.161250000000001,0.06625,0.10072580745322457,0.0,1.0
KXNBAREB-26APR02NOPPOR-PORDCLINGAN23-16,2026-04-02,reb,15.5,8.33875,7.161250000000001,0.02225,0.04788843543295662,0.0,1.0
KXNBAREB-26APR02NOPPOR-PORJHOLIDAY5-2,2026-04-02,reb,1.5,3.3775,-1.8775,0.83675,0.8087509343452004,1.0,1.0
KXNBAREB-26APR02NOPPOR-PORJHOLIDAY5-4,2026-04-02,reb,3.5,3.3775,0.12250000000000005,0.43225,0.42428705112824183,1.0,1.0
KXNBAREB-26APR02NOPPOR-PORJHOLIDAY5-5,2026-04-02,reb,4.5,3.3775,1.1225,0.257,0.2655691463938592,1.0,1.0
KXNBAREB-26APR02NOPPOR-PORJHOLIDAY5-6,2026-04-02,reb,5.5,3.3775,2.1225,0.142,0.15344114369653805,0.0,1.0
KXNBAREB-26APR02NOPPOR-PORJHOLIDAY5-8,2026-04-02,reb,7.5,3.3775,4.1225000000000005,0.032,0.04210594246552413,0.0,1.0
KXNBAAST-26APR02NOPPOR-NOPDQUEEN22-2,2026-04-02,ast,1.5,1.85175,-0.35175,0.5445,0.5327328435803156,1.0,1.0
KXNBAAST-26APR02NOPPOR-NOPDQUEEN22-3,2026-04-02,ast,2.5,1.85175,0.64825,0.284,0.28570992357332325,1.0,1.0
KXNBAAST-26APR02NOPPOR-NOPDQUEEN22-4,2026-04-02,ast,3.5,1.85175,1.64825,0.13125,0.13144165760715043,1.0,1.0
KXNBAAST-26APR02NOPPOR-NOPDQUEEN22-6,2026-04-02,ast,5.5,1.85175,3.64825,0.014,0.019741967981403485,1.0,1.0
KXNBAAST-26APR02NOPPOR-NOPDQUEEN22-8,2026-04-02,ast,7.5,1.85175,5.64825,0.00075,0.0021330515676237782,0.0,1.0
KXNBAAST-26APR02NOPPOR-PORDAVDIJA8-10,2026-04-02,ast,9.5,3.79675,5.703250000000001,0.01075,0.016960438110231846,0.0,1.0
KXNBAAST-26APR02NOPPOR-PORDAVDIJA8-12,2026-04-02,ast,11.5,3.79675,7.703250000000001,0.00175,0.003731564184376146,0.0,1.0
KXNBAAST-26APR02NOPPOR-PORDAVDIJA8-4,2026-04-02,ast,3.5,3.79675,-0.29674999999999985,0.5145,0.5012999956267743,1.0,1.0
KXNBAAST-26APR02NOPPOR-PORDAVDIJA8-6,2026-04-02,ast,5.5,3.79675,1.7032500000000002,0.2,0.2078617229455656,1.0,1.0
KXNBAAST-26APR02NOPPOR-PORDAVDIJA8-8,2026-04-02,ast,7.5,3.79675,3.70325,0.05075,0.065786839636226,0.0,1.0
KXNBAAST-26APR02NOPPOR-PORDCLINGAN23-10,2026-04-02,ast,9.5,1.38625,8.11375,0.0,2.0354158137281253e-05,0.0,1.0
KXNBAAST-26APR02NOPPOR-PORDCLINGAN23-2,2026-04-02,ast,1.5,1.38625,0.11375000000000002,0.39875,0.39517723729453336,1.0,1.0
KXNBAAST-26APR02NOPPOR-PORDCLINGAN23-4,2026-04-02,ast,3.5,1.38625,2.11375,0.059,0.06287963351438197,0.0,1.0
KXNBAAST-26APR02NOPPOR-PORDCLINGAN23-6,2026-04-02,ast,5.5,1.38625,4.11375,0.00325,0.005874454746732649,0.0,1.0
KXNBAAST-26APR02NOPPOR-PORDCLINGAN23-8,2026-04-02,ast,7.5,1.38625,6.11375,0.0,0.0003896811155983393,0.0,1.0
KXNBAAST-26APR02NOPPOR-PORJHOLIDAY5-10,2026-04-02,ast,9.5,3.4735,6.0265,0.005,0.010513504813837282,0.0,1.0
KXNBAAST-26APR02NOPPOR-PORJHOLIDAY5-2,2026-04-02,ast,1.5,3.4735,-1.9735,0.8455,0.821295387079519,1.0,1.0
KXNBAAST-26APR02NOPPOR-PORJHOLIDAY5-4,2026-04-02,ast,3.5,3.4735,0.026499999999999968,0.46175,0.4428997299364864,1.0,1.0
KXNBAAST-26APR02NOPPOR-PORJHOLIDAY5-6,2026-04-02,ast,5.5,3.4735,2.0265,0.14975,0.1645703782381337,1.0,1.0
KXNBAAST-26APR02NOPPOR-PORJHOLIDAY5-8,2026-04-02,ast,7.5,3.4735,4.0265,0.0265,0.046201561089315835,1.0,1.0
KXNBA3PT-26APR02NOPPOR-NOPDQUEEN22-1,2026-04-02,fg3m,0.5,0.31125,0.18874999999999997,0.26025,0.26292966796579886,0.0,1.0
KXNBA3PT-26APR02NOPPOR-NOPDQUEEN22-2,2026-04-02,fg3m,1.5,0.31125,1.18875,0.0445,0.042504103960514183,0.0,1.0
KXNBA3PT-26APR02NOPPOR-NOPDQUEEN22-3,2026-04-02,fg3m,2.5,0.31125,2.1887499999999998,0.006,0.005226533481336837,0.0,1.0
KXNBA3PT-26APR02NOPPOR-NOPDQUEEN22-4,2026-04-02,fg3m,3.5,0.31125,3.1887499999999998,0.0005,0.0005369018522102253,0.0,1.0
KXNBA3PT-26APR02NOPPOR-NOPDQUEEN22-5,2026-04-02,fg3m,4.5,0.31125,4.18875,0.0,4.849372136539465e-05,0.0,1.0
KXNBA3PT-26APR02NOPPOR-PORDAVDIJA8-1,2026-04-02,fg3m,0.5,1.05975,-0.55975,0.6515,0.629298756925357,1.0,1.0
KXNBA3PT-26APR02NOPPOR-PORDAVDIJA8-2,2026-04-02,fg3m,1.5,1.05975,0.44025000000000003,0.271,0.28433805955149916,1.0,1.0
KXNBA3PT-26APR02NOPPOR-PORDAVDIJA8-3,2026-04-02,fg3m,2.5,1.05975,1.44025,0.101,0.10280831304409865,0.0,1.0
KXNBA3PT-26APR02NOPPOR-PORDAVDIJA8-4,2026-04-02,fg3m,3.5,1.05975,2.44025,0.027,0.03174728663502824,0.0,1.0
KXNBA3PT-26APR02NOPPOR-PORDAVDIJA8-5,2026-04-02,fg3m,4.5,1.05975,3.44025,0.007,0.008718652710818509,0.0,1.0
KXNBAPTS-26APR01INDCHI-CHIIOKORO35-10,2026-04-01,pts,9.5,7.5035,1.9965000000000002,0.299,0.27464071102415655,1.0,1.0
KXNBAPTS-26APR01INDCHI-CHIIOKORO35-15,2026-04-01,pts,14.5,7.5035,6.9965,0.083,0.05968105169213833,0.0,1.0
KXNBAPTS-26APR01INDCHI-CHIIOKORO35-20,2026-04-01,pts,19.5,7.5035,11.996500000000001,0.015,0.009418235440035061,0.0,1.0
KXNBAPTS-26APR01INDCHI-CHIMBUZELIS14-15,2026-04-01,pts,14.5,12.53775,1.9622499999999992,0.3455,0.32931583218007165,1.0,1.0
KXNBAPTS-26APR01INDCHI-CHIMBUZELIS14-20,2026-04-01,pts,19.5,12.53775,6.962249999999999,0.134,0.1302045312582405,0.0,1.0
KXNBAPTS-26APR01INDCHI-CHIMBUZELIS14-25,2026-04-01,pts,24.5,12.53775,11.96225,0.037,0.04315516442121459,0.0,1.0
KXNBAPTS-26APR01INDCHI-CHIMBUZELIS14-30,2026-04-01,pts,29.5,12.53775,16.962249999999997,0.012,0.012561989169793564,0.0,1.0
KXNBAREB-26APR01INDCHI-CHIMBUZELIS14-10,2026-04-01,reb,9.5,4.45975,5.04025,0.022,0.03874917821916113,0.0,1.0
KXNBAREB-26APR01INDCHI-CHIMBUZELIS14-12,2026-04-01,reb,11.5,4.45975,7.04025,0.00525,0.010869522912035134,0.0,1.0
KXNBAREB-26APR01INDCHI-CHIMBUZELIS14-6,2026-04-01,reb,5.5,4.45975,1.0402500000000003,0.2985,0.30340198093849224,1.0,1.0
KXNBAREB-26APR01INDCHI-CHIMBUZELIS14-7,2026-04-01,reb,6.5,4.45975,2.0402500000000003,0.181,0.19528105109892335,1.0,1.0
KXNBAREB-26APR01INDCHI-CHIMBUZELIS14-8,2026-04-01,reb,7.5,4.45975,3.0402500000000003,0.10325,0.11916097688556515,1.0,1.0
KXNBAAST-26APR01INDCHI-CHIMBUZELIS14-10,2026-04-01,ast,9.5,1.32275,8.17725,0.0,1.4046397594280613e-05,0.0,1.0
KXNBAAST-26APR01INDCHI-CHIMBUZELIS14-2,2026-04-01,ast,1.5,1.32275,0.1772499999999999,0.37925,0.37447350596936646,1.0,1.0
KXNBAAST-26APR01INDCHI-CHIMBUZELIS14-4,2026-04-01,ast,3.5,1.32275,2.17725,0.049,0.05530529332348377,1.0,1.0
KXNBAAST-26APR01INDCHI-CHIMBUZELIS14-6,2026-04-01,ast,5.5,1.32275,4.17725,0.00525,0.004772282154549057,1.0,1.0
KXNBAAST-26APR01INDCHI-CHIMBUZELIS14-8,2026-04-01,ast,7.5,1.32275,6.17725,0.00075,0.0002918879657283213,0.0,1.0
KXNBAPTS-26APR01SASGSW-GSWDGREEN23-10,2026-04-01,pts,9.5,6.35875,3.1412500000000003,0.21275,0.17764619621253552,1.0,1.0
KXNBAPTS-26APR01SASGSW-GSWDGREEN23-15,2026-04-01,pts,14.5,6.35875,8.14125,0.0455,0.027029447235098925,0.0,1.0
KXNBAPTS-26APR01SASGSW-GSWDGREEN23-20,2026-04-01,pts,19.5,6.35875,13.14125,0.008,0.0029355959581054414,0.0,1.0
KXNBAPTS-26APR01SASGSW-GSWDGREEN23-25,2026-04-01,pts,24.5,6.35875,18.14125,0.0,0.00025649860057752605,0.0,1.0
KXNBAPTS-26APR01SASGSW-SASDFOX4-10,2026-04-01,pts,9.5,12.446,-2.9459999999999997,0.656,0.6471107764068742,1.0,1.0
KXNBAPTS-26APR01SASGSW-SASDFOX4-15,2026-04-01,pts,14.5,12.446,2.0540000000000003,0.336,0.3237054662529403,0.0,1.0
KXNBAPTS-26APR01SASGSW-SASDFOX4-20,2026-04-01,pts,19.5,12.446,7.054,0.12725,0.12663737144071496,0.0,1.0
KXNBAPTS-26APR01SASGSW-SASDFOX4-25,2026-04-01,pts,24.5,12.446,12.054,0.03625,0.04150448124045791,0.0,1.0
KXNBAPTS-26APR01SASGSW-SASDHARPER2-10,2026-04-01,pts,9.5,10.5685,-1.0685000000000002,0.54025,0.5263711877675886,1.0,1.0
KXNBAPTS-26APR01SASGSW-SASDHARPER2-15,2026-04-01,pts,14.5,10.5685,3.9314999999999998,0.2135,0.2097944132007148,0.0,1.0
KXNBAPTS-26APR01SASGSW-SASDHARPER2-20,2026-04-01,pts,19.5,10.5685,8.9315,0.05525,0.06360888670724385,0.0,1.0
KXNBAPTS-26APR01SASGSW-SASDHARPER2-25,2026-04-01,pts,24.5,10.5685,13.9315,0.0105,0.01595179708114214,0.0,1.0
KXNBAPTS-26APR01SASGSW-SASDVASSELL24-10,2026-04-01,pts,9.5,10.92075,-1.42075,0.56425,0.5513032584227164,0.0,1.0
KXNBAPTS-26APR01SASGSW-SASDVASSELL24-15,2026-04-01,pts,14.5,10.92075,3.57925,0.25075,0.23071157459890423,0.0,1.0
KXNBAPTS-26APR01SASGSW-SASDVASSELL24-20,2026-04-01,pts,19.5,10.92075,8.57925,0.08175,0.07383405380527097,0.0,1.0
KXNBAPTS-26APR01SASGSW-SASDVASSELL24-25,2026-04-01,pts,24.5,10.92075,13.57925,0.01875,0.019590720208749746,0.0,1.0
KXNBAPTS-26APR01SASGSW-SASSCASTLE5-15,2026-04-01,pts,14.5,12.59225,1.90775,0.34225,0.3326449274997606,1.0,1.0
KXNBAPTS-26APR01SASGSW-SASSCASTLE5-20,2026-04-01,pts,19.5,12.59225,6.90775,0.1235,0.13234179838304105,0.0,1.0
KXNBAPTS-26APR01SASGSW-SASSCASTLE5-25,2026-04-01,pts,24.5,12.59225,11.90775,0.03525,0.044153778399163346,0.0,1.0
KXNBAPTS-26APR01SASGSW-SASSCASTLE5-30,2026-04-01,pts,29.5,12.59225,16.90775,0.006,0.012940252297875543,0.0,1.0
KXNBAPTS-26APR01SASGSW-SASVWEMBANYAMA1-20,2026-04-01,pts,19.5,19.01725,0.48274999999999935,0.44125,0.4246409939755542,1.0,1.0
KXNBAPTS-26APR01SASGSW-SASVWEMBANYAMA1-25,2026-04-01,pts,24.5,19.01725,5.482749999999999,0.22375,0.238577922699571,1.0,1.0
KXNBAPTS-26APR01SASGSW-SASVWEMBANYAMA1-30,2026-04-01,pts,29.5,19.01725,10.48275,0.08675,0.12053054264763596,1.0,1.0
KXNBAPTS-26APR01SASGSW-SASVWEMBANYAMA1-35,2026-04-01,pts,34.5,19.01725,15.48275,0.029,0.055953664652826585,1.0,1.0
KXNBAREB-26APR01SASGSW-GSWDGREEN23-10,2026-04-01,reb,9.5,4.35025,5.14975,0.021,0.03451071077829582,0.0,1.0
KXNBAREB-26APR01SASGSW-GSWDGREEN23-2,2026-04-01,reb,1.5,4.35025,-2.85025,0.916,0.8919075192761288,1.0,1.0
KXNBAREB-26APR01SASGSW-GSWDGREEN23-4,2026-04-01,reb,3.5,4.35025,-0.85025,0.61475,0.589869194218859,0.0,1.0
KXNBAREB-26APR01SASGSW-GSWDGREEN23-6,2026-04-01,reb,5.5,4.35025,1.14975,0.2805,0.2874935749856572,0.0,1.0
KXNBAREB-26APR01SASGSW-GSWDGREEN23-8,2026-04-01,reb,7.5,4.35025,3.14975,0.08725,0.10956068707558608,0.0,1.0
KXNBAREB-26APR01SASGSW-SASDFOX4-10,2026-04-01,reb,9.5,2.65025,6.84975,0.0005,0.002235305213065475,0.0,1.0
KXNBAREB-26APR01SASGSW-SASDFOX4-2,2026-04-01,reb,1.5,2.65025,-1.1502500000000002,0.72225,0.7057759380695873,1.0,1.0
KXNBAREB-26APR01SASGSW-SASDFOX4-4,2026-04-01,reb,3.5,2.65025,0.8497499999999998,0.284,0.28223808647473847,1.0,1.0
KXNBAREB-26APR01SASGSW-SASDFOX4-6,2026-04-01,reb,5.5,2.65025,2.84975,0.06075,0.07373886602589541,0.0,1.0
KXNBAREB-26APR01SASGSW-SASDFOX4-8,2026-04-01,reb,7.5,2.65025,4.84975,0.0095,0.014300345585886998,0.0,1.0
KXNBAREB-26APR01SASGSW-SASSCASTLE5-2,2026-04-01,reb,1.5,4.03675,-2.5367499999999996,0.89425,0.8702614584384317,1.0,1.0
KXNBAREB-26APR01SASGSW-SASSCASTLE5-4,2026-04-01,reb,3.5,4.03675,-0.5367499999999996,0.56,0.5406311480241681,1.0,1.0
KXNBAREB-26APR01SASGSW-SASSCASTLE5-5,2026-04-01,reb,4.5,4.03675,0.4632500000000004,0.38,0.3754422576550762,1.0,1.0
KXNBAREB-26APR01SASGSW-SASSCASTLE5-6,2026-04-01,reb,5.5,4.03675,1.4632500000000004,0.2285,0.24242117041049793,1.0,1.0
KXNBAREB-26APR01SASGSW-SASSCASTLE5-8,2026-04-01,reb,7.5,4.03675,3.4632500000000004,0.066,0.08417491869527516,0.0,1.0
KXNBAREB-26APR01SASGSW-SASVWEMBANYAMA1-10,2026-04-01,reb,9.5,8.5445,0.9555000000000007,0.3595,0.36415444944729736,1.0,1.0
KXNBAREB-26APR01SASGSW-SASVWEMBANYAMA1-12,2026-04-01,reb,11.5,8.5445,2.9555000000000007,0.1765,0.2113136686218483,1.0,1.0
KXNBAREB-26APR01SASGSW-SASVWEMBANYAMA1-14,2026-04-01,reb,13.5,8.5445,4.955500000000001,0.0725,0.1115746864933479,1.0,1.0
KXNBAREB-26APR01SASGSW-SASVWEMBANYAMA1-16,2026-04-01,reb,15.5,8.5445,6.955500000000001,0.02225,0.05434889342858662,1.0,1.0
KXNBAREB-26APR01SASGSW-SASVWEMBANYAMA1-8,2026-04-01,reb,7.5,8.5445,-1.0444999999999993,0.6015,0.5623381234811826,1.0,1.0
KXNBAAST-26APR01SASGSW-GSWDGREEN23-10,2026-04-01,ast,9.5,3.41325,6.08675,0.00525,0.0095407478626377,0.0,1.0
KXNBAAST-26APR01SASGSW-GSWDGREEN23-12,2026-04-01,ast,11.5,3.41325,8.08675,0.001,0.0018013505365104265,0.0,1.0
KXNBAAST-26APR01SASGSW-GSWDGREEN23-6,2026-04-01,ast,5.5,3.41325,2.08675,0.14475,0.15685742439284212,0.0,1.0
KXNBAAST-26APR01SASGSW-GSWDGREEN23-7,2026-04-01,ast,6.5,3.41325,3.08675,0.06925,0.0846349253148162,0.0,1.0
KXNBAAST-26APR01SASGSW-GSWDGREEN23-8,2026-04-01,ast,7.5,3.41325,4.08675,0.03375,0.04298811606839492,0.0,1.0
KXNBAAST-26APR01SASGSW-SASDFOX4-10,2026-04-01,ast,9.5,3.92175,5.578250000000001,0.01525,0.020053834363049305,0.0,1.0
KXNBAAST-26APR01SASGSW-SASDFOX4-12,2026-04-01,ast,11.5,3.92175,7.578250000000001,0.0035,0.004617541610292486,0.0,1.0
KXNBAAST-26APR01SASGSW-SASDFOX4-6,2026-04-01,ast,5.5,3.92175,1.5782500000000002,0.213,0.225305498985928,0.0,1.0
KXNBAAST-26APR01SASGSW-SASDFOX4-7,2026-04-01,ast,6.5,3.92175,2.57825,0.11375,0.13326969317179127,0.0,1.0
KXNBAAST-26APR01SASGSW-SASDFOX4-8,2026-04-01,ast,7.5,3.92175,3.57825,0.0585,0.07440407537280413,0.0,1.0
KXNBAAST-26APR01SASGSW-SASSCASTLE5-10,2026-04-01,ast,9.5,4.894,4.606,0.03675,0.05720011743928488,1.0,1.0
KXNBAAST-26APR01SASGSW-SASSCASTLE5-12,2026-04-01,ast,11.5,4.894,6.606,0.00925,0.01772594911116332,0.0,1.0
KXNBAAST-26APR01SASGSW-SASSCASTLE5-4,2026-04-01,ast,3.5,4.894,-1.3940000000000001,0.697,0.6676024491754871,1.0,1.0
KXNBAAST-26APR01SASGSW-SASSCASTLE5-6,2026-04-01,ast,5.5,4.894,0.6059999999999999,0.372,0.36652462827521237,1.0,1.0
KXNBAAST-26APR01SASGSW-SASSCASTLE5-8,2026-04-01,ast,7.5,4.894,2.606,0.1425,0.1590349047853412,1.0,1.0
KXNBAAST-26APR01SASGSW-SASVWEMBANYAMA1-10,2026-04-01,ast,9.5,2.26725,7.232749999999999,0.00025,0.0007567239953448768,0.0,1.0
KXNBAAST-26APR01SASGSW-SASVWEMBANYAMA1-2,2026-04-01,ast,1.5,2.26725,-0.7672500000000002,0.64575,0.6328954629179451,1.0,1.0
KXNBAAST-26APR01SASGSW-SASVWEMBANYAMA1-4,2026-04-01,ast,3.5,2.26725,1.2327499999999998,0.2025,0.20675502196336937,0.0,1.0
KXNBAAST-26APR01SASGSW-SASVWEMBANYAMA1-6,2026-04-01,ast,5.5,2.26725,3.23275,0.031,0.04246885007192336,0.0,1.0
KXNBAAST-26APR01SASGSW-SASVWEMBANYAMA1-8,2026-04-01,ast,7.5,2.26725,5.232749999999999,0.00375,0.006351779302681493,0.0,1.0
KXNBA3PT-26APR01SASGSW-SASDFOX4-1,2026-04-01,fg3m,0.5,1.21325,-0.7132499999999999,0.69475,0.6756624342245627,1.0,1.0
KXNBA3PT-26APR01SASGSW-SASDFOX4-2,2026-04-01,fg3m,1.5,1.21325,0.28675000000000006,0.3425,0.3361245852307344,0.0,1.0
KXNBA3PT-26APR01SASGSW-SASDFOX4-3,2026-04-01,fg3m,2.5,1.21325,1.28675,0.1245,0.13511732577955993,0.0,1.0
KXNBA3PT-26APR01SASGSW-SASDFOX4-4,2026-04-01,fg3m,3.5,1.21325,2.28675,0.0405,0.0465974526684545,0.0,1.0
KXNBA3PT-26APR01SASGSW-SASDFOX4-5,2026-04-01,fg3m,4.5,1.21325,3.28675,0.0085,0.014325678042358181,0.0,1.0
KXNBA3PT-26APR01SASGSW-SASSCASTLE5-1,2026-04-01,fg3m,0.5,1.01225,-0.5122500000000001,0.64225,0.6134657792027522,1.0,1.0
KXNBA3PT-26APR01SASGSW-SASSCASTLE5-2,2026-04-01,fg3m,1.5,1.01225,0.4877499999999999,0.25875,0.2680061075900262,1.0,1.0
KXNBA3PT-26APR01SASGSW-SASSCASTLE5-3,2026-04-01,fg3m,2.5,1.01225,1.48775,0.0855,0.09340806446012162,0.0,1.0
KXNBA3PT-26APR01SASGSW-SASSCASTLE5-4,2026-04-01,fg3m,3.5,1.01225,2.48775,0.02175,0.027765297532027833,0.0,1.0
KXNBA3PT-26APR01SASGSW-SASSCASTLE5-5,2026-04-01,fg3m,4.5,1.01225,3.48775,0.004,0.007334401644387478,0.0,1.0
KXNBA3PT-26APR01SASGSW-SASVWEMBANYAMA1-1,2026-04-01,fg3m,0.5,1.74375,-1.24375,0.82925,0.7920627013588332,1.0,1.0
KXNBA3PT-26APR01SASGSW-SASVWEMBANYAMA1-2,2026-04-01,fg3m,1.5,1.74375,-0.2437499999999999,0.50625,0.49689708708002456,1.0,1.0
KXNBA3PT-26APR01SASGSW-SASVWEMBANYAMA1-3,2026-04-01,fg3m,2.5,1.74375,0.7562500000000001,0.26125,0.25996071391083075,0.0,1.0
KXNBA3PT-26APR01SASGSW-SASVWEMBANYAMA1-4,2026-04-01,fg3m,3.5,1.74375,1.75625,0.102,0.11847805883054241,0.0,1.0
KXNBA3PT-26APR01SASGSW-SASVWEMBANYAMA1-5,2026-04-01,fg3m,4.5,1.74375,2.75625,0.0315,0.04853772658643418,0.0,1.0
KXNBAPTS-26APR01MILHOU-HOUASENGUN28-10,2026-04-01,pts,9.5,14.7345,-5.234500000000001,0.787,0.75603360293119,1.0,1.0
KXNBAPTS-26APR01MILHOU-HOUASENGUN28-15,2026-04-01,pts,14.5,14.7345,-0.2345000000000006,0.48625,0.4588287110073743,1.0,1.0
KXNBAPTS-26APR01MILHOU-HOUASENGUN28-20,2026-04-01,pts,19.5,14.7345,4.765499999999999,0.22225,0.22485047355299137,1.0,1.0
KXNBAPTS-26APR01MILHOU-HOUASENGUN28-25,2026-04-01,pts,24.5,14.7345,9.7655,0.06975,0.0937593744602161,1.0,1.0
KXNBAPTS-26APR01MILHOU-HOUASENGUN28-30,2026-04-01,pts,29.5,14.7345,14.7655,0.016,0.034610857632561776,0.0,1.0
KXNBAPTS-26APR01MILHOU-HOUATHOMPSON1-10,2026-04-01,pts,9.5,13.22075,-3.7207500000000007,0.71725,0.6883846292041848,1.0,1.0
KXNBAPTS-26APR01MILHOU-HOUATHOMPSON1-15,2026-04-01,pts,14.5,13.22075,1.2792499999999993,0.38675,0.37075667177277916,1.0,1.0
KXNBAPTS-26APR01MILHOU-HOUATHOMPSON1-20,2026-04-01,pts,19.5,13.22075,6.279249999999999,0.1475,0.1579060970736682,0.0,1.0
KXNBAPTS-26APR01MILHOU-HOUATHOMPSON1-25,2026-04-01,pts,24.5,13.22075,11.27925,0.034,0.05664024865956263,0.0,1.0
KXNBAPTS-26APR01MILHOU-HOUJSMITH10-10,2026-04-01,pts,9.5,12.1265,-2.6265,0.6465,0.6286693396405725,1.0,1.0
KXNBAPTS-26APR01MILHOU-HOUJSMITH10-15,2026-04-01,pts,14.5,12.1265,2.3735,0.3085,0.3041293758991066,0.0,1.0
KXNBAPTS-26APR01MILHOU-HOUJSMITH10-20,2026-04-01,pts,19.5,12.1265,7.3735,0.10875,0.11453086202497609,0.0,1.0
KXNBAPTS-26APR01MILHOU-HOUJSMITH10-25,2026-04-01,pts,24.5,12.1265,12.3735,0.02925,0.03605462184921904,0.0,1.0
KXNBAPTS-26APR01MILHOU-HOUKDURANT7-15,2026-04-01,pts,14.5,17.80975,-3.309750000000001,0.65875,0.6120075034342947,1.0,1.0
KXNBAPTS-26APR01MILHOU-HOUKDURANT7-20,2026-04-01,pts,19.5,17.80975,1.690249999999999,0.3805,0.36945517152445784,0.0,1.0
KXNBAPTS-26APR01MILHOU-HOUKDURANT7-25,2026-04-01,pts,24.5,17.80975,6.690249999999999,0.176,0.19367732127528192,0.0,1.0
KXNBAPTS-26APR01MILHOU-HOUKDURANT7-30,2026-04-01,pts,29.5,17.80975,11.690249999999999,0.05975,0.0908972466493424,0.0,1.0
KXNBAPTS-26APR01MILHOU-HOUKDURANT7-35,2026-04-01,pts,34.5,17.80975,16.69025,0.01525,0.03909684099262656,0.0,1.0
KXNBAPTS-26APR01MILHOU-HOURSHEPPARD15-10,2026-04-01,pts,9.5,11.24325,-1.7432499999999997,0.57225,0.5732100850350703,1.0,1.0
KXNBAPTS-26APR01MILHOU-HOURSHEPPARD15-15,2026-04-01,pts,14.5,11.24325,3.2567500000000003,0.2685,0.25015118211383947,1.0,1.0
KXNBAPTS-26APR01MILHOU-HOURSHEPPARD15-20,2026-04-01,pts,19.5,11.24325,8.25675,0.0955,0.08388454170106863,1.0,1.0
KXNBAPTS-26APR01MILHOU-HOURSHEPPARD15-25,2026-04-01,pts,24.5,11.24325,13.25675,0.023,0.0233733165408474,1.0,1.0
KXNBAPTS-26APR01MILHOU-HOUTEASON17-10,2026-04-01,pts,9.5,8.3225,1.1775000000000002,0.366,0.34596551316984103,0.0,1.0
KXNBAPTS-26APR01MILHOU-HOUTEASON17-15,2026-04-01,pts,14.5,8.3225,6.1775,0.1145,0.09202541608422143,0.0,1.0
KXNBAPTS-26APR01MILHOU-HOUTEASON17-20,2026-04-01,pts,19.5,8.3225,11.1775,0.0285,0.01799875844697174,0.0,1.0
KXNBAPTS-26APR01MILHOU-HOUTEASON17-25,2026-04-01,pts,24.5,8.3225,16.177500000000002,0.005,0.002868223620027477,0.0,1.0
KXNBAREB-26APR01MILHOU-HOUASENGUN28-10,2026-04-01,reb,9.5,6.789,2.7110000000000003,0.1705,0.1962860814227232,0.0,1.0
KXNBAREB-26APR01MILHOU-HOUASENGUN28-12,2026-04-01,reb,11.5,6.789,4.711,0.0645,0.09086127951275802,0.0,1.0
KXNBAREB-26APR01MILHOU-HOUASENGUN28-6,2026-04-01,reb,5.5,6.789,-1.2889999999999997,0.6465,0.6111945660687714,1.0,1.0
KXNBAREB-26APR01MILHOU-HOUASENGUN28-8,2026-04-01,reb,7.5,6.789,0.7110000000000003,0.365,0.3736134539110588,1.0,1.0
KXNBAREB-26APR01MILHOU-HOUASENGUN28-9,2026-04-01,reb,8.5,6.789,1.7110000000000003,0.256,0.27553905691489666,1.0,1.0
KXNBAREB-26APR01MILHOU-HOUATHOMPSON1-10,2026-04-01,reb,9.5,6.22225,3.27775,0.1145,0.1477800157511694,0.0,1.0
KXNBAREB-26APR01MILHOU-HOUATHOMPSON1-12,2026-04-01,reb,11.5,6.22225,5.27775,0.036,0.06220269119269606,0.0,1.0
KXNBAREB-26APR01MILHOU-HOUATHOMPSON1-4,2026-04-01,reb,3.5,6.22225,-2.72225,0.84825,0.8003884357963672,1.0,1.0
KXNBAREB-26APR01MILHOU-HOUATHOMPSON1-6,2026-04-01,reb,5.5,6.22225,-0.7222499999999998,0.57975,0.5456099527838199,1.0,1.0
KXNBAREB-26APR01MILHOU-HOUATHOMPSON1-8,2026-04-01,reb,7.5,6.22225,1.2777500000000002,0.29375,0.3076987218231121,1.0,1.0
KXNBAREB-26APR01MILHOU-HOUJSMITH10-10,2026-04-01,reb,9.5,5.83825,3.6617499999999996,0.09175,0.11801231451827365,0.0,1.0
KXNBAREB-26APR01MILHOU-HOUJSMITH10-12,2026-04-01,reb,11.5,5.83825,5.66175,0.02525,0.04619685979338983,0.0,1.0
KXNBAREB-26APR01MILHOU-HOUJSMITH10-6,2026-04-01,reb,5.5,5.83825,-0.3382500000000004,0.5085,0.49707328312987553,1.0,1.0
KXNBAREB-26APR01MILHOU-HOUJSMITH10-7,2026-04-01,reb,6.5,5.83825,0.6617499999999996,0.36925,0.3701740046418499,1.0,1.0
KXNBAREB-26APR01MILHOU-HOUJSMITH10-8,2026-04-01,reb,7.5,5.83825,1.6617499999999996,0.254,0.26326833622868806,0.0,1.0
KXNBAREB-26APR01MILHOU-HOUKDURANT7-2,2026-04-01,reb,1.5,4.311,-2.811,0.91475,0.8894183104020834,1.0,1.0
KXNBAREB-26APR01MILHOU-HOUKDURANT7-4,2026-04-01,reb,3.5,4.311,-0.8109999999999999,0.61625,0.5839344606240973,1.0,1.0
KXNBAREB-26APR01MILHOU-HOUKDURANT7-5,2026-04-01,reb,4.5,4.311,0.18900000000000006,0.43175,0.4200653707294929,1.0,1.0
KXNBAREB-26APR01MILHOU-HOUKDURANT7-6,2026-04-01,reb,5.5,4.311,1.189,0.27225,0.28180467524209596,0.0,1.0
KXNBAREB-26APR01MILHOU-HOUKDURANT7-8,2026-04-01,reb,7.5,4.311,3.189,0.08025,0.10620852921140544,0.0,1.0
KXNBAREB-26APR01MILHOU-HOUTEASON17-10,2026-04-01,reb,9.5,5.1775,4.3225,0.0615,0.07417679655637421,0.0,1.0
KXNBAREB-26APR01MILHOU-HOUTEASON17-2,2026-04-01,reb,1.5,5.1775,-3.6775,0.9475,0.9326676233200788,1.0,1.0
KXNBAREB-26APR01MILHOU-HOUTEASON17-4,2026-04-01,reb,3.5,5.1775,-1.6775000000000002,0.723,0.6996775521145775,0.0,1.0
KXNBAREB-26APR01MILHOU-HOUTEASON17-6,2026-04-01,reb,5.5,5.1775,0.3224999999999998,0.40475,0.40698949943630836,0.0,1.0
KXNBAREB-26APR01MILHOU-HOUTEASON17-8,2026-04-01,reb,7.5,5.1775,2.3225,0.18025,0.18987005924615574,0.0,1.0
KXNBAAST-26APR01MILHOU-HOUASENGUN28-10,2026-04-01,ast,9.5,4.5055,4.9945,0.0225,0.039461333169985235,0.0,1.0
KXNBAAST-26APR01MILHOU-HOUASENGUN28-2,2026-04-01,ast,1.5,4.5055,-3.0054999999999996,0.928,0.9030808759934673,1.0,1.0
KXNBAAST-26APR01MILHOU-HOUASENGUN28-4,2026-04-01,ast,3.5,4.5055,-1.0054999999999996,0.63975,0.6146535153453629,1.0,1.0
KXNBAAST-26APR01MILHOU-HOUASENGUN28-6,2026-04-01,ast,5.5,4.5055,0.9945000000000004,0.30975,0.3096770098118766,0.0,1.0
KXNBAAST-26APR01MILHOU-HOUASENGUN28-8,2026-04-01,ast,7.5,4.5055,2.9945000000000004,0.1015,0.12180002358340847,0.0,1.0
KXNBAAST-26APR01MILHOU-HOUATHOMPSON1-10,2026-04-01,ast,9.5,3.9675,5.532500000000001,0.01275,0.02127522275242144,0.0,1.0
KXNBAAST-26APR01MILHOU-HOUATHOMPSON1-2,2026-04-01,ast,1.5,3.9675,-2.4675,0.897,0.8668836564148983,1.0,1.0
KXNBAAST-26APR01MILHOU-HOUATHOMPSON1-4,2026-04-01,ast,3.5,3.9675,-0.4674999999999998,0.55375,0.530542165519177,1.0,1.0
KXNBAAST-26APR01MILHOU-HOUATHOMPSON1-6,2026-04-01,ast,5.5,3.9675,1.5325000000000002,0.21375,0.23176660875684618,1.0,1.0
KXNBAAST-26APR01MILHOU-HOUATHOMPSON1-8,2026-04-01,ast,7.5,3.9675,3.5325,0.05875,0.07769976488572927,0.0,1.0
KXNBAAST-26APR01MILHOU-HOUKDURANT7-2,2026-04-01,ast,1.5,3.67675,-2.17675,0.87625,0.8417326030322592,1.0,1.0
KXNBAAST-26APR01MILHOU-HOUKDURANT7-4,2026-04-01,ast,3.5,3.67675,-0.17675000000000018,0.49525,0.4800636436479162,1.0,1.0
KXNBAAST-26APR01MILHOU-HOUKDURANT7-5,2026-04-01,ast,4.5,3.67675,0.8232499999999998,0.30925,0.31531390615048516,1.0,1.0
KXNBAAST-26APR01MILHOU-HOUKDURANT7-6,2026-04-01,ast,5.5,3.67675,1.8232499999999998,0.1755,0.19145119857622905,1.0,1.0
KXNBAAST-26APR01MILHOU-HOUKDURANT7-8,2026-04-01,ast,7.5,3.67675,3.82325,0.0375,0.05805735194138695,1.0,1.0
KXNBAAST-26APR01MILHOU-HOURSHEPPARD15-10,2026-04-01,ast,9.5,3.0485,6.451499999999999,0.0025,0.004978263073958766,0.0,1.0
KXNBAAST-26APR01MILHOU-HOURSHEPPARD15-2,2026-04-01,ast,1.5,3.0485,-1.5485000000000002,0.789,0.7694819959537433,1.0,1.0
KXNBAAST-26APR01MILHOU-HOURSHEPPARD15-4,2026-04-01,ast,3.5,3.0485,0.4514999999999998,0.362,0.36121069937242434,1.0,1.0
KXNBAAST-26APR01MILHOU-HOURSHEPPARD15-6,2026-04-01,ast,5.5,3.0485,2.4515,0.10175,0.11320233371065347,1.0,1.0
KXNBAAST-26APR01MILHOU-HOURSHEPPARD15-8,2026-04-01,ast,7.5,3.0485,4.451499999999999,0.017,0.026451442418464977,0.0,1.0
KXNBA3PT-26APR01MILHOU-HOUASENGUN28-1,2026-04-01,fg3m,0.5,0.44675,0.05325000000000002,0.36075,0.3521951659315308,1.0,1.0
KXNBA3PT-26APR01MILHOU-HOUASENGUN28-2,2026-04-01,fg3m,1.5,0.44675,1.05325,0.07275,0.07878923345517153,1.0,1.0
KXNBA3PT-26APR01MILHOU-HOUASENGUN28-3,2026-04-01,fg3m,2.5,0.44675,2.0532500000000002,0.01075,0.013535661098400875,0.0,1.0
KXNBA3PT-26APR01MILHOU-HOUASENGUN28-4,2026-04-01,fg3m,3.5,0.44675,3.0532500000000002,0.002,0.0019503915704427444,0.0,1.0
KXNBA3PT-26APR01MILHOU-HOUASENGUN28-5,2026-04-01,fg3m,4.5,0.44675,4.05325,0.0005,0.00024760186294914277,0.0,1.0
KXNBA3PT-26APR01MILHOU-HOUATHOMPSON1-1,2026-04-01,fg3m,0.5,0.353,0.14700000000000002,0.29375,0.29183723298096265,0.0,1.0
KXNBA3PT-26APR01MILHOU-HOUATHOMPSON1-2,2026-04-01,fg3m,1.5,0.353,1.147,0.05125,0.0529047318720236,0.0,1.0
KXNBA3PT-26APR01MILHOU-HOUATHOMPSON1-3,2026-04-01,fg3m,2.5,0.353,2.1470000000000002,0.00725,0.007316790762627368,0.0,1.0
KXNBA3PT-26APR01MILHOU-HOUATHOMPSON1-4,2026-04-01,fg3m,3.5,0.353,3.1470000000000002,0.00075,0.0008464043313488601,0.0,1.0
KXNBA3PT-26APR01MILHOU-HOUATHOMPSON1-5,2026-04-01,fg3m,4.5,0.353,4.147,0.0,8.614198085621361e-05,0.0,1.0
KXNBA3PT-26APR01MILHOU-HOUKDURANT7-1,2026-04-01,fg3m,0.5,1.73475,-1.23475,0.814,0.7905329346993688,1.0,1.0
KXNBA3PT-26APR01MILHOU-HOUKDURANT7-2,2026-04-01,fg3m,1.5,1.73475,-0.23475000000000001,0.51725,0.494446297636556,1.0,1.0
KXNBA3PT-26APR01MILHOU-HOUKDURANT7-3,2026-04-01,fg3m,2.5,1.73475,0.76525,0.26025,0.2577701586797232,0.0,1.0
KXNBA3PT-26APR01MILHOU-HOUKDURANT7-4,2026-04-01,fg3m,3.5,1.73475,1.76525,0.10025,0.1170372592957889,0.0,1.0
KXNBA3PT-26APR01MILHOU-HOUKDURANT7-5,2026-04-01,fg3m,4.5,1.73475,2.76525,0.0305,0.04776014016474872,0.0,1.0
KXNBA3PT-26APR01MILHOU-HOURSHEPPARD15-1,2026-04-01,fg3m,0.5,2.208,-1.7080000000000002,0.88025,0.8562072803154598,1.0,1.0
KXNBA3PT-26APR01MILHOU-HOURSHEPPARD15-2,2026-04-01,fg3m,1.5,2.208,-0.7080000000000002,0.64425,0.6099440904067184,1.0,1.0
KXNBA3PT-26APR01MILHOU-HOURSHEPPARD15-3,2026-04-01,fg3m,2.5,2.208,0.2919999999999998,0.37375,0.3714406145536536,1.0,1.0
KXNBA3PT-26APR01MILHOU-HOURSHEPPARD15-4,2026-04-01,fg3m,3.5,2.208,1.2919999999999998,0.189,0.1996120288327109,1.0,1.0
KXNBA3PT-26APR01MILHOU-HOURSHEPPARD15-5,2026-04-01,fg3m,4.5,2.208,2.292,0.07825,0.09712966284112601,1.0,1.0
KXNBA3PT-26APR01MILHOU-HOUTEASON17-1,2026-04-01,fg3m,0.5,1.04925,-0.54925,0.63525,0.6258629974858854,1.0,1.0
KXNBA3PT-26APR01MILHOU-HOUTEASON17-2,2026-04-01,fg3m,1.5,1.04925,0.45075,0.2825,0.28073780875771703,0.0,1.0
KXNBA3PT-26APR01MILHOU-HOUTEASON17-3,2026-04-01,fg3m,2.5,1.04925,1.45075,0.098,0.10070350601353595,0.0,1.0
KXNBA3PT-26APR01MILHOU-HOUTEASON17-4,2026-04-01,fg3m,3.5,1.04925,2.45075,0.026,0.030841772801917022,0.0,1.0
KXNBA3PT-26APR01MILHOU-HOUTEASON17-5,2026-04-01,fg3m,4.5,1.04925,3.45075,0.00625,0.008399001924778271,0.0,1.0
KXNBAPTS-26APR01NYKMEM-MEMCCOWARD23-10,2026-04-01,pts,9.5,7.638,1.862,0.31075,0.2863705999190068,1.0,1.0
KXNBAPTS-26APR01NYKMEM-MEMCCOWARD23-15,2026-04-01,pts,14.5,7.638,6.862,0.07975,0.06449956960601066,1.0,1.0
KXNBAPTS-26APR01NYKMEM-MEMCCOWARD23-20,2026-04-01,pts,19.5,7.638,11.862,0.0125,0.010571380206502612,0.0,1.0
KXNBAPTS-26APR01NYKMEM-MEMCCOWARD23-25,2026-04-01,pts,24.5,7.638,16.862000000000002,0.001,0.001405387135896774,0.0,1.0
KXNBAPTS-26APR01NYKMEM-NYKJHART3-10,2026-04-01,pts,9.5,8.99275,0.5072500000000009,0.4145,0.40303355595221013,0.0,1.0
KXNBAPTS-26APR01NYKMEM-NYKJHART3-15,2026-04-01,pts,14.5,8.99275,5.507250000000001,0.14125,0.12338619975489107,0.0,1.0
KXNBAPTS-26APR01NYKMEM-NYKJHART3-20,2026-04-01,pts,19.5,8.99275,10.50725,0.03375,0.028059221364037046,0.0,1.0
KXNBAPTS-26APR01NYKMEM-NYKJHART3-25,2026-04-01,pts,24.5,8.99275,15.50725,0.0055,0.005222149245561525,0.0,1.0
KXNBAPTS-26APR01NYKMEM-NYKKTOWNS32-10,2026-04-01,pts,9.5,12.3335,-2.833500000000001,0.65925,0.6407139040582235,1.0,1.0
KXNBAPTS-26APR01NYKMEM-NYKKTOWNS32-15,2026-04-01,pts,14.5,12.3335,2.166499999999999,0.3345,0.3168179614589596,1.0,1.0
KXNBAPTS-26APR01NYKMEM-NYKKTOWNS32-20,2026-04-01,pts,19.5,12.3335,7.166499999999999,0.117,0.12231763503936754,1.0,1.0
KXNBAPTS-26APR01NYKMEM-NYKKTOWNS32-25,2026-04-01,pts,24.5,12.3335,12.1665,0.03025,0.039532670205575715,0.0,1.0
KXNBAPTS-26APR01NYKMEM-NYKKTOWNS32-30,2026-04-01,pts,29.5,12.3335,17.1665,0.00425,0.011213051071623736,0.0,1.0
KXNBAPTS-26APR01NYKMEM-NYKMBRIDGES25-10,2026-04-01,pts,9.5,8.93875,0.5612499999999994,0.42025,0.39851300780879206,1.0,1.0
KXNBAPTS-26APR01NYKMEM-NYKMBRIDGES25-15,2026-04-01,pts,14.5,8.93875,5.561249999999999,0.13125,0.1207152397739345,1.0,1.0
KXNBAPTS-26APR01NYKMEM-NYKMBRIDGES25-20,2026-04-01,pts,19.5,8.93875,10.56125,0.0295,0.027139953782430948,1.0,1.0
KXNBAPTS-26APR01NYKMEM-NYKMBRIDGES25-25,2026-04-01,pts,24.5,8.93875,15.56125,0.00375,0.00499188505577719,0.0,1.0
KXNBAPTS-26APR01NYKMEM-NYKOANUNOBY8-10,2026-04-01,pts,9.5,11.457,-1.9570000000000007,0.601,0.5872408893774622,1.0,1.0
KXNBAPTS-26APR01NYKMEM-NYKOANUNOBY8-15,2026-04-01,pts,14.5,11.457,3.0429999999999993,0.28775,0.26314490098557597,1.0,1.0
KXNBAPTS-26APR01NYKMEM-NYKOANUNOBY8-20,2026-04-01,pts,19.5,11.457,8.043,0.09275,0.09089452994730363,1.0,1.0
KXNBAPTS-26APR01NYKMEM-NYKOANUNOBY8-25,2026-04-01,pts,24.5,11.457,13.043,0.01875,0.026125932633923377,1.0,1.0
KXNBAREB-26APR01NYKMEM-NYKJHART3-10,2026-04-01,reb,9.5,5.93625,3.5637499999999998,0.1055,0.1253361794898913,0.0,1.0
KXNBAREB-26APR01NYKMEM-NYKJHART3-12,2026-04-01,reb,11.5,5.93625,5.56375,0.03325,0.05001513337344843,0.0,1.0
KXNBAREB-26APR01NYKMEM-NYKJHART3-4,2026-04-01,reb,3.5,5.93625,-2.4362500000000002,0.806,0.7765536682920603,1.0,1.0
KXNBAREB-26APR01NYKMEM-NYKJHART3-6,2026-04-01,reb,5.5,5.93625,-0.43625000000000025,0.52575,0.5097565355695419,1.0,1.0
KXNBAREB-26APR01NYKMEM-NYKJHART3-8,2026-04-01,reb,7.5,5.93625,1.5637499999999998,0.2655,0.27453682872713225,0.0,1.0
KXNBAREB-26APR01NYKMEM-NYKKTOWNS32-10,2026-04-01,reb,9.5,8.30625,1.1937499999999996,0.33775,0.3409034760891325,1.0,1.0
KXNBAREB-26APR01NYKMEM-NYKKTOWNS32-12,2026-04-01,reb,11.5,8.30625,3.1937499999999996,0.1595,0.19279221218697318,0.0,1.0
KXNBAREB-26APR01NYKMEM-NYKKTOWNS32-14,2026-04-01,reb,13.5,8.30625,5.19375,0.0725,0.09906200009918398,0.0,1.0
KXNBAREB-26APR01NYKMEM-NYKKTOWNS32-16,2026-04-01,reb,15.5,8.30625,7.19375,0.02525,0.04691308330068911,0.0,1.0
KXNBAREB-26APR01NYKMEM-NYKKTOWNS32-8,2026-04-01,reb,7.5,8.30625,-0.8062500000000004,0.567,0.538923997605266,1.0,1.0
KXNBAREB-26APR01NYKMEM-NYKMBRIDGES25-10,2026-04-01,reb,9.5,2.6435,6.8565000000000005,0.0005,0.002199718534218187,0.0,1.0
KXNBAREB-26APR01NYKMEM-NYKMBRIDGES25-2,2026-04-01,reb,1.5,2.6435,-1.1435,0.718,0.704600336318892,1.0,1.0
KXNBAREB-26APR01NYKMEM-NYKMBRIDGES25-4,2026-04-01,reb,3.5,2.6435,0.8565,0.27925,0.28089866353690696,0.0,1.0
KXNBAREB-26APR01NYKMEM-NYKMBRIDGES25-6,2026-04-01,reb,5.5,2.6435,2.8565,0.06275,0.07312530588866784,0.0,1.0
KXNBAREB-26APR01NYKMEM-NYKMBRIDGES25-8,2026-04-01,reb,7.5,2.6435,4.8565000000000005,0.01125,0.014127578740520397,0.0,1.0
KXNBAREB-26APR01NYKMEM-NYKOANUNOBY8-10,2026-04-01,reb,9.5,3.60575,5.8942499999999995,0.0085,0.013437466647191032,1.0,1.0
KXNBAREB-26APR01NYKMEM-NYKOANUNOBY8-2,2026-04-01,reb,1.5,3.60575,-2.10575,0.8625,0.8328810429075642,1.0,1.0
KXNBAREB-26APR01NYKMEM-NYKOANUNOBY8-4,2026-04-01,reb,3.5,3.60575,-0.10575000000000001,0.46775,0.46636438201946406,1.0,1.0
KXNBAREB-26APR01NYKMEM-NYKOANUNOBY8-6,2026-04-01,reb,5.5,3.60575,1.89425,0.16725,0.1829642432448072,1.0,1.0
KXNBAREB-26APR01NYKMEM-NYKOANUNOBY8-8,2026-04-01,reb,7.5,3.60575,3.89425,0.04075,0.054849252365596346,1.0,1.0
KXNBAAST-26APR01NYKMEM-NYKJHART3-2,2026-04-01,ast,1.5,3.5,-2.0,0.84575,0.8241058116386045,1.0,1.0
KXNBAAST-26APR01NYKMEM-NYKJHART3-4,2026-04-01,ast,3.5,3.5,0.0,0.46125,0.4478253356660361,1.0,1.0
KXNBAAST-26APR01NYKMEM-NYKJHART3-5,2026-04-01,ast,4.5,3.5,1.0,0.27675,0.2855672658705095,1.0,1.0
KXNBAAST-26APR01NYKMEM-NYKJHART3-6,2026-04-01,ast,5.5,3.5,2.0,0.15525,0.16800208274593498,1.0,1.0
KXNBAAST-26APR01NYKMEM-NYKJHART3-8,2026-04-01,ast,7.5,3.5,4.0,0.03975,0.047658590736247786,0.0,1.0
KXNBA3PT-26APR01NYKMEM-NYKJHART3-1,2026-04-01,fg3m,0.5,1.0795,-0.5794999999999999,0.656,0.6356650155541459,1.0,1.0
KXNBA3PT-26APR01NYKMEM-NYKJHART3-2,2026-04-01,fg3m,1.5,1.0795,0.4205000000000001,0.28925,0.29109289411246153,0.0,1.0
KXNBA3PT-26APR01NYKMEM-NYKJHART3-3,2026-04-01,fg3m,2.5,1.0795,1.4205,0.099,0.10680703679949022,0.0,1.0
KXNBA3PT-26APR01NYKMEM-NYKJHART3-4,2026-04-01,fg3m,3.5,1.0795,2.4205,0.029,0.033489246254710725,0.0,1.0
KXNBA3PT-26APR01NYKMEM-NYKJHART3-5,2026-04-01,fg3m,4.5,1.0795,3.4205,0.00575,0.009341324757727532,0.0,1.0
KXNBA3PT-26APR01NYKMEM-NYKKTOWNS32-1,2026-04-01,fg3m,0.5,0.87575,-0.37575000000000003,0.579,0.5635383284842077,0.0,1.0
KXNBA3PT-26APR01NYKMEM-NYKKTOWNS32-2,2026-04-01,fg3m,1.5,0.87575,0.62425,0.22225,0.22064487144905998,0.0,1.0
KXNBA3PT-26APR01NYKMEM-NYKKTOWNS32-3,2026-04-01,fg3m,2.5,0.87575,1.62425,0.06075,0.06830804847827421,0.0,1.0
KXNBA3PT-26APR01NYKMEM-NYKKTOWNS32-4,2026-04-01,fg3m,3.5,0.87575,2.62425,0.0115,0.01796307912723205,0.0,1.0
KXNBA3PT-26APR01NYKMEM-NYKKTOWNS32-5,2026-04-01,fg3m,4.5,0.87575,3.62425,0.002,0.004189072344723321,0.0,1.0
KXNBA3PT-26APR01NYKMEM-NYKMBRIDGES25-1,2026-04-01,fg3m,0.5,1.13225,-0.63225,0.6655,0.6520709860142502,1.0,1.0
KXNBA3PT-26APR01NYKMEM-NYKMBRIDGES25-2,2026-04-01,fg3m,1.5,1.13225,0.36775,0.312,0.3090124339057413,1.0,1.0
KXNBA3PT-26APR01NYKMEM-NYKMBRIDGES25-3,2026-04-01,fg3m,2.5,1.13225,1.36775,0.1155,0.11772851374216575,1.0,1.0
KXNBA3PT-26APR01NYKMEM-NYKMBRIDGES25-4,2026-04-01,fg3m,3.5,1.13225,2.36775,0.02925,0.038388153540700354,0.0,1.0
KXNBA3PT-26APR01NYKMEM-NYKMBRIDGES25-5,2026-04-01,fg3m,4.5,1.13225,3.36775,0.00775,0.011144653800429616,0.0,1.0
KXNBA3PT-26APR01NYKMEM-NYKOANUNOBY8-1,2026-04-01,fg3m,0.5,1.6185,-1.1185,0.7995,0.7695847913869162,1.0,1.0
KXNBA3PT-26APR01NYKMEM-NYKOANUNOBY8-2,2026-04-01,fg3m,1.5,1.6185,-0.11850000000000005,0.474,0.4618952002690243,1.0,1.0
KXNBA3PT-26APR01NYKMEM-NYKOANUNOBY8-3,2026-04-01,fg3m,2.5,1.6185,0.8815,0.22275,0.22954284602560748,1.0,1.0
KXNBA3PT-26APR01NYKMEM-NYKOANUNOBY8-4,2026-04-01,fg3m,3.5,1.6185,1.8815,0.0845,0.09901990811699757,1.0,1.0
KXNBA3PT-26APR01NYKMEM-NYKOANUNOBY8-5,2026-04-01,fg3m,4.5,1.6185,2.8815,0.02675,0.038321174680293724,0.0,1.0
KXNBAPTS-26APR01BOSMIA-BOSDWHITE9-10,2026-04-01,pts,9.5,11.17875,-1.6787500000000009,0.58725,0.5688995836589521,0.0,1.0
KXNBAPTS-26APR01BOSMIA-BOSDWHITE9-15,2026-04-01,pts,14.5,11.17875,3.321249999999999,0.2615,0.24624549082626068,0.0,1.0
KXNBAPTS-26APR01BOSMIA-BOSDWHITE9-20,2026-04-01,pts,19.5,11.17875,8.32125,0.077,0.08182313051361423,0.0,1.0
KXNBAPTS-26APR01BOSMIA-BOSDWHITE9-25,2026-04-01,pts,24.5,11.17875,13.32125,0.015,0.02258147269110944,0.0,1.0
KXNBAPTS-26APR01BOSMIA-BOSJBROWN7-25,2026-04-01,pts,24.5,19.13125,5.368749999999999,0.22975,0.24290592695767144,1.0,1.0
KXNBAPTS-26APR01BOSMIA-BOSJBROWN7-30,2026-04-01,pts,29.5,19.13125,10.368749999999999,0.0845,0.12351448363565176,1.0,1.0
KXNBAPTS-26APR01BOSMIA-BOSJBROWN7-35,2026-04-01,pts,34.5,19.13125,15.368749999999999,0.02725,0.057725876483452176,1.0,1.0
KXNBAPTS-26APR01BOSMIA-BOSJBROWN7-40,2026-04-01,pts,39.5,19.13125,20.36875,0.00725,0.025205359299055874,1.0,1.0
KXNBAPTS-26APR01BOSMIA-BOSJTATUM0-20,2026-04-01,pts,19.5,15.577,3.923,0.2595,0.264136713623518,1.0,1.0
KXNBAPTS-26APR01BOSMIA-BOSJTATUM0-25,2026-04-01,pts,24.5,15.577,8.923,0.106,0.11831911124369554,1.0,1.0
KXNBAPTS-26APR01BOSMIA-BOSJTATUM0-30,2026-04-01,pts,29.5,15.577,13.923,0.0385,0.04706456287746297,0.0,1.0
KXNBAPTS-26APR01BOSMIA-BOSJTATUM0-35,2026-04-01,pts,34.5,15.577,18.923000000000002,0.009,0.017074588784235845,0.0,1.0
KXNBAPTS-26APR01BOSMIA-BOSNQUETA88-10,2026-04-01,pts,9.5,6.75825,2.7417499999999997,0.239,0.21059901338731501,1.0,1.0
KXNBAPTS-26APR01BOSMIA-BOSNQUETA88-15,2026-04-01,pts,14.5,6.75825,7.74175,0.0465,0.03670885791969303,1.0,1.0
KXNBAPTS-26APR01BOSMIA-BOSNQUETA88-20,2026-04-01,pts,19.5,6.75825,12.74175,0.0045,0.004594761210169551,0.0,1.0
KXNBAPTS-26APR01BOSMIA-BOSNQUETA88-25,2026-04-01,pts,24.5,6.75825,17.74175,0.00075,0.0004638572715214284,0.0,1.0
KXNBAPTS-26APR01BOSMIA-BOSPPRITCHARD11-10,2026-04-01,pts,9.5,12.20325,-2.7032500000000006,0.6425,0.6331767981264678,1.0,1.0
KXNBAPTS-26APR01BOSMIA-BOSPPRITCHARD11-15,2026-04-01,pts,14.5,12.20325,2.2967499999999994,0.3225,0.30883555174427,0.0,1.0
KXNBAPTS-26APR01BOSMIA-BOSPPRITCHARD11-20,2026-04-01,pts,19.5,12.20325,7.296749999999999,0.121,0.11739307182543834,0.0,1.0
KXNBAPTS-26APR01BOSMIA-BOSPPRITCHARD11-25,2026-04-01,pts,24.5,12.20325,12.29675,0.03525,0.03732152463215188,0.0,1.0
KXNBAPTS-26APR01BOSMIA-BOSSHAUSER30-10,2026-04-01,pts,9.5,6.7315,2.7685000000000004,0.23675,0.20835256630329835,1.0,1.0
KXNBAPTS-26APR01BOSMIA-BOSSHAUSER30-15,2026-04-01,pts,14.5,6.7315,7.7685,0.0605,0.036003406818227446,1.0,1.0
KXNBAPTS-26APR01BOSMIA-BOSSHAUSER30-20,2026-04-01,pts,19.5,6.7315,12.7685,0.01075,0.0044657184351424295,1.0,1.0
KXNBAPTS-26APR01BOSMIA-MIAAWIGGINS22-10,2026-04-01,pts,9.5,9.5675,-0.06750000000000078,0.468,0.45007185292610763,1.0,1.0
KXNBAPTS-26APR01BOSMIA-MIAAWIGGINS22-15,2026-04-01,pts,14.5,9.5675,4.932499999999999,0.1795,0.15317845070726677,0.0,1.0
KXNBAPTS-26APR01BOSMIA-MIAAWIGGINS22-20,2026-04-01,pts,19.5,9.5675,9.9325,0.04425,0.03906460661826361,0.0,1.0
KXNBAPTS-26APR01BOSMIA-MIAAWIGGINS22-25,2026-04-01,pts,24.5,9.5675,14.9325,0.00975,0.00818471047528313,0.0,1.0
KXNBAPTS-26APR01BOSMIA-MIABADEBAYO13-10,2026-04-01,pts,9.5,14.471,-4.971,0.76225,0.7454032127260259,1.0,1.0
KXNBAPTS-26APR01BOSMIA-MIABADEBAYO13-15,2026-04-01,pts,14.5,14.471,0.028999999999999915,0.468,0.44399081953759,1.0,1.0
KXNBAPTS-26APR01BOSMIA-MIABADEBAYO13-20,2026-04-01,pts,19.5,14.471,5.029,0.205,0.21278583834949727,1.0,1.0
KXNBAPTS-26APR01BOSMIA-MIABADEBAYO13-25,2026-04-01,pts,24.5,14.471,10.029,0.077,0.0866195615668589,1.0,1.0
KXNBAPTS-26APR01BOSMIA-MIABADEBAYO13-30,2026-04-01,pts,29.5,14.471,15.029,0.021,0.03118522041583016,0.0,1.0
KXNBAPTS-26APR01BOSMIA-MIADMITCHELL45-10,2026-04-01,pts,9.5,6.19025,3.30975,0.2015,0.16420224344364465,1.0,1.0
KXNBAPTS-26APR01BOSMIA-MIADMITCHELL45-15,2026-04-01,pts,14.5,6.19025,8.309750000000001,0.03775,0.02349018533742453,1.0,1.0
KXNBAPTS-26APR01BOSMIA-MIADMITCHELL45-20,2026-04-01,pts,19.5,6.19025,13.309750000000001,0.0055,0.0023926550495894094,1.0,1.0
KXNBAPTS-26APR01BOSMIA-MIADMITCHELL45-25,2026-04-01,pts,24.5,6.19025,18.30975,0.00075,0.00019585876588390505,0.0,1.0
KXNBAPTS-26APR01BOSMIA-MIAKWARE7-10,2026-04-01,pts,9.5,6.54575,2.95425,0.235,0.19290162195618465,0.0,1.0
KXNBAPTS-26APR01BOSMIA-MIAKWARE7-15,2026-04-01,pts,14.5,6.54575,7.95425,0.05025,0.03133250882293137,0.0,1.0
KXNBAPTS-26APR01BOSMIA-MIAKWARE7-20,2026-04-01,pts,19.5,6.54575,12.95425,0.01,0.0036429001977288378,0.0,1.0
KXNBAPTS-26APR01BOSMIA-MIATHERRO14-20,2026-04-01,pts,19.5,14.56025,4.93975,0.21675,0.21685722140582875,0.0,1.0
KXNBAPTS-26APR01BOSMIA-MIATHERRO14-25,2026-04-01,pts,24.5,14.56025,9.93975,0.0805,0.08900748779879042,0.0,1.0
KXNBAPTS-26APR01BOSMIA-MIATHERRO14-30,2026-04-01,pts,29.5,14.56025,14.93975,0.024,0.03232064577702043,0.0,1.0
KXNBAPTS-26APR01BOSMIA-MIATHERRO14-35,2026-04-01,pts,34.5,14.56025,19.93975,0.00625,0.010680832919578553,0.0,1.0
KXNBAREB-26APR01BOSMIA-BOSJBROWN7-10,2026-04-01,reb,9.5,4.92875,4.57125,0.04025,0.06040098544224426,0.0,1.0
KXNBAREB-26APR01BOSMIA-BOSJBROWN7-12,2026-04-01,reb,11.5,4.92875,6.57125,0.00975,0.019266627719590534,0.0,1.0
KXNBAREB-26APR01BOSMIA-BOSJBROWN7-4,2026-04-01,reb,3.5,4.92875,-1.42875,0.703,0.6696752154112124,0.0,1.0
KXNBAREB-26APR01BOSMIA-BOSJBROWN7-6,2026-04-01,reb,5.5,4.92875,0.57125,0.36875,0.3714698270713067,0.0,1.0
KXNBAREB-26APR01BOSMIA-BOSJBROWN7-8,2026-04-01,reb,7.5,4.92875,2.57125,0.143,0.16401157662393984,0.0,1.0
KXNBAREB-26APR01BOSMIA-BOSJTATUM0-10,2026-04-01,reb,9.5,5.24175,4.25825,0.05375,0.07798708261027476,1.0,1.0
KXNBAREB-26APR01BOSMIA-BOSJTATUM0-12,2026-04-01,reb,11.5,5.24175,6.25825,0.01425,0.026850657740991157,1.0,1.0
KXNBAREB-26APR01BOSMIA-BOSJTATUM0-6,2026-04-01,reb,5.5,5.24175,0.2582500000000003,0.428,0.41604935006969446,1.0,1.0
KXNBAREB-26APR01BOSMIA-BOSJTATUM0-8,2026-04-01,reb,7.5,5.24175,2.2582500000000003,0.17075,0.19673952380298054,1.0,1.0
KXNBAREB-26APR01BOSMIA-BOSJTATUM0-9,2026-04-01,reb,8.5,5.24175,3.2582500000000003,0.09975,0.12632272864981242,1.0,1.0
KXNBAREB-26APR01BOSMIA-BOSNQUETA88-10,2026-04-01,reb,9.5,5.39025,4.10975,0.06575,0.08717977164824575,1.0,1.0
KXNBAREB-26APR01BOSMIA-BOSNQUETA88-12,2026-04-01,reb,11.5,5.39025,6.10975,0.01625,0.031051797332823816,0.0,1.0
KXNBAREB-26APR01BOSMIA-BOSNQUETA88-14,2026-04-01,reb,13.5,5.39025,8.10975,0.00325,0.009879669317592321,0.0,1.0
KXNBAREB-26APR01BOSMIA-BOSNQUETA88-6,2026-04-01,reb,5.5,5.39025,0.10975000000000001,0.4485,0.43677152270853914,1.0,1.0
KXNBAREB-26APR01BOSMIA-BOSNQUETA88-8,2026-04-01,reb,7.5,5.39025,2.10975,0.1955,0.212875785065333,1.0,1.0
KXNBAREB-26APR01BOSMIA-BOSPPRITCHARD11-10,2026-04-01,reb,9.5,2.79825,6.7017500000000005,0.00175,0.0031326521765244753,0.0,1.0
KXNBAREB-26APR01BOSMIA-BOSPPRITCHARD11-2,2026-04-01,reb,1.5,2.79825,-1.29825,0.76,0.7304376107749715,1.0,1.0
KXNBAREB-26APR01BOSMIA-BOSPPRITCHARD11-4,2026-04-01,reb,3.5,2.79825,0.7017500000000001,0.30225,0.3116321462906806,0.0,1.0
KXNBAREB-26APR01BOSMIA-BOSPPRITCHARD11-6,2026-04-01,reb,5.5,2.79825,2.70175,0.073,0.08783318599465395,0.0,1.0
KXNBAREB-26APR01BOSMIA-BOSPPRITCHARD11-8,2026-04-01,reb,7.5,2.79825,4.7017500000000005,0.01075,0.018457133890659727,0.0,1.0
KXNBAREB-26APR01BOSMIA-MIAAWIGGINS22-2,2026-04-01,reb,1.5,3.7575,-2.2575,0.86875,0.8471728197716184,1.0,1.0
KXNBAREB-26APR01BOSMIA-MIAAWIGGINS22-4,2026-04-01,reb,3.5,3.7575,-0.25749999999999984,0.50225,0.4933354793367034,1.0,1.0
KXNBAREB-26APR01BOSMIA-MIAAWIGGINS22-5,2026-04-01,reb,4.5,3.7575,0.7425000000000002,0.3275,0.3290440624274448,0.0,1.0
KXNBAREB-26APR01BOSMIA-MIAAWIGGINS22-6,2026-04-01,reb,5.5,3.7575,1.7425000000000002,0.19175,0.20343458764294264,0.0,1.0
KXNBAREB-26APR01BOSMIA-MIAAWIGGINS22-8,2026-04-01,reb,7.5,3.7575,3.7425,0.055,0.06440242780960181,0.0,1.0
KXNBAREB-26APR01BOSMIA-MIABADEBAYO13-10,2026-04-01,reb,9.5,7.89,1.6100000000000003,0.28725,0.3002353481107398,1.0,1.0
KXNBAREB-26APR01BOSMIA-MIABADEBAYO13-11,2026-04-01,reb,10.5,7.89,2.6100000000000003,0.19475,0.223357267103391,0.0,1.0
KXNBAREB-26APR01BOSMIA-MIABADEBAYO13-12,2026-04-01,reb,11.5,7.89,3.6100000000000003,0.124,0.16178439366036834,0.0,1.0
KXNBAREB-26APR01BOSMIA-MIABADEBAYO13-14,2026-04-01,reb,13.5,7.89,5.61,0.045,0.07900741081339469,0.0,1.0
KXNBAREB-26APR01BOSMIA-MIABADEBAYO13-16,2026-04-01,reb,15.5,7.89,7.61,0.01725,0.035501586011954855,0.0,1.0
KXNBAREB-26APR01BOSMIA-MIAKWARE7-10,2026-04-01,reb,9.5,5.941,3.559,0.12625,0.12569610889947103,0.0,1.0
KXNBAREB-26APR01BOSMIA-MIAKWARE7-2,2026-04-01,reb,1.5,5.941,-4.441,0.949,0.9559640347619559,1.0,1.0
KXNBAREB-26APR01BOSMIA-MIAKWARE7-4,2026-04-01,reb,3.5,5.941,-2.441,0.7795,0.776970902906107,0.0,1.0
KXNBAREB-26APR01BOSMIA-MIAKWARE7-6,2026-04-01,reb,5.5,5.941,-0.44099999999999984,0.5145,0.5103662728038292,0.0,1.0
KXNBAREB-26APR01BOSMIA-MIAKWARE7-8,2026-04-01,reb,7.5,5.941,1.5590000000000002,0.28325,0.2750845610992537,0.0,1.0
KXNBAREB-26APR01BOSMIA-MIATHERRO14-2,2026-04-01,reb,1.5,3.62975,-2.12975,0.8585,0.8352299156534588,1.0,1.0
KXNBAREB-26APR01BOSMIA-MIATHERRO14-4,2026-04-01,reb,3.5,3.62975,-0.12975000000000003,0.48325,0.47068616089809956,0.0,1.0
KXNBAREB-26APR01BOSMIA-MIATHERRO14-5,2026-04-01,reb,4.5,3.62975,0.87025,0.30225,0.3076701075239534,0.0,1.0
KXNBAREB-26APR01BOSMIA-MIATHERRO14-6,2026-04-01,reb,5.5,3.62975,1.87025,0.167,0.18616130018630028,0.0,1.0
KXNBAREB-26APR01BOSMIA-MIATHERRO14-8,2026-04-01,reb,7.5,3.62975,3.87025,0.0455,0.05630305329577501,0.0,1.0
KXNBAAST-26APR01BOSMIA-BOSDWHITE9-2,2026-04-01,ast,1.5,3.6425,-2.1425,0.87225,0.8384639347186513,1.0,1.0
KXNBAAST-26APR01BOSMIA-BOSDWHITE9-4,2026-04-01,ast,3.5,3.6425,-0.14250000000000007,0.48675,0.4739033033114085,1.0,1.0
KXNBAAST-26APR01BOSMIA-BOSDWHITE9-5,2026-04-01,ast,4.5,3.6425,0.8574999999999999,0.30875,0.30954469535150175,0.0,1.0
KXNBAAST-26APR01BOSMIA-BOSDWHITE9-6,2026-04-01,ast,5.5,3.6425,1.8575,0.1725,0.1868358620360513,0.0,1.0
KXNBAAST-26APR01BOSMIA-BOSDWHITE9-8,2026-04-01,ast,7.5,3.6425,3.8575,0.03675,0.05595011875982203,0.0,1.0
KXNBAAST-26APR01BOSMIA-BOSJBROWN7-10,2026-04-01,ast,9.5,3.9035,5.5965,0.0095,0.01958011176316732,0.0,1.0
KXNBAAST-26APR01BOSMIA-BOSJBROWN7-2,2026-04-01,ast,1.5,3.9035,-2.4035,0.893,0.8617258980849836,1.0,1.0
KXNBAAST-26APR01BOSMIA-BOSJBROWN7-4,2026-04-01,ast,3.5,3.9035,-0.4035000000000002,0.53425,0.519719606596575,1.0,1.0
KXNBAAST-26APR01BOSMIA-BOSJBROWN7-6,2026-04-01,ast,5.5,3.9035,1.5964999999999998,0.20775,0.22273890698049215,1.0,1.0
KXNBAAST-26APR01BOSMIA-BOSJBROWN7-8,2026-04-01,ast,7.5,3.9035,3.5965,0.057,0.07311044360532704,0.0,1.0
KXNBAAST-26APR01BOSMIA-BOSJTATUM0-2,2026-04-01,ast,1.5,3.70425,-2.20425,0.87125,0.844307956321735,1.0,1.0
KXNBAAST-26APR01BOSMIA-BOSJTATUM0-4,2026-04-01,ast,3.5,3.70425,-0.20425000000000004,0.5085,0.48497852198976477,1.0,1.0
KXNBAAST-26APR01BOSMIA-BOSJTATUM0-5,2026-04-01,ast,4.5,3.70425,0.79575,0.31225,0.3199456501790735,1.0,1.0
KXNBAAST-26APR01BOSMIA-BOSJTATUM0-6,2026-04-01,ast,5.5,3.70425,1.79575,0.17125,0.1951798427676571,1.0,1.0
KXNBAAST-26APR01BOSMIA-BOSJTATUM0-8,2026-04-01,ast,7.5,3.70425,3.79575,0.0445,0.059781192377446946,1.0,1.0
KXNBAAST-26APR01BOSMIA-BOSPPRITCHARD11-2,2026-04-01,ast,1.5,3.4615,-1.9615,0.84825,0.8200077550957509,1.0,1.0
KXNBAAST-26APR01BOSMIA-BOSPPRITCHARD11-4,2026-04-01,ast,3.5,3.4615,0.03849999999999998,0.44775,0.44066177777080606,1.0,1.0
KXNBAAST-26APR01BOSMIA-BOSPPRITCHARD11-5,2026-04-01,ast,4.5,3.4615,1.0385,0.27825,0.2791062604030967,0.0,1.0
KXNBAAST-26APR01BOSMIA-BOSPPRITCHARD11-6,2026-04-01,ast,5.5,3.4615,2.0385,0.14725,0.16302416783069074,0.0,1.0
KXNBAAST-26APR01BOSMIA-BOSPPRITCHARD11-8,2026-04-01,ast,7.5,3.4615,4.0385,0.03125,0.04555054627432786,0.0,1.0
KXNBAAST-26APR01BOSMIA-MIABADEBAYO13-10,2026-04-01,ast,9.5,2.15825,7.34175,0.00025,0.0005403742887497565,0.0,1.0
KXNBAAST-26APR01BOSMIA-MIABADEBAYO13-2,2026-04-01,ast,1.5,2.15825,-0.6582499999999998,0.6295,0.6086517398573441,1.0,1.0
KXNBAAST-26APR01BOSMIA-MIABADEBAYO13-4,2026-04-01,ast,3.5,2.15825,1.3417500000000002,0.177,0.18612061915597733,0.0,1.0
KXNBAAST-26APR01BOSMIA-MIABADEBAYO13-6,2026-04-01,ast,5.5,2.15825,3.34175,0.02475,0.03548356957037868,0.0,1.0
KXNBAAST-26APR01BOSMIA-MIABADEBAYO13-8,2026-04-01,ast,7.5,2.15825,5.34175,0.002,0.0049099274156626516,0.0,1.0
KXNBAAST-26APR01BOSMIA-MIADMITCHELL45-10,2026-04-01,ast,9.5,3.51175,5.98825,0.0075,0.011166554357693315,0.0,1.0
KXNBAAST-26APR01BOSMIA-MIADMITCHELL45-2,2026-04-01,ast,1.5,3.51175,-2.01175,0.845,0.8253375041229334,1.0,1.0
KXNBAAST-26APR01BOSMIA-MIADMITCHELL45-4,2026-04-01,ast,3.5,3.51175,-0.01175000000000015,0.4575,0.45000194494004997,1.0,1.0
KXNBAAST-26APR01BOSMIA-MIADMITCHELL45-6,2026-04-01,ast,5.5,3.51175,1.9882499999999999,0.15825,0.16953111744497973,1.0,1.0
KXNBAAST-26APR01BOSMIA-MIADMITCHELL45-8,2026-04-01,ast,7.5,3.51175,3.98825,0.033,0.04831316455038537,0.0,1.0
KXNBAAST-26APR01BOSMIA-MIATHERRO14-10,2026-04-01,ast,9.5,2.73675,6.76325,0.0005,0.002579739342678966,0.0,1.0
KXNBAAST-26APR01BOSMIA-MIATHERRO14-2,2026-04-01,ast,1.5,2.73675,-1.2367499999999998,0.74025,0.7221927231865115,1.0,1.0
KXNBAAST-26APR01BOSMIA-MIATHERRO14-4,2026-04-01,ast,3.5,2.73675,0.7632500000000002,0.298,0.29923656970183465,1.0,1.0
KXNBAAST-26APR01BOSMIA-MIATHERRO14-6,2026-04-01,ast,5.5,2.73675,2.76325,0.074,0.0808384319708948,1.0,1.0
KXNBAAST-26APR01BOSMIA-MIATHERRO14-8,2026-04-01,ast,7.5,2.73675,4.76325,0.0105,0.016127249543429478,0.0,1.0
KXNBA3PT-26APR01BOSMIA-BOSDWHITE9-1,2026-04-01,fg3m,0.5,1.71275,-1.21275,0.816,0.7867396270834778,0.0,1.0
KXNBA3PT-26APR01BOSMIA-BOSDWHITE9-2,2026-04-01,fg3m,1.5,1.71275,-0.21275,0.51075,0.48841344371470197,0.0,1.0
KXNBA3PT-26APR01BOSMIA-BOSDWHITE9-3,2026-04-01,fg3m,2.5,1.71275,0.78725,0.2455,0.2524171464717446,0.0,1.0
KXNBA3PT-26APR01BOSMIA-BOSDWHITE9-4,2026-04-01,fg3m,3.5,1.71275,1.78725,0.096,0.1135420105870375,0.0,1.0
KXNBA3PT-26APR01BOSMIA-BOSDWHITE9-5,2026-04-01,fg3m,4.5,1.71275,2.7872500000000002,0.033,0.04588748862804681,0.0,1.0
KXNBA3PT-26APR01BOSMIA-BOSJBROWN7-1,2026-04-01,fg3m,0.5,1.3055,-0.8055000000000001,0.72275,0.700355103030168,1.0,1.0
KXNBA3PT-26APR01BOSMIA-BOSJBROWN7-2,2026-04-01,fg3m,1.5,1.3055,0.1944999999999999,0.378,0.3662991125550943,1.0,1.0
KXNBA3PT-26APR01BOSMIA-BOSJBROWN7-3,2026-04-01,fg3m,2.5,1.3055,1.1945,0.14775,0.15569625885430483,1.0,1.0
KXNBA3PT-26APR01BOSMIA-BOSJBROWN7-4,2026-04-01,fg3m,3.5,1.3055,2.1944999999999997,0.0435,0.05692860671128008,1.0,1.0
KXNBA3PT-26APR01BOSMIA-BOSJBROWN7-5,2026-04-01,fg3m,4.5,1.3055,3.1944999999999997,0.01,0.01858276869377795,0.0,1.0
KXNBA3PT-26APR01BOSMIA-BOSJTATUM0-1,2026-04-01,fg3m,0.5,1.98825,-1.48825,0.8505,0.8291556736500979,1.0,1.0
KXNBA3PT-26APR01BOSMIA-BOSJTATUM0-2,2026-04-01,fg3m,1.5,1.98825,-0.4882500000000001,0.58725,0.5596659399434408,1.0,1.0
KXNBA3PT-26APR01BOSMIA-BOSJTATUM0-3,2026-04-01,fg3m,2.5,1.98825,0.5117499999999999,0.323,0.3192758836879023,1.0,1.0
KXNBA3PT-26APR01BOSMIA-BOSJTATUM0-4,2026-04-01,fg3m,3.5,1.98825,1.51175,0.14375,0.1597628172583463,1.0,1.0
KXNBA3PT-26APR01BOSMIA-BOSJTATUM0-5,2026-04-01,fg3m,4.5,1.98825,2.51175,0.058,0.07213761094397053,0.0,1.0
KXNBA3PT-26APR01BOSMIA-BOSPPRITCHARD11-1,2026-04-01,fg3m,0.5,1.9635,-1.4635,0.84925,0.82576346997467,1.0,1.0
KXNBA3PT-26APR01BOSMIA-BOSPPRITCHARD11-2,2026-04-01,fg3m,1.5,1.9635,-0.4635,0.5755,0.5536441631837379,1.0,1.0
KXNBA3PT-26APR01BOSMIA-BOSPPRITCHARD11-3,2026-04-01,fg3m,2.5,1.9635,0.5365,0.31125,0.3133118825190011,1.0,1.0
KXNBA3PT-26APR01BOSMIA-BOSPPRITCHARD11-4,2026-04-01,fg3m,3.5,1.9635,1.5365,0.141,0.15541616522628043,1.0,1.0
KXNBA3PT-26APR01BOSMIA-BOSPPRITCHARD11-5,2026-04-01,fg3m,4.5,1.9635,2.5365,0.05725,0.06953822523819753,0.0,1.0
KXNBA3PT-26APR01BOSMIA-MIATHERRO14-1,2026-04-01,fg3m,0.5,1.75525,-1.25525,0.8165,0.7939990484858261,1.0,1.0
KXNBA3PT-26APR01BOSMIA-MIATHERRO14-2,2026-04-01,fg3m,1.5,1.75525,-0.25525,0.51375,0.5000141129512805,1.0,1.0
KXNBA3PT-26APR01BOSMIA-MIATHERRO14-3,2026-04-01,fg3m,2.5,1.75525,0.74475,0.262,0.26276011667881927,1.0,1.0
KXNBA3PT-26APR01BOSMIA-MIATHERRO14-4,2026-04-01,fg3m,3.5,1.75525,1.74475,0.10775,0.12032814478429732,1.0,1.0
KXNBA3PT-26APR01BOSMIA-MIATHERRO14-5,2026-04-01,fg3m,4.5,1.75525,2.74475,0.0415,0.049540989071675146,0.0,1.0
KXNBAPTS-26APR01ATLORL-ATLCMCCOLLUM3-15,2026-04-01,pts,14.5,12.98225,1.5177499999999995,0.3675,0.3563657281471041,0.0,1.0
KXNBAPTS-26APR01ATLORL-ATLCMCCOLLUM3-20,2026-04-01,pts,19.5,12.98225,6.5177499999999995,0.15,0.14801532922701455,0.0,1.0
KXNBAPTS-26APR01ATLORL-ATLCMCCOLLUM3-25,2026-04-01,pts,24.5,12.98225,11.51775,0.04375,0.05169251682887399,0.0,1.0
KXNBAPTS-26APR01ATLORL-ATLCMCCOLLUM3-30,2026-04-01,pts,29.5,12.98225,16.51775,0.01075,0.015880446799908965,0.0,1.0
KXNBAPTS-26APR01ATLORL-ATLDDANIELS5-10,2026-04-01,pts,9.5,8.4015,1.0984999999999996,0.37825,0.3527846457288887,1.0,1.0
KXNBAPTS-26APR01ATLORL-ATLDDANIELS5-15,2026-04-01,pts,14.5,8.4015,6.0985,0.10325,0.09550856380549999,1.0,1.0
KXNBAPTS-26APR01ATLORL-ATLDDANIELS5-20,2026-04-01,pts,19.5,8.4015,11.0985,0.0205,0.0190351458064022,0.0,1.0
KXNBAPTS-26APR01ATLORL-ATLJJOHNSON1-20,2026-04-01,pts,19.5,14.30125,5.19875,0.20075,0.20508864273566263,0.0,1.0
KXNBAPTS-26APR01ATLORL-ATLJJOHNSON1-25,2026-04-01,pts,24.5,14.30125,10.19875,0.066,0.08216540838664887,0.0,1.0
KXNBAPTS-26APR01ATLORL-ATLJJOHNSON1-30,2026-04-01,pts,29.5,14.30125,15.19875,0.0185,0.029095612047872033,0.0,1.0
KXNBAPTS-26APR01ATLORL-ATLJJOHNSON1-35,2026-04-01,pts,34.5,14.30125,20.19875,0.0035,0.009371266017490831,0.0,1.0
KXNBAPTS-26APR01ATLORL-ATLJKUMINGA0-10,2026-04-01,pts,9.5,7.3215,2.1784999999999997,0.281,0.2588150436749719,1.0,1.0
KXNBAPTS-26APR01ATLORL-ATLJKUMINGA0-15,2026-04-01,pts,14.5,7.3215,7.1785,0.0725,0.05348372523458278,0.0,1.0
KXNBAPTS-26APR01ATLORL-ATLJKUMINGA0-20,2026-04-01,pts,19.5,7.3215,12.1785,0.012,0.008004224298678198,0.0,1.0
KXNBAPTS-26APR01ATLORL-ATLJKUMINGA0-25,2026-04-01,pts,24.5,7.3215,17.1785,0.0015,0.0009696511107543104,0.0,1.0
KXNBAPTS-26APR01ATLORL-ATLNALEXANDERWALKER7-15,2026-04-01,pts,14.5,13.42725,1.0727499999999992,0.39125,0.3831274196836407,1.0,1.0
KXNBAPTS-26APR01ATLORL-ATLNALEXANDERWALKER7-20,2026-04-01,pts,19.5,13.42725,6.072749999999999,0.16825,0.16664046411408995,1.0,1.0
KXNBAPTS-26APR01ATLORL-ATLNALEXANDERWALKER7-25,2026-04-01,pts,24.5,13.42725,11.07275,0.05475,0.06112866655600846,1.0,1.0
KXNBAPTS-26APR01ATLORL-ATLNALEXANDERWALKER7-30,2026-04-01,pts,29.5,13.42725,16.07275,0.0155,0.019757046473908302,1.0,1.0
KXNBAPTS-26APR01ATLORL-ATLOOKONGWU17-10,2026-04-01,pts,9.5,8.9855,0.5145,0.423,0.4024275465641668,1.0,1.0
KXNBAPTS-26APR01ATLORL-ATLOOKONGWU17-15,2026-04-01,pts,14.5,8.9855,5.5145,0.14275,0.12302622779555428,1.0,1.0
KXNBAPTS-26APR01ATLORL-ATLOOKONGWU17-20,2026-04-01,pts,19.5,8.9855,10.5145,0.03675,0.027934669315620053,0.0,1.0
KXNBAPTS-26APR01ATLORL-ATLOOKONGWU17-25,2026-04-01,pts,24.5,8.9855,15.5145,0.00625,0.005190784803062121,0.0,1.0
KXNBAPTS-26APR01ATLORL-ORLDBANE3-15,2026-04-01,pts,14.5,14.4425,0.05749999999999922,0.4685,0.44237198756743,0.0,1.0
KXNBAPTS-26APR01ATLORL-ORLDBANE3-20,2026-04-01,pts,19.5,14.4425,5.057499999999999,0.214,0.21148917701965564,0.0,1.0
KXNBAPTS-26APR01ATLORL-ORLDBANE3-25,2026-04-01,pts,24.5,14.4425,10.0575,0.0615,0.08586367598697608,0.0,1.0
KXNBAPTS-26APR01ATLORL-ORLDBANE3-30,2026-04-01,pts,29.5,14.4425,15.0575,0.015,0.030827995658248453,0.0,1.0
KXNBAPTS-26APR01ATLORL-ORLJSUGGS4-10,2026-04-01,pts,9.5,11.131,-1.6310000000000002,0.5695,0.5656856137516135,0.0,1.0
KXNBAPTS-26APR01ATLORL-ORLJSUGGS4-15,2026-04-01,pts,14.5,11.131,3.3689999999999998,0.25775,0.24335932254852566,0.0,1.0
KXNBAPTS-26APR01ATLORL-ORLJSUGGS4-20,2026-04-01,pts,19.5,11.131,8.369,0.087,0.0803134105527511,0.0,1.0
KXNBAPTS-26APR01ATLORL-ORLJSUGGS4-25,2026-04-01,pts,24.5,11.131,13.369,0.02325,0.022006724433638047,0.0,1.0
KXNBAPTS-26APR01ATLORL-ORLPBANCHERO5-20,2026-04-01,pts,19.5,17.0135,2.4864999999999995,0.344,0.3321037638059172,0.0,1.0
KXNBAPTS-26APR01ATLORL-ORLPBANCHERO5-25,2026-04-01,pts,24.5,17.0135,7.4864999999999995,0.13825,0.16539243597940656,0.0,1.0
KXNBAPTS-26APR01ATLORL-ORLPBANCHERO5-30,2026-04-01,pts,29.5,17.0135,12.4865,0.04075,0.07352770671032238,0.0,1.0
KXNBAPTS-26APR01ATLORL-ORLPBANCHERO5-35,2026-04-01,pts,34.5,17.0135,17.4865,0.011,0.029905608257202676,0.0,1.0
KXNBAPTS-26APR01ATLORL-ORLWCARTER34-10,2026-04-01,pts,9.5,8.293,1.2070000000000007,0.3645,0.3434143053380405,1.0,1.0
KXNBAPTS-26APR01ATLORL-ORLWCARTER34-15,2026-04-01,pts,14.5,8.293,6.207000000000001,0.101,0.09074026663348222,0.0,1.0
KXNBAPTS-26APR01ATLORL-ORLWCARTER34-20,2026-04-01,pts,19.5,8.293,11.207,0.023,0.017621658646402638,0.0,1.0
KXNBAREB-26APR01ATLORL-ATLDDANIELS5-10,2026-04-01,reb,9.5,5.026,4.474,0.0515,0.06560016688816472,1.0,1.0
KXNBAREB-26APR01ATLORL-ATLDDANIELS5-12,2026-04-01,reb,11.5,5.026,6.474,0.00975,0.021443429996580443,1.0,1.0
KXNBAREB-26APR01ATLORL-ATLDDANIELS5-6,2026-04-01,reb,5.5,5.026,0.4740000000000002,0.3845,0.38543149133609955,1.0,1.0
KXNBAREB-26APR01ATLORL-ATLDDANIELS5-7,2026-04-01,reb,6.5,5.026,1.4740000000000002,0.25425,0.26555135541357877,1.0,1.0
KXNBAREB-26APR01ATLORL-ATLDDANIELS5-8,2026-04-01,reb,7.5,5.026,2.474,0.155,0.17397278447536868,1.0,1.0
KXNBAREB-26APR01ATLORL-ATLJJOHNSON1-10,2026-04-01,reb,9.5,7.5155,1.9844999999999997,0.24725,0.2639815525976551,1.0,1.0
KXNBAREB-26APR01ATLORL-ATLJJOHNSON1-12,2026-04-01,reb,11.5,7.5155,3.9844999999999997,0.0935,0.13565739418365896,1.0,1.0
KXNBAREB-26APR01ATLORL-ATLJJOHNSON1-14,2026-04-01,reb,13.5,7.5155,5.9845,0.03575,0.06303599783219016,1.0,1.0
KXNBAREB-26APR01ATLORL-ATLJJOHNSON1-6,2026-04-01,reb,5.5,7.5155,-2.0155000000000003,0.73375,0.6842145577483181,1.0,1.0
KXNBAREB-26APR01ATLORL-ATLJJOHNSON1-8,2026-04-01,reb,7.5,7.5155,-0.015500000000000291,0.47175,0.4557678370454066,1.0,1.0
KXNBAREB-26APR01ATLORL-ATLJKUMINGA0-2,2026-04-01,reb,1.5,4.22975,-2.72975,0.9065,0.8840725324690731,0.0,1.0
KXNBAREB-26APR01ATLORL-ATLJKUMINGA0-4,2026-04-01,reb,3.5,4.22975,-0.7297500000000001,0.5955,0.5714389651727472,0.0,1.0
KXNBAREB-26APR01ATLORL-ATLJKUMINGA0-5,2026-04-01,reb,4.5,4.22975,0.2702499999999999,0.413,0.4069748575409744,0.0,1.0
KXNBAREB-26APR01ATLORL-ATLJKUMINGA0-6,2026-04-01,reb,5.5,4.22975,1.2702499999999999,0.25675,0.27006101722128373,0.0,1.0
KXNBAREB-26APR01ATLORL-ATLJKUMINGA0-8,2026-04-01,reb,7.5,4.22975,3.27025,0.081,0.09942364210238508,0.0,1.0
KXNBAREB-26APR01ATLORL-ATLNALEXANDERWALKER7-10,2026-04-01,reb,9.5,2.77525,6.72475,0.00025,0.002977763952379253,0.0,1.0
KXNBAREB-26APR01ATLORL-ATLNALEXANDERWALKER7-2,2026-04-01,reb,1.5,2.77525,-1.2752500000000002,0.75275,0.7267421049090232,1.0,1.0
KXNBAREB-26APR01ATLORL-ATLNALEXANDERWALKER7-4,2026-04-01,reb,3.5,2.77525,0.7247499999999998,0.30775,0.30706492046681033,1.0,1.0
KXNBAREB-26APR01ATLORL-ATLNALEXANDERWALKER7-6,2026-04-01,reb,5.5,2.77525,2.72475,0.07175,0.08556374726717875,0.0,1.0
KXNBAREB-26APR01ATLORL-ATLNALEXANDERWALKER7-8,2026-04-01,reb,7.5,2.77525,4.72475,0.00825,0.017763941491817037,0.0,1.0
KXNBAREB-26APR01ATLORL-ATLOOKONGWU17-10,2026-04-01,reb,9.5,5.46575,4.03425,0.07475,0.09205602927310996,0.0,1.0
KXNBAREB-26APR01ATLORL-ATLOOKONGWU17-12,2026-04-01,reb,11.5,5.46575,6.03425,0.022,0.03334169744111404,0.0,1.0
KXNBAREB-26APR01ATLORL-ATLOOKONGWU17-4,2026-04-01,reb,3.5,5.46575,-1.9657499999999999,0.76325,0.7313768346424268,1.0,1.0
KXNBAREB-26APR01ATLORL-ATLOOKONGWU17-6,2026-04-01,reb,5.5,5.46575,0.034250000000000114,0.458,0.447179300184663,1.0,1.0
KXNBAREB-26APR01ATLORL-ATLOOKONGWU17-8,2026-04-01,reb,7.5,5.46575,2.03425,0.20075,0.22120501317210828,0.0,1.0
KXNBAREB-26APR01ATLORL-ORLJSUGGS4-2,2026-04-01,reb,1.5,3.456,-1.956,0.8385,0.8174279277396097,1.0,1.0
KXNBAREB-26APR01ATLORL-ORLJSUGGS4-4,2026-04-01,reb,3.5,3.456,0.04400000000000004,0.44525,0.43894911197278985,1.0,1.0
KXNBAREB-26APR01ATLORL-ORLJSUGGS4-5,2026-04-01,reb,4.5,3.456,1.044,0.2755,0.2786292348117392,1.0,1.0
KXNBAREB-26APR01ATLORL-ORLJSUGGS4-6,2026-04-01,reb,5.5,3.456,2.044,0.15075,0.16340310748524,0.0,1.0
KXNBAREB-26APR01ATLORL-ORLJSUGGS4-8,2026-04-01,reb,7.5,3.456,4.0440000000000005,0.03225,0.046266974444890696,0.0,1.0
KXNBAREB-26APR01ATLORL-ORLPBANCHERO5-10,2026-04-01,reb,9.5,6.4705,3.0294999999999996,0.12675,0.16843213096402887,0.0,1.0
KXNBAREB-26APR01ATLORL-ORLPBANCHERO5-12,2026-04-01,reb,11.5,6.4705,5.0295,0.0395,0.07403153620269942,0.0,1.0
KXNBAREB-26APR01ATLORL-ORLPBANCHERO5-6,2026-04-01,reb,5.5,6.4705,-0.9705000000000004,0.6215,0.5752553197194801,1.0,1.0
KXNBAREB-26APR01ATLORL-ORLPBANCHERO5-8,2026-04-01,reb,7.5,6.4705,1.0294999999999996,0.3275,0.33662596090842223,1.0,1.0
KXNBAREB-26APR01ATLORL-ORLPBANCHERO5-9,2026-04-01,reb,8.5,6.4705,2.0294999999999996,0.21225,0.24239395338801184,0.0,1.0
KXNBAREB-26APR01ATLORL-ORLWCARTER34-10,2026-04-01,reb,9.5,6.11425,3.38575,0.10425,0.13912489094270308,0.0,1.0
KXNBAREB-26APR01ATLORL-ORLWCARTER34-12,2026-04-01,reb,11.5,6.11425,5.38575,0.02975,0.05741792855865857,0.0,1.0
KXNBAREB-26APR01ATLORL-ORLWCARTER34-4,2026-04-01,reb,3.5,6.11425,-2.61425,0.8425,0.7916901542037552,1.0,1.0
KXNBAREB-26APR01ATLORL-ORLWCARTER34-6,2026-04-01,reb,5.5,6.11425,-0.6142500000000002,0.56175,0.5322794579985828,1.0,1.0
KXNBAREB-26APR01ATLORL-ORLWCARTER34-8,2026-04-01,reb,7.5,6.11425,1.3857499999999998,0.28275,0.2951401693310465,0.0,1.0
KXNBAAST-26APR01ATLORL-ATLCMCCOLLUM3-10,2026-04-01,ast,9.5,2.598,6.902,0.001,0.0018560714768687259,0.0,1.0
KXNBAAST-26APR01ATLORL-ATLCMCCOLLUM3-2,2026-04-01,ast,1.5,2.598,-1.0979999999999999,0.71175,0.6982186799537178,1.0,1.0
KXNBAAST-26APR01ATLORL-ATLCMCCOLLUM3-4,2026-04-01,ast,3.5,2.598,0.9020000000000001,0.2635,0.2715652885851486,0.0,1.0
KXNBAAST-26APR01ATLORL-ATLCMCCOLLUM3-6,2026-04-01,ast,5.5,2.598,2.902,0.0595,0.06813484096544231,0.0,1.0
KXNBAAST-26APR01ATLORL-ATLCMCCOLLUM3-8,2026-04-01,ast,7.5,2.598,4.902,0.00825,0.012571112350669433,0.0,1.0
KXNBAAST-26APR01ATLORL-ATLJJOHNSON1-10,2026-04-01,ast,9.5,4.45225,5.04775,0.0175,0.0373359276112023,0.0,1.0
KXNBAAST-26APR01ATLORL-ATLJJOHNSON1-12,2026-04-01,ast,11.5,4.45225,7.04775,0.00275,0.010223142141635333,0.0,1.0
KXNBAAST-26APR01ATLORL-ATLJJOHNSON1-4,2026-04-01,ast,3.5,4.45225,-0.9522500000000003,0.6375,0.6068867584119875,1.0,1.0
KXNBAAST-26APR01ATLORL-ATLJJOHNSON1-6,2026-04-01,ast,5.5,4.45225,1.0477499999999997,0.2945,0.30187376467878346,1.0,1.0
KXNBAAST-26APR01ATLORL-ATLJJOHNSON1-8,2026-04-01,ast,7.5,4.45225,3.0477499999999997,0.09375,0.11702226193216825,1.0,1.0
KXNBAAST-26APR01ATLORL-ATLNALEXANDERWALKER7-10,2026-04-01,ast,9.5,2.4735,7.0265,0.0,0.0013508329246187945,0.0,1.0
KXNBAAST-26APR01ATLORL-ATLNALEXANDERWALKER7-2,2026-04-01,ast,1.5,2.4735,-0.9735,0.699,0.6750306064316316,0.0,1.0
KXNBAAST-26APR01ATLORL-ATLNALEXANDERWALKER7-4,2026-04-01,ast,3.5,2.4735,1.0265,0.245,0.24689378898307612,0.0,1.0
KXNBAAST-26APR01ATLORL-ATLNALEXANDERWALKER7-6,2026-04-01,ast,5.5,2.4735,3.0265,0.047,0.05769454782463879,0.0,1.0
KXNBAAST-26APR01ATLORL-ATLNALEXANDERWALKER7-8,2026-04-01,ast,7.5,2.4735,5.0265,0.005,0.009877335307322599,0.0,1.0
KXNBAAST-26APR01ATLORL-ATLOOKONGWU17-2,2026-04-01,ast,1.5,1.77125,-0.27125,0.52075,0.5108476762499179,1.0,1.0
KXNBAAST-26APR01ATLORL-ATLOOKONGWU17-3,2026-04-01,ast,2.5,1.77125,0.72875,0.26925,0.26559282187862787,1.0,1.0
KXNBAAST-26APR01ATLORL-ATLOOKONGWU17-4,2026-04-01,ast,3.5,1.77125,1.72875,0.11075,0.11814544652185655,1.0,1.0
KXNBAAST-26APR01ATLORL-ATLOOKONGWU17-6,2026-04-01,ast,5.5,1.77125,3.72875,0.01375,0.016529246784011686,0.0,1.0
KXNBAAST-26APR01ATLORL-ATLOOKONGWU17-8,2026-04-01,ast,7.5,1.77125,5.72875,0.00075,0.0016597577629948734,0.0,1.0
KXNBAAST-26APR01ATLORL-ORLJSUGGS4-10,2026-04-01,ast,9.5,3.67575,5.82425,0.00625,0.014294113489071503,0.0,1.0
KXNBAAST-26APR01ATLORL-ORLJSUGGS4-2,2026-04-01,ast,1.5,3.67575,-2.17575,0.87625,0.8416381347460133,1.0,1.0
KXNBAAST-26APR01ATLORL-ORLJSUGGS4-4,2026-04-01,ast,3.5,3.67575,-0.17574999999999985,0.50175,0.4798843910558448,1.0,1.0
KXNBAAST-26APR01ATLORL-ORLJSUGGS4-6,2026-04-01,ast,5.5,3.67575,1.8242500000000001,0.174,0.19131599050569503,1.0,1.0
KXNBAAST-26APR01ATLORL-ORLJSUGGS4-8,2026-04-01,ast,7.5,3.67575,3.82425,0.0395,0.057995201633006754,1.0,1.0
KXNBAAST-26APR01ATLORL-ORLPBANCHERO5-10,2026-04-01,ast,9.5,3.6405,5.859500000000001,0.0055,0.01357578743354726,0.0,1.0
KXNBAAST-26APR01ATLORL-ORLPBANCHERO5-2,2026-04-01,ast,1.5,3.6405,-2.1405,0.87175,0.8382709397882725,1.0,1.0
KXNBAAST-26APR01ATLORL-ORLPBANCHERO5-4,2026-04-01,ast,3.5,3.6405,-0.14049999999999985,0.49125,0.473542250916856,0.0,1.0
KXNBAAST-26APR01ATLORL-ORLPBANCHERO5-6,2026-04-01,ast,5.5,3.6405,1.8595000000000002,0.16725,0.18656735705923067,0.0,1.0
KXNBAAST-26APR01ATLORL-ORLPBANCHERO5-8,2026-04-01,ast,7.5,3.6405,3.8595,0.0355,0.055828433500964,0.0,1.0
KXNBA3PT-26APR01ATLORL-ATLCMCCOLLUM3-1,2026-04-01,fg3m,0.5,1.57,-1.07,0.78475,0.7601523542438335,1.0,1.0
KXNBA3PT-26APR01ATLORL-ATLCMCCOLLUM3-2,2026-04-01,fg3m,1.5,1.57,-0.07000000000000006,0.45975,0.4478274196952574,0.0,1.0
KXNBA3PT-26APR01ATLORL-ATLCMCCOLLUM3-3,2026-04-01,fg3m,2.5,1.57,0.9299999999999999,0.20975,0.21783661933949272,0.0,1.0
KXNBA3PT-26APR01ATLORL-ATLCMCCOLLUM3-4,2026-04-01,fg3m,3.5,1.57,1.93,0.082,0.09185135184593018,0.0,1.0
KXNBA3PT-26APR01ATLORL-ATLCMCCOLLUM3-5,2026-04-01,fg3m,4.5,1.57,2.9299999999999997,0.025,0.034719002226818785,0.0,1.0
KXNBA3PT-26APR01ATLORL-ATLJJOHNSON1-1,2026-04-01,fg3m,0.5,1.1965,-0.6964999999999999,0.6945,0.6709362642865002,0.0,1.0
KXNBA3PT-26APR01ATLORL-ATLJJOHNSON1-2,2026-04-01,fg3m,1.5,1.1965,0.3035000000000001,0.3325,0.3305622396827297,0.0,1.0
KXNBA3PT-26APR01ATLORL-ATLJJOHNSON1-3,2026-04-01,fg3m,2.5,1.1965,1.3035,0.118,0.13146492381058184,0.0,1.0
KXNBA3PT-26APR01ATLORL-ATLJJOHNSON1-4,2026-04-01,fg3m,3.5,1.1965,2.3035,0.03875,0.044832614485184386,0.0,1.0
KXNBA3PT-26APR01ATLORL-ATLJJOHNSON1-5,2026-04-01,fg3m,4.5,1.1965,3.3035,0.00925,0.013625946347960438,0.0,1.0
KXNBA3PT-26APR01ATLORL-ATLNALEXANDERWALKER7-1,2026-04-01,fg3m,0.5,2.0555,-1.5554999999999999,0.86475,0.8380018603356767,1.0,1.0
KXNBA3PT-26APR01ATLORL-ATLNALEXANDERWALKER7-2,2026-04-01,fg3m,1.5,2.0555,-0.5554999999999999,0.60225,0.575656539870089,1.0,1.0
KXNBA3PT-26APR01ATLORL-ATLNALEXANDERWALKER7-3,2026-04-01,fg3m,2.5,2.0555,0.4445000000000001,0.33875,0.335403314954106,1.0,1.0
KXNBA3PT-26APR01ATLORL-ATLNALEXANDERWALKER7-4,2026-04-01,fg3m,3.5,2.0555,1.4445000000000001,0.16325,0.17173273519607912,1.0,1.0
KXNBA3PT-26APR01ATLORL-ATLNALEXANDERWALKER7-5,2026-04-01,fg3m,4.5,2.0555,2.4445,0.059,0.07942777474186047,1.0,1.0
KXNBA3PT-26APR01ATLORL-ORLDBANE3-1,2026-04-01,fg3m,0.5,1.50925,-1.00925,0.78,0.7477153877822238,1.0,1.0
KXNBA3PT-26APR01ATLORL-ORLDBANE3-2,2026-04-01,fg3m,1.5,1.50925,-0.00924999999999998,0.44325,0.42980872034769346,1.0,1.0
KXNBA3PT-26APR01ATLORL-ORLDBANE3-3,2026-04-01,fg3m,2.5,1.50925,0.99075,0.195,0.20327069006590304,0.0,1.0
KXNBA3PT-26APR01ATLORL-ORLDBANE3-4,2026-04-01,fg3m,3.5,1.50925,1.99075,0.069,0.0831858747169889,0.0,1.0
KXNBA3PT-26APR01ATLORL-ORLDBANE3-5,2026-04-01,fg3m,4.5,1.50925,2.9907500000000002,0.017,0.03048860750337712,0.0,1.0
KXNBA3PT-26APR01ATLORL-ORLJSUGGS4-1,2026-04-01,fg3m,0.5,1.6105,-1.1105,0.787,0.7680582358364216,0.0,1.0
KXNBA3PT-26APR01ATLORL-ORLJSUGGS4-2,2026-04-01,fg3m,1.5,1.6105,-0.11050000000000004,0.46825,0.45959434768555196,0.0,1.0
KXNBA3PT-26APR01ATLORL-ORLJSUGGS4-3,2026-04-01,fg3m,2.5,1.6105,0.8895,0.22525,0.2276080627022683,0.0,1.0
KXNBA3PT-26APR01ATLORL-ORLJSUGGS4-4,2026-04-01,fg3m,3.5,1.6105,1.8895,0.09,0.09782267978836678,0.0,1.0
KXNBA3PT-26APR01ATLORL-ORLJSUGGS4-5,2026-04-01,fg3m,4.5,1.6105,2.8895,0.02775,0.03771329538263479,0.0,1.0
KXNBA3PT-26APR01ATLORL-ORLPBANCHERO5-1,2026-04-01,fg3m,0.5,1.0525,-0.5525,0.652,0.626930280483909,0.0,1.0
KXNBA3PT-26APR01ATLORL-ORLPBANCHERO5-2,2026-04-01,fg3m,1.5,1.0525,0.4475,0.283,0.2818528184630096,0.0,1.0
KXNBA3PT-26APR01ATLORL-ORLPBANCHERO5-3,2026-04-01,fg3m,2.5,1.0525,1.4475,0.09175,0.10135340330330089,0.0,1.0
KXNBA3PT-26APR01ATLORL-ORLPBANCHERO5-4,2026-04-01,fg3m,3.5,1.0525,2.4475,0.02,0.03112052068252702,0.0,1.0
KXNBA3PT-26APR01ATLORL-ORLPBANCHERO5-5,2026-04-01,fg3m,4.5,1.0525,3.4475,0.00425,0.008497103008172413,0.0,1.0
KXNBAPTS-26APR01SACTOR-SACDDEROZAN10-15,2026-04-01,pts,14.5,10.81775,3.68225,0.23525,0.22455643648029167,1.0,1.0
KXNBAPTS-26APR01SACTOR-SACDDEROZAN10-20,2026-04-01,pts,19.5,10.81775,8.68225,0.0705,0.07076148416749861,1.0,1.0
KXNBAPTS-26APR01SACTOR-SACDDEROZAN10-25,2026-04-01,pts,24.5,10.81775,13.68225,0.01775,0.01847442051077597,1.0,1.0
KXNBAPTS-26APR01SACTOR-SACDDEROZAN10-30,2026-04-01,pts,29.5,10.81775,18.68225,0.004,0.004210238415972678,0.0,1.0
KXNBAPTS-26APR01SACTOR-SACPACHIUWA9-10,2026-04-01,pts,9.5,8.65975,0.8402499999999993,0.386,0.37492227156794977,1.0,1.0
KXNBAPTS-26APR01SACTOR-SACPACHIUWA9-15,2026-04-01,pts,14.5,8.65975,5.840249999999999,0.12275,0.10730464057121425,1.0,1.0
KXNBAPTS-26APR01SACTOR-SACPACHIUWA9-20,2026-04-01,pts,19.5,8.65975,10.84025,0.02575,0.02269770011422212,1.0,1.0
KXNBAPTS-26APR01SACTOR-SACPACHIUWA9-25,2026-04-01,pts,24.5,8.65975,15.84025,0.00325,0.0039205668463110355,1.0,1.0
KXNBAPTS-26APR01SACTOR-TORJPOELTL19-10,2026-04-01,pts,9.5,8.64275,0.8572500000000005,0.396,0.3734731514798896,1.0,1.0
KXNBAPTS-26APR01SACTOR-TORJPOELTL19-15,2026-04-01,pts,14.5,8.64275,5.8572500000000005,0.11425,0.1065093729989327,1.0,1.0
KXNBAPTS-26APR01SACTOR-TORJPOELTL19-20,2026-04-01,pts,19.5,8.64275,10.85725,0.0235,0.022443476688885577,0.0,1.0
KXNBAPTS-26APR01SACTOR-TORRBARRETT9-10,2026-04-01,pts,9.5,13.2185,-3.7185000000000006,0.70125,0.6882716226660861,1.0,1.0
KXNBAPTS-26APR01SACTOR-TORRBARRETT9-15,2026-04-01,pts,14.5,13.2185,1.2814999999999994,0.37975,0.3706213994232088,1.0,1.0
KXNBAPTS-26APR01SACTOR-TORRBARRETT9-20,2026-04-01,pts,19.5,13.2185,6.281499999999999,0.15925,0.15781177631545185,1.0,1.0
KXNBAPTS-26APR01SACTOR-TORRBARRETT9-25,2026-04-01,pts,24.5,13.2185,11.2815,0.052,0.056592384555624764,0.0,1.0
KXNBAPTS-26APR01SACTOR-TORRBARRETT9-30,2026-04-01,pts,29.5,13.2185,16.2815,0.0105,0.017867393502199902,0.0,1.0
KXNBAPTS-26APR01SACTOR-TORSBARNES4-15,2026-04-01,pts,14.5,11.5845,2.9154999999999998,0.2765,0.27092544458347556,0.0,1.0
KXNBAPTS-26APR01SACTOR-TORSBARNES4-20,2026-04-01,pts,19.5,11.5845,7.9155,0.091,0.0952036867057856,0.0,1.0
KXNBAPTS-26APR01SACTOR-TORSBARNES4-25,2026-04-01,pts,24.5,11.5845,12.9155,0.0195,0.02786290391896218,0.0,1.0
KXNBAPTS-26APR01SACTOR-TORSBARNES4-30,2026-04-01,pts,29.5,11.5845,17.9155,0.00225,0.007137370367960139,0.0,1.0
KXNBAREB-26APR01SACTOR-SACPACHIUWA9-10,2026-04-01,reb,9.5,5.5245,3.9755000000000003,0.07775,0.09594283630858114,1.0,1.0
KXNBAREB-26APR01SACTOR-SACPACHIUWA9-12,2026-04-01,reb,11.5,5.5245,5.9755,0.0255,0.035196376853437905,1.0,1.0
KXNBAREB-26APR01SACTOR-SACPACHIUWA9-4,2026-04-01,reb,3.5,5.5245,-2.0244999999999997,0.76475,0.7374501411021896,1.0,1.0
KXNBAREB-26APR01SACTOR-SACPACHIUWA9-6,2026-04-01,reb,5.5,5.5245,-0.024499999999999744,0.46425,0.45521377613910086,1.0,1.0
KXNBAREB-26APR01SACTOR-SACPACHIUWA9-8,2026-04-01,reb,7.5,5.5245,1.9755000000000003,0.21475,0.22773872799817685,1.0,1.0
KXNBAREB-26APR01SACTOR-TORJPOELTL19-10,2026-04-01,reb,9.5,6.05125,3.4487500000000004,0.11375,0.13417506244142285,0.0,1.0
KXNBAREB-26APR01SACTOR-TORJPOELTL19-12,2026-04-01,reb,11.5,6.05125,5.44875,0.03775,0.05472893630223474,0.0,1.0
KXNBAREB-26APR01SACTOR-TORJPOELTL19-4,2026-04-01,reb,3.5,6.05125,-2.5512499999999996,0.814,0.786448764961931,1.0,1.0
KXNBAREB-26APR01SACTOR-TORJPOELTL19-6,2026-04-01,reb,5.5,6.05125,-0.5512499999999996,0.53725,0.5243853150682309,0.0,1.0
KXNBAREB-26APR01SACTOR-TORJPOELTL19-8,2026-04-01,reb,7.5,6.05125,1.4487500000000004,0.286,0.287831590704106,0.0,1.0
KXNBAREB-26APR01SACTOR-TORRBARRETT9-10,2026-04-01,reb,9.5,4.11825,5.38175,0.01475,0.026530347610026928,0.0,1.0
KXNBAREB-26APR01SACTOR-TORRBARRETT9-2,2026-04-01,reb,1.5,4.11825,-2.6182499999999997,0.9015,0.8762922387316431,1.0,1.0
KXNBAREB-26APR01SACTOR-TORRBARRETT9-4,2026-04-01,reb,3.5,4.11825,-0.6182499999999997,0.57625,0.5538325799218314,1.0,1.0
KXNBAREB-26APR01SACTOR-TORRBARRETT9-6,2026-04-01,reb,5.5,4.11825,1.3817500000000003,0.23825,0.2540404553181437,0.0,1.0
KXNBAREB-26APR01SACTOR-TORRBARRETT9-8,2026-04-01,reb,7.5,4.11825,3.3817500000000003,0.071,0.09046173189767148,0.0,1.0
KXNBAREB-26APR01SACTOR-TORSBARNES4-10,2026-04-01,reb,9.5,5.0115,4.4885,0.04275,0.06480967593655562,0.0,1.0
KXNBAREB-26APR01SACTOR-TORSBARNES4-12,2026-04-01,reb,11.5,5.0115,6.4885,0.01275,0.021108800679756845,0.0,1.0
KXNBAREB-26APR01SACTOR-TORSBARNES4-6,2026-04-01,reb,5.5,5.0115,0.48850000000000016,0.3935,0.3833553366369955,0.0,1.0
KXNBAREB-26APR01SACTOR-TORSBARNES4-7,2026-04-01,reb,6.5,5.0115,1.4885000000000002,0.25,0.2637027983340363,0.0,1.0
KXNBAREB-26APR01SACTOR-TORSBARNES4-8,2026-04-01,reb,7.5,5.0115,2.4885,0.15125,0.17247494097897276,0.0,1.0
KXNBAAST-26APR01SACTOR-SACDDEROZAN10-2,2026-04-01,ast,1.5,2.74325,-1.2432500000000002,0.73625,0.7232694512372155,1.0,1.0
KXNBAAST-26APR01SACTOR-SACDDEROZAN10-4,2026-04-01,ast,3.5,2.74325,0.7567499999999998,0.31075,0.3005344893869544,1.0,1.0
KXNBAAST-26APR01SACTOR-SACDDEROZAN10-5,2026-04-01,ast,4.5,2.74325,1.7567499999999998,0.14975,0.163590965450922,0.0,1.0
KXNBAAST-26APR01SACTOR-SACDDEROZAN10-6,2026-04-01,ast,5.5,2.74325,2.75675,0.0705,0.0814603711067492,0.0,1.0
KXNBAAST-26APR01SACTOR-SACDDEROZAN10-8,2026-04-01,ast,7.5,2.74325,4.75675,0.01125,0.016308864648246657,0.0,1.0
KXNBAAST-26APR01SACTOR-TORJPOELTL19-10,2026-04-01,ast,9.5,1.55375,7.94625,0.0,4.931405578900705e-05,0.0,1.0
KXNBAAST-26APR01SACTOR-TORJPOELTL19-2,2026-04-01,ast,1.5,1.55375,-0.053749999999999964,0.45,0.44767541495573226,0.0,1.0
KXNBAAST-26APR01SACTOR-TORJPOELTL19-4,2026-04-01,ast,3.5,1.55375,1.94625,0.07875,0.08506707331220509,0.0,1.0
KXNBAAST-26APR01SACTOR-TORJPOELTL19-6,2026-04-01,ast,5.5,1.55375,3.94625,0.009,0.00961452461140011,0.0,1.0
KXNBAAST-26APR01SACTOR-TORJPOELTL19-8,2026-04-01,ast,7.5,1.55375,5.94625,0.0005,0.0007751567333122988,0.0,1.0
KXNBAAST-26APR01SACTOR-TORRBARRETT9-10,2026-04-01,ast,9.5,2.18825,7.31175,0.0,0.0005942117142990755,0.0,1.0
KXNBAAST-26APR01SACTOR-TORRBARRETT9-2,2026-04-01,ast,1.5,2.18825,-0.68825,0.6355,0.6154647567641718,1.0,1.0
KXNBAAST-26APR01SACTOR-TORRBARRETT9-4,2026-04-01,ast,3.5,2.18825,1.31175,0.17925,0.19175002418367937,1.0,1.0
KXNBAAST-26APR01SACTOR-TORRBARRETT9-6,2026-04-01,ast,5.5,2.18825,3.31175,0.02775,0.0373326779786044,1.0,1.0
KXNBAAST-26APR01SACTOR-TORRBARRETT9-8,2026-04-01,ast,7.5,2.18825,5.31175,0.00275,0.0052800834502080285,0.0,1.0
KXNBAAST-26APR01SACTOR-TORSBARNES4-10,2026-04-01,ast,9.5,3.86825,5.63175,0.00875,0.01868667147419867,1.0,1.0
KXNBAAST-26APR01SACTOR-TORSBARNES4-12,2026-04-01,ast,11.5,3.86825,7.63175,0.00125,0.004220781926775108,0.0,1.0
KXNBAAST-26APR01SACTOR-TORSBARNES4-4,2026-04-01,ast,3.5,3.86825,-0.3682500000000002,0.53225,0.5136875936694869,1.0,1.0
KXNBAAST-26APR01SACTOR-TORSBARNES4-6,2026-04-01,ast,5.5,3.86825,1.6317499999999998,0.214,0.21779994942470104,1.0,1.0
KXNBAAST-26APR01SACTOR-TORSBARNES4-8,2026-04-01,ast,7.5,3.86825,3.63175,0.052,0.07064600361425266,1.0,1.0
KXNBAPTS-26APR01DENUTA-DENCBRAUN0-10,2026-04-01,pts,9.5,8.7995,0.7004999999999999,0.396,0.38678579838498195,1.0,1.0
KXNBAPTS-26APR01DENUTA-DENCBRAUN0-15,2026-04-01,pts,14.5,8.7995,5.7005,0.1285,0.11393872796163729,1.0,1.0
KXNBAPTS-26APR01DENUTA-DENCBRAUN0-20,2026-04-01,pts,19.5,8.7995,10.7005,0.03025,0.02485883271363387,0.0,1.0
KXNBAPTS-26APR01DENUTA-DENCJOHNSON23-10,2026-04-01,pts,9.5,8.32275,1.1772500000000008,0.356,0.34598712280469746,1.0,1.0
KXNBAPTS-26APR01DENUTA-DENCJOHNSON23-15,2026-04-01,pts,14.5,8.32275,6.177250000000001,0.1175,0.09203634346726486,1.0,1.0
KXNBAPTS-26APR01DENUTA-DENCJOHNSON23-20,2026-04-01,pts,19.5,8.32275,11.17725,0.02975,0.018001977126144486,0.0,1.0
KXNBAPTS-26APR01DENUTA-DENJMURRAY27-15,2026-04-01,pts,14.5,18.3375,-3.8374999999999986,0.67,0.6343361916998203,1.0,1.0
KXNBAPTS-26APR01DENUTA-DENJMURRAY27-20,2026-04-01,pts,19.5,18.3375,1.1625000000000014,0.40725,0.3938385190402799,1.0,1.0
KXNBAPTS-26APR01DENUTA-DENJMURRAY27-25,2026-04-01,pts,24.5,18.3375,6.162500000000001,0.20025,0.21305841648873236,1.0,1.0
KXNBAPTS-26APR01DENUTA-DENJMURRAY27-30,2026-04-01,pts,29.5,18.3375,11.162500000000001,0.077,0.10338744785181819,1.0,1.0
KXNBAPTS-26APR01DENUTA-DENJMURRAY27-35,2026-04-01,pts,34.5,18.3375,16.1625,0.02225,0.04603160838378839,1.0,1.0
KXNBAPTS-26APR01DENUTA-DENNJOKIC15-20,2026-04-01,pts,19.5,19.65675,-0.15674999999999883,0.4715,0.45287212752024475,0.0,1.0
KXNBAPTS-26APR01DENUTA-DENNJOKIC15-25,2026-04-01,pts,24.5,19.65675,4.843250000000001,0.23775,0.26298869661491,0.0,1.0
KXNBAPTS-26APR01DENUTA-DENNJOKIC15-30,2026-04-01,pts,29.5,19.65675,9.843250000000001,0.101,0.1376444407415529,0.0,1.0
KXNBAPTS-26APR01DENUTA-DENNJOKIC15-35,2026-04-01,pts,34.5,19.65675,14.843250000000001,0.03475,0.06629069292644141,0.0,1.0
KXNBAPTS-26APR01DENUTA-UTAABAILEY19-10,2026-04-01,pts,9.5,10.89,-1.3900000000000006,0.56175,0.5491683421490188,1.0,1.0
KXNBAPTS-26APR01DENUTA-UTAABAILEY19-15,2026-04-01,pts,14.5,10.89,3.6099999999999994,0.241,0.2288709502028743,0.0,1.0
KXNBAPTS-26APR01DENUTA-UTAABAILEY19-20,2026-04-01,pts,19.5,10.89,8.61,0.07475,0.0729096893611143,0.0,1.0
KXNBAPTS-26APR01DENUTA-UTAABAILEY19-25,2026-04-01,pts,24.5,10.89,13.61,0.021,0.01925286809978055,0.0,1.0
KXNBAPTS-26APR01DENUTA-UTAABAILEY19-30,2026-04-01,pts,29.5,10.89,18.61,0.00525,0.004438926731384463,0.0,1.0
KXNBAREB-26APR01DENUTA-DENCJOHNSON23-10,2026-04-01,reb,9.5,2.428,7.072,0.001,0.0012746957178619844,0.0,1.0
KXNBAREB-26APR01DENUTA-DENCJOHNSON23-2,2026-04-01,reb,1.5,2.428,-0.9279999999999999,0.678,0.6646052475296123,1.0,1.0
KXNBAREB-26APR01DENUTA-DENCJOHNSON23-4,2026-04-01,reb,3.5,2.428,1.072,0.23625,0.23839363246568324,1.0,1.0
KXNBAREB-26APR01DENUTA-DENCJOHNSON23-6,2026-04-01,reb,5.5,2.428,3.072,0.047,0.054935577490327625,1.0,1.0
KXNBAREB-26APR01DENUTA-DENCJOHNSON23-8,2026-04-01,reb,7.5,2.428,5.072,0.00925,0.00933527233144249,1.0,1.0
KXNBAREB-26APR01DENUTA-DENNJOKIC15-10,2026-04-01,reb,9.5,9.32075,0.1792499999999997,0.4455,0.43857004824955714,1.0,1.0
KXNBAREB-26APR01DENUTA-DENNJOKIC15-12,2026-04-01,reb,11.5,9.32075,2.1792499999999997,0.24575,0.2744342122101221,1.0,1.0
KXNBAREB-26APR01DENUTA-DENNJOKIC15-14,2026-04-01,reb,13.5,9.32075,4.17925,0.11175,0.15701013229914695,1.0,1.0
KXNBAREB-26APR01DENUTA-DENNJOKIC15-16,2026-04-01,reb,15.5,9.32075,6.17925,0.04825,0.0831358927471958,1.0,1.0
KXNBAREB-26APR01DENUTA-DENNJOKIC15-18,2026-04-01,reb,17.5,9.32075,8.17925,0.01725,0.04117633956017053,0.0,1.0
KXNBAREB-26APR01DENUTA-UTAABAILEY19-2,2026-04-01,reb,1.5,3.03575,-1.5357500000000002,0.78425,0.7658270089853771,0.0,1.0
KXNBAREB-26APR01DENUTA-UTAABAILEY19-4,2026-04-01,reb,3.5,3.03575,0.46424999999999983,0.363,0.358544994916034,0.0,1.0
KXNBAREB-26APR01DENUTA-UTAABAILEY19-5,2026-04-01,reb,4.5,3.03575,1.4642499999999998,0.20025,0.2097742074957457,0.0,1.0
KXNBAREB-26APR01DENUTA-UTAABAILEY19-6,2026-04-01,reb,5.5,3.03575,2.46425,0.1,0.11286961529506068,0.0,1.0
KXNBAREB-26APR01DENUTA-UTAABAILEY19-8,2026-04-01,reb,7.5,3.03575,4.46425,0.01575,0.026681374316721906,0.0,1.0
KXNBAAST-26APR01DENUTA-DENJMURRAY27-10,2026-04-01,ast,9.5,4.5825,4.9175,0.025,0.04266454302750611,0.0,1.0
KXNBAAST-26APR01DENUTA-DENJMURRAY27-12,2026-04-01,ast,11.5,4.5825,6.9175,0.0045,0.012137500177129779,0.0,1.0
KXNBAAST-26APR01DENUTA-DENJMURRAY27-6,2026-04-01,ast,5.5,4.5825,0.9175000000000004,0.31625,0.3209682684703099,0.0,1.0
KXNBAAST-26APR01DENUTA-DENJMURRAY27-7,2026-04-01,ast,6.5,4.5825,1.9175000000000004,0.19125,0.2089592310498013,0.0,1.0
KXNBAAST-26APR01DENUTA-DENJMURRAY27-8,2026-04-01,ast,7.5,4.5825,2.9175000000000004,0.10675,0.12885547251527896,0.0,1.0
KXNBAAST-26APR01DENUTA-DENNJOKIC15-10,2026-04-01,ast,9.5,7.17475,2.3252499999999996,0.19425,0.2301959316522667,1.0,1.0
KXNBAAST-26APR01DENUTA-DENNJOKIC15-12,2026-04-01,ast,11.5,7.17475,4.32525,0.0685,0.1115623021249541,1.0,1.0
KXNBAAST-26APR01DENUTA-DENNJOKIC15-14,2026-04-01,ast,13.5,7.17475,6.32525,0.021,0.04860076649634404,0.0,1.0
KXNBAAST-26APR01DENUTA-DENNJOKIC15-16,2026-04-01,ast,15.5,7.17475,8.32525,0.00625,0.01936058691832676,0.0,1.0
KXNBAAST-26APR01DENUTA-DENNJOKIC15-8,2026-04-01,ast,7.5,7.17475,0.3252499999999996,0.43225,0.4182444967245392,1.0,1.0
KXNBAAST-26APR01DENUTA-UTAABAILEY19-10,2026-04-01,ast,9.5,1.2385,8.2615,0.0,8.290491172679992e-06,0.0,1.0
KXNBAAST-26APR01DENUTA-UTAABAILEY19-2,2026-04-01,ast,1.5,1.2385,0.26150000000000007,0.3555,0.3463962611884126,1.0,1.0
KXNBAAST-26APR01DENUTA-UTAABAILEY19-4,2026-04-01,ast,3.5,1.2385,2.2615,0.041,0.046010035304529406,0.0,1.0
KXNBAAST-26APR01DENUTA-UTAABAILEY19-6,2026-04-01,ast,5.5,1.2385,4.2615,0.00225,0.003547592544430045,0.0,1.0
KXNBAAST-26APR01DENUTA-UTAABAILEY19-8,2026-04-01,ast,7.5,1.2385,6.2615,0.0,0.00019344319405711907,0.0,1.0
KXNBA3PT-26APR01DENUTA-DENJMURRAY27-2,2026-04-01,fg3m,1.5,2.1655,-0.6655000000000002,0.6265,0.6006594838447326,1.0,1.0
KXNBA3PT-26APR01DENUTA-DENJMURRAY27-3,2026-04-01,fg3m,2.5,2.1655,0.3344999999999998,0.3715,0.36148243982010264,1.0,1.0
KXNBA3PT-26APR01DENUTA-DENJMURRAY27-4,2026-04-01,fg3m,3.5,2.1655,1.3344999999999998,0.18075,0.19175235103498,1.0,1.0
KXNBA3PT-26APR01DENUTA-DENJMURRAY27-5,2026-04-01,fg3m,4.5,2.1655,2.3345,0.068,0.09203948310970422,1.0,1.0
KXNBA3PT-26APR01DENUTA-DENJMURRAY27-6,2026-04-01,fg3m,5.5,2.1655,3.3345,0.0245,0.040768999463642985,1.0,1.0
KXNBA3PT-26APR01DENUTA-DENNJOKIC15-1,2026-04-01,fg3m,0.5,1.293,-0.7929999999999999,0.72225,0.6971371637808421,0.0,1.0
KXNBA3PT-26APR01DENUTA-DENNJOKIC15-2,2026-04-01,fg3m,1.5,1.293,0.20700000000000007,0.37025,0.36225830267941395,0.0,1.0
KXNBA3PT-26APR01DENUTA-DENNJOKIC15-3,2026-04-01,fg3m,2.5,1.293,1.207,0.144,0.1528653349630673,0.0,1.0
KXNBA3PT-26APR01DENUTA-DENNJOKIC15-4,2026-04-01,fg3m,3.5,1.293,2.207,0.04625,0.055469151004338024,0.0,1.0
KXNBA3PT-26APR01DENUTA-DENNJOKIC15-5,2026-04-01,fg3m,4.5,1.293,3.207,0.00875,0.01796539061508129,0.0,1.0
KXNBAPTS-26APR01PHIWAS-PHIKOUBRE9-10,2026-04-01,pts,9.5,9.9525,-0.45250000000000057,0.493,0.4803299403899033,1.0,1.0
KXNBAPTS-26APR01PHIWAS-PHIKOUBRE9-15,2026-04-01,pts,14.5,9.9525,4.547499999999999,0.195,0.1743517397075327,0.0,1.0
KXNBAPTS-26APR01PHIWAS-PHIKOUBRE9-20,2026-04-01,pts,19.5,9.9525,9.5475,0.0525,0.04769917911164878,0.0,1.0
KXNBAPTS-26APR01PHIWAS-PHIPGEORGE8-10,2026-04-01,pts,9.5,10.91125,-1.4112500000000008,0.56975,0.5506445445995749,1.0,1.0
KXNBAPTS-26APR01PHIWAS-PHIPGEORGE8-15,2026-04-01,pts,14.5,10.91125,3.588749999999999,0.2395,0.2301426577539727,1.0,1.0
KXNBAPTS-26APR01PHIWAS-PHIPGEORGE8-20,2026-04-01,pts,19.5,10.91125,8.58875,0.07325,0.07354783795345643,1.0,1.0
KXNBAPTS-26APR01PHIWAS-PHIPGEORGE8-25,2026-04-01,pts,24.5,10.91125,13.58875,0.014,0.019485924605836757,1.0,1.0
KXNBAPTS-26APR01PHIWAS-PHITMAXEY0-20,2026-04-01,pts,19.5,16.68875,2.811250000000001,0.3175,0.316746926397092,1.0,1.0
KXNBAPTS-26APR01PHIWAS-PHITMAXEY0-25,2026-04-01,pts,24.5,16.68875,7.811250000000001,0.135,0.1542575071465102,1.0,1.0
KXNBAPTS-26APR01PHIWAS-PHITMAXEY0-30,2026-04-01,pts,29.5,16.68875,12.811250000000001,0.048,0.06698205115115874,0.0,1.0
KXNBAPTS-26APR01PHIWAS-PHITMAXEY0-35,2026-04-01,pts,34.5,16.68875,17.81125,0.0105,0.026590756435347807,0.0,1.0
KXNBAPTS-26APR01PHIWAS-PHIVEDGECOMBE77-10,2026-04-01,pts,9.5,10.2085,-0.7085000000000008,0.517,0.4998313740347583,1.0,1.0
KXNBAPTS-26APR01PHIWAS-PHIVEDGECOMBE77-15,2026-04-01,pts,14.5,10.2085,4.291499999999999,0.1985,0.18887525856065346,1.0,1.0
KXNBAPTS-26APR01PHIWAS-PHIVEDGECOMBE77-20,2026-04-01,pts,19.5,10.2085,9.2915,0.0535,0.05400083609563111,1.0,1.0
KXNBAPTS-26APR01PHIWAS-PHIVEDGECOMBE77-25,2026-04-01,pts,24.5,10.2085,14.2915,0.00975,0.01273900348001833,0.0,1.0
KXNBAREB-26APR01PHIWAS-PHIKOUBRE9-10,2026-04-01,reb,9.5,3.86675,5.63325,0.0115,0.019359187228707775,0.0,1.0
KXNBAREB-26APR01PHIWAS-PHIKOUBRE9-2,2026-04-01,reb,1.5,3.86675,-2.36675,0.8745,0.8566757296808148,1.0,1.0
KXNBAREB-26APR01PHIWAS-PHIKOUBRE9-4,2026-04-01,reb,3.5,3.86675,-0.36675000000000013,0.524,0.512210852898153,1.0,1.0
KXNBAREB-26APR01PHIWAS-PHIKOUBRE9-6,2026-04-01,reb,5.5,3.86675,1.6332499999999999,0.2165,0.21851033408354847,0.0,1.0
KXNBAREB-26APR01PHIWAS-PHIKOUBRE9-8,2026-04-01,reb,7.5,3.86675,3.63325,0.05925,0.07180509760871978,0.0,1.0
KXNBAREB-26APR01PHIWAS-PHIPGEORGE8-10,2026-04-01,reb,9.5,3.82475,5.67525,0.01075,0.018305161818001014,0.0,1.0
KXNBAREB-26APR01PHIWAS-PHIPGEORGE8-2,2026-04-01,reb,1.5,3.82475,-2.32475,0.88,0.853096977675469,1.0,1.0
KXNBAREB-26APR01PHIWAS-PHIPGEORGE8-4,2026-04-01,reb,3.5,3.82475,-0.32474999999999987,0.51875,0.5050097436163228,1.0,1.0
KXNBAREB-26APR01PHIWAS-PHIPGEORGE8-6,2026-04-01,reb,5.5,3.82475,1.6752500000000001,0.19725,0.2126845067453118,0.0,1.0
KXNBAREB-26APR01PHIWAS-PHIPGEORGE8-8,2026-04-01,reb,7.5,3.82475,3.67525,0.05425,0.06890783278105495,0.0,1.0
KXNBAREB-26APR01PHIWAS-PHIVEDGECOMBE77-10,2026-04-01,reb,9.5,3.83,5.67,0.01175,0.018434734770392147,0.0,1.0
KXNBAREB-26APR01PHIWAS-PHIVEDGECOMBE77-2,2026-04-01,reb,1.5,3.83,-2.33,0.87,0.8535493400326273,1.0,1.0
KXNBAREB-26APR01PHIWAS-PHIVEDGECOMBE77-4,2026-04-01,reb,3.5,3.83,-0.33000000000000007,0.5195,0.5059136944422046,0.0,1.0
KXNBAREB-26APR01PHIWAS-PHIVEDGECOMBE77-6,2026-04-01,reb,5.5,3.83,1.67,0.2065,0.21341075416073885,0.0,1.0
KXNBAREB-26APR01PHIWAS-PHIVEDGECOMBE77-8,2026-04-01,reb,7.5,3.83,3.67,0.0555,0.06926649679769292,0.0,1.0
KXNBAAST-26APR01PHIWAS-PHIKOUBRE9-10,2026-04-01,ast,9.5,1.3695,8.1305,0.0,1.8495154876729814e-05,0.0,1.0
KXNBAAST-26APR01PHIWAS-PHIKOUBRE9-2,2026-04-01,ast,1.5,1.3695,0.13050000000000006,0.3915,0.38975644893941075,0.0,1.0
KXNBAAST-26APR01PHIWAS-PHIKOUBRE9-4,2026-04-01,ast,3.5,1.3695,2.1305,0.05325,0.06083527469997263,0.0,1.0
KXNBAAST-26APR01PHIWAS-PHIKOUBRE9-6,2026-04-01,ast,5.5,1.3695,4.1305,0.00475,0.005567957653017541,0.0,1.0
KXNBAAST-26APR01PHIWAS-PHIKOUBRE9-8,2026-04-01,ast,7.5,1.3695,6.1305,0.00025,0.0003616773843218013,0.0,1.0
KXNBAAST-26APR01PHIWAS-PHIPGEORGE8-2,2026-04-01,ast,1.5,2.65375,-1.15375,0.72975,0.7080819264726881,1.0,1.0
KXNBAAST-26APR01PHIWAS-PHIPGEORGE8-4,2026-04-01,ast,3.5,2.65375,0.84625,0.2765,0.2826711717743351,1.0,1.0
KXNBAAST-26APR01PHIWAS-PHIPGEORGE8-5,2026-04-01,ast,4.5,2.65375,1.84625,0.138,0.15037405423836592,1.0,1.0
KXNBAAST-26APR01PHIWAS-PHIPGEORGE8-6,2026-04-01,ast,5.5,2.65375,2.84625,0.06025,0.07310632701181885,1.0,1.0
KXNBAAST-26APR01PHIWAS-PHIPGEORGE8-8,2026-04-01,ast,7.5,2.65375,4.8462499999999995,0.00825,0.013927441172457367,0.0,1.0
KXNBAAST-26APR01PHIWAS-PHITMAXEY0-10,2026-04-01,ast,9.5,4.346,5.154,0.01675,0.033312885037483975,0.0,1.0
KXNBAAST-26APR01PHIWAS-PHITMAXEY0-12,2026-04-01,ast,11.5,4.346,7.154,0.0025,0.008831127906615999,0.0,1.0
KXNBAAST-26APR01PHIWAS-PHITMAXEY0-4,2026-04-01,ast,3.5,4.346,-0.8460000000000001,0.61675,0.5910205193613276,1.0,1.0
KXNBAAST-26APR01PHIWAS-PHITMAXEY0-6,2026-04-01,ast,5.5,4.346,1.154,0.28175,0.28633427644028653,1.0,1.0
KXNBAAST-26APR01PHIWAS-PHITMAXEY0-8,2026-04-01,ast,7.5,4.346,3.154,0.083,0.10774658835557094,1.0,1.0
KXNBAAST-26APR01PHIWAS-PHIVEDGECOMBE77-10,2026-04-01,ast,9.5,2.69125,6.80875,0.0005,0.0023220448244334335,1.0,1.0
KXNBAAST-26APR01PHIWAS-PHIVEDGECOMBE77-2,2026-04-01,ast,1.5,2.69125,-1.1912500000000001,0.73825,0.7145410591725291,1.0,1.0
KXNBAAST-26APR01PHIWAS-PHIVEDGECOMBE77-4,2026-04-01,ast,3.5,2.69125,0.8087499999999999,0.29,0.29015272368912803,1.0,1.0
KXNBAAST-26APR01PHIWAS-PHIVEDGECOMBE77-6,2026-04-01,ast,5.5,2.69125,2.80875,0.0635,0.0765512952539742,1.0,1.0
KXNBAAST-26APR01PHIWAS-PHIVEDGECOMBE77-8,2026-04-01,ast,7.5,2.69125,4.80875,0.008,0.014894160787701227,1.0,1.0
KXNBAAST-26APR01PHIWAS-WASBCARRINGTON7-2,2026-04-01,ast,1.5,3.26625,-1.7662499999999999,0.8275,0.7976839733983814,1.0,1.0
KXNBAAST-26APR01PHIWAS-WASBCARRINGTON7-4,2026-04-01,ast,3.5,3.26625,0.23375000000000012,0.4045,0.403638455515941,1.0,1.0
KXNBAAST-26APR01PHIWAS-WASBCARRINGTON7-5,2026-04-01,ast,4.5,3.26625,1.2337500000000001,0.23125,0.24657300809181126,1.0,1.0
KXNBAAST-26APR01PHIWAS-WASBCARRINGTON7-6,2026-04-01,ast,5.5,3.26625,2.23375,0.1265,0.13859977231501286,1.0,1.0
KXNBAAST-26APR01PHIWAS-WASBCARRINGTON7-8,2026-04-01,ast,7.5,3.26625,4.233750000000001,0.027,0.035724957124763534,0.0,1.0
KXNBA3PT-26APR01PHIWAS-PHITMAXEY0-1,2026-04-01,fg3m,0.5,1.87725,-1.37725,0.837,0.8133327341436618,1.0,1.0
KXNBA3PT-26APR01PHIWAS-PHITMAXEY0-2,2026-04-01,fg3m,1.5,1.87725,-0.3772500000000001,0.5545,0.5320777617998886,0.0,1.0
KXNBA3PT-26APR01PHIWAS-PHITMAXEY0-3,2026-04-01,fg3m,2.5,1.87725,0.6227499999999999,0.294,0.29243469918795617,0.0,1.0
KXNBA3PT-26APR01PHIWAS-PHITMAXEY0-4,2026-04-01,fg3m,3.5,1.87725,1.62275,0.125,0.14054266296818874,0.0,1.0
KXNBA3PT-26APR01PHIWAS-PHITMAXEY0-5,2026-04-01,fg3m,4.5,1.87725,2.62275,0.047,0.06084269037444279,0.0,1.0
KXNBA3PT-26APR01PHIWAS-PHIVEDGECOMBE77-1,2026-04-01,fg3m,0.5,1.22225,-0.7222500000000001,0.6945,0.6781701321841471,1.0,1.0
KXNBA3PT-26APR01PHIWAS-PHIVEDGECOMBE77-2,2026-04-01,fg3m,1.5,1.22225,0.27774999999999994,0.3415,0.33910319424725177,1.0,1.0
KXNBA3PT-26APR01PHIWAS-PHIVEDGECOMBE77-3,2026-04-01,fg3m,2.5,1.22225,1.27775,0.1285,0.13709120237558514,0.0,1.0
KXNBA3PT-26APR01PHIWAS-PHIVEDGECOMBE77-4,2026-04-01,fg3m,3.5,1.22225,2.27775,0.0425,0.047560014127120076,0.0,1.0
KXNBA3PT-26APR01PHIWAS-PHIVEDGECOMBE77-5,2026-04-01,fg3m,4.5,1.22225,3.27775,0.012,0.014710831253722412,0.0,1.0
KXNBAPTS-26MAR31CHABKN-BKNNCLAXTON33-10,2026-03-31,pts,9.5,6.57225,2.9277499999999996,0.214,0.19508902751695756,0.0,1.0
KXNBAPTS-26MAR31CHABKN-BKNNCLAXTON33-15,2026-03-31,pts,14.5,6.57225,7.92775,0.04225,0.03197460154429321,0.0,1.0
KXNBAPTS-26MAR31CHABKN-BKNNCLAXTON33-20,2026-03-31,pts,19.5,6.57225,12.92775,0.00375,0.0037526901156025305,0.0,1.0
KXNBAPTS-26MAR31CHABKN-BKNNCLAXTON33-25,2026-03-31,pts,24.5,6.57225,17.92775,0.00125,0.0003548102520899432,0.0,1.0
KXNBAPTS-26MAR31CHABKN-BKNNCLOWNEY21-10,2026-03-31,pts,9.5,6.7665,2.7335000000000003,0.24875,0.21129284221394085,0.0,1.0
KXNBAPTS-26MAR31CHABKN-BKNNCLOWNEY21-15,2026-03-31,pts,14.5,6.7665,7.7335,0.0765,0.036928096751765005,0.0,1.0
KXNBAPTS-26MAR31CHABKN-BKNNCLOWNEY21-20,2026-03-31,pts,19.5,6.7665,12.7335,0.01625,0.004635114199555979,0.0,1.0
KXNBAPTS-26MAR31CHABKN-BKNZWILLIAMS1-10,2026-03-31,pts,9.5,8.06225,1.4377499999999994,0.34625,0.32338386159726207,1.0,1.0
KXNBAPTS-26MAR31CHABKN-BKNZWILLIAMS1-15,2026-03-31,pts,14.5,8.06225,6.437749999999999,0.09975,0.08098651402154722,0.0,1.0
KXNBAPTS-26MAR31CHABKN-BKNZWILLIAMS1-20,2026-03-31,pts,19.5,8.06225,11.43775,0.01925,0.01485420805447002,0.0,1.0
KXNBAPTS-26MAR31CHABKN-BKNZWILLIAMS1-25,2026-03-31,pts,24.5,8.06225,16.43775,0.00275,0.0022160470664790433,0.0,1.0
KXNBAPTS-26MAR31CHABKN-CHABMILLER24-15,2026-03-31,pts,14.5,14.0825,0.4175000000000004,0.43475,0.42170095400216145,1.0,1.0
KXNBAPTS-26MAR31CHABKN-CHABMILLER24-20,2026-03-31,pts,19.5,14.0825,5.4175,0.19575,0.1952678201066098,1.0,1.0
KXNBAPTS-26MAR31CHABKN-CHABMILLER24-25,2026-03-31,pts,24.5,14.0825,10.4175,0.0665,0.07659815986770024,1.0,1.0
KXNBAPTS-26MAR31CHABKN-CHABMILLER24-30,2026-03-31,pts,29.5,14.0825,15.4175,0.01775,0.02653697349736539,0.0,1.0
KXNBAPTS-26MAR31CHABKN-CHACWHITE3-10,2026-03-31,pts,9.5,11.1695,-1.6694999999999993,0.56525,0.5682785005193827,1.0,1.0
KXNBAPTS-26MAR31CHABKN-CHACWHITE3-15,2026-03-31,pts,14.5,11.1695,3.3305000000000007,0.2615,0.24568603024965097,1.0,1.0
KXNBAPTS-26MAR31CHABKN-CHACWHITE3-20,2026-03-31,pts,19.5,11.1695,8.3305,0.092,0.08152958050254044,0.0,1.0
KXNBAPTS-26MAR31CHABKN-CHACWHITE3-25,2026-03-31,pts,24.5,11.1695,13.3305,0.02175,0.02246937434893026,0.0,1.0
KXNBAPTS-26MAR31CHABKN-CHAKKNUEPPEL7-15,2026-03-31,pts,14.5,12.6375,1.8625000000000007,0.35525,0.335406765346848,0.0,1.0
KXNBAPTS-26MAR31CHABKN-CHAKKNUEPPEL7-20,2026-03-31,pts,19.5,12.6375,6.862500000000001,0.1465,0.13412652904653066,0.0,1.0
KXNBAPTS-26MAR31CHABKN-CHAKKNUEPPEL7-25,2026-03-31,pts,24.5,12.6375,11.8625,0.048,0.04499314726907899,0.0,1.0
KXNBAPTS-26MAR31CHABKN-CHAKKNUEPPEL7-30,2026-03-31,pts,29.5,12.6375,16.8625,0.01,0.013260281765815063,0.0,1.0
KXNBAPTS-26MAR31CHABKN-CHALBALL1-15,2026-03-31,pts,14.5,14.961,-0.4610000000000003,0.49275,0.47138986992038057,0.0,1.0
KXNBAPTS-26MAR31CHABKN-CHALBALL1-20,2026-03-31,pts,19.5,14.961,4.539,0.25,0.23531922010728135,0.0,1.0
KXNBAPTS-26MAR31CHABKN-CHALBALL1-25,2026-03-31,pts,24.5,14.961,9.539,0.09325,0.10010950092899495,0.0,1.0
KXNBAPTS-26MAR31CHABKN-CHALBALL1-30,2026-03-31,pts,29.5,14.961,14.539,0.0275,0.037733656757621414,0.0,1.0
KXNBAPTS-26MAR31CHABKN-CHAMBRIDGES0-10,2026-03-31,pts,9.5,10.4465,-0.9465000000000003,0.52825,0.5174953576813306,1.0,1.0
KXNBAPTS-26MAR31CHABKN-CHAMBRIDGES0-15,2026-03-31,pts,14.5,10.4465,4.0535,0.21175,0.20264698065330122,1.0,1.0
KXNBAPTS-26MAR31CHABKN-CHAMBRIDGES0-20,2026-03-31,pts,19.5,10.4465,9.0535,0.06575,0.060256139802094544,0.0,1.0
KXNBAPTS-26MAR31CHABKN-CHAMBRIDGES0-25,2026-03-31,pts,24.5,10.4465,14.0535,0.0145,0.01480714709972264,0.0,1.0
KXNBAPTS-26MAR31CHABKN-CHAMDIABATE14-10,2026-03-31,pts,9.5,6.1825,3.3175,0.187,0.1635914907818563,1.0,1.0
KXNBAPTS-26MAR31CHABKN-CHAMDIABATE14-15,2026-03-31,pts,14.5,6.1825,8.317499999999999,0.032,0.02333500728086413,0.0,1.0
KXNBAPTS-26MAR31CHABKN-CHAMDIABATE14-20,2026-03-31,pts,19.5,6.1825,13.317499999999999,0.00325,0.0023696888894145784,0.0,1.0
KXNBAREB-26MAR31CHABKN-BKNNCLAXTON33-10,2026-03-31,reb,9.5,4.1085,5.3915,0.01625,0.026224162092578385,0.0,1.0
KXNBAREB-26MAR31CHABKN-BKNNCLAXTON33-12,2026-03-31,reb,11.5,4.1085,7.3915,0.0015,0.006593970036905872,0.0,1.0
KXNBAREB-26MAR31CHABKN-BKNNCLAXTON33-6,2026-03-31,reb,5.5,4.1085,1.3914999999999997,0.241,0.2526459575216857,0.0,1.0
KXNBAREB-26MAR31CHABKN-BKNNCLAXTON33-7,2026-03-31,reb,6.5,4.1085,2.3914999999999997,0.13475,0.1547494653210093,0.0,1.0
KXNBAREB-26MAR31CHABKN-BKNNCLAXTON33-8,2026-03-31,reb,7.5,4.1085,3.3914999999999997,0.06925,0.08969773880056142,0.0,1.0
KXNBAREB-26MAR31CHABKN-CHABMILLER24-10,2026-03-31,reb,9.5,3.8795,5.6205,0.01325,0.019687091712036864,0.0,1.0
KXNBAREB-26MAR31CHABKN-CHABMILLER24-2,2026-03-31,reb,1.5,3.8795,-2.3795,0.87875,0.8577441582435628,0.0,1.0
KXNBAREB-26MAR31CHABKN-CHABMILLER24-4,2026-03-31,reb,3.5,3.8795,-0.37950000000000017,0.534,0.514383035390725,0.0,1.0
KXNBAREB-26MAR31CHABKN-CHABMILLER24-6,2026-03-31,reb,5.5,3.8795,1.6204999999999998,0.20925,0.22028586915465842,0.0,1.0
KXNBAREB-26MAR31CHABKN-CHABMILLER24-8,2026-03-31,reb,7.5,3.8795,3.6205,0.0615,0.07269722381169419,0.0,1.0
KXNBAREB-26MAR31CHABKN-CHACWHITE3-2,2026-03-31,reb,1.5,2.804,-1.3039999999999998,0.7555,0.7313537979617333,1.0,1.0
KXNBAREB-26MAR31CHABKN-CHACWHITE3-3,2026-03-31,reb,2.5,2.804,-0.3039999999999998,0.52225,0.5083366898418105,0.0,1.0
KXNBAREB-26MAR31CHABKN-CHACWHITE3-4,2026-03-31,reb,3.5,2.804,0.6960000000000002,0.31575,0.31277364752660797,0.0,1.0
KXNBAREB-26MAR31CHABKN-CHACWHITE3-6,2026-03-31,reb,5.5,2.804,2.696,0.068,0.0884049940067535,0.0,1.0
KXNBAREB-26MAR31CHABKN-CHACWHITE3-8,2026-03-31,reb,7.5,2.804,4.696,0.01275,0.01863320485064579,0.0,1.0
KXNBAREB-26MAR31CHABKN-CHAKKNUEPPEL7-10,2026-03-31,reb,9.5,3.91925,5.58075,0.011,0.02073334295943552,0.0,1.0
KXNBAREB-26MAR31CHABKN-CHAKKNUEPPEL7-2,2026-03-31,reb,1.5,3.91925,-2.41925,0.8765,0.8610224018533811,1.0,1.0
KXNBAREB-26MAR31CHABKN-CHAKKNUEPPEL7-4,2026-03-31,reb,3.5,3.91925,-0.4192499999999999,0.53925,0.5211132620711427,1.0,1.0
KXNBAREB-26MAR31CHABKN-CHAKKNUEPPEL7-6,2026-03-31,reb,5.5,3.91925,1.58075,0.22175,0.22584116686527034,1.0,1.0
KXNBAREB-26MAR31CHABKN-CHAKKNUEPPEL7-8,2026-03-31,reb,7.5,3.91925,3.58075,0.06125,0.07551597101754659,0.0,1.0
KXNBAREB-26MAR31CHABKN-CHALBALL1-2,2026-03-31,reb,1.5,3.62575,-2.12575,0.8495,0.8348408076270579,1.0,1.0
KXNBAREB-26MAR31CHABKN-CHALBALL1-4,2026-03-31,reb,3.5,3.62575,-0.12575000000000003,0.4805,0.46996729576201,1.0,1.0
KXNBAREB-26MAR31CHABKN-CHALBALL1-5,2026-03-31,reb,4.5,3.62575,0.87425,0.3025,0.3070005957566059,1.0,1.0
KXNBAREB-26MAR31CHABKN-CHALBALL1-6,2026-03-31,reb,5.5,3.62575,1.87425,0.17825,0.18562734347225052,1.0,1.0
KXNBAREB-26MAR31CHABKN-CHALBALL1-8,2026-03-31,reb,7.5,3.62575,3.87425,0.043,0.05605925646945209,0.0,1.0
KXNBAREB-26MAR31CHABKN-CHAMBRIDGES0-10,2026-03-31,reb,9.5,3.73725,5.7627500000000005,0.009,0.016235922420205107,0.0,1.0
KXNBAREB-26MAR31CHABKN-CHAMBRIDGES0-2,2026-03-31,reb,1.5,3.73725,-2.23725,0.86925,0.8453409860301294,1.0,1.0
KXNBAREB-26MAR31CHABKN-CHAMBRIDGES0-4,2026-03-31,reb,3.5,3.73725,-0.23724999999999996,0.50825,0.4897860385104096,1.0,1.0
KXNBAREB-26MAR31CHABKN-CHAMBRIDGES0-6,2026-03-31,reb,5.5,3.73725,1.76275,0.19,0.20066944595248026,0.0,1.0
KXNBAREB-26MAR31CHABKN-CHAMBRIDGES0-8,2026-03-31,reb,7.5,3.73725,3.76275,0.04225,0.06307826809409522,0.0,1.0
KXNBAREB-26MAR31CHABKN-CHAMDIABATE14-10,2026-03-31,reb,9.5,6.60925,2.8907499999999997,0.15975,0.18039387718876032,1.0,1.0
KXNBAREB-26MAR31CHABKN-CHAMDIABATE14-12,2026-03-31,reb,11.5,6.60925,4.89075,0.05475,0.08113881749209317,1.0,1.0
KXNBAREB-26MAR31CHABKN-CHAMDIABATE14-6,2026-03-31,reb,5.5,6.60925,-1.1092500000000003,0.61575,0.5912047321429261,1.0,1.0
KXNBAREB-26MAR31CHABKN-CHAMDIABATE14-8,2026-03-31,reb,7.5,6.60925,0.8907499999999997,0.3495,0.3527749722129835,1.0,1.0
KXNBAREB-26MAR31CHABKN-CHAMDIABATE14-9,2026-03-31,reb,8.5,6.60925,1.8907499999999997,0.244,0.25674657096060727,1.0,1.0
KXNBAAST-26MAR31CHABKN-BKNNCLAXTON33-2,2026-03-31,ast,1.5,1.90825,-0.40825,0.56,0.5476062707330744,1.0,1.0
KXNBAAST-26MAR31CHABKN-BKNNCLAXTON33-3,2026-03-31,ast,2.5,1.90825,0.59175,0.2965,0.29982280679200124,1.0,1.0
KXNBAAST-26MAR31CHABKN-BKNNCLAXTON33-4,2026-03-31,ast,3.5,1.90825,1.59175,0.13425,0.14106971622189657,0.0,1.0
KXNBAAST-26MAR31CHABKN-BKNNCLAXTON33-6,2026-03-31,ast,5.5,1.90825,3.59175,0.018,0.022220068289515282,0.0,1.0
KXNBAAST-26MAR31CHABKN-BKNNCLAXTON33-8,2026-03-31,ast,7.5,1.90825,5.59175,0.001,0.0025218255710740545,0.0,1.0
KXNBAAST-26MAR31CHABKN-CHABMILLER24-10,2026-03-31,ast,9.5,2.43375,7.06625,0.00075,0.0012146281756673094,0.0,1.0
KXNBAAST-26MAR31CHABKN-CHABMILLER24-2,2026-03-31,ast,1.5,2.43375,-0.9337499999999999,0.68925,0.6672786935909336,1.0,1.0
KXNBAAST-26MAR31CHABKN-CHABMILLER24-4,2026-03-31,ast,3.5,2.43375,1.0662500000000001,0.2315,0.23907242670902173,0.0,1.0
KXNBAAST-26MAR31CHABKN-CHABMILLER24-6,2026-03-31,ast,5.5,2.43375,3.06625,0.04125,0.05455737193445509,0.0,1.0
KXNBAAST-26MAR31CHABKN-CHABMILLER24-8,2026-03-31,ast,7.5,2.43375,5.06625,0.006,0.009110461302363815,0.0,1.0
KXNBAAST-26MAR31CHABKN-CHACWHITE3-10,2026-03-31,ast,9.5,2.214,7.286,0.0,0.0006437701782685545,0.0,1.0
KXNBAAST-26MAR31CHABKN-CHACWHITE3-2,2026-03-31,ast,1.5,2.214,-0.714,0.64675,0.6212270999992606,1.0,1.0
KXNBAAST-26MAR31CHABKN-CHACWHITE3-4,2026-03-31,ast,3.5,2.214,1.286,0.181,0.1966132427051579,1.0,1.0
KXNBAAST-26MAR31CHABKN-CHACWHITE3-6,2026-03-31,ast,5.5,2.214,3.286,0.03275,0.038964301109575494,0.0,1.0
KXNBAAST-26MAR31CHABKN-CHACWHITE3-8,2026-03-31,ast,7.5,2.214,5.286,0.0035,0.0056136888478351965,0.0,1.0
KXNBAAST-26MAR31CHABKN-CHAKKNUEPPEL7-10,2026-03-31,ast,9.5,2.43975,7.06025,0.00075,0.0012344649478289726,0.0,1.0
KXNBAAST-26MAR31CHABKN-CHAKKNUEPPEL7-2,2026-03-31,ast,1.5,2.43975,-0.9397500000000001,0.68625,0.668459833076428,0.0,1.0
KXNBAAST-26MAR31CHABKN-CHAKKNUEPPEL7-4,2026-03-31,ast,3.5,2.43975,1.06025,0.2345,0.24025086874439472,0.0,1.0
KXNBAAST-26MAR31CHABKN-CHAKKNUEPPEL7-6,2026-03-31,ast,5.5,2.43975,3.06025,0.04525,0.05502475567872844,0.0,1.0
KXNBAAST-26MAR31CHABKN-CHAKKNUEPPEL7-8,2026-03-31,ast,7.5,2.43975,5.06025,0.00725,0.009223426082273,0.0,1.0
KXNBAAST-26MAR31CHABKN-CHALBALL1-10,2026-03-31,ast,9.5,4.92925,4.57075,0.04,0.059004332992430464,0.0,1.0
KXNBAAST-26MAR31CHABKN-CHALBALL1-12,2026-03-31,ast,11.5,4.92925,6.57075,0.00725,0.018453925301834984,0.0,1.0
KXNBAAST-26MAR31CHABKN-CHALBALL1-6,2026-03-31,ast,5.5,4.92925,0.5707500000000003,0.3785,0.37164821501455925,1.0,1.0
KXNBAAST-26MAR31CHABKN-CHALBALL1-7,2026-03-31,ast,6.5,4.92925,1.5707500000000003,0.23475,0.2523471904489806,1.0,1.0
KXNBAAST-26MAR31CHABKN-CHALBALL1-8,2026-03-31,ast,7.5,4.92925,2.5707500000000003,0.14375,0.16260188375453066,1.0,1.0
KXNBAAST-26MAR31CHABKN-CHAMBRIDGES0-2,2026-03-31,ast,1.5,2.03425,-0.5342500000000001,0.59175,0.5793364525941616,1.0,1.0
KXNBAAST-26MAR31CHABKN-CHAMBRIDGES0-3,2026-03-31,ast,2.5,2.03425,0.4657499999999999,0.33225,0.3311573380074986,0.0,1.0
KXNBAAST-26MAR31CHABKN-CHAMBRIDGES0-4,2026-03-31,ast,3.5,2.03425,1.4657499999999999,0.16075,0.16332197355001743,0.0,1.0
KXNBAAST-26MAR31CHABKN-CHAMBRIDGES0-6,2026-03-31,ast,5.5,2.03425,3.46575,0.01975,0.02842955412464332,0.0,1.0
KXNBAAST-26MAR31CHABKN-CHAMBRIDGES0-8,2026-03-31,ast,7.5,2.03425,5.46575,0.00275,0.003578794476203906,0.0,1.0
KXNBA3PT-26MAR31CHABKN-CHACWHITE3-1,2026-03-31,fg3m,0.5,1.427,-0.927,0.75525,0.7296976252150655,1.0,1.0
KXNBA3PT-26MAR31CHABKN-CHACWHITE3-2,2026-03-31,fg3m,1.5,1.427,0.07299999999999995,0.41325,0.40472545835355433,0.0,1.0
KXNBA3PT-26MAR31CHABKN-CHACWHITE3-3,2026-03-31,fg3m,2.5,1.427,1.073,0.17925,0.18378508659499992,0.0,1.0
KXNBA3PT-26MAR31CHABKN-CHACWHITE3-4,2026-03-31,fg3m,3.5,1.427,2.073,0.0555,0.07204487599401199,0.0,1.0
KXNBA3PT-26MAR31CHABKN-CHACWHITE3-5,2026-03-31,fg3m,4.5,1.427,3.073,0.01775,0.025260922891412574,0.0,1.0
KXNBA3PT-26MAR31CHABKN-CHAKKNUEPPEL7-2,2026-03-31,fg3m,1.5,2.338,-0.8380000000000001,0.662,0.6370825495238158,0.0,1.0
KXNBA3PT-26MAR31CHABKN-CHAKKNUEPPEL7-3,2026-03-31,fg3m,2.5,2.338,0.16199999999999992,0.417,0.4014244547215514,0.0,1.0
KXNBA3PT-26MAR31CHABKN-CHAKKNUEPPEL7-4,2026-03-31,fg3m,3.5,2.338,1.162,0.22275,0.22399351338354423,0.0,1.0
KXNBA3PT-26MAR31CHABKN-CHAKKNUEPPEL7-5,2026-03-31,fg3m,4.5,2.338,2.162,0.099,0.11340007109912476,0.0,1.0
KXNBA3PT-26MAR31CHABKN-CHAKKNUEPPEL7-6,2026-03-31,fg3m,5.5,2.338,3.162,0.03725,0.053067305589038605,0.0,1.0
KXNBA3PT-26MAR31CHABKN-CHALBALL1-2,2026-03-31,fg3m,1.5,2.74875,-1.2487499999999998,0.752,0.711223956652504,1.0,1.0
KXNBA3PT-26MAR31CHABKN-CHALBALL1-3,2026-03-31,fg3m,2.5,2.74875,-0.2487499999999998,0.51575,0.4904341740004954,1.0,1.0
KXNBA3PT-26MAR31CHABKN-CHALBALL1-4,2026-03-31,fg3m,3.5,2.74875,0.7512500000000002,0.3005,0.302724841887266,0.0,1.0
KXNBA3PT-26MAR31CHABKN-CHALBALL1-5,2026-03-31,fg3m,4.5,2.74875,1.7512500000000002,0.1535,0.17061177274951622,0.0,1.0
KXNBA3PT-26MAR31CHABKN-CHALBALL1-6,2026-03-31,fg3m,5.5,2.74875,2.75125,0.06825,0.08922955197350269,0.0,1.0
KXNBA3PT-26MAR31CHABKN-CHAMBRIDGES0-1,2026-03-31,fg3m,0.5,1.066,-0.5660000000000001,0.656,0.6313269037247788,1.0,1.0
KXNBA3PT-26MAR31CHABKN-CHAMBRIDGES0-2,2026-03-31,fg3m,1.5,1.066,0.43399999999999994,0.2865,0.28647813434429925,0.0,1.0
KXNBA3PT-26MAR31CHABKN-CHAMBRIDGES0-3,2026-03-31,fg3m,2.5,1.066,1.434,0.09325,0.10406818449649669,0.0,1.0
KXNBA3PT-26MAR31CHABKN-CHAMBRIDGES0-4,2026-03-31,fg3m,3.5,1.066,2.434,0.0255,0.03229307589533159,0.0,1.0
KXNBA3PT-26MAR31CHABKN-CHAMBRIDGES0-5,2026-03-31,fg3m,4.5,1.066,3.434,0.004,0.008912660789237914,0.0,1.0
KXNBAPTS-26MAR31TORDET-DETATHOMPSON9-10,2026-03-31,pts,9.5,6.8975,2.6025,0.25475,0.22236917435895087,0.0,1.0
KXNBAPTS-26MAR31TORDET-DETATHOMPSON9-15,2026-03-31,pts,14.5,6.8975,7.6025,0.0515,0.04051493061672806,0.0,1.0
KXNBAPTS-26MAR31TORDET-DETATHOMPSON9-20,2026-03-31,pts,19.5,6.8975,12.6025,0.0065,0.00531181197557129,0.0,1.0
KXNBAPTS-26MAR31TORDET-DETATHOMPSON9-25,2026-03-31,pts,24.5,6.8975,17.6025,0.00125,0.0005621932495075699,0.0,1.0
KXNBAPTS-26MAR31TORDET-TORJPOELTL19-10,2026-03-31,pts,9.5,7.95925,1.54075,0.3305,0.31441017323774045,1.0,1.0
KXNBAPTS-26MAR31TORDET-TORJPOELTL19-15,2026-03-31,pts,14.5,7.95925,6.54075,0.091,0.07680811144983324,0.0,1.0
KXNBAPTS-26MAR31TORDET-TORJPOELTL19-20,2026-03-31,pts,19.5,7.95925,11.54075,0.018,0.01372084020351827,0.0,1.0
KXNBAPTS-26MAR31TORDET-TORRBARRETT9-10,2026-03-31,pts,9.5,12.37125,-2.87125,0.65425,0.6428720567106418,1.0,1.0
KXNBAPTS-26MAR31TORDET-TORRBARRETT9-15,2026-03-31,pts,14.5,12.37125,2.12875,0.32275,0.31912998099225065,1.0,1.0
KXNBAPTS-26MAR31TORDET-TORRBARRETT9-20,2026-03-31,pts,19.5,12.37125,7.12875,0.12125,0.12376039661681915,1.0,1.0
KXNBAPTS-26MAR31TORDET-TORRBARRETT9-25,2026-03-31,pts,24.5,12.37125,12.12875,0.03325,0.04018791409598721,0.0,1.0
KXNBAPTS-26MAR31TORDET-TORRBARRETT9-30,2026-03-31,pts,29.5,12.37125,17.12875,0.00925,0.011454301453532212,0.0,1.0
KXNBAPTS-26MAR31TORDET-TORSBARNES4-15,2026-03-31,pts,14.5,11.155,3.3450000000000006,0.254,0.244809382619669,0.0,1.0
KXNBAPTS-26MAR31TORDET-TORSBARNES4-20,2026-03-31,pts,19.5,11.155,8.345,0.081,0.08107047496536368,0.0,1.0
KXNBAPTS-26MAR31TORDET-TORSBARNES4-25,2026-03-31,pts,24.5,11.155,13.345,0.01875,0.022294387830377738,0.0,1.0
KXNBAPTS-26MAR31TORDET-TORSBARNES4-30,2026-03-31,pts,29.5,11.155,18.345,0.003,0.0053580480815395015,0.0,1.0
KXNBAREB-26MAR31TORDET-DETATHOMPSON9-10,2026-03-31,reb,9.5,4.256,5.244,0.025,0.031106452679204533,0.0,1.0
KXNBAREB-26MAR31TORDET-DETATHOMPSON9-2,2026-03-31,reb,1.5,4.256,-2.7560000000000002,0.895,0.8858286370823301,1.0,1.0
KXNBAREB-26MAR31TORDET-DETATHOMPSON9-4,2026-03-31,reb,3.5,4.256,-0.7560000000000002,0.5905,0.5755069116806473,1.0,1.0
KXNBAREB-26MAR31TORDET-DETATHOMPSON9-6,2026-03-31,reb,5.5,4.256,1.2439999999999998,0.27725,0.27384966428545743,1.0,1.0
KXNBAREB-26MAR31TORDET-DETATHOMPSON9-8,2026-03-31,reb,7.5,4.256,3.2439999999999998,0.0925,0.10159263984872668,0.0,1.0
KXNBAREB-26MAR31TORDET-TORJPOELTL19-10,2026-03-31,reb,9.5,5.992,3.508,0.11375,0.12958883520823816,0.0,1.0
KXNBAREB-26MAR31TORDET-TORJPOELTL19-12,2026-03-31,reb,11.5,5.992,5.508,0.04,0.05226886322377211,0.0,1.0
KXNBAREB-26MAR31TORDET-TORJPOELTL19-6,2026-03-31,reb,5.5,5.992,-0.492,0.53475,0.5168832182469981,0.0,1.0
KXNBAREB-26MAR31TORDET-TORJPOELTL19-8,2026-03-31,reb,7.5,5.992,1.508,0.27625,0.28097347594673394,0.0,1.0
KXNBAREB-26MAR31TORDET-TORJPOELTL19-9,2026-03-31,reb,8.5,5.992,2.508,0.1835,0.19438490671909658,0.0,1.0
KXNBAREB-26MAR31TORDET-TORRBARRETT9-10,2026-03-31,reb,9.5,3.875,5.625,0.0125,0.01957093648477526,0.0,1.0
KXNBAREB-26MAR31TORDET-TORRBARRETT9-2,2026-03-31,reb,1.5,3.875,-2.375,0.8805,0.8573680123670662,1.0,1.0
KXNBAREB-26MAR31TORDET-TORRBARRETT9-4,2026-03-31,reb,3.5,3.875,-0.375,0.53175,0.5136171243066753,1.0,1.0
KXNBAREB-26MAR31TORDET-TORRBARRETT9-6,2026-03-31,reb,5.5,3.875,1.625,0.2035,0.21965884855548135,1.0,1.0
KXNBAREB-26MAR31TORDET-TORRBARRETT9-8,2026-03-31,reb,7.5,3.875,3.625,0.05475,0.07238168801550693,0.0,1.0
KXNBAREB-26MAR31TORDET-TORSBARNES4-10,2026-03-31,reb,9.5,4.99525,4.50475,0.04775,0.06393013439124651,0.0,1.0
KXNBAREB-26MAR31TORDET-TORSBARNES4-12,2026-03-31,reb,11.5,4.99525,6.50475,0.0105,0.020738003519922055,0.0,1.0
KXNBAREB-26MAR31TORDET-TORSBARNES4-4,2026-03-31,reb,3.5,4.99525,-1.4952500000000004,0.70725,0.6779431614093532,0.0,1.0
KXNBAREB-26MAR31TORDET-TORSBARNES4-6,2026-03-31,reb,5.5,4.99525,0.5047499999999996,0.384,0.3810262068726077,0.0,1.0
KXNBAREB-26MAR31TORDET-TORSBARNES4-8,2026-03-31,reb,7.5,4.99525,2.5047499999999996,0.153,0.17080148966953068,0.0,1.0
KXNBAAST-26MAR31TORDET-DETATHOMPSON9-2,2026-03-31,ast,1.5,2.018,-0.5179999999999998,0.58475,0.5753551341823758,1.0,1.0
KXNBAAST-26MAR31TORDET-DETATHOMPSON9-3,2026-03-31,ast,2.5,2.018,0.4820000000000002,0.33125,0.3271322807829701,1.0,1.0
KXNBAAST-26MAR31TORDET-DETATHOMPSON9-4,2026-03-31,ast,3.5,2.018,1.4820000000000002,0.15175,0.16039638363224795,1.0,1.0
KXNBAAST-26MAR31TORDET-DETATHOMPSON9-6,2026-03-31,ast,5.5,2.018,3.482,0.02275,0.027574951269596304,0.0,1.0
KXNBAAST-26MAR31TORDET-DETATHOMPSON9-8,2026-03-31,ast,7.5,2.018,5.482,0.0025,0.003426660815072924,0.0,1.0
KXNBAAST-26MAR31TORDET-TORJPOELTL19-2,2026-03-31,ast,1.5,1.4855,0.014499999999999957,0.4325,0.4266706309096163,0.0,1.0
KXNBAAST-26MAR31TORDET-TORJPOELTL19-3,2026-03-31,ast,2.5,1.4855,1.0145,0.19625,0.19512667674314854,0.0,1.0
KXNBAAST-26MAR31TORDET-TORJPOELTL19-4,2026-03-31,ast,3.5,1.4855,2.0145,0.06875,0.07565376149933845,0.0,1.0
KXNBAAST-26MAR31TORDET-TORJPOELTL19-6,2026-03-31,ast,5.5,1.4855,4.0145,0.0055,0.00793669238225203,0.0,1.0
KXNBAAST-26MAR31TORDET-TORJPOELTL19-8,2026-03-31,ast,7.5,1.4855,6.0145,0.0,0.0005928167246236349,0.0,1.0
KXNBAAST-26MAR31TORDET-TORRBARRETT9-10,2026-03-31,ast,9.5,2.0805,7.4195,0.0,0.00041884873671327316,0.0,1.0
KXNBAAST-26MAR31TORDET-TORRBARRETT9-2,2026-03-31,ast,1.5,2.0805,-0.5804999999999998,0.602,0.5904898857395082,1.0,1.0
KXNBAAST-26MAR31TORDET-TORRBARRETT9-4,2026-03-31,ast,3.5,2.0805,1.4195000000000002,0.16875,0.17173102096964687,0.0,1.0
KXNBAAST-26MAR31TORDET-TORRBARRETT9-6,2026-03-31,ast,5.5,2.0805,3.4195,0.02225,0.0309500984341462,0.0,1.0
KXNBAAST-26MAR31TORDET-TORRBARRETT9-8,2026-03-31,ast,7.5,2.0805,5.4195,0.002,0.00403925976800612,0.0,1.0
KXNBAAST-26MAR31TORDET-TORSBARNES4-10,2026-03-31,ast,9.5,3.4565,6.0435,0.0025,0.0102321806773783,1.0,1.0
KXNBAAST-26MAR31TORDET-TORSBARNES4-12,2026-03-31,ast,11.5,3.4565,8.0435,0.0,0.0019676866763940204,1.0,1.0
KXNBAAST-26MAR31TORDET-TORSBARNES4-6,2026-03-31,ast,5.5,3.4565,2.0435,0.1485,0.16238136377410117,1.0,1.0
KXNBAAST-26MAR31TORDET-TORSBARNES4-7,2026-03-31,ast,6.5,3.4565,3.0435,0.0725,0.08836904591446226,1.0,1.0
KXNBAAST-26MAR31TORDET-TORSBARNES4-8,2026-03-31,ast,7.5,3.4565,4.0435,0.03225,0.04528090407959029,1.0,1.0
KXNBA3PT-26MAR31TORDET-TORSBARNES4-1,2026-03-31,fg3m,0.5,0.553,-0.05300000000000005,0.42025,0.41367861589731025,0.0,1.0
KXNBA3PT-26MAR31TORDET-TORSBARNES4-2,2026-03-31,fg3m,1.5,0.553,0.947,0.111,0.11134485512047831,0.0,1.0
KXNBA3PT-26MAR31TORDET-TORSBARNES4-3,2026-03-31,fg3m,2.5,0.553,1.947,0.01925,0.023185142044098495,0.0,1.0
KXNBA3PT-26MAR31TORDET-TORSBARNES4-4,2026-03-31,fg3m,3.5,0.553,2.947,0.00225,0.004062003092495159,0.0,1.0
KXNBA3PT-26MAR31TORDET-TORSBARNES4-5,2026-03-31,fg3m,4.5,0.553,3.947,0.00025,0.0006279957593664509,0.0,1.0
KXNBAPTS-26MAR31NYKHOU-HOUASENGUN28-10,2026-03-31,pts,9.5,14.948,-5.448,0.80325,0.7643180797374496,1.0,1.0
KXNBAPTS-26MAR31NYKHOU-HOUASENGUN28-15,2026-03-31,pts,14.5,14.948,-0.4480000000000004,0.49525,0.4706738998191202,0.0,1.0
KXNBAPTS-26MAR31NYKHOU-HOUASENGUN28-20,2026-03-31,pts,19.5,14.948,4.552,0.21875,0.23471617508280118,0.0,1.0
KXNBAPTS-26MAR31NYKHOU-HOUASENGUN28-25,2026-03-31,pts,24.5,14.948,9.552,0.076,0.09973983532194419,0.0,1.0
KXNBAPTS-26MAR31NYKHOU-HOUASENGUN28-30,2026-03-31,pts,29.5,14.948,14.552,0.01975,0.03754995044312048,0.0,1.0
KXNBAPTS-26MAR31NYKHOU-HOUATHOMPSON1-10,2026-03-31,pts,9.5,12.9645,-3.4644999999999992,0.70775,0.6752614966336425,1.0,1.0
KXNBAPTS-26MAR31NYKHOU-HOUATHOMPSON1-15,2026-03-31,pts,14.5,12.9645,1.5355000000000008,0.363,0.3552907775382218,1.0,1.0
KXNBAPTS-26MAR31NYKHOU-HOUATHOMPSON1-20,2026-03-31,pts,19.5,12.9645,6.535500000000001,0.13725,0.1472881336695102,0.0,1.0
KXNBAPTS-26MAR31NYKHOU-HOUATHOMPSON1-25,2026-03-31,pts,24.5,12.9645,11.5355,0.03725,0.051334487587074706,0.0,1.0
KXNBAPTS-26MAR31NYKHOU-HOUJSMITH10-10,2026-03-31,pts,9.5,11.9155,-2.4154999999999998,0.612,0.6160226648026081,1.0,1.0
KXNBAPTS-26MAR31NYKHOU-HOUJSMITH10-15,2026-03-31,pts,14.5,11.9155,2.5845000000000002,0.3065,0.2911898476544179,1.0,1.0
KXNBAPTS-26MAR31NYKHOU-HOUJSMITH10-20,2026-03-31,pts,19.5,11.9155,7.5845,0.11,0.10681853085076776,0.0,1.0
KXNBAPTS-26MAR31NYKHOU-HOUJSMITH10-25,2026-03-31,pts,24.5,11.9155,12.5845,0.03,0.03270890146034244,0.0,1.0
KXNBAPTS-26MAR31NYKHOU-HOUKDURANT7-15,2026-03-31,pts,14.5,17.796,-3.2959999999999994,0.64725,0.6114101501728352,1.0,1.0
KXNBAPTS-26MAR31NYKHOU-HOUKDURANT7-20,2026-03-31,pts,19.5,17.796,1.7040000000000006,0.377,0.368815273257311,1.0,1.0
KXNBAPTS-26MAR31NYKHOU-HOUKDURANT7-25,2026-03-31,pts,24.5,17.796,6.704000000000001,0.17175,0.19317844245993343,1.0,1.0
KXNBAPTS-26MAR31NYKHOU-HOUKDURANT7-30,2026-03-31,pts,29.5,17.796,11.704,0.0675,0.09058193871634324,0.0,1.0
KXNBAPTS-26MAR31NYKHOU-HOUKDURANT7-35,2026-03-31,pts,34.5,17.796,16.704,0.0205,0.03892517049362465,0.0,1.0
KXNBAPTS-26MAR31NYKHOU-HOURSHEPPARD15-10,2026-03-31,pts,9.5,10.87425,-1.37425,0.5555,0.5480717527068691,1.0,1.0
KXNBAPTS-26MAR31NYKHOU-HOURSHEPPARD15-15,2026-03-31,pts,14.5,10.87425,3.62575,0.2455,0.22792917774615684,1.0,1.0
KXNBAPTS-26MAR31NYKHOU-HOURSHEPPARD15-20,2026-03-31,pts,19.5,10.87425,8.62575,0.07875,0.07243855916090836,1.0,1.0
KXNBAPTS-26MAR31NYKHOU-HOURSHEPPARD15-25,2026-03-31,pts,24.5,10.87425,13.62575,0.023,0.019081337916845964,0.0,1.0
KXNBAPTS-26MAR31NYKHOU-HOUTEASON17-10,2026-03-31,pts,9.5,7.6265,1.8735,0.30675,0.2853669811368905,1.0,1.0
KXNBAPTS-26MAR31NYKHOU-HOUTEASON17-15,2026-03-31,pts,14.5,7.6265,6.8735,0.0875,0.06407973619529861,1.0,1.0
KXNBAPTS-26MAR31NYKHOU-HOUTEASON17-20,2026-03-31,pts,19.5,7.6265,11.8735,0.01925,0.010469079552062555,0.0,1.0
KXNBAPTS-26MAR31NYKHOU-NYKJBRUNSON11-15,2026-03-31,pts,14.5,16.314,-1.814,0.582,0.5423448675669409,0.0,1.0
KXNBAPTS-26MAR31NYKHOU-NYKJBRUNSON11-20,2026-03-31,pts,19.5,16.314,3.186,0.29525,0.2989899399827708,0.0,1.0
KXNBAPTS-26MAR31NYKHOU-NYKJBRUNSON11-25,2026-03-31,pts,24.5,16.314,8.186,0.11975,0.14174353368396453,0.0,1.0
KXNBAPTS-26MAR31NYKHOU-NYKJBRUNSON11-30,2026-03-31,pts,29.5,16.314,13.186,0.0385,0.05983195697665045,0.0,1.0
KXNBAPTS-26MAR31NYKHOU-NYKJBRUNSON11-35,2026-03-31,pts,34.5,16.314,18.186,0.01025,0.02307123123110255,0.0,1.0
KXNBAPTS-26MAR31NYKHOU-NYKJHART3-10,2026-03-31,pts,9.5,8.555,0.9450000000000003,0.3885,0.36597393973862646,1.0,1.0
KXNBAPTS-26MAR31NYKHOU-NYKJHART3-15,2026-03-31,pts,14.5,8.555,5.945,0.119,0.10244584768359477,0.0,1.0
KXNBAPTS-26MAR31NYKHOU-NYKJHART3-20,2026-03-31,pts,19.5,8.555,10.945,0.028,0.02116085175082094,0.0,1.0
KXNBAPTS-26MAR31NYKHOU-NYKJHART3-25,2026-03-31,pts,24.5,8.555,15.945,0.0045,0.003566763785467497,0.0,1.0
KXNBAPTS-26MAR31NYKHOU-NYKKTOWNS32-10,2026-03-31,pts,9.5,11.75,-2.25,0.6245,0.6058398863369595,1.0,1.0
KXNBAPTS-26MAR31NYKHOU-NYKKTOWNS32-15,2026-03-31,pts,14.5,11.75,2.75,0.29675,0.28104878767575725,1.0,1.0
KXNBAPTS-26MAR31NYKHOU-NYKKTOWNS32-20,2026-03-31,pts,19.5,11.75,7.75,0.10125,0.10093532337271038,1.0,1.0
KXNBAPTS-26MAR31NYKHOU-NYKKTOWNS32-25,2026-03-31,pts,24.5,11.75,12.75,0.0235,0.030224794189586568,0.0,1.0
KXNBAPTS-26MAR31NYKHOU-NYKMBRIDGES25-10,2026-03-31,pts,9.5,8.80475,0.6952499999999997,0.39925,0.3872296960820948,0.0,1.0
KXNBAPTS-26MAR31NYKHOU-NYKMBRIDGES25-15,2026-03-31,pts,14.5,8.80475,5.69525,0.13475,0.11419125201772395,0.0,1.0
KXNBAPTS-26MAR31NYKHOU-NYKMBRIDGES25-20,2026-03-31,pts,19.5,8.80475,10.69525,0.02825,0.024942511516885535,0.0,1.0
KXNBAPTS-26MAR31NYKHOU-NYKMBRIDGES25-25,2026-03-31,pts,24.5,8.80475,15.69525,0.00425,0.004453167410173764,0.0,1.0
KXNBAPTS-26MAR31NYKHOU-NYKMROBINSON23-10,2026-03-31,pts,9.5,4.3585,5.1415,0.08075,0.047456342678318664,0.0,1.0
KXNBAPTS-26MAR31NYKHOU-NYKMROBINSON23-15,2026-03-31,pts,14.5,4.3585,10.1415,0.0065,0.0027587933295432077,0.0,1.0
KXNBAPTS-26MAR31NYKHOU-NYKMROBINSON23-20,2026-03-31,pts,19.5,4.3585,15.1415,0.0,0.00011117933035320604,0.0,1.0
KXNBAPTS-26MAR31NYKHOU-NYKMROBINSON23-25,2026-03-31,pts,24.5,4.3585,20.1415,0.0,3.5607775128454477e-06,0.0,1.0
KXNBAPTS-26MAR31NYKHOU-NYKOANUNOBY8-10,2026-03-31,pts,9.5,11.139,-1.6389999999999993,0.574,0.5662254354511291,0.0,1.0
KXNBAPTS-26MAR31NYKHOU-NYKOANUNOBY8-15,2026-03-31,pts,14.5,11.139,3.3610000000000007,0.25175,0.2438425436707924,0.0,1.0
KXNBAPTS-26MAR31NYKHOU-NYKOANUNOBY8-20,2026-03-31,pts,19.5,11.139,8.361,0.083,0.08056537213414294,0.0,1.0
KXNBAPTS-26MAR31NYKHOU-NYKOANUNOBY8-25,2026-03-31,pts,24.5,11.139,13.361,0.02175,0.02210233969099029,0.0,1.0
KXNBAREB-26MAR31NYKHOU-HOUASENGUN28-10,2026-03-31,reb,9.5,6.5855,2.9145000000000003,0.1585,0.17832660793573363,0.0,1.0
KXNBAREB-26MAR31NYKHOU-HOUASENGUN28-12,2026-03-31,reb,11.5,6.5855,4.9145,0.05975,0.07989741683938179,0.0,1.0
KXNBAREB-26MAR31NYKHOU-HOUASENGUN28-6,2026-03-31,reb,5.5,6.5855,-1.0854999999999997,0.6095,0.5885065912812475,0.0,1.0
KXNBAREB-26MAR31NYKHOU-HOUASENGUN28-8,2026-03-31,reb,7.5,6.5855,0.9145000000000003,0.3465,0.3500136385403807,0.0,1.0
KXNBAREB-26MAR31NYKHOU-HOUASENGUN28-9,2026-03-31,reb,8.5,6.5855,1.9145000000000003,0.24325,0.2542792721050873,0.0,1.0
KXNBAREB-26MAR31NYKHOU-HOUATHOMPSON1-10,2026-03-31,reb,9.5,5.99725,3.50275,0.0995,0.12999246334021075,0.0,1.0
KXNBAREB-26MAR31NYKHOU-HOUATHOMPSON1-12,2026-03-31,reb,11.5,5.99725,5.50275,0.0295,0.05248414671959001,0.0,1.0
KXNBAREB-26MAR31NYKHOU-HOUATHOMPSON1-4,2026-03-31,reb,3.5,5.99725,-2.49725,0.8285,0.781855690108464,1.0,1.0
KXNBAREB-26MAR31NYKHOU-HOUATHOMPSON1-6,2026-03-31,reb,5.5,5.99725,-0.4972500000000002,0.54425,0.5175509749990412,0.0,1.0
KXNBAREB-26MAR31NYKHOU-HOUATHOMPSON1-8,2026-03-31,reb,7.5,5.99725,1.5027499999999998,0.26975,0.281580475314385,0.0,1.0
KXNBAREB-26MAR31NYKHOU-HOUJSMITH10-10,2026-03-31,reb,9.5,5.51875,3.98125,0.0685,0.09555889580045662,0.0,1.0
KXNBAREB-26MAR31NYKHOU-HOUJSMITH10-12,2026-03-31,reb,11.5,5.51875,5.98125,0.02,0.03501202674156312,0.0,1.0
KXNBAREB-26MAR31NYKHOU-HOUJSMITH10-6,2026-03-31,reb,5.5,5.51875,-0.018749999999999822,0.4715,0.45442998465740847,1.0,1.0
KXNBAREB-26MAR31NYKHOU-HOUJSMITH10-7,2026-03-31,reb,6.5,5.51875,0.9812500000000002,0.3165,0.3290067565542196,0.0,1.0
KXNBAREB-26MAR31NYKHOU-HOUJSMITH10-8,2026-03-31,reb,7.5,5.51875,1.9812500000000002,0.20325,0.22709734032811646,0.0,1.0
KXNBAREB-26MAR31NYKHOU-HOUKDURANT7-2,2026-03-31,reb,1.5,3.97325,-2.47325,0.889,0.8653506252418952,1.0,1.0
KXNBAREB-26MAR31NYKHOU-HOUKDURANT7-4,2026-03-31,reb,3.5,3.97325,-0.47325000000000017,0.55125,0.5301536066132679,1.0,1.0
KXNBAREB-26MAR31NYKHOU-HOUKDURANT7-5,2026-03-31,reb,4.5,3.97325,0.5267499999999998,0.36525,0.36495551363798173,1.0,1.0
KXNBAREB-26MAR31NYKHOU-HOUKDURANT7-6,2026-03-31,reb,5.5,3.97325,1.5267499999999998,0.22075,0.2334331580672907,1.0,1.0
KXNBAREB-26MAR31NYKHOU-HOUKDURANT7-8,2026-03-31,reb,7.5,3.97325,3.52675,0.0595,0.07943522831545524,0.0,1.0
KXNBAREB-26MAR31NYKHOU-HOUTEASON17-10,2026-03-31,reb,9.5,4.7115,4.7885,0.043,0.04966420108498815,0.0,1.0
KXNBAREB-26MAR31NYKHOU-HOUTEASON17-2,2026-03-31,reb,1.5,4.7115,-3.2115,0.92075,0.9122318164238153,1.0,1.0
KXNBAREB-26MAR31NYKHOU-HOUTEASON17-4,2026-03-31,reb,3.5,4.7115,-1.2115,0.64675,0.6413777384010223,1.0,1.0
KXNBAREB-26MAR31NYKHOU-HOUTEASON17-6,2026-03-31,reb,5.5,4.7115,0.7885,0.34125,0.3400306626582369,1.0,1.0
KXNBAREB-26MAR31NYKHOU-HOUTEASON17-8,2026-03-31,reb,7.5,4.7115,2.7885,0.13325,0.1425336074826583,1.0,1.0
KXNBAREB-26MAR31NYKHOU-NYKJBRUNSON11-2,2026-03-31,reb,1.5,2.287,-0.7869999999999999,0.64575,0.6357199637276113,1.0,1.0
KXNBAREB-26MAR31NYKHOU-NYKJBRUNSON11-3,2026-03-31,reb,2.5,2.287,0.21300000000000008,0.395,0.3923497028093732,1.0,1.0
KXNBAREB-26MAR31NYKHOU-NYKJBRUNSON11-4,2026-03-31,reb,3.5,2.287,1.213,0.202,0.21108323380287808,1.0,1.0
KXNBAREB-26MAR31NYKHOU-NYKJBRUNSON11-6,2026-03-31,reb,5.5,2.287,3.213,0.039,0.04454589052237701,1.0,1.0
KXNBAREB-26MAR31NYKHOU-NYKJBRUNSON11-8,2026-03-31,reb,7.5,2.287,5.213,0.004,0.0069037323640889214,0.0,1.0
KXNBAREB-26MAR31NYKHOU-NYKJHART3-10,2026-03-31,reb,9.5,5.153,4.347,0.04975,0.0727508053259337,0.0,1.0
KXNBAREB-26MAR31NYKHOU-NYKJHART3-12,2026-03-31,reb,11.5,5.153,6.347,0.01425,0.024528116325933325,0.0,1.0
KXNBAREB-26MAR31NYKHOU-NYKJHART3-6,2026-03-31,reb,5.5,5.153,0.3470000000000004,0.42275,0.4035210570467055,0.0,1.0
KXNBAREB-26MAR31NYKHOU-NYKJHART3-7,2026-03-31,reb,6.5,5.153,1.3470000000000004,0.283,0.28180895125688454,0.0,1.0
KXNBAREB-26MAR31NYKHOU-NYKJHART3-8,2026-03-31,reb,7.5,5.153,2.3470000000000004,0.17575,0.1872698197252457,0.0,1.0
KXNBAREB-26MAR31NYKHOU-NYKKTOWNS32-10,2026-03-31,reb,9.5,7.13425,2.3657500000000002,0.20125,0.22787273752187276,0.0,1.0
KXNBAREB-26MAR31NYKHOU-NYKKTOWNS32-11,2026-03-31,reb,10.5,7.13425,3.3657500000000002,0.13375,0.1613634929125497,0.0,1.0
KXNBAREB-26MAR31NYKHOU-NYKKTOWNS32-12,2026-03-31,reb,11.5,7.13425,4.36575,0.0845,0.1110980558537904,0.0,1.0
KXNBAREB-26MAR31NYKHOU-NYKKTOWNS32-14,2026-03-31,reb,13.5,7.13425,6.36575,0.0275,0.04886633366142301,0.0,1.0
KXNBAREB-26MAR31NYKHOU-NYKKTOWNS32-16,2026-03-31,reb,15.5,7.13425,8.36575,0.00825,0.019719054654926182,0.0,1.0
KXNBAREB-26MAR31NYKHOU-NYKMBRIDGES25-10,2026-03-31,reb,9.5,2.32725,7.172750000000001,0.0,0.0009640151522685159,0.0,1.0
KXNBAREB-26MAR31NYKHOU-NYKMBRIDGES25-2,2026-03-31,reb,1.5,2.32725,-0.8272499999999998,0.667,0.6441937028052107,1.0,1.0
KXNBAREB-26MAR31NYKHOU-NYKMBRIDGES25-4,2026-03-31,reb,3.5,2.32725,1.1727500000000002,0.2075,0.21882183637978314,0.0,1.0
KXNBAREB-26MAR31NYKHOU-NYKMBRIDGES25-6,2026-03-31,reb,5.5,2.32725,3.17275,0.03825,0.047387475261194245,0.0,1.0
KXNBAREB-26MAR31NYKHOU-NYKMBRIDGES25-8,2026-03-31,reb,7.5,2.32725,5.172750000000001,0.005,0.007545165298821654,0.0,1.0
KXNBAREB-26MAR31NYKHOU-NYKMROBINSON23-10,2026-03-31,reb,9.5,5.7955,3.7045000000000003,0.09625,0.11487960552859455,0.0,1.0
KXNBAREB-26MAR31NYKHOU-NYKMROBINSON23-12,2026-03-31,reb,11.5,5.7955,5.7045,0.03425,0.044588465378750164,0.0,1.0
KXNBAREB-26MAR31NYKHOU-NYKMROBINSON23-4,2026-03-31,reb,3.5,5.7955,-2.2954999999999997,0.7995,0.7638485883756408,1.0,1.0
KXNBAREB-26MAR31NYKHOU-NYKMROBINSON23-6,2026-03-31,reb,5.5,5.7955,-0.29549999999999965,0.50375,0.49147983121228045,0.0,1.0
KXNBAREB-26MAR31NYKHOU-NYKMROBINSON23-8,2026-03-31,reb,7.5,5.7955,1.7045000000000003,0.24025,0.2583740789213882,0.0,1.0
KXNBAREB-26MAR31NYKHOU-NYKOANUNOBY8-2,2026-03-31,reb,1.5,3.1225,-1.6225,0.804,0.777565733909972,1.0,1.0
KXNBAREB-26MAR31NYKHOU-NYKOANUNOBY8-4,2026-03-31,reb,3.5,3.1225,0.37749999999999995,0.378,0.3754828246445532,1.0,1.0
KXNBAREB-26MAR31NYKHOU-NYKOANUNOBY8-5,2026-03-31,reb,4.5,3.1225,1.3775,0.22025,0.22371616494572055,1.0,1.0
KXNBAREB-26MAR31NYKHOU-NYKOANUNOBY8-6,2026-03-31,reb,5.5,3.1225,2.3775,0.10725,0.12269713029973217,1.0,1.0
KXNBAREB-26MAR31NYKHOU-NYKOANUNOBY8-8,2026-03-31,reb,7.5,3.1225,4.3774999999999995,0.0205,0.030186961221268738,0.0,1.0
KXNBAAST-26MAR31NYKHOU-HOUASENGUN28-10,2026-03-31,ast,9.5,4.43375,5.06625,0.02625,0.036614636553990665,1.0,1.0
KXNBAAST-26MAR31NYKHOU-HOUASENGUN28-2,2026-03-31,ast,1.5,4.43375,-2.93375,0.92425,0.8989164321390612,1.0,1.0
KXNBAAST-26MAR31NYKHOU-HOUASENGUN28-4,2026-03-31,ast,3.5,4.43375,-0.9337499999999999,0.63425,0.604159526656096,1.0,1.0
KXNBAAST-26MAR31NYKHOU-HOUASENGUN28-6,2026-03-31,ast,5.5,4.43375,1.0662500000000001,0.2845,0.2991646420909022,1.0,1.0
KXNBAAST-26MAR31NYKHOU-HOUASENGUN28-8,2026-03-31,ast,7.5,4.43375,3.06625,0.093,0.11538227638014975,1.0,1.0
KXNBAAST-26MAR31NYKHOU-HOUATHOMPSON1-2,2026-03-31,ast,1.5,3.85475,-2.35475,0.891,0.8576588822415211,1.0,1.0
KXNBAAST-26MAR31NYKHOU-HOUATHOMPSON1-4,2026-03-31,ast,3.5,3.85475,-0.3547500000000001,0.52775,0.5113642293704403,1.0,1.0
KXNBAAST-26MAR31NYKHOU-HOUATHOMPSON1-5,2026-03-31,ast,4.5,3.85475,0.6452499999999999,0.3435,0.3452524182239747,1.0,1.0
KXNBAAST-26MAR31NYKHOU-HOUATHOMPSON1-6,2026-03-31,ast,5.5,3.85475,1.6452499999999999,0.1995,0.21591510579478912,1.0,1.0
KXNBAAST-26MAR31NYKHOU-HOUATHOMPSON1-8,2026-03-31,ast,7.5,3.85475,3.64525,0.04975,0.06971417124119061,1.0,1.0
KXNBAAST-26MAR31NYKHOU-HOUKDURANT7-2,2026-03-31,ast,1.5,3.54075,-2.04075,0.858,0.8283399489035217,1.0,1.0
KXNBAAST-26MAR31NYKHOU-HOUKDURANT7-4,2026-03-31,ast,3.5,3.54075,-0.040750000000000064,0.464,0.4553542399241275,1.0,1.0
KXNBAAST-26MAR31NYKHOU-HOUKDURANT7-5,2026-03-31,ast,4.5,3.54075,0.9592499999999999,0.2815,0.29241601805445183,1.0,1.0
KXNBAAST-26MAR31NYKHOU-HOUKDURANT7-6,2026-03-31,ast,5.5,3.54075,1.95925,0.156,0.17332399098289797,1.0,1.0
KXNBAAST-26MAR31NYKHOU-HOUKDURANT7-8,2026-03-31,ast,7.5,3.54075,3.95925,0.03925,0.04995113375567706,1.0,1.0
KXNBAAST-26MAR31NYKHOU-HOURSHEPPARD15-2,2026-03-31,ast,1.5,3.049,-1.549,0.787,0.769551056113863,1.0,1.0
KXNBAAST-26MAR31NYKHOU-HOURSHEPPARD15-4,2026-03-31,ast,3.5,3.049,0.45100000000000007,0.36525,0.36130920490030916,0.0,1.0
KXNBAAST-26MAR31NYKHOU-HOURSHEPPARD15-5,2026-03-31,ast,4.5,3.049,1.451,0.204,0.21114071630914333,0.0,1.0
KXNBAAST-26MAR31NYKHOU-HOURSHEPPARD15-6,2026-03-31,ast,5.5,3.049,2.451,0.10025,0.11325818733812842,0.0,1.0
KXNBAAST-26MAR31NYKHOU-HOURSHEPPARD15-8,2026-03-31,ast,7.5,3.049,4.4510000000000005,0.0195,0.026470741900953887,0.0,1.0
KXNBAAST-26MAR31NYKHOU-NYKJBRUNSON11-10,2026-03-31,ast,9.5,4.62575,4.87425,0.025,0.044531353163999254,0.0,1.0
KXNBAAST-26MAR31NYKHOU-NYKJBRUNSON11-12,2026-03-31,ast,11.5,4.62575,6.87425,0.0045,0.012826151552861709,0.0,1.0
KXNBAAST-26MAR31NYKHOU-NYKJBRUNSON11-6,2026-03-31,ast,5.5,4.62575,0.87425,0.315,0.3273106598254275,1.0,1.0
KXNBAAST-26MAR31NYKHOU-NYKJBRUNSON11-7,2026-03-31,ast,6.5,4.62575,1.87425,0.1945,0.21426846148378975,1.0,1.0
KXNBAAST-26MAR31NYKHOU-NYKJBRUNSON11-8,2026-03-31,ast,7.5,4.62575,2.87425,0.1085,0.13289234015395768,1.0,1.0
KXNBAAST-26MAR31NYKHOU-NYKJHART3-2,2026-03-31,ast,1.5,3.29125,-1.7912499999999998,0.8275,0.8006917881759738,1.0,1.0
KXNBAAST-26MAR31NYKHOU-NYKJHART3-4,2026-03-31,ast,3.5,3.29125,0.2087500000000002,0.41075,0.4084390553426691,0.0,1.0
KXNBAAST-26MAR31NYKHOU-NYKJHART3-5,2026-03-31,ast,4.5,3.29125,1.2087500000000002,0.23875,0.25071025743121467,0.0,1.0
KXNBAAST-26MAR31NYKHOU-NYKJHART3-6,2026-03-31,ast,5.5,3.29125,2.20875,0.12975,0.14164558100498703,0.0,1.0
KXNBAAST-26MAR31NYKHOU-NYKJHART3-8,2026-03-31,ast,7.5,3.29125,4.20875,0.02625,0.036902612384498656,0.0,1.0
KXNBA3PT-26MAR31NYKHOU-HOUKDURANT7-1,2026-03-31,fg3m,0.5,1.70925,-1.20925,0.81875,0.7861290116545819,1.0,1.0
KXNBA3PT-26MAR31NYKHOU-HOUKDURANT7-2,2026-03-31,fg3m,1.5,1.70925,-0.20924999999999994,0.50425,0.48744817389858697,1.0,1.0
KXNBA3PT-26MAR31NYKHOU-HOUKDURANT7-3,2026-03-31,fg3m,2.5,1.70925,0.7907500000000001,0.23925,0.25156581922397736,1.0,1.0
KXNBA3PT-26MAR31NYKHOU-HOUKDURANT7-4,2026-03-31,fg3m,3.5,1.70925,1.79075,0.09625,0.11298949447774165,1.0,1.0
KXNBA3PT-26MAR31NYKHOU-HOUKDURANT7-5,2026-03-31,fg3m,4.5,1.70925,2.79075,0.035,0.045593257530919806,0.0,1.0
KXNBA3PT-26MAR31NYKHOU-HOURSHEPPARD15-2,2026-03-31,fg3m,1.5,2.12275,-0.6227499999999999,0.61325,0.5911104242556224,1.0,1.0
KXNBA3PT-26MAR31NYKHOU-HOURSHEPPARD15-3,2026-03-31,fg3m,2.5,2.12275,0.3772500000000001,0.3535,0.3513964962830193,1.0,1.0
KXNBA3PT-26MAR31NYKHOU-HOURSHEPPARD15-4,2026-03-31,fg3m,3.5,2.12275,1.37725,0.168,0.18391297072661006,1.0,1.0
KXNBA3PT-26MAR31NYKHOU-HOURSHEPPARD15-5,2026-03-31,fg3m,4.5,2.12275,2.37725,0.07125,0.08703970399557137,0.0,1.0
KXNBA3PT-26MAR31NYKHOU-HOURSHEPPARD15-6,2026-03-31,fg3m,5.5,2.12275,3.37725,0.02625,0.037998668289582316,0.0,1.0
KXNBA3PT-26MAR31NYKHOU-HOUTEASON17-1,2026-03-31,fg3m,0.5,0.94775,-0.44775,0.59875,0.5907270610242324,1.0,1.0
KXNBA3PT-26MAR31NYKHOU-HOUTEASON17-2,2026-03-31,fg3m,1.5,0.94775,0.55225,0.244,0.24567825400733367,1.0,1.0
KXNBA3PT-26MAR31NYKHOU-HOUTEASON17-3,2026-03-31,fg3m,2.5,0.94775,1.55225,0.075,0.08117267181677312,1.0,1.0
KXNBA3PT-26MAR31NYKHOU-HOUTEASON17-4,2026-03-31,fg3m,3.5,0.94775,2.55225,0.0225,0.022830009956491093,0.0,1.0
KXNBA3PT-26MAR31NYKHOU-HOUTEASON17-5,2026-03-31,fg3m,4.5,0.94775,3.55225,0.0065,0.005700502914454675,0.0,1.0
KXNBA3PT-26MAR31NYKHOU-NYKJBRUNSON11-1,2026-03-31,fg3m,0.5,1.627,-1.127,0.797,0.7711943186143728,1.0,1.0
KXNBA3PT-26MAR31NYKHOU-NYKJBRUNSON11-2,2026-03-31,fg3m,1.5,1.627,-0.127,0.47675,0.464331331487267,0.0,1.0
KXNBA3PT-26MAR31NYKHOU-NYKJBRUNSON11-3,2026-03-31,fg3m,2.5,1.627,0.873,0.228,0.23160001732278623,0.0,1.0
KXNBA3PT-26MAR31NYKHOU-NYKJBRUNSON11-4,2026-03-31,fg3m,3.5,1.627,1.873,0.086,0.10029823350123923,0.0,1.0
KXNBA3PT-26MAR31NYKHOU-NYKJBRUNSON11-5,2026-03-31,fg3m,4.5,1.627,2.873,0.0285,0.038972965379671765,0.0,1.0
KXNBA3PT-26MAR31NYKHOU-NYKJHART3-1,2026-03-31,fg3m,0.5,1.00925,-0.50925,0.621,0.6124404069013862,1.0,1.0
KXNBA3PT-26MAR31NYKHOU-NYKJHART3-2,2026-03-31,fg3m,1.5,1.00925,0.49075,0.27,0.266971002141388,0.0,1.0
KXNBA3PT-26MAR31NYKHOU-NYKJHART3-3,2026-03-31,fg3m,2.5,1.00925,1.49075,0.08725,0.09282508317843541,0.0,1.0
KXNBA3PT-26MAR31NYKHOU-NYKJHART3-4,2026-03-31,fg3m,3.5,1.00925,2.4907500000000002,0.023,0.027523681705828085,0.0,1.0
KXNBA3PT-26MAR31NYKHOU-NYKJHART3-5,2026-03-31,fg3m,4.5,1.00925,3.4907500000000002,0.00675,0.007252235765025206,0.0,1.0
KXNBA3PT-26MAR31NYKHOU-NYKKTOWNS32-1,2026-03-31,fg3m,0.5,0.8295,-0.3295,0.5515,0.5449970759632257,1.0,1.0
KXNBA3PT-26MAR31NYKHOU-NYKKTOWNS32-2,2026-03-31,fg3m,1.5,0.8295,0.6705,0.20575,0.20456502867705018,1.0,1.0
KXNBA3PT-26MAR31NYKHOU-NYKKTOWNS32-3,2026-03-31,fg3m,2.5,0.8295,1.6705,0.05725,0.06052629494551509,0.0,1.0
KXNBA3PT-26MAR31NYKHOU-NYKKTOWNS32-4,2026-03-31,fg3m,3.5,0.8295,2.6705,0.01225,0.015191292458754724,0.0,1.0
KXNBA3PT-26MAR31NYKHOU-NYKKTOWNS32-5,2026-03-31,fg3m,4.5,0.8295,3.6705,0.0025,0.0033788143159226847,0.0,1.0
KXNBA3PT-26MAR31NYKHOU-NYKMBRIDGES25-1,2026-03-31,fg3m,0.5,1.126,-0.6259999999999999,0.663,0.6501714670361318,1.0,1.0
KXNBA3PT-26MAR31NYKHOU-NYKMBRIDGES25-2,2026-03-31,fg3m,1.5,1.126,0.3740000000000001,0.31125,0.30689925049232714,0.0,1.0
KXNBA3PT-26MAR31NYKHOU-NYKMBRIDGES25-3,2026-03-31,fg3m,2.5,1.126,1.374,0.1105,0.11641692299171502,0.0,1.0
KXNBA3PT-26MAR31NYKHOU-NYKMBRIDGES25-4,2026-03-31,fg3m,3.5,1.126,2.374,0.03175,0.03778910661826418,0.0,1.0
KXNBA3PT-26MAR31NYKHOU-NYKMBRIDGES25-5,2026-03-31,fg3m,4.5,1.126,3.374,0.00675,0.010920152276750361,0.0,1.0
KXNBA3PT-26MAR31NYKHOU-NYKOANUNOBY8-1,2026-03-31,fg3m,0.5,1.5655,-1.0655,0.7885,0.7592552629629823,1.0,1.0
KXNBA3PT-26MAR31NYKHOU-NYKOANUNOBY8-2,2026-03-31,fg3m,1.5,1.5655,-0.06549999999999989,0.461,0.44650778606708097,1.0,1.0
KXNBA3PT-26MAR31NYKHOU-NYKOANUNOBY8-3,2026-03-31,fg3m,2.5,1.5655,0.9345000000000001,0.2095,0.2167535978547237,0.0,1.0
KXNBA3PT-26MAR31NYKHOU-NYKOANUNOBY8-4,2026-03-31,fg3m,3.5,1.5655,1.9345,0.076,0.09119728599068544,0.0,1.0
KXNBA3PT-26MAR31NYKHOU-NYKOANUNOBY8-5,2026-03-31,fg3m,4.5,1.5655,2.9345,0.0215,0.03439488568032223,0.0,1.0
KXNBAPTS-26MAR31PORLAC-LACBLOPEZ11-10,2026-03-31,pts,9.5,7.19775,2.30225,0.279,0.24810346252719784,1.0,1.0
KXNBAPTS-26MAR31PORLAC-LACBLOPEZ11-15,2026-03-31,pts,14.5,7.19775,7.30225,0.0715,0.04948486519718098,1.0,1.0
KXNBAPTS-26MAR31PORLAC-LACBLOPEZ11-20,2026-03-31,pts,19.5,7.19775,12.30225,0.0155,0.007134528257873196,0.0,1.0
KXNBAPTS-26MAR31PORLAC-LACBMATHURIN9-15,2026-03-31,pts,14.5,13.7085,0.7914999999999992,0.41375,0.3998209843761362,0.0,1.0
KXNBAPTS-26MAR31PORLAC-LACBMATHURIN9-20,2026-03-31,pts,19.5,13.7085,5.791499999999999,0.172,0.17876938760167582,0.0,1.0
KXNBAPTS-26MAR31PORLAC-LACBMATHURIN9-25,2026-03-31,pts,24.5,13.7085,10.7915,0.05525,0.06754280252710376,0.0,1.0
KXNBAPTS-26MAR31PORLAC-LACBMATHURIN9-30,2026-03-31,pts,29.5,13.7085,15.7915,0.0135,0.022507143817645514,0.0,1.0
KXNBAPTS-26MAR31PORLAC-LACDGARLAND10-10,2026-03-31,pts,9.5,13.50725,-4.007250000000001,0.71275,0.7024582782425907,1.0,1.0
KXNBAPTS-26MAR31PORLAC-LACDGARLAND10-15,2026-03-31,pts,14.5,13.50725,0.9927499999999991,0.4,0.38789498841573045,1.0,1.0
KXNBAPTS-26MAR31PORLAC-LACDGARLAND10-20,2026-03-31,pts,19.5,13.50725,5.992749999999999,0.1765,0.17006415647989837,1.0,1.0
KXNBAPTS-26MAR31PORLAC-LACDGARLAND10-25,2026-03-31,pts,24.5,13.50725,10.99275,0.05625,0.06291803627642101,0.0,1.0
KXNBAPTS-26MAR31PORLAC-LACDGARLAND10-30,2026-03-31,pts,29.5,13.50725,15.99275,0.016,0.02051521244021115,0.0,1.0
KXNBAPTS-26MAR31PORLAC-LACDJONES5-10,2026-03-31,pts,9.5,7.381,2.1189999999999998,0.28625,0.26398087888103816,0.0,1.0
KXNBAPTS-26MAR31PORLAC-LACDJONES5-15,2026-03-31,pts,14.5,7.381,7.119,0.06425,0.05546856703068204,0.0,1.0
KXNBAPTS-26MAR31PORLAC-LACDJONES5-20,2026-03-31,pts,19.5,7.381,12.119,0.0115,0.008448463071696888,0.0,1.0
KXNBAPTS-26MAR31PORLAC-LACDJONES5-25,2026-03-31,pts,24.5,7.381,17.119,0.00075,0.0010420153253051234,0.0,1.0
KXNBAPTS-26MAR31PORLAC-LACJCOLLINS20-10,2026-03-31,pts,9.5,8.693,0.8070000000000004,0.3955,0.3777529446124336,1.0,1.0
KXNBAPTS-26MAR31PORLAC-LACJCOLLINS20-15,2026-03-31,pts,14.5,8.693,5.807,0.12925,0.10886752879531236,1.0,1.0
KXNBAPTS-26MAR31PORLAC-LACJCOLLINS20-20,2026-03-31,pts,19.5,8.693,10.807,0.03025,0.023200344951034735,0.0,1.0
KXNBAPTS-26MAR31PORLAC-LACJCOLLINS20-25,2026-03-31,pts,24.5,8.693,15.807,0.00425,0.004038219368733831,0.0,1.0
KXNBAPTS-26MAR31PORLAC-LACKLEONARD2-25,2026-03-31,pts,24.5,16.77325,7.726749999999999,0.14175,0.15712995283121778,0.0,1.0
KXNBAPTS-26MAR31PORLAC-LACKLEONARD2-30,2026-03-31,pts,29.5,16.77325,12.72675,0.0505,0.0686543189600397,0.0,1.0
KXNBAPTS-26MAR31PORLAC-LACKLEONARD2-35,2026-03-31,pts,34.5,16.77325,17.72675,0.01625,0.0274294096696045,0.0,1.0
KXNBAPTS-26MAR31PORLAC-LACKLEONARD2-40,2026-03-31,pts,39.5,16.77325,22.72675,0.00375,0.010205127626936816,0.0,1.0
KXNBAPTS-26MAR31PORLAC-PORDAVDIJA8-20,2026-03-31,pts,19.5,12.641,6.859,0.149,0.13426495673828376,1.0,1.0
KXNBAPTS-26MAR31PORLAC-PORDAVDIJA8-25,2026-03-31,pts,24.5,12.641,11.859,0.0525,0.04505845793814589,1.0,1.0
KXNBAPTS-26MAR31PORLAC-PORDAVDIJA8-30,2026-03-31,pts,29.5,12.641,16.859,0.01725,0.013285262256630515,0.0,1.0
KXNBAPTS-26MAR31PORLAC-PORDAVDIJA8-35,2026-03-31,pts,34.5,12.641,21.859,0.0045,0.003550420647810526,0.0,1.0
KXNBAPTS-26MAR31PORLAC-PORDCLINGAN23-10,2026-03-31,pts,9.5,7.6715,1.8285,0.32025,0.2892946625377081,0.0,1.0
KXNBAPTS-26MAR31PORLAC-PORDCLINGAN23-15,2026-03-31,pts,14.5,7.6715,6.8285,0.081,0.06573086164116704,0.0,1.0
KXNBAPTS-26MAR31PORLAC-PORDCLINGAN23-20,2026-03-31,pts,19.5,7.6715,11.8285,0.01275,0.010873397445565591,0.0,1.0
KXNBAPTS-26MAR31PORLAC-PORDCLINGAN23-25,2026-03-31,pts,24.5,7.6715,16.8285,0.0015,0.0014593022179065773,0.0,1.0
KXNBAPTS-26MAR31PORLAC-PORJHOLIDAY5-10,2026-03-31,pts,9.5,9.7835,-0.2835000000000001,0.476,0.46718125789077647,1.0,1.0
KXNBAPTS-26MAR31PORLAC-PORJHOLIDAY5-15,2026-03-31,pts,14.5,9.7835,4.7165,0.18275,0.16495113022286156,1.0,1.0
KXNBAPTS-26MAR31PORLAC-PORJHOLIDAY5-20,2026-03-31,pts,19.5,9.7835,9.7165,0.05,0.04378390505839547,1.0,1.0
KXNBAPTS-26MAR31PORLAC-PORJHOLIDAY5-25,2026-03-31,pts,24.5,9.7835,14.7165,0.00725,0.00956177045217621,1.0,1.0
KXNBAPTS-26MAR31PORLAC-PORTCAMARA33-10,2026-03-31,pts,9.5,8.041,1.4589999999999996,0.3525,0.3215337786205703,1.0,1.0
KXNBAPTS-26MAR31PORLAC-PORTCAMARA33-15,2026-03-31,pts,14.5,8.041,6.459,0.1085,0.08011545413011534,1.0,1.0
KXNBAPTS-26MAR31PORLAC-PORTCAMARA33-20,2026-03-31,pts,19.5,8.041,11.459,0.0245,0.01461531759477086,0.0,1.0
KXNBAPTS-26MAR31PORLAC-PORTCAMARA33-25,2026-03-31,pts,24.5,8.041,16.459,0.0035,0.002168364986942506,0.0,1.0
KXNBAREB-26MAR31PORLAC-LACBLOPEZ11-2,2026-03-31,reb,1.5,3.25525,-1.7552500000000002,0.814,0.7943942400090362,1.0,1.0
KXNBAREB-26MAR31PORLAC-LACBLOPEZ11-4,2026-03-31,reb,3.5,3.25525,0.2447499999999998,0.40325,0.40109586918882456,1.0,1.0
KXNBAREB-26MAR31PORLAC-LACBLOPEZ11-5,2026-03-31,reb,4.5,3.25525,1.2447499999999998,0.24075,0.24537054666773794,1.0,1.0
KXNBAREB-26MAR31PORLAC-LACBLOPEZ11-6,2026-03-31,reb,5.5,3.25525,2.24475,0.1285,0.13837560464968113,1.0,1.0
KXNBAREB-26MAR31PORLAC-LACBLOPEZ11-8,2026-03-31,reb,7.5,3.25525,4.24475,0.02675,0.03608836397342974,0.0,1.0
KXNBAREB-26MAR31PORLAC-LACBMATHURIN9-10,2026-03-31,reb,9.5,4.42375,5.07625,0.0195,0.037321886417942984,0.0,1.0
KXNBAREB-26MAR31PORLAC-LACBMATHURIN9-2,2026-03-31,reb,1.5,4.42375,-2.92375,0.921,0.896411895202416,0.0,1.0
KXNBAREB-26MAR31PORLAC-LACBMATHURIN9-4,2026-03-31,reb,3.5,4.42375,-0.9237500000000001,0.63125,0.6008042183495064,0.0,1.0
KXNBAREB-26MAR31PORLAC-LACBMATHURIN9-6,2026-03-31,reb,5.5,4.42375,1.07625,0.2925,0.2981670549559283,0.0,1.0
KXNBAREB-26MAR31PORLAC-LACBMATHURIN9-8,2026-03-31,reb,7.5,4.42375,3.07625,0.09125,0.11596504324699486,0.0,1.0
KXNBAREB-26MAR31PORLAC-LACJCOLLINS20-10,2026-03-31,reb,9.5,3.8975,5.6025,0.01275,0.020156356056934777,0.0,1.0
KXNBAREB-26MAR31PORLAC-LACJCOLLINS20-2,2026-03-31,reb,1.5,3.8975,-2.3975,0.881,0.8592384790237996,1.0,1.0
KXNBAREB-26MAR31PORLAC-LACJCOLLINS20-4,2026-03-31,reb,3.5,3.8975,-0.39749999999999996,0.533,0.5174385644350612,1.0,1.0
KXNBAREB-26MAR31PORLAC-LACJCOLLINS20-6,2026-03-31,reb,5.5,3.8975,1.6025,0.2075,0.22279782456181618,1.0,1.0
KXNBAREB-26MAR31PORLAC-LACJCOLLINS20-8,2026-03-31,reb,7.5,3.8975,3.6025,0.0565,0.07396663502668188,0.0,1.0
KXNBAREB-26MAR31PORLAC-LACKLEONARD2-10,2026-03-31,reb,9.5,4.29775,5.20225,0.01725,0.03258678744741805,0.0,1.0
KXNBAREB-26MAR31PORLAC-LACKLEONARD2-12,2026-03-31,reb,11.5,4.29775,7.20225,0.003,0.008704620191569257,0.0,1.0
KXNBAREB-26MAR31PORLAC-LACKLEONARD2-6,2026-03-31,reb,5.5,4.29775,1.2022500000000003,0.274,0.27988632528492396,1.0,1.0
KXNBAREB-26MAR31PORLAC-LACKLEONARD2-7,2026-03-31,reb,6.5,4.29775,2.2022500000000003,0.15675,0.17621183605388735,1.0,1.0
KXNBAREB-26MAR31PORLAC-LACKLEONARD2-8,2026-03-31,reb,7.5,4.29775,3.2022500000000003,0.0825,0.10508776991072044,1.0,1.0
KXNBAREB-26MAR31PORLAC-PORDAVDIJA8-10,2026-03-31,reb,9.5,4.8885,4.6115,0.04575,0.05831994825135978,1.0,1.0
KXNBAREB-26MAR31PORLAC-PORDAVDIJA8-12,2026-03-31,reb,11.5,4.8885,6.6115,0.009,0.018411582669847437,0.0,1.0
KXNBAREB-26MAR31PORLAC-PORDAVDIJA8-6,2026-03-31,reb,5.5,4.8885,0.6115000000000004,0.366,0.36566792773897416,1.0,1.0
KXNBAREB-26MAR31PORLAC-PORDAVDIJA8-7,2026-03-31,reb,6.5,4.8885,1.6115000000000004,0.23875,0.24809995874366864,1.0,1.0
KXNBAREB-26MAR31PORLAC-PORDAVDIJA8-8,2026-03-31,reb,7.5,4.8885,2.6115000000000004,0.1425,0.15994890987759036,1.0,1.0
KXNBAREB-26MAR31PORLAC-PORDCLINGAN23-10,2026-03-31,reb,9.5,8.44875,1.0512499999999996,0.3505,0.354821344875078,0.0,1.0
KXNBAREB-26MAR31PORLAC-PORDCLINGAN23-12,2026-03-31,reb,11.5,8.44875,3.0512499999999996,0.1705,0.20381011336837807,0.0,1.0
KXNBAREB-26MAR31PORLAC-PORDCLINGAN23-13,2026-03-31,reb,12.5,8.44875,4.05125,0.116,0.14892215539526177,0.0,1.0
KXNBAREB-26MAR31PORLAC-PORDCLINGAN23-14,2026-03-31,reb,13.5,8.44875,5.05125,0.06875,0.10645880805783126,0.0,1.0
KXNBAREB-26MAR31PORLAC-PORDCLINGAN23-16,2026-03-31,reb,15.5,8.44875,7.05125,0.026,0.05128095661357834,0.0,1.0
KXNBAREB-26MAR31PORLAC-PORJHOLIDAY5-10,2026-03-31,reb,9.5,3.2145,6.2855,0.0045,0.007122600461433981,0.0,1.0
KXNBAREB-26MAR31PORLAC-PORJHOLIDAY5-2,2026-03-31,reb,1.5,3.2145,-1.7145000000000001,0.8145,0.7893697567481679,1.0,1.0
KXNBAREB-26MAR31PORLAC-PORJHOLIDAY5-4,2026-03-31,reb,3.5,3.2145,0.28549999999999986,0.3945,0.3932774010040949,1.0,1.0
KXNBAREB-26MAR31PORLAC-PORJHOLIDAY5-6,2026-03-31,reb,5.5,3.2145,2.2855,0.1205,0.1334840547361721,1.0,1.0
KXNBAREB-26MAR31PORLAC-PORJHOLIDAY5-8,2026-03-31,reb,7.5,3.2145,4.2855,0.027,0.034207108314650014,0.0,1.0
KXNBAAST-26MAR31PORLAC-LACBMATHURIN9-10,2026-03-31,ast,9.5,1.8385,7.6615,0.00025,0.00017326816888141305,0.0,1.0
KXNBAAST-26MAR31PORLAC-LACBMATHURIN9-2,2026-03-31,ast,1.5,1.8385,-0.3385,0.53675,0.5291867022226595,0.0,1.0
KXNBAAST-26MAR31PORLAC-LACBMATHURIN9-4,2026-03-31,ast,3.5,1.8385,1.6615,0.1195,0.1292180737236862,0.0,1.0
KXNBAAST-26MAR31PORLAC-LACBMATHURIN9-6,2026-03-31,ast,5.5,1.8385,3.6615,0.01525,0.019187707151827715,0.0,1.0
KXNBAAST-26MAR31PORLAC-LACBMATHURIN9-8,2026-03-31,ast,7.5,1.8385,5.6615,0.00175,0.002048857054176123,0.0,1.0
KXNBAAST-26MAR31PORLAC-LACDGARLAND10-10,2026-03-31,ast,9.5,4.9815,4.5185,0.0455,0.06173795844226282,0.0,1.0
KXNBAAST-26MAR31PORLAC-LACDGARLAND10-12,2026-03-31,ast,11.5,4.9815,6.5185,0.00875,0.019570415853693235,0.0,1.0
KXNBAAST-26MAR31PORLAC-LACDGARLAND10-6,2026-03-31,ast,5.5,4.9815,0.5185000000000004,0.39375,0.37922460259128277,0.0,1.0
KXNBAAST-26MAR31PORLAC-LACDGARLAND10-7,2026-03-31,ast,6.5,4.9815,1.5185000000000004,0.25575,0.25902059833768565,0.0,1.0
KXNBAAST-26MAR31PORLAC-LACDGARLAND10-8,2026-03-31,ast,7.5,4.9815,2.5185000000000004,0.156,0.1679409815179791,0.0,1.0
KXNBAAST-26MAR31PORLAC-PORDAVDIJA8-10,2026-03-31,ast,9.5,3.566,5.934,0.00525,0.01214139525320923,0.0,1.0
KXNBAAST-26MAR31PORLAC-PORDAVDIJA8-12,2026-03-31,ast,11.5,3.566,7.934,0.00025,0.002442701615441134,0.0,1.0
KXNBAAST-26MAR31PORLAC-PORDAVDIJA8-6,2026-03-31,ast,5.5,3.566,1.9340000000000002,0.1665,0.17664801727585688,1.0,1.0
KXNBAAST-26MAR31PORLAC-PORDAVDIJA8-7,2026-03-31,ast,6.5,3.566,2.934,0.07825,0.09817510239197325,1.0,1.0
KXNBAAST-26MAR31PORLAC-PORDAVDIJA8-8,2026-03-31,ast,7.5,3.566,3.934,0.036,0.05140327296584046,1.0,1.0
KXNBAAST-26MAR31PORLAC-PORJHOLIDAY5-10,2026-03-31,ast,9.5,3.33725,6.16275,0.0065,0.008407969748739808,0.0,1.0
KXNBAAST-26MAR31PORLAC-PORJHOLIDAY5-2,2026-03-31,ast,1.5,3.33725,-1.83725,0.8285,0.8061088072383962,1.0,1.0
KXNBAAST-26MAR31PORLAC-PORJHOLIDAY5-4,2026-03-31,ast,3.5,3.33725,0.16274999999999995,0.426,0.417228268941781,0.0,1.0
KXNBAAST-26MAR31PORLAC-PORJHOLIDAY5-6,2026-03-31,ast,5.5,3.33725,2.16275,0.13125,0.14731467589437497,0.0,1.0
KXNBAAST-26MAR31PORLAC-PORJHOLIDAY5-8,2026-03-31,ast,7.5,3.33725,4.16275,0.029,0.03913103328708145,0.0,1.0
KXNBA3PT-26MAR31PORLAC-LACBMATHURIN9-1,2026-03-31,fg3m,0.5,0.7295,-0.22950000000000004,0.5135,0.5017810755288612,0.0,1.0
KXNBA3PT-26MAR31PORLAC-LACBMATHURIN9-2,2026-03-31,fg3m,1.5,0.7295,0.7705,0.1675,0.17003364723806147,0.0,1.0
KXNBA3PT-26MAR31PORLAC-LACBMATHURIN9-3,2026-03-31,fg3m,2.5,0.7295,1.7705,0.03875,0.04511492905714487,0.0,1.0
KXNBA3PT-26MAR31PORLAC-LACBMATHURIN9-4,2026-03-31,fg3m,3.5,0.7295,2.7705,0.00775,0.010124202176107877,0.0,1.0
KXNBA3PT-26MAR31PORLAC-LACBMATHURIN9-5,2026-03-31,fg3m,4.5,0.7295,3.7705,0.00175,0.0020102688529708423,0.0,1.0
KXNBA3PT-26MAR31PORLAC-LACDGARLAND10-1,2026-03-31,fg3m,0.5,2.34175,-1.8417500000000002,0.896,0.8702864195231607,1.0,1.0
KXNBA3PT-26MAR31PORLAC-LACDGARLAND10-2,2026-03-31,fg3m,1.5,2.34175,-0.8417500000000002,0.66425,0.6378377472869273,1.0,1.0
KXNBA3PT-26MAR31PORLAC-LACDGARLAND10-3,2026-03-31,fg3m,2.5,2.34175,0.15824999999999978,0.413,0.4022778796765575,1.0,1.0
KXNBA3PT-26MAR31PORLAC-LACDGARLAND10-4,2026-03-31,fg3m,3.5,2.34175,1.1582499999999998,0.214,0.2247032064100396,0.0,1.0
KXNBA3PT-26MAR31PORLAC-LACDGARLAND10-5,2026-03-31,fg3m,4.5,2.34175,2.15825,0.095,0.11388432252278058,0.0,1.0
KXNBA3PT-26MAR31PORLAC-LACKLEONARD2-1,2026-03-31,fg3m,0.5,1.5735,-1.0735,0.78525,0.7608474784132057,0.0,1.0
KXNBA3PT-26MAR31PORLAC-LACKLEONARD2-2,2026-03-31,fg3m,1.5,1.5735,-0.0734999999999999,0.4675,0.44885212077360026,0.0,1.0
KXNBA3PT-26MAR31PORLAC-LACKLEONARD2-3,2026-03-31,fg3m,2.5,1.5735,0.9265000000000001,0.21175,0.21867936956046918,0.0,1.0
KXNBA3PT-26MAR31PORLAC-LACKLEONARD2-4,2026-03-31,fg3m,3.5,1.5735,1.9265,0.07425,0.09236138825893758,0.0,1.0
KXNBA3PT-26MAR31PORLAC-LACKLEONARD2-5,2026-03-31,fg3m,4.5,1.5735,2.9265,0.02625,0.03497228096147753,0.0,1.0
KXNBA3PT-26MAR31PORLAC-PORDAVDIJA8-1,2026-03-31,fg3m,0.5,0.998,-0.498,0.61375,0.6085677680705048,1.0,1.0
KXNBA3PT-26MAR31PORLAC-PORDAVDIJA8-2,2026-03-31,fg3m,1.5,0.998,0.502,0.263,0.26308599646148845,0.0,1.0
KXNBA3PT-26MAR31PORLAC-PORDAVDIJA8-3,2026-03-31,fg3m,2.5,0.998,1.502,0.085,0.0906506471929498,0.0,1.0
KXNBA3PT-26MAR31PORLAC-PORDAVDIJA8-4,2026-03-31,fg3m,3.5,0.998,2.502,0.02525,0.026628099100364344,0.0,1.0
KXNBA3PT-26MAR31PORLAC-PORDAVDIJA8-5,2026-03-31,fg3m,4.5,0.998,3.502,0.00825,0.006949569972930392,0.0,1.0
KXNBAPTS-26MAR31CLELAL-CLEDMITCHELL45-15,2026-03-31,pts,14.5,17.16825,-2.6682500000000005,0.618,0.5832879754012908,0.0,1.0
KXNBAPTS-26MAR31CLELAL-CLEDMITCHELL45-20,2026-03-31,pts,19.5,17.16825,2.3317499999999995,0.34425,0.33940261177209063,0.0,1.0
KXNBAPTS-26MAR31CLELAL-CLEDMITCHELL45-25,2026-03-31,pts,24.5,17.16825,7.3317499999999995,0.157,0.17078585236002974,0.0,1.0
KXNBAPTS-26MAR31CLELAL-CLEDMITCHELL45-30,2026-03-31,pts,29.5,17.16825,12.33175,0.0515,0.07675868859845969,0.0,1.0
KXNBAPTS-26MAR31CLELAL-CLEDMITCHELL45-35,2026-03-31,pts,34.5,17.16825,17.33175,0.01425,0.03157297551046967,0.0,1.0
KXNBAPTS-26MAR31CLELAL-CLEDSCHRODER8-10,2026-03-31,pts,9.5,5.41,4.09,0.14925,0.10687159183692418,0.0,1.0
KXNBAPTS-26MAR31CLELAL-CLEDSCHRODER8-15,2026-03-31,pts,14.5,5.41,9.09,0.026,0.011045185127426138,0.0,1.0
KXNBAPTS-26MAR31CLELAL-CLEDSCHRODER8-20,2026-03-31,pts,19.5,5.41,14.09,0.0025,0.0008034550960529518,0.0,1.0
KXNBAPTS-26MAR31CLELAL-CLEEMOBLEY4-10,2026-03-31,pts,9.5,12.0025,-2.5024999999999995,0.644,0.621282591305441,0.0,1.0
KXNBAPTS-26MAR31CLELAL-CLEEMOBLEY4-15,2026-03-31,pts,14.5,12.0025,2.4975000000000005,0.29725,0.2965246241412586,0.0,1.0
KXNBAPTS-26MAR31CLELAL-CLEEMOBLEY4-20,2026-03-31,pts,19.5,12.0025,7.4975000000000005,0.09975,0.10997027649016666,0.0,1.0
KXNBAPTS-26MAR31CLELAL-CLEEMOBLEY4-25,2026-03-31,pts,24.5,12.0025,12.4975,0.02325,0.03406407865699035,0.0,1.0
KXNBAPTS-26MAR31CLELAL-CLEJHARDEN1-15,2026-03-31,pts,14.5,13.18975,1.31025,0.38925,0.3688920522560335,1.0,1.0
KXNBAPTS-26MAR31CLELAL-CLEJHARDEN1-20,2026-03-31,pts,19.5,13.18975,6.31025,0.1525,0.15660822213376013,0.0,1.0
KXNBAPTS-26MAR31CLELAL-CLEJHARDEN1-25,2026-03-31,pts,24.5,13.18975,11.31025,0.0485,0.055982771946058385,0.0,1.0
KXNBAPTS-26MAR31CLELAL-CLEJHARDEN1-30,2026-03-31,pts,29.5,13.18975,16.31025,0.009,0.017617071890049685,0.0,1.0
KXNBAPTS-26MAR31CLELAL-LALAREAVES15-20,2026-03-31,pts,19.5,15.777,3.7230000000000008,0.27875,0.27356991029173283,0.0,1.0
KXNBAPTS-26MAR31CLELAL-LALAREAVES15-25,2026-03-31,pts,24.5,15.777,8.723,0.10975,0.12450905942622692,0.0,1.0
KXNBAPTS-26MAR31CLELAL-LALAREAVES15-30,2026-03-31,pts,29.5,15.777,13.723,0.033,0.05035749414779833,0.0,1.0
KXNBAPTS-26MAR31CLELAL-LALAREAVES15-35,2026-03-31,pts,34.5,15.777,18.723,0.00825,0.018583664657433996,0.0,1.0
KXNBAPTS-26MAR31CLELAL-LALDAYTON5-10,2026-03-31,pts,9.5,7.45875,2.04125,0.296,0.2707433430178542,1.0,1.0
KXNBAPTS-26MAR31CLELAL-LALDAYTON5-15,2026-03-31,pts,14.5,7.45875,7.04125,0.07225,0.058122617827896406,1.0,1.0
KXNBAPTS-26MAR31CLELAL-LALDAYTON5-20,2026-03-31,pts,19.5,7.45875,12.04125,0.011,0.009055236979000236,0.0,1.0
KXNBAPTS-26MAR31CLELAL-LALLDONCIC77-25,2026-03-31,pts,24.5,23.149,1.350999999999999,0.412,0.3967800926573879,1.0,1.0
KXNBAPTS-26MAR31CLELAL-LALLDONCIC77-30,2026-03-31,pts,29.5,23.149,6.350999999999999,0.2135,0.24313451084347215,1.0,1.0
KXNBAPTS-26MAR31CLELAL-LALLDONCIC77-35,2026-03-31,pts,34.5,23.149,11.350999999999999,0.09175,0.13814133618957025,1.0,1.0
KXNBAPTS-26MAR31CLELAL-LALLDONCIC77-40,2026-03-31,pts,39.5,23.149,16.351,0.03025,0.07374398898106649,1.0,1.0
KXNBAPTS-26MAR31CLELAL-LALLJAMES23-15,2026-03-31,pts,14.5,14.579,-0.07900000000000063,0.47525,0.45010087316622727,0.0,1.0
KXNBAPTS-26MAR31CLELAL-LALLJAMES23-20,2026-03-31,pts,19.5,14.579,4.920999999999999,0.205,0.2177145751008528,0.0,1.0
KXNBAPTS-26MAR31CLELAL-LALLJAMES23-25,2026-03-31,pts,24.5,14.579,9.921,0.0705,0.08951313899743196,0.0,1.0
KXNBAPTS-26MAR31CLELAL-LALLJAMES23-30,2026-03-31,pts,29.5,14.579,14.921,0.01675,0.032562413245553534,0.0,1.0
KXNBAREB-26MAR31CLELAL-CLEDMITCHELL45-2,2026-03-31,reb,1.5,3.146,-1.646,0.80575,0.7806427919496144,1.0,1.0
KXNBAREB-26MAR31CLELAL-CLEDMITCHELL45-4,2026-03-31,reb,3.5,3.146,0.3540000000000001,0.3945,0.3800458894225751,0.0,1.0
KXNBAREB-26MAR31CLELAL-CLEDMITCHELL45-5,2026-03-31,reb,4.5,3.146,1.354,0.216,0.22752367478635305,0.0,1.0
KXNBAREB-26MAR31CLELAL-CLEDMITCHELL45-6,2026-03-31,reb,5.5,3.146,2.354,0.09975,0.12541772373418325,0.0,1.0
KXNBAREB-26MAR31CLELAL-CLEDMITCHELL45-8,2026-03-31,reb,7.5,3.146,4.354,0.01775,0.03118406116106942,0.0,1.0
KXNBAREB-26MAR31CLELAL-CLEEMOBLEY4-10,2026-03-31,reb,9.5,6.2595,3.2405,0.117,0.15081329068558258,0.0,1.0
KXNBAREB-26MAR31CLELAL-CLEEMOBLEY4-12,2026-03-31,reb,11.5,6.2595,5.2405,0.0345,0.06390408637090439,0.0,1.0
KXNBAREB-26MAR31CLELAL-CLEEMOBLEY4-6,2026-03-31,reb,5.5,6.2595,-0.7595000000000001,0.59125,0.5501475530698519,0.0,1.0
KXNBAREB-26MAR31CLELAL-CLEEMOBLEY4-8,2026-03-31,reb,7.5,6.2595,1.2405,0.2965,0.3120363908985221,0.0,1.0
KXNBAREB-26MAR31CLELAL-CLEEMOBLEY4-9,2026-03-31,reb,8.5,6.2595,2.2405,0.19075,0.22089979416743355,0.0,1.0
KXNBAREB-26MAR31CLELAL-CLEJHARDEN1-2,2026-03-31,reb,1.5,3.97275,-2.47275,0.89825,0.8653111985418269,0.0,1.0
KXNBAREB-26MAR31CLELAL-CLEJHARDEN1-4,2026-03-31,reb,3.5,3.97275,-0.47275,0.5525,0.5300704463354893,0.0,1.0
KXNBAREB-26MAR31CLELAL-CLEJHARDEN1-5,2026-03-31,reb,4.5,3.97275,0.52725,0.37125,0.3648727573839531,0.0,1.0
KXNBAREB-26MAR31CLELAL-CLEJHARDEN1-6,2026-03-31,reb,5.5,3.97275,1.52725,0.216,0.23336263637308474,0.0,1.0
KXNBAREB-26MAR31CLELAL-CLEJHARDEN1-8,2026-03-31,reb,7.5,3.97275,3.52725,0.05825,0.07939846685012786,0.0,1.0
KXNBAREB-26MAR31CLELAL-LALDAYTON5-10,2026-03-31,reb,9.5,5.1745,4.3255,0.05875,0.07400138269706236,0.0,1.0
KXNBAREB-26MAR31CLELAL-LALDAYTON5-12,2026-03-31,reb,11.5,5.1745,6.3255,0.0155,0.025078016086053534,0.0,1.0
KXNBAREB-26MAR31CLELAL-LALDAYTON5-4,2026-03-31,reb,3.5,5.1745,-1.6745,0.724,0.6993305993449164,1.0,1.0
KXNBAREB-26MAR31CLELAL-LALDAYTON5-6,2026-03-31,reb,5.5,5.1745,0.3254999999999999,0.416,0.40656518780122375,1.0,1.0
KXNBAREB-26MAR31CLELAL-LALDAYTON5-8,2026-03-31,reb,7.5,5.1745,2.3255,0.17325,0.18955107971590401,1.0,1.0
KXNBAREB-26MAR31CLELAL-LALLDONCIC77-10,2026-03-31,reb,9.5,5.6535,3.8465,0.0715,0.1047543021788283,0.0,1.0
KXNBAREB-26MAR31CLELAL-LALLDONCIC77-12,2026-03-31,reb,11.5,5.6535,5.8465,0.01775,0.03949464829908189,0.0,1.0
KXNBAREB-26MAR31CLELAL-LALLDONCIC77-4,2026-03-31,reb,3.5,5.6535,-2.1535,0.80125,0.7503421968091935,1.0,1.0
KXNBAREB-26MAR31CLELAL-LALLDONCIC77-6,2026-03-31,reb,5.5,5.6535,-0.1535000000000002,0.487,0.47264583683374195,0.0,1.0
KXNBAREB-26MAR31CLELAL-LALLDONCIC77-8,2026-03-31,reb,7.5,5.6535,1.8464999999999998,0.21625,0.24222880695718219,0.0,1.0
KXNBAREB-26MAR31CLELAL-LALLJAMES23-10,2026-03-31,reb,9.5,4.678,4.822,0.0295,0.04811717568952589,0.0,1.0
KXNBAREB-26MAR31CLELAL-LALLJAMES23-2,2026-03-31,reb,1.5,4.678,-3.178,0.938,0.9105289474690772,1.0,1.0
KXNBAREB-26MAR31CLELAL-LALLJAMES23-4,2026-03-31,reb,3.5,4.678,-1.178,0.6645,0.636836684208056,1.0,1.0
KXNBAREB-26MAR31CLELAL-LALLJAMES23-6,2026-03-31,reb,5.5,4.678,0.8220000000000001,0.3335,0.33516191908487714,0.0,1.0
KXNBAREB-26MAR31CLELAL-LALLJAMES23-8,2026-03-31,reb,7.5,4.678,2.822,0.1155,0.13932479863653335,0.0,1.0
KXNBAAST-26MAR31CLELAL-CLEDMITCHELL45-10,2026-03-31,ast,9.5,3.2045,6.2955000000000005,0.00225,0.00666767518958955,0.0,1.0
KXNBAAST-26MAR31CLELAL-CLEDMITCHELL45-2,2026-03-31,ast,1.5,3.2045,-1.7045,0.8185,0.7900573762165096,1.0,1.0
KXNBAAST-26MAR31CLELAL-CLEDMITCHELL45-4,2026-03-31,ast,3.5,3.2045,0.2955000000000001,0.405,0.3917132310606216,1.0,1.0
KXNBAAST-26MAR31CLELAL-CLEDMITCHELL45-6,2026-03-31,ast,5.5,3.2045,2.2955,0.108,0.13118681952401456,1.0,1.0
KXNBAAST-26MAR31CLELAL-CLEDMITCHELL45-8,2026-03-31,ast,7.5,3.2045,4.2955000000000005,0.021,0.032916611463112866,0.0,1.0
KXNBAAST-26MAR31CLELAL-CLEDSCHRODER8-10,2026-03-31,ast,9.5,2.22875,7.27125,0.00025,0.0006736111236732567,0.0,1.0
KXNBAAST-26MAR31CLELAL-CLEDSCHRODER8-2,2026-03-31,ast,1.5,2.22875,-0.7287499999999998,0.63375,0.6244925176550071,1.0,1.0
KXNBAAST-26MAR31CLELAL-CLEDSCHRODER8-4,2026-03-31,ast,3.5,2.22875,1.2712500000000002,0.195,0.1994113610508892,0.0,1.0
KXNBAAST-26MAR31CLELAL-CLEDSCHRODER8-6,2026-03-31,ast,5.5,2.22875,3.27125,0.03325,0.03991743862276664,0.0,1.0
KXNBAAST-26MAR31CLELAL-CLEDSCHRODER8-8,2026-03-31,ast,7.5,2.22875,5.27125,0.00475,0.005811546534155276,0.0,1.0
KXNBAAST-26MAR31CLELAL-CLEJHARDEN1-10,2026-03-31,ast,9.5,4.609,4.891,0.02375,0.04380258824606109,0.0,1.0
KXNBAAST-26MAR31CLELAL-CLEJHARDEN1-12,2026-03-31,ast,11.5,4.609,6.891,0.003,0.01255623909330672,0.0,1.0
KXNBAAST-26MAR31CLELAL-CLEJHARDEN1-4,2026-03-31,ast,3.5,4.609,-1.109,0.667,0.629396354237518,0.0,1.0
KXNBAAST-26MAR31CLELAL-CLEJHARDEN1-6,2026-03-31,ast,5.5,4.609,0.891,0.3205,0.3248545264756394,0.0,1.0
KXNBAAST-26MAR31CLELAL-CLEJHARDEN1-8,2026-03-31,ast,7.5,4.609,2.891,0.1045,0.13132273548573503,0.0,1.0
KXNBAAST-26MAR31CLELAL-LALAREAVES15-10,2026-03-31,ast,9.5,3.8625,5.6375,0.00775,0.018543609825664942,0.0,1.0
KXNBAAST-26MAR31CLELAL-LALAREAVES15-2,2026-03-31,ast,1.5,3.8625,-2.3625,0.87875,0.8583135957878224,1.0,1.0
KXNBAAST-26MAR31CLELAL-LALAREAVES15-4,2026-03-31,ast,3.5,3.8625,-0.3624999999999998,0.53075,0.5126989045225037,1.0,1.0
KXNBAAST-26MAR31CLELAL-LALAREAVES15-6,2026-03-31,ast,5.5,3.8625,1.6375000000000002,0.211,0.21699668392506888,0.0,1.0
KXNBAAST-26MAR31CLELAL-LALAREAVES15-8,2026-03-31,ast,7.5,3.8625,3.6375,0.04975,0.07024829762527995,0.0,1.0
KXNBAAST-26MAR31CLELAL-LALLDONCIC77-10,2026-03-31,ast,9.5,5.389,4.111,0.04975,0.08544550993879174,1.0,1.0
KXNBAAST-26MAR31CLELAL-LALLDONCIC77-12,2026-03-31,ast,11.5,5.389,6.111,0.01075,0.029884651101473647,1.0,1.0
KXNBAAST-26MAR31CLELAL-LALLDONCIC77-4,2026-03-31,ast,3.5,5.389,-1.8890000000000002,0.77375,0.7259113275164235,1.0,1.0
KXNBAAST-26MAR31CLELAL-LALLDONCIC77-6,2026-03-31,ast,5.5,5.389,0.11099999999999977,0.459,0.43729256786991144,1.0,1.0
KXNBAAST-26MAR31CLELAL-LALLDONCIC77-8,2026-03-31,ast,7.5,5.389,2.1109999999999998,0.181,0.21145001023633925,1.0,1.0
KXNBAAST-26MAR31CLELAL-LALLJAMES23-10,2026-03-31,ast,9.5,4.98525,4.51475,0.0415,0.061936869083091484,0.0,1.0
KXNBAAST-26MAR31CLELAL-LALLJAMES23-12,2026-03-31,ast,11.5,4.98525,6.51475,0.00625,0.01965228262301233,0.0,1.0
KXNBAAST-26MAR31CLELAL-LALLJAMES23-6,2026-03-31,ast,5.5,4.98525,0.5147500000000003,0.38425,0.3797674671588419,1.0,1.0
KXNBAAST-26MAR31CLELAL-LALLJAMES23-7,2026-03-31,ast,6.5,4.98525,1.5147500000000003,0.2435,0.2595006104772828,0.0,1.0
KXNBAAST-26MAR31CLELAL-LALLJAMES23-8,2026-03-31,ast,7.5,4.98525,2.5147500000000003,0.13775,0.16832650051660492,0.0,1.0
KXNBA3PT-26MAR31CLELAL-CLEDMITCHELL45-1,2026-03-31,fg3m,0.5,1.84475,-1.34475,0.8315,0.8083908687242718,0.0,1.0
KXNBA3PT-26MAR31CLELAL-CLEDMITCHELL45-2,2026-03-31,fg3m,1.5,1.84475,-0.3447499999999999,0.54575,0.5237152696063156,0.0,1.0
KXNBA3PT-26MAR31CLELAL-CLEDMITCHELL45-3,2026-03-31,fg3m,2.5,1.84475,0.6552500000000001,0.2805,0.284539657528316,0.0,1.0
KXNBA3PT-26MAR31CLELAL-CLEDMITCHELL45-4,2026-03-31,fg3m,3.5,1.84475,1.65525,0.123,0.13505761077991285,0.0,1.0
KXNBA3PT-26MAR31CLELAL-CLEDMITCHELL45-5,2026-03-31,fg3m,4.5,1.84475,2.65525,0.0415,0.05771582379343765,0.0,1.0
KXNBA3PT-26MAR31CLELAL-CLEJHARDEN1-1,2026-03-31,fg3m,0.5,1.92825,-1.42825,0.85225,0.8207998302219757,1.0,1.0
KXNBA3PT-26MAR31CLELAL-CLEJHARDEN1-2,2026-03-31,fg3m,1.5,1.92825,-0.42825,0.57025,0.5449396031109226,1.0,1.0
KXNBA3PT-26MAR31CLELAL-CLEJHARDEN1-3,2026-03-31,fg3m,2.5,1.92825,0.57175,0.309,0.30479525416721076,0.0,1.0
KXNBA3PT-26MAR31CLELAL-CLEJHARDEN1-4,2026-03-31,fg3m,3.5,1.92825,1.57175,0.13,0.14928424340191615,0.0,1.0
KXNBA3PT-26MAR31CLELAL-CLEJHARDEN1-5,2026-03-31,fg3m,4.5,1.92825,2.5717499999999998,0.04425,0.06591556021098433,0.0,1.0
KXNBA3PT-26MAR31CLELAL-LALAREAVES15-1,2026-03-31,fg3m,0.5,1.68,-1.18,0.8095,0.780947977853465,1.0,1.0
KXNBA3PT-26MAR31CLELAL-LALAREAVES15-2,2026-03-31,fg3m,1.5,1.68,-0.17999999999999994,0.49125,0.4793223490371751,1.0,1.0
KXNBA3PT-26MAR31CLELAL-LALAREAVES15-3,2026-03-31,fg3m,2.5,1.68,0.8200000000000001,0.241,0.24445544489922666,0.0,1.0
KXNBA3PT-26MAR31CLELAL-LALAREAVES15-4,2026-03-31,fg3m,3.5,1.68,1.82,0.0965,0.10841097364130037,0.0,1.0
KXNBA3PT-26MAR31CLELAL-LALAREAVES15-5,2026-03-31,fg3m,4.5,1.68,2.8200000000000003,0.0305,0.043174121669165344,0.0,1.0
KXNBA3PT-26MAR31CLELAL-LALLDONCIC77-2,2026-03-31,fg3m,1.5,2.9225,-1.4224999999999999,0.7865,0.7378070381865373,1.0,1.0
KXNBA3PT-26MAR31CLELAL-LALLDONCIC77-3,2026-03-31,fg3m,2.5,2.9225,-0.4224999999999999,0.55525,0.5251008235408661,1.0,1.0
KXNBA3PT-26MAR31CLELAL-LALLDONCIC77-4,2026-03-31,fg3m,3.5,2.9225,0.5775000000000001,0.338,0.33599778378049394,1.0,1.0
KXNBA3PT-26MAR31CLELAL-LALLDONCIC77-5,2026-03-31,fg3m,4.5,2.9225,1.5775000000000001,0.17825,0.19682001621327105,1.0,1.0
KXNBA3PT-26MAR31CLELAL-LALLDONCIC77-6,2026-03-31,fg3m,5.5,2.9225,2.5775,0.07625,0.10716696810927129,1.0,1.0
KXNBA3PT-26MAR31CLELAL-LALLJAMES23-1,2026-03-31,fg3m,0.5,0.9535,-0.4535,0.60575,0.5928144302117131,1.0,1.0
KXNBA3PT-26MAR31CLELAL-LALLJAMES23-2,2026-03-31,fg3m,1.5,0.9535,0.5465,0.251,0.24767396697125232,0.0,1.0
KXNBA3PT-26MAR31CLELAL-LALLJAMES23-3,2026-03-31,fg3m,2.5,0.9535,1.5465,0.07475,0.08223721844795018,0.0,1.0
KXNBA3PT-26MAR31CLELAL-LALLJAMES23-4,2026-03-31,fg3m,3.5,0.9535,2.5465,0.01875,0.023247871929895747,0.0,1.0
KXNBA3PT-26MAR31CLELAL-LALLJAMES23-5,2026-03-31,fg3m,4.5,0.9535,3.5465,0.00275,0.005835088073782968,0.0,1.0
KXNBAPTS-26MAR31DALMIL-DALCFLAGG32-15,2026-03-31,pts,14.5,13.95475,0.5452499999999993,0.43075,0.41427118040931765,1.0,1.0
KXNBAPTS-26MAR31DALMIL-DALCFLAGG32-20,2026-03-31,pts,19.5,13.95475,5.545249999999999,0.18525,0.18958848962192354,0.0,1.0
KXNBAPTS-26MAR31DALMIL-DALCFLAGG32-25,2026-03-31,pts,24.5,13.95475,10.54525,0.06175,0.07343857385113073,0.0,1.0
KXNBAPTS-26MAR31DALMIL-DALCFLAGG32-30,2026-03-31,pts,29.5,13.95475,15.54525,0.0105,0.02511193702905301,0.0,1.0
KXNBAPTS-26MAR31DALMIL-DALDGAFFORD21-10,2026-03-31,pts,9.5,8.007,1.4930000000000003,0.336,0.31857217888085443,0.0,1.0
KXNBAPTS-26MAR31DALMIL-DALDGAFFORD21-15,2026-03-31,pts,14.5,8.007,6.493,0.0915,0.07873147309146766,0.0,1.0
KXNBAPTS-26MAR31DALMIL-DALDGAFFORD21-20,2026-03-31,pts,19.5,8.007,11.493,0.014,0.014238587951768245,0.0,1.0
KXNBAPTS-26MAR31DALMIL-DALMCHRISTIE00-10,2026-03-31,pts,9.5,7.252,2.248,0.2895,0.2527932879014769,0.0,1.0
KXNBAPTS-26MAR31DALMIL-DALMCHRISTIE00-15,2026-03-31,pts,14.5,7.252,7.248,0.068,0.0512163409030264,0.0,1.0
KXNBAPTS-26MAR31DALMIL-DALMCHRISTIE00-20,2026-03-31,pts,19.5,7.252,12.248000000000001,0.01275,0.00750690265941234,0.0,1.0
KXNBAPTS-26MAR31DALMIL-MILMTURNER3-10,2026-03-31,pts,9.5,6.77075,2.7292500000000004,0.25675,0.21165045030179563,1.0,1.0
KXNBAPTS-26MAR31DALMIL-MILMTURNER3-15,2026-03-31,pts,14.5,6.77075,7.72925,0.0655,0.037041345273607695,0.0,1.0
KXNBAPTS-26MAR31DALMIL-MILMTURNER3-20,2026-03-31,pts,19.5,6.77075,12.72925,0.0095,0.004656004785338452,0.0,1.0
KXNBAPTS-26MAR31DALMIL-MILMTURNER3-25,2026-03-31,pts,24.5,6.77075,17.72925,0.0005,0.0004720674206157849,0.0,1.0
KXNBAREB-26MAR31DALMIL-DALCFLAGG32-10,2026-03-31,reb,9.5,4.38775,5.11225,0.024,0.03592776913668594,1.0,1.0
KXNBAREB-26MAR31DALMIL-DALCFLAGG32-12,2026-03-31,reb,11.5,4.38775,7.11225,0.00475,0.009864461794241386,0.0,1.0
KXNBAREB-26MAR31DALMIL-DALCFLAGG32-6,2026-03-31,reb,5.5,4.38775,1.1122500000000004,0.28925,0.29293637070852685,1.0,1.0
KXNBAREB-26MAR31DALMIL-DALCFLAGG32-7,2026-03-31,reb,6.5,4.38775,2.1122500000000004,0.1765,0.18673339590378935,1.0,1.0
KXNBAREB-26MAR31DALMIL-DALCFLAGG32-8,2026-03-31,reb,7.5,4.38775,3.1122500000000004,0.09575,0.11280774976727137,1.0,1.0
KXNBAREB-26MAR31DALMIL-DALDGAFFORD21-10,2026-03-31,reb,9.5,5.40625,4.09375,0.072,0.08820189163916381,0.0,1.0
KXNBAREB-26MAR31DALMIL-DALDGAFFORD21-12,2026-03-31,reb,11.5,5.40625,6.09375,0.01925,0.03152833318963999,0.0,1.0
KXNBAREB-26MAR31DALMIL-DALDGAFFORD21-6,2026-03-31,reb,5.5,5.40625,0.09375,0.44275,0.4389846757966599,0.0,1.0
KXNBAREB-26MAR31DALMIL-DALDGAFFORD21-8,2026-03-31,reb,7.5,5.40625,2.09375,0.20075,0.21463429489334362,0.0,1.0
KXNBAREB-26MAR31DALMIL-DALDGAFFORD21-9,2026-03-31,reb,8.5,5.40625,3.09375,0.12125,0.14028431021579213,0.0,1.0
KXNBAREB-26MAR31DALMIL-DALMCHRISTIE00-10,2026-03-31,reb,9.5,2.2055,7.2945,0.00025,0.0006718638766066709,0.0,1.0
KXNBAREB-26MAR31DALMIL-DALMCHRISTIE00-2,2026-03-31,reb,1.5,2.2055,-0.7054999999999998,0.6255,0.6179895015700434,1.0,1.0
KXNBAREB-26MAR31DALMIL-DALMCHRISTIE00-4,2026-03-31,reb,3.5,2.2055,1.2945000000000002,0.18725,0.1955857741485999,0.0,1.0
KXNBAREB-26MAR31DALMIL-DALMCHRISTIE00-6,2026-03-31,reb,5.5,2.2055,3.2945,0.034,0.03909822687351172,0.0,1.0
KXNBAREB-26MAR31DALMIL-DALMCHRISTIE00-8,2026-03-31,reb,7.5,2.2055,5.2945,0.00175,0.0057262585185010595,0.0,1.0
KXNBAREB-26MAR31DALMIL-MILMTURNER3-2,2026-03-31,reb,1.5,2.94925,-1.4492500000000001,0.767,0.7535058790361904,1.0,1.0
KXNBAREB-26MAR31DALMIL-MILMTURNER3-4,2026-03-31,reb,3.5,2.94925,0.5507499999999999,0.347,0.3415319190611237,1.0,1.0
KXNBAREB-26MAR31DALMIL-MILMTURNER3-5,2026-03-31,reb,4.5,2.94925,1.5507499999999999,0.1845,0.1960749114304814,1.0,1.0
KXNBAREB-26MAR31DALMIL-MILMTURNER3-6,2026-03-31,reb,5.5,2.94925,2.55075,0.08825,0.10342316237512783,1.0,1.0
KXNBAREB-26MAR31DALMIL-MILMTURNER3-8,2026-03-31,reb,7.5,2.94925,4.55075,0.017,0.02345666726608897,1.0,1.0
KXNBAAST-26MAR31DALMIL-DALMCHRISTIE00-10,2026-03-31,ast,9.5,1.28325,8.21675,0.0,1.1027867508062172e-05,0.0,1.0
KXNBAAST-26MAR31DALMIL-DALMCHRISTIE00-2,2026-03-31,ast,1.5,1.28325,0.21675,0.3695,0.3613919111784656,0.0,1.0
KXNBAAST-26MAR31DALMIL-DALMCHRISTIE00-4,2026-03-31,ast,3.5,1.28325,2.21675,0.04475,0.05083844505212842,0.0,1.0
KXNBAAST-26MAR31DALMIL-DALMCHRISTIE00-6,2026-03-31,ast,5.5,1.28325,4.21675,0.0025,0.004165817799872573,0.0,1.0
KXNBAAST-26MAR31DALMIL-DALMCHRISTIE00-8,2026-03-31,ast,7.5,1.28325,6.21675,0.00025,0.0002416978022941052,0.0,1.0
KXNBAAST-26MAR31DALMIL-MILMTURNER3-10,2026-03-31,ast,9.5,0.86575,8.63425,0.0,4.1718497989506886e-07,0.0,1.0
KXNBAAST-26MAR31DALMIL-MILMTURNER3-2,2026-03-31,ast,1.5,0.86575,0.63425,0.221,0.2166591236351666,1.0,1.0
KXNBAAST-26MAR31DALMIL-MILMTURNER3-4,2026-03-31,ast,3.5,0.86575,2.6342499999999998,0.011,0.015750426163747444,0.0,1.0
KXNBAAST-26MAR31DALMIL-MILMTURNER3-6,2026-03-31,ast,5.5,0.86575,4.63425,0.00025,0.0006461171658135312,0.0,1.0
KXNBAAST-26MAR31DALMIL-MILMTURNER3-8,2026-03-31,ast,7.5,0.86575,6.63425,0.0,1.8560459801308937e-05,0.0,1.0
KXNBA3PT-26MAR31DALMIL-DALCFLAGG32-1,2026-03-31,fg3m,0.5,0.6695,-0.16949999999999998,0.4735,0.47363058461536656,0.0,1.0
KXNBA3PT-26MAR31DALMIL-DALCFLAGG32-2,2026-03-31,fg3m,1.5,0.6695,0.8305,0.151,0.14964155671301627,0.0,1.0
KXNBA3PT-26MAR31DALMIL-DALCFLAGG32-3,2026-03-31,fg3m,2.5,0.6695,1.8305,0.038,0.03686922292277972,0.0,1.0
KXNBA3PT-26MAR31DALMIL-DALCFLAGG32-4,2026-03-31,fg3m,3.5,0.6695,2.8305,0.0065,0.007669392830944366,0.0,1.0
KXNBA3PT-26MAR31DALMIL-DALCFLAGG32-5,2026-03-31,fg3m,4.5,0.6695,3.8305,0.0005,0.0014103041397255378,0.0,1.0
KXNBAPTS-26MAR31PHXORL-ORLDBANE3-10,2026-03-31,pts,9.5,14.0315,-4.531499999999999,0.7465,0.7266339176217005,1.0,1.0
KXNBAPTS-26MAR31PHXORL-ORLDBANE3-15,2026-03-31,pts,14.5,14.0315,0.4685000000000006,0.4395,0.41874054142563344,1.0,1.0
KXNBAPTS-26MAR31PHXORL-ORLDBANE3-20,2026-03-31,pts,19.5,14.0315,5.468500000000001,0.1935,0.19299535269744728,1.0,1.0
KXNBAPTS-26MAR31PHXORL-ORLDBANE3-25,2026-03-31,pts,24.5,14.0315,10.4685,0.059,0.07532861339849883,0.0,1.0
KXNBAPTS-26MAR31PHXORL-ORLDBANE3-30,2026-03-31,pts,29.5,14.0315,15.4685,0.0165,0.025961988742434383,0.0,1.0
KXNBAPTS-26MAR31PHXORL-ORLJSUGGS4-10,2026-03-31,pts,9.5,10.4825,-0.9824999999999999,0.52575,0.5201271834838017,1.0,1.0
KXNBAPTS-26MAR31PHXORL-ORLJSUGGS4-15,2026-03-31,pts,14.5,10.4825,4.0175,0.2225,0.20475024906450368,1.0,1.0
KXNBAPTS-26MAR31PHXORL-ORLJSUGGS4-20,2026-03-31,pts,19.5,10.4825,9.0175,0.0665,0.06123523862414271,1.0,1.0
KXNBAPTS-26MAR31PHXORL-ORLJSUGGS4-25,2026-03-31,pts,24.5,10.4825,14.0175,0.01625,0.015138861434469075,0.0,1.0
KXNBAPTS-26MAR31PHXORL-ORLPBANCHERO5-20,2026-03-31,pts,19.5,16.676,2.8240000000000016,0.31375,0.3161431908524662,0.0,1.0
KXNBAPTS-26MAR31PHXORL-ORLPBANCHERO5-25,2026-03-31,pts,24.5,16.676,7.824000000000002,0.125,0.15382565917080981,0.0,1.0
KXNBAPTS-26MAR31PHXORL-ORLPBANCHERO5-30,2026-03-31,pts,29.5,16.676,12.824000000000002,0.04275,0.06673163015382777,0.0,1.0
KXNBAPTS-26MAR31PHXORL-ORLPBANCHERO5-35,2026-03-31,pts,34.5,16.676,17.824,0.011,0.026465663860191224,0.0,1.0
KXNBAPTS-26MAR31PHXORL-ORLWCARTER34-10,2026-03-31,pts,9.5,8.28875,1.2112499999999997,0.35725,0.34304655441495013,1.0,1.0
KXNBAPTS-26MAR31PHXORL-ORLWCARTER34-15,2026-03-31,pts,14.5,8.28875,6.21125,0.107,0.09055581962355552,1.0,1.0
KXNBAPTS-26MAR31PHXORL-ORLWCARTER34-20,2026-03-31,pts,19.5,8.28875,11.21125,0.025,0.017567771858719383,0.0,1.0
KXNBAPTS-26MAR31PHXORL-PHXDBOOKER1-20,2026-03-31,pts,19.5,15.6785,3.8215000000000003,0.26825,0.26892065270699905,1.0,1.0
KXNBAPTS-26MAR31PHXORL-PHXDBOOKER1-25,2026-03-31,pts,24.5,15.6785,8.8215,0.111,0.12144427142946679,1.0,1.0
KXNBAPTS-26MAR31PHXORL-PHXDBOOKER1-30,2026-03-31,pts,29.5,15.6785,13.8215,0.03725,0.04871963789373257,1.0,1.0
KXNBAPTS-26MAR31PHXORL-PHXDBOOKER1-35,2026-03-31,pts,34.5,15.6785,18.8215,0.0095,0.01782965853267915,0.0,1.0
KXNBAPTS-26MAR31PHXORL-PHXDBROOKS3-10,2026-03-31,pts,9.5,11.272638277043564,-1.7726382770435638,0.5682819383259912,0.5751623106422614,0.0,0.51075
KXNBAPTS-26MAR31PHXORL-PHXDBROOKS3-15,2026-03-31,pts,14.5,11.272638277043564,3.227361722956436,0.29172785119921685,0.2519332857015676,0.0,0.51075
KXNBAPTS-26MAR31PHXORL-PHXDBROOKS3-20,2026-03-31,pts,19.5,11.272638277043564,8.227361722956436,0.10425844346549193,0.08483215129241606,0.0,0.51075
KXNBAPTS-26MAR31PHXORL-PHXDBROOKS3-25,2026-03-31,pts,24.5,11.272638277043564,13.227361722956436,0.02887909936368086,0.023740033612276168,0.0,0.51075
KXNBAPTS-26MAR31PHXORL-PHXGALLEN8-10,2026-03-31,pts,9.5,10.44,-0.9399999999999995,0.51925,0.5170190359492033,1.0,1.0
KXNBAPTS-26MAR31PHXORL-PHXGALLEN8-15,2026-03-31,pts,14.5,10.44,4.0600000000000005,0.22575,0.20226775856346912,0.0,1.0
KXNBAPTS-26MAR31PHXORL-PHXGALLEN8-20,2026-03-31,pts,19.5,10.44,9.06,0.07025,0.060080274690873736,0.0,1.0
KXNBAPTS-26MAR31PHXORL-PHXGALLEN8-25,2026-03-31,pts,24.5,10.44,14.06,0.01575,0.014747790337826694,0.0,1.0
KXNBAPTS-26MAR31PHXORL-PHXJGREEN4-15,2026-03-31,pts,14.5,13.30025,1.1997499999999999,0.39325,0.37552980767277633,0.0,1.0
KXNBAPTS-26MAR31PHXORL-PHXJGREEN4-20,2026-03-31,pts,19.5,13.30025,6.19975,0.16725,0.16125067798482118,0.0,1.0
KXNBAPTS-26MAR31PHXORL-PHXJGREEN4-25,2026-03-31,pts,24.5,13.30025,11.19975,0.058,0.05834588845355981,0.0,1.0
KXNBAPTS-26MAR31PHXORL-PHXJGREEN4-30,2026-03-31,pts,29.5,13.30025,16.19975,0.0165,0.018592251415117778,0.0,1.0
KXNBAREB-26MAR31PHXORL-ORLJSUGGS4-10,2026-03-31,reb,9.5,3.098,6.402,0.0035,0.005756713001496161,0.0,1.0
KXNBAREB-26MAR31PHXORL-ORLJSUGGS4-2,2026-03-31,reb,1.5,3.098,-1.5979999999999999,0.79225,0.7743115571318897,1.0,1.0
KXNBAREB-26MAR31PHXORL-ORLJSUGGS4-4,2026-03-31,reb,3.5,3.098,0.40200000000000014,0.36575,0.3707135844335725,1.0,1.0
KXNBAREB-26MAR31PHXORL-ORLJSUGGS4-6,2026-03-31,reb,5.5,3.098,2.402,0.1095,0.11988688758327193,1.0,1.0
KXNBAREB-26MAR31PHXORL-ORLJSUGGS4-8,2026-03-31,reb,7.5,3.098,4.402,0.02325,0.029169056776351843,1.0,1.0
KXNBAREB-26MAR31PHXORL-ORLPBANCHERO5-10,2026-03-31,reb,9.5,6.056,3.444,0.09525,0.13454565450057399,0.0,1.0
KXNBAREB-26MAR31PHXORL-ORLPBANCHERO5-12,2026-03-31,reb,11.5,6.056,5.444,0.02725,0.054929048936863456,0.0,1.0
KXNBAREB-26MAR31PHXORL-ORLPBANCHERO5-4,2026-03-31,reb,3.5,6.056,-2.556,0.84125,0.7868483222019415,1.0,1.0
KXNBAREB-26MAR31PHXORL-ORLPBANCHERO5-6,2026-03-31,reb,5.5,6.056,-0.556,0.55025,0.524983499022694,1.0,1.0
KXNBAREB-26MAR31PHXORL-ORLPBANCHERO5-8,2026-03-31,reb,7.5,6.056,1.444,0.268,0.28838208626270767,1.0,1.0
KXNBAREB-26MAR31PHXORL-ORLWCARTER34-10,2026-03-31,reb,9.5,5.6015,3.8985000000000003,0.0795,0.10115718510853144,1.0,1.0
KXNBAREB-26MAR31PHXORL-ORLWCARTER34-12,2026-03-31,reb,11.5,5.6015,5.8985,0.0225,0.037724498671587114,1.0,1.0
KXNBAREB-26MAR31PHXORL-ORLWCARTER34-4,2026-03-31,reb,3.5,5.6015,-2.1014999999999997,0.791,0.7452178672666773,1.0,1.0
KXNBAREB-26MAR31PHXORL-ORLWCARTER34-6,2026-03-31,reb,5.5,5.6015,-0.1014999999999997,0.47175,0.4656545919949525,1.0,1.0
KXNBAREB-26MAR31PHXORL-ORLWCARTER34-8,2026-03-31,reb,7.5,5.6015,1.8985000000000003,0.2205,0.2363655304282849,1.0,1.0
KXNBAREB-26MAR31PHXORL-PHXDBROOKS3-10,2026-03-31,reb,9.5,2.6740088105726874,6.825991189427313,0.0024473813020068525,0.0023640947303114057,0.0,0.51075
KXNBAREB-26MAR31PHXORL-PHXDBROOKS3-2,2026-03-31,reb,1.5,2.6740088105726874,-1.1740088105726874,0.7023984336759667,0.7098779000544169,1.0,0.51075
KXNBAREB-26MAR31PHXORL-PHXDBROOKS3-4,2026-03-31,reb,3.5,2.6740088105726874,0.8259911894273126,0.2907488986784141,0.2869544205790915,1.0,0.51075
KXNBAREB-26MAR31PHXORL-PHXDBROOKS3-6,2026-03-31,reb,5.5,2.6740088105726874,2.8259911894273126,0.07537934410181106,0.07591911479356817,0.0,0.51075
KXNBAREB-26MAR31PHXORL-PHXDBROOKS3-8,2026-03-31,reb,7.5,2.6740088105726874,4.825991189427313,0.013705335291238374,0.014919898007788035,0.0,0.51075
KXNBAREB-26MAR31PHXORL-PHXJGREEN4-2,2026-03-31,reb,1.5,3.538,-2.038,0.8455,0.8260629721260624,0.0,1.0
KXNBAREB-26MAR31PHXORL-PHXJGREEN4-4,2026-03-31,reb,3.5,3.538,-0.03799999999999981,0.45725,0.45405509424163704,0.0,1.0
KXNBAREB-26MAR31PHXORL-PHXJGREEN4-5,2026-03-31,reb,4.5,3.538,0.9620000000000002,0.2875,0.2923200676394726,0.0,1.0
KXNBAREB-26MAR31PHXORL-PHXJGREEN4-6,2026-03-31,reb,5.5,3.538,1.9620000000000002,0.16225,0.17402883861661578,0.0,1.0
KXNBAREB-26MAR31PHXORL-PHXJGREEN4-8,2026-03-31,reb,7.5,3.538,3.962,0.0405,0.05086187474639392,0.0,1.0
KXNBAAST-26MAR31PHXORL-ORLJSUGGS4-10,2026-03-31,ast,9.5,3.64675,5.85325,0.00475,0.013701269492638501,0.0,1.0
KXNBAAST-26MAR31PHXORL-ORLJSUGGS4-2,2026-03-31,ast,1.5,3.64675,-2.14675,0.86575,0.8388732662435029,1.0,1.0
KXNBAAST-26MAR31PHXORL-ORLJSUGGS4-4,2026-03-31,ast,3.5,3.64675,-0.14674999999999994,0.4865,0.4746700570830156,1.0,1.0
KXNBAAST-26MAR31PHXORL-ORLJSUGGS4-6,2026-03-31,ast,5.5,3.64675,1.85325,0.1755,0.18740680735365745,1.0,1.0
KXNBAAST-26MAR31PHXORL-ORLJSUGGS4-8,2026-03-31,ast,7.5,3.64675,3.85325,0.039,0.05620920044658717,0.0,1.0
KXNBAAST-26MAR31PHXORL-ORLPBANCHERO5-10,2026-03-31,ast,9.5,3.64175,5.85825,0.0085,0.013600819332631908,0.0,1.0
KXNBAAST-26MAR31PHXORL-ORLPBANCHERO5-2,2026-03-31,ast,1.5,3.64175,-2.14175,0.87125,0.8383915892716565,1.0,1.0
KXNBAAST-26MAR31PHXORL-ORLPBANCHERO5-4,2026-03-31,ast,3.5,3.64175,-0.14175000000000004,0.489,0.4737679256790964,1.0,1.0
KXNBAAST-26MAR31PHXORL-ORLPBANCHERO5-6,2026-03-31,ast,5.5,3.64175,1.85825,0.17,0.18673515950532138,1.0,1.0
KXNBAAST-26MAR31PHXORL-ORLPBANCHERO5-8,2026-03-31,ast,7.5,3.64175,3.85825,0.03425,0.05590446912006408,1.0,1.0
KXNBAAST-26MAR31PHXORL-PHXDBOOKER1-10,2026-03-31,ast,9.5,3.862,5.638,0.00675,0.018531204994513106,0.0,1.0
KXNBAAST-26MAR31PHXORL-PHXDBOOKER1-2,2026-03-31,ast,1.5,3.862,-2.362,0.89075,0.8582714500995732,1.0,1.0
KXNBAAST-26MAR31PHXORL-PHXDBOOKER1-4,2026-03-31,ast,3.5,3.862,-0.3620000000000001,0.53275,0.5126128689539167,1.0,1.0
KXNBAAST-26MAR31PHXORL-PHXDBOOKER1-6,2026-03-31,ast,5.5,3.862,1.638,0.201,0.2169268670068737,1.0,1.0
KXNBAAST-26MAR31PHXORL-PHXDBOOKER1-8,2026-03-31,ast,7.5,3.862,3.638,0.04925,0.07021377158179876,0.0,1.0
KXNBAAST-26MAR31PHXORL-PHXJGREEN4-10,2026-03-31,ast,9.5,2.24975,7.250249999999999,0.0,0.0007179897515272593,0.0,1.0
KXNBAAST-26MAR31PHXORL-PHXJGREEN4-2,2026-03-31,ast,1.5,2.24975,-0.7497500000000001,0.64325,0.6290974376470866,1.0,1.0
KXNBAAST-26MAR31PHXORL-PHXJGREEN4-4,2026-03-31,ast,3.5,2.24975,1.2502499999999999,0.201,0.20341000201417314,0.0,1.0
KXNBAAST-26MAR31PHXORL-PHXJGREEN4-6,2026-03-31,ast,5.5,2.24975,3.25025,0.03075,0.04129772502965945,0.0,1.0
KXNBAAST-26MAR31PHXORL-PHXJGREEN4-8,2026-03-31,ast,7.5,2.24975,5.250249999999999,0.00325,0.006101907497231496,0.0,1.0
KXNBA3PT-26MAR31PHXORL-ORLDBANE3-1,2026-03-31,fg3m,0.5,1.47075,-0.97075,0.76875,0.7394563620873286,1.0,1.0
KXNBA3PT-26MAR31PHXORL-ORLDBANE3-2,2026-03-31,fg3m,1.5,1.47075,0.029249999999999998,0.42625,0.4181645397720605,1.0,1.0
KXNBA3PT-26MAR31PHXORL-ORLDBANE3-3,2026-03-31,fg3m,2.5,1.47075,1.02925,0.18575,0.19411117002109501,0.0,1.0
KXNBA3PT-26MAR31PHXORL-ORLDBANE3-4,2026-03-31,fg3m,3.5,1.47075,2.02925,0.0645,0.07788370138112866,0.0,1.0
KXNBA3PT-26MAR31PHXORL-ORLDBANE3-5,2026-03-31,fg3m,4.5,1.47075,3.02925,0.01975,0.027970077358562717,0.0,1.0
KXNBA3PT-26MAR31PHXORL-ORLJSUGGS4-1,2026-03-31,fg3m,0.5,1.5455,-1.0455,0.77325,0.7552220044984923,1.0,1.0
KXNBA3PT-26MAR31PHXORL-ORLJSUGGS4-2,2026-03-31,fg3m,1.5,1.5455,-0.045500000000000096,0.449,0.4406134231375409,1.0,1.0
KXNBA3PT-26MAR31PHXORL-ORLJSUGGS4-3,2026-03-31,fg3m,2.5,1.5455,0.9544999999999999,0.206,0.21194754464091692,0.0,1.0
KXNBA3PT-26MAR31PHXORL-ORLJSUGGS4-4,2026-03-31,fg3m,3.5,1.5455,1.9545,0.0805,0.08831362031013479,0.0,1.0
KXNBA3PT-26MAR31PHXORL-ORLJSUGGS4-5,2026-03-31,fg3m,4.5,1.5455,2.9545,0.0275,0.0329751729216049,0.0,1.0
KXNBA3PT-26MAR31PHXORL-ORLPBANCHERO5-1,2026-03-31,fg3m,0.5,1.03925,-0.53925,0.64325,0.622557327798568,1.0,1.0
KXNBA3PT-26MAR31PHXORL-ORLPBANCHERO5-2,2026-03-31,fg3m,1.5,1.03925,0.46075,0.27225,0.27730349209951144,0.0,1.0
KXNBA3PT-26MAR31PHXORL-ORLPBANCHERO5-3,2026-03-31,fg3m,2.5,1.03925,1.46075,0.094,0.0987128760357473,0.0,1.0
KXNBA3PT-26MAR31PHXORL-ORLPBANCHERO5-4,2026-03-31,fg3m,3.5,1.03925,2.46075,0.02225,0.02999270218030925,0.0,1.0
KXNBA3PT-26MAR31PHXORL-ORLPBANCHERO5-5,2026-03-31,fg3m,4.5,1.03925,3.46075,0.00625,0.00810183889977778,0.0,1.0
KXNBA3PT-26MAR31PHXORL-PHXDBOOKER1-1,2026-03-31,fg3m,0.5,1.26575,-0.7657499999999999,0.7015,0.6899856629344896,1.0,1.0
KXNBA3PT-26MAR31PHXORL-PHXDBOOKER1-2,2026-03-31,fg3m,1.5,1.26575,0.23425000000000007,0.36075,0.35339603578737133,1.0,1.0
KXNBA3PT-26MAR31PHXORL-PHXDBOOKER1-3,2026-03-31,fg3m,2.5,1.26575,1.23425,0.14175,0.14673800520013236,0.0,1.0
KXNBA3PT-26MAR31PHXORL-PHXDBOOKER1-4,2026-03-31,fg3m,3.5,1.26575,2.2342500000000003,0.0465,0.05235162396330406,0.0,1.0
KXNBA3PT-26MAR31PHXORL-PHXDBOOKER1-5,2026-03-31,fg3m,4.5,1.26575,3.2342500000000003,0.012,0.016663854087561103,0.0,1.0
